record_type,key,i,j,k,l,value,value2,value3,text
META,instance_id,,,,,,,,"""sensitivity_L_18_08_10_160_D1_rho095_loose_000_rm1.5_wsd060_rcd050"""
META,scale,,,,,,,,"""L"""
META,scenario,,,,,,,,"""D1"""
META,generation_seed,,,,,,,,3194321682
META,target_load_ratio,,,,,,,,0.95
META,due_tightness,,,,,,,,"""loose"""
META,worker_skill_density,,,,,,,,0.6
META,robot_capability_density,,,,,,,,0.5
META,relocation_multiplier,,,,,,,,1.5
META,num_stages,,,,,,,,8
META,generation_meta,,,,,,,,"{""paper_vs_implementation"":{""paper_specified"":[""scale ranges"",""70-100% route coverage"",""processing/efficiency/synergy distributions"",""skill/capability density choices"",""D1-D5 qualitative scenario definitions"",""load-ratio choices"",""weight distribution"",""due-date-factor ranges"",""relocation-time ranges"",""load-balance initial configuration with random perturbation""],""implementation_choices"":{""arrival_rate_calibration"":""work_content_over_effective_parallel_servers"",""same_stage_cells_are_adjacent"":true,""initial_configuration_perturbation_rate"":0.15,""scenario_timing_basis"":""order_index_fraction"",""base_product_mix"":""uniform""}},""base_arrival_rate_orders_per_minute"":0.2846832539827058,""effective_parallel_servers_for_load_calibration"":18,""mean_minimum_route_work_minutes"":60.066757565721815,""actual_hr_compatibility_rate_parameter"":0.8110968552785714,""actual_worker_skill_density"":0.5729166666666666,""actual_robot_capability_density"":0.55,""instance_parameter_table"":{""scale"":""L"",""M"":18,""S"":8,""R"":10,""J"":160,""H"":12,""V"":8,""parameter_case_id"":""L_18_08_10_160""},""parameter_case_id"":""L_18_08_10_160"",""dimensions"":{""S"":8,""M"":18,""J"":160,""H"":12,""R"":10,""V"":8},""scenario_parameters"":{""timing_basis"":""order_index_fraction"",""base_product_mix"":""uniform"",""d2_sampled_burst_multiplier"":null,""d2_burst_window"":[0.4,0.7],""d3_mix_switch_ratio"":0.5,""d3_dominant_product_sequence"":[0,1],""d4_change_ratios"":[0.33,0.67],""d4_arrival_rate_multipliers"":[1.0,1.75,1.25],""d4_dominant_product_sequence"":[0,1,2],""d5_urgent_index_window"":[72,88],""d5_urgent_arrival_rate_multiplier"":3.0,""d5_urgent_dominant_product"":1,""dominant_product_share"":0.7},""route_stage_coverage"":[0.7,1.0],""min_multi_cell_stage_ratio"":0.3}"
CELL,,0,0,,,,,,
CELL,,1,0,,,,,,
CELL,,2,1,,,,,,
CELL,,3,2,,,,,,
CELL,,4,2,,,,,,
CELL,,5,2,,,,,,
CELL,,6,3,,,,,,
CELL,,7,4,,,,,,
CELL,,8,4,,,,,,
CELL,,9,4,,,,,,
CELL,,10,5,,,,,,
CELL,,11,5,,,,,,
CELL,,12,5,,,,,,
CELL,,13,6,,,,,,
CELL,,14,6,,,,,,
CELL,,15,7,,,,,,
CELL,,16,7,,,,,,
CELL,,17,7,,,,,,
ROUTE,,0,0,0,,,,,
ROUTE,,0,1,1,,,,,
ROUTE,,0,2,2,,,,,
ROUTE,,0,3,3,,,,,
ROUTE,,0,4,4,,,,,
ROUTE,,0,5,5,,,,,
ROUTE,,0,6,6,,,,,
ROUTE,,0,7,7,,,,,
ROUTE,,1,0,1,,,,,
ROUTE,,1,1,2,,,,,
ROUTE,,1,2,3,,,,,
ROUTE,,1,3,4,,,,,
ROUTE,,1,4,5,,,,,
ROUTE,,1,5,6,,,,,
ROUTE,,1,6,7,,,,,
ROUTE,,2,0,0,,,,,
ROUTE,,2,1,1,,,,,
ROUTE,,2,2,3,,,,,
ROUTE,,2,3,4,,,,,
ROUTE,,2,4,5,,,,,
ROUTE,,2,5,6,,,,,
ROUTE,,2,6,7,,,,,
ROUTE,,3,0,0,,,,,
ROUTE,,3,1,1,,,,,
ROUTE,,3,2,2,,,,,
ROUTE,,3,3,4,,,,,
ROUTE,,3,4,5,,,,,
ROUTE,,3,5,6,,,,,
ROUTE,,3,6,7,,,,,
ROUTE,,4,0,0,,,,,
ROUTE,,4,1,1,,,,,
ROUTE,,4,2,2,,,,,
ROUTE,,4,3,3,,,,,
ROUTE,,4,4,4,,,,,
ROUTE,,4,5,5,,,,,
ROUTE,,4,6,6,,,,,
ROUTE,,4,7,7,,,,,
ROUTE,,5,0,0,,,,,
ROUTE,,5,1,1,,,,,
ROUTE,,5,2,3,,,,,
ROUTE,,5,3,5,,,,,
ROUTE,,5,4,6,,,,,
ROUTE,,5,5,7,,,,,
ROUTE,,6,0,0,,,,,
ROUTE,,6,1,1,,,,,
ROUTE,,6,2,2,,,,,
ROUTE,,6,3,5,,,,,
ROUTE,,6,4,6,,,,,
ROUTE,,6,5,7,,,,,
ROUTE,,7,0,0,,,,,
ROUTE,,7,1,1,,,,,
ROUTE,,7,2,2,,,,,
ROUTE,,7,3,3,,,,,
ROUTE,,7,4,4,,,,,
ROUTE,,7,5,7,,,,,
BASE_PROCESS,,0,0,,,18.555148888957426,,,
BASE_PROCESS,,0,1,,,12.273946189434112,,,
BASE_PROCESS,,0,2,,,10.656612865065805,,,
BASE_PROCESS,,0,3,,,20.03391373473407,,,
BASE_PROCESS,,0,4,,,22.76434918758087,,,
BASE_PROCESS,,0,5,,,12.127298005115186,,,
BASE_PROCESS,,0,6,,,24.712294460779027,,,
BASE_PROCESS,,0,7,,,15.767106541872023,,,
BASE_PROCESS,,1,0,,,13.654921058179202,,,
BASE_PROCESS,,1,1,,,14.118800316828839,,,
BASE_PROCESS,,1,2,,,10.685987641970492,,,
BASE_PROCESS,,1,3,,,11.38257639543816,,,
BASE_PROCESS,,1,4,,,9.377863606346976,,,
BASE_PROCESS,,1,5,,,17.263044469602598,,,
BASE_PROCESS,,1,6,,,24.33490904833642,,,
BASE_PROCESS,,1,7,,,20.30417396517076,,,
BASE_PROCESS,,2,0,,,20.862597082673854,,,
BASE_PROCESS,,2,1,,,15.411523407217459,,,
BASE_PROCESS,,2,2,,,20.53607408536083,,,
BASE_PROCESS,,2,3,,,15.219595008993267,,,
BASE_PROCESS,,2,4,,,9.99569548606161,,,
BASE_PROCESS,,2,5,,,9.5854901853079,,,
BASE_PROCESS,,2,6,,,12.453296209185265,,,
BASE_PROCESS,,2,7,,,21.77795425658702,,,
BASE_PROCESS,,3,0,,,16.17124401417577,,,
BASE_PROCESS,,3,1,,,16.130954526770807,,,
BASE_PROCESS,,3,2,,,10.247746797261538,,,
BASE_PROCESS,,3,3,,,17.43436233778848,,,
BASE_PROCESS,,3,4,,,9.21592315378983,,,
BASE_PROCESS,,3,5,,,22.613464914797042,,,
BASE_PROCESS,,3,6,,,8.98772586446003,,,
BASE_PROCESS,,3,7,,,14.670814206950276,,,
BASE_PROCESS,,4,0,,,12.871794392242233,,,
BASE_PROCESS,,4,1,,,9.02421572738942,,,
BASE_PROCESS,,4,2,,,9.603594674606205,,,
BASE_PROCESS,,4,3,,,20.530227937174494,,,
BASE_PROCESS,,4,4,,,24.90384227835764,,,
BASE_PROCESS,,4,5,,,21.196570638816052,,,
BASE_PROCESS,,4,6,,,9.673964183639296,,,
BASE_PROCESS,,4,7,,,11.243564663656764,,,
BASE_PROCESS,,5,0,,,13.702966452736472,,,
BASE_PROCESS,,5,1,,,10.85741008016318,,,
BASE_PROCESS,,5,2,,,23.015458146767237,,,
BASE_PROCESS,,5,3,,,19.500324984493,,,
BASE_PROCESS,,5,4,,,18.429385139334382,,,
BASE_PROCESS,,5,5,,,15.818115544372906,,,
BASE_PROCESS,,5,6,,,15.341416931920346,,,
BASE_PROCESS,,5,7,,,20.41732580898741,,,
BASE_PROCESS,,6,0,,,21.456157874560624,,,
BASE_PROCESS,,6,1,,,14.705873265169965,,,
BASE_PROCESS,,6,2,,,16.516536131123534,,,
BASE_PROCESS,,6,3,,,18.371186848843735,,,
BASE_PROCESS,,6,4,,,17.256280671252433,,,
BASE_PROCESS,,6,5,,,21.451983745224716,,,
BASE_PROCESS,,6,6,,,11.316140867032935,,,
BASE_PROCESS,,6,7,,,19.051537407985915,,,
BASE_PROCESS,,7,0,,,20.45934042855629,,,
BASE_PROCESS,,7,1,,,15.918320155985212,,,
BASE_PROCESS,,7,2,,,17.62997842679145,,,
BASE_PROCESS,,7,3,,,9.211331693040345,,,
BASE_PROCESS,,7,4,,,19.699355762262655,,,
BASE_PROCESS,,7,5,,,23.55781374885641,,,
BASE_PROCESS,,7,6,,,8.822525899768454,,,
BASE_PROCESS,,7,7,,,8.507362981854282,,,
WORKER_SKILL,,0,0,,,0,,,
WORKER_SKILL,,0,1,,,1,,,
WORKER_SKILL,,0,2,,,0,,,
WORKER_SKILL,,0,3,,,1,,,
WORKER_SKILL,,0,4,,,0,,,
WORKER_SKILL,,0,5,,,1,,,
WORKER_SKILL,,0,6,,,0,,,
WORKER_SKILL,,0,7,,,0,,,
WORKER_SKILL,,1,0,,,1,,,
WORKER_SKILL,,1,1,,,1,,,
WORKER_SKILL,,1,2,,,1,,,
WORKER_SKILL,,1,3,,,0,,,
WORKER_SKILL,,1,4,,,1,,,
WORKER_SKILL,,1,5,,,0,,,
WORKER_SKILL,,1,6,,,0,,,
WORKER_SKILL,,1,7,,,1,,,
WORKER_SKILL,,2,0,,,1,,,
WORKER_SKILL,,2,1,,,0,,,
WORKER_SKILL,,2,2,,,0,,,
WORKER_SKILL,,2,3,,,1,,,
WORKER_SKILL,,2,4,,,1,,,
WORKER_SKILL,,2,5,,,1,,,
WORKER_SKILL,,2,6,,,1,,,
WORKER_SKILL,,2,7,,,0,,,
WORKER_SKILL,,3,0,,,1,,,
WORKER_SKILL,,3,1,,,0,,,
WORKER_SKILL,,3,2,,,1,,,
WORKER_SKILL,,3,3,,,1,,,
WORKER_SKILL,,3,4,,,0,,,
WORKER_SKILL,,3,5,,,1,,,
WORKER_SKILL,,3,6,,,0,,,
WORKER_SKILL,,3,7,,,1,,,
WORKER_SKILL,,4,0,,,1,,,
WORKER_SKILL,,4,1,,,1,,,
WORKER_SKILL,,4,2,,,1,,,
WORKER_SKILL,,4,3,,,1,,,
WORKER_SKILL,,4,4,,,1,,,
WORKER_SKILL,,4,5,,,1,,,
WORKER_SKILL,,4,6,,,0,,,
WORKER_SKILL,,4,7,,,1,,,
WORKER_SKILL,,5,0,,,1,,,
WORKER_SKILL,,5,1,,,0,,,
WORKER_SKILL,,5,2,,,0,,,
WORKER_SKILL,,5,3,,,0,,,
WORKER_SKILL,,5,4,,,1,,,
WORKER_SKILL,,5,5,,,1,,,
WORKER_SKILL,,5,6,,,1,,,
WORKER_SKILL,,5,7,,,0,,,
WORKER_SKILL,,6,0,,,1,,,
WORKER_SKILL,,6,1,,,0,,,
WORKER_SKILL,,6,2,,,1,,,
WORKER_SKILL,,6,3,,,1,,,
WORKER_SKILL,,6,4,,,0,,,
WORKER_SKILL,,6,5,,,0,,,
WORKER_SKILL,,6,6,,,0,,,
WORKER_SKILL,,6,7,,,1,,,
WORKER_SKILL,,7,0,,,0,,,
WORKER_SKILL,,7,1,,,0,,,
WORKER_SKILL,,7,2,,,0,,,
WORKER_SKILL,,7,3,,,1,,,
WORKER_SKILL,,7,4,,,1,,,
WORKER_SKILL,,7,5,,,0,,,
WORKER_SKILL,,7,6,,,0,,,
WORKER_SKILL,,7,7,,,1,,,
WORKER_SKILL,,8,0,,,0,,,
WORKER_SKILL,,8,1,,,1,,,
WORKER_SKILL,,8,2,,,0,,,
WORKER_SKILL,,8,3,,,0,,,
WORKER_SKILL,,8,4,,,1,,,
WORKER_SKILL,,8,5,,,0,,,
WORKER_SKILL,,8,6,,,1,,,
WORKER_SKILL,,8,7,,,1,,,
WORKER_SKILL,,9,0,,,0,,,
WORKER_SKILL,,9,1,,,1,,,
WORKER_SKILL,,9,2,,,1,,,
WORKER_SKILL,,9,3,,,0,,,
WORKER_SKILL,,9,4,,,1,,,
WORKER_SKILL,,9,5,,,0,,,
WORKER_SKILL,,9,6,,,1,,,
WORKER_SKILL,,9,7,,,1,,,
WORKER_SKILL,,10,0,,,1,,,
WORKER_SKILL,,10,1,,,1,,,
WORKER_SKILL,,10,2,,,0,,,
WORKER_SKILL,,10,3,,,0,,,
WORKER_SKILL,,10,4,,,1,,,
WORKER_SKILL,,10,5,,,1,,,
WORKER_SKILL,,10,6,,,1,,,
WORKER_SKILL,,10,7,,,1,,,
WORKER_SKILL,,11,0,,,1,,,
WORKER_SKILL,,11,1,,,0,,,
WORKER_SKILL,,11,2,,,1,,,
WORKER_SKILL,,11,3,,,0,,,
WORKER_SKILL,,11,4,,,1,,,
WORKER_SKILL,,11,5,,,0,,,
WORKER_SKILL,,11,6,,,0,,,
WORKER_SKILL,,11,7,,,1,,,
WORKER_EFF,,0,0,,,1.0529164784294018,,,
WORKER_EFF,,0,1,,,0.8306009475781176,,,
WORKER_EFF,,0,2,,,0.9029195603720487,,,
WORKER_EFF,,0,3,,,0.8486473658451695,,,
WORKER_EFF,,0,4,,,1.1417944399655442,,,
WORKER_EFF,,0,5,,,1.019236022311036,,,
WORKER_EFF,,0,6,,,1.072109564264787,,,
WORKER_EFF,,0,7,,,1.1119778827241333,,,
WORKER_EFF,,1,0,,,0.9773171151859593,,,
WORKER_EFF,,1,1,,,1.1530620472460498,,,
WORKER_EFF,,1,2,,,1.0090988525522406,,,
WORKER_EFF,,1,3,,,1.1979408588108718,,,
WORKER_EFF,,1,4,,,0.9123284626904352,,,
WORKER_EFF,,1,5,,,1.099016067686255,,,
WORKER_EFF,,1,6,,,1.0509759611711373,,,
WORKER_EFF,,1,7,,,1.0043373855660336,,,
WORKER_EFF,,2,0,,,0.8164178607380086,,,
WORKER_EFF,,2,1,,,0.8884393983828442,,,
WORKER_EFF,,2,2,,,0.8084868256839526,,,
WORKER_EFF,,2,3,,,1.1930919259474217,,,
WORKER_EFF,,2,4,,,0.9844115439508528,,,
WORKER_EFF,,2,5,,,0.947589901643146,,,
WORKER_EFF,,2,6,,,0.8448487855465108,,,
WORKER_EFF,,2,7,,,1.1255632644206206,,,
WORKER_EFF,,3,0,,,0.8479086649685406,,,
WORKER_EFF,,3,1,,,0.9659128647130453,,,
WORKER_EFF,,3,2,,,1.183643709280916,,,
WORKER_EFF,,3,3,,,1.1092159791941416,,,
WORKER_EFF,,3,4,,,0.8941918346651087,,,
WORKER_EFF,,3,5,,,0.9257379757077191,,,
WORKER_EFF,,3,6,,,1.0102217430475586,,,
WORKER_EFF,,3,7,,,1.1444145411108542,,,
WORKER_EFF,,4,0,,,1.121855487536062,,,
WORKER_EFF,,4,1,,,1.185364562045467,,,
WORKER_EFF,,4,2,,,1.117891913899874,,,
WORKER_EFF,,4,3,,,0.942391129328144,,,
WORKER_EFF,,4,4,,,0.9186900482273193,,,
WORKER_EFF,,4,5,,,1.0194238065764554,,,
WORKER_EFF,,4,6,,,0.9676687969962882,,,
WORKER_EFF,,4,7,,,1.1288869616193646,,,
WORKER_EFF,,5,0,,,1.0336957021161293,,,
WORKER_EFF,,5,1,,,1.170849276117238,,,
WORKER_EFF,,5,2,,,1.1456302272165624,,,
WORKER_EFF,,5,3,,,0.861250091608012,,,
WORKER_EFF,,5,4,,,0.9267823031241786,,,
WORKER_EFF,,5,5,,,0.9927474938988081,,,
WORKER_EFF,,5,6,,,0.9682509717390765,,,
WORKER_EFF,,5,7,,,1.16098988306286,,,
WORKER_EFF,,6,0,,,0.9669526033621454,,,
WORKER_EFF,,6,1,,,1.1661931041542932,,,
WORKER_EFF,,6,2,,,1.0531417493510293,,,
WORKER_EFF,,6,3,,,1.132845759899615,,,
WORKER_EFF,,6,4,,,1.107056980176504,,,
WORKER_EFF,,6,5,,,0.9982523873167031,,,
WORKER_EFF,,6,6,,,1.1497853656349148,,,
WORKER_EFF,,6,7,,,0.9799478166701335,,,
WORKER_EFF,,7,0,,,0.8157643229228588,,,
WORKER_EFF,,7,1,,,1.0479090788506866,,,
WORKER_EFF,,7,2,,,0.9172534941707859,,,
WORKER_EFF,,7,3,,,1.1349264221855149,,,
WORKER_EFF,,7,4,,,1.0113083469081916,,,
WORKER_EFF,,7,5,,,1.1347722279869168,,,
WORKER_EFF,,7,6,,,0.939720300962448,,,
WORKER_EFF,,7,7,,,1.0048081200346288,,,
WORKER_EFF,,8,0,,,0.8535905399499162,,,
WORKER_EFF,,8,1,,,1.1326178532842694,,,
WORKER_EFF,,8,2,,,1.1453873873534763,,,
WORKER_EFF,,8,3,,,1.0840693656983817,,,
WORKER_EFF,,8,4,,,0.8586371540551723,,,
WORKER_EFF,,8,5,,,0.8920743434977753,,,
WORKER_EFF,,8,6,,,0.8518820694713113,,,
WORKER_EFF,,8,7,,,1.0380783604286563,,,
WORKER_EFF,,9,0,,,1.0690579241086442,,,
WORKER_EFF,,9,1,,,1.0313181513409413,,,
WORKER_EFF,,9,2,,,1.004407167842558,,,
WORKER_EFF,,9,3,,,1.0677594537590864,,,
WORKER_EFF,,9,4,,,0.8880288761102023,,,
WORKER_EFF,,9,5,,,0.9322863922987368,,,
WORKER_EFF,,9,6,,,0.8445882708896731,,,
WORKER_EFF,,9,7,,,0.9308632799108891,,,
WORKER_EFF,,10,0,,,0.8514962067913088,,,
WORKER_EFF,,10,1,,,1.0372243492271385,,,
WORKER_EFF,,10,2,,,1.141686827206776,,,
WORKER_EFF,,10,3,,,1.169467801784643,,,
WORKER_EFF,,10,4,,,0.8996007103963208,,,
WORKER_EFF,,10,5,,,1.0564541445124425,,,
WORKER_EFF,,10,6,,,0.8112683702905003,,,
WORKER_EFF,,10,7,,,1.0946099430491278,,,
WORKER_EFF,,11,0,,,1.1103932751678767,,,
WORKER_EFF,,11,1,,,0.9726861520768395,,,
WORKER_EFF,,11,2,,,0.9254205006481597,,,
WORKER_EFF,,11,3,,,1.0031414423377014,,,
WORKER_EFF,,11,4,,,1.016627397665671,,,
WORKER_EFF,,11,5,,,0.9466960066893356,,,
WORKER_EFF,,11,6,,,0.8438453233064468,,,
WORKER_EFF,,11,7,,,1.1578795658948693,,,
ROBOT_CAP,,0,0,,,1,,,
ROBOT_CAP,,0,1,,,1,,,
ROBOT_CAP,,0,2,,,0,,,
ROBOT_CAP,,0,3,,,1,,,
ROBOT_CAP,,0,4,,,0,,,
ROBOT_CAP,,0,5,,,1,,,
ROBOT_CAP,,0,6,,,1,,,
ROBOT_CAP,,0,7,,,1,,,
ROBOT_CAP,,1,0,,,0,,,
ROBOT_CAP,,1,1,,,1,,,
ROBOT_CAP,,1,2,,,1,,,
ROBOT_CAP,,1,3,,,1,,,
ROBOT_CAP,,1,4,,,1,,,
ROBOT_CAP,,1,5,,,1,,,
ROBOT_CAP,,1,6,,,1,,,
ROBOT_CAP,,1,7,,,1,,,
ROBOT_CAP,,2,0,,,1,,,
ROBOT_CAP,,2,1,,,0,,,
ROBOT_CAP,,2,2,,,0,,,
ROBOT_CAP,,2,3,,,0,,,
ROBOT_CAP,,2,4,,,1,,,
ROBOT_CAP,,2,5,,,1,,,
ROBOT_CAP,,2,6,,,1,,,
ROBOT_CAP,,2,7,,,1,,,
ROBOT_CAP,,3,0,,,0,,,
ROBOT_CAP,,3,1,,,0,,,
ROBOT_CAP,,3,2,,,1,,,
ROBOT_CAP,,3,3,,,1,,,
ROBOT_CAP,,3,4,,,0,,,
ROBOT_CAP,,3,5,,,0,,,
ROBOT_CAP,,3,6,,,0,,,
ROBOT_CAP,,3,7,,,1,,,
ROBOT_CAP,,4,0,,,1,,,
ROBOT_CAP,,4,1,,,0,,,
ROBOT_CAP,,4,2,,,1,,,
ROBOT_CAP,,4,3,,,1,,,
ROBOT_CAP,,4,4,,,1,,,
ROBOT_CAP,,4,5,,,1,,,
ROBOT_CAP,,4,6,,,0,,,
ROBOT_CAP,,4,7,,,0,,,
ROBOT_CAP,,5,0,,,1,,,
ROBOT_CAP,,5,1,,,0,,,
ROBOT_CAP,,5,2,,,0,,,
ROBOT_CAP,,5,3,,,0,,,
ROBOT_CAP,,5,4,,,1,,,
ROBOT_CAP,,5,5,,,1,,,
ROBOT_CAP,,5,6,,,0,,,
ROBOT_CAP,,5,7,,,0,,,
ROBOT_CAP,,6,0,,,0,,,
ROBOT_CAP,,6,1,,,1,,,
ROBOT_CAP,,6,2,,,1,,,
ROBOT_CAP,,6,3,,,1,,,
ROBOT_CAP,,6,4,,,1,,,
ROBOT_CAP,,6,5,,,1,,,
ROBOT_CAP,,6,6,,,1,,,
ROBOT_CAP,,6,7,,,0,,,
ROBOT_CAP,,7,0,,,0,,,
ROBOT_CAP,,7,1,,,1,,,
ROBOT_CAP,,7,2,,,0,,,
ROBOT_CAP,,7,3,,,0,,,
ROBOT_CAP,,7,4,,,0,,,
ROBOT_CAP,,7,5,,,1,,,
ROBOT_CAP,,7,6,,,0,,,
ROBOT_CAP,,7,7,,,0,,,
ROBOT_CAP,,8,0,,,0,,,
ROBOT_CAP,,8,1,,,0,,,
ROBOT_CAP,,8,2,,,0,,,
ROBOT_CAP,,8,3,,,1,,,
ROBOT_CAP,,8,4,,,1,,,
ROBOT_CAP,,8,5,,,0,,,
ROBOT_CAP,,8,6,,,1,,,
ROBOT_CAP,,8,7,,,0,,,
ROBOT_CAP,,9,0,,,1,,,
ROBOT_CAP,,9,1,,,0,,,
ROBOT_CAP,,9,2,,,1,,,
ROBOT_CAP,,9,3,,,0,,,
ROBOT_CAP,,9,4,,,0,,,
ROBOT_CAP,,9,5,,,0,,,
ROBOT_CAP,,9,6,,,1,,,
ROBOT_CAP,,9,7,,,1,,,
ROBOT_EFF,,0,0,,,1.0712892516182317,,,
ROBOT_EFF,,0,1,,,0.8712209508650386,,,
ROBOT_EFF,,0,2,,,1.1668984499014154,,,
ROBOT_EFF,,0,3,,,1.1384287498467587,,,
ROBOT_EFF,,0,4,,,0.9715167610975849,,,
ROBOT_EFF,,0,5,,,1.2457990140712876,,,
ROBOT_EFF,,0,6,,,1.140344160682913,,,
ROBOT_EFF,,0,7,,,1.1978772541283806,,,
ROBOT_EFF,,1,0,,,1.1151422873895318,,,
ROBOT_EFF,,1,1,,,0.9942814038738076,,,
ROBOT_EFF,,1,2,,,0.9972171141624584,,,
ROBOT_EFF,,1,3,,,0.9779658908035116,,,
ROBOT_EFF,,1,4,,,0.852283746765022,,,
ROBOT_EFF,,1,5,,,1.0563608295964702,,,
ROBOT_EFF,,1,6,,,0.876634782969546,,,
ROBOT_EFF,,1,7,,,0.8714512708362803,,,
ROBOT_EFF,,2,0,,,0.9519198935425943,,,
ROBOT_EFF,,2,1,,,1.0757551637689855,,,
ROBOT_EFF,,2,2,,,1.2103877341256153,,,
ROBOT_EFF,,2,3,,,1.270110100947642,,,
ROBOT_EFF,,2,4,,,1.0431918661033548,,,
ROBOT_EFF,,2,5,,,0.871305740201021,,,
ROBOT_EFF,,2,6,,,1.1290920894978018,,,
ROBOT_EFF,,2,7,,,0.9702876369873632,,,
ROBOT_EFF,,3,0,,,0.9849347942829414,,,
ROBOT_EFF,,3,1,,,1.1275606202415482,,,
ROBOT_EFF,,3,2,,,1.1328929175647295,,,
ROBOT_EFF,,3,3,,,0.9721565875753464,,,
ROBOT_EFF,,3,4,,,1.1279973596902264,,,
ROBOT_EFF,,3,5,,,1.2225461393622803,,,
ROBOT_EFF,,3,6,,,1.1524685059022317,,,
ROBOT_EFF,,3,7,,,1.015577492220194,,,
ROBOT_EFF,,4,0,,,1.0342908540540534,,,
ROBOT_EFF,,4,1,,,1.0315293002448964,,,
ROBOT_EFF,,4,2,,,1.20010026701886,,,
ROBOT_EFF,,4,3,,,1.179791872293325,,,
ROBOT_EFF,,4,4,,,1.0261300673715779,,,
ROBOT_EFF,,4,5,,,0.938046267727525,,,
ROBOT_EFF,,4,6,,,0.9482678370692891,,,
ROBOT_EFF,,4,7,,,1.0585903342941652,,,
ROBOT_EFF,,5,0,,,1.2088191719433312,,,
ROBOT_EFF,,5,1,,,0.9496440734227634,,,
ROBOT_EFF,,5,2,,,1.01840029739551,,,
ROBOT_EFF,,5,3,,,0.9952329618619185,,,
ROBOT_EFF,,5,4,,,1.2905025720420535,,,
ROBOT_EFF,,5,5,,,0.906760426363121,,,
ROBOT_EFF,,5,6,,,1.2978026459292635,,,
ROBOT_EFF,,5,7,,,1.100777235443829,,,
ROBOT_EFF,,6,0,,,0.9973075238260962,,,
ROBOT_EFF,,6,1,,,1.1502775768100202,,,
ROBOT_EFF,,6,2,,,1.10057532881382,,,
ROBOT_EFF,,6,3,,,0.9475087909040041,,,
ROBOT_EFF,,6,4,,,1.1498838540538496,,,
ROBOT_EFF,,6,5,,,1.2502064686158116,,,
ROBOT_EFF,,6,6,,,0.9290778893051503,,,
ROBOT_EFF,,6,7,,,1.0926094788872376,,,
ROBOT_EFF,,7,0,,,1.004935314573574,,,
ROBOT_EFF,,7,1,,,1.0740943766094941,,,
ROBOT_EFF,,7,2,,,1.2494777624022047,,,
ROBOT_EFF,,7,3,,,0.9246286380676972,,,
ROBOT_EFF,,7,4,,,0.960408175939353,,,
ROBOT_EFF,,7,5,,,1.1896521590092242,,,
ROBOT_EFF,,7,6,,,1.0294807258478342,,,
ROBOT_EFF,,7,7,,,1.1522985338389606,,,
ROBOT_EFF,,8,0,,,1.0255531400403801,,,
ROBOT_EFF,,8,1,,,1.0502034025283509,,,
ROBOT_EFF,,8,2,,,1.1654084773050553,,,
ROBOT_EFF,,8,3,,,1.1674917941429994,,,
ROBOT_EFF,,8,4,,,1.1153376827918635,,,
ROBOT_EFF,,8,5,,,0.910637903916237,,,
ROBOT_EFF,,8,6,,,1.1719935774774384,,,
ROBOT_EFF,,8,7,,,0.9955365917492889,,,
ROBOT_EFF,,9,0,,,1.176386941221638,,,
ROBOT_EFF,,9,1,,,0.9261330071320034,,,
ROBOT_EFF,,9,2,,,1.1541355662140873,,,
ROBOT_EFF,,9,3,,,1.2055040144945144,,,
ROBOT_EFF,,9,4,,,1.1274026180306531,,,
ROBOT_EFF,,9,5,,,0.905400978308207,,,
ROBOT_EFF,,9,6,,,1.1595723657810904,,,
ROBOT_EFF,,9,7,,,1.1974657832228806,,,
HR_COMPAT,,0,0,0,,0,,,
HR_SYNERGY,,0,0,0,,0.7257079604745011,,,
HR_COMPAT,,0,0,1,,1,,,
HR_SYNERGY,,0,0,1,,0.8561442354276815,,,
HR_COMPAT,,0,0,2,,0,,,
HR_SYNERGY,,0,0,2,,0.8573369735956735,,,
HR_COMPAT,,0,0,3,,1,,,
HR_SYNERGY,,0,0,3,,0.724111192608536,,,
HR_COMPAT,,0,0,4,,0,,,
HR_SYNERGY,,0,0,4,,0.7968168381913592,,,
HR_COMPAT,,0,0,5,,1,,,
HR_SYNERGY,,0,0,5,,0.8298790769623466,,,
HR_COMPAT,,0,0,6,,0,,,
HR_SYNERGY,,0,0,6,,0.8243134182269016,,,
HR_COMPAT,,0,0,7,,0,,,
HR_SYNERGY,,0,0,7,,0.8652342092502925,,,
HR_COMPAT,,0,1,0,,0,,,
HR_SYNERGY,,0,1,0,,0.7863389397789583,,,
HR_COMPAT,,0,1,1,,1,,,
HR_SYNERGY,,0,1,1,,0.7534032935234065,,,
HR_COMPAT,,0,1,2,,0,,,
HR_SYNERGY,,0,1,2,,0.8322947282600798,,,
HR_COMPAT,,0,1,3,,1,,,
HR_SYNERGY,,0,1,3,,0.7763079408346396,,,
HR_COMPAT,,0,1,4,,0,,,
HR_SYNERGY,,0,1,4,,0.7018189178516767,,,
HR_COMPAT,,0,1,5,,1,,,
HR_SYNERGY,,0,1,5,,0.7881245406137066,,,
HR_COMPAT,,0,1,6,,0,,,
HR_SYNERGY,,0,1,6,,0.8296827683716529,,,
HR_COMPAT,,0,1,7,,0,,,
HR_SYNERGY,,0,1,7,,0.7352550798681701,,,
HR_COMPAT,,0,2,0,,0,,,
HR_SYNERGY,,0,2,0,,0.6747330953555655,,,
HR_COMPAT,,0,2,1,,0,,,
HR_SYNERGY,,0,2,1,,0.7482081054165232,,,
HR_COMPAT,,0,2,2,,0,,,
HR_SYNERGY,,0,2,2,,0.7257611966677944,,,
HR_COMPAT,,0,2,3,,0,,,
HR_SYNERGY,,0,2,3,,0.6705615630455075,,,
HR_COMPAT,,0,2,4,,0,,,
HR_SYNERGY,,0,2,4,,0.8973539517838203,,,
HR_COMPAT,,0,2,5,,1,,,
HR_SYNERGY,,0,2,5,,0.7297840138345348,,,
HR_COMPAT,,0,2,6,,0,,,
HR_SYNERGY,,0,2,6,,0.7560594620030184,,,
HR_COMPAT,,0,2,7,,0,,,
HR_SYNERGY,,0,2,7,,0.8126525043300102,,,
HR_COMPAT,,0,3,0,,0,,,
HR_SYNERGY,,0,3,0,,0.8103481973632742,,,
HR_COMPAT,,0,3,1,,0,,,
HR_SYNERGY,,0,3,1,,0.8987100641761923,,,
HR_COMPAT,,0,3,2,,0,,,
HR_SYNERGY,,0,3,2,,0.7045505097728182,,,
HR_COMPAT,,0,3,3,,1,,,
HR_SYNERGY,,0,3,3,,0.6837090381070585,,,
HR_COMPAT,,0,3,4,,0,,,
HR_SYNERGY,,0,3,4,,0.8006422823454348,,,
HR_COMPAT,,0,3,5,,0,,,
HR_SYNERGY,,0,3,5,,0.6749216166229912,,,
HR_COMPAT,,0,3,6,,0,,,
HR_SYNERGY,,0,3,6,,0.7280572999938549,,,
HR_COMPAT,,0,3,7,,0,,,
HR_SYNERGY,,0,3,7,,0.8815415782803975,,,
HR_COMPAT,,0,4,0,,0,,,
HR_SYNERGY,,0,4,0,,0.8292189089550469,,,
HR_COMPAT,,0,4,1,,0,,,
HR_SYNERGY,,0,4,1,,0.8930134064759622,,,
HR_COMPAT,,0,4,2,,0,,,
HR_SYNERGY,,0,4,2,,0.7838922645351007,,,
HR_COMPAT,,0,4,3,,1,,,
HR_SYNERGY,,0,4,3,,0.8953754796153577,,,
HR_COMPAT,,0,4,4,,0,,,
HR_SYNERGY,,0,4,4,,0.7503752305595809,,,
HR_COMPAT,,0,4,5,,1,,,
HR_SYNERGY,,0,4,5,,0.8285581059526884,,,
HR_COMPAT,,0,4,6,,0,,,
HR_SYNERGY,,0,4,6,,0.8079755186718343,,,
HR_COMPAT,,0,4,7,,0,,,
HR_SYNERGY,,0,4,7,,0.8762722332827233,,,
HR_COMPAT,,0,5,0,,0,,,
HR_SYNERGY,,0,5,0,,0.7810662833383989,,,
HR_COMPAT,,0,5,1,,0,,,
HR_SYNERGY,,0,5,1,,0.7825954840589906,,,
HR_COMPAT,,0,5,2,,0,,,
HR_SYNERGY,,0,5,2,,0.8820808570857179,,,
HR_COMPAT,,0,5,3,,0,,,
HR_SYNERGY,,0,5,3,,0.8691793130883124,,,
HR_COMPAT,,0,5,4,,0,,,
HR_SYNERGY,,0,5,4,,0.6647305866127678,,,
HR_COMPAT,,0,5,5,,1,,,
HR_SYNERGY,,0,5,5,,0.7160989261217976,,,
HR_COMPAT,,0,5,6,,0,,,
HR_SYNERGY,,0,5,6,,0.8242420909567497,,,
HR_COMPAT,,0,5,7,,0,,,
HR_SYNERGY,,0,5,7,,0.8788347410210765,,,
HR_COMPAT,,0,6,0,,0,,,
HR_SYNERGY,,0,6,0,,0.8908445478981617,,,
HR_COMPAT,,0,6,1,,1,,,
HR_SYNERGY,,0,6,1,,0.8747427543312956,,,
HR_COMPAT,,0,6,2,,0,,,
HR_SYNERGY,,0,6,2,,0.7507002018508557,,,
HR_COMPAT,,0,6,3,,1,,,
HR_SYNERGY,,0,6,3,,0.7209409968105615,,,
HR_COMPAT,,0,6,4,,0,,,
HR_SYNERGY,,0,6,4,,0.7859208859958279,,,
HR_COMPAT,,0,6,5,,1,,,
HR_SYNERGY,,0,6,5,,0.8163607072420642,,,
HR_COMPAT,,0,6,6,,0,,,
HR_SYNERGY,,0,6,6,,0.6817430554071249,,,
HR_COMPAT,,0,6,7,,0,,,
HR_SYNERGY,,0,6,7,,0.7024436650830197,,,
HR_COMPAT,,0,7,0,,0,,,
HR_SYNERGY,,0,7,0,,0.7569532401550871,,,
HR_COMPAT,,0,7,1,,1,,,
HR_SYNERGY,,0,7,1,,0.674246964797054,,,
HR_COMPAT,,0,7,2,,0,,,
HR_SYNERGY,,0,7,2,,0.658690925658111,,,
HR_COMPAT,,0,7,3,,0,,,
HR_SYNERGY,,0,7,3,,0.8370836155345892,,,
HR_COMPAT,,0,7,4,,0,,,
HR_SYNERGY,,0,7,4,,0.8783283226191203,,,
HR_COMPAT,,0,7,5,,1,,,
HR_SYNERGY,,0,7,5,,0.7197717244100553,,,
HR_COMPAT,,0,7,6,,0,,,
HR_SYNERGY,,0,7,6,,0.720331875066178,,,
HR_COMPAT,,0,7,7,,0,,,
HR_SYNERGY,,0,7,7,,0.8839233347477724,,,
HR_COMPAT,,0,8,0,,0,,,
HR_SYNERGY,,0,8,0,,0.8018907722552169,,,
HR_COMPAT,,0,8,1,,0,,,
HR_SYNERGY,,0,8,1,,0.7702746981506852,,,
HR_COMPAT,,0,8,2,,0,,,
HR_SYNERGY,,0,8,2,,0.8980109494712152,,,
HR_COMPAT,,0,8,3,,1,,,
HR_SYNERGY,,0,8,3,,0.8161097839262085,,,
HR_COMPAT,,0,8,4,,0,,,
HR_SYNERGY,,0,8,4,,0.661450023211621,,,
HR_COMPAT,,0,8,5,,0,,,
HR_SYNERGY,,0,8,5,,0.7241270922563519,,,
HR_COMPAT,,0,8,6,,0,,,
HR_SYNERGY,,0,8,6,,0.8505518013184811,,,
HR_COMPAT,,0,8,7,,0,,,
HR_SYNERGY,,0,8,7,,0.7494004455402672,,,
HR_COMPAT,,0,9,0,,0,,,
HR_SYNERGY,,0,9,0,,0.7558997597496878,,,
HR_COMPAT,,0,9,1,,0,,,
HR_SYNERGY,,0,9,1,,0.8681974822587957,,,
HR_COMPAT,,0,9,2,,0,,,
HR_SYNERGY,,0,9,2,,0.8360571421744263,,,
HR_COMPAT,,0,9,3,,0,,,
HR_SYNERGY,,0,9,3,,0.8180631804681884,,,
HR_COMPAT,,0,9,4,,0,,,
HR_SYNERGY,,0,9,4,,0.668292701783477,,,
HR_COMPAT,,0,9,5,,0,,,
HR_SYNERGY,,0,9,5,,0.8901788863964454,,,
HR_COMPAT,,0,9,6,,0,,,
HR_SYNERGY,,0,9,6,,0.7443345977007625,,,
HR_COMPAT,,0,9,7,,0,,,
HR_SYNERGY,,0,9,7,,0.6566190835506506,,,
HR_COMPAT,,1,0,0,,1,,,
HR_SYNERGY,,1,0,0,,0.7767281502482359,,,
HR_COMPAT,,1,0,1,,1,,,
HR_SYNERGY,,1,0,1,,0.828654480918678,,,
HR_COMPAT,,1,0,2,,0,,,
HR_SYNERGY,,1,0,2,,0.8876971766514585,,,
HR_COMPAT,,1,0,3,,0,,,
HR_SYNERGY,,1,0,3,,0.6739479716157888,,,
HR_COMPAT,,1,0,4,,0,,,
HR_SYNERGY,,1,0,4,,0.7742327953608792,,,
HR_COMPAT,,1,0,5,,0,,,
HR_SYNERGY,,1,0,5,,0.7774099545119528,,,
HR_COMPAT,,1,0,6,,0,,,
HR_SYNERGY,,1,0,6,,0.719975453090486,,,
HR_COMPAT,,1,0,7,,1,,,
HR_SYNERGY,,1,0,7,,0.7230185729928484,,,
HR_COMPAT,,1,1,0,,0,,,
HR_SYNERGY,,1,1,0,,0.7862718127964917,,,
HR_COMPAT,,1,1,1,,0,,,
HR_SYNERGY,,1,1,1,,0.8226343019482221,,,
HR_COMPAT,,1,1,2,,1,,,
HR_SYNERGY,,1,1,2,,0.766246517964521,,,
HR_COMPAT,,1,1,3,,0,,,
HR_SYNERGY,,1,1,3,,0.7812378194615581,,,
HR_COMPAT,,1,1,4,,0,,,
HR_SYNERGY,,1,1,4,,0.8167293198803431,,,
HR_COMPAT,,1,1,5,,0,,,
HR_SYNERGY,,1,1,5,,0.7332592730691364,,,
HR_COMPAT,,1,1,6,,0,,,
HR_SYNERGY,,1,1,6,,0.6539596570405432,,,
HR_COMPAT,,1,1,7,,1,,,
HR_SYNERGY,,1,1,7,,0.7950775878093608,,,
HR_COMPAT,,1,2,0,,0,,,
HR_SYNERGY,,1,2,0,,0.7948508340632334,,,
HR_COMPAT,,1,2,1,,0,,,
HR_SYNERGY,,1,2,1,,0.7245305765391583,,,
HR_COMPAT,,1,2,2,,0,,,
HR_SYNERGY,,1,2,2,,0.7355417182404096,,,
HR_COMPAT,,1,2,3,,0,,,
HR_SYNERGY,,1,2,3,,0.7254144744759891,,,
HR_COMPAT,,1,2,4,,1,,,
HR_SYNERGY,,1,2,4,,0.7034222339054367,,,
HR_COMPAT,,1,2,5,,0,,,
HR_SYNERGY,,1,2,5,,0.8875302198592786,,,
HR_COMPAT,,1,2,6,,0,,,
HR_SYNERGY,,1,2,6,,0.7076184216297637,,,
HR_COMPAT,,1,2,7,,1,,,
HR_SYNERGY,,1,2,7,,0.7553166752139835,,,
HR_COMPAT,,1,3,0,,0,,,
HR_SYNERGY,,1,3,0,,0.6834570579790233,,,
HR_COMPAT,,1,3,1,,0,,,
HR_SYNERGY,,1,3,1,,0.7879797526681653,,,
HR_COMPAT,,1,3,2,,1,,,
HR_SYNERGY,,1,3,2,,0.7090461802644984,,,
HR_COMPAT,,1,3,3,,0,,,
HR_SYNERGY,,1,3,3,,0.740332894708039,,,
HR_COMPAT,,1,3,4,,0,,,
HR_SYNERGY,,1,3,4,,0.793811164303369,,,
HR_COMPAT,,1,3,5,,0,,,
HR_SYNERGY,,1,3,5,,0.6625461494338478,,,
HR_COMPAT,,1,3,6,,0,,,
HR_SYNERGY,,1,3,6,,0.6591952475610503,,,
HR_COMPAT,,1,3,7,,1,,,
HR_SYNERGY,,1,3,7,,0.6702840525602896,,,
HR_COMPAT,,1,4,0,,1,,,
HR_SYNERGY,,1,4,0,,0.7549279579132913,,,
HR_COMPAT,,1,4,1,,0,,,
HR_SYNERGY,,1,4,1,,0.8153507290406341,,,
HR_COMPAT,,1,4,2,,1,,,
HR_SYNERGY,,1,4,2,,0.7300381779271263,,,
HR_COMPAT,,1,4,3,,0,,,
HR_SYNERGY,,1,4,3,,0.6823241634108879,,,
HR_COMPAT,,1,4,4,,1,,,
HR_SYNERGY,,1,4,4,,0.8872116193841124,,,
HR_COMPAT,,1,4,5,,0,,,
HR_SYNERGY,,1,4,5,,0.8081607944665707,,,
HR_COMPAT,,1,4,6,,0,,,
HR_SYNERGY,,1,4,6,,0.6972933728486244,,,
HR_COMPAT,,1,4,7,,0,,,
HR_SYNERGY,,1,4,7,,0.7135252790068369,,,
HR_COMPAT,,1,5,0,,1,,,
HR_SYNERGY,,1,5,0,,0.7333557366548638,,,
HR_COMPAT,,1,5,1,,0,,,
HR_SYNERGY,,1,5,1,,0.7686332299824724,,,
HR_COMPAT,,1,5,2,,0,,,
HR_SYNERGY,,1,5,2,,0.6536877615232934,,,
HR_COMPAT,,1,5,3,,0,,,
HR_SYNERGY,,1,5,3,,0.7922338988939028,,,
HR_COMPAT,,1,5,4,,1,,,
HR_SYNERGY,,1,5,4,,0.7238966209455611,,,
HR_COMPAT,,1,5,5,,0,,,
HR_SYNERGY,,1,5,5,,0.777452896393282,,,
HR_COMPAT,,1,5,6,,0,,,
HR_SYNERGY,,1,5,6,,0.889803940651813,,,
HR_COMPAT,,1,5,7,,0,,,
HR_SYNERGY,,1,5,7,,0.7609566361629266,,,
HR_COMPAT,,1,6,0,,0,,,
HR_SYNERGY,,1,6,0,,0.7207071601776333,,,
HR_COMPAT,,1,6,1,,0,,,
HR_SYNERGY,,1,6,1,,0.7884541530522706,,,
HR_COMPAT,,1,6,2,,1,,,
HR_SYNERGY,,1,6,2,,0.718213824190032,,,
HR_COMPAT,,1,6,3,,0,,,
HR_SYNERGY,,1,6,3,,0.7314707806555667,,,
HR_COMPAT,,1,6,4,,1,,,
HR_SYNERGY,,1,6,4,,0.7886981880175061,,,
HR_COMPAT,,1,6,5,,0,,,
HR_SYNERGY,,1,6,5,,0.7073325408368607,,,
HR_COMPAT,,1,6,6,,0,,,
HR_SYNERGY,,1,6,6,,0.7208074540985193,,,
HR_COMPAT,,1,6,7,,0,,,
HR_SYNERGY,,1,6,7,,0.7981754056113094,,,
HR_COMPAT,,1,7,0,,0,,,
HR_SYNERGY,,1,7,0,,0.6687310494781753,,,
HR_COMPAT,,1,7,1,,1,,,
HR_SYNERGY,,1,7,1,,0.7422352013409691,,,
HR_COMPAT,,1,7,2,,0,,,
HR_SYNERGY,,1,7,2,,0.738353781102297,,,
HR_COMPAT,,1,7,3,,0,,,
HR_SYNERGY,,1,7,3,,0.7033209192220069,,,
HR_COMPAT,,1,7,4,,0,,,
HR_SYNERGY,,1,7,4,,0.6935436029708248,,,
HR_COMPAT,,1,7,5,,0,,,
HR_SYNERGY,,1,7,5,,0.875885951435413,,,
HR_COMPAT,,1,7,6,,0,,,
HR_SYNERGY,,1,7,6,,0.7566662356890921,,,
HR_COMPAT,,1,7,7,,0,,,
HR_SYNERGY,,1,7,7,,0.7284702889264756,,,
HR_COMPAT,,1,8,0,,0,,,
HR_SYNERGY,,1,8,0,,0.74283670242891,,,
HR_COMPAT,,1,8,1,,0,,,
HR_SYNERGY,,1,8,1,,0.6944903960563802,,,
HR_COMPAT,,1,8,2,,0,,,
HR_SYNERGY,,1,8,2,,0.805853293735732,,,
HR_COMPAT,,1,8,3,,0,,,
HR_SYNERGY,,1,8,3,,0.6519153448949216,,,
HR_COMPAT,,1,8,4,,1,,,
HR_SYNERGY,,1,8,4,,0.6905894013245644,,,
HR_COMPAT,,1,8,5,,0,,,
HR_SYNERGY,,1,8,5,,0.858072281268846,,,
HR_COMPAT,,1,8,6,,0,,,
HR_SYNERGY,,1,8,6,,0.7244340098533757,,,
HR_COMPAT,,1,8,7,,0,,,
HR_SYNERGY,,1,8,7,,0.7597254178770484,,,
HR_COMPAT,,1,9,0,,1,,,
HR_SYNERGY,,1,9,0,,0.750494572252442,,,
HR_COMPAT,,1,9,1,,0,,,
HR_SYNERGY,,1,9,1,,0.7014606276871052,,,
HR_COMPAT,,1,9,2,,1,,,
HR_SYNERGY,,1,9,2,,0.7078636436652923,,,
HR_COMPAT,,1,9,3,,0,,,
HR_SYNERGY,,1,9,3,,0.8048620439688527,,,
HR_COMPAT,,1,9,4,,0,,,
HR_SYNERGY,,1,9,4,,0.8745087736855102,,,
HR_COMPAT,,1,9,5,,0,,,
HR_SYNERGY,,1,9,5,,0.8576993671383444,,,
HR_COMPAT,,1,9,6,,0,,,
HR_SYNERGY,,1,9,6,,0.7971397325888793,,,
HR_COMPAT,,1,9,7,,1,,,
HR_SYNERGY,,1,9,7,,0.6781349984179368,,,
HR_COMPAT,,2,0,0,,0,,,
HR_SYNERGY,,2,0,0,,0.850024363121787,,,
HR_COMPAT,,2,0,1,,0,,,
HR_SYNERGY,,2,0,1,,0.8177181704631186,,,
HR_COMPAT,,2,0,2,,0,,,
HR_SYNERGY,,2,0,2,,0.739306299846794,,,
HR_COMPAT,,2,0,3,,1,,,
HR_SYNERGY,,2,0,3,,0.8680550389493205,,,
HR_COMPAT,,2,0,4,,0,,,
HR_SYNERGY,,2,0,4,,0.7222382386426369,,,
HR_COMPAT,,2,0,5,,1,,,
HR_SYNERGY,,2,0,5,,0.7235755777116157,,,
HR_COMPAT,,2,0,6,,1,,,
HR_SYNERGY,,2,0,6,,0.7629983130699334,,,
HR_COMPAT,,2,0,7,,0,,,
HR_SYNERGY,,2,0,7,,0.7954383696695351,,,
HR_COMPAT,,2,1,0,,0,,,
HR_SYNERGY,,2,1,0,,0.8769364457582973,,,
HR_COMPAT,,2,1,1,,0,,,
HR_SYNERGY,,2,1,1,,0.8399091789661648,,,
HR_COMPAT,,2,1,2,,0,,,
HR_SYNERGY,,2,1,2,,0.8023479871822841,,,
HR_COMPAT,,2,1,3,,1,,,
HR_SYNERGY,,2,1,3,,0.6929967428475489,,,
HR_COMPAT,,2,1,4,,1,,,
HR_SYNERGY,,2,1,4,,0.8890124967268556,,,
HR_COMPAT,,2,1,5,,1,,,
HR_SYNERGY,,2,1,5,,0.8665618468780412,,,
HR_COMPAT,,2,1,6,,1,,,
HR_SYNERGY,,2,1,6,,0.818047566237389,,,
HR_COMPAT,,2,1,7,,0,,,
HR_SYNERGY,,2,1,7,,0.7149176234207848,,,
HR_COMPAT,,2,2,0,,0,,,
HR_SYNERGY,,2,2,0,,0.7474870465049033,,,
HR_COMPAT,,2,2,1,,0,,,
HR_SYNERGY,,2,2,1,,0.8596787994963142,,,
HR_COMPAT,,2,2,2,,0,,,
HR_SYNERGY,,2,2,2,,0.6717158654370539,,,
HR_COMPAT,,2,2,3,,0,,,
HR_SYNERGY,,2,2,3,,0.7468137598215349,,,
HR_COMPAT,,2,2,4,,1,,,
HR_SYNERGY,,2,2,4,,0.8050427119146589,,,
HR_COMPAT,,2,2,5,,1,,,
HR_SYNERGY,,2,2,5,,0.8813201344051748,,,
HR_COMPAT,,2,2,6,,1,,,
HR_SYNERGY,,2,2,6,,0.744912092689209,,,
HR_COMPAT,,2,2,7,,0,,,
HR_SYNERGY,,2,2,7,,0.8459109832666769,,,
HR_COMPAT,,2,3,0,,0,,,
HR_SYNERGY,,2,3,0,,0.7593582419629425,,,
HR_COMPAT,,2,3,1,,0,,,
HR_SYNERGY,,2,3,1,,0.8691703945237956,,,
HR_COMPAT,,2,3,2,,0,,,
HR_SYNERGY,,2,3,2,,0.7371754039005198,,,
HR_COMPAT,,2,3,3,,1,,,
HR_SYNERGY,,2,3,3,,0.7443697057176055,,,
HR_COMPAT,,2,3,4,,0,,,
HR_SYNERGY,,2,3,4,,0.7589184135564272,,,
HR_COMPAT,,2,3,5,,0,,,
HR_SYNERGY,,2,3,5,,0.7654339783739724,,,
HR_COMPAT,,2,3,6,,0,,,
HR_SYNERGY,,2,3,6,,0.7202333537616481,,,
HR_COMPAT,,2,3,7,,0,,,
HR_SYNERGY,,2,3,7,,0.8513574277466827,,,
HR_COMPAT,,2,4,0,,1,,,
HR_SYNERGY,,2,4,0,,0.7308539127507752,,,
HR_COMPAT,,2,4,1,,0,,,
HR_SYNERGY,,2,4,1,,0.7658125541190466,,,
HR_COMPAT,,2,4,2,,0,,,
HR_SYNERGY,,2,4,2,,0.7743692857429405,,,
HR_COMPAT,,2,4,3,,0,,,
HR_SYNERGY,,2,4,3,,0.762259907473498,,,
HR_COMPAT,,2,4,4,,1,,,
HR_SYNERGY,,2,4,4,,0.7518060248584321,,,
HR_COMPAT,,2,4,5,,1,,,
HR_SYNERGY,,2,4,5,,0.8258863792334221,,,
HR_COMPAT,,2,4,6,,0,,,
HR_SYNERGY,,2,4,6,,0.8436056882801943,,,
HR_COMPAT,,2,4,7,,0,,,
HR_SYNERGY,,2,4,7,,0.6685430105861883,,,
HR_COMPAT,,2,5,0,,1,,,
HR_SYNERGY,,2,5,0,,0.7662804042564264,,,
HR_COMPAT,,2,5,1,,0,,,
HR_SYNERGY,,2,5,1,,0.8154464898478962,,,
HR_COMPAT,,2,5,2,,0,,,
HR_SYNERGY,,2,5,2,,0.7974925281495766,,,
HR_COMPAT,,2,5,3,,0,,,
HR_SYNERGY,,2,5,3,,0.8427762147799945,,,
HR_COMPAT,,2,5,4,,1,,,
HR_SYNERGY,,2,5,4,,0.87835591868578,,,
HR_COMPAT,,2,5,5,,0,,,
HR_SYNERGY,,2,5,5,,0.7165715014308501,,,
HR_COMPAT,,2,5,6,,0,,,
HR_SYNERGY,,2,5,6,,0.6536370283807442,,,
HR_COMPAT,,2,5,7,,0,,,
HR_SYNERGY,,2,5,7,,0.7991611215050528,,,
HR_COMPAT,,2,6,0,,0,,,
HR_SYNERGY,,2,6,0,,0.8460155217112812,,,
HR_COMPAT,,2,6,1,,0,,,
HR_SYNERGY,,2,6,1,,0.7161443192035195,,,
HR_COMPAT,,2,6,2,,0,,,
HR_SYNERGY,,2,6,2,,0.7097747686986766,,,
HR_COMPAT,,2,6,3,,1,,,
HR_SYNERGY,,2,6,3,,0.7453829057127768,,,
HR_COMPAT,,2,6,4,,1,,,
HR_SYNERGY,,2,6,4,,0.6524920988041804,,,
HR_COMPAT,,2,6,5,,1,,,
HR_SYNERGY,,2,6,5,,0.7682389265322286,,,
HR_COMPAT,,2,6,6,,1,,,
HR_SYNERGY,,2,6,6,,0.6885231101188842,,,
HR_COMPAT,,2,6,7,,0,,,
HR_SYNERGY,,2,6,7,,0.8988781618540649,,,
HR_COMPAT,,2,7,0,,0,,,
HR_SYNERGY,,2,7,0,,0.6818733211847601,,,
HR_COMPAT,,2,7,1,,0,,,
HR_SYNERGY,,2,7,1,,0.8585039909420195,,,
HR_COMPAT,,2,7,2,,0,,,
HR_SYNERGY,,2,7,2,,0.7233604310709061,,,
HR_COMPAT,,2,7,3,,0,,,
HR_SYNERGY,,2,7,3,,0.7660231194750291,,,
HR_COMPAT,,2,7,4,,0,,,
HR_SYNERGY,,2,7,4,,0.7628923302421637,,,
HR_COMPAT,,2,7,5,,1,,,
HR_SYNERGY,,2,7,5,,0.6899709089750781,,,
HR_COMPAT,,2,7,6,,0,,,
HR_SYNERGY,,2,7,6,,0.7423497842669964,,,
HR_COMPAT,,2,7,7,,0,,,
HR_SYNERGY,,2,7,7,,0.7734943745660521,,,
HR_COMPAT,,2,8,0,,0,,,
HR_SYNERGY,,2,8,0,,0.8630823632532019,,,
HR_COMPAT,,2,8,1,,0,,,
HR_SYNERGY,,2,8,1,,0.8255807334356928,,,
HR_COMPAT,,2,8,2,,0,,,
HR_SYNERGY,,2,8,2,,0.6961984965845845,,,
HR_COMPAT,,2,8,3,,1,,,
HR_SYNERGY,,2,8,3,,0.749035826643508,,,
HR_COMPAT,,2,8,4,,1,,,
HR_SYNERGY,,2,8,4,,0.8140137323299006,,,
HR_COMPAT,,2,8,5,,0,,,
HR_SYNERGY,,2,8,5,,0.7832872726447383,,,
HR_COMPAT,,2,8,6,,1,,,
HR_SYNERGY,,2,8,6,,0.8514184170300543,,,
HR_COMPAT,,2,8,7,,0,,,
HR_SYNERGY,,2,8,7,,0.78644363726094,,,
HR_COMPAT,,2,9,0,,1,,,
HR_SYNERGY,,2,9,0,,0.8839413602804969,,,
HR_COMPAT,,2,9,1,,0,,,
HR_SYNERGY,,2,9,1,,0.7251765292364177,,,
HR_COMPAT,,2,9,2,,0,,,
HR_SYNERGY,,2,9,2,,0.6620306521673753,,,
HR_COMPAT,,2,9,3,,0,,,
HR_SYNERGY,,2,9,3,,0.6884078538883592,,,
HR_COMPAT,,2,9,4,,0,,,
HR_SYNERGY,,2,9,4,,0.7295665110924308,,,
HR_COMPAT,,2,9,5,,0,,,
HR_SYNERGY,,2,9,5,,0.889823165669487,,,
HR_COMPAT,,2,9,6,,1,,,
HR_SYNERGY,,2,9,6,,0.7803358201659502,,,
HR_COMPAT,,2,9,7,,0,,,
HR_SYNERGY,,2,9,7,,0.6683069234302136,,,
HR_COMPAT,,3,0,0,,1,,,
HR_SYNERGY,,3,0,0,,0.7153803921240176,,,
HR_COMPAT,,3,0,1,,0,,,
HR_SYNERGY,,3,0,1,,0.8753880545771449,,,
HR_COMPAT,,3,0,2,,0,,,
HR_SYNERGY,,3,0,2,,0.7659734978987202,,,
HR_COMPAT,,3,0,3,,0,,,
HR_SYNERGY,,3,0,3,,0.7015893844974511,,,
HR_COMPAT,,3,0,4,,0,,,
HR_SYNERGY,,3,0,4,,0.7314092922429958,,,
HR_COMPAT,,3,0,5,,1,,,
HR_SYNERGY,,3,0,5,,0.781632754064225,,,
HR_COMPAT,,3,0,6,,0,,,
HR_SYNERGY,,3,0,6,,0.8160310400948723,,,
HR_COMPAT,,3,0,7,,1,,,
HR_SYNERGY,,3,0,7,,0.8572723671786919,,,
HR_COMPAT,,3,1,0,,0,,,
HR_SYNERGY,,3,1,0,,0.8058563633838112,,,
HR_COMPAT,,3,1,1,,0,,,
HR_SYNERGY,,3,1,1,,0.8645615593921478,,,
HR_COMPAT,,3,1,2,,0,,,
HR_SYNERGY,,3,1,2,,0.7576611152864362,,,
HR_COMPAT,,3,1,3,,1,,,
HR_SYNERGY,,3,1,3,,0.6673921188852289,,,
HR_COMPAT,,3,1,4,,0,,,
HR_SYNERGY,,3,1,4,,0.7642736054338135,,,
HR_COMPAT,,3,1,5,,1,,,
HR_SYNERGY,,3,1,5,,0.6531498929501725,,,
HR_COMPAT,,3,1,6,,0,,,
HR_SYNERGY,,3,1,6,,0.698709268842223,,,
HR_COMPAT,,3,1,7,,1,,,
HR_SYNERGY,,3,1,7,,0.6982922915576766,,,
HR_COMPAT,,3,2,0,,1,,,
HR_SYNERGY,,3,2,0,,0.7405097851662439,,,
HR_COMPAT,,3,2,1,,0,,,
HR_SYNERGY,,3,2,1,,0.8677044295755504,,,
HR_COMPAT,,3,2,2,,0,,,
HR_SYNERGY,,3,2,2,,0.8533116084425085,,,
HR_COMPAT,,3,2,3,,0,,,
HR_SYNERGY,,3,2,3,,0.698708846141679,,,
HR_COMPAT,,3,2,4,,0,,,
HR_SYNERGY,,3,2,4,,0.7730486783670164,,,
HR_COMPAT,,3,2,5,,1,,,
HR_SYNERGY,,3,2,5,,0.8945550631908372,,,
HR_COMPAT,,3,2,6,,0,,,
HR_SYNERGY,,3,2,6,,0.8221489538043485,,,
HR_COMPAT,,3,2,7,,0,,,
HR_SYNERGY,,3,2,7,,0.6697736113741544,,,
HR_COMPAT,,3,3,0,,0,,,
HR_SYNERGY,,3,3,0,,0.8727878891072457,,,
HR_COMPAT,,3,3,1,,0,,,
HR_SYNERGY,,3,3,1,,0.8790246722939131,,,
HR_COMPAT,,3,3,2,,0,,,
HR_SYNERGY,,3,3,2,,0.834517523028502,,,
HR_COMPAT,,3,3,3,,1,,,
HR_SYNERGY,,3,3,3,,0.6789235184331189,,,
HR_COMPAT,,3,3,4,,0,,,
HR_SYNERGY,,3,3,4,,0.7931608887655435,,,
HR_COMPAT,,3,3,5,,0,,,
HR_SYNERGY,,3,3,5,,0.7662565736730906,,,
HR_COMPAT,,3,3,6,,0,,,
HR_SYNERGY,,3,3,6,,0.672570179756369,,,
HR_COMPAT,,3,3,7,,1,,,
HR_SYNERGY,,3,3,7,,0.7975909803887854,,,
HR_COMPAT,,3,4,0,,1,,,
HR_SYNERGY,,3,4,0,,0.8490255181651378,,,
HR_COMPAT,,3,4,1,,0,,,
HR_SYNERGY,,3,4,1,,0.6940827042778739,,,
HR_COMPAT,,3,4,2,,1,,,
HR_SYNERGY,,3,4,2,,0.7514083200700635,,,
HR_COMPAT,,3,4,3,,1,,,
HR_SYNERGY,,3,4,3,,0.753588971488936,,,
HR_COMPAT,,3,4,4,,0,,,
HR_SYNERGY,,3,4,4,,0.797929850124599,,,
HR_COMPAT,,3,4,5,,1,,,
HR_SYNERGY,,3,4,5,,0.7275145291198517,,,
HR_COMPAT,,3,4,6,,0,,,
HR_SYNERGY,,3,4,6,,0.8846714490321129,,,
HR_COMPAT,,3,4,7,,0,,,
HR_SYNERGY,,3,4,7,,0.8273948169116156,,,
HR_COMPAT,,3,5,0,,1,,,
HR_SYNERGY,,3,5,0,,0.716237909652346,,,
HR_COMPAT,,3,5,1,,0,,,
HR_SYNERGY,,3,5,1,,0.6826425057042216,,,
HR_COMPAT,,3,5,2,,0,,,
HR_SYNERGY,,3,5,2,,0.8570435921956634,,,
HR_COMPAT,,3,5,3,,0,,,
HR_SYNERGY,,3,5,3,,0.7858070926552557,,,
HR_COMPAT,,3,5,4,,0,,,
HR_SYNERGY,,3,5,4,,0.6970114939056095,,,
HR_COMPAT,,3,5,5,,0,,,
HR_SYNERGY,,3,5,5,,0.8697075118727251,,,
HR_COMPAT,,3,5,6,,0,,,
HR_SYNERGY,,3,5,6,,0.7227542888758325,,,
HR_COMPAT,,3,5,7,,0,,,
HR_SYNERGY,,3,5,7,,0.6608499806112031,,,
HR_COMPAT,,3,6,0,,0,,,
HR_SYNERGY,,3,6,0,,0.8411177483298132,,,
HR_COMPAT,,3,6,1,,0,,,
HR_SYNERGY,,3,6,1,,0.8469542560706167,,,
HR_COMPAT,,3,6,2,,1,,,
HR_SYNERGY,,3,6,2,,0.7905429188986403,,,
HR_COMPAT,,3,6,3,,1,,,
HR_SYNERGY,,3,6,3,,0.7723750782480522,,,
HR_COMPAT,,3,6,4,,0,,,
HR_SYNERGY,,3,6,4,,0.8334123093195321,,,
HR_COMPAT,,3,6,5,,1,,,
HR_SYNERGY,,3,6,5,,0.6703888174093795,,,
HR_COMPAT,,3,6,6,,0,,,
HR_SYNERGY,,3,6,6,,0.8618863284700364,,,
HR_COMPAT,,3,6,7,,0,,,
HR_SYNERGY,,3,6,7,,0.8979447691546409,,,
HR_COMPAT,,3,7,0,,0,,,
HR_SYNERGY,,3,7,0,,0.6613390702965006,,,
HR_COMPAT,,3,7,1,,0,,,
HR_SYNERGY,,3,7,1,,0.8369139602912855,,,
HR_COMPAT,,3,7,2,,0,,,
HR_SYNERGY,,3,7,2,,0.6698866934186891,,,
HR_COMPAT,,3,7,3,,0,,,
HR_SYNERGY,,3,7,3,,0.7752346465255305,,,
HR_COMPAT,,3,7,4,,0,,,
HR_SYNERGY,,3,7,4,,0.6681938282611859,,,
HR_COMPAT,,3,7,5,,1,,,
HR_SYNERGY,,3,7,5,,0.7375762157370283,,,
HR_COMPAT,,3,7,6,,0,,,
HR_SYNERGY,,3,7,6,,0.7287209318692237,,,
HR_COMPAT,,3,7,7,,0,,,
HR_SYNERGY,,3,7,7,,0.8361492840681597,,,
HR_COMPAT,,3,8,0,,0,,,
HR_SYNERGY,,3,8,0,,0.8536895350152495,,,
HR_COMPAT,,3,8,1,,0,,,
HR_SYNERGY,,3,8,1,,0.6642320655424871,,,
HR_COMPAT,,3,8,2,,0,,,
HR_SYNERGY,,3,8,2,,0.8820293087139042,,,
HR_COMPAT,,3,8,3,,1,,,
HR_SYNERGY,,3,8,3,,0.7809286061812838,,,
HR_COMPAT,,3,8,4,,0,,,
HR_SYNERGY,,3,8,4,,0.6508357493002302,,,
HR_COMPAT,,3,8,5,,0,,,
HR_SYNERGY,,3,8,5,,0.8746608287408961,,,
HR_COMPAT,,3,8,6,,0,,,
HR_SYNERGY,,3,8,6,,0.6660961470361296,,,
HR_COMPAT,,3,8,7,,0,,,
HR_SYNERGY,,3,8,7,,0.8449302851023607,,,
HR_COMPAT,,3,9,0,,1,,,
HR_SYNERGY,,3,9,0,,0.7268382090843888,,,
HR_COMPAT,,3,9,1,,0,,,
HR_SYNERGY,,3,9,1,,0.8812361204443235,,,
HR_COMPAT,,3,9,2,,1,,,
HR_SYNERGY,,3,9,2,,0.7183151618240063,,,
HR_COMPAT,,3,9,3,,0,,,
HR_SYNERGY,,3,9,3,,0.7213795316258838,,,
HR_COMPAT,,3,9,4,,0,,,
HR_SYNERGY,,3,9,4,,0.8455698413833846,,,
HR_COMPAT,,3,9,5,,0,,,
HR_SYNERGY,,3,9,5,,0.6942190004707914,,,
HR_COMPAT,,3,9,6,,0,,,
HR_SYNERGY,,3,9,6,,0.7709616209508188,,,
HR_COMPAT,,3,9,7,,1,,,
HR_SYNERGY,,3,9,7,,0.6824366440387583,,,
HR_COMPAT,,4,0,0,,1,,,
HR_SYNERGY,,4,0,0,,0.707951339883442,,,
HR_COMPAT,,4,0,1,,1,,,
HR_SYNERGY,,4,0,1,,0.8309819118391044,,,
HR_COMPAT,,4,0,2,,0,,,
HR_SYNERGY,,4,0,2,,0.7423092629194338,,,
HR_COMPAT,,4,0,3,,0,,,
HR_SYNERGY,,4,0,3,,0.800795075542676,,,
HR_COMPAT,,4,0,4,,0,,,
HR_SYNERGY,,4,0,4,,0.6632395254911707,,,
HR_COMPAT,,4,0,5,,1,,,
HR_SYNERGY,,4,0,5,,0.7868394888758488,,,
HR_COMPAT,,4,0,6,,0,,,
HR_SYNERGY,,4,0,6,,0.8127298090438916,,,
HR_COMPAT,,4,0,7,,0,,,
HR_SYNERGY,,4,0,7,,0.7474850992838145,,,
HR_COMPAT,,4,1,0,,0,,,
HR_SYNERGY,,4,1,0,,0.8239919111628674,,,
HR_COMPAT,,4,1,1,,1,,,
HR_SYNERGY,,4,1,1,,0.8000415286865833,,,
HR_COMPAT,,4,1,2,,1,,,
HR_SYNERGY,,4,1,2,,0.8512990062087796,,,
HR_COMPAT,,4,1,3,,1,,,
HR_SYNERGY,,4,1,3,,0.660386428363522,,,
HR_COMPAT,,4,1,4,,1,,,
HR_SYNERGY,,4,1,4,,0.7240228705857468,,,
HR_COMPAT,,4,1,5,,1,,,
HR_SYNERGY,,4,1,5,,0.7765739756527223,,,
HR_COMPAT,,4,1,6,,0,,,
HR_SYNERGY,,4,1,6,,0.8601430501116447,,,
HR_COMPAT,,4,1,7,,1,,,
HR_SYNERGY,,4,1,7,,0.8913660291374279,,,
HR_COMPAT,,4,2,0,,1,,,
HR_SYNERGY,,4,2,0,,0.8106804034786494,,,
HR_COMPAT,,4,2,1,,0,,,
HR_SYNERGY,,4,2,1,,0.8043656756772285,,,
HR_COMPAT,,4,2,2,,0,,,
HR_SYNERGY,,4,2,2,,0.8315532026968643,,,
HR_COMPAT,,4,2,3,,0,,,
HR_SYNERGY,,4,2,3,,0.8430275374960836,,,
HR_COMPAT,,4,2,4,,0,,,
HR_SYNERGY,,4,2,4,,0.8534168409659625,,,
HR_COMPAT,,4,2,5,,0,,,
HR_SYNERGY,,4,2,5,,0.7470827636141841,,,
HR_COMPAT,,4,2,6,,0,,,
HR_SYNERGY,,4,2,6,,0.887732871203929,,,
HR_COMPAT,,4,2,7,,1,,,
HR_SYNERGY,,4,2,7,,0.8463119870799274,,,
HR_COMPAT,,4,3,0,,0,,,
HR_SYNERGY,,4,3,0,,0.6684183224524398,,,
HR_COMPAT,,4,3,1,,0,,,
HR_SYNERGY,,4,3,1,,0.8168335799682838,,,
HR_COMPAT,,4,3,2,,1,,,
HR_SYNERGY,,4,3,2,,0.7652363262908433,,,
HR_COMPAT,,4,3,3,,1,,,
HR_SYNERGY,,4,3,3,,0.7322262982252021,,,
HR_COMPAT,,4,3,4,,0,,,
HR_SYNERGY,,4,3,4,,0.8543402952285553,,,
HR_COMPAT,,4,3,5,,0,,,
HR_SYNERGY,,4,3,5,,0.798330219406767,,,
HR_COMPAT,,4,3,6,,0,,,
HR_SYNERGY,,4,3,6,,0.6839417836063613,,,
HR_COMPAT,,4,3,7,,1,,,
HR_SYNERGY,,4,3,7,,0.8492184836990826,,,
HR_COMPAT,,4,4,0,,1,,,
HR_SYNERGY,,4,4,0,,0.850497886327886,,,
HR_COMPAT,,4,4,1,,0,,,
HR_SYNERGY,,4,4,1,,0.7777385900526775,,,
HR_COMPAT,,4,4,2,,1,,,
HR_SYNERGY,,4,4,2,,0.8264899236445842,,,
HR_COMPAT,,4,4,3,,0,,,
HR_SYNERGY,,4,4,3,,0.7376734794224711,,,
HR_COMPAT,,4,4,4,,1,,,
HR_SYNERGY,,4,4,4,,0.8813631643684572,,,
HR_COMPAT,,4,4,5,,1,,,
HR_SYNERGY,,4,4,5,,0.7862362115595501,,,
HR_COMPAT,,4,4,6,,0,,,
HR_SYNERGY,,4,4,6,,0.8388322075491261,,,
HR_COMPAT,,4,4,7,,0,,,
HR_SYNERGY,,4,4,7,,0.7986814610004692,,,
HR_COMPAT,,4,5,0,,1,,,
HR_SYNERGY,,4,5,0,,0.7769083008984595,,,
HR_COMPAT,,4,5,1,,0,,,
HR_SYNERGY,,4,5,1,,0.7254578868610849,,,
HR_COMPAT,,4,5,2,,0,,,
HR_SYNERGY,,4,5,2,,0.8391426824423572,,,
HR_COMPAT,,4,5,3,,0,,,
HR_SYNERGY,,4,5,3,,0.8081221966495998,,,
HR_COMPAT,,4,5,4,,1,,,
HR_SYNERGY,,4,5,4,,0.7832345706211856,,,
HR_COMPAT,,4,5,5,,1,,,
HR_SYNERGY,,4,5,5,,0.7028420274790872,,,
HR_COMPAT,,4,5,6,,0,,,
HR_SYNERGY,,4,5,6,,0.7447223465080715,,,
HR_COMPAT,,4,5,7,,0,,,
HR_SYNERGY,,4,5,7,,0.8779168978357081,,,
HR_COMPAT,,4,6,0,,0,,,
HR_SYNERGY,,4,6,0,,0.8411725478711786,,,
HR_COMPAT,,4,6,1,,0,,,
HR_SYNERGY,,4,6,1,,0.8719063377143917,,,
HR_COMPAT,,4,6,2,,1,,,
HR_SYNERGY,,4,6,2,,0.7114844677659855,,,
HR_COMPAT,,4,6,3,,1,,,
HR_SYNERGY,,4,6,3,,0.844306146663533,,,
HR_COMPAT,,4,6,4,,0,,,
HR_SYNERGY,,4,6,4,,0.8557398218043332,,,
HR_COMPAT,,4,6,5,,1,,,
HR_SYNERGY,,4,6,5,,0.860425698268742,,,
HR_COMPAT,,4,6,6,,0,,,
HR_SYNERGY,,4,6,6,,0.8659148018101429,,,
HR_COMPAT,,4,6,7,,0,,,
HR_SYNERGY,,4,6,7,,0.744642509359895,,,
HR_COMPAT,,4,7,0,,0,,,
HR_SYNERGY,,4,7,0,,0.652872295676811,,,
HR_COMPAT,,4,7,1,,1,,,
HR_SYNERGY,,4,7,1,,0.719151392472642,,,
HR_COMPAT,,4,7,2,,0,,,
HR_SYNERGY,,4,7,2,,0.7235254417050118,,,
HR_COMPAT,,4,7,3,,0,,,
HR_SYNERGY,,4,7,3,,0.725969186190343,,,
HR_COMPAT,,4,7,4,,0,,,
HR_SYNERGY,,4,7,4,,0.8586128917447824,,,
HR_COMPAT,,4,7,5,,1,,,
HR_SYNERGY,,4,7,5,,0.7478181344019394,,,
HR_COMPAT,,4,7,6,,0,,,
HR_SYNERGY,,4,7,6,,0.7425420374398432,,,
HR_COMPAT,,4,7,7,,0,,,
HR_SYNERGY,,4,7,7,,0.8237838132122002,,,
HR_COMPAT,,4,8,0,,0,,,
HR_SYNERGY,,4,8,0,,0.8329142452840554,,,
HR_COMPAT,,4,8,1,,0,,,
HR_SYNERGY,,4,8,1,,0.8308602680711927,,,
HR_COMPAT,,4,8,2,,0,,,
HR_SYNERGY,,4,8,2,,0.6614878618451554,,,
HR_COMPAT,,4,8,3,,1,,,
HR_SYNERGY,,4,8,3,,0.7293934658312775,,,
HR_COMPAT,,4,8,4,,1,,,
HR_SYNERGY,,4,8,4,,0.8324859913085814,,,
HR_COMPAT,,4,8,5,,0,,,
HR_SYNERGY,,4,8,5,,0.8126947088875311,,,
HR_COMPAT,,4,8,6,,0,,,
HR_SYNERGY,,4,8,6,,0.8828314562211825,,,
HR_COMPAT,,4,8,7,,0,,,
HR_SYNERGY,,4,8,7,,0.766372113497489,,,
HR_COMPAT,,4,9,0,,0,,,
HR_SYNERGY,,4,9,0,,0.7330035756159688,,,
HR_COMPAT,,4,9,1,,0,,,
HR_SYNERGY,,4,9,1,,0.8060464936579902,,,
HR_COMPAT,,4,9,2,,0,,,
HR_SYNERGY,,4,9,2,,0.7984573663542097,,,
HR_COMPAT,,4,9,3,,0,,,
HR_SYNERGY,,4,9,3,,0.675652799972216,,,
HR_COMPAT,,4,9,4,,0,,,
HR_SYNERGY,,4,9,4,,0.7808213476648759,,,
HR_COMPAT,,4,9,5,,0,,,
HR_SYNERGY,,4,9,5,,0.8588149243870794,,,
HR_COMPAT,,4,9,6,,0,,,
HR_SYNERGY,,4,9,6,,0.7378480572287639,,,
HR_COMPAT,,4,9,7,,1,,,
HR_SYNERGY,,4,9,7,,0.8889831664439339,,,
HR_COMPAT,,5,0,0,,1,,,
HR_SYNERGY,,5,0,0,,0.8380373717129274,,,
HR_COMPAT,,5,0,1,,0,,,
HR_SYNERGY,,5,0,1,,0.732988270208389,,,
HR_COMPAT,,5,0,2,,0,,,
HR_SYNERGY,,5,0,2,,0.8260980154682008,,,
HR_COMPAT,,5,0,3,,0,,,
HR_SYNERGY,,5,0,3,,0.7715548434346908,,,
HR_COMPAT,,5,0,4,,0,,,
HR_SYNERGY,,5,0,4,,0.8586703380743483,,,
HR_COMPAT,,5,0,5,,0,,,
HR_SYNERGY,,5,0,5,,0.8561592941727186,,,
HR_COMPAT,,5,0,6,,1,,,
HR_SYNERGY,,5,0,6,,0.7343065741814054,,,
HR_COMPAT,,5,0,7,,0,,,
HR_SYNERGY,,5,0,7,,0.8135493379308683,,,
HR_COMPAT,,5,1,0,,0,,,
HR_SYNERGY,,5,1,0,,0.7258525445912685,,,
HR_COMPAT,,5,1,1,,0,,,
HR_SYNERGY,,5,1,1,,0.6937399549037846,,,
HR_COMPAT,,5,1,2,,0,,,
HR_SYNERGY,,5,1,2,,0.8016233959240544,,,
HR_COMPAT,,5,1,3,,0,,,
HR_SYNERGY,,5,1,3,,0.719516794599966,,,
HR_COMPAT,,5,1,4,,1,,,
HR_SYNERGY,,5,1,4,,0.7235252229227345,,,
HR_COMPAT,,5,1,5,,0,,,
HR_SYNERGY,,5,1,5,,0.678197944576833,,,
HR_COMPAT,,5,1,6,,0,,,
HR_SYNERGY,,5,1,6,,0.7260005677073784,,,
HR_COMPAT,,5,1,7,,0,,,
HR_SYNERGY,,5,1,7,,0.726017161165397,,,
HR_COMPAT,,5,2,0,,1,,,
HR_SYNERGY,,5,2,0,,0.6578928272584224,,,
HR_COMPAT,,5,2,1,,0,,,
HR_SYNERGY,,5,2,1,,0.6907588393636085,,,
HR_COMPAT,,5,2,2,,0,,,
HR_SYNERGY,,5,2,2,,0.8993365212716148,,,
HR_COMPAT,,5,2,3,,0,,,
HR_SYNERGY,,5,2,3,,0.8257620206632186,,,
HR_COMPAT,,5,2,4,,1,,,
HR_SYNERGY,,5,2,4,,0.6999251795805335,,,
HR_COMPAT,,5,2,5,,1,,,
HR_SYNERGY,,5,2,5,,0.720761150605322,,,
HR_COMPAT,,5,2,6,,1,,,
HR_SYNERGY,,5,2,6,,0.8022614353514982,,,
HR_COMPAT,,5,2,7,,0,,,
HR_SYNERGY,,5,2,7,,0.8113888645119769,,,
HR_COMPAT,,5,3,0,,0,,,
HR_SYNERGY,,5,3,0,,0.8809457520377567,,,
HR_COMPAT,,5,3,1,,0,,,
HR_SYNERGY,,5,3,1,,0.7256844487123653,,,
HR_COMPAT,,5,3,2,,0,,,
HR_SYNERGY,,5,3,2,,0.7380174574155244,,,
HR_COMPAT,,5,3,3,,0,,,
HR_SYNERGY,,5,3,3,,0.8873598132789117,,,
HR_COMPAT,,5,3,4,,0,,,
HR_SYNERGY,,5,3,4,,0.7411979099168723,,,
HR_COMPAT,,5,3,5,,0,,,
HR_SYNERGY,,5,3,5,,0.8174370444014238,,,
HR_COMPAT,,5,3,6,,0,,,
HR_SYNERGY,,5,3,6,,0.8935386283917706,,,
HR_COMPAT,,5,3,7,,0,,,
HR_SYNERGY,,5,3,7,,0.7568173823164496,,,
HR_COMPAT,,5,4,0,,1,,,
HR_SYNERGY,,5,4,0,,0.8352684001317225,,,
HR_COMPAT,,5,4,1,,0,,,
HR_SYNERGY,,5,4,1,,0.7940624364106785,,,
HR_COMPAT,,5,4,2,,0,,,
HR_SYNERGY,,5,4,2,,0.8659018050312721,,,
HR_COMPAT,,5,4,3,,0,,,
HR_SYNERGY,,5,4,3,,0.8482163034581489,,,
HR_COMPAT,,5,4,4,,1,,,
HR_SYNERGY,,5,4,4,,0.7227285538269217,,,
HR_COMPAT,,5,4,5,,1,,,
HR_SYNERGY,,5,4,5,,0.8687174334585327,,,
HR_COMPAT,,5,4,6,,0,,,
HR_SYNERGY,,5,4,6,,0.8691735724606546,,,
HR_COMPAT,,5,4,7,,0,,,
HR_SYNERGY,,5,4,7,,0.7054396088852464,,,
HR_COMPAT,,5,5,0,,1,,,
HR_SYNERGY,,5,5,0,,0.7678015144883668,,,
HR_COMPAT,,5,5,1,,0,,,
HR_SYNERGY,,5,5,1,,0.8764587200345934,,,
HR_COMPAT,,5,5,2,,0,,,
HR_SYNERGY,,5,5,2,,0.8587815762305817,,,
HR_COMPAT,,5,5,3,,0,,,
HR_SYNERGY,,5,5,3,,0.6772527332257303,,,
HR_COMPAT,,5,5,4,,1,,,
HR_SYNERGY,,5,5,4,,0.6799259180882626,,,
HR_COMPAT,,5,5,5,,0,,,
HR_SYNERGY,,5,5,5,,0.8620456780174608,,,
HR_COMPAT,,5,5,6,,0,,,
HR_SYNERGY,,5,5,6,,0.6639221992584237,,,
HR_COMPAT,,5,5,7,,0,,,
HR_SYNERGY,,5,5,7,,0.8955949090776764,,,
HR_COMPAT,,5,6,0,,0,,,
HR_SYNERGY,,5,6,0,,0.8346167210435248,,,
HR_COMPAT,,5,6,1,,0,,,
HR_SYNERGY,,5,6,1,,0.8329856032554563,,,
HR_COMPAT,,5,6,2,,0,,,
HR_SYNERGY,,5,6,2,,0.6774538950233653,,,
HR_COMPAT,,5,6,3,,0,,,
HR_SYNERGY,,5,6,3,,0.7205974195203823,,,
HR_COMPAT,,5,6,4,,0,,,
HR_SYNERGY,,5,6,4,,0.677170375205089,,,
HR_COMPAT,,5,6,5,,1,,,
HR_SYNERGY,,5,6,5,,0.7462955446436256,,,
HR_COMPAT,,5,6,6,,0,,,
HR_SYNERGY,,5,6,6,,0.7354556914734885,,,
HR_COMPAT,,5,6,7,,0,,,
HR_SYNERGY,,5,6,7,,0.8142903338441547,,,
HR_COMPAT,,5,7,0,,0,,,
HR_SYNERGY,,5,7,0,,0.771828595396373,,,
HR_COMPAT,,5,7,1,,0,,,
HR_SYNERGY,,5,7,1,,0.8662614237152381,,,
HR_COMPAT,,5,7,2,,0,,,
HR_SYNERGY,,5,7,2,,0.8130400377349098,,,
HR_COMPAT,,5,7,3,,0,,,
HR_SYNERGY,,5,7,3,,0.6792367555571364,,,
HR_COMPAT,,5,7,4,,0,,,
HR_SYNERGY,,5,7,4,,0.6883071257568779,,,
HR_COMPAT,,5,7,5,,1,,,
HR_SYNERGY,,5,7,5,,0.7625181233292713,,,
HR_COMPAT,,5,7,6,,0,,,
HR_SYNERGY,,5,7,6,,0.7142576969954629,,,
HR_COMPAT,,5,7,7,,0,,,
HR_SYNERGY,,5,7,7,,0.8289313705690695,,,
HR_COMPAT,,5,8,0,,0,,,
HR_SYNERGY,,5,8,0,,0.6699934291631151,,,
HR_COMPAT,,5,8,1,,0,,,
HR_SYNERGY,,5,8,1,,0.6588723520479629,,,
HR_COMPAT,,5,8,2,,0,,,
HR_SYNERGY,,5,8,2,,0.6983850758739749,,,
HR_COMPAT,,5,8,3,,0,,,
HR_SYNERGY,,5,8,3,,0.8883885733599606,,,
HR_COMPAT,,5,8,4,,1,,,
HR_SYNERGY,,5,8,4,,0.8635284965507648,,,
HR_COMPAT,,5,8,5,,0,,,
HR_SYNERGY,,5,8,5,,0.7723640428292596,,,
HR_COMPAT,,5,8,6,,1,,,
HR_SYNERGY,,5,8,6,,0.7590324964924362,,,
HR_COMPAT,,5,8,7,,0,,,
HR_SYNERGY,,5,8,7,,0.8310757700265851,,,
HR_COMPAT,,5,9,0,,1,,,
HR_SYNERGY,,5,9,0,,0.8935614598252828,,,
HR_COMPAT,,5,9,1,,0,,,
HR_SYNERGY,,5,9,1,,0.6802157833371317,,,
HR_COMPAT,,5,9,2,,0,,,
HR_SYNERGY,,5,9,2,,0.6742987686937567,,,
HR_COMPAT,,5,9,3,,0,,,
HR_SYNERGY,,5,9,3,,0.7952352426459744,,,
HR_COMPAT,,5,9,4,,0,,,
HR_SYNERGY,,5,9,4,,0.8745355896828888,,,
HR_COMPAT,,5,9,5,,0,,,
HR_SYNERGY,,5,9,5,,0.8614989860577569,,,
HR_COMPAT,,5,9,6,,0,,,
HR_SYNERGY,,5,9,6,,0.8164068638690475,,,
HR_COMPAT,,5,9,7,,0,,,
HR_SYNERGY,,5,9,7,,0.8027028089802036,,,
HR_COMPAT,,6,0,0,,1,,,
HR_SYNERGY,,6,0,0,,0.6787714098434445,,,
HR_COMPAT,,6,0,1,,0,,,
HR_SYNERGY,,6,0,1,,0.7028402396135244,,,
HR_COMPAT,,6,0,2,,0,,,
HR_SYNERGY,,6,0,2,,0.7567096824824355,,,
HR_COMPAT,,6,0,3,,1,,,
HR_SYNERGY,,6,0,3,,0.7132232683334924,,,
HR_COMPAT,,6,0,4,,0,,,
HR_SYNERGY,,6,0,4,,0.7345210436457599,,,
HR_COMPAT,,6,0,5,,0,,,
HR_SYNERGY,,6,0,5,,0.70318745318092,,,
HR_COMPAT,,6,0,6,,0,,,
HR_SYNERGY,,6,0,6,,0.8903846056520275,,,
HR_COMPAT,,6,0,7,,1,,,
HR_SYNERGY,,6,0,7,,0.7626719405245113,,,
HR_COMPAT,,6,1,0,,0,,,
HR_SYNERGY,,6,1,0,,0.8696451075769533,,,
HR_COMPAT,,6,1,1,,0,,,
HR_SYNERGY,,6,1,1,,0.8752713905603257,,,
HR_COMPAT,,6,1,2,,1,,,
HR_SYNERGY,,6,1,2,,0.7252788800369885,,,
HR_COMPAT,,6,1,3,,1,,,
HR_SYNERGY,,6,1,3,,0.8099546588553113,,,
HR_COMPAT,,6,1,4,,0,,,
HR_SYNERGY,,6,1,4,,0.823377480507396,,,
HR_COMPAT,,6,1,5,,0,,,
HR_SYNERGY,,6,1,5,,0.7361656395341801,,,
HR_COMPAT,,6,1,6,,0,,,
HR_SYNERGY,,6,1,6,,0.8700948732976219,,,
HR_COMPAT,,6,1,7,,1,,,
HR_SYNERGY,,6,1,7,,0.7963568127330385,,,
HR_COMPAT,,6,2,0,,1,,,
HR_SYNERGY,,6,2,0,,0.7641160812163001,,,
HR_COMPAT,,6,2,1,,0,,,
HR_SYNERGY,,6,2,1,,0.797633555514906,,,
HR_COMPAT,,6,2,2,,0,,,
HR_SYNERGY,,6,2,2,,0.7632416230242103,,,
HR_COMPAT,,6,2,3,,0,,,
HR_SYNERGY,,6,2,3,,0.791632964738811,,,
HR_COMPAT,,6,2,4,,0,,,
HR_SYNERGY,,6,2,4,,0.8968869135545081,,,
HR_COMPAT,,6,2,5,,0,,,
HR_SYNERGY,,6,2,5,,0.8039396967489579,,,
HR_COMPAT,,6,2,6,,0,,,
HR_SYNERGY,,6,2,6,,0.724816639480806,,,
HR_COMPAT,,6,2,7,,0,,,
HR_SYNERGY,,6,2,7,,0.7828247218516545,,,
HR_COMPAT,,6,3,0,,0,,,
HR_SYNERGY,,6,3,0,,0.6889357559429049,,,
HR_COMPAT,,6,3,1,,0,,,
HR_SYNERGY,,6,3,1,,0.8461977227084791,,,
HR_COMPAT,,6,3,2,,0,,,
HR_SYNERGY,,6,3,2,,0.7202856240267737,,,
HR_COMPAT,,6,3,3,,0,,,
HR_SYNERGY,,6,3,3,,0.8576933228186816,,,
HR_COMPAT,,6,3,4,,0,,,
HR_SYNERGY,,6,3,4,,0.7822595091345539,,,
HR_COMPAT,,6,3,5,,0,,,
HR_SYNERGY,,6,3,5,,0.8174139035975997,,,
HR_COMPAT,,6,3,6,,0,,,
HR_SYNERGY,,6,3,6,,0.7120738980623256,,,
HR_COMPAT,,6,3,7,,1,,,
HR_SYNERGY,,6,3,7,,0.7718877266629566,,,
HR_COMPAT,,6,4,0,,1,,,
HR_SYNERGY,,6,4,0,,0.6960887014071646,,,
HR_COMPAT,,6,4,1,,0,,,
HR_SYNERGY,,6,4,1,,0.7554192266640889,,,
HR_COMPAT,,6,4,2,,1,,,
HR_SYNERGY,,6,4,2,,0.7464215434533262,,,
HR_COMPAT,,6,4,3,,1,,,
HR_SYNERGY,,6,4,3,,0.7717553746315774,,,
HR_COMPAT,,6,4,4,,0,,,
HR_SYNERGY,,6,4,4,,0.6651596201700233,,,
HR_COMPAT,,6,4,5,,0,,,
HR_SYNERGY,,6,4,5,,0.6794993099047352,,,
HR_COMPAT,,6,4,6,,0,,,
HR_SYNERGY,,6,4,6,,0.7633061750992378,,,
HR_COMPAT,,6,4,7,,0,,,
HR_SYNERGY,,6,4,7,,0.821377310440277,,,
HR_COMPAT,,6,5,0,,1,,,
HR_SYNERGY,,6,5,0,,0.6832848475921303,,,
HR_COMPAT,,6,5,1,,0,,,
HR_SYNERGY,,6,5,1,,0.7723715044682143,,,
HR_COMPAT,,6,5,2,,0,,,
HR_SYNERGY,,6,5,2,,0.6986216701115565,,,
HR_COMPAT,,6,5,3,,0,,,
HR_SYNERGY,,6,5,3,,0.7027471093812014,,,
HR_COMPAT,,6,5,4,,0,,,
HR_SYNERGY,,6,5,4,,0.7723583211438465,,,
HR_COMPAT,,6,5,5,,0,,,
HR_SYNERGY,,6,5,5,,0.800561043796667,,,
HR_COMPAT,,6,5,6,,0,,,
HR_SYNERGY,,6,5,6,,0.7423218423790146,,,
HR_COMPAT,,6,5,7,,0,,,
HR_SYNERGY,,6,5,7,,0.7949212871782871,,,
HR_COMPAT,,6,6,0,,0,,,
HR_SYNERGY,,6,6,0,,0.6580176839005959,,,
HR_COMPAT,,6,6,1,,0,,,
HR_SYNERGY,,6,6,1,,0.7666919215264927,,,
HR_COMPAT,,6,6,2,,0,,,
HR_SYNERGY,,6,6,2,,0.8252244190194344,,,
HR_COMPAT,,6,6,3,,0,,,
HR_SYNERGY,,6,6,3,,0.8401329909572081,,,
HR_COMPAT,,6,6,4,,0,,,
HR_SYNERGY,,6,6,4,,0.69113748978579,,,
HR_COMPAT,,6,6,5,,0,,,
HR_SYNERGY,,6,6,5,,0.8399921190671638,,,
HR_COMPAT,,6,6,6,,0,,,
HR_SYNERGY,,6,6,6,,0.7440259316144179,,,
HR_COMPAT,,6,6,7,,0,,,
HR_SYNERGY,,6,6,7,,0.6579630178222551,,,
HR_COMPAT,,6,7,0,,0,,,
HR_SYNERGY,,6,7,0,,0.8098791199708426,,,
HR_COMPAT,,6,7,1,,0,,,
HR_SYNERGY,,6,7,1,,0.8691952127490091,,,
HR_COMPAT,,6,7,2,,0,,,
HR_SYNERGY,,6,7,2,,0.7998290268060839,,,
HR_COMPAT,,6,7,3,,0,,,
HR_SYNERGY,,6,7,3,,0.6559183830741275,,,
HR_COMPAT,,6,7,4,,0,,,
HR_SYNERGY,,6,7,4,,0.7768485465769902,,,
HR_COMPAT,,6,7,5,,0,,,
HR_SYNERGY,,6,7,5,,0.6915712333019548,,,
HR_COMPAT,,6,7,6,,0,,,
HR_SYNERGY,,6,7,6,,0.737476998943712,,,
HR_COMPAT,,6,7,7,,0,,,
HR_SYNERGY,,6,7,7,,0.8541558766505954,,,
HR_COMPAT,,6,8,0,,0,,,
HR_SYNERGY,,6,8,0,,0.6557310979436644,,,
HR_COMPAT,,6,8,1,,0,,,
HR_SYNERGY,,6,8,1,,0.8635178422316308,,,
HR_COMPAT,,6,8,2,,0,,,
HR_SYNERGY,,6,8,2,,0.8683810525547658,,,
HR_COMPAT,,6,8,3,,1,,,
HR_SYNERGY,,6,8,3,,0.8078830616060617,,,
HR_COMPAT,,6,8,4,,0,,,
HR_SYNERGY,,6,8,4,,0.7552747680698869,,,
HR_COMPAT,,6,8,5,,0,,,
HR_SYNERGY,,6,8,5,,0.6980349995776023,,,
HR_COMPAT,,6,8,6,,0,,,
HR_SYNERGY,,6,8,6,,0.7864645117324057,,,
HR_COMPAT,,6,8,7,,0,,,
HR_SYNERGY,,6,8,7,,0.7523925323748281,,,
HR_COMPAT,,6,9,0,,0,,,
HR_SYNERGY,,6,9,0,,0.8823331228964236,,,
HR_COMPAT,,6,9,1,,0,,,
HR_SYNERGY,,6,9,1,,0.8612232679422285,,,
HR_COMPAT,,6,9,2,,1,,,
HR_SYNERGY,,6,9,2,,0.8142322716674889,,,
HR_COMPAT,,6,9,3,,0,,,
HR_SYNERGY,,6,9,3,,0.7093615308286337,,,
HR_COMPAT,,6,9,4,,0,,,
HR_SYNERGY,,6,9,4,,0.7243877278767729,,,
HR_COMPAT,,6,9,5,,0,,,
HR_SYNERGY,,6,9,5,,0.7324561300368145,,,
HR_COMPAT,,6,9,6,,0,,,
HR_SYNERGY,,6,9,6,,0.8723094332261805,,,
HR_COMPAT,,6,9,7,,1,,,
HR_SYNERGY,,6,9,7,,0.8195180964293348,,,
HR_COMPAT,,7,0,0,,0,,,
HR_SYNERGY,,7,0,0,,0.7227245815133236,,,
HR_COMPAT,,7,0,1,,0,,,
HR_SYNERGY,,7,0,1,,0.8470884110444266,,,
HR_COMPAT,,7,0,2,,0,,,
HR_SYNERGY,,7,0,2,,0.8283496457541348,,,
HR_COMPAT,,7,0,3,,1,,,
HR_SYNERGY,,7,0,3,,0.8830008871859458,,,
HR_COMPAT,,7,0,4,,0,,,
HR_SYNERGY,,7,0,4,,0.7170414322785469,,,
HR_COMPAT,,7,0,5,,0,,,
HR_SYNERGY,,7,0,5,,0.788308300555328,,,
HR_COMPAT,,7,0,6,,0,,,
HR_SYNERGY,,7,0,6,,0.830736621118146,,,
HR_COMPAT,,7,0,7,,1,,,
HR_SYNERGY,,7,0,7,,0.6887147424047058,,,
HR_COMPAT,,7,1,0,,0,,,
HR_SYNERGY,,7,1,0,,0.7921445970923541,,,
HR_COMPAT,,7,1,1,,0,,,
HR_SYNERGY,,7,1,1,,0.7676548321100258,,,
HR_COMPAT,,7,1,2,,0,,,
HR_SYNERGY,,7,1,2,,0.8363848832563181,,,
HR_COMPAT,,7,1,3,,1,,,
HR_SYNERGY,,7,1,3,,0.7696825099676263,,,
HR_COMPAT,,7,1,4,,1,,,
HR_SYNERGY,,7,1,4,,0.8670416446654032,,,
HR_COMPAT,,7,1,5,,0,,,
HR_SYNERGY,,7,1,5,,0.6823794688822407,,,
HR_COMPAT,,7,1,6,,0,,,
HR_SYNERGY,,7,1,6,,0.6792212291275008,,,
HR_COMPAT,,7,1,7,,1,,,
HR_SYNERGY,,7,1,7,,0.8440312369907557,,,
HR_COMPAT,,7,2,0,,0,,,
HR_SYNERGY,,7,2,0,,0.8802679507849838,,,
HR_COMPAT,,7,2,1,,0,,,
HR_SYNERGY,,7,2,1,,0.6580561360665147,,,
HR_COMPAT,,7,2,2,,0,,,
HR_SYNERGY,,7,2,2,,0.7141571070827735,,,
HR_COMPAT,,7,2,3,,0,,,
HR_SYNERGY,,7,2,3,,0.7112102514998851,,,
HR_COMPAT,,7,2,4,,1,,,
HR_SYNERGY,,7,2,4,,0.7712074223486035,,,
HR_COMPAT,,7,2,5,,0,,,
HR_SYNERGY,,7,2,5,,0.8003922139146975,,,
HR_COMPAT,,7,2,6,,0,,,
HR_SYNERGY,,7,2,6,,0.7598212759018119,,,
HR_COMPAT,,7,2,7,,0,,,
HR_SYNERGY,,7,2,7,,0.8336799071450007,,,
HR_COMPAT,,7,3,0,,0,,,
HR_SYNERGY,,7,3,0,,0.6939081395630049,,,
HR_COMPAT,,7,3,1,,0,,,
HR_SYNERGY,,7,3,1,,0.8473049587755783,,,
HR_COMPAT,,7,3,2,,0,,,
HR_SYNERGY,,7,3,2,,0.7485142938366146,,,
HR_COMPAT,,7,3,3,,1,,,
HR_SYNERGY,,7,3,3,,0.7153642369919097,,,
HR_COMPAT,,7,3,4,,0,,,
HR_SYNERGY,,7,3,4,,0.8289681116491502,,,
HR_COMPAT,,7,3,5,,0,,,
HR_SYNERGY,,7,3,5,,0.8489713114717679,,,
HR_COMPAT,,7,3,6,,0,,,
HR_SYNERGY,,7,3,6,,0.8078087671641012,,,
HR_COMPAT,,7,3,7,,1,,,
HR_SYNERGY,,7,3,7,,0.795482663477905,,,
HR_COMPAT,,7,4,0,,0,,,
HR_SYNERGY,,7,4,0,,0.7485297467080265,,,
HR_COMPAT,,7,4,1,,0,,,
HR_SYNERGY,,7,4,1,,0.6538018844070099,,,
HR_COMPAT,,7,4,2,,0,,,
HR_SYNERGY,,7,4,2,,0.8164519652751592,,,
HR_COMPAT,,7,4,3,,1,,,
HR_SYNERGY,,7,4,3,,0.8155017496233444,,,
HR_COMPAT,,7,4,4,,1,,,
HR_SYNERGY,,7,4,4,,0.8021835316863908,,,
HR_COMPAT,,7,4,5,,0,,,
HR_SYNERGY,,7,4,5,,0.8573666479296784,,,
HR_COMPAT,,7,4,6,,0,,,
HR_SYNERGY,,7,4,6,,0.6648678397780948,,,
HR_COMPAT,,7,4,7,,0,,,
HR_SYNERGY,,7,4,7,,0.8904880290636107,,,
HR_COMPAT,,7,5,0,,0,,,
HR_SYNERGY,,7,5,0,,0.7971071074684558,,,
HR_COMPAT,,7,5,1,,0,,,
HR_SYNERGY,,7,5,1,,0.8213173379662804,,,
HR_COMPAT,,7,5,2,,0,,,
HR_SYNERGY,,7,5,2,,0.6878768776470554,,,
HR_COMPAT,,7,5,3,,0,,,
HR_SYNERGY,,7,5,3,,0.6502177891418556,,,
HR_COMPAT,,7,5,4,,1,,,
HR_SYNERGY,,7,5,4,,0.7715684893960959,,,
HR_COMPAT,,7,5,5,,0,,,
HR_SYNERGY,,7,5,5,,0.7456702346709377,,,
HR_COMPAT,,7,5,6,,0,,,
HR_SYNERGY,,7,5,6,,0.7128190979397021,,,
HR_COMPAT,,7,5,7,,0,,,
HR_SYNERGY,,7,5,7,,0.7747254002659163,,,
HR_COMPAT,,7,6,0,,0,,,
HR_SYNERGY,,7,6,0,,0.8971660897469609,,,
HR_COMPAT,,7,6,1,,0,,,
HR_SYNERGY,,7,6,1,,0.8655100774636444,,,
HR_COMPAT,,7,6,2,,0,,,
HR_SYNERGY,,7,6,2,,0.7563287747574015,,,
HR_COMPAT,,7,6,3,,1,,,
HR_SYNERGY,,7,6,3,,0.6751052718157232,,,
HR_COMPAT,,7,6,4,,0,,,
HR_SYNERGY,,7,6,4,,0.7372878160806711,,,
HR_COMPAT,,7,6,5,,0,,,
HR_SYNERGY,,7,6,5,,0.7761076088763009,,,
HR_COMPAT,,7,6,6,,0,,,
HR_SYNERGY,,7,6,6,,0.791371554759334,,,
HR_COMPAT,,7,6,7,,0,,,
HR_SYNERGY,,7,6,7,,0.6954758669899427,,,
HR_COMPAT,,7,7,0,,0,,,
HR_SYNERGY,,7,7,0,,0.8265698692531698,,,
HR_COMPAT,,7,7,1,,0,,,
HR_SYNERGY,,7,7,1,,0.8957637498820621,,,
HR_COMPAT,,7,7,2,,0,,,
HR_SYNERGY,,7,7,2,,0.7848037522168626,,,
HR_COMPAT,,7,7,3,,0,,,
HR_SYNERGY,,7,7,3,,0.6937714026566595,,,
HR_COMPAT,,7,7,4,,0,,,
HR_SYNERGY,,7,7,4,,0.8380252194984505,,,
HR_COMPAT,,7,7,5,,0,,,
HR_SYNERGY,,7,7,5,,0.7037273186339343,,,
HR_COMPAT,,7,7,6,,0,,,
HR_SYNERGY,,7,7,6,,0.6633390623264662,,,
HR_COMPAT,,7,7,7,,0,,,
HR_SYNERGY,,7,7,7,,0.8232708239213464,,,
HR_COMPAT,,7,8,0,,0,,,
HR_SYNERGY,,7,8,0,,0.7479042639212761,,,
HR_COMPAT,,7,8,1,,0,,,
HR_SYNERGY,,7,8,1,,0.8457870932897391,,,
HR_COMPAT,,7,8,2,,0,,,
HR_SYNERGY,,7,8,2,,0.710249962365176,,,
HR_COMPAT,,7,8,3,,0,,,
HR_SYNERGY,,7,8,3,,0.7927972980354778,,,
HR_COMPAT,,7,8,4,,1,,,
HR_SYNERGY,,7,8,4,,0.8697040516009364,,,
HR_COMPAT,,7,8,5,,0,,,
HR_SYNERGY,,7,8,5,,0.6793347868349789,,,
HR_COMPAT,,7,8,6,,0,,,
HR_SYNERGY,,7,8,6,,0.836283902997458,,,
HR_COMPAT,,7,8,7,,0,,,
HR_SYNERGY,,7,8,7,,0.8084936484847309,,,
HR_COMPAT,,7,9,0,,0,,,
HR_SYNERGY,,7,9,0,,0.7880386130868754,,,
HR_COMPAT,,7,9,1,,0,,,
HR_SYNERGY,,7,9,1,,0.7975351183130605,,,
HR_COMPAT,,7,9,2,,0,,,
HR_SYNERGY,,7,9,2,,0.6691511785370129,,,
HR_COMPAT,,7,9,3,,0,,,
HR_SYNERGY,,7,9,3,,0.6594085430667305,,,
HR_COMPAT,,7,9,4,,0,,,
HR_SYNERGY,,7,9,4,,0.8543840185278071,,,
HR_COMPAT,,7,9,5,,0,,,
HR_SYNERGY,,7,9,5,,0.878569289943683,,,
HR_COMPAT,,7,9,6,,0,,,
HR_SYNERGY,,7,9,6,,0.7916006108371755,,,
HR_COMPAT,,7,9,7,,1,,,
HR_SYNERGY,,7,9,7,,0.8376735273271565,,,
HR_COMPAT,,8,0,0,,0,,,
HR_SYNERGY,,8,0,0,,0.7052165038817427,,,
HR_COMPAT,,8,0,1,,0,,,
HR_SYNERGY,,8,0,1,,0.725900290880135,,,
HR_COMPAT,,8,0,2,,0,,,
HR_SYNERGY,,8,0,2,,0.7406804989566731,,,
HR_COMPAT,,8,0,3,,0,,,
HR_SYNERGY,,8,0,3,,0.8081094593829967,,,
HR_COMPAT,,8,0,4,,0,,,
HR_SYNERGY,,8,0,4,,0.836316908160881,,,
HR_COMPAT,,8,0,5,,0,,,
HR_SYNERGY,,8,0,5,,0.779002402952168,,,
HR_COMPAT,,8,0,6,,1,,,
HR_SYNERGY,,8,0,6,,0.8804858734732905,,,
HR_COMPAT,,8,0,7,,1,,,
HR_SYNERGY,,8,0,7,,0.8496622155976019,,,
HR_COMPAT,,8,1,0,,0,,,
HR_SYNERGY,,8,1,0,,0.8215457905522433,,,
HR_COMPAT,,8,1,1,,1,,,
HR_SYNERGY,,8,1,1,,0.6947784829282095,,,
HR_COMPAT,,8,1,2,,0,,,
HR_SYNERGY,,8,1,2,,0.6762377537856034,,,
HR_COMPAT,,8,1,3,,0,,,
HR_SYNERGY,,8,1,3,,0.6605058926750063,,,
HR_COMPAT,,8,1,4,,1,,,
HR_SYNERGY,,8,1,4,,0.7135980495257752,,,
HR_COMPAT,,8,1,5,,0,,,
HR_SYNERGY,,8,1,5,,0.761940169438003,,,
HR_COMPAT,,8,1,6,,1,,,
HR_SYNERGY,,8,1,6,,0.7563092717193145,,,
HR_COMPAT,,8,1,7,,0,,,
HR_SYNERGY,,8,1,7,,0.8902090203490878,,,
HR_COMPAT,,8,2,0,,0,,,
HR_SYNERGY,,8,2,0,,0.7852361011230335,,,
HR_COMPAT,,8,2,1,,0,,,
HR_SYNERGY,,8,2,1,,0.6914794262699133,,,
HR_COMPAT,,8,2,2,,0,,,
HR_SYNERGY,,8,2,2,,0.6855209661562478,,,
HR_COMPAT,,8,2,3,,0,,,
HR_SYNERGY,,8,2,3,,0.6640200131352132,,,
HR_COMPAT,,8,2,4,,1,,,
HR_SYNERGY,,8,2,4,,0.8343726639790319,,,
HR_COMPAT,,8,2,5,,0,,,
HR_SYNERGY,,8,2,5,,0.8342979803267898,,,
HR_COMPAT,,8,2,6,,1,,,
HR_SYNERGY,,8,2,6,,0.8268385695195622,,,
HR_COMPAT,,8,2,7,,1,,,
HR_SYNERGY,,8,2,7,,0.8953107940425487,,,
HR_COMPAT,,8,3,0,,0,,,
HR_SYNERGY,,8,3,0,,0.842469697144474,,,
HR_COMPAT,,8,3,1,,0,,,
HR_SYNERGY,,8,3,1,,0.6758421945265843,,,
HR_COMPAT,,8,3,2,,0,,,
HR_SYNERGY,,8,3,2,,0.7148057396698463,,,
HR_COMPAT,,8,3,3,,0,,,
HR_SYNERGY,,8,3,3,,0.8512475428495793,,,
HR_COMPAT,,8,3,4,,0,,,
HR_SYNERGY,,8,3,4,,0.6779101313640765,,,
HR_COMPAT,,8,3,5,,0,,,
HR_SYNERGY,,8,3,5,,0.7725036358232401,,,
HR_COMPAT,,8,3,6,,0,,,
HR_SYNERGY,,8,3,6,,0.6869372912018099,,,
HR_COMPAT,,8,3,7,,0,,,
HR_SYNERGY,,8,3,7,,0.6938402681402136,,,
HR_COMPAT,,8,4,0,,0,,,
HR_SYNERGY,,8,4,0,,0.6600146215900635,,,
HR_COMPAT,,8,4,1,,0,,,
HR_SYNERGY,,8,4,1,,0.6796323517841074,,,
HR_COMPAT,,8,4,2,,0,,,
HR_SYNERGY,,8,4,2,,0.7017926731032578,,,
HR_COMPAT,,8,4,3,,0,,,
HR_SYNERGY,,8,4,3,,0.8675004602666161,,,
HR_COMPAT,,8,4,4,,1,,,
HR_SYNERGY,,8,4,4,,0.7770108371079337,,,
HR_COMPAT,,8,4,5,,0,,,
HR_SYNERGY,,8,4,5,,0.8296949551854975,,,
HR_COMPAT,,8,4,6,,0,,,
HR_SYNERGY,,8,4,6,,0.7622159158688324,,,
HR_COMPAT,,8,4,7,,0,,,
HR_SYNERGY,,8,4,7,,0.6650032186394552,,,
HR_COMPAT,,8,5,0,,0,,,
HR_SYNERGY,,8,5,0,,0.7473622908162507,,,
HR_COMPAT,,8,5,1,,0,,,
HR_SYNERGY,,8,5,1,,0.8898577019561319,,,
HR_COMPAT,,8,5,2,,0,,,
HR_SYNERGY,,8,5,2,,0.7161953919552035,,,
HR_COMPAT,,8,5,3,,0,,,
HR_SYNERGY,,8,5,3,,0.8486013349564278,,,
HR_COMPAT,,8,5,4,,1,,,
HR_SYNERGY,,8,5,4,,0.7457768004900602,,,
HR_COMPAT,,8,5,5,,0,,,
HR_SYNERGY,,8,5,5,,0.8895339866858232,,,
HR_COMPAT,,8,5,6,,0,,,
HR_SYNERGY,,8,5,6,,0.7262576586211907,,,
HR_COMPAT,,8,5,7,,0,,,
HR_SYNERGY,,8,5,7,,0.709488049373246,,,
HR_COMPAT,,8,6,0,,0,,,
HR_SYNERGY,,8,6,0,,0.7636932271581066,,,
HR_COMPAT,,8,6,1,,1,,,
HR_SYNERGY,,8,6,1,,0.7080819353117161,,,
HR_COMPAT,,8,6,2,,0,,,
HR_SYNERGY,,8,6,2,,0.6643405457922638,,,
HR_COMPAT,,8,6,3,,0,,,
HR_SYNERGY,,8,6,3,,0.781079266137673,,,
HR_COMPAT,,8,6,4,,1,,,
HR_SYNERGY,,8,6,4,,0.7218807692734351,,,
HR_COMPAT,,8,6,5,,0,,,
HR_SYNERGY,,8,6,5,,0.8943031116188148,,,
HR_COMPAT,,8,6,6,,0,,,
HR_SYNERGY,,8,6,6,,0.6589082060270874,,,
HR_COMPAT,,8,6,7,,0,,,
HR_SYNERGY,,8,6,7,,0.733062343423335,,,
HR_COMPAT,,8,7,0,,0,,,
HR_SYNERGY,,8,7,0,,0.8235659295812814,,,
HR_COMPAT,,8,7,1,,1,,,
HR_SYNERGY,,8,7,1,,0.6704761637606856,,,
HR_COMPAT,,8,7,2,,0,,,
HR_SYNERGY,,8,7,2,,0.8267988839292082,,,
HR_COMPAT,,8,7,3,,0,,,
HR_SYNERGY,,8,7,3,,0.8519455933587862,,,
HR_COMPAT,,8,7,4,,0,,,
HR_SYNERGY,,8,7,4,,0.7900405216725986,,,
HR_COMPAT,,8,7,5,,0,,,
HR_SYNERGY,,8,7,5,,0.7459736210002718,,,
HR_COMPAT,,8,7,6,,0,,,
HR_SYNERGY,,8,7,6,,0.6933002640499334,,,
HR_COMPAT,,8,7,7,,0,,,
HR_SYNERGY,,8,7,7,,0.8864239773806651,,,
HR_COMPAT,,8,8,0,,0,,,
HR_SYNERGY,,8,8,0,,0.8644429103180907,,,
HR_COMPAT,,8,8,1,,0,,,
HR_SYNERGY,,8,8,1,,0.7302488437257569,,,
HR_COMPAT,,8,8,2,,0,,,
HR_SYNERGY,,8,8,2,,0.8859723375167367,,,
HR_COMPAT,,8,8,3,,0,,,
HR_SYNERGY,,8,8,3,,0.7448706803085308,,,
HR_COMPAT,,8,8,4,,1,,,
HR_SYNERGY,,8,8,4,,0.8402707900166625,,,
HR_COMPAT,,8,8,5,,0,,,
HR_SYNERGY,,8,8,5,,0.7720788114896218,,,
HR_COMPAT,,8,8,6,,1,,,
HR_SYNERGY,,8,8,6,,0.8499304049273514,,,
HR_COMPAT,,8,8,7,,0,,,
HR_SYNERGY,,8,8,7,,0.8829311422053041,,,
HR_COMPAT,,8,9,0,,0,,,
HR_SYNERGY,,8,9,0,,0.8082564800771508,,,
HR_COMPAT,,8,9,1,,0,,,
HR_SYNERGY,,8,9,1,,0.6744957648161715,,,
HR_COMPAT,,8,9,2,,0,,,
HR_SYNERGY,,8,9,2,,0.7633721499017924,,,
HR_COMPAT,,8,9,3,,0,,,
HR_SYNERGY,,8,9,3,,0.7366395658108886,,,
HR_COMPAT,,8,9,4,,0,,,
HR_SYNERGY,,8,9,4,,0.7589484288498138,,,
HR_COMPAT,,8,9,5,,0,,,
HR_SYNERGY,,8,9,5,,0.658630856333337,,,
HR_COMPAT,,8,9,6,,1,,,
HR_SYNERGY,,8,9,6,,0.8914698856866055,,,
HR_COMPAT,,8,9,7,,0,,,
HR_SYNERGY,,8,9,7,,0.7621694270432136,,,
HR_COMPAT,,9,0,0,,0,,,
HR_SYNERGY,,9,0,0,,0.8466065510055794,,,
HR_COMPAT,,9,0,1,,1,,,
HR_SYNERGY,,9,0,1,,0.6632179209504989,,,
HR_COMPAT,,9,0,2,,0,,,
HR_SYNERGY,,9,0,2,,0.8169250390484646,,,
HR_COMPAT,,9,0,3,,0,,,
HR_SYNERGY,,9,0,3,,0.6948072206150205,,,
HR_COMPAT,,9,0,4,,0,,,
HR_SYNERGY,,9,0,4,,0.8831152981288133,,,
HR_COMPAT,,9,0,5,,0,,,
HR_SYNERGY,,9,0,5,,0.6703472307323575,,,
HR_COMPAT,,9,0,6,,0,,,
HR_SYNERGY,,9,0,6,,0.8513220820987564,,,
HR_COMPAT,,9,0,7,,1,,,
HR_SYNERGY,,9,0,7,,0.8065270584545523,,,
HR_COMPAT,,9,1,0,,0,,,
HR_SYNERGY,,9,1,0,,0.6517048040248556,,,
HR_COMPAT,,9,1,1,,1,,,
HR_SYNERGY,,9,1,1,,0.7832682480463073,,,
HR_COMPAT,,9,1,2,,1,,,
HR_SYNERGY,,9,1,2,,0.8308321233102264,,,
HR_COMPAT,,9,1,3,,0,,,
HR_SYNERGY,,9,1,3,,0.8101265445859791,,,
HR_COMPAT,,9,1,4,,1,,,
HR_SYNERGY,,9,1,4,,0.6597123602185677,,,
HR_COMPAT,,9,1,5,,0,,,
HR_SYNERGY,,9,1,5,,0.7345952019439987,,,
HR_COMPAT,,9,1,6,,1,,,
HR_SYNERGY,,9,1,6,,0.7361867605679466,,,
HR_COMPAT,,9,1,7,,1,,,
HR_SYNERGY,,9,1,7,,0.797549055614114,,,
HR_COMPAT,,9,2,0,,0,,,
HR_SYNERGY,,9,2,0,,0.7313230204279813,,,
HR_COMPAT,,9,2,1,,0,,,
HR_SYNERGY,,9,2,1,,0.8830804031355177,,,
HR_COMPAT,,9,2,2,,0,,,
HR_SYNERGY,,9,2,2,,0.8272293999816573,,,
HR_COMPAT,,9,2,3,,0,,,
HR_SYNERGY,,9,2,3,,0.6912902985204995,,,
HR_COMPAT,,9,2,4,,1,,,
HR_SYNERGY,,9,2,4,,0.7945596394014215,,,
HR_COMPAT,,9,2,5,,0,,,
HR_SYNERGY,,9,2,5,,0.6652514197639291,,,
HR_COMPAT,,9,2,6,,1,,,
HR_SYNERGY,,9,2,6,,0.8668113453687647,,,
HR_COMPAT,,9,2,7,,0,,,
HR_SYNERGY,,9,2,7,,0.7026664383423945,,,
HR_COMPAT,,9,3,0,,0,,,
HR_SYNERGY,,9,3,0,,0.7496748193542869,,,
HR_COMPAT,,9,3,1,,0,,,
HR_SYNERGY,,9,3,1,,0.8816756125723718,,,
HR_COMPAT,,9,3,2,,1,,,
HR_SYNERGY,,9,3,2,,0.8323542240965511,,,
HR_COMPAT,,9,3,3,,0,,,
HR_SYNERGY,,9,3,3,,0.7767900743873919,,,
HR_COMPAT,,9,3,4,,0,,,
HR_SYNERGY,,9,3,4,,0.8824471753526157,,,
HR_COMPAT,,9,3,5,,0,,,
HR_SYNERGY,,9,3,5,,0.7596814735914462,,,
HR_COMPAT,,9,3,6,,0,,,
HR_SYNERGY,,9,3,6,,0.746626551093415,,,
HR_COMPAT,,9,3,7,,1,,,
HR_SYNERGY,,9,3,7,,0.7081955256217534,,,
HR_COMPAT,,9,4,0,,0,,,
HR_SYNERGY,,9,4,0,,0.709114516773236,,,
HR_COMPAT,,9,4,1,,0,,,
HR_SYNERGY,,9,4,1,,0.7416779593416766,,,
HR_COMPAT,,9,4,2,,0,,,
HR_SYNERGY,,9,4,2,,0.6914176814517856,,,
HR_COMPAT,,9,4,3,,0,,,
HR_SYNERGY,,9,4,3,,0.692828521664704,,,
HR_COMPAT,,9,4,4,,1,,,
HR_SYNERGY,,9,4,4,,0.7854918218504964,,,
HR_COMPAT,,9,4,5,,0,,,
HR_SYNERGY,,9,4,5,,0.7289734685982284,,,
HR_COMPAT,,9,4,6,,0,,,
HR_SYNERGY,,9,4,6,,0.7847429887984004,,,
HR_COMPAT,,9,4,7,,0,,,
HR_SYNERGY,,9,4,7,,0.8463699083611406,,,
HR_COMPAT,,9,5,0,,0,,,
HR_SYNERGY,,9,5,0,,0.8199423167992206,,,
HR_COMPAT,,9,5,1,,0,,,
HR_SYNERGY,,9,5,1,,0.7652391099762825,,,
HR_COMPAT,,9,5,2,,0,,,
HR_SYNERGY,,9,5,2,,0.7722906356617826,,,
HR_COMPAT,,9,5,3,,0,,,
HR_SYNERGY,,9,5,3,,0.7846225491611927,,,
HR_COMPAT,,9,5,4,,1,,,
HR_SYNERGY,,9,5,4,,0.7124521522819973,,,
HR_COMPAT,,9,5,5,,0,,,
HR_SYNERGY,,9,5,5,,0.7895274901716882,,,
HR_COMPAT,,9,5,6,,0,,,
HR_SYNERGY,,9,5,6,,0.7040339024014518,,,
HR_COMPAT,,9,5,7,,0,,,
HR_SYNERGY,,9,5,7,,0.7834095714248689,,,
HR_COMPAT,,9,6,0,,0,,,
HR_SYNERGY,,9,6,0,,0.7973557043923878,,,
HR_COMPAT,,9,6,1,,1,,,
HR_SYNERGY,,9,6,1,,0.6746652476513412,,,
HR_COMPAT,,9,6,2,,0,,,
HR_SYNERGY,,9,6,2,,0.7025263461347563,,,
HR_COMPAT,,9,6,3,,0,,,
HR_SYNERGY,,9,6,3,,0.81860477192107,,,
HR_COMPAT,,9,6,4,,1,,,
HR_SYNERGY,,9,6,4,,0.7925548954984696,,,
HR_COMPAT,,9,6,5,,0,,,
HR_SYNERGY,,9,6,5,,0.8868876272943969,,,
HR_COMPAT,,9,6,6,,1,,,
HR_SYNERGY,,9,6,6,,0.6895829831076005,,,
HR_COMPAT,,9,6,7,,0,,,
HR_SYNERGY,,9,6,7,,0.8870983504752729,,,
HR_COMPAT,,9,7,0,,0,,,
HR_SYNERGY,,9,7,0,,0.8132648352541623,,,
HR_COMPAT,,9,7,1,,1,,,
HR_SYNERGY,,9,7,1,,0.8337419609599683,,,
HR_COMPAT,,9,7,2,,0,,,
HR_SYNERGY,,9,7,2,,0.8819237329298963,,,
HR_COMPAT,,9,7,3,,0,,,
HR_SYNERGY,,9,7,3,,0.8365316465897813,,,
HR_COMPAT,,9,7,4,,0,,,
HR_SYNERGY,,9,7,4,,0.7311721102344466,,,
HR_COMPAT,,9,7,5,,0,,,
HR_SYNERGY,,9,7,5,,0.6963633320205573,,,
HR_COMPAT,,9,7,6,,0,,,
HR_SYNERGY,,9,7,6,,0.7540360473701015,,,
HR_COMPAT,,9,7,7,,0,,,
HR_SYNERGY,,9,7,7,,0.8606076703169219,,,
HR_COMPAT,,9,8,0,,0,,,
HR_SYNERGY,,9,8,0,,0.7626182556381508,,,
HR_COMPAT,,9,8,1,,0,,,
HR_SYNERGY,,9,8,1,,0.8550435319569046,,,
HR_COMPAT,,9,8,2,,0,,,
HR_SYNERGY,,9,8,2,,0.684124794336008,,,
HR_COMPAT,,9,8,3,,0,,,
HR_SYNERGY,,9,8,3,,0.868177251031695,,,
HR_COMPAT,,9,8,4,,1,,,
HR_SYNERGY,,9,8,4,,0.7234396613598344,,,
HR_COMPAT,,9,8,5,,0,,,
HR_SYNERGY,,9,8,5,,0.8991786784726676,,,
HR_COMPAT,,9,8,6,,1,,,
HR_SYNERGY,,9,8,6,,0.6508968658377513,,,
HR_COMPAT,,9,8,7,,0,,,
HR_SYNERGY,,9,8,7,,0.6816910198421453,,,
HR_COMPAT,,9,9,0,,0,,,
HR_SYNERGY,,9,9,0,,0.6928743221036356,,,
HR_COMPAT,,9,9,1,,0,,,
HR_SYNERGY,,9,9,1,,0.8804017295524917,,,
HR_COMPAT,,9,9,2,,1,,,
HR_SYNERGY,,9,9,2,,0.8750659349504025,,,
HR_COMPAT,,9,9,3,,0,,,
HR_SYNERGY,,9,9,3,,0.7640932487504002,,,
HR_COMPAT,,9,9,4,,0,,,
HR_SYNERGY,,9,9,4,,0.8778140759614338,,,
HR_COMPAT,,9,9,5,,0,,,
HR_SYNERGY,,9,9,5,,0.7410193295742128,,,
HR_COMPAT,,9,9,6,,1,,,
HR_SYNERGY,,9,9,6,,0.8962979396247097,,,
HR_COMPAT,,9,9,7,,1,,,
HR_SYNERGY,,9,9,7,,0.8221825303241177,,,
HR_COMPAT,,10,0,0,,1,,,
HR_SYNERGY,,10,0,0,,0.7933730055852928,,,
HR_COMPAT,,10,0,1,,1,,,
HR_SYNERGY,,10,0,1,,0.7328417523065065,,,
HR_COMPAT,,10,0,2,,0,,,
HR_SYNERGY,,10,0,2,,0.8412131033517221,,,
HR_COMPAT,,10,0,3,,0,,,
HR_SYNERGY,,10,0,3,,0.7405145522706174,,,
HR_COMPAT,,10,0,4,,0,,,
HR_SYNERGY,,10,0,4,,0.8030078708775751,,,
HR_COMPAT,,10,0,5,,1,,,
HR_SYNERGY,,10,0,5,,0.706246428588508,,,
HR_COMPAT,,10,0,6,,1,,,
HR_SYNERGY,,10,0,6,,0.8862526529558803,,,
HR_COMPAT,,10,0,7,,1,,,
HR_SYNERGY,,10,0,7,,0.8113247931222363,,,
HR_COMPAT,,10,1,0,,0,,,
HR_SYNERGY,,10,1,0,,0.6789379490852876,,,
HR_COMPAT,,10,1,1,,1,,,
HR_SYNERGY,,10,1,1,,0.8196080514339861,,,
HR_COMPAT,,10,1,2,,0,,,
HR_SYNERGY,,10,1,2,,0.6938406303943135,,,
HR_COMPAT,,10,1,3,,0,,,
HR_SYNERGY,,10,1,3,,0.8418332940371137,,,
HR_COMPAT,,10,1,4,,1,,,
HR_SYNERGY,,10,1,4,,0.785296920867726,,,
HR_COMPAT,,10,1,5,,1,,,
HR_SYNERGY,,10,1,5,,0.6715489292749165,,,
HR_COMPAT,,10,1,6,,0,,,
HR_SYNERGY,,10,1,6,,0.7990300427345391,,,
HR_COMPAT,,10,1,7,,1,,,
HR_SYNERGY,,10,1,7,,0.8700753255152872,,,
HR_COMPAT,,10,2,0,,1,,,
HR_SYNERGY,,10,2,0,,0.7687367140912835,,,
HR_COMPAT,,10,2,1,,0,,,
HR_SYNERGY,,10,2,1,,0.7403210625656093,,,
HR_COMPAT,,10,2,2,,0,,,
HR_SYNERGY,,10,2,2,,0.7060912120902325,,,
HR_COMPAT,,10,2,3,,0,,,
HR_SYNERGY,,10,2,3,,0.7626283119945749,,,
HR_COMPAT,,10,2,4,,1,,,
HR_SYNERGY,,10,2,4,,0.8898141533493911,,,
HR_COMPAT,,10,2,5,,1,,,
HR_SYNERGY,,10,2,5,,0.8014997196667332,,,
HR_COMPAT,,10,2,6,,1,,,
HR_SYNERGY,,10,2,6,,0.7991534436133992,,,
HR_COMPAT,,10,2,7,,1,,,
HR_SYNERGY,,10,2,7,,0.6868311476520492,,,
HR_COMPAT,,10,3,0,,0,,,
HR_SYNERGY,,10,3,0,,0.7253797417881634,,,
HR_COMPAT,,10,3,1,,0,,,
HR_SYNERGY,,10,3,1,,0.8278287382266831,,,
HR_COMPAT,,10,3,2,,0,,,
HR_SYNERGY,,10,3,2,,0.8459076569268379,,,
HR_COMPAT,,10,3,3,,0,,,
HR_SYNERGY,,10,3,3,,0.7261706931855643,,,
HR_COMPAT,,10,3,4,,0,,,
HR_SYNERGY,,10,3,4,,0.7400078076968861,,,
HR_COMPAT,,10,3,5,,0,,,
HR_SYNERGY,,10,3,5,,0.8085463380071863,,,
HR_COMPAT,,10,3,6,,0,,,
HR_SYNERGY,,10,3,6,,0.7850293509286469,,,
HR_COMPAT,,10,3,7,,1,,,
HR_SYNERGY,,10,3,7,,0.7996044823672654,,,
HR_COMPAT,,10,4,0,,1,,,
HR_SYNERGY,,10,4,0,,0.8396947674776356,,,
HR_COMPAT,,10,4,1,,0,,,
HR_SYNERGY,,10,4,1,,0.7165156674981521,,,
HR_COMPAT,,10,4,2,,0,,,
HR_SYNERGY,,10,4,2,,0.8861454902554126,,,
HR_COMPAT,,10,4,3,,0,,,
HR_SYNERGY,,10,4,3,,0.8989950173946166,,,
HR_COMPAT,,10,4,4,,1,,,
HR_SYNERGY,,10,4,4,,0.7800117345869851,,,
HR_COMPAT,,10,4,5,,1,,,
HR_SYNERGY,,10,4,5,,0.7707341622829245,,,
HR_COMPAT,,10,4,6,,0,,,
HR_SYNERGY,,10,4,6,,0.8745838849551602,,,
HR_COMPAT,,10,4,7,,0,,,
HR_SYNERGY,,10,4,7,,0.6528145792828146,,,
HR_COMPAT,,10,5,0,,1,,,
HR_SYNERGY,,10,5,0,,0.7796164655472583,,,
HR_COMPAT,,10,5,1,,0,,,
HR_SYNERGY,,10,5,1,,0.7808852754384613,,,
HR_COMPAT,,10,5,2,,0,,,
HR_SYNERGY,,10,5,2,,0.7910658560948679,,,
HR_COMPAT,,10,5,3,,0,,,
HR_SYNERGY,,10,5,3,,0.7685078213389683,,,
HR_COMPAT,,10,5,4,,1,,,
HR_SYNERGY,,10,5,4,,0.7277880153223607,,,
HR_COMPAT,,10,5,5,,1,,,
HR_SYNERGY,,10,5,5,,0.754361047067834,,,
HR_COMPAT,,10,5,6,,0,,,
HR_SYNERGY,,10,5,6,,0.7391293350270447,,,
HR_COMPAT,,10,5,7,,0,,,
HR_SYNERGY,,10,5,7,,0.8475913332201668,,,
HR_COMPAT,,10,6,0,,0,,,
HR_SYNERGY,,10,6,0,,0.7542163203948447,,,
HR_COMPAT,,10,6,1,,1,,,
HR_SYNERGY,,10,6,1,,0.7740542082109109,,,
HR_COMPAT,,10,6,2,,0,,,
HR_SYNERGY,,10,6,2,,0.8560421541099146,,,
HR_COMPAT,,10,6,3,,0,,,
HR_SYNERGY,,10,6,3,,0.8989777829567138,,,
HR_COMPAT,,10,6,4,,1,,,
HR_SYNERGY,,10,6,4,,0.7185959127325938,,,
HR_COMPAT,,10,6,5,,1,,,
HR_SYNERGY,,10,6,5,,0.6778852831443006,,,
HR_COMPAT,,10,6,6,,1,,,
HR_SYNERGY,,10,6,6,,0.7928436965944416,,,
HR_COMPAT,,10,6,7,,0,,,
HR_SYNERGY,,10,6,7,,0.6968957388976506,,,
HR_COMPAT,,10,7,0,,0,,,
HR_SYNERGY,,10,7,0,,0.7570660340201578,,,
HR_COMPAT,,10,7,1,,1,,,
HR_SYNERGY,,10,7,1,,0.8877871009705894,,,
HR_COMPAT,,10,7,2,,0,,,
HR_SYNERGY,,10,7,2,,0.7017415567172804,,,
HR_COMPAT,,10,7,3,,0,,,
HR_SYNERGY,,10,7,3,,0.7519687906761049,,,
HR_COMPAT,,10,7,4,,0,,,
HR_SYNERGY,,10,7,4,,0.8331986183028448,,,
HR_COMPAT,,10,7,5,,1,,,
HR_SYNERGY,,10,7,5,,0.7142949612769545,,,
HR_COMPAT,,10,7,6,,0,,,
HR_SYNERGY,,10,7,6,,0.8300869018864102,,,
HR_COMPAT,,10,7,7,,0,,,
HR_SYNERGY,,10,7,7,,0.7538796110621908,,,
HR_COMPAT,,10,8,0,,0,,,
HR_SYNERGY,,10,8,0,,0.7745257130359359,,,
HR_COMPAT,,10,8,1,,0,,,
HR_SYNERGY,,10,8,1,,0.8950128025064379,,,
HR_COMPAT,,10,8,2,,0,,,
HR_SYNERGY,,10,8,2,,0.6576387221684687,,,
HR_COMPAT,,10,8,3,,0,,,
HR_SYNERGY,,10,8,3,,0.6718563975440479,,,
HR_COMPAT,,10,8,4,,1,,,
HR_SYNERGY,,10,8,4,,0.7077653955999015,,,
HR_COMPAT,,10,8,5,,0,,,
HR_SYNERGY,,10,8,5,,0.7623582748392645,,,
HR_COMPAT,,10,8,6,,0,,,
HR_SYNERGY,,10,8,6,,0.695686348347157,,,
HR_COMPAT,,10,8,7,,0,,,
HR_SYNERGY,,10,8,7,,0.7383956041453006,,,
HR_COMPAT,,10,9,0,,0,,,
HR_SYNERGY,,10,9,0,,0.7245732931803586,,,
HR_COMPAT,,10,9,1,,0,,,
HR_SYNERGY,,10,9,1,,0.7320301152470929,,,
HR_COMPAT,,10,9,2,,0,,,
HR_SYNERGY,,10,9,2,,0.8432461528873917,,,
HR_COMPAT,,10,9,3,,0,,,
HR_SYNERGY,,10,9,3,,0.6542978669496391,,,
HR_COMPAT,,10,9,4,,0,,,
HR_SYNERGY,,10,9,4,,0.7664476243494721,,,
HR_COMPAT,,10,9,5,,0,,,
HR_SYNERGY,,10,9,5,,0.825770141174128,,,
HR_COMPAT,,10,9,6,,1,,,
HR_SYNERGY,,10,9,6,,0.65211734154486,,,
HR_COMPAT,,10,9,7,,1,,,
HR_SYNERGY,,10,9,7,,0.8553954755072691,,,
HR_COMPAT,,11,0,0,,0,,,
HR_SYNERGY,,11,0,0,,0.8442032352661809,,,
HR_COMPAT,,11,0,1,,0,,,
HR_SYNERGY,,11,0,1,,0.7228181746826651,,,
HR_COMPAT,,11,0,2,,0,,,
HR_SYNERGY,,11,0,2,,0.8896169044027419,,,
HR_COMPAT,,11,0,3,,0,,,
HR_SYNERGY,,11,0,3,,0.8718004384582844,,,
HR_COMPAT,,11,0,4,,0,,,
HR_SYNERGY,,11,0,4,,0.7347280226784931,,,
HR_COMPAT,,11,0,5,,0,,,
HR_SYNERGY,,11,0,5,,0.7037613274799425,,,
HR_COMPAT,,11,0,6,,0,,,
HR_SYNERGY,,11,0,6,,0.7450868057681322,,,
HR_COMPAT,,11,0,7,,1,,,
HR_SYNERGY,,11,0,7,,0.7437859180569918,,,
HR_COMPAT,,11,1,0,,0,,,
HR_SYNERGY,,11,1,0,,0.8818091870802968,,,
HR_COMPAT,,11,1,1,,0,,,
HR_SYNERGY,,11,1,1,,0.8001385495223408,,,
HR_COMPAT,,11,1,2,,1,,,
HR_SYNERGY,,11,1,2,,0.830051697146921,,,
HR_COMPAT,,11,1,3,,0,,,
HR_SYNERGY,,11,1,3,,0.8638997804610986,,,
HR_COMPAT,,11,1,4,,1,,,
HR_SYNERGY,,11,1,4,,0.7922955720167812,,,
HR_COMPAT,,11,1,5,,0,,,
HR_SYNERGY,,11,1,5,,0.8849879452646976,,,
HR_COMPAT,,11,1,6,,0,,,
HR_SYNERGY,,11,1,6,,0.7484767751460771,,,
HR_COMPAT,,11,1,7,,1,,,
HR_SYNERGY,,11,1,7,,0.8493092476828586,,,
HR_COMPAT,,11,2,0,,1,,,
HR_SYNERGY,,11,2,0,,0.8458939123073731,,,
HR_COMPAT,,11,2,1,,0,,,
HR_SYNERGY,,11,2,1,,0.7619359982347664,,,
HR_COMPAT,,11,2,2,,0,,,
HR_SYNERGY,,11,2,2,,0.8229674468415364,,,
HR_COMPAT,,11,2,3,,0,,,
HR_SYNERGY,,11,2,3,,0.8869619384802738,,,
HR_COMPAT,,11,2,4,,1,,,
HR_SYNERGY,,11,2,4,,0.7892261937157823,,,
HR_COMPAT,,11,2,5,,0,,,
HR_SYNERGY,,11,2,5,,0.7951080459160051,,,
HR_COMPAT,,11,2,6,,0,,,
HR_SYNERGY,,11,2,6,,0.7820278624761766,,,
HR_COMPAT,,11,2,7,,1,,,
HR_SYNERGY,,11,2,7,,0.8128320354322199,,,
HR_COMPAT,,11,3,0,,0,,,
HR_SYNERGY,,11,3,0,,0.8381562213317698,,,
HR_COMPAT,,11,3,1,,0,,,
HR_SYNERGY,,11,3,1,,0.8845051770919933,,,
HR_COMPAT,,11,3,2,,1,,,
HR_SYNERGY,,11,3,2,,0.8894153344316844,,,
HR_COMPAT,,11,3,3,,0,,,
HR_SYNERGY,,11,3,3,,0.7314628190396778,,,
HR_COMPAT,,11,3,4,,0,,,
HR_SYNERGY,,11,3,4,,0.6638962910506966,,,
HR_COMPAT,,11,3,5,,0,,,
HR_SYNERGY,,11,3,5,,0.7361529856784645,,,
HR_COMPAT,,11,3,6,,0,,,
HR_SYNERGY,,11,3,6,,0.8844246299000527,,,
HR_COMPAT,,11,3,7,,1,,,
HR_SYNERGY,,11,3,7,,0.8007717920421814,,,
HR_COMPAT,,11,4,0,,1,,,
HR_SYNERGY,,11,4,0,,0.7992070196252306,,,
HR_COMPAT,,11,4,1,,0,,,
HR_SYNERGY,,11,4,1,,0.8648020456425382,,,
HR_COMPAT,,11,4,2,,1,,,
HR_SYNERGY,,11,4,2,,0.7180552098534789,,,
HR_COMPAT,,11,4,3,,0,,,
HR_SYNERGY,,11,4,3,,0.7627122474267279,,,
HR_COMPAT,,11,4,4,,0,,,
HR_SYNERGY,,11,4,4,,0.8694335705842412,,,
HR_COMPAT,,11,4,5,,0,,,
HR_SYNERGY,,11,4,5,,0.7081080847363743,,,
HR_COMPAT,,11,4,6,,0,,,
HR_SYNERGY,,11,4,6,,0.7244117379847841,,,
HR_COMPAT,,11,4,7,,0,,,
HR_SYNERGY,,11,4,7,,0.8159025968041953,,,
HR_COMPAT,,11,5,0,,1,,,
HR_SYNERGY,,11,5,0,,0.6556436591904653,,,
HR_COMPAT,,11,5,1,,0,,,
HR_SYNERGY,,11,5,1,,0.7713418590376355,,,
HR_COMPAT,,11,5,2,,0,,,
HR_SYNERGY,,11,5,2,,0.8864794535918477,,,
HR_COMPAT,,11,5,3,,0,,,
HR_SYNERGY,,11,5,3,,0.7975593901459295,,,
HR_COMPAT,,11,5,4,,0,,,
HR_SYNERGY,,11,5,4,,0.7339722760460897,,,
HR_COMPAT,,11,5,5,,0,,,
HR_SYNERGY,,11,5,5,,0.7090594197032818,,,
HR_COMPAT,,11,5,6,,0,,,
HR_SYNERGY,,11,5,6,,0.8200965448173165,,,
HR_COMPAT,,11,5,7,,0,,,
HR_SYNERGY,,11,5,7,,0.6687322182888161,,,
HR_COMPAT,,11,6,0,,0,,,
HR_SYNERGY,,11,6,0,,0.762485507549465,,,
HR_COMPAT,,11,6,1,,0,,,
HR_SYNERGY,,11,6,1,,0.6504119663124494,,,
HR_COMPAT,,11,6,2,,0,,,
HR_SYNERGY,,11,6,2,,0.6794871304154165,,,
HR_COMPAT,,11,6,3,,0,,,
HR_SYNERGY,,11,6,3,,0.8130966388973186,,,
HR_COMPAT,,11,6,4,,1,,,
HR_SYNERGY,,11,6,4,,0.7772254117818495,,,
HR_COMPAT,,11,6,5,,0,,,
HR_SYNERGY,,11,6,5,,0.7791942051761664,,,
HR_COMPAT,,11,6,6,,0,,,
HR_SYNERGY,,11,6,6,,0.8397001175819873,,,
HR_COMPAT,,11,6,7,,0,,,
HR_SYNERGY,,11,6,7,,0.8969635226537372,,,
HR_COMPAT,,11,7,0,,0,,,
HR_SYNERGY,,11,7,0,,0.6544648359139438,,,
HR_COMPAT,,11,7,1,,0,,,
HR_SYNERGY,,11,7,1,,0.8849796880454205,,,
HR_COMPAT,,11,7,2,,0,,,
HR_SYNERGY,,11,7,2,,0.7121169677219178,,,
HR_COMPAT,,11,7,3,,0,,,
HR_SYNERGY,,11,7,3,,0.7940128538368937,,,
HR_COMPAT,,11,7,4,,0,,,
HR_SYNERGY,,11,7,4,,0.7323245329764403,,,
HR_COMPAT,,11,7,5,,0,,,
HR_SYNERGY,,11,7,5,,0.8276092348713322,,,
HR_COMPAT,,11,7,6,,0,,,
HR_SYNERGY,,11,7,6,,0.6565692742781245,,,
HR_COMPAT,,11,7,7,,0,,,
HR_SYNERGY,,11,7,7,,0.823385715095298,,,
HR_COMPAT,,11,8,0,,0,,,
HR_SYNERGY,,11,8,0,,0.8843471894730891,,,
HR_COMPAT,,11,8,1,,0,,,
HR_SYNERGY,,11,8,1,,0.8393761230760792,,,
HR_COMPAT,,11,8,2,,0,,,
HR_SYNERGY,,11,8,2,,0.7688586063931248,,,
HR_COMPAT,,11,8,3,,0,,,
HR_SYNERGY,,11,8,3,,0.7025148923637791,,,
HR_COMPAT,,11,8,4,,1,,,
HR_SYNERGY,,11,8,4,,0.7257003301493639,,,
HR_COMPAT,,11,8,5,,0,,,
HR_SYNERGY,,11,8,5,,0.8595842171250961,,,
HR_COMPAT,,11,8,6,,0,,,
HR_SYNERGY,,11,8,6,,0.6573393431052272,,,
HR_COMPAT,,11,8,7,,0,,,
HR_SYNERGY,,11,8,7,,0.7224719213883318,,,
HR_COMPAT,,11,9,0,,1,,,
HR_SYNERGY,,11,9,0,,0.787407924801625,,,
HR_COMPAT,,11,9,1,,0,,,
HR_SYNERGY,,11,9,1,,0.8813188166388987,,,
HR_COMPAT,,11,9,2,,1,,,
HR_SYNERGY,,11,9,2,,0.8851105229957253,,,
HR_COMPAT,,11,9,3,,0,,,
HR_SYNERGY,,11,9,3,,0.8244169891206168,,,
HR_COMPAT,,11,9,4,,0,,,
HR_SYNERGY,,11,9,4,,0.8850515993855097,,,
HR_COMPAT,,11,9,5,,0,,,
HR_SYNERGY,,11,9,5,,0.8867322785393413,,,
HR_COMPAT,,11,9,6,,0,,,
HR_SYNERGY,,11,9,6,,0.8425445986233187,,,
HR_COMPAT,,11,9,7,,1,,,
HR_SYNERGY,,11,9,7,,0.8526413606047473,,,
WORKER_RELOC,,0,0,0,,0.0,,,
WORKER_RELOC,,0,0,1,,3.9449326473001105,,,
WORKER_RELOC,,0,0,2,,5.550298869111362,,,
WORKER_RELOC,,0,0,3,,5.260385541260383,,,
WORKER_RELOC,,0,0,4,,5.858949827855879,,,
WORKER_RELOC,,0,0,5,,9.676374349601709,,,
WORKER_RELOC,,0,0,6,,5.542565612424744,,,
WORKER_RELOC,,0,0,7,,9.90776147960345,,,
WORKER_RELOC,,0,0,8,,10.625843675782273,,,
WORKER_RELOC,,0,0,9,,5.770598069630427,,,
WORKER_RELOC,,0,0,10,,10.65717500905599,,,
WORKER_RELOC,,0,0,11,,11.183265512862695,,,
WORKER_RELOC,,0,0,12,,10.633325458622377,,,
WORKER_RELOC,,0,0,13,,4.803045678476035,,,
WORKER_RELOC,,0,0,14,,9.35888473623202,,,
WORKER_RELOC,,0,0,15,,10.800358363717795,,,
WORKER_RELOC,,0,0,16,,8.416442754227592,,,
WORKER_RELOC,,0,0,17,,11.948226142873668,,,
WORKER_RELOC,,0,1,0,,1.579768848570524,,,
WORKER_RELOC,,0,1,1,,0.0,,,
WORKER_RELOC,,0,1,2,,8.935660443538557,,,
WORKER_RELOC,,0,1,3,,7.274851260321787,,,
WORKER_RELOC,,0,1,4,,8.78420943406342,,,
WORKER_RELOC,,0,1,5,,11.536963679840465,,,
WORKER_RELOC,,0,1,6,,9.266680997049924,,,
WORKER_RELOC,,0,1,7,,6.723422971825043,,,
WORKER_RELOC,,0,1,8,,5.8585276147421785,,,
WORKER_RELOC,,0,1,9,,8.78375190966104,,,
WORKER_RELOC,,0,1,10,,6.034515296088814,,,
WORKER_RELOC,,0,1,11,,6.192596647983358,,,
WORKER_RELOC,,0,1,12,,7.621452725887913,,,
WORKER_RELOC,,0,1,13,,10.268784641567532,,,
WORKER_RELOC,,0,1,14,,11.705712787233193,,,
WORKER_RELOC,,0,1,15,,6.296138535914531,,,
WORKER_RELOC,,0,1,16,,8.81372415700249,,,
WORKER_RELOC,,0,1,17,,10.33808044337276,,,
WORKER_RELOC,,0,2,0,,9.670895865228378,,,
WORKER_RELOC,,0,2,1,,11.422579230431186,,,
WORKER_RELOC,,0,2,2,,0.0,,,
WORKER_RELOC,,0,2,3,,6.286939842290144,,,
WORKER_RELOC,,0,2,4,,11.159315601789853,,,
WORKER_RELOC,,0,2,5,,11.911168425060316,,,
WORKER_RELOC,,0,2,6,,8.698961706237409,,,
WORKER_RELOC,,0,2,7,,4.9717154588500225,,,
WORKER_RELOC,,0,2,8,,5.359812582815545,,,
WORKER_RELOC,,0,2,9,,4.868111769127763,,,
WORKER_RELOC,,0,2,10,,11.61795040643474,,,
WORKER_RELOC,,0,2,11,,6.73743146341798,,,
WORKER_RELOC,,0,2,12,,11.252820924460629,,,
WORKER_RELOC,,0,2,13,,10.641264715260474,,,
WORKER_RELOC,,0,2,14,,6.329868884780866,,,
WORKER_RELOC,,0,2,15,,8.99859408221932,,,
WORKER_RELOC,,0,2,16,,10.216836122529184,,,
WORKER_RELOC,,0,2,17,,9.329290331674152,,,
WORKER_RELOC,,0,3,0,,5.999882036972096,,,
WORKER_RELOC,,0,3,1,,8.39390857360667,,,
WORKER_RELOC,,0,3,2,,11.84569185600394,,,
WORKER_RELOC,,0,3,3,,0.0,,,
WORKER_RELOC,,0,3,4,,2.5418894693094405,,,
WORKER_RELOC,,0,3,5,,2.9927323725864934,,,
WORKER_RELOC,,0,3,6,,9.875364414942402,,,
WORKER_RELOC,,0,3,7,,5.284239054404793,,,
WORKER_RELOC,,0,3,8,,5.653756723187963,,,
WORKER_RELOC,,0,3,9,,10.53369696785294,,,
WORKER_RELOC,,0,3,10,,8.109834852247786,,,
WORKER_RELOC,,0,3,11,,11.64216955816861,,,
WORKER_RELOC,,0,3,12,,11.578265388438641,,,
WORKER_RELOC,,0,3,13,,8.94202694957971,,,
WORKER_RELOC,,0,3,14,,9.340127241046332,,,
WORKER_RELOC,,0,3,15,,11.281482927687724,,,
WORKER_RELOC,,0,3,16,,4.924059052842981,,,
WORKER_RELOC,,0,3,17,,10.781641101498458,,,
WORKER_RELOC,,0,4,0,,11.041230472984832,,,
WORKER_RELOC,,0,4,1,,10.754017824225219,,,
WORKER_RELOC,,0,4,2,,6.2880104349255,,,
WORKER_RELOC,,0,4,3,,3.565330404098437,,,
WORKER_RELOC,,0,4,4,,0.0,,,
WORKER_RELOC,,0,4,5,,3.230500705614819,,,
WORKER_RELOC,,0,4,6,,9.727887480283115,,,
WORKER_RELOC,,0,4,7,,9.064312601165021,,,
WORKER_RELOC,,0,4,8,,10.695088130156195,,,
WORKER_RELOC,,0,4,9,,10.726794948052344,,,
WORKER_RELOC,,0,4,10,,5.945271411380691,,,
WORKER_RELOC,,0,4,11,,4.721628379922699,,,
WORKER_RELOC,,0,4,12,,10.10247315904531,,,
WORKER_RELOC,,0,4,13,,11.392048199001398,,,
WORKER_RELOC,,0,4,14,,10.161470686907835,,,
WORKER_RELOC,,0,4,15,,6.40730644718764,,,
WORKER_RELOC,,0,4,16,,4.708640922222434,,,
WORKER_RELOC,,0,4,17,,8.758172549981127,,,
WORKER_RELOC,,0,5,0,,7.0328798467482265,,,
WORKER_RELOC,,0,5,1,,5.8964594699818775,,,
WORKER_RELOC,,0,5,2,,5.244719395120402,,,
WORKER_RELOC,,0,5,3,,2.021795942675956,,,
WORKER_RELOC,,0,5,4,,2.2241021448990015,,,
WORKER_RELOC,,0,5,5,,0.0,,,
WORKER_RELOC,,0,5,6,,9.707032516886441,,,
WORKER_RELOC,,0,5,7,,11.42445186094212,,,
WORKER_RELOC,,0,5,8,,6.158350243879769,,,
WORKER_RELOC,,0,5,9,,4.563119617893767,,,
WORKER_RELOC,,0,5,10,,10.709361035096268,,,
WORKER_RELOC,,0,5,11,,9.224510999512745,,,
WORKER_RELOC,,0,5,12,,10.349705987902924,,,
WORKER_RELOC,,0,5,13,,5.505241706927012,,,
WORKER_RELOC,,0,5,14,,5.541939388215397,,,
WORKER_RELOC,,0,5,15,,10.160378984474761,,,
WORKER_RELOC,,0,5,16,,9.395328134359236,,,
WORKER_RELOC,,0,5,17,,4.806339285366012,,,
WORKER_RELOC,,0,6,0,,10.323692498478659,,,
WORKER_RELOC,,0,6,1,,11.247765902429482,,,
WORKER_RELOC,,0,6,2,,8.551206824457397,,,
WORKER_RELOC,,0,6,3,,9.532553908555155,,,
WORKER_RELOC,,0,6,4,,9.587643393530158,,,
WORKER_RELOC,,0,6,5,,7.461491576070865,,,
WORKER_RELOC,,0,6,6,,0.0,,,
WORKER_RELOC,,0,6,7,,7.168892224185164,,,
WORKER_RELOC,,0,6,8,,11.560972531273777,,,
WORKER_RELOC,,0,6,9,,9.906902213924372,,,
WORKER_RELOC,,0,6,10,,9.923224111288153,,,
WORKER_RELOC,,0,6,11,,4.928819288179287,,,
WORKER_RELOC,,0,6,12,,6.9229908554745805,,,
WORKER_RELOC,,0,6,13,,4.896179151246254,,,
WORKER_RELOC,,0,6,14,,9.441140180164929,,,
WORKER_RELOC,,0,6,15,,9.407308379387139,,,
WORKER_RELOC,,0,6,16,,8.037413579774386,,,
WORKER_RELOC,,0,6,17,,6.19975448661454,,,
WORKER_RELOC,,0,7,0,,7.784792406307193,,,
WORKER_RELOC,,0,7,1,,11.295053114058087,,,
WORKER_RELOC,,0,7,2,,8.899699696320871,,,
WORKER_RELOC,,0,7,3,,10.128042224702119,,,
WORKER_RELOC,,0,7,4,,10.963806317247686,,,
WORKER_RELOC,,0,7,5,,8.90793623160332,,,
WORKER_RELOC,,0,7,6,,4.508156010286834,,,
WORKER_RELOC,,0,7,7,,0.0,,,
WORKER_RELOC,,0,7,8,,1.9213929834991044,,,
WORKER_RELOC,,0,7,9,,3.7003976582508256,,,
WORKER_RELOC,,0,7,10,,11.88066318182977,,,
WORKER_RELOC,,0,7,11,,11.335421228877319,,,
WORKER_RELOC,,0,7,12,,7.909348171025538,,,
WORKER_RELOC,,0,7,13,,9.506347866847562,,,
WORKER_RELOC,,0,7,14,,8.076787231660198,,,
WORKER_RELOC,,0,7,15,,11.717034892536319,,,
WORKER_RELOC,,0,7,16,,9.096679432576057,,,
WORKER_RELOC,,0,7,17,,10.113967935520911,,,
WORKER_RELOC,,0,8,0,,8.869285723496265,,,
WORKER_RELOC,,0,8,1,,8.153224061704908,,,
WORKER_RELOC,,0,8,2,,9.682646631558459,,,
WORKER_RELOC,,0,8,3,,10.458698062015547,,,
WORKER_RELOC,,0,8,4,,6.397927081882679,,,
WORKER_RELOC,,0,8,5,,8.091267699989036,,,
WORKER_RELOC,,0,8,6,,11.711463515062398,,,
WORKER_RELOC,,0,8,7,,4.204358574392947,,,
WORKER_RELOC,,0,8,8,,0.0,,,
WORKER_RELOC,,0,8,9,,2.2957669534275262,,,
WORKER_RELOC,,0,8,10,,7.808685584735655,,,
WORKER_RELOC,,0,8,11,,5.26961478293377,,,
WORKER_RELOC,,0,8,12,,9.066357298376715,,,
WORKER_RELOC,,0,8,13,,4.928868674391165,,,
WORKER_RELOC,,0,8,14,,6.533857208853576,,,
WORKER_RELOC,,0,8,15,,6.8484785398741534,,,
WORKER_RELOC,,0,8,16,,9.503433866423961,,,
WORKER_RELOC,,0,8,17,,6.2769232506041535,,,
WORKER_RELOC,,0,9,0,,8.477218069040054,,,
WORKER_RELOC,,0,9,1,,11.104277826201127,,,
WORKER_RELOC,,0,9,2,,8.980448339766784,,,
WORKER_RELOC,,0,9,3,,10.658415232018832,,,
WORKER_RELOC,,0,9,4,,6.300001167507743,,,
WORKER_RELOC,,0,9,5,,8.072318345257974,,,
WORKER_RELOC,,0,9,6,,6.526060855212891,,,
WORKER_RELOC,,0,9,7,,1.5003552534283706,,,
WORKER_RELOC,,0,9,8,,4.1051172495154615,,,
WORKER_RELOC,,0,9,9,,0.0,,,
WORKER_RELOC,,0,9,10,,5.490805662880737,,,
WORKER_RELOC,,0,9,11,,9.330474715661236,,,
WORKER_RELOC,,0,9,12,,6.0965816246388105,,,
WORKER_RELOC,,0,9,13,,11.826052036146702,,,
WORKER_RELOC,,0,9,14,,8.620174400864244,,,
WORKER_RELOC,,0,9,15,,5.998439313576535,,,
WORKER_RELOC,,0,9,16,,10.105945823589824,,,
WORKER_RELOC,,0,9,17,,7.433635005883133,,,
WORKER_RELOC,,0,10,0,,11.364243505052226,,,
WORKER_RELOC,,0,10,1,,10.31698221993874,,,
WORKER_RELOC,,0,10,2,,11.583612260230604,,,
WORKER_RELOC,,0,10,3,,7.6617861876641005,,,
WORKER_RELOC,,0,10,4,,10.971830261899758,,,
WORKER_RELOC,,0,10,5,,5.6262076281314775,,,
WORKER_RELOC,,0,10,6,,4.713153008997283,,,
WORKER_RELOC,,0,10,7,,6.438480111278986,,,
WORKER_RELOC,,0,10,8,,7.460385624749083,,,
WORKER_RELOC,,0,10,9,,6.91114180699169,,,
WORKER_RELOC,,0,10,10,,0.0,,,
WORKER_RELOC,,0,10,11,,3.4919837353925214,,,
WORKER_RELOC,,0,10,12,,3.594395442995073,,,
WORKER_RELOC,,0,10,13,,10.294555952094164,,,
WORKER_RELOC,,0,10,14,,10.30835630892266,,,
WORKER_RELOC,,0,10,15,,11.917765952719776,,,
WORKER_RELOC,,0,10,16,,10.154672516759932,,,
WORKER_RELOC,,0,10,17,,11.218403152956212,,,
WORKER_RELOC,,0,11,0,,6.5409217282876195,,,
WORKER_RELOC,,0,11,1,,9.335210494356804,,,
WORKER_RELOC,,0,11,2,,6.1208405569203705,,,
WORKER_RELOC,,0,11,3,,8.087635663000874,,,
WORKER_RELOC,,0,11,4,,9.83979504686199,,,
WORKER_RELOC,,0,11,5,,7.060700432483834,,,
WORKER_RELOC,,0,11,6,,10.780873126854733,,,
WORKER_RELOC,,0,11,7,,10.244371359963528,,,
WORKER_RELOC,,0,11,8,,11.285260036206065,,,
WORKER_RELOC,,0,11,9,,5.898002253865563,,,
WORKER_RELOC,,0,11,10,,2.4155912971212175,,,
WORKER_RELOC,,0,11,11,,0.0,,,
WORKER_RELOC,,0,11,12,,3.641214596029392,,,
WORKER_RELOC,,0,11,13,,10.45380719439872,,,
WORKER_RELOC,,0,11,14,,5.914891442981804,,,
WORKER_RELOC,,0,11,15,,7.081687588542918,,,
WORKER_RELOC,,0,11,16,,10.922518166012555,,,
WORKER_RELOC,,0,11,17,,4.8174544639386,,,
WORKER_RELOC,,0,12,0,,6.884649303465654,,,
WORKER_RELOC,,0,12,1,,10.62012324825083,,,
WORKER_RELOC,,0,12,2,,11.955669043019945,,,
WORKER_RELOC,,0,12,3,,7.294094852199459,,,
WORKER_RELOC,,0,12,4,,9.61751969619294,,,
WORKER_RELOC,,0,12,5,,6.157467793676441,,,
WORKER_RELOC,,0,12,6,,5.0157646799631,,,
WORKER_RELOC,,0,12,7,,8.916228969443946,,,
WORKER_RELOC,,0,12,8,,9.974220578190943,,,
WORKER_RELOC,,0,12,9,,11.415005792903752,,,
WORKER_RELOC,,0,12,10,,3.1014236547376974,,,
WORKER_RELOC,,0,12,11,,3.1356727433602414,,,
WORKER_RELOC,,0,12,12,,0.0,,,
WORKER_RELOC,,0,12,13,,6.338277039131748,,,
WORKER_RELOC,,0,12,14,,11.867310732871106,,,
WORKER_RELOC,,0,12,15,,6.6121535283048924,,,
WORKER_RELOC,,0,12,16,,7.871565165654854,,,
WORKER_RELOC,,0,12,17,,8.646522361303788,,,
WORKER_RELOC,,0,13,0,,4.890295005872455,,,
WORKER_RELOC,,0,13,1,,11.647887805221465,,,
WORKER_RELOC,,0,13,2,,11.20229392210466,,,
WORKER_RELOC,,0,13,3,,10.886030188831603,,,
WORKER_RELOC,,0,13,4,,9.859298838596308,,,
WORKER_RELOC,,0,13,5,,5.575410332356935,,,
WORKER_RELOC,,0,13,6,,4.79188114723464,,,
WORKER_RELOC,,0,13,7,,11.088318185757178,,,
WORKER_RELOC,,0,13,8,,4.59421110234019,,,
WORKER_RELOC,,0,13,9,,10.664173512091347,,,
WORKER_RELOC,,0,13,10,,5.459129945250211,,,
WORKER_RELOC,,0,13,11,,4.979748623808302,,,
WORKER_RELOC,,0,13,12,,8.561689509197464,,,
WORKER_RELOC,,0,13,13,,0.0,,,
WORKER_RELOC,,0,13,14,,3.8734643209485284,,,
WORKER_RELOC,,0,13,15,,11.91262933739727,,,
WORKER_RELOC,,0,13,16,,6.020725971807576,,,
WORKER_RELOC,,0,13,17,,11.800272288259478,,,
WORKER_RELOC,,0,14,0,,10.966915621322881,,,
WORKER_RELOC,,0,14,1,,6.680733502138417,,,
WORKER_RELOC,,0,14,2,,7.784468046015833,,,
WORKER_RELOC,,0,14,3,,5.131821909135679,,,
WORKER_RELOC,,0,14,4,,11.467200114824749,,,
WORKER_RELOC,,0,14,5,,7.1928166145818,,,
WORKER_RELOC,,0,14,6,,11.705761943132812,,,
WORKER_RELOC,,0,14,7,,11.692653086303496,,,
WORKER_RELOC,,0,14,8,,4.528879665018585,,,
WORKER_RELOC,,0,14,9,,6.375145326775619,,,
WORKER_RELOC,,0,14,10,,6.0065229289719,,,
WORKER_RELOC,,0,14,11,,9.695712268421728,,,
WORKER_RELOC,,0,14,12,,10.524381764575862,,,
WORKER_RELOC,,0,14,13,,2.946022897955177,,,
WORKER_RELOC,,0,14,14,,0.0,,,
WORKER_RELOC,,0,14,15,,6.836678478341856,,,
WORKER_RELOC,,0,14,16,,8.819601097826284,,,
WORKER_RELOC,,0,14,17,,8.906888552501698,,,
WORKER_RELOC,,0,15,0,,11.55496862889005,,,
WORKER_RELOC,,0,15,1,,6.085216811227943,,,
WORKER_RELOC,,0,15,2,,7.279283338717827,,,
WORKER_RELOC,,0,15,3,,8.92768638050757,,,
WORKER_RELOC,,0,15,4,,10.38580531430927,,,
WORKER_RELOC,,0,15,5,,8.63933136320355,,,
WORKER_RELOC,,0,15,6,,9.755756686975664,,,
WORKER_RELOC,,0,15,7,,4.890859390618659,,,
WORKER_RELOC,,0,15,8,,5.953748025362768,,,
WORKER_RELOC,,0,15,9,,4.979409659028121,,,
WORKER_RELOC,,0,15,10,,11.001399349903352,,,
WORKER_RELOC,,0,15,11,,6.214376101435569,,,
WORKER_RELOC,,0,15,12,,9.654663980581873,,,
WORKER_RELOC,,0,15,13,,10.893277048714202,,,
WORKER_RELOC,,0,15,14,,5.859600448690432,,,
WORKER_RELOC,,0,15,15,,0.0,,,
WORKER_RELOC,,0,15,16,,2.99055383666798,,,
WORKER_RELOC,,0,15,17,,3.831749639099925,,,
WORKER_RELOC,,0,16,0,,10.504274491591364,,,
WORKER_RELOC,,0,16,1,,5.375680936908945,,,
WORKER_RELOC,,0,16,2,,5.225418961350359,,,
WORKER_RELOC,,0,16,3,,7.791376354922777,,,
WORKER_RELOC,,0,16,4,,11.899383951209938,,,
WORKER_RELOC,,0,16,5,,9.032957204197611,,,
WORKER_RELOC,,0,16,6,,6.177049317581011,,,
WORKER_RELOC,,0,16,7,,5.342615026796279,,,
WORKER_RELOC,,0,16,8,,11.070558087190525,,,
WORKER_RELOC,,0,16,9,,9.013199219677432,,,
WORKER_RELOC,,0,16,10,,5.7387853082937506,,,
WORKER_RELOC,,0,16,11,,7.302574659747473,,,
WORKER_RELOC,,0,16,12,,11.0907885732257,,,
WORKER_RELOC,,0,16,13,,7.332888122276127,,,
WORKER_RELOC,,0,16,14,,7.673840226403452,,,
WORKER_RELOC,,0,16,15,,1.5287123537426297,,,
WORKER_RELOC,,0,16,16,,0.0,,,
WORKER_RELOC,,0,16,17,,2.943862840048812,,,
WORKER_RELOC,,0,17,0,,11.459898916259593,,,
WORKER_RELOC,,0,17,1,,11.839988552594987,,,
WORKER_RELOC,,0,17,2,,8.702481925898805,,,
WORKER_RELOC,,0,17,3,,6.4992623288362505,,,
WORKER_RELOC,,0,17,4,,4.746964540277312,,,
WORKER_RELOC,,0,17,5,,10.869624367155215,,,
WORKER_RELOC,,0,17,6,,9.467042173903499,,,
WORKER_RELOC,,0,17,7,,4.625729231754407,,,
WORKER_RELOC,,0,17,8,,10.64585910964767,,,
WORKER_RELOC,,0,17,9,,10.726522043982083,,,
WORKER_RELOC,,0,17,10,,9.180065335318478,,,
WORKER_RELOC,,0,17,11,,11.360327306925413,,,
WORKER_RELOC,,0,17,12,,5.7559561127225,,,
WORKER_RELOC,,0,17,13,,7.160034853499801,,,
WORKER_RELOC,,0,17,14,,11.117814373078806,,,
WORKER_RELOC,,0,17,15,,4.37213435549635,,,
WORKER_RELOC,,0,17,16,,3.6701531238030194,,,
WORKER_RELOC,,0,17,17,,0.0,,,
WORKER_RELOC,,1,0,0,,0.0,,,
WORKER_RELOC,,1,0,1,,2.3655178097732916,,,
WORKER_RELOC,,1,0,2,,7.948924107201935,,,
WORKER_RELOC,,1,0,3,,10.619113334034601,,,
WORKER_RELOC,,1,0,4,,8.993679226523499,,,
WORKER_RELOC,,1,0,5,,5.16282557951315,,,
WORKER_RELOC,,1,0,6,,11.188167467771283,,,
WORKER_RELOC,,1,0,7,,7.113747709273937,,,
WORKER_RELOC,,1,0,8,,11.730836216651692,,,
WORKER_RELOC,,1,0,9,,10.90454912652376,,,
WORKER_RELOC,,1,0,10,,6.451767523999207,,,
WORKER_RELOC,,1,0,11,,7.577447542620231,,,
WORKER_RELOC,,1,0,12,,9.843423688629917,,,
WORKER_RELOC,,1,0,13,,7.809846833858654,,,
WORKER_RELOC,,1,0,14,,6.308408628705362,,,
WORKER_RELOC,,1,0,15,,11.208693113414284,,,
WORKER_RELOC,,1,0,16,,5.685852713793204,,,
WORKER_RELOC,,1,0,17,,8.350184166834499,,,
WORKER_RELOC,,1,1,0,,2.218239845314997,,,
WORKER_RELOC,,1,1,1,,0.0,,,
WORKER_RELOC,,1,1,2,,8.420967423942662,,,
WORKER_RELOC,,1,1,3,,8.939914356248403,,,
WORKER_RELOC,,1,1,4,,7.4812366047337795,,,
WORKER_RELOC,,1,1,5,,8.945192537561512,,,
WORKER_RELOC,,1,1,6,,9.23981372719042,,,
WORKER_RELOC,,1,1,7,,5.118797623309845,,,
WORKER_RELOC,,1,1,8,,4.761787614136546,,,
WORKER_RELOC,,1,1,9,,9.677798495396857,,,
WORKER_RELOC,,1,1,10,,9.390456542677562,,,
WORKER_RELOC,,1,1,11,,9.264398496841855,,,
WORKER_RELOC,,1,1,12,,4.989465587563628,,,
WORKER_RELOC,,1,1,13,,4.860861281592876,,,
WORKER_RELOC,,1,1,14,,7.340535242358706,,,
WORKER_RELOC,,1,1,15,,11.901294220530461,,,
WORKER_RELOC,,1,1,16,,6.608818155588347,,,
WORKER_RELOC,,1,1,17,,10.088716128243572,,,
WORKER_RELOC,,1,2,0,,8.1276816570866,,,
WORKER_RELOC,,1,2,1,,7.6384237485659705,,,
WORKER_RELOC,,1,2,2,,0.0,,,
WORKER_RELOC,,1,2,3,,9.718521471909993,,,
WORKER_RELOC,,1,2,4,,10.60807495933645,,,
WORKER_RELOC,,1,2,5,,9.737735614699286,,,
WORKER_RELOC,,1,2,6,,11.51126620338897,,,
WORKER_RELOC,,1,2,7,,7.983636379448046,,,
WORKER_RELOC,,1,2,8,,7.95849659044367,,,
WORKER_RELOC,,1,2,9,,4.727415833634431,,,
WORKER_RELOC,,1,2,10,,6.410880660865358,,,
WORKER_RELOC,,1,2,11,,11.215141001388734,,,
WORKER_RELOC,,1,2,12,,7.470463583184587,,,
WORKER_RELOC,,1,2,13,,9.340166219097998,,,
WORKER_RELOC,,1,2,14,,11.64037728161918,,,
WORKER_RELOC,,1,2,15,,5.417817093644512,,,
WORKER_RELOC,,1,2,16,,9.424437462314284,,,
WORKER_RELOC,,1,2,17,,10.193516541939502,,,
WORKER_RELOC,,1,3,0,,11.909028302340236,,,
WORKER_RELOC,,1,3,1,,10.935545868637405,,,
WORKER_RELOC,,1,3,2,,5.603215288968097,,,
WORKER_RELOC,,1,3,3,,0.0,,,
WORKER_RELOC,,1,3,4,,2.0155794160070233,,,
WORKER_RELOC,,1,3,5,,3.0310489597274928,,,
WORKER_RELOC,,1,3,6,,10.633608100096646,,,
WORKER_RELOC,,1,3,7,,4.742933910093612,,,
WORKER_RELOC,,1,3,8,,5.572029981797548,,,
WORKER_RELOC,,1,3,9,,11.150487055072427,,,
WORKER_RELOC,,1,3,10,,5.467691184416461,,,
WORKER_RELOC,,1,3,11,,11.764104786500063,,,
WORKER_RELOC,,1,3,12,,6.084395062947475,,,
WORKER_RELOC,,1,3,13,,6.179144397530938,,,
WORKER_RELOC,,1,3,14,,9.2544160097457,,,
WORKER_RELOC,,1,3,15,,4.772997309261937,,,
WORKER_RELOC,,1,3,16,,9.61346985666852,,,
WORKER_RELOC,,1,3,17,,8.979457824188568,,,
WORKER_RELOC,,1,4,0,,11.571747027308097,,,
WORKER_RELOC,,1,4,1,,11.414081060404294,,,
WORKER_RELOC,,1,4,2,,8.421384689130083,,,
WORKER_RELOC,,1,4,3,,3.0390057677984252,,,
WORKER_RELOC,,1,4,4,,0.0,,,
WORKER_RELOC,,1,4,5,,2.7843503295529715,,,
WORKER_RELOC,,1,4,6,,8.07526119611709,,,
WORKER_RELOC,,1,4,7,,6.4178014215513315,,,
WORKER_RELOC,,1,4,8,,5.25388449596803,,,
WORKER_RELOC,,1,4,9,,7.3345188158346275,,,
WORKER_RELOC,,1,4,10,,10.417782234526518,,,
WORKER_RELOC,,1,4,11,,5.859973049137136,,,
WORKER_RELOC,,1,4,12,,5.257201269076775,,,
WORKER_RELOC,,1,4,13,,8.163524569341208,,,
WORKER_RELOC,,1,4,14,,8.702451879149343,,,
WORKER_RELOC,,1,4,15,,10.869641204494723,,,
WORKER_RELOC,,1,4,16,,7.577112537054828,,,
WORKER_RELOC,,1,4,17,,11.727208794398237,,,
WORKER_RELOC,,1,5,0,,5.415513411366037,,,
WORKER_RELOC,,1,5,1,,9.083177357595225,,,
WORKER_RELOC,,1,5,2,,7.418442016394509,,,
WORKER_RELOC,,1,5,3,,1.959983615440608,,,
WORKER_RELOC,,1,5,4,,4.35971641138938,,,
WORKER_RELOC,,1,5,5,,0.0,,,
WORKER_RELOC,,1,5,6,,7.578428982955792,,,
WORKER_RELOC,,1,5,7,,9.831434349812177,,,
WORKER_RELOC,,1,5,8,,4.977630479571645,,,
WORKER_RELOC,,1,5,9,,6.990435478114941,,,
WORKER_RELOC,,1,5,10,,7.712569998739108,,,
WORKER_RELOC,,1,5,11,,5.071701049833768,,,
WORKER_RELOC,,1,5,12,,9.976606919470768,,,
WORKER_RELOC,,1,5,13,,5.935323784318424,,,
WORKER_RELOC,,1,5,14,,9.061251752593476,,,
WORKER_RELOC,,1,5,15,,10.391767620937417,,,
WORKER_RELOC,,1,5,16,,10.650709873527779,,,
WORKER_RELOC,,1,5,17,,11.321368532184849,,,
WORKER_RELOC,,1,6,0,,6.723824598124239,,,
WORKER_RELOC,,1,6,1,,5.73680540888347,,,
WORKER_RELOC,,1,6,2,,10.846895589197267,,,
WORKER_RELOC,,1,6,3,,7.133415719215182,,,
WORKER_RELOC,,1,6,4,,7.086019536776417,,,
WORKER_RELOC,,1,6,5,,11.976983149922505,,,
WORKER_RELOC,,1,6,6,,0.0,,,
WORKER_RELOC,,1,6,7,,10.829781745183215,,,
WORKER_RELOC,,1,6,8,,4.953949360195147,,,
WORKER_RELOC,,1,6,9,,7.893787925417879,,,
WORKER_RELOC,,1,6,10,,9.15524902454795,,,
WORKER_RELOC,,1,6,11,,6.416054345440366,,,
WORKER_RELOC,,1,6,12,,8.63645307962819,,,
WORKER_RELOC,,1,6,13,,7.681038146352368,,,
WORKER_RELOC,,1,6,14,,9.26519589939242,,,
WORKER_RELOC,,1,6,15,,4.71979705560018,,,
WORKER_RELOC,,1,6,16,,10.598580290768545,,,
WORKER_RELOC,,1,6,17,,7.70704967403293,,,
WORKER_RELOC,,1,7,0,,8.46908495434471,,,
WORKER_RELOC,,1,7,1,,5.818672178866571,,,
WORKER_RELOC,,1,7,2,,9.411308395175313,,,
WORKER_RELOC,,1,7,3,,9.905944493478781,,,
WORKER_RELOC,,1,7,4,,9.937817918665637,,,
WORKER_RELOC,,1,7,5,,10.290105822658024,,,
WORKER_RELOC,,1,7,6,,11.983234647696676,,,
WORKER_RELOC,,1,7,7,,0.0,,,
WORKER_RELOC,,1,7,8,,2.251924985538111,,,
WORKER_RELOC,,1,7,9,,3.925995566120814,,,
WORKER_RELOC,,1,7,10,,7.1893464689952555,,,
WORKER_RELOC,,1,7,11,,11.605919151198771,,,
WORKER_RELOC,,1,7,12,,10.684677463282075,,,
WORKER_RELOC,,1,7,13,,11.959016903432634,,,
WORKER_RELOC,,1,7,14,,5.741392179785382,,,
WORKER_RELOC,,1,7,15,,9.590100445023602,,,
WORKER_RELOC,,1,7,16,,9.969868600237419,,,
WORKER_RELOC,,1,7,17,,4.57661229368286,,,
WORKER_RELOC,,1,8,0,,5.085637343278886,,,
WORKER_RELOC,,1,8,1,,11.925077898943819,,,
WORKER_RELOC,,1,8,2,,9.37040505165296,,,
WORKER_RELOC,,1,8,3,,6.004169211729579,,,
WORKER_RELOC,,1,8,4,,10.200333637370658,,,
WORKER_RELOC,,1,8,5,,7.208313750478464,,,
WORKER_RELOC,,1,8,6,,11.982998652138468,,,
WORKER_RELOC,,1,8,7,,2.2300211204995932,,,
WORKER_RELOC,,1,8,8,,0.0,,,
WORKER_RELOC,,1,8,9,,4.475524728697792,,,
WORKER_RELOC,,1,8,10,,8.659400108173948,,,
WORKER_RELOC,,1,8,11,,5.671949789059712,,,
WORKER_RELOC,,1,8,12,,11.138011586286755,,,
WORKER_RELOC,,1,8,13,,10.551816858217077,,,
WORKER_RELOC,,1,8,14,,9.375398966712286,,,
WORKER_RELOC,,1,8,15,,8.495470624197017,,,
WORKER_RELOC,,1,8,16,,8.366955839248291,,,
WORKER_RELOC,,1,8,17,,10.034008705331138,,,
WORKER_RELOC,,1,9,0,,8.56785413968478,,,
WORKER_RELOC,,1,9,1,,9.634230651029162,,,
WORKER_RELOC,,1,9,2,,6.113430430030419,,,
WORKER_RELOC,,1,9,3,,9.99070167582667,,,
WORKER_RELOC,,1,9,4,,5.422157604627167,,,
WORKER_RELOC,,1,9,5,,10.457563057600233,,,
WORKER_RELOC,,1,9,6,,6.916456187255246,,,
WORKER_RELOC,,1,9,7,,4.40614852893162,,,
WORKER_RELOC,,1,9,8,,3.8808721863547686,,,
WORKER_RELOC,,1,9,9,,0.0,,,
WORKER_RELOC,,1,9,10,,10.285166949687628,,,
WORKER_RELOC,,1,9,11,,4.701171725364745,,,
WORKER_RELOC,,1,9,12,,10.058596536630123,,,
WORKER_RELOC,,1,9,13,,8.751268643323245,,,
WORKER_RELOC,,1,9,14,,5.979517121299399,,,
WORKER_RELOC,,1,9,15,,8.898542105738986,,,
WORKER_RELOC,,1,9,16,,9.954409518524681,,,
WORKER_RELOC,,1,9,17,,4.571478698604496,,,
WORKER_RELOC,,1,10,0,,4.776845189320697,,,
WORKER_RELOC,,1,10,1,,11.365526427080646,,,
WORKER_RELOC,,1,10,2,,10.05453185002359,,,
WORKER_RELOC,,1,10,3,,4.654241766704813,,,
WORKER_RELOC,,1,10,4,,9.494624652269206,,,
WORKER_RELOC,,1,10,5,,8.652185142742077,,,
WORKER_RELOC,,1,10,6,,7.7289010462307415,,,
WORKER_RELOC,,1,10,7,,4.695881395854073,,,
WORKER_RELOC,,1,10,8,,8.219101040937641,,,
WORKER_RELOC,,1,10,9,,9.341430705184354,,,
WORKER_RELOC,,1,10,10,,0.0,,,
WORKER_RELOC,,1,10,11,,2.4440423518828633,,,
WORKER_RELOC,,1,10,12,,2.6857438049888414,,,
WORKER_RELOC,,1,10,13,,4.740024275996167,,,
WORKER_RELOC,,1,10,14,,9.720285935144377,,,
WORKER_RELOC,,1,10,15,,8.37423719629354,,,
WORKER_RELOC,,1,10,16,,5.40999014626672,,,
WORKER_RELOC,,1,10,17,,5.883164302506408,,,
WORKER_RELOC,,1,11,0,,9.495031688592078,,,
WORKER_RELOC,,1,11,1,,8.824095988207471,,,
WORKER_RELOC,,1,11,2,,9.938684965059174,,,
WORKER_RELOC,,1,11,3,,8.147750156196423,,,
WORKER_RELOC,,1,11,4,,10.9747511032208,,,
WORKER_RELOC,,1,11,5,,10.228525559459323,,,
WORKER_RELOC,,1,11,6,,4.72709314071092,,,
WORKER_RELOC,,1,11,7,,11.070268180603595,,,
WORKER_RELOC,,1,11,8,,5.6863197653015325,,,
WORKER_RELOC,,1,11,9,,7.647829996950535,,,
WORKER_RELOC,,1,11,10,,3.6073681668579107,,,
WORKER_RELOC,,1,11,11,,0.0,,,
WORKER_RELOC,,1,11,12,,3.9487069315141126,,,
WORKER_RELOC,,1,11,13,,7.889316449911558,,,
WORKER_RELOC,,1,11,14,,4.615515240876444,,,
WORKER_RELOC,,1,11,15,,9.381932888629228,,,
WORKER_RELOC,,1,11,16,,5.970579429521273,,,
WORKER_RELOC,,1,11,17,,6.462753339544852,,,
WORKER_RELOC,,1,12,0,,6.533023747702315,,,
WORKER_RELOC,,1,12,1,,8.68965622661866,,,
WORKER_RELOC,,1,12,2,,6.707560800622256,,,
WORKER_RELOC,,1,12,3,,10.499810067625639,,,
WORKER_RELOC,,1,12,4,,5.57793990013348,,,
WORKER_RELOC,,1,12,5,,4.662525412222224,,,
WORKER_RELOC,,1,12,6,,8.079074434895073,,,
WORKER_RELOC,,1,12,7,,6.050106053696121,,,
WORKER_RELOC,,1,12,8,,4.690405973945326,,,
WORKER_RELOC,,1,12,9,,8.357649385478508,,,
WORKER_RELOC,,1,12,10,,2.382473486480234,,,
WORKER_RELOC,,1,12,11,,3.166719445867532,,,
WORKER_RELOC,,1,12,12,,0.0,,,
WORKER_RELOC,,1,12,13,,10.418188111944477,,,
WORKER_RELOC,,1,12,14,,5.591802740505531,,,
WORKER_RELOC,,1,12,15,,5.503150220497745,,,
WORKER_RELOC,,1,12,16,,7.5507235046146555,,,
WORKER_RELOC,,1,12,17,,9.532636528230036,,,
WORKER_RELOC,,1,13,0,,5.654662034456303,,,
WORKER_RELOC,,1,13,1,,9.542527270026698,,,
WORKER_RELOC,,1,13,2,,10.871613802767094,,,
WORKER_RELOC,,1,13,3,,8.925728786656117,,,
WORKER_RELOC,,1,13,4,,7.5802185500615735,,,
WORKER_RELOC,,1,13,5,,5.0566751930915235,,,
WORKER_RELOC,,1,13,6,,6.580043415433038,,,
WORKER_RELOC,,1,13,7,,11.67148713908083,,,
WORKER_RELOC,,1,13,8,,4.612390604914202,,,
WORKER_RELOC,,1,13,9,,6.454677613391672,,,
WORKER_RELOC,,1,13,10,,6.378503754218762,,,
WORKER_RELOC,,1,13,11,,6.947331304012403,,,
WORKER_RELOC,,1,13,12,,5.385335327749387,,,
WORKER_RELOC,,1,13,13,,0.0,,,
WORKER_RELOC,,1,13,14,,1.5387269972008122,,,
WORKER_RELOC,,1,13,15,,7.73057515727241,,,
WORKER_RELOC,,1,13,16,,11.679436912430514,,,
WORKER_RELOC,,1,13,17,,11.925052595470596,,,
WORKER_RELOC,,1,14,0,,9.797362869027276,,,
WORKER_RELOC,,1,14,1,,7.08537530429879,,,
WORKER_RELOC,,1,14,2,,5.532601232371803,,,
WORKER_RELOC,,1,14,3,,11.557332717098985,,,
WORKER_RELOC,,1,14,4,,5.419996405931869,,,
WORKER_RELOC,,1,14,5,,9.464443940530007,,,
WORKER_RELOC,,1,14,6,,11.039867436479847,,,
WORKER_RELOC,,1,14,7,,5.159600435801282,,,
WORKER_RELOC,,1,14,8,,7.816236574361252,,,
WORKER_RELOC,,1,14,9,,11.521024786844569,,,
WORKER_RELOC,,1,14,10,,5.594490502605638,,,
WORKER_RELOC,,1,14,11,,11.946813079200165,,,
WORKER_RELOC,,1,14,12,,10.86246901534769,,,
WORKER_RELOC,,1,14,13,,2.395266135212161,,,
WORKER_RELOC,,1,14,14,,0.0,,,
WORKER_RELOC,,1,14,15,,5.546576704965373,,,
WORKER_RELOC,,1,14,16,,11.91657508381253,,,
WORKER_RELOC,,1,14,17,,9.580587915152602,,,
WORKER_RELOC,,1,15,0,,9.792264061206957,,,
WORKER_RELOC,,1,15,1,,6.506833376783343,,,
WORKER_RELOC,,1,15,2,,4.613313721710876,,,
WORKER_RELOC,,1,15,3,,7.163373770924356,,,
WORKER_RELOC,,1,15,4,,8.460259843029979,,,
WORKER_RELOC,,1,15,5,,11.738906074925547,,,
WORKER_RELOC,,1,15,6,,7.741909289515309,,,
WORKER_RELOC,,1,15,7,,10.387722153295016,,,
WORKER_RELOC,,1,15,8,,9.680780408306859,,,
WORKER_RELOC,,1,15,9,,5.514713414223792,,,
WORKER_RELOC,,1,15,10,,8.781529363392426,,,
WORKER_RELOC,,1,15,11,,9.71584721887977,,,
WORKER_RELOC,,1,15,12,,7.112155124541012,,,
WORKER_RELOC,,1,15,13,,6.619346519232734,,,
WORKER_RELOC,,1,15,14,,5.233272920467295,,,
WORKER_RELOC,,1,15,15,,0.0,,,
WORKER_RELOC,,1,15,16,,3.852223018515825,,,
WORKER_RELOC,,1,15,17,,2.79313105125393,,,
WORKER_RELOC,,1,16,0,,11.377962927068639,,,
WORKER_RELOC,,1,16,1,,8.016256323605855,,,
WORKER_RELOC,,1,16,2,,9.452458354142866,,,
WORKER_RELOC,,1,16,3,,4.856083878613936,,,
WORKER_RELOC,,1,16,4,,7.687572356414316,,,
WORKER_RELOC,,1,16,5,,11.217029897120389,,,
WORKER_RELOC,,1,16,6,,8.588241659943442,,,
WORKER_RELOC,,1,16,7,,6.695151453182598,,,
WORKER_RELOC,,1,16,8,,8.109203403559674,,,
WORKER_RELOC,,1,16,9,,7.792579926339483,,,
WORKER_RELOC,,1,16,10,,10.645094539743267,,,
WORKER_RELOC,,1,16,11,,6.64919506753968,,,
WORKER_RELOC,,1,16,12,,7.1443664241383535,,,
WORKER_RELOC,,1,16,13,,6.91737109337737,,,
WORKER_RELOC,,1,16,14,,8.242473728437092,,,
WORKER_RELOC,,1,16,15,,4.140701531851169,,,
WORKER_RELOC,,1,16,16,,0.0,,,
WORKER_RELOC,,1,16,17,,1.683979101617834,,,
WORKER_RELOC,,1,17,0,,8.047909708539605,,,
WORKER_RELOC,,1,17,1,,9.017310841071726,,,
WORKER_RELOC,,1,17,2,,9.010978148259536,,,
WORKER_RELOC,,1,17,3,,6.5244240928147175,,,
WORKER_RELOC,,1,17,4,,9.877186277029793,,,
WORKER_RELOC,,1,17,5,,6.799740012477788,,,
WORKER_RELOC,,1,17,6,,7.4717741099152395,,,
WORKER_RELOC,,1,17,7,,8.665446759787907,,,
WORKER_RELOC,,1,17,8,,7.305871875964968,,,
WORKER_RELOC,,1,17,9,,8.070327294372198,,,
WORKER_RELOC,,1,17,10,,6.560683451268118,,,
WORKER_RELOC,,1,17,11,,4.520626788895576,,,
WORKER_RELOC,,1,17,12,,10.8129236907942,,,
WORKER_RELOC,,1,17,13,,9.900499690849209,,,
WORKER_RELOC,,1,17,14,,6.963317555775102,,,
WORKER_RELOC,,1,17,15,,4.410779946107645,,,
WORKER_RELOC,,1,17,16,,3.6898152524538985,,,
WORKER_RELOC,,1,17,17,,0.0,,,
WORKER_RELOC,,2,0,0,,0.0,,,
WORKER_RELOC,,2,0,1,,4.01512450177532,,,
WORKER_RELOC,,2,0,2,,11.425797759489985,,,
WORKER_RELOC,,2,0,3,,5.4966251319570105,,,
WORKER_RELOC,,2,0,4,,8.610172593302327,,,
WORKER_RELOC,,2,0,5,,10.191345336897239,,,
WORKER_RELOC,,2,0,6,,8.04803649017136,,,
WORKER_RELOC,,2,0,7,,7.30628920446645,,,
WORKER_RELOC,,2,0,8,,10.082609328443889,,,
WORKER_RELOC,,2,0,9,,9.99324318072692,,,
WORKER_RELOC,,2,0,10,,6.107782150537597,,,
WORKER_RELOC,,2,0,11,,9.699083051794622,,,
WORKER_RELOC,,2,0,12,,9.114844204152764,,,
WORKER_RELOC,,2,0,13,,11.663746567332655,,,
WORKER_RELOC,,2,0,14,,6.400927378128138,,,
WORKER_RELOC,,2,0,15,,6.985559511390706,,,
WORKER_RELOC,,2,0,16,,9.770488091291648,,,
WORKER_RELOC,,2,0,17,,11.989074710565987,,,
WORKER_RELOC,,2,1,0,,3.5470533583246144,,,
WORKER_RELOC,,2,1,1,,0.0,,,
WORKER_RELOC,,2,1,2,,5.074850137578687,,,
WORKER_RELOC,,2,1,3,,8.378937877035662,,,
WORKER_RELOC,,2,1,4,,8.934076910537733,,,
WORKER_RELOC,,2,1,5,,5.146722683618776,,,
WORKER_RELOC,,2,1,6,,5.102777341778139,,,
WORKER_RELOC,,2,1,7,,6.3589747333970905,,,
WORKER_RELOC,,2,1,8,,4.890520397337824,,,
WORKER_RELOC,,2,1,9,,10.253826781942669,,,
WORKER_RELOC,,2,1,10,,9.353614604176943,,,
WORKER_RELOC,,2,1,11,,4.691920154887811,,,
WORKER_RELOC,,2,1,12,,4.5856357293200185,,,
WORKER_RELOC,,2,1,13,,9.813480359355975,,,
WORKER_RELOC,,2,1,14,,9.539490009167944,,,
WORKER_RELOC,,2,1,15,,7.058439686931692,,,
WORKER_RELOC,,2,1,16,,9.410662312254559,,,
WORKER_RELOC,,2,1,17,,7.077300014280968,,,
WORKER_RELOC,,2,2,0,,8.478509276538155,,,
WORKER_RELOC,,2,2,1,,5.763193124401813,,,
WORKER_RELOC,,2,2,2,,0.0,,,
WORKER_RELOC,,2,2,3,,9.626271530845553,,,
WORKER_RELOC,,2,2,4,,8.434697834212269,,,
WORKER_RELOC,,2,2,5,,11.127810379387164,,,
WORKER_RELOC,,2,2,6,,10.778245749599076,,,
WORKER_RELOC,,2,2,7,,10.383742507941902,,,
WORKER_RELOC,,2,2,8,,9.22530271365419,,,
WORKER_RELOC,,2,2,9,,8.412149698249031,,,
WORKER_RELOC,,2,2,10,,6.063120258139369,,,
WORKER_RELOC,,2,2,11,,8.556755265196108,,,
WORKER_RELOC,,2,2,12,,5.1939144106346165,,,
WORKER_RELOC,,2,2,13,,7.3119298354331175,,,
WORKER_RELOC,,2,2,14,,11.028227747989938,,,
WORKER_RELOC,,2,2,15,,11.504043574512918,,,
WORKER_RELOC,,2,2,16,,11.312349598117123,,,
WORKER_RELOC,,2,2,17,,6.527618042209912,,,
WORKER_RELOC,,2,3,0,,5.082117112155268,,,
WORKER_RELOC,,2,3,1,,8.056791059038927,,,
WORKER_RELOC,,2,3,2,,8.754394827062658,,,
WORKER_RELOC,,2,3,3,,0.0,,,
WORKER_RELOC,,2,3,4,,1.7803822999564667,,,
WORKER_RELOC,,2,3,5,,3.9109778394769776,,,
WORKER_RELOC,,2,3,6,,8.063179957263717,,,
WORKER_RELOC,,2,3,7,,10.388124600341179,,,
WORKER_RELOC,,2,3,8,,8.797535663145213,,,
WORKER_RELOC,,2,3,9,,10.158337698329206,,,
WORKER_RELOC,,2,3,10,,9.156952442116713,,,
WORKER_RELOC,,2,3,11,,5.22041310209846,,,
WORKER_RELOC,,2,3,12,,9.663405527370365,,,
WORKER_RELOC,,2,3,13,,6.969968807080275,,,
WORKER_RELOC,,2,3,14,,5.822333042131295,,,
WORKER_RELOC,,2,3,15,,10.90600898781549,,,
WORKER_RELOC,,2,3,16,,4.935525673035554,,,
WORKER_RELOC,,2,3,17,,8.989350752435413,,,
WORKER_RELOC,,2,4,0,,8.094714787246694,,,
WORKER_RELOC,,2,4,1,,9.704031908103882,,,
WORKER_RELOC,,2,4,2,,4.559559339142991,,,
WORKER_RELOC,,2,4,3,,4.025926715575261,,,
WORKER_RELOC,,2,4,4,,0.0,,,
WORKER_RELOC,,2,4,5,,4.304532876435073,,,
WORKER_RELOC,,2,4,6,,6.893359695076555,,,
WORKER_RELOC,,2,4,7,,7.695383204258446,,,
WORKER_RELOC,,2,4,8,,9.106675339463745,,,
WORKER_RELOC,,2,4,9,,6.473885658749172,,,
WORKER_RELOC,,2,4,10,,4.97364261695511,,,
WORKER_RELOC,,2,4,11,,9.830686229516985,,,
WORKER_RELOC,,2,4,12,,7.269680029221587,,,
WORKER_RELOC,,2,4,13,,11.422584911580573,,,
WORKER_RELOC,,2,4,14,,8.596911021546033,,,
WORKER_RELOC,,2,4,15,,10.587413503064486,,,
WORKER_RELOC,,2,4,16,,5.085991922243354,,,
WORKER_RELOC,,2,4,17,,10.516829871445232,,,
WORKER_RELOC,,2,5,0,,4.812275190977642,,,
WORKER_RELOC,,2,5,1,,7.063763068951021,,,
WORKER_RELOC,,2,5,2,,8.415565711409137,,,
WORKER_RELOC,,2,5,3,,1.564137301324847,,,
WORKER_RELOC,,2,5,4,,3.136909177993358,,,
WORKER_RELOC,,2,5,5,,0.0,,,
WORKER_RELOC,,2,5,6,,5.534267675816051,,,
WORKER_RELOC,,2,5,7,,11.939874167238482,,,
WORKER_RELOC,,2,5,8,,6.733188535065611,,,
WORKER_RELOC,,2,5,9,,11.33425527221158,,,
WORKER_RELOC,,2,5,10,,5.465327881817927,,,
WORKER_RELOC,,2,5,11,,7.278642654144447,,,
WORKER_RELOC,,2,5,12,,11.965287134176803,,,
WORKER_RELOC,,2,5,13,,8.527931609360406,,,
WORKER_RELOC,,2,5,14,,8.681713012781138,,,
WORKER_RELOC,,2,5,15,,6.472553723912192,,,
WORKER_RELOC,,2,5,16,,8.133096148047194,,,
WORKER_RELOC,,2,5,17,,9.292997442087668,,,
WORKER_RELOC,,2,6,0,,11.406358503463338,,,
WORKER_RELOC,,2,6,1,,9.900756084926861,,,
WORKER_RELOC,,2,6,2,,7.796069768829878,,,
WORKER_RELOC,,2,6,3,,5.357671162504509,,,
WORKER_RELOC,,2,6,4,,9.970922089632612,,,
WORKER_RELOC,,2,6,5,,10.6733458555335,,,
WORKER_RELOC,,2,6,6,,0.0,,,
WORKER_RELOC,,2,6,7,,8.545604574334654,,,
WORKER_RELOC,,2,6,8,,10.335719643723026,,,
WORKER_RELOC,,2,6,9,,11.880803262027579,,,
WORKER_RELOC,,2,6,10,,5.313806159572321,,,
WORKER_RELOC,,2,6,11,,11.057814873109297,,,
WORKER_RELOC,,2,6,12,,6.935231279619497,,,
WORKER_RELOC,,2,6,13,,5.061299538371832,,,
WORKER_RELOC,,2,6,14,,7.700702524840217,,,
WORKER_RELOC,,2,6,15,,4.581116987760469,,,
WORKER_RELOC,,2,6,16,,10.960341320104956,,,
WORKER_RELOC,,2,6,17,,6.599732105017193,,,
WORKER_RELOC,,2,7,0,,9.021934976269982,,,
WORKER_RELOC,,2,7,1,,8.263111168063562,,,
WORKER_RELOC,,2,7,2,,9.943074901293686,,,
WORKER_RELOC,,2,7,3,,11.901627087443678,,,
WORKER_RELOC,,2,7,4,,11.691943079985139,,,
WORKER_RELOC,,2,7,5,,7.393232006023837,,,
WORKER_RELOC,,2,7,6,,4.679820991696706,,,
WORKER_RELOC,,2,7,7,,0.0,,,
WORKER_RELOC,,2,7,8,,1.702604212032412,,,
WORKER_RELOC,,2,7,9,,2.426894248351801,,,
WORKER_RELOC,,2,7,10,,9.130103019142483,,,
WORKER_RELOC,,2,7,11,,10.71078968684033,,,
WORKER_RELOC,,2,7,12,,10.994970005417693,,,
WORKER_RELOC,,2,7,13,,10.74047170974886,,,
WORKER_RELOC,,2,7,14,,10.957822056545746,,,
WORKER_RELOC,,2,7,15,,10.257597765329633,,,
WORKER_RELOC,,2,7,16,,9.562807176300785,,,
WORKER_RELOC,,2,7,17,,9.198424333843015,,,
WORKER_RELOC,,2,8,0,,6.42122007101093,,,
WORKER_RELOC,,2,8,1,,6.882234250596684,,,
WORKER_RELOC,,2,8,2,,7.055100958020292,,,
WORKER_RELOC,,2,8,3,,7.254936362158765,,,
WORKER_RELOC,,2,8,4,,6.166852851741451,,,
WORKER_RELOC,,2,8,5,,6.368196656289914,,,
WORKER_RELOC,,2,8,6,,4.992204766267653,,,
WORKER_RELOC,,2,8,7,,2.6388603876939127,,,
WORKER_RELOC,,2,8,8,,0.0,,,
WORKER_RELOC,,2,8,9,,3.4106078572584755,,,
WORKER_RELOC,,2,8,10,,8.734344406150427,,,
WORKER_RELOC,,2,8,11,,7.380623821928271,,,
WORKER_RELOC,,2,8,12,,7.47326706992357,,,
WORKER_RELOC,,2,8,13,,6.484909085256585,,,
WORKER_RELOC,,2,8,14,,8.328309958549902,,,
WORKER_RELOC,,2,8,15,,6.248843696683617,,,
WORKER_RELOC,,2,8,16,,7.32055430879918,,,
WORKER_RELOC,,2,8,17,,7.8052954697545,,,
WORKER_RELOC,,2,9,0,,7.206963315627515,,,
WORKER_RELOC,,2,9,1,,7.700884062263681,,,
WORKER_RELOC,,2,9,2,,8.299008817562168,,,
WORKER_RELOC,,2,9,3,,11.349299834649436,,,
WORKER_RELOC,,2,9,4,,9.138912439207127,,,
WORKER_RELOC,,2,9,5,,9.081938388420603,,,
WORKER_RELOC,,2,9,6,,6.084590065489037,,,
WORKER_RELOC,,2,9,7,,1.8092676210076344,,,
WORKER_RELOC,,2,9,8,,1.5679118193641572,,,
WORKER_RELOC,,2,9,9,,0.0,,,
WORKER_RELOC,,2,9,10,,5.9447712320327035,,,
WORKER_RELOC,,2,9,11,,8.932540005986013,,,
WORKER_RELOC,,2,9,12,,9.233764388742202,,,
WORKER_RELOC,,2,9,13,,8.647756077281489,,,
WORKER_RELOC,,2,9,14,,10.025414608920734,,,
WORKER_RELOC,,2,9,15,,9.805160494744715,,,
WORKER_RELOC,,2,9,16,,9.312870656628956,,,
WORKER_RELOC,,2,9,17,,9.172407552557647,,,
WORKER_RELOC,,2,10,0,,9.869560275464638,,,
WORKER_RELOC,,2,10,1,,6.615973564852014,,,
WORKER_RELOC,,2,10,2,,4.9317458262126355,,,
WORKER_RELOC,,2,10,3,,5.952145281807423,,,
WORKER_RELOC,,2,10,4,,11.240815550684134,,,
WORKER_RELOC,,2,10,5,,4.629943101461546,,,
WORKER_RELOC,,2,10,6,,9.284949999143976,,,
WORKER_RELOC,,2,10,7,,6.568416241672944,,,
WORKER_RELOC,,2,10,8,,5.061541928373616,,,
WORKER_RELOC,,2,10,9,,9.395695716997489,,,
WORKER_RELOC,,2,10,10,,0.0,,,
WORKER_RELOC,,2,10,11,,3.771422245033088,,,
WORKER_RELOC,,2,10,12,,3.6751341047732544,,,
WORKER_RELOC,,2,10,13,,8.96673239590258,,,
WORKER_RELOC,,2,10,14,,11.669817237223214,,,
WORKER_RELOC,,2,10,15,,7.491057240772436,,,
WORKER_RELOC,,2,10,16,,10.43841915191821,,,
WORKER_RELOC,,2,10,17,,10.356974014098423,,,
WORKER_RELOC,,2,11,0,,9.199237525255947,,,
WORKER_RELOC,,2,11,1,,11.171603968909478,,,
WORKER_RELOC,,2,11,2,,10.296986163790208,,,
WORKER_RELOC,,2,11,3,,5.0191546114497045,,,
WORKER_RELOC,,2,11,4,,11.52482966174488,,,
WORKER_RELOC,,2,11,5,,6.783285786400892,,,
WORKER_RELOC,,2,11,6,,8.174732757754974,,,
WORKER_RELOC,,2,11,7,,4.791651349880929,,,
WORKER_RELOC,,2,11,8,,4.896344206212602,,,
WORKER_RELOC,,2,11,9,,4.947880028234253,,,
WORKER_RELOC,,2,11,10,,2.021664482168416,,,
WORKER_RELOC,,2,11,11,,0.0,,,
WORKER_RELOC,,2,11,12,,3.7738039312750216,,,
WORKER_RELOC,,2,11,13,,11.734079326308443,,,
WORKER_RELOC,,2,11,14,,11.555786012142974,,,
WORKER_RELOC,,2,11,15,,6.890968888151782,,,
WORKER_RELOC,,2,11,16,,8.558189922470522,,,
WORKER_RELOC,,2,11,17,,5.593342076657323,,,
WORKER_RELOC,,2,12,0,,8.375425105498383,,,
WORKER_RELOC,,2,12,1,,5.383048654870422,,,
WORKER_RELOC,,2,12,2,,8.521271652587929,,,
WORKER_RELOC,,2,12,3,,9.999211837553952,,,
WORKER_RELOC,,2,12,4,,7.877641137854348,,,
WORKER_RELOC,,2,12,5,,5.201424353808406,,,
WORKER_RELOC,,2,12,6,,4.855273292085745,,,
WORKER_RELOC,,2,12,7,,10.441649641429501,,,
WORKER_RELOC,,2,12,8,,9.71938785936132,,,
WORKER_RELOC,,2,12,9,,7.312708771943666,,,
WORKER_RELOC,,2,12,10,,2.5228506099406367,,,
WORKER_RELOC,,2,12,11,,4.38174291809653,,,
WORKER_RELOC,,2,12,12,,0.0,,,
WORKER_RELOC,,2,12,13,,9.537158082955981,,,
WORKER_RELOC,,2,12,14,,8.573258034060002,,,
WORKER_RELOC,,2,12,15,,6.964467770224829,,,
WORKER_RELOC,,2,12,16,,9.47724581034639,,,
WORKER_RELOC,,2,12,17,,5.93012909108979,,,
WORKER_RELOC,,2,13,0,,8.375481692655814,,,
WORKER_RELOC,,2,13,1,,11.807721862899054,,,
WORKER_RELOC,,2,13,2,,10.731043475431523,,,
WORKER_RELOC,,2,13,3,,8.938742988413008,,,
WORKER_RELOC,,2,13,4,,9.931142643314711,,,
WORKER_RELOC,,2,13,5,,11.693639460372264,,,
WORKER_RELOC,,2,13,6,,7.424160069361177,,,
WORKER_RELOC,,2,13,7,,11.396186984385373,,,
WORKER_RELOC,,2,13,8,,8.368442081663723,,,
WORKER_RELOC,,2,13,9,,4.840997709233116,,,
WORKER_RELOC,,2,13,10,,8.2232172623366,,,
WORKER_RELOC,,2,13,11,,9.948707260490313,,,
WORKER_RELOC,,2,13,12,,10.764170352499168,,,
WORKER_RELOC,,2,13,13,,0.0,,,
WORKER_RELOC,,2,13,14,,3.0916647089111926,,,
WORKER_RELOC,,2,13,15,,7.711228224603407,,,
WORKER_RELOC,,2,13,16,,8.373030593773112,,,
WORKER_RELOC,,2,13,17,,10.302248197883554,,,
WORKER_RELOC,,2,14,0,,9.28259027804371,,,
WORKER_RELOC,,2,14,1,,11.74024338976761,,,
WORKER_RELOC,,2,14,2,,5.062491156511941,,,
WORKER_RELOC,,2,14,3,,8.642852117458808,,,
WORKER_RELOC,,2,14,4,,10.0418178771015,,,
WORKER_RELOC,,2,14,5,,5.72244762045333,,,
WORKER_RELOC,,2,14,6,,5.108826567145416,,,
WORKER_RELOC,,2,14,7,,6.665705238731629,,,
WORKER_RELOC,,2,14,8,,5.436396289642964,,,
WORKER_RELOC,,2,14,9,,9.620702352586605,,,
WORKER_RELOC,,2,14,10,,11.145586343063886,,,
WORKER_RELOC,,2,14,11,,5.307046564086279,,,
WORKER_RELOC,,2,14,12,,10.409750022859436,,,
WORKER_RELOC,,2,14,13,,2.5729994289967997,,,
WORKER_RELOC,,2,14,14,,0.0,,,
WORKER_RELOC,,2,14,15,,7.882804786193522,,,
WORKER_RELOC,,2,14,16,,9.274634850219734,,,
WORKER_RELOC,,2,14,17,,11.805492647253224,,,
WORKER_RELOC,,2,15,0,,8.870433402804228,,,
WORKER_RELOC,,2,15,1,,4.714883918658477,,,
WORKER_RELOC,,2,15,2,,7.920823111409465,,,
WORKER_RELOC,,2,15,3,,11.44609624724616,,,
WORKER_RELOC,,2,15,4,,8.778397158642584,,,
WORKER_RELOC,,2,15,5,,11.2656800277229,,,
WORKER_RELOC,,2,15,6,,9.807061357919128,,,
WORKER_RELOC,,2,15,7,,7.136018250169325,,,
WORKER_RELOC,,2,15,8,,4.8780874690913425,,,
WORKER_RELOC,,2,15,9,,10.109085627054547,,,
WORKER_RELOC,,2,15,10,,4.844129675056241,,,
WORKER_RELOC,,2,15,11,,4.569545098238005,,,
WORKER_RELOC,,2,15,12,,6.488829803261762,,,
WORKER_RELOC,,2,15,13,,11.298671037906015,,,
WORKER_RELOC,,2,15,14,,4.832862579539379,,,
WORKER_RELOC,,2,15,15,,0.0,,,
WORKER_RELOC,,2,15,16,,4.048680204548987,,,
WORKER_RELOC,,2,15,17,,2.094989754857648,,,
WORKER_RELOC,,2,16,0,,11.03759658384358,,,
WORKER_RELOC,,2,16,1,,5.098442827427608,,,
WORKER_RELOC,,2,16,2,,11.051252880436603,,,
WORKER_RELOC,,2,16,3,,7.552034287169359,,,
WORKER_RELOC,,2,16,4,,5.8702687071426,,,
WORKER_RELOC,,2,16,5,,7.579533575254869,,,
WORKER_RELOC,,2,16,6,,5.213250721297797,,,
WORKER_RELOC,,2,16,7,,6.858026065113823,,,
WORKER_RELOC,,2,16,8,,7.017478406584814,,,
WORKER_RELOC,,2,16,9,,7.390446384962102,,,
WORKER_RELOC,,2,16,10,,9.480049302291874,,,
WORKER_RELOC,,2,16,11,,10.310945055445263,,,
WORKER_RELOC,,2,16,12,,5.67084464531796,,,
WORKER_RELOC,,2,16,13,,8.685661308187326,,,
WORKER_RELOC,,2,16,14,,7.572310640162441,,,
WORKER_RELOC,,2,16,15,,3.3694458760590202,,,
WORKER_RELOC,,2,16,16,,0.0,,,
WORKER_RELOC,,2,16,17,,3.9359693703865446,,,
WORKER_RELOC,,2,17,0,,5.828134527925546,,,
WORKER_RELOC,,2,17,1,,4.793847756005375,,,
WORKER_RELOC,,2,17,2,,6.257223096780012,,,
WORKER_RELOC,,2,17,3,,5.3258508262272,,,
WORKER_RELOC,,2,17,4,,9.732500342826492,,,
WORKER_RELOC,,2,17,5,,5.804776950826017,,,
WORKER_RELOC,,2,17,6,,4.509637931713554,,,
WORKER_RELOC,,2,17,7,,4.7648983827870826,,,
WORKER_RELOC,,2,17,8,,6.736894061902961,,,
WORKER_RELOC,,2,17,9,,9.83859917460931,,,
WORKER_RELOC,,2,17,10,,7.26783363719167,,,
WORKER_RELOC,,2,17,11,,8.613923015341328,,,
WORKER_RELOC,,2,17,12,,10.020341604678169,,,
WORKER_RELOC,,2,17,13,,6.441496543583833,,,
WORKER_RELOC,,2,17,14,,11.326190236049797,,,
WORKER_RELOC,,2,17,15,,2.061515185538429,,,
WORKER_RELOC,,2,17,16,,1.945677983715754,,,
WORKER_RELOC,,2,17,17,,0.0,,,
WORKER_RELOC,,3,0,0,,0.0,,,
WORKER_RELOC,,3,0,1,,2.2871152773923376,,,
WORKER_RELOC,,3,0,2,,6.466913620040101,,,
WORKER_RELOC,,3,0,3,,8.124898312349425,,,
WORKER_RELOC,,3,0,4,,8.128332013234864,,,
WORKER_RELOC,,3,0,5,,5.561381849611111,,,
WORKER_RELOC,,3,0,6,,9.131899293905011,,,
WORKER_RELOC,,3,0,7,,10.777033396086235,,,
WORKER_RELOC,,3,0,8,,11.444552551729043,,,
WORKER_RELOC,,3,0,9,,10.804302950050932,,,
WORKER_RELOC,,3,0,10,,7.460276951760184,,,
WORKER_RELOC,,3,0,11,,5.016479874475186,,,
WORKER_RELOC,,3,0,12,,11.678528453028157,,,
WORKER_RELOC,,3,0,13,,8.436703540188141,,,
WORKER_RELOC,,3,0,14,,9.451291821634943,,,
WORKER_RELOC,,3,0,15,,7.649904613522468,,,
WORKER_RELOC,,3,0,16,,11.064737010095303,,,
WORKER_RELOC,,3,0,17,,8.124666162017588,,,
WORKER_RELOC,,3,1,0,,3.9997210951814615,,,
WORKER_RELOC,,3,1,1,,0.0,,,
WORKER_RELOC,,3,1,2,,6.01598231285882,,,
WORKER_RELOC,,3,1,3,,9.392620620073151,,,
WORKER_RELOC,,3,1,4,,11.908193490314806,,,
WORKER_RELOC,,3,1,5,,9.630758190145306,,,
WORKER_RELOC,,3,1,6,,5.597310242544353,,,
WORKER_RELOC,,3,1,7,,11.091407792216136,,,
WORKER_RELOC,,3,1,8,,11.074500617989782,,,
WORKER_RELOC,,3,1,9,,6.137413940210516,,,
WORKER_RELOC,,3,1,10,,6.918445325423974,,,
WORKER_RELOC,,3,1,11,,5.264810463700533,,,
WORKER_RELOC,,3,1,12,,6.130860384347985,,,
WORKER_RELOC,,3,1,13,,11.953183315639604,,,
WORKER_RELOC,,3,1,14,,7.598083315731551,,,
WORKER_RELOC,,3,1,15,,9.990057837782967,,,
WORKER_RELOC,,3,1,16,,4.894712597613428,,,
WORKER_RELOC,,3,1,17,,8.720523876914203,,,
WORKER_RELOC,,3,2,0,,8.659806290663276,,,
WORKER_RELOC,,3,2,1,,6.264710550777865,,,
WORKER_RELOC,,3,2,2,,0.0,,,
WORKER_RELOC,,3,2,3,,8.878419051634252,,,
WORKER_RELOC,,3,2,4,,8.579946312611558,,,
WORKER_RELOC,,3,2,5,,7.2307939404500186,,,
WORKER_RELOC,,3,2,6,,8.505616976467223,,,
WORKER_RELOC,,3,2,7,,6.9763139901561075,,,
WORKER_RELOC,,3,2,8,,7.721489678360672,,,
WORKER_RELOC,,3,2,9,,11.226331114532034,,,
WORKER_RELOC,,3,2,10,,9.632815025716024,,,
WORKER_RELOC,,3,2,11,,10.85475994043081,,,
WORKER_RELOC,,3,2,12,,4.550588722018361,,,
WORKER_RELOC,,3,2,13,,8.184417098667149,,,
WORKER_RELOC,,3,2,14,,10.505072577468408,,,
WORKER_RELOC,,3,2,15,,8.659018855758271,,,
WORKER_RELOC,,3,2,16,,5.431171657766649,,,
WORKER_RELOC,,3,2,17,,7.3714486301407325,,,
WORKER_RELOC,,3,3,0,,8.19914295384156,,,
WORKER_RELOC,,3,3,1,,5.91998171009882,,,
WORKER_RELOC,,3,3,2,,5.301450211629452,,,
WORKER_RELOC,,3,3,3,,0.0,,,
WORKER_RELOC,,3,3,4,,3.9612947048529192,,,
WORKER_RELOC,,3,3,5,,4.00068551688894,,,
WORKER_RELOC,,3,3,6,,5.650726687752229,,,
WORKER_RELOC,,3,3,7,,8.001900486526731,,,
WORKER_RELOC,,3,3,8,,7.1724303622274235,,,
WORKER_RELOC,,3,3,9,,6.141200730072999,,,
WORKER_RELOC,,3,3,10,,6.53253877805426,,,
WORKER_RELOC,,3,3,11,,6.952550972176795,,,
WORKER_RELOC,,3,3,12,,5.355827960186808,,,
WORKER_RELOC,,3,3,13,,11.284255019759577,,,
WORKER_RELOC,,3,3,14,,6.671623380595522,,,
WORKER_RELOC,,3,3,15,,9.081989223089323,,,
WORKER_RELOC,,3,3,16,,8.478675050028293,,,
WORKER_RELOC,,3,3,17,,8.154235605972557,,,
WORKER_RELOC,,3,4,0,,4.788091845662343,,,
WORKER_RELOC,,3,4,1,,7.55529396213869,,,
WORKER_RELOC,,3,4,2,,6.695456476950669,,,
WORKER_RELOC,,3,4,3,,3.139192132621235,,,
WORKER_RELOC,,3,4,4,,0.0,,,
WORKER_RELOC,,3,4,5,,3.434831865736259,,,
WORKER_RELOC,,3,4,6,,11.192631795480178,,,
WORKER_RELOC,,3,4,7,,10.373830008405038,,,
WORKER_RELOC,,3,4,8,,10.845268702662384,,,
WORKER_RELOC,,3,4,9,,9.760885776191712,,,
WORKER_RELOC,,3,4,10,,6.66916653644696,,,
WORKER_RELOC,,3,4,11,,8.251778005066694,,,
WORKER_RELOC,,3,4,12,,11.790760031308794,,,
WORKER_RELOC,,3,4,13,,8.073163578416148,,,
WORKER_RELOC,,3,4,14,,5.0484264530314285,,,
WORKER_RELOC,,3,4,15,,10.791081271547815,,,
WORKER_RELOC,,3,4,16,,10.04642315365146,,,
WORKER_RELOC,,3,4,17,,8.193621575736797,,,
WORKER_RELOC,,3,5,0,,8.929574013473404,,,
WORKER_RELOC,,3,5,1,,5.381596286876619,,,
WORKER_RELOC,,3,5,2,,10.72272219188901,,,
WORKER_RELOC,,3,5,3,,3.8887560706912545,,,
WORKER_RELOC,,3,5,4,,2.139986672435609,,,
WORKER_RELOC,,3,5,5,,0.0,,,
WORKER_RELOC,,3,5,6,,6.776315382408101,,,
WORKER_RELOC,,3,5,7,,11.747055551516347,,,
WORKER_RELOC,,3,5,8,,9.73435891147146,,,
WORKER_RELOC,,3,5,9,,9.063853267927382,,,
WORKER_RELOC,,3,5,10,,11.848446154893676,,,
WORKER_RELOC,,3,5,11,,5.0502677660393385,,,
WORKER_RELOC,,3,5,12,,10.891604327810212,,,
WORKER_RELOC,,3,5,13,,10.058598849941493,,,
WORKER_RELOC,,3,5,14,,9.796670826048949,,,
WORKER_RELOC,,3,5,15,,10.095817245884142,,,
WORKER_RELOC,,3,5,16,,5.153019317122227,,,
WORKER_RELOC,,3,5,17,,5.358752899774169,,,
WORKER_RELOC,,3,6,0,,9.016230169404736,,,
WORKER_RELOC,,3,6,1,,9.739729157543852,,,
WORKER_RELOC,,3,6,2,,9.985278025593226,,,
WORKER_RELOC,,3,6,3,,11.46825088359706,,,
WORKER_RELOC,,3,6,4,,8.513853181506004,,,
WORKER_RELOC,,3,6,5,,7.994373169954294,,,
WORKER_RELOC,,3,6,6,,0.0,,,
WORKER_RELOC,,3,6,7,,9.792925562597787,,,
WORKER_RELOC,,3,6,8,,10.911117531642645,,,
WORKER_RELOC,,3,6,9,,7.568998358203807,,,
WORKER_RELOC,,3,6,10,,8.889931058722915,,,
WORKER_RELOC,,3,6,11,,5.372412183697235,,,
WORKER_RELOC,,3,6,12,,11.999276149815444,,,
WORKER_RELOC,,3,6,13,,5.636982223322802,,,
WORKER_RELOC,,3,6,14,,9.159819519363051,,,
WORKER_RELOC,,3,6,15,,9.270120515065651,,,
WORKER_RELOC,,3,6,16,,9.715583663447308,,,
WORKER_RELOC,,3,6,17,,11.638844055258549,,,
WORKER_RELOC,,3,7,0,,5.055278354402876,,,
WORKER_RELOC,,3,7,1,,10.248253483780692,,,
WORKER_RELOC,,3,7,2,,8.504302171381294,,,
WORKER_RELOC,,3,7,3,,6.407741346720262,,,
WORKER_RELOC,,3,7,4,,7.959540150819703,,,
WORKER_RELOC,,3,7,5,,10.98225796432899,,,
WORKER_RELOC,,3,7,6,,11.453879637257938,,,
WORKER_RELOC,,3,7,7,,0.0,,,
WORKER_RELOC,,3,7,8,,2.5429263143480973,,,
WORKER_RELOC,,3,7,9,,3.6174560378387985,,,
WORKER_RELOC,,3,7,10,,5.892104110550635,,,
WORKER_RELOC,,3,7,11,,10.062935819279966,,,
WORKER_RELOC,,3,7,12,,5.993472467893751,,,
WORKER_RELOC,,3,7,13,,7.964006560010612,,,
WORKER_RELOC,,3,7,14,,11.573424133344504,,,
WORKER_RELOC,,3,7,15,,10.81294681332255,,,
WORKER_RELOC,,3,7,16,,11.084487063267648,,,
WORKER_RELOC,,3,7,17,,10.962665901249654,,,
WORKER_RELOC,,3,8,0,,8.982998332809386,,,
WORKER_RELOC,,3,8,1,,5.278161940708331,,,
WORKER_RELOC,,3,8,2,,10.274549274868102,,,
WORKER_RELOC,,3,8,3,,9.671188580233608,,,
WORKER_RELOC,,3,8,4,,7.0746439977629745,,,
WORKER_RELOC,,3,8,5,,8.609372661202952,,,
WORKER_RELOC,,3,8,6,,8.37904566739669,,,
WORKER_RELOC,,3,8,7,,2.406971553560206,,,
WORKER_RELOC,,3,8,8,,0.0,,,
WORKER_RELOC,,3,8,9,,2.3707769365956937,,,
WORKER_RELOC,,3,8,10,,10.613525144392778,,,
WORKER_RELOC,,3,8,11,,5.644488896219869,,,
WORKER_RELOC,,3,8,12,,5.148985327088894,,,
WORKER_RELOC,,3,8,13,,11.572777890310196,,,
WORKER_RELOC,,3,8,14,,9.166732169130437,,,
WORKER_RELOC,,3,8,15,,7.473403898664678,,,
WORKER_RELOC,,3,8,16,,5.675910377911066,,,
WORKER_RELOC,,3,8,17,,6.7467115997427936,,,
WORKER_RELOC,,3,9,0,,11.68413873614135,,,
WORKER_RELOC,,3,9,1,,7.475898949572444,,,
WORKER_RELOC,,3,9,2,,5.276913606169674,,,
WORKER_RELOC,,3,9,3,,8.58859280301041,,,
WORKER_RELOC,,3,9,4,,10.576297546525636,,,
WORKER_RELOC,,3,9,5,,7.221136470287356,,,
WORKER_RELOC,,3,9,6,,8.374835869342357,,,
WORKER_RELOC,,3,9,7,,2.9417615371272285,,,
WORKER_RELOC,,3,9,8,,3.4881492551652222,,,
WORKER_RELOC,,3,9,9,,0.0,,,
WORKER_RELOC,,3,9,10,,11.906993177507562,,,
WORKER_RELOC,,3,9,11,,7.869635791660569,,,
WORKER_RELOC,,3,9,12,,5.733717767676704,,,
WORKER_RELOC,,3,9,13,,10.335531596641188,,,
WORKER_RELOC,,3,9,14,,4.867731756955356,,,
WORKER_RELOC,,3,9,15,,10.549215045941471,,,
WORKER_RELOC,,3,9,16,,11.190167607367222,,,
WORKER_RELOC,,3,9,17,,10.671758765975627,,,
WORKER_RELOC,,3,10,0,,9.287123721568184,,,
WORKER_RELOC,,3,10,1,,5.163065946857165,,,
WORKER_RELOC,,3,10,2,,5.8570310983458524,,,
WORKER_RELOC,,3,10,3,,7.129501831217085,,,
WORKER_RELOC,,3,10,4,,7.827011579025517,,,
WORKER_RELOC,,3,10,5,,7.757980816691278,,,
WORKER_RELOC,,3,10,6,,7.401235733947173,,,
WORKER_RELOC,,3,10,7,,11.807554935544704,,,
WORKER_RELOC,,3,10,8,,5.273384866602164,,,
WORKER_RELOC,,3,10,9,,7.380452893128462,,,
WORKER_RELOC,,3,10,10,,0.0,,,
WORKER_RELOC,,3,10,11,,1.766597779430222,,,
WORKER_RELOC,,3,10,12,,1.8584692487620864,,,
WORKER_RELOC,,3,10,13,,6.373523996502575,,,
WORKER_RELOC,,3,10,14,,7.6912314772831,,,
WORKER_RELOC,,3,10,15,,6.9377003545839955,,,
WORKER_RELOC,,3,10,16,,4.523268873374137,,,
WORKER_RELOC,,3,10,17,,6.103581788300556,,,
WORKER_RELOC,,3,11,0,,10.764959132990372,,,
WORKER_RELOC,,3,11,1,,7.452506322519593,,,
WORKER_RELOC,,3,11,2,,6.904433437758588,,,
WORKER_RELOC,,3,11,3,,5.25442830620366,,,
WORKER_RELOC,,3,11,4,,5.352855084165641,,,
WORKER_RELOC,,3,11,5,,7.278922551866879,,,
WORKER_RELOC,,3,11,6,,4.671150696935492,,,
WORKER_RELOC,,3,11,7,,5.61716757285915,,,
WORKER_RELOC,,3,11,8,,8.704925612248786,,,
WORKER_RELOC,,3,11,9,,10.670474408436947,,,
WORKER_RELOC,,3,11,10,,4.33570776200739,,,
WORKER_RELOC,,3,11,11,,0.0,,,
WORKER_RELOC,,3,11,12,,1.5449909393056638,,,
WORKER_RELOC,,3,11,13,,6.068263662025506,,,
WORKER_RELOC,,3,11,14,,11.45447376052071,,,
WORKER_RELOC,,3,11,15,,10.314375689924415,,,
WORKER_RELOC,,3,11,16,,11.893593772889457,,,
WORKER_RELOC,,3,11,17,,10.003029928396343,,,
WORKER_RELOC,,3,12,0,,4.697368475442193,,,
WORKER_RELOC,,3,12,1,,9.969756031039157,,,
WORKER_RELOC,,3,12,2,,9.22541269216389,,,
WORKER_RELOC,,3,12,3,,7.499031731913096,,,
WORKER_RELOC,,3,12,4,,5.749980443371925,,,
WORKER_RELOC,,3,12,5,,5.17565706517004,,,
WORKER_RELOC,,3,12,6,,7.25191141222355,,,
WORKER_RELOC,,3,12,7,,7.818142053599978,,,
WORKER_RELOC,,3,12,8,,7.450682685648301,,,
WORKER_RELOC,,3,12,9,,5.87584961039001,,,
WORKER_RELOC,,3,12,10,,2.868114913117839,,,
WORKER_RELOC,,3,12,11,,3.058802316768741,,,
WORKER_RELOC,,3,12,12,,0.0,,,
WORKER_RELOC,,3,12,13,,5.198000858778237,,,
WORKER_RELOC,,3,12,14,,10.878514608383565,,,
WORKER_RELOC,,3,12,15,,5.583548461648139,,,
WORKER_RELOC,,3,12,16,,10.017376809335754,,,
WORKER_RELOC,,3,12,17,,8.878977933431912,,,
WORKER_RELOC,,3,13,0,,6.2205170082977626,,,
WORKER_RELOC,,3,13,1,,6.321298726492349,,,
WORKER_RELOC,,3,13,2,,6.145615689123376,,,
WORKER_RELOC,,3,13,3,,6.32024803673902,,,
WORKER_RELOC,,3,13,4,,9.073797709021875,,,
WORKER_RELOC,,3,13,5,,10.535854225487222,,,
WORKER_RELOC,,3,13,6,,6.265054061003864,,,
WORKER_RELOC,,3,13,7,,8.891573459728848,,,
WORKER_RELOC,,3,13,8,,8.996921616270349,,,
WORKER_RELOC,,3,13,9,,9.27543673334696,,,
WORKER_RELOC,,3,13,10,,7.724822922536663,,,
WORKER_RELOC,,3,13,11,,11.666623924134015,,,
WORKER_RELOC,,3,13,12,,7.743226728695172,,,
WORKER_RELOC,,3,13,13,,0.0,,,
WORKER_RELOC,,3,13,14,,2.492619435219953,,,
WORKER_RELOC,,3,13,15,,5.6444857100815415,,,
WORKER_RELOC,,3,13,16,,6.075505436604709,,,
WORKER_RELOC,,3,13,17,,5.1942364835652395,,,
WORKER_RELOC,,3,14,0,,10.581404969859905,,,
WORKER_RELOC,,3,14,1,,7.20003617471685,,,
WORKER_RELOC,,3,14,2,,10.86491387050696,,,
WORKER_RELOC,,3,14,3,,11.286529057296962,,,
WORKER_RELOC,,3,14,4,,6.107746554634022,,,
WORKER_RELOC,,3,14,5,,10.972384927777487,,,
WORKER_RELOC,,3,14,6,,5.2853403021535,,,
WORKER_RELOC,,3,14,7,,11.287021741426543,,,
WORKER_RELOC,,3,14,8,,10.24058466441683,,,
WORKER_RELOC,,3,14,9,,8.942338077644802,,,
WORKER_RELOC,,3,14,10,,7.284282657551932,,,
WORKER_RELOC,,3,14,11,,6.295528453621779,,,
WORKER_RELOC,,3,14,12,,8.16558666803709,,,
WORKER_RELOC,,3,14,13,,3.1735883672004572,,,
WORKER_RELOC,,3,14,14,,0.0,,,
WORKER_RELOC,,3,14,15,,4.986065283978009,,,
WORKER_RELOC,,3,14,16,,11.926221402687936,,,
WORKER_RELOC,,3,14,17,,6.880675118372072,,,
WORKER_RELOC,,3,15,0,,6.177612182432838,,,
WORKER_RELOC,,3,15,1,,6.693991996706978,,,
WORKER_RELOC,,3,15,2,,8.679821571280481,,,
WORKER_RELOC,,3,15,3,,4.591906925590857,,,
WORKER_RELOC,,3,15,4,,7.6189604995326805,,,
WORKER_RELOC,,3,15,5,,9.8411612488031,,,
WORKER_RELOC,,3,15,6,,6.027993567821098,,,
WORKER_RELOC,,3,15,7,,7.074977122633748,,,
WORKER_RELOC,,3,15,8,,8.869938059677878,,,
WORKER_RELOC,,3,15,9,,10.664317515683557,,,
WORKER_RELOC,,3,15,10,,5.432835946163163,,,
WORKER_RELOC,,3,15,11,,6.355579038811235,,,
WORKER_RELOC,,3,15,12,,9.579185829364853,,,
WORKER_RELOC,,3,15,13,,8.493294539327394,,,
WORKER_RELOC,,3,15,14,,5.41390412323199,,,
WORKER_RELOC,,3,15,15,,0.0,,,
WORKER_RELOC,,3,15,16,,2.092313516987999,,,
WORKER_RELOC,,3,15,17,,4.009346309478419,,,
WORKER_RELOC,,3,16,0,,5.1295200625523805,,,
WORKER_RELOC,,3,16,1,,7.6421888229358075,,,
WORKER_RELOC,,3,16,2,,10.924805242939431,,,
WORKER_RELOC,,3,16,3,,7.528425959115606,,,
WORKER_RELOC,,3,16,4,,5.176987486921828,,,
WORKER_RELOC,,3,16,5,,10.663916945349184,,,
WORKER_RELOC,,3,16,6,,6.763829845367524,,,
WORKER_RELOC,,3,16,7,,7.150920506103125,,,
WORKER_RELOC,,3,16,8,,6.365658110324717,,,
WORKER_RELOC,,3,16,9,,11.88925774663326,,,
WORKER_RELOC,,3,16,10,,8.85166625091016,,,
WORKER_RELOC,,3,16,11,,5.850103725477801,,,
WORKER_RELOC,,3,16,12,,11.16103111359596,,,
WORKER_RELOC,,3,16,13,,7.954796110860108,,,
WORKER_RELOC,,3,16,14,,9.071120311525377,,,
WORKER_RELOC,,3,16,15,,2.9525788606494396,,,
WORKER_RELOC,,3,16,16,,0.0,,,
WORKER_RELOC,,3,16,17,,3.321650423143008,,,
WORKER_RELOC,,3,17,0,,9.056264001761658,,,
WORKER_RELOC,,3,17,1,,8.246871719608666,,,
WORKER_RELOC,,3,17,2,,11.65477586723402,,,
WORKER_RELOC,,3,17,3,,10.003405075904624,,,
WORKER_RELOC,,3,17,4,,8.592603865849066,,,
WORKER_RELOC,,3,17,5,,9.144170339689282,,,
WORKER_RELOC,,3,17,6,,11.645909417572776,,,
WORKER_RELOC,,3,17,7,,10.976200154245381,,,
WORKER_RELOC,,3,17,8,,10.947502434609909,,,
WORKER_RELOC,,3,17,9,,10.958480693282644,,,
WORKER_RELOC,,3,17,10,,7.873872176571866,,,
WORKER_RELOC,,3,17,11,,9.570984965303747,,,
WORKER_RELOC,,3,17,12,,7.961009690863245,,,
WORKER_RELOC,,3,17,13,,11.426305981365324,,,
WORKER_RELOC,,3,17,14,,10.475746872834534,,,
WORKER_RELOC,,3,17,15,,2.0745910137166224,,,
WORKER_RELOC,,3,17,16,,3.8434611276322723,,,
WORKER_RELOC,,3,17,17,,0.0,,,
WORKER_RELOC,,4,0,0,,0.0,,,
WORKER_RELOC,,4,0,1,,3.891620298938565,,,
WORKER_RELOC,,4,0,2,,8.944587482342968,,,
WORKER_RELOC,,4,0,3,,11.473913623247071,,,
WORKER_RELOC,,4,0,4,,8.281499775884225,,,
WORKER_RELOC,,4,0,5,,11.027780848784296,,,
WORKER_RELOC,,4,0,6,,5.403364232335228,,,
WORKER_RELOC,,4,0,7,,9.84002148144907,,,
WORKER_RELOC,,4,0,8,,10.261446024761646,,,
WORKER_RELOC,,4,0,9,,9.641883037770505,,,
WORKER_RELOC,,4,0,10,,5.0634853802022715,,,
WORKER_RELOC,,4,0,11,,8.889994462078352,,,
WORKER_RELOC,,4,0,12,,7.898584271813299,,,
WORKER_RELOC,,4,0,13,,11.040479970347622,,,
WORKER_RELOC,,4,0,14,,5.259897446273662,,,
WORKER_RELOC,,4,0,15,,7.4007075144533125,,,
WORKER_RELOC,,4,0,16,,11.258530170894979,,,
WORKER_RELOC,,4,0,17,,7.332474820081476,,,
WORKER_RELOC,,4,1,0,,4.318248956239408,,,
WORKER_RELOC,,4,1,1,,0.0,,,
WORKER_RELOC,,4,1,2,,7.9746900206539495,,,
WORKER_RELOC,,4,1,3,,11.589046413573591,,,
WORKER_RELOC,,4,1,4,,6.123962417364873,,,
WORKER_RELOC,,4,1,5,,9.980196451015964,,,
WORKER_RELOC,,4,1,6,,8.538631311110903,,,
WORKER_RELOC,,4,1,7,,10.696878859586464,,,
WORKER_RELOC,,4,1,8,,9.395521743476628,,,
WORKER_RELOC,,4,1,9,,7.34594159600471,,,
WORKER_RELOC,,4,1,10,,9.055735169747027,,,
WORKER_RELOC,,4,1,11,,11.144295578592615,,,
WORKER_RELOC,,4,1,12,,9.595767585571462,,,
WORKER_RELOC,,4,1,13,,8.659876255886527,,,
WORKER_RELOC,,4,1,14,,4.553386218019487,,,
WORKER_RELOC,,4,1,15,,6.137925688648121,,,
WORKER_RELOC,,4,1,16,,4.703855564290496,,,
WORKER_RELOC,,4,1,17,,9.530090003976564,,,
WORKER_RELOC,,4,2,0,,7.039614424151732,,,
WORKER_RELOC,,4,2,1,,10.127124201376292,,,
WORKER_RELOC,,4,2,2,,0.0,,,
WORKER_RELOC,,4,2,3,,8.16099162755757,,,
WORKER_RELOC,,4,2,4,,10.541756894186026,,,
WORKER_RELOC,,4,2,5,,8.704686653036836,,,
WORKER_RELOC,,4,2,6,,6.361492395201843,,,
WORKER_RELOC,,4,2,7,,5.3436714503363065,,,
WORKER_RELOC,,4,2,8,,4.933798677826983,,,
WORKER_RELOC,,4,2,9,,10.621764050243312,,,
WORKER_RELOC,,4,2,10,,9.4296313901969,,,
WORKER_RELOC,,4,2,11,,6.682246890866784,,,
WORKER_RELOC,,4,2,12,,11.541512147370774,,,
WORKER_RELOC,,4,2,13,,8.163464700710943,,,
WORKER_RELOC,,4,2,14,,6.063647233389731,,,
WORKER_RELOC,,4,2,15,,8.014302677018662,,,
WORKER_RELOC,,4,2,16,,6.182247895930013,,,
WORKER_RELOC,,4,2,17,,8.375441492827676,,,
WORKER_RELOC,,4,3,0,,8.78255585668302,,,
WORKER_RELOC,,4,3,1,,9.258673710598167,,,
WORKER_RELOC,,4,3,2,,5.746015904457943,,,
WORKER_RELOC,,4,3,3,,0.0,,,
WORKER_RELOC,,4,3,4,,1.9970673611664527,,,
WORKER_RELOC,,4,3,5,,4.123982285326987,,,
WORKER_RELOC,,4,3,6,,10.823840034046816,,,
WORKER_RELOC,,4,3,7,,8.735902280806052,,,
WORKER_RELOC,,4,3,8,,11.912400865704148,,,
WORKER_RELOC,,4,3,9,,5.876656302936083,,,
WORKER_RELOC,,4,3,10,,5.366730469844356,,,
WORKER_RELOC,,4,3,11,,4.5340334772961475,,,
WORKER_RELOC,,4,3,12,,8.263945811584751,,,
WORKER_RELOC,,4,3,13,,9.505350339425766,,,
WORKER_RELOC,,4,3,14,,6.896310957961876,,,
WORKER_RELOC,,4,3,15,,7.2233639205779365,,,
WORKER_RELOC,,4,3,16,,8.061401041986393,,,
WORKER_RELOC,,4,3,17,,6.100069054643334,,,
WORKER_RELOC,,4,4,0,,8.210518430122681,,,
WORKER_RELOC,,4,4,1,,10.866913399598126,,,
WORKER_RELOC,,4,4,2,,6.855531392688688,,,
WORKER_RELOC,,4,4,3,,1.681361665297664,,,
WORKER_RELOC,,4,4,4,,0.0,,,
WORKER_RELOC,,4,4,5,,2.778518580550261,,,
WORKER_RELOC,,4,4,6,,11.110955052158893,,,
WORKER_RELOC,,4,4,7,,6.168510844582737,,,
WORKER_RELOC,,4,4,8,,9.224110605423306,,,
WORKER_RELOC,,4,4,9,,5.091907477085952,,,
WORKER_RELOC,,4,4,10,,6.87119789549245,,,
WORKER_RELOC,,4,4,11,,7.800833061838335,,,
WORKER_RELOC,,4,4,12,,7.588645052226212,,,
WORKER_RELOC,,4,4,13,,5.502712757267564,,,
WORKER_RELOC,,4,4,14,,7.647460666854245,,,
WORKER_RELOC,,4,4,15,,5.097121396362686,,,
WORKER_RELOC,,4,4,16,,5.5518768182748515,,,
WORKER_RELOC,,4,4,17,,9.644110185000368,,,
WORKER_RELOC,,4,5,0,,11.745062486957334,,,
WORKER_RELOC,,4,5,1,,11.004164537146167,,,
WORKER_RELOC,,4,5,2,,5.1816312166332485,,,
WORKER_RELOC,,4,5,3,,3.237043963433951,,,
WORKER_RELOC,,4,5,4,,2.789489306271465,,,
WORKER_RELOC,,4,5,5,,0.0,,,
WORKER_RELOC,,4,5,6,,7.621175780936296,,,
WORKER_RELOC,,4,5,7,,7.751919031016462,,,
WORKER_RELOC,,4,5,8,,4.714419431113821,,,
WORKER_RELOC,,4,5,9,,5.442011521542973,,,
WORKER_RELOC,,4,5,10,,9.220852632798474,,,
WORKER_RELOC,,4,5,11,,9.697505014021559,,,
WORKER_RELOC,,4,5,12,,5.190706607767101,,,
WORKER_RELOC,,4,5,13,,6.566467257915706,,,
WORKER_RELOC,,4,5,14,,6.96291755517666,,,
WORKER_RELOC,,4,5,15,,4.843464021499212,,,
WORKER_RELOC,,4,5,16,,7.140733850170434,,,
WORKER_RELOC,,4,5,17,,8.272681265828465,,,
WORKER_RELOC,,4,6,0,,10.778468061274866,,,
WORKER_RELOC,,4,6,1,,11.75822901222387,,,
WORKER_RELOC,,4,6,2,,6.020892342024182,,,
WORKER_RELOC,,4,6,3,,10.656672723634221,,,
WORKER_RELOC,,4,6,4,,7.490987277077761,,,
WORKER_RELOC,,4,6,5,,10.590604659513575,,,
WORKER_RELOC,,4,6,6,,0.0,,,
WORKER_RELOC,,4,6,7,,11.418240976765238,,,
WORKER_RELOC,,4,6,8,,6.595345459214925,,,
WORKER_RELOC,,4,6,9,,9.451601399562088,,,
WORKER_RELOC,,4,6,10,,5.906819601946534,,,
WORKER_RELOC,,4,6,11,,5.131325181524128,,,
WORKER_RELOC,,4,6,12,,10.717183437760449,,,
WORKER_RELOC,,4,6,13,,6.39182025386198,,,
WORKER_RELOC,,4,6,14,,9.830952744634427,,,
WORKER_RELOC,,4,6,15,,8.931538683950645,,,
WORKER_RELOC,,4,6,16,,11.836277854266466,,,
WORKER_RELOC,,4,6,17,,9.731290604586022,,,
WORKER_RELOC,,4,7,0,,8.51763202055196,,,
WORKER_RELOC,,4,7,1,,11.557340709294012,,,
WORKER_RELOC,,4,7,2,,7.065608705833009,,,
WORKER_RELOC,,4,7,3,,9.16079388851578,,,
WORKER_RELOC,,4,7,4,,8.597320367472395,,,
WORKER_RELOC,,4,7,5,,9.471498156291705,,,
WORKER_RELOC,,4,7,6,,11.474422169978535,,,
WORKER_RELOC,,4,7,7,,0.0,,,
WORKER_RELOC,,4,7,8,,3.490239736574096,,,
WORKER_RELOC,,4,7,9,,3.3070283920590215,,,
WORKER_RELOC,,4,7,10,,8.898331121601274,,,
WORKER_RELOC,,4,7,11,,5.169838779595533,,,
WORKER_RELOC,,4,7,12,,11.821972293217543,,,
WORKER_RELOC,,4,7,13,,7.4228706736761545,,,
WORKER_RELOC,,4,7,14,,9.865803520215092,,,
WORKER_RELOC,,4,7,15,,5.060539835784223,,,
WORKER_RELOC,,4,7,16,,5.839717731260389,,,
WORKER_RELOC,,4,7,17,,9.320234369185933,,,
WORKER_RELOC,,4,8,0,,11.071966237725348,,,
WORKER_RELOC,,4,8,1,,4.7726926967008385,,,
WORKER_RELOC,,4,8,2,,5.066367599002558,,,
WORKER_RELOC,,4,8,3,,9.681125128169061,,,
WORKER_RELOC,,4,8,4,,4.9178318898669025,,,
WORKER_RELOC,,4,8,5,,5.386899092178631,,,
WORKER_RELOC,,4,8,6,,5.590074359931931,,,
WORKER_RELOC,,4,8,7,,4.381290226734452,,,
WORKER_RELOC,,4,8,8,,0.0,,,
WORKER_RELOC,,4,8,9,,3.897947241829121,,,
WORKER_RELOC,,4,8,10,,9.120756684853582,,,
WORKER_RELOC,,4,8,11,,5.395899962890769,,,
WORKER_RELOC,,4,8,12,,6.223170832344431,,,
WORKER_RELOC,,4,8,13,,10.009753223471668,,,
WORKER_RELOC,,4,8,14,,5.956608748872147,,,
WORKER_RELOC,,4,8,15,,10.95679914745338,,,
WORKER_RELOC,,4,8,16,,9.317344348444308,,,
WORKER_RELOC,,4,8,17,,8.008644432759276,,,
WORKER_RELOC,,4,9,0,,9.30201486498528,,,
WORKER_RELOC,,4,9,1,,8.073268333932479,,,
WORKER_RELOC,,4,9,2,,11.184552698821578,,,
WORKER_RELOC,,4,9,3,,5.1372392544617735,,,
WORKER_RELOC,,4,9,4,,10.397730905499888,,,
WORKER_RELOC,,4,9,5,,8.877826631898191,,,
WORKER_RELOC,,4,9,6,,10.83382767383892,,,
WORKER_RELOC,,4,9,7,,3.252291338244697,,,
WORKER_RELOC,,4,9,8,,3.5995665099740215,,,
WORKER_RELOC,,4,9,9,,0.0,,,
WORKER_RELOC,,4,9,10,,8.36640450166183,,,
WORKER_RELOC,,4,9,11,,9.805649953824254,,,
WORKER_RELOC,,4,9,12,,10.164326516121502,,,
WORKER_RELOC,,4,9,13,,5.580905153646191,,,
WORKER_RELOC,,4,9,14,,11.661972670591258,,,
WORKER_RELOC,,4,9,15,,9.48776463284386,,,
WORKER_RELOC,,4,9,16,,5.121710094144705,,,
WORKER_RELOC,,4,9,17,,7.632709739575845,,,
WORKER_RELOC,,4,10,0,,5.315069379165283,,,
WORKER_RELOC,,4,10,1,,6.274971610964638,,,
WORKER_RELOC,,4,10,2,,8.293581941308737,,,
WORKER_RELOC,,4,10,3,,5.368676331726535,,,
WORKER_RELOC,,4,10,4,,5.302092938786557,,,
WORKER_RELOC,,4,10,5,,5.257216732895753,,,
WORKER_RELOC,,4,10,6,,5.497177733859803,,,
WORKER_RELOC,,4,10,7,,10.75097391370181,,,
WORKER_RELOC,,4,10,8,,7.961309799454912,,,
WORKER_RELOC,,4,10,9,,5.855054302467537,,,
WORKER_RELOC,,4,10,10,,0.0,,,
WORKER_RELOC,,4,10,11,,2.5609116361946485,,,
WORKER_RELOC,,4,10,12,,4.460606374991098,,,
WORKER_RELOC,,4,10,13,,5.742280360704582,,,
WORKER_RELOC,,4,10,14,,11.974332793986306,,,
WORKER_RELOC,,4,10,15,,4.7628376147960045,,,
WORKER_RELOC,,4,10,16,,8.842536017880029,,,
WORKER_RELOC,,4,10,17,,7.467990322298446,,,
WORKER_RELOC,,4,11,0,,8.519581504513555,,,
WORKER_RELOC,,4,11,1,,6.92440294501929,,,
WORKER_RELOC,,4,11,2,,6.297762773743989,,,
WORKER_RELOC,,4,11,3,,6.031974274049888,,,
WORKER_RELOC,,4,11,4,,10.36812052000224,,,
WORKER_RELOC,,4,11,5,,10.737739375388038,,,
WORKER_RELOC,,4,11,6,,10.742643587918408,,,
WORKER_RELOC,,4,11,7,,9.923424128533245,,,
WORKER_RELOC,,4,11,8,,11.024711710885825,,,
WORKER_RELOC,,4,11,9,,6.0647700652640015,,,
WORKER_RELOC,,4,11,10,,2.6786290784858524,,,
WORKER_RELOC,,4,11,11,,0.0,,,
WORKER_RELOC,,4,11,12,,4.1347685035573924,,,
WORKER_RELOC,,4,11,13,,7.469947028807095,,,
WORKER_RELOC,,4,11,14,,7.74571169086893,,,
WORKER_RELOC,,4,11,15,,8.767175716627518,,,
WORKER_RELOC,,4,11,16,,7.447403747674965,,,
WORKER_RELOC,,4,11,17,,5.8702758307425285,,,
WORKER_RELOC,,4,12,0,,6.663121269051338,,,
WORKER_RELOC,,4,12,1,,5.780181568971064,,,
WORKER_RELOC,,4,12,2,,4.533616474916501,,,
WORKER_RELOC,,4,12,3,,7.973241596736222,,,
WORKER_RELOC,,4,12,4,,7.904369525027991,,,
WORKER_RELOC,,4,12,5,,7.771613422203268,,,
WORKER_RELOC,,4,12,6,,11.255870914728195,,,
WORKER_RELOC,,4,12,7,,6.583739284659086,,,
WORKER_RELOC,,4,12,8,,11.69127294117135,,,
WORKER_RELOC,,4,12,9,,8.553821319468032,,,
WORKER_RELOC,,4,12,10,,2.550842894474661,,,
WORKER_RELOC,,4,12,11,,2.814999713643724,,,
WORKER_RELOC,,4,12,12,,0.0,,,
WORKER_RELOC,,4,12,13,,10.247645228050205,,,
WORKER_RELOC,,4,12,14,,6.831310364638679,,,
WORKER_RELOC,,4,12,15,,7.370723390257783,,,
WORKER_RELOC,,4,12,16,,11.5507968088165,,,
WORKER_RELOC,,4,12,17,,9.413940772725605,,,
WORKER_RELOC,,4,13,0,,7.764516327266838,,,
WORKER_RELOC,,4,13,1,,10.581728161860417,,,
WORKER_RELOC,,4,13,2,,7.013720870497744,,,
WORKER_RELOC,,4,13,3,,7.214744868171052,,,
WORKER_RELOC,,4,13,4,,8.952294662400163,,,
WORKER_RELOC,,4,13,5,,7.082539211168687,,,
WORKER_RELOC,,4,13,6,,7.8898019036958615,,,
WORKER_RELOC,,4,13,7,,4.550026559229514,,,
WORKER_RELOC,,4,13,8,,6.081843198098639,,,
WORKER_RELOC,,4,13,9,,9.780564935859317,,,
WORKER_RELOC,,4,13,10,,7.201602213411972,,,
WORKER_RELOC,,4,13,11,,11.430430341071917,,,
WORKER_RELOC,,4,13,12,,11.66819098147471,,,
WORKER_RELOC,,4,13,13,,0.0,,,
WORKER_RELOC,,4,13,14,,4.076920519941959,,,
WORKER_RELOC,,4,13,15,,9.675366134476652,,,
WORKER_RELOC,,4,13,16,,11.016484678685003,,,
WORKER_RELOC,,4,13,17,,10.992272365080336,,,
WORKER_RELOC,,4,14,0,,5.860587705681464,,,
WORKER_RELOC,,4,14,1,,5.208742128339913,,,
WORKER_RELOC,,4,14,2,,9.514656642522592,,,
WORKER_RELOC,,4,14,3,,10.691642384292706,,,
WORKER_RELOC,,4,14,4,,7.540624296526504,,,
WORKER_RELOC,,4,14,5,,6.985815237271657,,,
WORKER_RELOC,,4,14,6,,8.28741883279448,,,
WORKER_RELOC,,4,14,7,,4.929275773164996,,,
WORKER_RELOC,,4,14,8,,8.197601427643331,,,
WORKER_RELOC,,4,14,9,,10.603940823433332,,,
WORKER_RELOC,,4,14,10,,7.224586623726427,,,
WORKER_RELOC,,4,14,11,,7.605127337069682,,,
WORKER_RELOC,,4,14,12,,10.736096876184574,,,
WORKER_RELOC,,4,14,13,,2.10063962526449,,,
WORKER_RELOC,,4,14,14,,0.0,,,
WORKER_RELOC,,4,14,15,,5.272423365325545,,,
WORKER_RELOC,,4,14,16,,5.672138588550656,,,
WORKER_RELOC,,4,14,17,,5.624977904824265,,,
WORKER_RELOC,,4,15,0,,9.825023321811033,,,
WORKER_RELOC,,4,15,1,,9.812308192535504,,,
WORKER_RELOC,,4,15,2,,11.013217492883344,,,
WORKER_RELOC,,4,15,3,,10.45705496322086,,,
WORKER_RELOC,,4,15,4,,5.105132321277042,,,
WORKER_RELOC,,4,15,5,,7.004799751401913,,,
WORKER_RELOC,,4,15,6,,4.933826893329115,,,
WORKER_RELOC,,4,15,7,,9.159738440519925,,,
WORKER_RELOC,,4,15,8,,5.800593146387891,,,
WORKER_RELOC,,4,15,9,,11.262588993110796,,,
WORKER_RELOC,,4,15,10,,7.071010118690822,,,
WORKER_RELOC,,4,15,11,,8.353374954728991,,,
WORKER_RELOC,,4,15,12,,10.23746575557606,,,
WORKER_RELOC,,4,15,13,,10.73783140415705,,,
WORKER_RELOC,,4,15,14,,9.451346139321624,,,
WORKER_RELOC,,4,15,15,,0.0,,,
WORKER_RELOC,,4,15,16,,2.1363460853478746,,,
WORKER_RELOC,,4,15,17,,2.942283862612692,,,
WORKER_RELOC,,4,16,0,,6.485069760589402,,,
WORKER_RELOC,,4,16,1,,8.295598778436435,,,
WORKER_RELOC,,4,16,2,,5.1789567473066835,,,
WORKER_RELOC,,4,16,3,,9.856967089469979,,,
WORKER_RELOC,,4,16,4,,9.17449348410776,,,
WORKER_RELOC,,4,16,5,,9.276732206178634,,,
WORKER_RELOC,,4,16,6,,8.6458280552002,,,
WORKER_RELOC,,4,16,7,,11.434053109516054,,,
WORKER_RELOC,,4,16,8,,5.7432696958954725,,,
WORKER_RELOC,,4,16,9,,5.521138888919313,,,
WORKER_RELOC,,4,16,10,,8.958786081028062,,,
WORKER_RELOC,,4,16,11,,9.907205617757992,,,
WORKER_RELOC,,4,16,12,,8.164174312944095,,,
WORKER_RELOC,,4,16,13,,7.801953318921577,,,
WORKER_RELOC,,4,16,14,,6.480595032765002,,,
WORKER_RELOC,,4,16,15,,3.6423246102217584,,,
WORKER_RELOC,,4,16,16,,0.0,,,
WORKER_RELOC,,4,16,17,,3.68966039030784,,,
WORKER_RELOC,,4,17,0,,10.243268879460285,,,
WORKER_RELOC,,4,17,1,,5.0660272815092,,,
WORKER_RELOC,,4,17,2,,6.655534411282393,,,
WORKER_RELOC,,4,17,3,,9.656321371659658,,,
WORKER_RELOC,,4,17,4,,11.617887692466384,,,
WORKER_RELOC,,4,17,5,,7.322277250517979,,,
WORKER_RELOC,,4,17,6,,5.863628180012798,,,
WORKER_RELOC,,4,17,7,,10.36752065151455,,,
WORKER_RELOC,,4,17,8,,9.760575453451615,,,
WORKER_RELOC,,4,17,9,,6.548403053393765,,,
WORKER_RELOC,,4,17,10,,6.398605972567025,,,
WORKER_RELOC,,4,17,11,,11.517052539488475,,,
WORKER_RELOC,,4,17,12,,9.852797248370377,,,
WORKER_RELOC,,4,17,13,,11.069105392459509,,,
WORKER_RELOC,,4,17,14,,8.959769140584392,,,
WORKER_RELOC,,4,17,15,,3.8004245911284604,,,
WORKER_RELOC,,4,17,16,,1.7828217369182622,,,
WORKER_RELOC,,4,17,17,,0.0,,,
WORKER_RELOC,,5,0,0,,0.0,,,
WORKER_RELOC,,5,0,1,,1.845912365584854,,,
WORKER_RELOC,,5,0,2,,9.302351253043282,,,
WORKER_RELOC,,5,0,3,,4.59182072780172,,,
WORKER_RELOC,,5,0,4,,10.543296938892178,,,
WORKER_RELOC,,5,0,5,,11.506453455036922,,,
WORKER_RELOC,,5,0,6,,6.769217433925894,,,
WORKER_RELOC,,5,0,7,,9.370045726576862,,,
WORKER_RELOC,,5,0,8,,11.761343467509569,,,
WORKER_RELOC,,5,0,9,,9.036495471238066,,,
WORKER_RELOC,,5,0,10,,11.433023293175157,,,
WORKER_RELOC,,5,0,11,,10.551553591884142,,,
WORKER_RELOC,,5,0,12,,11.855147162873635,,,
WORKER_RELOC,,5,0,13,,4.941692110526245,,,
WORKER_RELOC,,5,0,14,,9.034170718676418,,,
WORKER_RELOC,,5,0,15,,8.148580014823843,,,
WORKER_RELOC,,5,0,16,,6.897155134997963,,,
WORKER_RELOC,,5,0,17,,6.04915526602498,,,
WORKER_RELOC,,5,1,0,,2.4034554596151843,,,
WORKER_RELOC,,5,1,1,,0.0,,,
WORKER_RELOC,,5,1,2,,8.102312036280331,,,
WORKER_RELOC,,5,1,3,,5.515750764460194,,,
WORKER_RELOC,,5,1,4,,6.010918552673786,,,
WORKER_RELOC,,5,1,5,,7.110864829231951,,,
WORKER_RELOC,,5,1,6,,8.484320697901802,,,
WORKER_RELOC,,5,1,7,,11.724487896421302,,,
WORKER_RELOC,,5,1,8,,8.9872594607969,,,
WORKER_RELOC,,5,1,9,,9.092083182243858,,,
WORKER_RELOC,,5,1,10,,9.04360633207752,,,
WORKER_RELOC,,5,1,11,,11.82118574600228,,,
WORKER_RELOC,,5,1,12,,7.920826160478063,,,
WORKER_RELOC,,5,1,13,,9.349059759059775,,,
WORKER_RELOC,,5,1,14,,5.665910660904443,,,
WORKER_RELOC,,5,1,15,,5.771677771353555,,,
WORKER_RELOC,,5,1,16,,8.15369786492236,,,
WORKER_RELOC,,5,1,17,,6.500062636255077,,,
WORKER_RELOC,,5,2,0,,5.641212557018761,,,
WORKER_RELOC,,5,2,1,,9.732142924166226,,,
WORKER_RELOC,,5,2,2,,0.0,,,
WORKER_RELOC,,5,2,3,,11.804920307524773,,,
WORKER_RELOC,,5,2,4,,6.499049171704969,,,
WORKER_RELOC,,5,2,5,,6.926162752008128,,,
WORKER_RELOC,,5,2,6,,6.350419983398064,,,
WORKER_RELOC,,5,2,7,,7.171315331157814,,,
WORKER_RELOC,,5,2,8,,6.787346371837561,,,
WORKER_RELOC,,5,2,9,,11.220438900701819,,,
WORKER_RELOC,,5,2,10,,11.995666115363953,,,
WORKER_RELOC,,5,2,11,,11.590961162748062,,,
WORKER_RELOC,,5,2,12,,9.942819326058647,,,
WORKER_RELOC,,5,2,13,,7.129662192577417,,,
WORKER_RELOC,,5,2,14,,9.10033826908488,,,
WORKER_RELOC,,5,2,15,,11.691715525723438,,,
WORKER_RELOC,,5,2,16,,9.182964797738975,,,
WORKER_RELOC,,5,2,17,,9.439817260416548,,,
WORKER_RELOC,,5,3,0,,7.169217735496348,,,
WORKER_RELOC,,5,3,1,,7.484560583630829,,,
WORKER_RELOC,,5,3,2,,7.407224355796025,,,
WORKER_RELOC,,5,3,3,,0.0,,,
WORKER_RELOC,,5,3,4,,3.801205246562459,,,
WORKER_RELOC,,5,3,5,,4.484062292287851,,,
WORKER_RELOC,,5,3,6,,5.170070899189133,,,
WORKER_RELOC,,5,3,7,,11.301478753479001,,,
WORKER_RELOC,,5,3,8,,7.271946991179513,,,
WORKER_RELOC,,5,3,9,,9.156172878156143,,,
WORKER_RELOC,,5,3,10,,7.022708405446563,,,
WORKER_RELOC,,5,3,11,,6.102735923509302,,,
WORKER_RELOC,,5,3,12,,6.435974077973616,,,
WORKER_RELOC,,5,3,13,,8.43766547375126,,,
WORKER_RELOC,,5,3,14,,7.679901092619007,,,
WORKER_RELOC,,5,3,15,,6.22345631710129,,,
WORKER_RELOC,,5,3,16,,5.7444647243004106,,,
WORKER_RELOC,,5,3,17,,4.825254976110983,,,
WORKER_RELOC,,5,4,0,,7.88215486223137,,,
WORKER_RELOC,,5,4,1,,10.036954510672162,,,
WORKER_RELOC,,5,4,2,,10.796061975780248,,,
WORKER_RELOC,,5,4,3,,2.043247347067992,,,
WORKER_RELOC,,5,4,4,,0.0,,,
WORKER_RELOC,,5,4,5,,2.606292497853859,,,
WORKER_RELOC,,5,4,6,,5.478940546613261,,,
WORKER_RELOC,,5,4,7,,9.608761161958574,,,
WORKER_RELOC,,5,4,8,,4.746610472973239,,,
WORKER_RELOC,,5,4,9,,7.751610367793825,,,
WORKER_RELOC,,5,4,10,,7.338676008430527,,,
WORKER_RELOC,,5,4,11,,5.702160395153159,,,
WORKER_RELOC,,5,4,12,,9.216576410250145,,,
WORKER_RELOC,,5,4,13,,8.857610178447949,,,
WORKER_RELOC,,5,4,14,,7.634040519645102,,,
WORKER_RELOC,,5,4,15,,8.268265793585602,,,
WORKER_RELOC,,5,4,16,,11.157083936093318,,,
WORKER_RELOC,,5,4,17,,9.357989197133552,,,
WORKER_RELOC,,5,5,0,,4.804585656685145,,,
WORKER_RELOC,,5,5,1,,6.161563505148953,,,
WORKER_RELOC,,5,5,2,,6.704222927006931,,,
WORKER_RELOC,,5,5,3,,2.08820665511075,,,
WORKER_RELOC,,5,5,4,,4.387574053575497,,,
WORKER_RELOC,,5,5,5,,0.0,,,
WORKER_RELOC,,5,5,6,,8.019030998402958,,,
WORKER_RELOC,,5,5,7,,8.119768781205561,,,
WORKER_RELOC,,5,5,8,,7.646141706298735,,,
WORKER_RELOC,,5,5,9,,6.526149759880395,,,
WORKER_RELOC,,5,5,10,,8.039064641111374,,,
WORKER_RELOC,,5,5,11,,8.65260067861188,,,
WORKER_RELOC,,5,5,12,,4.543250940771463,,,
WORKER_RELOC,,5,5,13,,10.307086411080725,,,
WORKER_RELOC,,5,5,14,,11.445659549549019,,,
WORKER_RELOC,,5,5,15,,9.847263379000664,,,
WORKER_RELOC,,5,5,16,,6.78830500730553,,,
WORKER_RELOC,,5,5,17,,5.390572369216123,,,
WORKER_RELOC,,5,6,0,,4.541937215393659,,,
WORKER_RELOC,,5,6,1,,9.472764389808109,,,
WORKER_RELOC,,5,6,2,,5.965276014893686,,,
WORKER_RELOC,,5,6,3,,5.304990745715027,,,
WORKER_RELOC,,5,6,4,,10.04361260482419,,,
WORKER_RELOC,,5,6,5,,10.728841734014159,,,
WORKER_RELOC,,5,6,6,,0.0,,,
WORKER_RELOC,,5,6,7,,4.766942875837624,,,
WORKER_RELOC,,5,6,8,,7.5091408637023855,,,
WORKER_RELOC,,5,6,9,,11.426252150615841,,,
WORKER_RELOC,,5,6,10,,11.740526872081674,,,
WORKER_RELOC,,5,6,11,,10.691266620740185,,,
WORKER_RELOC,,5,6,12,,5.608576623346385,,,
WORKER_RELOC,,5,6,13,,9.246959943344917,,,
WORKER_RELOC,,5,6,14,,7.373136375489311,,,
WORKER_RELOC,,5,6,15,,10.624243202889046,,,
WORKER_RELOC,,5,6,16,,9.16789367362542,,,
WORKER_RELOC,,5,6,17,,11.791334385630089,,,
WORKER_RELOC,,5,7,0,,11.9871036793273,,,
WORKER_RELOC,,5,7,1,,6.439618533853353,,,
WORKER_RELOC,,5,7,2,,7.922270880444098,,,
WORKER_RELOC,,5,7,3,,8.230496915771834,,,
WORKER_RELOC,,5,7,4,,10.837593600516142,,,
WORKER_RELOC,,5,7,5,,5.259073411208377,,,
WORKER_RELOC,,5,7,6,,5.335137099443756,,,
WORKER_RELOC,,5,7,7,,0.0,,,
WORKER_RELOC,,5,7,8,,4.3330104150549404,,,
WORKER_RELOC,,5,7,9,,3.9315755919955766,,,
WORKER_RELOC,,5,7,10,,8.044869122369773,,,
WORKER_RELOC,,5,7,11,,4.5055125530229665,,,
WORKER_RELOC,,5,7,12,,6.812483420968366,,,
WORKER_RELOC,,5,7,13,,7.341168236305508,,,
WORKER_RELOC,,5,7,14,,8.235046390670865,,,
WORKER_RELOC,,5,7,15,,5.85566968687755,,,
WORKER_RELOC,,5,7,16,,8.169094535204064,,,
WORKER_RELOC,,5,7,17,,6.277076912615909,,,
WORKER_RELOC,,5,8,0,,4.545277111628424,,,
WORKER_RELOC,,5,8,1,,5.2079238829361865,,,
WORKER_RELOC,,5,8,2,,9.37826288450126,,,
WORKER_RELOC,,5,8,3,,5.097659192572689,,,
WORKER_RELOC,,5,8,4,,7.413741417630402,,,
WORKER_RELOC,,5,8,5,,4.988357490246964,,,
WORKER_RELOC,,5,8,6,,7.684210128327038,,,
WORKER_RELOC,,5,8,7,,2.670702456500093,,,
WORKER_RELOC,,5,8,8,,0.0,,,
WORKER_RELOC,,5,8,9,,2.690478483863988,,,
WORKER_RELOC,,5,8,10,,10.877894347282412,,,
WORKER_RELOC,,5,8,11,,10.728090443044225,,,
WORKER_RELOC,,5,8,12,,11.34572394572811,,,
WORKER_RELOC,,5,8,13,,6.933986673083617,,,
WORKER_RELOC,,5,8,14,,7.653471680026813,,,
WORKER_RELOC,,5,8,15,,6.322435842054174,,,
WORKER_RELOC,,5,8,16,,10.533377388420123,,,
WORKER_RELOC,,5,8,17,,5.839283098766315,,,
WORKER_RELOC,,5,9,0,,9.11812170822206,,,
WORKER_RELOC,,5,9,1,,7.145664749426081,,,
WORKER_RELOC,,5,9,2,,6.880919156933996,,,
WORKER_RELOC,,5,9,3,,10.8001966450428,,,
WORKER_RELOC,,5,9,4,,5.52713352318122,,,
WORKER_RELOC,,5,9,5,,7.819632837383668,,,
WORKER_RELOC,,5,9,6,,7.683711614908923,,,
WORKER_RELOC,,5,9,7,,2.0607925967443643,,,
WORKER_RELOC,,5,9,8,,1.87180948404962,,,
WORKER_RELOC,,5,9,9,,0.0,,,
WORKER_RELOC,,5,9,10,,4.602806579876738,,,
WORKER_RELOC,,5,9,11,,6.765325750025564,,,
WORKER_RELOC,,5,9,12,,7.5335373009144115,,,
WORKER_RELOC,,5,9,13,,7.392282855105355,,,
WORKER_RELOC,,5,9,14,,9.83026160075712,,,
WORKER_RELOC,,5,9,15,,5.038023052102691,,,
WORKER_RELOC,,5,9,16,,6.817355234675402,,,
WORKER_RELOC,,5,9,17,,9.969422114766765,,,
WORKER_RELOC,,5,10,0,,5.990164536197005,,,
WORKER_RELOC,,5,10,1,,10.426573565074358,,,
WORKER_RELOC,,5,10,2,,5.360265074775286,,,
WORKER_RELOC,,5,10,3,,6.702504100734785,,,
WORKER_RELOC,,5,10,4,,7.2546213349334625,,,
WORKER_RELOC,,5,10,5,,8.458108142991044,,,
WORKER_RELOC,,5,10,6,,11.554146707366886,,,
WORKER_RELOC,,5,10,7,,9.6814593708889,,,
WORKER_RELOC,,5,10,8,,5.363905451689394,,,
WORKER_RELOC,,5,10,9,,6.054563173761949,,,
WORKER_RELOC,,5,10,10,,0.0,,,
WORKER_RELOC,,5,10,11,,3.7905769389001045,,,
WORKER_RELOC,,5,10,12,,1.69397583487721,,,
WORKER_RELOC,,5,10,13,,6.497431134834265,,,
WORKER_RELOC,,5,10,14,,6.878315187103725,,,
WORKER_RELOC,,5,10,15,,7.8068889242856025,,,
WORKER_RELOC,,5,10,16,,7.5832059930703215,,,
WORKER_RELOC,,5,10,17,,4.6981805637799905,,,
WORKER_RELOC,,5,11,0,,9.257256773523867,,,
WORKER_RELOC,,5,11,1,,10.484908740351672,,,
WORKER_RELOC,,5,11,2,,8.514484900559768,,,
WORKER_RELOC,,5,11,3,,8.005336830527224,,,
WORKER_RELOC,,5,11,4,,10.841916154169551,,,
WORKER_RELOC,,5,11,5,,8.557070963744781,,,
WORKER_RELOC,,5,11,6,,5.536015457279207,,,
WORKER_RELOC,,5,11,7,,5.48310027467324,,,
WORKER_RELOC,,5,11,8,,11.694479964657717,,,
WORKER_RELOC,,5,11,9,,8.627414445032851,,,
WORKER_RELOC,,5,11,10,,2.857275013445672,,,
WORKER_RELOC,,5,11,11,,0.0,,,
WORKER_RELOC,,5,11,12,,3.08837952361632,,,
WORKER_RELOC,,5,11,13,,10.676875434847595,,,
WORKER_RELOC,,5,11,14,,5.611317822150498,,,
WORKER_RELOC,,5,11,15,,9.399601165005283,,,
WORKER_RELOC,,5,11,16,,9.480701093970938,,,
WORKER_RELOC,,5,11,17,,5.9220159807416595,,,
WORKER_RELOC,,5,12,0,,6.142202779581359,,,
WORKER_RELOC,,5,12,1,,10.256068365388174,,,
WORKER_RELOC,,5,12,2,,5.268322793264954,,,
WORKER_RELOC,,5,12,3,,6.020777645222302,,,
WORKER_RELOC,,5,12,4,,5.451548246009574,,,
WORKER_RELOC,,5,12,5,,5.431286455963551,,,
WORKER_RELOC,,5,12,6,,6.655937120359524,,,
WORKER_RELOC,,5,12,7,,6.831386116321088,,,
WORKER_RELOC,,5,12,8,,10.505842304649354,,,
WORKER_RELOC,,5,12,9,,7.636691681811276,,,
WORKER_RELOC,,5,12,10,,2.834480324654127,,,
WORKER_RELOC,,5,12,11,,2.64551974572149,,,
WORKER_RELOC,,5,12,12,,0.0,,,
WORKER_RELOC,,5,12,13,,6.717876197545212,,,
WORKER_RELOC,,5,12,14,,5.172760806880362,,,
WORKER_RELOC,,5,12,15,,6.767617848842085,,,
WORKER_RELOC,,5,12,16,,4.799777370616184,,,
WORKER_RELOC,,5,12,17,,7.603756344065669,,,
WORKER_RELOC,,5,13,0,,6.440645584273966,,,
WORKER_RELOC,,5,13,1,,4.5392871100952945,,,
WORKER_RELOC,,5,13,2,,7.117130948183837,,,
WORKER_RELOC,,5,13,3,,7.34958518649532,,,
WORKER_RELOC,,5,13,4,,4.9734476271193975,,,
WORKER_RELOC,,5,13,5,,7.300481210228916,,,
WORKER_RELOC,,5,13,6,,7.178771040746595,,,
WORKER_RELOC,,5,13,7,,9.484243730434532,,,
WORKER_RELOC,,5,13,8,,11.47437754397759,,,
WORKER_RELOC,,5,13,9,,8.401495167563777,,,
WORKER_RELOC,,5,13,10,,9.489137960676253,,,
WORKER_RELOC,,5,13,11,,7.666311108719391,,,
WORKER_RELOC,,5,13,12,,11.558089713246744,,,
WORKER_RELOC,,5,13,13,,0.0,,,
WORKER_RELOC,,5,13,14,,2.3261152757193733,,,
WORKER_RELOC,,5,13,15,,6.09921561971183,,,
WORKER_RELOC,,5,13,16,,7.75853762636543,,,
WORKER_RELOC,,5,13,17,,9.700560294201034,,,
WORKER_RELOC,,5,14,0,,6.136481685115955,,,
WORKER_RELOC,,5,14,1,,9.993776685870063,,,
WORKER_RELOC,,5,14,2,,11.401878536599032,,,
WORKER_RELOC,,5,14,3,,11.984128553572887,,,
WORKER_RELOC,,5,14,4,,6.259070440654176,,,
WORKER_RELOC,,5,14,5,,11.887478276135393,,,
WORKER_RELOC,,5,14,6,,4.927200983785447,,,
WORKER_RELOC,,5,14,7,,6.727363328436064,,,
WORKER_RELOC,,5,14,8,,6.273451182282501,,,
WORKER_RELOC,,5,14,9,,5.236412418265254,,,
WORKER_RELOC,,5,14,10,,7.175766422503994,,,
WORKER_RELOC,,5,14,11,,11.325702181528255,,,
WORKER_RELOC,,5,14,12,,4.801900336755839,,,
WORKER_RELOC,,5,14,13,,2.1189336247331645,,,
WORKER_RELOC,,5,14,14,,0.0,,,
WORKER_RELOC,,5,14,15,,5.438366577700698,,,
WORKER_RELOC,,5,14,16,,4.52140763856984,,,
WORKER_RELOC,,5,14,17,,10.883771536594137,,,
WORKER_RELOC,,5,15,0,,5.50943664638242,,,
WORKER_RELOC,,5,15,1,,5.858247690294153,,,
WORKER_RELOC,,5,15,2,,11.409666553296738,,,
WORKER_RELOC,,5,15,3,,11.730173257493261,,,
WORKER_RELOC,,5,15,4,,11.227296580318981,,,
WORKER_RELOC,,5,15,5,,8.458985749586066,,,
WORKER_RELOC,,5,15,6,,10.22372903802424,,,
WORKER_RELOC,,5,15,7,,4.82091132740937,,,
WORKER_RELOC,,5,15,8,,9.656897075354875,,,
WORKER_RELOC,,5,15,9,,6.203612822211765,,,
WORKER_RELOC,,5,15,10,,6.8734322193271975,,,
WORKER_RELOC,,5,15,11,,5.246851444546282,,,
WORKER_RELOC,,5,15,12,,10.81312072369911,,,
WORKER_RELOC,,5,15,13,,7.07415536098527,,,
WORKER_RELOC,,5,15,14,,7.481474266513875,,,
WORKER_RELOC,,5,15,15,,0.0,,,
WORKER_RELOC,,5,15,16,,2.073820639026822,,,
WORKER_RELOC,,5,15,17,,3.3505022428922073,,,
WORKER_RELOC,,5,16,0,,7.84220611372274,,,
WORKER_RELOC,,5,16,1,,4.756823582283923,,,
WORKER_RELOC,,5,16,2,,10.478077027812287,,,
WORKER_RELOC,,5,16,3,,7.6441595936682045,,,
WORKER_RELOC,,5,16,4,,5.962077302199184,,,
WORKER_RELOC,,5,16,5,,9.233928109727648,,,
WORKER_RELOC,,5,16,6,,6.243547167179124,,,
WORKER_RELOC,,5,16,7,,5.038715936077525,,,
WORKER_RELOC,,5,16,8,,9.26838780058533,,,
WORKER_RELOC,,5,16,9,,8.679207782070607,,,
WORKER_RELOC,,5,16,10,,5.562976660171272,,,
WORKER_RELOC,,5,16,11,,5.462499185069122,,,
WORKER_RELOC,,5,16,12,,6.975327520442935,,,
WORKER_RELOC,,5,16,13,,6.142072892950705,,,
WORKER_RELOC,,5,16,14,,5.9627906045472745,,,
WORKER_RELOC,,5,16,15,,2.255700777826455,,,
WORKER_RELOC,,5,16,16,,0.0,,,
WORKER_RELOC,,5,16,17,,2.284656600107872,,,
WORKER_RELOC,,5,17,0,,10.701562085487453,,,
WORKER_RELOC,,5,17,1,,9.799003684840356,,,
WORKER_RELOC,,5,17,2,,10.05425035374432,,,
WORKER_RELOC,,5,17,3,,5.0797120199452355,,,
WORKER_RELOC,,5,17,4,,9.840354968520815,,,
WORKER_RELOC,,5,17,5,,7.85064177176271,,,
WORKER_RELOC,,5,17,6,,11.879411221090026,,,
WORKER_RELOC,,5,17,7,,10.693694141858927,,,
WORKER_RELOC,,5,17,8,,9.695201109988258,,,
WORKER_RELOC,,5,17,9,,8.395516607116246,,,
WORKER_RELOC,,5,17,10,,6.575467048256951,,,
WORKER_RELOC,,5,17,11,,6.649010852506503,,,
WORKER_RELOC,,5,17,12,,9.307963706364802,,,
WORKER_RELOC,,5,17,13,,7.648171656214818,,,
WORKER_RELOC,,5,17,14,,10.134434605345884,,,
WORKER_RELOC,,5,17,15,,3.8944468016865983,,,
WORKER_RELOC,,5,17,16,,2.2504857851446483,,,
WORKER_RELOC,,5,17,17,,0.0,,,
WORKER_RELOC,,6,0,0,,0.0,,,
WORKER_RELOC,,6,0,1,,2.317289454014899,,,
WORKER_RELOC,,6,0,2,,7.532626037914044,,,
WORKER_RELOC,,6,0,3,,11.437120714362187,,,
WORKER_RELOC,,6,0,4,,10.145142069646681,,,
WORKER_RELOC,,6,0,5,,8.723234106815733,,,
WORKER_RELOC,,6,0,6,,9.343376082014359,,,
WORKER_RELOC,,6,0,7,,9.445246015023134,,,
WORKER_RELOC,,6,0,8,,6.988909550955513,,,
WORKER_RELOC,,6,0,9,,6.311439270267572,,,
WORKER_RELOC,,6,0,10,,5.89986545453948,,,
WORKER_RELOC,,6,0,11,,5.01857714817139,,,
WORKER_RELOC,,6,0,12,,10.646986670357954,,,
WORKER_RELOC,,6,0,13,,10.151582992867581,,,
WORKER_RELOC,,6,0,14,,8.8280750876683,,,
WORKER_RELOC,,6,0,15,,11.896927864651067,,,
WORKER_RELOC,,6,0,16,,6.621987131272974,,,
WORKER_RELOC,,6,0,17,,4.737065134876723,,,
WORKER_RELOC,,6,1,0,,2.127191069428287,,,
WORKER_RELOC,,6,1,1,,0.0,,,
WORKER_RELOC,,6,1,2,,5.914056619546603,,,
WORKER_RELOC,,6,1,3,,9.322244672958599,,,
WORKER_RELOC,,6,1,4,,5.075873754426157,,,
WORKER_RELOC,,6,1,5,,4.553574753927129,,,
WORKER_RELOC,,6,1,6,,7.234480233258443,,,
WORKER_RELOC,,6,1,7,,10.221645719358246,,,
WORKER_RELOC,,6,1,8,,8.274025690477657,,,
WORKER_RELOC,,6,1,9,,7.754684183100778,,,
WORKER_RELOC,,6,1,10,,6.7866977456563795,,,
WORKER_RELOC,,6,1,11,,11.318000837597639,,,
WORKER_RELOC,,6,1,12,,9.028946576569318,,,
WORKER_RELOC,,6,1,13,,11.89202505072387,,,
WORKER_RELOC,,6,1,14,,7.725242467269915,,,
WORKER_RELOC,,6,1,15,,5.230607989079237,,,
WORKER_RELOC,,6,1,16,,11.905441736466425,,,
WORKER_RELOC,,6,1,17,,5.799450355746009,,,
WORKER_RELOC,,6,2,0,,10.770554349880763,,,
WORKER_RELOC,,6,2,1,,11.017846997192263,,,
WORKER_RELOC,,6,2,2,,0.0,,,
WORKER_RELOC,,6,2,3,,11.257706567946357,,,
WORKER_RELOC,,6,2,4,,11.766366285066926,,,
WORKER_RELOC,,6,2,5,,7.590247753179316,,,
WORKER_RELOC,,6,2,6,,5.589086575580838,,,
WORKER_RELOC,,6,2,7,,4.921994285603962,,,
WORKER_RELOC,,6,2,8,,11.366135907640722,,,
WORKER_RELOC,,6,2,9,,10.047450554406531,,,
WORKER_RELOC,,6,2,10,,4.760332905271225,,,
WORKER_RELOC,,6,2,11,,9.504984068889675,,,
WORKER_RELOC,,6,2,12,,7.2651464486295865,,,
WORKER_RELOC,,6,2,13,,6.040886003685102,,,
WORKER_RELOC,,6,2,14,,11.483367498342268,,,
WORKER_RELOC,,6,2,15,,6.564518058321574,,,
WORKER_RELOC,,6,2,16,,8.411995184958695,,,
WORKER_RELOC,,6,2,17,,11.425590072856,,,
WORKER_RELOC,,6,3,0,,7.477318394136743,,,
WORKER_RELOC,,6,3,1,,7.734770173046339,,,
WORKER_RELOC,,6,3,2,,5.601421784773738,,,
WORKER_RELOC,,6,3,3,,0.0,,,
WORKER_RELOC,,6,3,4,,3.339714750445011,,,
WORKER_RELOC,,6,3,5,,3.3864277709655766,,,
WORKER_RELOC,,6,3,6,,8.835614309706724,,,
WORKER_RELOC,,6,3,7,,6.160549138989394,,,
WORKER_RELOC,,6,3,8,,9.458810413472925,,,
WORKER_RELOC,,6,3,9,,8.51855584576918,,,
WORKER_RELOC,,6,3,10,,7.111274116728222,,,
WORKER_RELOC,,6,3,11,,9.140423943131246,,,
WORKER_RELOC,,6,3,12,,7.56185293233171,,,
WORKER_RELOC,,6,3,13,,8.238922511584395,,,
WORKER_RELOC,,6,3,14,,5.912981768836321,,,
WORKER_RELOC,,6,3,15,,10.114963468749755,,,
WORKER_RELOC,,6,3,16,,10.435344542388101,,,
WORKER_RELOC,,6,3,17,,8.544273578262517,,,
WORKER_RELOC,,6,4,0,,6.899689215821981,,,
WORKER_RELOC,,6,4,1,,6.902489712601731,,,
WORKER_RELOC,,6,4,2,,8.915145014708887,,,
WORKER_RELOC,,6,4,3,,2.021827692716085,,,
WORKER_RELOC,,6,4,4,,0.0,,,
WORKER_RELOC,,6,4,5,,4.216712914344459,,,
WORKER_RELOC,,6,4,6,,8.744948393035894,,,
WORKER_RELOC,,6,4,7,,6.711531777963147,,,
WORKER_RELOC,,6,4,8,,7.911413139801134,,,
WORKER_RELOC,,6,4,9,,11.188899976279911,,,
WORKER_RELOC,,6,4,10,,5.240562244683795,,,
WORKER_RELOC,,6,4,11,,8.830852855096262,,,
WORKER_RELOC,,6,4,12,,9.458843536247326,,,
WORKER_RELOC,,6,4,13,,9.966912378682121,,,
WORKER_RELOC,,6,4,14,,5.144529728099851,,,
WORKER_RELOC,,6,4,15,,4.539667284599142,,,
WORKER_RELOC,,6,4,16,,11.885439796834579,,,
WORKER_RELOC,,6,4,17,,6.740722993843379,,,
WORKER_RELOC,,6,5,0,,4.955845026677361,,,
WORKER_RELOC,,6,5,1,,6.579190482732538,,,
WORKER_RELOC,,6,5,2,,9.120038004163213,,,
WORKER_RELOC,,6,5,3,,4.065522705095463,,,
WORKER_RELOC,,6,5,4,,1.7030346205417397,,,
WORKER_RELOC,,6,5,5,,0.0,,,
WORKER_RELOC,,6,5,6,,10.873215054544865,,,
WORKER_RELOC,,6,5,7,,11.984151999356877,,,
WORKER_RELOC,,6,5,8,,8.850308867778121,,,
WORKER_RELOC,,6,5,9,,10.25552977921545,,,
WORKER_RELOC,,6,5,10,,7.902820242869875,,,
WORKER_RELOC,,6,5,11,,5.644712493707075,,,
WORKER_RELOC,,6,5,12,,11.024373483917895,,,
WORKER_RELOC,,6,5,13,,6.045778972831057,,,
WORKER_RELOC,,6,5,14,,8.495322268926973,,,
WORKER_RELOC,,6,5,15,,8.943949258865457,,,
WORKER_RELOC,,6,5,16,,7.289056891408076,,,
WORKER_RELOC,,6,5,17,,11.290887901459463,,,
WORKER_RELOC,,6,6,0,,4.72498313134745,,,
WORKER_RELOC,,6,6,1,,5.042742818072909,,,
WORKER_RELOC,,6,6,2,,9.301834054131744,,,
WORKER_RELOC,,6,6,3,,10.081542143531806,,,
WORKER_RELOC,,6,6,4,,6.397048355792837,,,
WORKER_RELOC,,6,6,5,,11.935863838602828,,,
WORKER_RELOC,,6,6,6,,0.0,,,
WORKER_RELOC,,6,6,7,,5.54684087304683,,,
WORKER_RELOC,,6,6,8,,5.771073232763154,,,
WORKER_RELOC,,6,6,9,,8.71189046725656,,,
WORKER_RELOC,,6,6,10,,9.36439685622155,,,
WORKER_RELOC,,6,6,11,,4.903803843438852,,,
WORKER_RELOC,,6,6,12,,9.749793162913532,,,
WORKER_RELOC,,6,6,13,,10.084732692849387,,,
WORKER_RELOC,,6,6,14,,4.7782197755109985,,,
WORKER_RELOC,,6,6,15,,11.181537968061454,,,
WORKER_RELOC,,6,6,16,,9.768304937599915,,,
WORKER_RELOC,,6,6,17,,7.250535569942955,,,
WORKER_RELOC,,6,7,0,,9.073620588823543,,,
WORKER_RELOC,,6,7,1,,8.723237845391804,,,
WORKER_RELOC,,6,7,2,,7.123406341591186,,,
WORKER_RELOC,,6,7,3,,10.773047519953982,,,
WORKER_RELOC,,6,7,4,,11.201096176019165,,,
WORKER_RELOC,,6,7,5,,7.3545602340586065,,,
WORKER_RELOC,,6,7,6,,4.562266025294861,,,
WORKER_RELOC,,6,7,7,,0.0,,,
WORKER_RELOC,,6,7,8,,1.8942209370960184,,,
WORKER_RELOC,,6,7,9,,2.527735361219526,,,
WORKER_RELOC,,6,7,10,,11.032077894039446,,,
WORKER_RELOC,,6,7,11,,7.433222029257636,,,
WORKER_RELOC,,6,7,12,,7.149341177001917,,,
WORKER_RELOC,,6,7,13,,11.667507102896046,,,
WORKER_RELOC,,6,7,14,,11.505636890287573,,,
WORKER_RELOC,,6,7,15,,11.374551274565771,,,
WORKER_RELOC,,6,7,16,,6.063852310149564,,,
WORKER_RELOC,,6,7,17,,8.562413605385736,,,
WORKER_RELOC,,6,8,0,,8.689100032516016,,,
WORKER_RELOC,,6,8,1,,10.133727578389486,,,
WORKER_RELOC,,6,8,2,,5.073201297574053,,,
WORKER_RELOC,,6,8,3,,8.832040384881628,,,
WORKER_RELOC,,6,8,4,,11.632808155017026,,,
WORKER_RELOC,,6,8,5,,5.245824995577316,,,
WORKER_RELOC,,6,8,6,,5.112267594763057,,,
WORKER_RELOC,,6,8,7,,3.5615363044407164,,,
WORKER_RELOC,,6,8,8,,0.0,,,
WORKER_RELOC,,6,8,9,,1.934357072710446,,,
WORKER_RELOC,,6,8,10,,8.4047041197803,,,
WORKER_RELOC,,6,8,11,,6.377216500731193,,,
WORKER_RELOC,,6,8,12,,7.407280376336429,,,
WORKER_RELOC,,6,8,13,,6.95731244982054,,,
WORKER_RELOC,,6,8,14,,9.8608732571951,,,
WORKER_RELOC,,6,8,15,,4.889700445955529,,,
WORKER_RELOC,,6,8,16,,9.818838283352893,,,
WORKER_RELOC,,6,8,17,,4.846646385251094,,,
WORKER_RELOC,,6,9,0,,8.122495180544323,,,
WORKER_RELOC,,6,9,1,,6.791656191710434,,,
WORKER_RELOC,,6,9,2,,5.649660332678231,,,
WORKER_RELOC,,6,9,3,,9.225980419910822,,,
WORKER_RELOC,,6,9,4,,4.747297195061523,,,
WORKER_RELOC,,6,9,5,,5.878553868935644,,,
WORKER_RELOC,,6,9,6,,10.345125176696259,,,
WORKER_RELOC,,6,9,7,,4.342537525914283,,,
WORKER_RELOC,,6,9,8,,4.244411621098548,,,
WORKER_RELOC,,6,9,9,,0.0,,,
WORKER_RELOC,,6,9,10,,9.771506397419497,,,
WORKER_RELOC,,6,9,11,,10.18351021848649,,,
WORKER_RELOC,,6,9,12,,9.406459822235927,,,
WORKER_RELOC,,6,9,13,,9.119024905964311,,,
WORKER_RELOC,,6,9,14,,6.118883632269039,,,
WORKER_RELOC,,6,9,15,,6.781450896524026,,,
WORKER_RELOC,,6,9,16,,5.606203074214355,,,
WORKER_RELOC,,6,9,17,,5.098529011980205,,,
WORKER_RELOC,,6,10,0,,10.466413099019823,,,
WORKER_RELOC,,6,10,1,,7.259762740414482,,,
WORKER_RELOC,,6,10,2,,7.250520019489513,,,
WORKER_RELOC,,6,10,3,,11.40795540652902,,,
WORKER_RELOC,,6,10,4,,11.624251471417795,,,
WORKER_RELOC,,6,10,5,,7.891283093433399,,,
WORKER_RELOC,,6,10,6,,8.390997027723317,,,
WORKER_RELOC,,6,10,7,,5.409259188719712,,,
WORKER_RELOC,,6,10,8,,11.35708432876922,,,
WORKER_RELOC,,6,10,9,,8.841093152144648,,,
WORKER_RELOC,,6,10,10,,0.0,,,
WORKER_RELOC,,6,10,11,,2.7966629219120556,,,
WORKER_RELOC,,6,10,12,,2.25448218494411,,,
WORKER_RELOC,,6,10,13,,11.421676021702503,,,
WORKER_RELOC,,6,10,14,,11.558530341681365,,,
WORKER_RELOC,,6,10,15,,10.758162004378308,,,
WORKER_RELOC,,6,10,16,,8.689265997302542,,,
WORKER_RELOC,,6,10,17,,6.750465764061586,,,
WORKER_RELOC,,6,11,0,,9.19084877049033,,,
WORKER_RELOC,,6,11,1,,4.681651416678598,,,
WORKER_RELOC,,6,11,2,,5.914898292724682,,,
WORKER_RELOC,,6,11,3,,6.492285247894079,,,
WORKER_RELOC,,6,11,4,,6.141982513607975,,,
WORKER_RELOC,,6,11,5,,10.243145982530184,,,
WORKER_RELOC,,6,11,6,,7.156842277867838,,,
WORKER_RELOC,,6,11,7,,6.361330086647297,,,
WORKER_RELOC,,6,11,8,,11.006087205310592,,,
WORKER_RELOC,,6,11,9,,6.659743649013029,,,
WORKER_RELOC,,6,11,10,,3.777331967752815,,,
WORKER_RELOC,,6,11,11,,0.0,,,
WORKER_RELOC,,6,11,12,,2.6909326564662783,,,
WORKER_RELOC,,6,11,13,,11.584310109112398,,,
WORKER_RELOC,,6,11,14,,6.555630886495972,,,
WORKER_RELOC,,6,11,15,,10.2213612020247,,,
WORKER_RELOC,,6,11,16,,5.4440997235257775,,,
WORKER_RELOC,,6,11,17,,11.419384641572995,,,
WORKER_RELOC,,6,12,0,,6.899442842237886,,,
WORKER_RELOC,,6,12,1,,8.481757929061825,,,
WORKER_RELOC,,6,12,2,,11.941673573046272,,,
WORKER_RELOC,,6,12,3,,9.570286228454004,,,
WORKER_RELOC,,6,12,4,,10.135673201242518,,,
WORKER_RELOC,,6,12,5,,10.630445234050912,,,
WORKER_RELOC,,6,12,6,,4.84206833104494,,,
WORKER_RELOC,,6,12,7,,5.069562687203436,,,
WORKER_RELOC,,6,12,8,,6.05417190445746,,,
WORKER_RELOC,,6,12,9,,10.812300688184628,,,
WORKER_RELOC,,6,12,10,,2.7698085118355933,,,
WORKER_RELOC,,6,12,11,,1.8198745785867785,,,
WORKER_RELOC,,6,12,12,,0.0,,,
WORKER_RELOC,,6,12,13,,7.260901524806295,,,
WORKER_RELOC,,6,12,14,,7.041923250592091,,,
WORKER_RELOC,,6,12,15,,5.898295725238216,,,
WORKER_RELOC,,6,12,16,,9.211333265136318,,,
WORKER_RELOC,,6,12,17,,8.872871044390006,,,
WORKER_RELOC,,6,13,0,,7.925332589604321,,,
WORKER_RELOC,,6,13,1,,8.312922417963392,,,
WORKER_RELOC,,6,13,2,,11.142473298746326,,,
WORKER_RELOC,,6,13,3,,5.455403207548883,,,
WORKER_RELOC,,6,13,4,,9.510225853868361,,,
WORKER_RELOC,,6,13,5,,5.0980934707706576,,,
WORKER_RELOC,,6,13,6,,9.568360751944436,,,
WORKER_RELOC,,6,13,7,,10.813431612862706,,,
WORKER_RELOC,,6,13,8,,9.830980308889673,,,
WORKER_RELOC,,6,13,9,,11.77678375476486,,,
WORKER_RELOC,,6,13,10,,9.100301313968256,,,
WORKER_RELOC,,6,13,11,,10.634278054428908,,,
WORKER_RELOC,,6,13,12,,10.204822431377549,,,
WORKER_RELOC,,6,13,13,,0.0,,,
WORKER_RELOC,,6,13,14,,2.4391866687360215,,,
WORKER_RELOC,,6,13,15,,6.29045653848606,,,
WORKER_RELOC,,6,13,16,,9.234138542892332,,,
WORKER_RELOC,,6,13,17,,8.478283256493702,,,
WORKER_RELOC,,6,14,0,,11.336120837043467,,,
WORKER_RELOC,,6,14,1,,10.380150308318058,,,
WORKER_RELOC,,6,14,2,,8.964643291132923,,,
WORKER_RELOC,,6,14,3,,7.334390965645907,,,
WORKER_RELOC,,6,14,4,,11.42069105303765,,,
WORKER_RELOC,,6,14,5,,6.824287054315764,,,
WORKER_RELOC,,6,14,6,,7.567428119687932,,,
WORKER_RELOC,,6,14,7,,10.831436911933498,,,
WORKER_RELOC,,6,14,8,,5.865357587322329,,,
WORKER_RELOC,,6,14,9,,10.476184142846117,,,
WORKER_RELOC,,6,14,10,,9.626837372158379,,,
WORKER_RELOC,,6,14,11,,6.115319455970884,,,
WORKER_RELOC,,6,14,12,,4.675198109121039,,,
WORKER_RELOC,,6,14,13,,2.233558263456622,,,
WORKER_RELOC,,6,14,14,,0.0,,,
WORKER_RELOC,,6,14,15,,5.859026437693954,,,
WORKER_RELOC,,6,14,16,,9.073126453255897,,,
WORKER_RELOC,,6,14,17,,11.430760835396853,,,
WORKER_RELOC,,6,15,0,,7.5045685200381556,,,
WORKER_RELOC,,6,15,1,,8.63784925142742,,,
WORKER_RELOC,,6,15,2,,6.503378071528598,,,
WORKER_RELOC,,6,15,3,,8.326322278223568,,,
WORKER_RELOC,,6,15,4,,7.387669779995586,,,
WORKER_RELOC,,6,15,5,,6.050042040280546,,,
WORKER_RELOC,,6,15,6,,10.368965616348113,,,
WORKER_RELOC,,6,15,7,,10.887925573379796,,,
WORKER_RELOC,,6,15,8,,10.889333316731655,,,
WORKER_RELOC,,6,15,9,,7.062764151268249,,,
WORKER_RELOC,,6,15,10,,5.765685553042727,,,
WORKER_RELOC,,6,15,11,,7.88627707106715,,,
WORKER_RELOC,,6,15,12,,9.81946837879768,,,
WORKER_RELOC,,6,15,13,,5.412747132977506,,,
WORKER_RELOC,,6,15,14,,7.733830550627063,,,
WORKER_RELOC,,6,15,15,,0.0,,,
WORKER_RELOC,,6,15,16,,2.370038287918704,,,
WORKER_RELOC,,6,15,17,,3.8508496481320478,,,
WORKER_RELOC,,6,16,0,,5.43637186808763,,,
WORKER_RELOC,,6,16,1,,11.583524830393475,,,
WORKER_RELOC,,6,16,2,,9.211058639555871,,,
WORKER_RELOC,,6,16,3,,5.517682999662688,,,
WORKER_RELOC,,6,16,4,,7.079326251324676,,,
WORKER_RELOC,,6,16,5,,6.6136833218980575,,,
WORKER_RELOC,,6,16,6,,4.597964957981244,,,
WORKER_RELOC,,6,16,7,,7.15004197884753,,,
WORKER_RELOC,,6,16,8,,9.69902152448364,,,
WORKER_RELOC,,6,16,9,,6.0657058205587004,,,
WORKER_RELOC,,6,16,10,,7.209342400342077,,,
WORKER_RELOC,,6,16,11,,11.290584420156247,,,
WORKER_RELOC,,6,16,12,,10.992451057675982,,,
WORKER_RELOC,,6,16,13,,8.225800215703853,,,
WORKER_RELOC,,6,16,14,,11.448417214698416,,,
WORKER_RELOC,,6,16,15,,1.6276187824449933,,,
WORKER_RELOC,,6,16,16,,0.0,,,
WORKER_RELOC,,6,16,17,,2.5852482068908196,,,
WORKER_RELOC,,6,17,0,,4.5087554866371775,,,
WORKER_RELOC,,6,17,1,,7.137130556499874,,,
WORKER_RELOC,,6,17,2,,11.869013732234745,,,
WORKER_RELOC,,6,17,3,,9.918729769419953,,,
WORKER_RELOC,,6,17,4,,7.981301473932353,,,
WORKER_RELOC,,6,17,5,,7.524139636932609,,,
WORKER_RELOC,,6,17,6,,9.123149357396287,,,
WORKER_RELOC,,6,17,7,,10.049093905213184,,,
WORKER_RELOC,,6,17,8,,5.328389189507043,,,
WORKER_RELOC,,6,17,9,,5.886452315096559,,,
WORKER_RELOC,,6,17,10,,7.613685846395252,,,
WORKER_RELOC,,6,17,11,,8.769017995212778,,,
WORKER_RELOC,,6,17,12,,6.971204276227801,,,
WORKER_RELOC,,6,17,13,,8.167506977980153,,,
WORKER_RELOC,,6,17,14,,7.985095949977399,,,
WORKER_RELOC,,6,17,15,,4.007436935520296,,,
WORKER_RELOC,,6,17,16,,1.864687937754983,,,
WORKER_RELOC,,6,17,17,,0.0,,,
WORKER_RELOC,,7,0,0,,0.0,,,
WORKER_RELOC,,7,0,1,,1.9969611073740898,,,
WORKER_RELOC,,7,0,2,,4.800610889004565,,,
WORKER_RELOC,,7,0,3,,8.716430623875649,,,
WORKER_RELOC,,7,0,4,,7.983005567092405,,,
WORKER_RELOC,,7,0,5,,9.817678498581998,,,
WORKER_RELOC,,7,0,6,,10.156796635628265,,,
WORKER_RELOC,,7,0,7,,9.780610601302124,,,
WORKER_RELOC,,7,0,8,,9.15777065827508,,,
WORKER_RELOC,,7,0,9,,11.205871363197552,,,
WORKER_RELOC,,7,0,10,,9.91068004443336,,,
WORKER_RELOC,,7,0,11,,8.422541349307025,,,
WORKER_RELOC,,7,0,12,,10.693009306543761,,,
WORKER_RELOC,,7,0,13,,6.627483157216426,,,
WORKER_RELOC,,7,0,14,,9.252875679900175,,,
WORKER_RELOC,,7,0,15,,10.03156464950679,,,
WORKER_RELOC,,7,0,16,,9.531972328212799,,,
WORKER_RELOC,,7,0,17,,6.768600681563077,,,
WORKER_RELOC,,7,1,0,,1.9990717711306083,,,
WORKER_RELOC,,7,1,1,,0.0,,,
WORKER_RELOC,,7,1,2,,8.52751278602257,,,
WORKER_RELOC,,7,1,3,,10.010556329044983,,,
WORKER_RELOC,,7,1,4,,11.213361105525182,,,
WORKER_RELOC,,7,1,5,,9.173015106508338,,,
WORKER_RELOC,,7,1,6,,8.631392531836479,,,
WORKER_RELOC,,7,1,7,,8.165960124383156,,,
WORKER_RELOC,,7,1,8,,10.291930196109076,,,
WORKER_RELOC,,7,1,9,,4.603096066701004,,,
WORKER_RELOC,,7,1,10,,8.397916207843025,,,
WORKER_RELOC,,7,1,11,,11.070212042577662,,,
WORKER_RELOC,,7,1,12,,9.08112148169736,,,
WORKER_RELOC,,7,1,13,,11.462705543109081,,,
WORKER_RELOC,,7,1,14,,10.164546246492653,,,
WORKER_RELOC,,7,1,15,,11.812549815904491,,,
WORKER_RELOC,,7,1,16,,10.298544790944854,,,
WORKER_RELOC,,7,1,17,,5.694717012014141,,,
WORKER_RELOC,,7,2,0,,7.821357477170407,,,
WORKER_RELOC,,7,2,1,,6.017058700313556,,,
WORKER_RELOC,,7,2,2,,0.0,,,
WORKER_RELOC,,7,2,3,,5.110454510405355,,,
WORKER_RELOC,,7,2,4,,11.793002264561004,,,
WORKER_RELOC,,7,2,5,,9.002839380101243,,,
WORKER_RELOC,,7,2,6,,11.836364315952121,,,
WORKER_RELOC,,7,2,7,,9.588403281470352,,,
WORKER_RELOC,,7,2,8,,5.163446477830757,,,
WORKER_RELOC,,7,2,9,,5.452711102604586,,,
WORKER_RELOC,,7,2,10,,7.345069775014062,,,
WORKER_RELOC,,7,2,11,,5.522018641843323,,,
WORKER_RELOC,,7,2,12,,10.94707530652818,,,
WORKER_RELOC,,7,2,13,,7.525561940152148,,,
WORKER_RELOC,,7,2,14,,7.632179634816305,,,
WORKER_RELOC,,7,2,15,,11.418565885281199,,,
WORKER_RELOC,,7,2,16,,7.454124291882472,,,
WORKER_RELOC,,7,2,17,,10.911583226951288,,,
WORKER_RELOC,,7,3,0,,9.754730811920702,,,
WORKER_RELOC,,7,3,1,,11.59939897865688,,,
WORKER_RELOC,,7,3,2,,8.931710650319616,,,
WORKER_RELOC,,7,3,3,,0.0,,,
WORKER_RELOC,,7,3,4,,2.5691181874951385,,,
WORKER_RELOC,,7,3,5,,1.8223907371500165,,,
WORKER_RELOC,,7,3,6,,7.932807555083205,,,
WORKER_RELOC,,7,3,7,,9.654789416706986,,,
WORKER_RELOC,,7,3,8,,6.765137476604044,,,
WORKER_RELOC,,7,3,9,,8.51962317430474,,,
WORKER_RELOC,,7,3,10,,5.5059975325563695,,,
WORKER_RELOC,,7,3,11,,10.445446245506897,,,
WORKER_RELOC,,7,3,12,,9.856466561603332,,,
WORKER_RELOC,,7,3,13,,7.310223147979867,,,
WORKER_RELOC,,7,3,14,,11.810370004349384,,,
WORKER_RELOC,,7,3,15,,5.56828215549586,,,
WORKER_RELOC,,7,3,16,,8.980150594667135,,,
WORKER_RELOC,,7,3,17,,9.390864248308375,,,
WORKER_RELOC,,7,4,0,,6.581557432447384,,,
WORKER_RELOC,,7,4,1,,4.669854211595623,,,
WORKER_RELOC,,7,4,2,,11.13075570522862,,,
WORKER_RELOC,,7,4,3,,2.351602061664872,,,
WORKER_RELOC,,7,4,4,,0.0,,,
WORKER_RELOC,,7,4,5,,2.12157887459142,,,
WORKER_RELOC,,7,4,6,,9.955786649097833,,,
WORKER_RELOC,,7,4,7,,11.694364132573106,,,
WORKER_RELOC,,7,4,8,,10.981402266728214,,,
WORKER_RELOC,,7,4,9,,11.73041130170053,,,
WORKER_RELOC,,7,4,10,,6.74513263551525,,,
WORKER_RELOC,,7,4,11,,6.119976501483987,,,
WORKER_RELOC,,7,4,12,,6.812182585861599,,,
WORKER_RELOC,,7,4,13,,7.812620717846112,,,
WORKER_RELOC,,7,4,14,,4.654760712873497,,,
WORKER_RELOC,,7,4,15,,9.054164117979438,,,
WORKER_RELOC,,7,4,16,,6.330551804156691,,,
WORKER_RELOC,,7,4,17,,11.070484435574935,,,
WORKER_RELOC,,7,5,0,,11.396482586651413,,,
WORKER_RELOC,,7,5,1,,10.64946093543311,,,
WORKER_RELOC,,7,5,2,,10.195058210135997,,,
WORKER_RELOC,,7,5,3,,1.582359375917844,,,
WORKER_RELOC,,7,5,4,,2.4402590567334745,,,
WORKER_RELOC,,7,5,5,,0.0,,,
WORKER_RELOC,,7,5,6,,6.383169796749302,,,
WORKER_RELOC,,7,5,7,,7.050601907974416,,,
WORKER_RELOC,,7,5,8,,11.23241284903251,,,
WORKER_RELOC,,7,5,9,,7.790555929222694,,,
WORKER_RELOC,,7,5,10,,7.081900692497694,,,
WORKER_RELOC,,7,5,11,,5.252465849742853,,,
WORKER_RELOC,,7,5,12,,8.198981290886005,,,
WORKER_RELOC,,7,5,13,,10.224391173528003,,,
WORKER_RELOC,,7,5,14,,7.481705816335597,,,
WORKER_RELOC,,7,5,15,,8.794207291246144,,,
WORKER_RELOC,,7,5,16,,11.203962050635043,,,
WORKER_RELOC,,7,5,17,,5.368361287135112,,,
WORKER_RELOC,,7,6,0,,11.90275270405776,,,
WORKER_RELOC,,7,6,1,,5.508534661960048,,,
WORKER_RELOC,,7,6,2,,9.207198100445254,,,
WORKER_RELOC,,7,6,3,,11.715295542019938,,,
WORKER_RELOC,,7,6,4,,7.569248723236411,,,
WORKER_RELOC,,7,6,5,,6.683754716941359,,,
WORKER_RELOC,,7,6,6,,0.0,,,
WORKER_RELOC,,7,6,7,,8.984602303124028,,,
WORKER_RELOC,,7,6,8,,5.785850963291584,,,
WORKER_RELOC,,7,6,9,,9.982588449493061,,,
WORKER_RELOC,,7,6,10,,4.867943388572353,,,
WORKER_RELOC,,7,6,11,,9.690841557664317,,,
WORKER_RELOC,,7,6,12,,7.515531795371732,,,
WORKER_RELOC,,7,6,13,,7.029935827441561,,,
WORKER_RELOC,,7,6,14,,10.008699258063318,,,
WORKER_RELOC,,7,6,15,,8.824093788368309,,,
WORKER_RELOC,,7,6,16,,6.165602738136113,,,
WORKER_RELOC,,7,6,17,,5.67919704888341,,,
WORKER_RELOC,,7,7,0,,8.928385387011545,,,
WORKER_RELOC,,7,7,1,,10.00930435560603,,,
WORKER_RELOC,,7,7,2,,10.360884658502613,,,
WORKER_RELOC,,7,7,3,,7.79484378075596,,,
WORKER_RELOC,,7,7,4,,11.479402647780917,,,
WORKER_RELOC,,7,7,5,,11.802148080385,,,
WORKER_RELOC,,7,7,6,,10.761261616059684,,,
WORKER_RELOC,,7,7,7,,0.0,,,
WORKER_RELOC,,7,7,8,,2.481322803844257,,,
WORKER_RELOC,,7,7,9,,2.4650140868211183,,,
WORKER_RELOC,,7,7,10,,10.493994444442212,,,
WORKER_RELOC,,7,7,11,,8.079982369457554,,,
WORKER_RELOC,,7,7,12,,7.008045440515093,,,
WORKER_RELOC,,7,7,13,,9.766317687848314,,,
WORKER_RELOC,,7,7,14,,9.913081674748144,,,
WORKER_RELOC,,7,7,15,,9.530621591002802,,,
WORKER_RELOC,,7,7,16,,9.039029225568775,,,
WORKER_RELOC,,7,7,17,,9.094052928255064,,,
WORKER_RELOC,,7,8,0,,7.066769431412296,,,
WORKER_RELOC,,7,8,1,,11.874127392246724,,,
WORKER_RELOC,,7,8,2,,7.160208203167887,,,
WORKER_RELOC,,7,8,3,,7.814309346455929,,,
WORKER_RELOC,,7,8,4,,10.221713262664181,,,
WORKER_RELOC,,7,8,5,,8.629005071673555,,,
WORKER_RELOC,,7,8,6,,9.394743020622231,,,
WORKER_RELOC,,7,8,7,,4.095777595404229,,,
WORKER_RELOC,,7,8,8,,0.0,,,
WORKER_RELOC,,7,8,9,,2.387650884703979,,,
WORKER_RELOC,,7,8,10,,6.424053390199838,,,
WORKER_RELOC,,7,8,11,,11.347577085869744,,,
WORKER_RELOC,,7,8,12,,8.216399868785171,,,
WORKER_RELOC,,7,8,13,,9.960226602775425,,,
WORKER_RELOC,,7,8,14,,11.252348237553743,,,
WORKER_RELOC,,7,8,15,,7.214418101271023,,,
WORKER_RELOC,,7,8,16,,7.470890892091819,,,
WORKER_RELOC,,7,8,17,,10.099289283720728,,,
WORKER_RELOC,,7,9,0,,10.219969938459613,,,
WORKER_RELOC,,7,9,1,,6.140611374375595,,,
WORKER_RELOC,,7,9,2,,9.435559205708895,,,
WORKER_RELOC,,7,9,3,,4.501663246416209,,,
WORKER_RELOC,,7,9,4,,6.549876950353643,,,
WORKER_RELOC,,7,9,5,,4.666994181675201,,,
WORKER_RELOC,,7,9,6,,8.784489497720765,,,
WORKER_RELOC,,7,9,7,,2.1936767230311287,,,
WORKER_RELOC,,7,9,8,,2.2125635131933734,,,
WORKER_RELOC,,7,9,9,,0.0,,,
WORKER_RELOC,,7,9,10,,10.013716246486599,,,
WORKER_RELOC,,7,9,11,,5.175478358057251,,,
WORKER_RELOC,,7,9,12,,8.764658061766156,,,
WORKER_RELOC,,7,9,13,,8.63283773628988,,,
WORKER_RELOC,,7,9,14,,10.099518727591526,,,
WORKER_RELOC,,7,9,15,,8.296004540947997,,,
WORKER_RELOC,,7,9,16,,7.318961315848667,,,
WORKER_RELOC,,7,9,17,,4.740890877000518,,,
WORKER_RELOC,,7,10,0,,8.952257764342797,,,
WORKER_RELOC,,7,10,1,,4.784146127265264,,,
WORKER_RELOC,,7,10,2,,7.021845067777935,,,
WORKER_RELOC,,7,10,3,,7.28903682067425,,,
WORKER_RELOC,,7,10,4,,11.41041517303907,,,
WORKER_RELOC,,7,10,5,,4.591109892903198,,,
WORKER_RELOC,,7,10,6,,9.460583187149542,,,
WORKER_RELOC,,7,10,7,,9.771654075974972,,,
WORKER_RELOC,,7,10,8,,9.600410185717342,,,
WORKER_RELOC,,7,10,9,,10.652554776307312,,,
WORKER_RELOC,,7,10,10,,0.0,,,
WORKER_RELOC,,7,10,11,,3.2659937759917055,,,
WORKER_RELOC,,7,10,12,,4.460678241921624,,,
WORKER_RELOC,,7,10,13,,8.137864477874214,,,
WORKER_RELOC,,7,10,14,,9.181418467426294,,,
WORKER_RELOC,,7,10,15,,7.341180875154721,,,
WORKER_RELOC,,7,10,16,,9.956325649375188,,,
WORKER_RELOC,,7,10,17,,11.462336734487442,,,
WORKER_RELOC,,7,11,0,,5.023606004039619,,,
WORKER_RELOC,,7,11,1,,10.909227797379275,,,
WORKER_RELOC,,7,11,2,,5.577033799781823,,,
WORKER_RELOC,,7,11,3,,5.998696592672829,,,
WORKER_RELOC,,7,11,4,,11.965222422028697,,,
WORKER_RELOC,,7,11,5,,10.484058440726958,,,
WORKER_RELOC,,7,11,6,,8.74898928956235,,,
WORKER_RELOC,,7,11,7,,6.956623057431031,,,
WORKER_RELOC,,7,11,8,,6.50281020722663,,,
WORKER_RELOC,,7,11,9,,9.501664577269338,,,
WORKER_RELOC,,7,11,10,,2.542410035206177,,,
WORKER_RELOC,,7,11,11,,0.0,,,
WORKER_RELOC,,7,11,12,,4.269007995191169,,,
WORKER_RELOC,,7,11,13,,8.430474511478593,,,
WORKER_RELOC,,7,11,14,,5.1984269667799925,,,
WORKER_RELOC,,7,11,15,,6.455475703327129,,,
WORKER_RELOC,,7,11,16,,11.343992965234765,,,
WORKER_RELOC,,7,11,17,,5.6715535248875,,,
WORKER_RELOC,,7,12,0,,6.335284182135388,,,
WORKER_RELOC,,7,12,1,,5.656281079745552,,,
WORKER_RELOC,,7,12,2,,6.480067398253354,,,
WORKER_RELOC,,7,12,3,,8.222617332108388,,,
WORKER_RELOC,,7,12,4,,6.6513852231379955,,,
WORKER_RELOC,,7,12,5,,4.963182249180706,,,
WORKER_RELOC,,7,12,6,,5.488173656854122,,,
WORKER_RELOC,,7,12,7,,10.440439500659425,,,
WORKER_RELOC,,7,12,8,,5.8008930211051135,,,
WORKER_RELOC,,7,12,9,,7.851058405644838,,,
WORKER_RELOC,,7,12,10,,3.518612786157668,,,
WORKER_RELOC,,7,12,11,,4.433818923912646,,,
WORKER_RELOC,,7,12,12,,0.0,,,
WORKER_RELOC,,7,12,13,,4.916475218491785,,,
WORKER_RELOC,,7,12,14,,9.172980539511435,,,
WORKER_RELOC,,7,12,15,,11.753453154578937,,,
WORKER_RELOC,,7,12,16,,11.412153213165997,,,
WORKER_RELOC,,7,12,17,,8.43875090109983,,,
WORKER_RELOC,,7,13,0,,11.251786106751883,,,
WORKER_RELOC,,7,13,1,,6.974363066328106,,,
WORKER_RELOC,,7,13,2,,6.031362179383602,,,
WORKER_RELOC,,7,13,3,,8.958653826797548,,,
WORKER_RELOC,,7,13,4,,10.938596799916084,,,
WORKER_RELOC,,7,13,5,,10.441705049470684,,,
WORKER_RELOC,,7,13,6,,6.376638362040528,,,
WORKER_RELOC,,7,13,7,,10.647237932904467,,,
WORKER_RELOC,,7,13,8,,8.171886026103717,,,
WORKER_RELOC,,7,13,9,,10.27560457876762,,,
WORKER_RELOC,,7,13,10,,11.989130465965161,,,
WORKER_RELOC,,7,13,11,,9.966774979931873,,,
WORKER_RELOC,,7,13,12,,11.452488698772404,,,
WORKER_RELOC,,7,13,13,,0.0,,,
WORKER_RELOC,,7,13,14,,3.4932615992852316,,,
WORKER_RELOC,,7,13,15,,11.003062506427941,,,
WORKER_RELOC,,7,13,16,,6.3315689248605285,,,
WORKER_RELOC,,7,13,17,,9.564926963477774,,,
WORKER_RELOC,,7,14,0,,11.591130786067316,,,
WORKER_RELOC,,7,14,1,,4.988702844890554,,,
WORKER_RELOC,,7,14,2,,5.367480826757319,,,
WORKER_RELOC,,7,14,3,,10.339518103520625,,,
WORKER_RELOC,,7,14,4,,4.740856474460135,,,
WORKER_RELOC,,7,14,5,,9.9480353467126,,,
WORKER_RELOC,,7,14,6,,6.280609930820697,,,
WORKER_RELOC,,7,14,7,,5.400959037949155,,,
WORKER_RELOC,,7,14,8,,7.735090702791014,,,
WORKER_RELOC,,7,14,9,,7.574012970709967,,,
WORKER_RELOC,,7,14,10,,8.891318756367365,,,
WORKER_RELOC,,7,14,11,,9.947883081565674,,,
WORKER_RELOC,,7,14,12,,7.370473765120802,,,
WORKER_RELOC,,7,14,13,,4.129187261641383,,,
WORKER_RELOC,,7,14,14,,0.0,,,
WORKER_RELOC,,7,14,15,,9.251474940432175,,,
WORKER_RELOC,,7,14,16,,7.557503355347729,,,
WORKER_RELOC,,7,14,17,,7.227629484141188,,,
WORKER_RELOC,,7,15,0,,11.331938904066496,,,
WORKER_RELOC,,7,15,1,,6.994632930430633,,,
WORKER_RELOC,,7,15,2,,6.595851974008848,,,
WORKER_RELOC,,7,15,3,,8.480901890425066,,,
WORKER_RELOC,,7,15,4,,4.877087928721776,,,
WORKER_RELOC,,7,15,5,,9.0791870012652,,,
WORKER_RELOC,,7,15,6,,10.044255012726419,,,
WORKER_RELOC,,7,15,7,,11.340301807967661,,,
WORKER_RELOC,,7,15,8,,7.4465916968648,,,
WORKER_RELOC,,7,15,9,,7.288363581727039,,,
WORKER_RELOC,,7,15,10,,6.153392305991866,,,
WORKER_RELOC,,7,15,11,,11.161531176910245,,,
WORKER_RELOC,,7,15,12,,8.048303547219923,,,
WORKER_RELOC,,7,15,13,,7.812731848808542,,,
WORKER_RELOC,,7,15,14,,8.95397977792925,,,
WORKER_RELOC,,7,15,15,,0.0,,,
WORKER_RELOC,,7,15,16,,3.7588540506060393,,,
WORKER_RELOC,,7,15,17,,2.321731076314151,,,
WORKER_RELOC,,7,16,0,,8.45130971457275,,,
WORKER_RELOC,,7,16,1,,5.693918617028301,,,
WORKER_RELOC,,7,16,2,,6.99586242758908,,,
WORKER_RELOC,,7,16,3,,9.834512269557635,,,
WORKER_RELOC,,7,16,4,,8.599830100085825,,,
WORKER_RELOC,,7,16,5,,4.517148926887064,,,
WORKER_RELOC,,7,16,6,,7.4664483150307674,,,
WORKER_RELOC,,7,16,7,,9.099432706784185,,,
WORKER_RELOC,,7,16,8,,5.285051761352287,,,
WORKER_RELOC,,7,16,9,,9.548908085255714,,,
WORKER_RELOC,,7,16,10,,11.889487962365678,,,
WORKER_RELOC,,7,16,11,,9.241102949958169,,,
WORKER_RELOC,,7,16,12,,5.84741251780534,,,
WORKER_RELOC,,7,16,13,,9.850083979021147,,,
WORKER_RELOC,,7,16,14,,11.42390264724311,,,
WORKER_RELOC,,7,16,15,,3.9316978624910988,,,
WORKER_RELOC,,7,16,16,,0.0,,,
WORKER_RELOC,,7,16,17,,2.521791039159826,,,
WORKER_RELOC,,7,17,0,,7.655717116015589,,,
WORKER_RELOC,,7,17,1,,11.043181476321616,,,
WORKER_RELOC,,7,17,2,,8.469841429468616,,,
WORKER_RELOC,,7,17,3,,10.74097798868494,,,
WORKER_RELOC,,7,17,4,,10.354868265523956,,,
WORKER_RELOC,,7,17,5,,9.342949636721816,,,
WORKER_RELOC,,7,17,6,,8.305876778796907,,,
WORKER_RELOC,,7,17,7,,8.679927771387602,,,
WORKER_RELOC,,7,17,8,,5.750276636660786,,,
WORKER_RELOC,,7,17,9,,6.8412757227515115,,,
WORKER_RELOC,,7,17,10,,6.69665075225443,,,
WORKER_RELOC,,7,17,11,,9.849581991728618,,,
WORKER_RELOC,,7,17,12,,11.469706284711535,,,
WORKER_RELOC,,7,17,13,,5.177290128031998,,,
WORKER_RELOC,,7,17,14,,10.958391924567692,,,
WORKER_RELOC,,7,17,15,,3.36301090158751,,,
WORKER_RELOC,,7,17,16,,2.325943944332143,,,
WORKER_RELOC,,7,17,17,,0.0,,,
WORKER_RELOC,,8,0,0,,0.0,,,
WORKER_RELOC,,8,0,1,,3.3210757067450523,,,
WORKER_RELOC,,8,0,2,,8.581560238826823,,,
WORKER_RELOC,,8,0,3,,11.358495087278829,,,
WORKER_RELOC,,8,0,4,,6.559863074162894,,,
WORKER_RELOC,,8,0,5,,10.120657178645496,,,
WORKER_RELOC,,8,0,6,,9.191751304086171,,,
WORKER_RELOC,,8,0,7,,11.750312102320825,,,
WORKER_RELOC,,8,0,8,,6.282210863926955,,,
WORKER_RELOC,,8,0,9,,8.204837942868828,,,
WORKER_RELOC,,8,0,10,,8.450610640507715,,,
WORKER_RELOC,,8,0,11,,5.583237357893308,,,
WORKER_RELOC,,8,0,12,,6.046586643498914,,,
WORKER_RELOC,,8,0,13,,7.363461220238229,,,
WORKER_RELOC,,8,0,14,,9.799734880737919,,,
WORKER_RELOC,,8,0,15,,8.307823046689158,,,
WORKER_RELOC,,8,0,16,,11.193701253406227,,,
WORKER_RELOC,,8,0,17,,8.092910310370447,,,
WORKER_RELOC,,8,1,0,,3.687781932943941,,,
WORKER_RELOC,,8,1,1,,0.0,,,
WORKER_RELOC,,8,1,2,,9.79619055043014,,,
WORKER_RELOC,,8,1,3,,9.690089863150867,,,
WORKER_RELOC,,8,1,4,,9.657518040984307,,,
WORKER_RELOC,,8,1,5,,11.34929921599141,,,
WORKER_RELOC,,8,1,6,,6.613280278919098,,,
WORKER_RELOC,,8,1,7,,4.677003872353156,,,
WORKER_RELOC,,8,1,8,,4.683290671056175,,,
WORKER_RELOC,,8,1,9,,7.310289961914783,,,
WORKER_RELOC,,8,1,10,,7.877328772889457,,,
WORKER_RELOC,,8,1,11,,6.031238847854719,,,
WORKER_RELOC,,8,1,12,,5.241203686181747,,,
WORKER_RELOC,,8,1,13,,4.694979672528177,,,
WORKER_RELOC,,8,1,14,,11.881772334987222,,,
WORKER_RELOC,,8,1,15,,4.5459633112969335,,,
WORKER_RELOC,,8,1,16,,11.648716749151411,,,
WORKER_RELOC,,8,1,17,,8.678282223297346,,,
WORKER_RELOC,,8,2,0,,6.7128570744255995,,,
WORKER_RELOC,,8,2,1,,8.486506568086924,,,
WORKER_RELOC,,8,2,2,,0.0,,,
WORKER_RELOC,,8,2,3,,6.083147565547975,,,
WORKER_RELOC,,8,2,4,,8.291006188514103,,,
WORKER_RELOC,,8,2,5,,7.247027432717934,,,
WORKER_RELOC,,8,2,6,,7.914083761584631,,,
WORKER_RELOC,,8,2,7,,6.569181818469881,,,
WORKER_RELOC,,8,2,8,,4.9403969283140325,,,
WORKER_RELOC,,8,2,9,,10.52810846684572,,,
WORKER_RELOC,,8,2,10,,8.903556984722142,,,
WORKER_RELOC,,8,2,11,,11.184550241615664,,,
WORKER_RELOC,,8,2,12,,4.596455546725247,,,
WORKER_RELOC,,8,2,13,,11.815296919289823,,,
WORKER_RELOC,,8,2,14,,9.141648841639894,,,
WORKER_RELOC,,8,2,15,,10.293263877743001,,,
WORKER_RELOC,,8,2,16,,7.627887036140331,,,
WORKER_RELOC,,8,2,17,,8.88731416311705,,,
WORKER_RELOC,,8,3,0,,11.99908087732719,,,
WORKER_RELOC,,8,3,1,,10.115972339816784,,,
WORKER_RELOC,,8,3,2,,10.137238719870153,,,
WORKER_RELOC,,8,3,3,,0.0,,,
WORKER_RELOC,,8,3,4,,3.184575512333837,,,
WORKER_RELOC,,8,3,5,,3.761262761721151,,,
WORKER_RELOC,,8,3,6,,11.69636834531062,,,
WORKER_RELOC,,8,3,7,,11.702940832365343,,,
WORKER_RELOC,,8,3,8,,7.67135801311577,,,
WORKER_RELOC,,8,3,9,,6.013803320128037,,,
WORKER_RELOC,,8,3,10,,6.257670962929224,,,
WORKER_RELOC,,8,3,11,,4.505166156210584,,,
WORKER_RELOC,,8,3,12,,9.718816298701102,,,
WORKER_RELOC,,8,3,13,,10.583360254691305,,,
WORKER_RELOC,,8,3,14,,8.472354930761536,,,
WORKER_RELOC,,8,3,15,,11.280405447899991,,,
WORKER_RELOC,,8,3,16,,11.508302579022622,,,
WORKER_RELOC,,8,3,17,,8.232531360256184,,,
WORKER_RELOC,,8,4,0,,10.367376693192886,,,
WORKER_RELOC,,8,4,1,,9.119944671392185,,,
WORKER_RELOC,,8,4,2,,6.365941397231943,,,
WORKER_RELOC,,8,4,3,,3.8420522638812136,,,
WORKER_RELOC,,8,4,4,,0.0,,,
WORKER_RELOC,,8,4,5,,1.8613360403776704,,,
WORKER_RELOC,,8,4,6,,10.613885291868158,,,
WORKER_RELOC,,8,4,7,,11.252021107346517,,,
WORKER_RELOC,,8,4,8,,6.546431914181564,,,
WORKER_RELOC,,8,4,9,,4.5673942785793304,,,
WORKER_RELOC,,8,4,10,,7.767247618815099,,,
WORKER_RELOC,,8,4,11,,9.816812927236597,,,
WORKER_RELOC,,8,4,12,,7.092531051499148,,,
WORKER_RELOC,,8,4,13,,10.131668829546499,,,
WORKER_RELOC,,8,4,14,,11.250397592251748,,,
WORKER_RELOC,,8,4,15,,9.235754077042014,,,
WORKER_RELOC,,8,4,16,,10.738552803530942,,,
WORKER_RELOC,,8,4,17,,8.874476283877787,,,
WORKER_RELOC,,8,5,0,,5.460074262493852,,,
WORKER_RELOC,,8,5,1,,7.170066025375462,,,
WORKER_RELOC,,8,5,2,,6.214616800754549,,,
WORKER_RELOC,,8,5,3,,3.240436051040437,,,
WORKER_RELOC,,8,5,4,,1.5961817175507425,,,
WORKER_RELOC,,8,5,5,,0.0,,,
WORKER_RELOC,,8,5,6,,8.562322987366016,,,
WORKER_RELOC,,8,5,7,,5.670409761441388,,,
WORKER_RELOC,,8,5,8,,7.161887981835676,,,
WORKER_RELOC,,8,5,9,,7.740907345601941,,,
WORKER_RELOC,,8,5,10,,5.296277305077887,,,
WORKER_RELOC,,8,5,11,,7.882182973933088,,,
WORKER_RELOC,,8,5,12,,10.8893356955396,,,
WORKER_RELOC,,8,5,13,,4.728616581325571,,,
WORKER_RELOC,,8,5,14,,8.187185861636584,,,
WORKER_RELOC,,8,5,15,,9.819557429134768,,,
WORKER_RELOC,,8,5,16,,8.212168506167252,,,
WORKER_RELOC,,8,5,17,,11.724051450132691,,,
WORKER_RELOC,,8,6,0,,5.7245734458782005,,,
WORKER_RELOC,,8,6,1,,11.736306461653774,,,
WORKER_RELOC,,8,6,2,,8.679318876845134,,,
WORKER_RELOC,,8,6,3,,10.506266544977446,,,
WORKER_RELOC,,8,6,4,,11.042543350599919,,,
WORKER_RELOC,,8,6,5,,5.601301538672278,,,
WORKER_RELOC,,8,6,6,,0.0,,,
WORKER_RELOC,,8,6,7,,10.994101950518363,,,
WORKER_RELOC,,8,6,8,,8.645005895258887,,,
WORKER_RELOC,,8,6,9,,8.415736347306005,,,
WORKER_RELOC,,8,6,10,,6.247438852312413,,,
WORKER_RELOC,,8,6,11,,10.805268585751381,,,
WORKER_RELOC,,8,6,12,,8.067730620106225,,,
WORKER_RELOC,,8,6,13,,10.431820273711807,,,
WORKER_RELOC,,8,6,14,,4.918580649822598,,,
WORKER_RELOC,,8,6,15,,4.533368277968667,,,
WORKER_RELOC,,8,6,16,,10.468365129551755,,,
WORKER_RELOC,,8,6,17,,8.623747823798412,,,
WORKER_RELOC,,8,7,0,,7.664996198824513,,,
WORKER_RELOC,,8,7,1,,11.462039112770025,,,
WORKER_RELOC,,8,7,2,,11.374566764434089,,,
WORKER_RELOC,,8,7,3,,11.864328905436993,,,
WORKER_RELOC,,8,7,4,,8.960465332225267,,,
WORKER_RELOC,,8,7,5,,10.627236415641232,,,
WORKER_RELOC,,8,7,6,,8.380592926657675,,,
WORKER_RELOC,,8,7,7,,0.0,,,
WORKER_RELOC,,8,7,8,,3.4157961986429437,,,
WORKER_RELOC,,8,7,9,,3.1640953448527673,,,
WORKER_RELOC,,8,7,10,,11.309882054125122,,,
WORKER_RELOC,,8,7,11,,6.108711620068335,,,
WORKER_RELOC,,8,7,12,,9.112922271006097,,,
WORKER_RELOC,,8,7,13,,5.402117671259094,,,
WORKER_RELOC,,8,7,14,,5.614348739743383,,,
WORKER_RELOC,,8,7,15,,8.318037887890505,,,
WORKER_RELOC,,8,7,16,,6.6190661962938115,,,
WORKER_RELOC,,8,7,17,,7.631886217508106,,,
WORKER_RELOC,,8,8,0,,11.15617341807434,,,
WORKER_RELOC,,8,8,1,,9.659721514153524,,,
WORKER_RELOC,,8,8,2,,8.888232957696117,,,
WORKER_RELOC,,8,8,3,,8.109997224627616,,,
WORKER_RELOC,,8,8,4,,10.881006300134025,,,
WORKER_RELOC,,8,8,5,,7.202481803705506,,,
WORKER_RELOC,,8,8,6,,6.3382286362393,,,
WORKER_RELOC,,8,8,7,,4.338101193504857,,,
WORKER_RELOC,,8,8,8,,0.0,,,
WORKER_RELOC,,8,8,9,,2.8446295663946755,,,
WORKER_RELOC,,8,8,10,,9.170625383549137,,,
WORKER_RELOC,,8,8,11,,7.968733259751618,,,
WORKER_RELOC,,8,8,12,,7.598219288020623,,,
WORKER_RELOC,,8,8,13,,6.1146537740767135,,,
WORKER_RELOC,,8,8,14,,7.143314364289542,,,
WORKER_RELOC,,8,8,15,,8.287446507373739,,,
WORKER_RELOC,,8,8,16,,5.898736516375482,,,
WORKER_RELOC,,8,8,17,,10.398225681719715,,,
WORKER_RELOC,,8,9,0,,10.090222166454444,,,
WORKER_RELOC,,8,9,1,,4.575747895029564,,,
WORKER_RELOC,,8,9,2,,5.275697312902403,,,
WORKER_RELOC,,8,9,3,,10.329155770008327,,,
WORKER_RELOC,,8,9,4,,5.913966394479838,,,
WORKER_RELOC,,8,9,5,,9.419674126344244,,,
WORKER_RELOC,,8,9,6,,6.360632181626125,,,
WORKER_RELOC,,8,9,7,,3.6799762747715077,,,
WORKER_RELOC,,8,9,8,,4.434743923515443,,,
WORKER_RELOC,,8,9,9,,0.0,,,
WORKER_RELOC,,8,9,10,,6.663864020911994,,,
WORKER_RELOC,,8,9,11,,10.417874526637771,,,
WORKER_RELOC,,8,9,12,,7.4922081425690905,,,
WORKER_RELOC,,8,9,13,,6.511695813464847,,,
WORKER_RELOC,,8,9,14,,8.163191494179754,,,
WORKER_RELOC,,8,9,15,,4.856962534054472,,,
WORKER_RELOC,,8,9,16,,7.899281338282114,,,
WORKER_RELOC,,8,9,17,,10.557445589317423,,,
WORKER_RELOC,,8,10,0,,4.918189718101826,,,
WORKER_RELOC,,8,10,1,,7.821458257846338,,,
WORKER_RELOC,,8,10,2,,7.008642001902194,,,
WORKER_RELOC,,8,10,3,,5.348578526347239,,,
WORKER_RELOC,,8,10,4,,4.525308090244518,,,
WORKER_RELOC,,8,10,5,,6.607479949488601,,,
WORKER_RELOC,,8,10,6,,11.234802558895867,,,
WORKER_RELOC,,8,10,7,,5.937127103668571,,,
WORKER_RELOC,,8,10,8,,9.845686041908628,,,
WORKER_RELOC,,8,10,9,,11.480122975732693,,,
WORKER_RELOC,,8,10,10,,0.0,,,
WORKER_RELOC,,8,10,11,,2.125695171092838,,,
WORKER_RELOC,,8,10,12,,2.011176901824363,,,
WORKER_RELOC,,8,10,13,,8.659232404246904,,,
WORKER_RELOC,,8,10,14,,5.57811819889372,,,
WORKER_RELOC,,8,10,15,,10.270476672232734,,,
WORKER_RELOC,,8,10,16,,6.728241590157434,,,
WORKER_RELOC,,8,10,17,,7.587340762042788,,,
WORKER_RELOC,,8,11,0,,11.78506061837859,,,
WORKER_RELOC,,8,11,1,,8.57257734583608,,,
WORKER_RELOC,,8,11,2,,8.952060051891682,,,
WORKER_RELOC,,8,11,3,,6.710545939985501,,,
WORKER_RELOC,,8,11,4,,7.6011767835993815,,,
WORKER_RELOC,,8,11,5,,11.473516505749613,,,
WORKER_RELOC,,8,11,6,,8.63444211871425,,,
WORKER_RELOC,,8,11,7,,7.200714868986498,,,
WORKER_RELOC,,8,11,8,,4.650336299685731,,,
WORKER_RELOC,,8,11,9,,6.9233336773132255,,,
WORKER_RELOC,,8,11,10,,3.9310376570594148,,,
WORKER_RELOC,,8,11,11,,0.0,,,
WORKER_RELOC,,8,11,12,,2.5668619563155266,,,
WORKER_RELOC,,8,11,13,,4.864363564244389,,,
WORKER_RELOC,,8,11,14,,7.492489157722451,,,
WORKER_RELOC,,8,11,15,,6.487781133423628,,,
WORKER_RELOC,,8,11,16,,11.219894264549161,,,
WORKER_RELOC,,8,11,17,,7.497205512275423,,,
WORKER_RELOC,,8,12,0,,5.027391886021485,,,
WORKER_RELOC,,8,12,1,,7.334942880273058,,,
WORKER_RELOC,,8,12,2,,10.779895673214355,,,
WORKER_RELOC,,8,12,3,,5.943344403709036,,,
WORKER_RELOC,,8,12,4,,9.101217992704154,,,
WORKER_RELOC,,8,12,5,,10.687363052971936,,,
WORKER_RELOC,,8,12,6,,9.852707440913688,,,
WORKER_RELOC,,8,12,7,,8.059638685728414,,,
WORKER_RELOC,,8,12,8,,7.515030673414688,,,
WORKER_RELOC,,8,12,9,,5.6765021755791345,,,
WORKER_RELOC,,8,12,10,,3.7961162543803075,,,
WORKER_RELOC,,8,12,11,,3.5900098466809913,,,
WORKER_RELOC,,8,12,12,,0.0,,,
WORKER_RELOC,,8,12,13,,4.7461117102291634,,,
WORKER_RELOC,,8,12,14,,10.653104188338864,,,
WORKER_RELOC,,8,12,15,,10.78575685599597,,,
WORKER_RELOC,,8,12,16,,11.69417725675041,,,
WORKER_RELOC,,8,12,17,,6.82955992156546,,,
WORKER_RELOC,,8,13,0,,10.70964425695838,,,
WORKER_RELOC,,8,13,1,,10.45082620391614,,,
WORKER_RELOC,,8,13,2,,10.487661488185505,,,
WORKER_RELOC,,8,13,3,,9.865039081891604,,,
WORKER_RELOC,,8,13,4,,11.263101279001138,,,
WORKER_RELOC,,8,13,5,,4.519070855924052,,,
WORKER_RELOC,,8,13,6,,7.595362434528045,,,
WORKER_RELOC,,8,13,7,,7.901796210693859,,,
WORKER_RELOC,,8,13,8,,10.341451875084925,,,
WORKER_RELOC,,8,13,9,,8.952947520708763,,,
WORKER_RELOC,,8,13,10,,4.627457864028337,,,
WORKER_RELOC,,8,13,11,,10.1909265380264,,,
WORKER_RELOC,,8,13,12,,5.980401757393034,,,
WORKER_RELOC,,8,13,13,,0.0,,,
WORKER_RELOC,,8,13,14,,3.7592987556319564,,,
WORKER_RELOC,,8,13,15,,8.345215007985491,,,
WORKER_RELOC,,8,13,16,,7.103678279267053,,,
WORKER_RELOC,,8,13,17,,10.490477237878356,,,
WORKER_RELOC,,8,14,0,,9.628738453908795,,,
WORKER_RELOC,,8,14,1,,5.386677768661862,,,
WORKER_RELOC,,8,14,2,,8.22584089038672,,,
WORKER_RELOC,,8,14,3,,8.073893396492704,,,
WORKER_RELOC,,8,14,4,,7.155163127509215,,,
WORKER_RELOC,,8,14,5,,7.332070012696848,,,
WORKER_RELOC,,8,14,6,,8.82360930544662,,,
WORKER_RELOC,,8,14,7,,7.075377055958127,,,
WORKER_RELOC,,8,14,8,,10.61765836192389,,,
WORKER_RELOC,,8,14,9,,8.603270017711047,,,
WORKER_RELOC,,8,14,10,,7.8727773154450045,,,
WORKER_RELOC,,8,14,11,,9.029617129003398,,,
WORKER_RELOC,,8,14,12,,10.445659401672895,,,
WORKER_RELOC,,8,14,13,,4.447231854061641,,,
WORKER_RELOC,,8,14,14,,0.0,,,
WORKER_RELOC,,8,14,15,,10.247954691466575,,,
WORKER_RELOC,,8,14,16,,11.842626019718422,,,
WORKER_RELOC,,8,14,17,,6.9142366166560665,,,
WORKER_RELOC,,8,15,0,,6.78826198399933,,,
WORKER_RELOC,,8,15,1,,10.853782227630425,,,
WORKER_RELOC,,8,15,2,,7.489365060300617,,,
WORKER_RELOC,,8,15,3,,9.628094437031919,,,
WORKER_RELOC,,8,15,4,,11.472768333878129,,,
WORKER_RELOC,,8,15,5,,11.447915036624604,,,
WORKER_RELOC,,8,15,6,,7.967701350860735,,,
WORKER_RELOC,,8,15,7,,4.5056920562041665,,,
WORKER_RELOC,,8,15,8,,8.141177462049765,,,
WORKER_RELOC,,8,15,9,,6.784495504142455,,,
WORKER_RELOC,,8,15,10,,11.797055667685791,,,
WORKER_RELOC,,8,15,11,,6.584082796633057,,,
WORKER_RELOC,,8,15,12,,7.756649597882911,,,
WORKER_RELOC,,8,15,13,,6.473186611516152,,,
WORKER_RELOC,,8,15,14,,5.378918727692696,,,
WORKER_RELOC,,8,15,15,,0.0,,,
WORKER_RELOC,,8,15,16,,3.6790903289527215,,,
WORKER_RELOC,,8,15,17,,3.595352546292198,,,
WORKER_RELOC,,8,16,0,,10.827918262085397,,,
WORKER_RELOC,,8,16,1,,5.087990069454932,,,
WORKER_RELOC,,8,16,2,,7.62150661931372,,,
WORKER_RELOC,,8,16,3,,10.497896966543214,,,
WORKER_RELOC,,8,16,4,,5.13098373216138,,,
WORKER_RELOC,,8,16,5,,11.060659020418612,,,
WORKER_RELOC,,8,16,6,,8.132631301788242,,,
WORKER_RELOC,,8,16,7,,9.471877166644795,,,
WORKER_RELOC,,8,16,8,,11.615670066752362,,,
WORKER_RELOC,,8,16,9,,8.2370964449911,,,
WORKER_RELOC,,8,16,10,,7.430127808386644,,,
WORKER_RELOC,,8,16,11,,11.293140565924777,,,
WORKER_RELOC,,8,16,12,,9.603257020654755,,,
WORKER_RELOC,,8,16,13,,7.5301006990195045,,,
WORKER_RELOC,,8,16,14,,9.072887601781261,,,
WORKER_RELOC,,8,16,15,,2.541134968448326,,,
WORKER_RELOC,,8,16,16,,0.0,,,
WORKER_RELOC,,8,16,17,,4.194204259724202,,,
WORKER_RELOC,,8,17,0,,7.367398088274998,,,
WORKER_RELOC,,8,17,1,,9.356559989151705,,,
WORKER_RELOC,,8,17,2,,11.68509338180452,,,
WORKER_RELOC,,8,17,3,,8.18205316249452,,,
WORKER_RELOC,,8,17,4,,11.742147920426586,,,
WORKER_RELOC,,8,17,5,,10.07057604436363,,,
WORKER_RELOC,,8,17,6,,7.65259011209206,,,
WORKER_RELOC,,8,17,7,,8.56745883153555,,,
WORKER_RELOC,,8,17,8,,6.437486699820063,,,
WORKER_RELOC,,8,17,9,,5.4631732941311295,,,
WORKER_RELOC,,8,17,10,,5.861519968363805,,,
WORKER_RELOC,,8,17,11,,5.472143954647586,,,
WORKER_RELOC,,8,17,12,,6.950844194284002,,,
WORKER_RELOC,,8,17,13,,5.906529215075788,,,
WORKER_RELOC,,8,17,14,,4.929337198771061,,,
WORKER_RELOC,,8,17,15,,4.451844681004186,,,
WORKER_RELOC,,8,17,16,,4.350131307477305,,,
WORKER_RELOC,,8,17,17,,0.0,,,
WORKER_RELOC,,9,0,0,,0.0,,,
WORKER_RELOC,,9,0,1,,1.715924483736484,,,
WORKER_RELOC,,9,0,2,,7.317394283921955,,,
WORKER_RELOC,,9,0,3,,10.410856560629608,,,
WORKER_RELOC,,9,0,4,,10.717541458891274,,,
WORKER_RELOC,,9,0,5,,9.885726047225058,,,
WORKER_RELOC,,9,0,6,,10.878453276501737,,,
WORKER_RELOC,,9,0,7,,6.719951452055984,,,
WORKER_RELOC,,9,0,8,,10.818867555996576,,,
WORKER_RELOC,,9,0,9,,11.277727430503065,,,
WORKER_RELOC,,9,0,10,,7.8099058667325885,,,
WORKER_RELOC,,9,0,11,,9.638539277113138,,,
WORKER_RELOC,,9,0,12,,9.006468868702468,,,
WORKER_RELOC,,9,0,13,,5.841692906437287,,,
WORKER_RELOC,,9,0,14,,6.353597858244559,,,
WORKER_RELOC,,9,0,15,,6.896753838739959,,,
WORKER_RELOC,,9,0,16,,9.172066127255631,,,
WORKER_RELOC,,9,0,17,,9.982516387993027,,,
WORKER_RELOC,,9,1,0,,3.5766499474658495,,,
WORKER_RELOC,,9,1,1,,0.0,,,
WORKER_RELOC,,9,1,2,,8.90104572191877,,,
WORKER_RELOC,,9,1,3,,11.439003467337205,,,
WORKER_RELOC,,9,1,4,,9.407768795520237,,,
WORKER_RELOC,,9,1,5,,8.939254802590401,,,
WORKER_RELOC,,9,1,6,,7.59065817401416,,,
WORKER_RELOC,,9,1,7,,10.340607762205952,,,
WORKER_RELOC,,9,1,8,,7.2961467615092594,,,
WORKER_RELOC,,9,1,9,,7.647569520510081,,,
WORKER_RELOC,,9,1,10,,4.851744267088664,,,
WORKER_RELOC,,9,1,11,,4.698282215650279,,,
WORKER_RELOC,,9,1,12,,5.741210925896824,,,
WORKER_RELOC,,9,1,13,,7.730119420732423,,,
WORKER_RELOC,,9,1,14,,4.624004228976635,,,
WORKER_RELOC,,9,1,15,,5.705551865296448,,,
WORKER_RELOC,,9,1,16,,5.973929042371189,,,
WORKER_RELOC,,9,1,17,,7.9606112609785455,,,
WORKER_RELOC,,9,2,0,,7.989554275744494,,,
WORKER_RELOC,,9,2,1,,5.735444408302499,,,
WORKER_RELOC,,9,2,2,,0.0,,,
WORKER_RELOC,,9,2,3,,6.418680910199999,,,
WORKER_RELOC,,9,2,4,,5.321357742049477,,,
WORKER_RELOC,,9,2,5,,5.337346195865733,,,
WORKER_RELOC,,9,2,6,,6.554010706661906,,,
WORKER_RELOC,,9,2,7,,5.3885871508470835,,,
WORKER_RELOC,,9,2,8,,8.08097743928707,,,
WORKER_RELOC,,9,2,9,,9.668209802249587,,,
WORKER_RELOC,,9,2,10,,8.332393012939558,,,
WORKER_RELOC,,9,2,11,,10.31972377576766,,,
WORKER_RELOC,,9,2,12,,6.905333054179675,,,
WORKER_RELOC,,9,2,13,,5.2780013845759886,,,
WORKER_RELOC,,9,2,14,,11.963232783893876,,,
WORKER_RELOC,,9,2,15,,7.783336823778214,,,
WORKER_RELOC,,9,2,16,,8.238334644708335,,,
WORKER_RELOC,,9,2,17,,10.647276144466575,,,
WORKER_RELOC,,9,3,0,,11.321847879668773,,,
WORKER_RELOC,,9,3,1,,10.489284242480064,,,
WORKER_RELOC,,9,3,2,,5.885824676510291,,,
WORKER_RELOC,,9,3,3,,0.0,,,
WORKER_RELOC,,9,3,4,,2.3695024258311324,,,
WORKER_RELOC,,9,3,5,,2.0437784873560463,,,
WORKER_RELOC,,9,3,6,,11.466404747161487,,,
WORKER_RELOC,,9,3,7,,7.297064187677951,,,
WORKER_RELOC,,9,3,8,,4.724334112656312,,,
WORKER_RELOC,,9,3,9,,11.619909715564573,,,
WORKER_RELOC,,9,3,10,,7.896149155958044,,,
WORKER_RELOC,,9,3,11,,4.629984005629212,,,
WORKER_RELOC,,9,3,12,,6.516093893174232,,,
WORKER_RELOC,,9,3,13,,9.842783477104911,,,
WORKER_RELOC,,9,3,14,,9.017695988991914,,,
WORKER_RELOC,,9,3,15,,10.23763200346787,,,
WORKER_RELOC,,9,3,16,,9.729354281898711,,,
WORKER_RELOC,,9,3,17,,5.71962228404982,,,
WORKER_RELOC,,9,4,0,,10.54903557673698,,,
WORKER_RELOC,,9,4,1,,7.349701024068463,,,
WORKER_RELOC,,9,4,2,,5.555925365718075,,,
WORKER_RELOC,,9,4,3,,2.9868223125305295,,,
WORKER_RELOC,,9,4,4,,0.0,,,
WORKER_RELOC,,9,4,5,,3.776567403440006,,,
WORKER_RELOC,,9,4,6,,8.281883683730364,,,
WORKER_RELOC,,9,4,7,,5.476691634786538,,,
WORKER_RELOC,,9,4,8,,8.187269474522337,,,
WORKER_RELOC,,9,4,9,,10.700105125622517,,,
WORKER_RELOC,,9,4,10,,9.077267269675493,,,
WORKER_RELOC,,9,4,11,,5.447439675535476,,,
WORKER_RELOC,,9,4,12,,8.462570741408813,,,
WORKER_RELOC,,9,4,13,,6.228616568538853,,,
WORKER_RELOC,,9,4,14,,9.750048383801285,,,
WORKER_RELOC,,9,4,15,,9.486558125324882,,,
WORKER_RELOC,,9,4,16,,8.03775705627594,,,
WORKER_RELOC,,9,4,17,,7.429155029316515,,,
WORKER_RELOC,,9,5,0,,7.966966326756468,,,
WORKER_RELOC,,9,5,1,,9.900363222478344,,,
WORKER_RELOC,,9,5,2,,6.856693446907636,,,
WORKER_RELOC,,9,5,3,,3.6487683125471655,,,
WORKER_RELOC,,9,5,4,,1.505691176459428,,,
WORKER_RELOC,,9,5,5,,0.0,,,
WORKER_RELOC,,9,5,6,,10.925323410013776,,,
WORKER_RELOC,,9,5,7,,10.218595555701494,,,
WORKER_RELOC,,9,5,8,,11.263613431152567,,,
WORKER_RELOC,,9,5,9,,8.484322022477745,,,
WORKER_RELOC,,9,5,10,,10.915060580496457,,,
WORKER_RELOC,,9,5,11,,6.716209162152595,,,
WORKER_RELOC,,9,5,12,,7.626259576939027,,,
WORKER_RELOC,,9,5,13,,4.860854142197302,,,
WORKER_RELOC,,9,5,14,,9.930144470235437,,,
WORKER_RELOC,,9,5,15,,5.395868465337068,,,
WORKER_RELOC,,9,5,16,,10.095071440799043,,,
WORKER_RELOC,,9,5,17,,5.473059105298893,,,
WORKER_RELOC,,9,6,0,,7.407226267185941,,,
WORKER_RELOC,,9,6,1,,11.688777727502494,,,
WORKER_RELOC,,9,6,2,,11.053491692344632,,,
WORKER_RELOC,,9,6,3,,8.529690095699968,,,
WORKER_RELOC,,9,6,4,,10.23109561963302,,,
WORKER_RELOC,,9,6,5,,4.594036994645447,,,
WORKER_RELOC,,9,6,6,,0.0,,,
WORKER_RELOC,,9,6,7,,6.238206586194453,,,
WORKER_RELOC,,9,6,8,,6.479362641579589,,,
WORKER_RELOC,,9,6,9,,5.998967159923829,,,
WORKER_RELOC,,9,6,10,,11.31777135151111,,,
WORKER_RELOC,,9,6,11,,7.810912031536443,,,
WORKER_RELOC,,9,6,12,,9.670309633761292,,,
WORKER_RELOC,,9,6,13,,9.409848063306708,,,
WORKER_RELOC,,9,6,14,,8.247162646843258,,,
WORKER_RELOC,,9,6,15,,6.490573572856047,,,
WORKER_RELOC,,9,6,16,,10.12490513152854,,,
WORKER_RELOC,,9,6,17,,5.166583606552835,,,
WORKER_RELOC,,9,7,0,,10.020614819870005,,,
WORKER_RELOC,,9,7,1,,8.936224751053112,,,
WORKER_RELOC,,9,7,2,,10.840065600694839,,,
WORKER_RELOC,,9,7,3,,10.211391089193604,,,
WORKER_RELOC,,9,7,4,,6.339965687480923,,,
WORKER_RELOC,,9,7,5,,6.175622471720041,,,
WORKER_RELOC,,9,7,6,,10.617406266027974,,,
WORKER_RELOC,,9,7,7,,0.0,,,
WORKER_RELOC,,9,7,8,,2.0507624347527105,,,
WORKER_RELOC,,9,7,9,,3.749455796683158,,,
WORKER_RELOC,,9,7,10,,5.3812489923165865,,,
WORKER_RELOC,,9,7,11,,11.053051991719794,,,
WORKER_RELOC,,9,7,12,,6.722831183997231,,,
WORKER_RELOC,,9,7,13,,7.744516838285843,,,
WORKER_RELOC,,9,7,14,,11.759108439355057,,,
WORKER_RELOC,,9,7,15,,11.452344573910626,,,
WORKER_RELOC,,9,7,16,,8.043041463183108,,,
WORKER_RELOC,,9,7,17,,9.56914485105763,,,
WORKER_RELOC,,9,8,0,,6.292864335962962,,,
WORKER_RELOC,,9,8,1,,6.483325254608641,,,
WORKER_RELOC,,9,8,2,,5.280320624762634,,,
WORKER_RELOC,,9,8,3,,7.103897712319698,,,
WORKER_RELOC,,9,8,4,,5.772268642181414,,,
WORKER_RELOC,,9,8,5,,7.024796356033276,,,
WORKER_RELOC,,9,8,6,,8.205825105540152,,,
WORKER_RELOC,,9,8,7,,2.2550381098844907,,,
WORKER_RELOC,,9,8,8,,0.0,,,
WORKER_RELOC,,9,8,9,,3.6960783191698394,,,
WORKER_RELOC,,9,8,10,,9.952661543711695,,,
WORKER_RELOC,,9,8,11,,5.127953512998532,,,
WORKER_RELOC,,9,8,12,,9.050282815218187,,,
WORKER_RELOC,,9,8,13,,7.531227847051208,,,
WORKER_RELOC,,9,8,14,,8.06703006518933,,,
WORKER_RELOC,,9,8,15,,5.765286363288945,,,
WORKER_RELOC,,9,8,16,,10.535002469203029,,,
WORKER_RELOC,,9,8,17,,8.13672247993673,,,
WORKER_RELOC,,9,9,0,,11.854086190852875,,,
WORKER_RELOC,,9,9,1,,10.429857601993497,,,
WORKER_RELOC,,9,9,2,,8.293591082525781,,,
WORKER_RELOC,,9,9,3,,10.398323787517635,,,
WORKER_RELOC,,9,9,4,,5.240181597035864,,,
WORKER_RELOC,,9,9,5,,11.20671159079621,,,
WORKER_RELOC,,9,9,6,,6.215993757712423,,,
WORKER_RELOC,,9,9,7,,2.437672372618895,,,
WORKER_RELOC,,9,9,8,,4.285621690835735,,,
WORKER_RELOC,,9,9,9,,0.0,,,
WORKER_RELOC,,9,9,10,,5.41423045703933,,,
WORKER_RELOC,,9,9,11,,11.10351961918203,,,
WORKER_RELOC,,9,9,12,,9.703575999769193,,,
WORKER_RELOC,,9,9,13,,9.821945626187503,,,
WORKER_RELOC,,9,9,14,,9.921912348451956,,,
WORKER_RELOC,,9,9,15,,8.843568065879666,,,
WORKER_RELOC,,9,9,16,,5.356608020505195,,,
WORKER_RELOC,,9,9,17,,5.627074576617159,,,
WORKER_RELOC,,9,10,0,,6.30960252105136,,,
WORKER_RELOC,,9,10,1,,5.352211234324649,,,
WORKER_RELOC,,9,10,2,,7.023074481210181,,,
WORKER_RELOC,,9,10,3,,9.656369501171373,,,
WORKER_RELOC,,9,10,4,,9.567389129001764,,,
WORKER_RELOC,,9,10,5,,11.5076594230359,,,
WORKER_RELOC,,9,10,6,,8.967309879796735,,,
WORKER_RELOC,,9,10,7,,11.943872745537504,,,
WORKER_RELOC,,9,10,8,,9.257916478603091,,,
WORKER_RELOC,,9,10,9,,9.070268976638623,,,
WORKER_RELOC,,9,10,10,,0.0,,,
WORKER_RELOC,,9,10,11,,4.277816024953361,,,
WORKER_RELOC,,9,10,12,,1.5631757649144422,,,
WORKER_RELOC,,9,10,13,,5.582383840545846,,,
WORKER_RELOC,,9,10,14,,7.055401395177395,,,
WORKER_RELOC,,9,10,15,,9.707692023264112,,,
WORKER_RELOC,,9,10,16,,5.962873555781018,,,
WORKER_RELOC,,9,10,17,,6.731277791785072,,,
WORKER_RELOC,,9,11,0,,7.977778451337518,,,
WORKER_RELOC,,9,11,1,,11.687478287132187,,,
WORKER_RELOC,,9,11,2,,10.486509582499423,,,
WORKER_RELOC,,9,11,3,,11.77587642014392,,,
WORKER_RELOC,,9,11,4,,11.929492284729957,,,
WORKER_RELOC,,9,11,5,,8.476833385698166,,,
WORKER_RELOC,,9,11,6,,8.840970421360716,,,
WORKER_RELOC,,9,11,7,,11.917615708648476,,,
WORKER_RELOC,,9,11,8,,5.9383109538610475,,,
WORKER_RELOC,,9,11,9,,9.95372996674218,,,
WORKER_RELOC,,9,11,10,,3.7504793842609923,,,
WORKER_RELOC,,9,11,11,,0.0,,,
WORKER_RELOC,,9,11,12,,3.382464244638399,,,
WORKER_RELOC,,9,11,13,,7.225829211498516,,,
WORKER_RELOC,,9,11,14,,11.744861878732024,,,
WORKER_RELOC,,9,11,15,,9.535274875431385,,,
WORKER_RELOC,,9,11,16,,7.038948407112674,,,
WORKER_RELOC,,9,11,17,,7.096206918275404,,,
WORKER_RELOC,,9,12,0,,7.9758923293165545,,,
WORKER_RELOC,,9,12,1,,4.894397812059929,,,
WORKER_RELOC,,9,12,2,,11.490216464664783,,,
WORKER_RELOC,,9,12,3,,7.3644032889576305,,,
WORKER_RELOC,,9,12,4,,7.314086728088465,,,
WORKER_RELOC,,9,12,5,,7.887345586394396,,,
WORKER_RELOC,,9,12,6,,6.449700585465148,,,
WORKER_RELOC,,9,12,7,,11.489639433741967,,,
WORKER_RELOC,,9,12,8,,11.461227798292617,,,
WORKER_RELOC,,9,12,9,,11.81462183297532,,,
WORKER_RELOC,,9,12,10,,4.364279797167495,,,
WORKER_RELOC,,9,12,11,,3.357535185726995,,,
WORKER_RELOC,,9,12,12,,0.0,,,
WORKER_RELOC,,9,12,13,,8.683135909602214,,,
WORKER_RELOC,,9,12,14,,4.785444767869798,,,
WORKER_RELOC,,9,12,15,,6.992893313286154,,,
WORKER_RELOC,,9,12,16,,9.923233285934575,,,
WORKER_RELOC,,9,12,17,,8.443094715535953,,,
WORKER_RELOC,,9,13,0,,6.912902367963397,,,
WORKER_RELOC,,9,13,1,,10.789349935575789,,,
WORKER_RELOC,,9,13,2,,11.243834796454962,,,
WORKER_RELOC,,9,13,3,,10.735107667214347,,,
WORKER_RELOC,,9,13,4,,5.849285807940595,,,
WORKER_RELOC,,9,13,5,,11.084792321409576,,,
WORKER_RELOC,,9,13,6,,10.63345396568393,,,
WORKER_RELOC,,9,13,7,,10.588255641048525,,,
WORKER_RELOC,,9,13,8,,11.655720677820792,,,
WORKER_RELOC,,9,13,9,,9.52640602902036,,,
WORKER_RELOC,,9,13,10,,8.605173766458659,,,
WORKER_RELOC,,9,13,11,,6.424336385478825,,,
WORKER_RELOC,,9,13,12,,5.122163117166399,,,
WORKER_RELOC,,9,13,13,,0.0,,,
WORKER_RELOC,,9,13,14,,2.322414783782674,,,
WORKER_RELOC,,9,13,15,,5.909147972682879,,,
WORKER_RELOC,,9,13,16,,8.065772266461737,,,
WORKER_RELOC,,9,13,17,,9.689502340047511,,,
WORKER_RELOC,,9,14,0,,8.662071126511503,,,
WORKER_RELOC,,9,14,1,,4.885000169103796,,,
WORKER_RELOC,,9,14,2,,11.98229277013698,,,
WORKER_RELOC,,9,14,3,,6.691000771171828,,,
WORKER_RELOC,,9,14,4,,8.24060026139415,,,
WORKER_RELOC,,9,14,5,,10.905872928274592,,,
WORKER_RELOC,,9,14,6,,8.335583124875036,,,
WORKER_RELOC,,9,14,7,,5.743477195978563,,,
WORKER_RELOC,,9,14,8,,11.264597651827312,,,
WORKER_RELOC,,9,14,9,,7.606350581243065,,,
WORKER_RELOC,,9,14,10,,8.536127147395408,,,
WORKER_RELOC,,9,14,11,,10.861293538382043,,,
WORKER_RELOC,,9,14,12,,11.818411781189402,,,
WORKER_RELOC,,9,14,13,,1.9270178263364799,,,
WORKER_RELOC,,9,14,14,,0.0,,,
WORKER_RELOC,,9,14,15,,4.9841304668515924,,,
WORKER_RELOC,,9,14,16,,6.785201754458807,,,
WORKER_RELOC,,9,14,17,,9.092245011080758,,,
WORKER_RELOC,,9,15,0,,7.333223145056554,,,
WORKER_RELOC,,9,15,1,,6.2959729807418885,,,
WORKER_RELOC,,9,15,2,,7.142469012266919,,,
WORKER_RELOC,,9,15,3,,8.19341473222233,,,
WORKER_RELOC,,9,15,4,,7.362503898524604,,,
WORKER_RELOC,,9,15,5,,5.442403692406577,,,
WORKER_RELOC,,9,15,6,,9.725422034969448,,,
WORKER_RELOC,,9,15,7,,9.940012523657483,,,
WORKER_RELOC,,9,15,8,,9.951990954858113,,,
WORKER_RELOC,,9,15,9,,9.879716564959562,,,
WORKER_RELOC,,9,15,10,,10.337149827367547,,,
WORKER_RELOC,,9,15,11,,6.165972826472036,,,
WORKER_RELOC,,9,15,12,,5.075713765654482,,,
WORKER_RELOC,,9,15,13,,10.641978970360881,,,
WORKER_RELOC,,9,15,14,,7.960349339290301,,,
WORKER_RELOC,,9,15,15,,0.0,,,
WORKER_RELOC,,9,15,16,,3.386012182406124,,,
WORKER_RELOC,,9,15,17,,2.8332213726175004,,,
WORKER_RELOC,,9,16,0,,10.778749190692244,,,
WORKER_RELOC,,9,16,1,,4.542307596589092,,,
WORKER_RELOC,,9,16,2,,4.735227083112536,,,
WORKER_RELOC,,9,16,3,,10.637461549044547,,,
WORKER_RELOC,,9,16,4,,8.878855106668567,,,
WORKER_RELOC,,9,16,5,,10.68442416116605,,,
WORKER_RELOC,,9,16,6,,5.5656242144106525,,,
WORKER_RELOC,,9,16,7,,8.39192813013554,,,
WORKER_RELOC,,9,16,8,,10.97411586638056,,,
WORKER_RELOC,,9,16,9,,5.751763742088535,,,
WORKER_RELOC,,9,16,10,,10.401978411526077,,,
WORKER_RELOC,,9,16,11,,11.406045887509993,,,
WORKER_RELOC,,9,16,12,,8.88953510745683,,,
WORKER_RELOC,,9,16,13,,5.981953027492029,,,
WORKER_RELOC,,9,16,14,,7.304394143691895,,,
WORKER_RELOC,,9,16,15,,2.833603252982194,,,
WORKER_RELOC,,9,16,16,,0.0,,,
WORKER_RELOC,,9,16,17,,3.732219311177339,,,
WORKER_RELOC,,9,17,0,,9.646392344431314,,,
WORKER_RELOC,,9,17,1,,11.37346912715441,,,
WORKER_RELOC,,9,17,2,,9.891882950327965,,,
WORKER_RELOC,,9,17,3,,6.0241963351029195,,,
WORKER_RELOC,,9,17,4,,8.52783708899985,,,
WORKER_RELOC,,9,17,5,,5.154079404209957,,,
WORKER_RELOC,,9,17,6,,10.760988617876436,,,
WORKER_RELOC,,9,17,7,,8.355610534579519,,,
WORKER_RELOC,,9,17,8,,9.09188272289869,,,
WORKER_RELOC,,9,17,9,,6.767305770926427,,,
WORKER_RELOC,,9,17,10,,4.614788085394177,,,
WORKER_RELOC,,9,17,11,,11.345193712426312,,,
WORKER_RELOC,,9,17,12,,10.5948404959216,,,
WORKER_RELOC,,9,17,13,,8.68259255283194,,,
WORKER_RELOC,,9,17,14,,7.186668554844139,,,
WORKER_RELOC,,9,17,15,,1.8367146830738639,,,
WORKER_RELOC,,9,17,16,,3.370191124724096,,,
WORKER_RELOC,,9,17,17,,0.0,,,
WORKER_RELOC,,10,0,0,,0.0,,,
WORKER_RELOC,,10,0,1,,4.113322845657132,,,
WORKER_RELOC,,10,0,2,,6.4762383739494815,,,
WORKER_RELOC,,10,0,3,,11.641218677979563,,,
WORKER_RELOC,,10,0,4,,6.667559571290941,,,
WORKER_RELOC,,10,0,5,,6.665811139277101,,,
WORKER_RELOC,,10,0,6,,4.56843250857027,,,
WORKER_RELOC,,10,0,7,,10.219609378881172,,,
WORKER_RELOC,,10,0,8,,9.321939119789517,,,
WORKER_RELOC,,10,0,9,,9.333455210522253,,,
WORKER_RELOC,,10,0,10,,9.687295962226266,,,
WORKER_RELOC,,10,0,11,,11.624038930988227,,,
WORKER_RELOC,,10,0,12,,8.691495528080058,,,
WORKER_RELOC,,10,0,13,,6.207169659703843,,,
WORKER_RELOC,,10,0,14,,6.438223313777328,,,
WORKER_RELOC,,10,0,15,,9.627579530029298,,,
WORKER_RELOC,,10,0,16,,8.312645088699634,,,
WORKER_RELOC,,10,0,17,,9.306704520183935,,,
WORKER_RELOC,,10,1,0,,4.487948497857528,,,
WORKER_RELOC,,10,1,1,,0.0,,,
WORKER_RELOC,,10,1,2,,6.844920833376721,,,
WORKER_RELOC,,10,1,3,,5.3302410432915615,,,
WORKER_RELOC,,10,1,4,,11.004045810074082,,,
WORKER_RELOC,,10,1,5,,5.009775618657618,,,
WORKER_RELOC,,10,1,6,,4.760411430303812,,,
WORKER_RELOC,,10,1,7,,4.85087637457246,,,
WORKER_RELOC,,10,1,8,,10.062148388698457,,,
WORKER_RELOC,,10,1,9,,8.462981411739559,,,
WORKER_RELOC,,10,1,10,,10.51482297014945,,,
WORKER_RELOC,,10,1,11,,7.6340004846148,,,
WORKER_RELOC,,10,1,12,,10.79709609907995,,,
WORKER_RELOC,,10,1,13,,11.963391501976322,,,
WORKER_RELOC,,10,1,14,,10.526302043569018,,,
WORKER_RELOC,,10,1,15,,10.824213318212607,,,
WORKER_RELOC,,10,1,16,,6.469202456862318,,,
WORKER_RELOC,,10,1,17,,10.337075665173682,,,
WORKER_RELOC,,10,2,0,,10.196733256092836,,,
WORKER_RELOC,,10,2,1,,6.03383437070727,,,
WORKER_RELOC,,10,2,2,,0.0,,,
WORKER_RELOC,,10,2,3,,7.668413948195647,,,
WORKER_RELOC,,10,2,4,,10.301500617095954,,,
WORKER_RELOC,,10,2,5,,8.375681821262809,,,
WORKER_RELOC,,10,2,6,,5.3886161413831575,,,
WORKER_RELOC,,10,2,7,,11.137263476716935,,,
WORKER_RELOC,,10,2,8,,10.756059580733286,,,
WORKER_RELOC,,10,2,9,,7.873443814776012,,,
WORKER_RELOC,,10,2,10,,5.095492837085185,,,
WORKER_RELOC,,10,2,11,,4.55266030640416,,,
WORKER_RELOC,,10,2,12,,5.674968686570439,,,
WORKER_RELOC,,10,2,13,,8.729131150608746,,,
WORKER_RELOC,,10,2,14,,6.137538619447829,,,
WORKER_RELOC,,10,2,15,,8.410549202035023,,,
WORKER_RELOC,,10,2,16,,11.271223754588299,,,
WORKER_RELOC,,10,2,17,,8.672366599510035,,,
WORKER_RELOC,,10,3,0,,4.725454906070196,,,
WORKER_RELOC,,10,3,1,,10.156410283725673,,,
WORKER_RELOC,,10,3,2,,9.386454387740336,,,
WORKER_RELOC,,10,3,3,,0.0,,,
WORKER_RELOC,,10,3,4,,4.463506490894271,,,
WORKER_RELOC,,10,3,5,,1.8573938761351447,,,
WORKER_RELOC,,10,3,6,,9.326860275759854,,,
WORKER_RELOC,,10,3,7,,5.395825103501592,,,
WORKER_RELOC,,10,3,8,,4.508864204007988,,,
WORKER_RELOC,,10,3,9,,10.695735034959506,,,
WORKER_RELOC,,10,3,10,,11.162922394828671,,,
WORKER_RELOC,,10,3,11,,5.303509089596061,,,
WORKER_RELOC,,10,3,12,,6.691147604523859,,,
WORKER_RELOC,,10,3,13,,8.279432027960048,,,
WORKER_RELOC,,10,3,14,,9.250319380116927,,,
WORKER_RELOC,,10,3,15,,7.1975562041057914,,,
WORKER_RELOC,,10,3,16,,8.16127429476628,,,
WORKER_RELOC,,10,3,17,,7.166059009671964,,,
WORKER_RELOC,,10,4,0,,6.284362588400785,,,
WORKER_RELOC,,10,4,1,,8.722173270531421,,,
WORKER_RELOC,,10,4,2,,6.478059789484734,,,
WORKER_RELOC,,10,4,3,,2.178963009250925,,,
WORKER_RELOC,,10,4,4,,0.0,,,
WORKER_RELOC,,10,4,5,,4.155812240827871,,,
WORKER_RELOC,,10,4,6,,7.255017177631652,,,
WORKER_RELOC,,10,4,7,,9.470248682777937,,,
WORKER_RELOC,,10,4,8,,9.802710728990196,,,
WORKER_RELOC,,10,4,9,,11.343601239329274,,,
WORKER_RELOC,,10,4,10,,6.810006281389153,,,
WORKER_RELOC,,10,4,11,,6.4228856669016885,,,
WORKER_RELOC,,10,4,12,,7.258139150269238,,,
WORKER_RELOC,,10,4,13,,9.1957162296881,,,
WORKER_RELOC,,10,4,14,,9.395468654737014,,,
WORKER_RELOC,,10,4,15,,9.294177789493634,,,
WORKER_RELOC,,10,4,16,,11.096616951138602,,,
WORKER_RELOC,,10,4,17,,11.684150561854027,,,
WORKER_RELOC,,10,5,0,,5.561922024485183,,,
WORKER_RELOC,,10,5,1,,9.750483234646826,,,
WORKER_RELOC,,10,5,2,,4.977230150219933,,,
WORKER_RELOC,,10,5,3,,2.0863571802105305,,,
WORKER_RELOC,,10,5,4,,3.922418604298059,,,
WORKER_RELOC,,10,5,5,,0.0,,,
WORKER_RELOC,,10,5,6,,10.395636482367552,,,
WORKER_RELOC,,10,5,7,,10.150288519525512,,,
WORKER_RELOC,,10,5,8,,5.57538382835576,,,
WORKER_RELOC,,10,5,9,,8.885743367915575,,,
WORKER_RELOC,,10,5,10,,11.551086654688397,,,
WORKER_RELOC,,10,5,11,,11.253399698152272,,,
WORKER_RELOC,,10,5,12,,7.543065471765123,,,
WORKER_RELOC,,10,5,13,,11.498377286536293,,,
WORKER_RELOC,,10,5,14,,8.951300273810913,,,
WORKER_RELOC,,10,5,15,,5.7515557023700055,,,
WORKER_RELOC,,10,5,16,,8.839503223481323,,,
WORKER_RELOC,,10,5,17,,6.930044416184633,,,
WORKER_RELOC,,10,6,0,,8.754785114509822,,,
WORKER_RELOC,,10,6,1,,7.195997199465401,,,
WORKER_RELOC,,10,6,2,,8.076148736477318,,,
WORKER_RELOC,,10,6,3,,4.781777496345807,,,
WORKER_RELOC,,10,6,4,,7.478832824503842,,,
WORKER_RELOC,,10,6,5,,5.868354493432398,,,
WORKER_RELOC,,10,6,6,,0.0,,,
WORKER_RELOC,,10,6,7,,5.937800720357927,,,
WORKER_RELOC,,10,6,8,,5.855372226020536,,,
WORKER_RELOC,,10,6,9,,6.354469038631426,,,
WORKER_RELOC,,10,6,10,,5.823700754250918,,,
WORKER_RELOC,,10,6,11,,8.973070424078436,,,
WORKER_RELOC,,10,6,12,,10.181775603958016,,,
WORKER_RELOC,,10,6,13,,9.957911517074084,,,
WORKER_RELOC,,10,6,14,,8.642036390081373,,,
WORKER_RELOC,,10,6,15,,5.2277391367140815,,,
WORKER_RELOC,,10,6,16,,8.638441326016006,,,
WORKER_RELOC,,10,6,17,,10.458924754128313,,,
WORKER_RELOC,,10,7,0,,8.715757776817178,,,
WORKER_RELOC,,10,7,1,,6.444390247066886,,,
WORKER_RELOC,,10,7,2,,11.458099353163169,,,
WORKER_RELOC,,10,7,3,,10.531330801346957,,,
WORKER_RELOC,,10,7,4,,8.273567325612962,,,
WORKER_RELOC,,10,7,5,,9.19694074825416,,,
WORKER_RELOC,,10,7,6,,4.963339939236658,,,
WORKER_RELOC,,10,7,7,,0.0,,,
WORKER_RELOC,,10,7,8,,1.7847073453248559,,,
WORKER_RELOC,,10,7,9,,1.703912405746814,,,
WORKER_RELOC,,10,7,10,,9.616825041980228,,,
WORKER_RELOC,,10,7,11,,5.2454955059217845,,,
WORKER_RELOC,,10,7,12,,11.098922689139386,,,
WORKER_RELOC,,10,7,13,,5.514347323218709,,,
WORKER_RELOC,,10,7,14,,11.63727499636383,,,
WORKER_RELOC,,10,7,15,,10.371541168294733,,,
WORKER_RELOC,,10,7,16,,11.553463154379536,,,
WORKER_RELOC,,10,7,17,,11.019083720753581,,,
WORKER_RELOC,,10,8,0,,9.331089815285747,,,
WORKER_RELOC,,10,8,1,,6.9166829878934575,,,
WORKER_RELOC,,10,8,2,,11.411396045744784,,,
WORKER_RELOC,,10,8,3,,10.118452569611788,,,
WORKER_RELOC,,10,8,4,,8.87086462835854,,,
WORKER_RELOC,,10,8,5,,5.5769238129337175,,,
WORKER_RELOC,,10,8,6,,10.313287592903107,,,
WORKER_RELOC,,10,8,7,,2.5702792793623668,,,
WORKER_RELOC,,10,8,8,,0.0,,,
WORKER_RELOC,,10,8,9,,2.4241981937457684,,,
WORKER_RELOC,,10,8,10,,8.06489304812251,,,
WORKER_RELOC,,10,8,11,,11.649658242199603,,,
WORKER_RELOC,,10,8,12,,9.64690436611756,,,
WORKER_RELOC,,10,8,13,,7.2480220227412495,,,
WORKER_RELOC,,10,8,14,,10.415485310788057,,,
WORKER_RELOC,,10,8,15,,6.39788086844776,,,
WORKER_RELOC,,10,8,16,,5.4971586272993935,,,
WORKER_RELOC,,10,8,17,,5.984965124536384,,,
WORKER_RELOC,,10,9,0,,5.144184848645705,,,
WORKER_RELOC,,10,9,1,,5.3330514209662105,,,
WORKER_RELOC,,10,9,2,,5.5388265663377725,,,
WORKER_RELOC,,10,9,3,,8.92806418510984,,,
WORKER_RELOC,,10,9,4,,9.31729128860101,,,
WORKER_RELOC,,10,9,5,,5.112692134862223,,,
WORKER_RELOC,,10,9,6,,7.156752976280734,,,
WORKER_RELOC,,10,9,7,,1.790810402576656,,,
WORKER_RELOC,,10,9,8,,3.8207090449184578,,,
WORKER_RELOC,,10,9,9,,0.0,,,
WORKER_RELOC,,10,9,10,,4.820530166770773,,,
WORKER_RELOC,,10,9,11,,6.679216163656885,,,
WORKER_RELOC,,10,9,12,,10.437178103350815,,,
WORKER_RELOC,,10,9,13,,11.377552577155353,,,
WORKER_RELOC,,10,9,14,,10.365844876058915,,,
WORKER_RELOC,,10,9,15,,4.575801384704298,,,
WORKER_RELOC,,10,9,16,,5.841893095067892,,,
WORKER_RELOC,,10,9,17,,7.373895931794081,,,
WORKER_RELOC,,10,10,0,,9.719343024162946,,,
WORKER_RELOC,,10,10,1,,7.140089752780787,,,
WORKER_RELOC,,10,10,2,,11.961403660927333,,,
WORKER_RELOC,,10,10,3,,6.707331045540405,,,
WORKER_RELOC,,10,10,4,,10.363642537188687,,,
WORKER_RELOC,,10,10,5,,6.399841134366298,,,
WORKER_RELOC,,10,10,6,,7.833950635464928,,,
WORKER_RELOC,,10,10,7,,10.576844281786352,,,
WORKER_RELOC,,10,10,8,,8.111792696431445,,,
WORKER_RELOC,,10,10,9,,8.615289948819592,,,
WORKER_RELOC,,10,10,10,,0.0,,,
WORKER_RELOC,,10,10,11,,2.8790136355277545,,,
WORKER_RELOC,,10,10,12,,2.1652486480717434,,,
WORKER_RELOC,,10,10,13,,4.59434643130314,,,
WORKER_RELOC,,10,10,14,,7.842313838252531,,,
WORKER_RELOC,,10,10,15,,9.944982984435523,,,
WORKER_RELOC,,10,10,16,,5.624172505561488,,,
WORKER_RELOC,,10,10,17,,8.047017635249164,,,
WORKER_RELOC,,10,11,0,,10.218172098690172,,,
WORKER_RELOC,,10,11,1,,6.251568058860258,,,
WORKER_RELOC,,10,11,2,,6.909768457266395,,,
WORKER_RELOC,,10,11,3,,6.210049837766826,,,
WORKER_RELOC,,10,11,4,,6.814156532880991,,,
WORKER_RELOC,,10,11,5,,9.798100097153057,,,
WORKER_RELOC,,10,11,6,,7.107505336686815,,,
WORKER_RELOC,,10,11,7,,9.470327442299403,,,
WORKER_RELOC,,10,11,8,,10.907245391801238,,,
WORKER_RELOC,,10,11,9,,6.307636219128355,,,
WORKER_RELOC,,10,11,10,,3.455768948074897,,,
WORKER_RELOC,,10,11,11,,0.0,,,
WORKER_RELOC,,10,11,12,,3.752019318960776,,,
WORKER_RELOC,,10,11,13,,7.593377262958564,,,
WORKER_RELOC,,10,11,14,,9.369747235445306,,,
WORKER_RELOC,,10,11,15,,4.674611534456549,,,
WORKER_RELOC,,10,11,16,,5.29579618436374,,,
WORKER_RELOC,,10,11,17,,4.691261325625717,,,
WORKER_RELOC,,10,12,0,,9.677888742217652,,,
WORKER_RELOC,,10,12,1,,10.497688687245525,,,
WORKER_RELOC,,10,12,2,,10.461096758689575,,,
WORKER_RELOC,,10,12,3,,7.083198341151886,,,
WORKER_RELOC,,10,12,4,,7.720565883828308,,,
WORKER_RELOC,,10,12,5,,6.642812862870543,,,
WORKER_RELOC,,10,12,6,,8.009752323903076,,,
WORKER_RELOC,,10,12,7,,10.87372277582709,,,
WORKER_RELOC,,10,12,8,,9.778493639211064,,,
WORKER_RELOC,,10,12,9,,10.878886673686896,,,
WORKER_RELOC,,10,12,10,,2.1413093414194515,,,
WORKER_RELOC,,10,12,11,,1.8469087611857828,,,
WORKER_RELOC,,10,12,12,,0.0,,,
WORKER_RELOC,,10,12,13,,5.400074665880347,,,
WORKER_RELOC,,10,12,14,,8.064303967251899,,,
WORKER_RELOC,,10,12,15,,5.590532660297414,,,
WORKER_RELOC,,10,12,16,,9.745015218518624,,,
WORKER_RELOC,,10,12,17,,9.141528232804866,,,
WORKER_RELOC,,10,13,0,,7.415449097432626,,,
WORKER_RELOC,,10,13,1,,5.54979177886949,,,
WORKER_RELOC,,10,13,2,,6.294708792267935,,,
WORKER_RELOC,,10,13,3,,11.751063223496073,,,
WORKER_RELOC,,10,13,4,,5.16458103854728,,,
WORKER_RELOC,,10,13,5,,10.98018341456823,,,
WORKER_RELOC,,10,13,6,,10.229855789425336,,,
WORKER_RELOC,,10,13,7,,5.623600635977392,,,
WORKER_RELOC,,10,13,8,,7.3530056967492845,,,
WORKER_RELOC,,10,13,9,,5.814893653484933,,,
WORKER_RELOC,,10,13,10,,9.409957090761301,,,
WORKER_RELOC,,10,13,11,,6.035283554444758,,,
WORKER_RELOC,,10,13,12,,6.814339185886525,,,
WORKER_RELOC,,10,13,13,,0.0,,,
WORKER_RELOC,,10,13,14,,1.5843987879319767,,,
WORKER_RELOC,,10,13,15,,8.835031395376983,,,
WORKER_RELOC,,10,13,16,,5.545202280239188,,,
WORKER_RELOC,,10,13,17,,9.25514672938803,,,
WORKER_RELOC,,10,14,0,,9.409942767634938,,,
WORKER_RELOC,,10,14,1,,10.153258525517622,,,
WORKER_RELOC,,10,14,2,,6.618194309568866,,,
WORKER_RELOC,,10,14,3,,11.940743043926194,,,
WORKER_RELOC,,10,14,4,,10.308929070001135,,,
WORKER_RELOC,,10,14,5,,10.247670282764508,,,
WORKER_RELOC,,10,14,6,,9.49495350107479,,,
WORKER_RELOC,,10,14,7,,9.735757925657268,,,
WORKER_RELOC,,10,14,8,,7.614599728800113,,,
WORKER_RELOC,,10,14,9,,5.811303357320391,,,
WORKER_RELOC,,10,14,10,,9.705844758659115,,,
WORKER_RELOC,,10,14,11,,5.276552608796398,,,
WORKER_RELOC,,10,14,12,,9.058533547189487,,,
WORKER_RELOC,,10,14,13,,2.912056472161628,,,
WORKER_RELOC,,10,14,14,,0.0,,,
WORKER_RELOC,,10,14,15,,7.352896241342983,,,
WORKER_RELOC,,10,14,16,,10.458008192624007,,,
WORKER_RELOC,,10,14,17,,6.83758494476053,,,
WORKER_RELOC,,10,15,0,,7.33957374303273,,,
WORKER_RELOC,,10,15,1,,6.584406031888125,,,
WORKER_RELOC,,10,15,2,,10.986513680636584,,,
WORKER_RELOC,,10,15,3,,5.468416568395169,,,
WORKER_RELOC,,10,15,4,,11.838815168194552,,,
WORKER_RELOC,,10,15,5,,11.629861710251054,,,
WORKER_RELOC,,10,15,6,,6.360655743211495,,,
WORKER_RELOC,,10,15,7,,10.072927243554028,,,
WORKER_RELOC,,10,15,8,,9.379792075688087,,,
WORKER_RELOC,,10,15,9,,10.3493620277764,,,
WORKER_RELOC,,10,15,10,,9.153189909177588,,,
WORKER_RELOC,,10,15,11,,7.979481259853197,,,
WORKER_RELOC,,10,15,12,,8.920266603469823,,,
WORKER_RELOC,,10,15,13,,9.049032928087106,,,
WORKER_RELOC,,10,15,14,,11.739546028774496,,,
WORKER_RELOC,,10,15,15,,0.0,,,
WORKER_RELOC,,10,15,16,,1.8977905608178793,,,
WORKER_RELOC,,10,15,17,,4.338558889697064,,,
WORKER_RELOC,,10,16,0,,6.3076572536494995,,,
WORKER_RELOC,,10,16,1,,11.78655759741187,,,
WORKER_RELOC,,10,16,2,,5.4244232980747435,,,
WORKER_RELOC,,10,16,3,,10.4052671102563,,,
WORKER_RELOC,,10,16,4,,9.281632008371654,,,
WORKER_RELOC,,10,16,5,,11.391359433466585,,,
WORKER_RELOC,,10,16,6,,4.771247096179833,,,
WORKER_RELOC,,10,16,7,,8.065054154773653,,,
WORKER_RELOC,,10,16,8,,6.51135704070648,,,
WORKER_RELOC,,10,16,9,,9.326835586991649,,,
WORKER_RELOC,,10,16,10,,4.926489383611433,,,
WORKER_RELOC,,10,16,11,,4.946307641868343,,,
WORKER_RELOC,,10,16,12,,10.365179816036111,,,
WORKER_RELOC,,10,16,13,,11.72266455791667,,,
WORKER_RELOC,,10,16,14,,10.025789847505525,,,
WORKER_RELOC,,10,16,15,,2.6834324363876703,,,
WORKER_RELOC,,10,16,16,,0.0,,,
WORKER_RELOC,,10,16,17,,4.096360914767416,,,
WORKER_RELOC,,10,17,0,,6.702788112462997,,,
WORKER_RELOC,,10,17,1,,11.980325488494355,,,
WORKER_RELOC,,10,17,2,,9.580609468047316,,,
WORKER_RELOC,,10,17,3,,5.955160955239723,,,
WORKER_RELOC,,10,17,4,,10.675830884197353,,,
WORKER_RELOC,,10,17,5,,5.5108097467760695,,,
WORKER_RELOC,,10,17,6,,6.66964109254145,,,
WORKER_RELOC,,10,17,7,,10.28171316940631,,,
WORKER_RELOC,,10,17,8,,7.44575955900555,,,
WORKER_RELOC,,10,17,9,,9.72042970102357,,,
WORKER_RELOC,,10,17,10,,8.223952668250414,,,
WORKER_RELOC,,10,17,11,,10.492314921022661,,,
WORKER_RELOC,,10,17,12,,7.066015978937221,,,
WORKER_RELOC,,10,17,13,,11.213035320305028,,,
WORKER_RELOC,,10,17,14,,4.535370832269369,,,
WORKER_RELOC,,10,17,15,,3.2441416880825398,,,
WORKER_RELOC,,10,17,16,,3.8268980700826303,,,
WORKER_RELOC,,10,17,17,,0.0,,,
WORKER_RELOC,,11,0,0,,0.0,,,
WORKER_RELOC,,11,0,1,,3.3380038469942184,,,
WORKER_RELOC,,11,0,2,,7.753234081310714,,,
WORKER_RELOC,,11,0,3,,11.270316743028436,,,
WORKER_RELOC,,11,0,4,,5.339945502943389,,,
WORKER_RELOC,,11,0,5,,9.41462819407007,,,
WORKER_RELOC,,11,0,6,,8.864355090281537,,,
WORKER_RELOC,,11,0,7,,9.515423185000245,,,
WORKER_RELOC,,11,0,8,,11.867488789610775,,,
WORKER_RELOC,,11,0,9,,4.769490183390214,,,
WORKER_RELOC,,11,0,10,,7.0406907076072045,,,
WORKER_RELOC,,11,0,11,,7.657016807699475,,,
WORKER_RELOC,,11,0,12,,10.349851748999383,,,
WORKER_RELOC,,11,0,13,,8.519897705307006,,,
WORKER_RELOC,,11,0,14,,5.118766868218375,,,
WORKER_RELOC,,11,0,15,,5.566295711481179,,,
WORKER_RELOC,,11,0,16,,11.126589825475476,,,
WORKER_RELOC,,11,0,17,,8.412432244966947,,,
WORKER_RELOC,,11,1,0,,3.93801010794929,,,
WORKER_RELOC,,11,1,1,,0.0,,,
WORKER_RELOC,,11,1,2,,5.900517700180025,,,
WORKER_RELOC,,11,1,3,,11.18950008156265,,,
WORKER_RELOC,,11,1,4,,7.7618629813572735,,,
WORKER_RELOC,,11,1,5,,4.819030475188649,,,
WORKER_RELOC,,11,1,6,,11.748922991049561,,,
WORKER_RELOC,,11,1,7,,9.428329125502962,,,
WORKER_RELOC,,11,1,8,,10.710525687257848,,,
WORKER_RELOC,,11,1,9,,10.485967101960815,,,
WORKER_RELOC,,11,1,10,,6.264225077607806,,,
WORKER_RELOC,,11,1,11,,6.218749508684757,,,
WORKER_RELOC,,11,1,12,,9.071185453959053,,,
WORKER_RELOC,,11,1,13,,8.550207401552218,,,
WORKER_RELOC,,11,1,14,,10.846633015275154,,,
WORKER_RELOC,,11,1,15,,5.9835391215372935,,,
WORKER_RELOC,,11,1,16,,6.802066682125488,,,
WORKER_RELOC,,11,1,17,,10.199679496627788,,,
WORKER_RELOC,,11,2,0,,5.098223437454848,,,
WORKER_RELOC,,11,2,1,,10.169805426756117,,,
WORKER_RELOC,,11,2,2,,0.0,,,
WORKER_RELOC,,11,2,3,,5.367426900666674,,,
WORKER_RELOC,,11,2,4,,4.560977901935665,,,
WORKER_RELOC,,11,2,5,,11.196811588353079,,,
WORKER_RELOC,,11,2,6,,5.673819137652572,,,
WORKER_RELOC,,11,2,7,,6.552579038301133,,,
WORKER_RELOC,,11,2,8,,4.526855048916468,,,
WORKER_RELOC,,11,2,9,,10.058357646985922,,,
WORKER_RELOC,,11,2,10,,4.809162233650374,,,
WORKER_RELOC,,11,2,11,,11.852987160526308,,,
WORKER_RELOC,,11,2,12,,9.83390316916063,,,
WORKER_RELOC,,11,2,13,,6.202326501335316,,,
WORKER_RELOC,,11,2,14,,10.04123277774465,,,
WORKER_RELOC,,11,2,15,,5.660722961205157,,,
WORKER_RELOC,,11,2,16,,6.690144426847376,,,
WORKER_RELOC,,11,2,17,,6.408070313950185,,,
WORKER_RELOC,,11,3,0,,6.421754892502378,,,
WORKER_RELOC,,11,3,1,,10.723581142208916,,,
WORKER_RELOC,,11,3,2,,8.721279599567023,,,
WORKER_RELOC,,11,3,3,,0.0,,,
WORKER_RELOC,,11,3,4,,3.137730092296708,,,
WORKER_RELOC,,11,3,5,,2.745587536135721,,,
WORKER_RELOC,,11,3,6,,5.398711324242773,,,
WORKER_RELOC,,11,3,7,,5.03804490333555,,,
WORKER_RELOC,,11,3,8,,9.531401033150667,,,
WORKER_RELOC,,11,3,9,,8.378233900275035,,,
WORKER_RELOC,,11,3,10,,5.772973521370079,,,
WORKER_RELOC,,11,3,11,,7.997982559912607,,,
WORKER_RELOC,,11,3,12,,11.51291547566678,,,
WORKER_RELOC,,11,3,13,,6.681687844501936,,,
WORKER_RELOC,,11,3,14,,4.72593675079091,,,
WORKER_RELOC,,11,3,15,,5.153205597863545,,,
WORKER_RELOC,,11,3,16,,11.895707745263948,,,
WORKER_RELOC,,11,3,17,,4.6528143211285995,,,
WORKER_RELOC,,11,4,0,,11.769815398804862,,,
WORKER_RELOC,,11,4,1,,6.08613606334559,,,
WORKER_RELOC,,11,4,2,,7.7220120449730505,,,
WORKER_RELOC,,11,4,3,,3.2448943081793056,,,
WORKER_RELOC,,11,4,4,,0.0,,,
WORKER_RELOC,,11,4,5,,3.9479596693969436,,,
WORKER_RELOC,,11,4,6,,6.968275140716783,,,
WORKER_RELOC,,11,4,7,,6.28021870001951,,,
WORKER_RELOC,,11,4,8,,4.689663643783086,,,
WORKER_RELOC,,11,4,9,,9.317496323396544,,,
WORKER_RELOC,,11,4,10,,6.158930234343405,,,
WORKER_RELOC,,11,4,11,,8.073290395870256,,,
WORKER_RELOC,,11,4,12,,6.6844177826620435,,,
WORKER_RELOC,,11,4,13,,4.505032938559239,,,
WORKER_RELOC,,11,4,14,,10.588808325300374,,,
WORKER_RELOC,,11,4,15,,4.79964174540956,,,
WORKER_RELOC,,11,4,16,,5.7336639988728795,,,
WORKER_RELOC,,11,4,17,,11.835661230216854,,,
WORKER_RELOC,,11,5,0,,6.227905490724804,,,
WORKER_RELOC,,11,5,1,,8.610681215056,,,
WORKER_RELOC,,11,5,2,,8.383235934394227,,,
WORKER_RELOC,,11,5,3,,4.259430253754581,,,
WORKER_RELOC,,11,5,4,,3.537095637096175,,,
WORKER_RELOC,,11,5,5,,0.0,,,
WORKER_RELOC,,11,5,6,,9.619731195122107,,,
WORKER_RELOC,,11,5,7,,9.10048162727459,,,
WORKER_RELOC,,11,5,8,,10.445613348280512,,,
WORKER_RELOC,,11,5,9,,11.410261558395499,,,
WORKER_RELOC,,11,5,10,,7.9693323326271885,,,
WORKER_RELOC,,11,5,11,,6.7223625145854236,,,
WORKER_RELOC,,11,5,12,,8.575282245016307,,,
WORKER_RELOC,,11,5,13,,7.852520820359432,,,
WORKER_RELOC,,11,5,14,,5.6272087317988735,,,
WORKER_RELOC,,11,5,15,,8.06086390694088,,,
WORKER_RELOC,,11,5,16,,9.571991770212227,,,
WORKER_RELOC,,11,5,17,,11.33795444799233,,,
WORKER_RELOC,,11,6,0,,11.786988193927565,,,
WORKER_RELOC,,11,6,1,,5.842448423287345,,,
WORKER_RELOC,,11,6,2,,9.832643074469495,,,
WORKER_RELOC,,11,6,3,,10.662926639625164,,,
WORKER_RELOC,,11,6,4,,11.74765533034076,,,
WORKER_RELOC,,11,6,5,,11.41877195095485,,,
WORKER_RELOC,,11,6,6,,0.0,,,
WORKER_RELOC,,11,6,7,,4.907165792544237,,,
WORKER_RELOC,,11,6,8,,10.353343626018138,,,
WORKER_RELOC,,11,6,9,,11.013507315460002,,,
WORKER_RELOC,,11,6,10,,8.744852193591397,,,
WORKER_RELOC,,11,6,11,,11.895249786993562,,,
WORKER_RELOC,,11,6,12,,8.90241503425599,,,
WORKER_RELOC,,11,6,13,,11.488920097799406,,,
WORKER_RELOC,,11,6,14,,7.955936989300923,,,
WORKER_RELOC,,11,6,15,,4.573758545100343,,,
WORKER_RELOC,,11,6,16,,4.759406760083538,,,
WORKER_RELOC,,11,6,17,,9.144569208992516,,,
WORKER_RELOC,,11,7,0,,6.286464046741067,,,
WORKER_RELOC,,11,7,1,,8.625075271160977,,,
WORKER_RELOC,,11,7,2,,7.506173609645243,,,
WORKER_RELOC,,11,7,3,,6.694734547810896,,,
WORKER_RELOC,,11,7,4,,9.836992278284175,,,
WORKER_RELOC,,11,7,5,,6.637926952021685,,,
WORKER_RELOC,,11,7,6,,7.580994619929886,,,
WORKER_RELOC,,11,7,7,,0.0,,,
WORKER_RELOC,,11,7,8,,3.5771974669503943,,,
WORKER_RELOC,,11,7,9,,1.7995996719451564,,,
WORKER_RELOC,,11,7,10,,11.56762903526927,,,
WORKER_RELOC,,11,7,11,,6.427241366052394,,,
WORKER_RELOC,,11,7,12,,5.904884057437953,,,
WORKER_RELOC,,11,7,13,,7.541034797256212,,,
WORKER_RELOC,,11,7,14,,7.353444294207631,,,
WORKER_RELOC,,11,7,15,,5.702966898603043,,,
WORKER_RELOC,,11,7,16,,8.893987678209227,,,
WORKER_RELOC,,11,7,17,,9.837539509762983,,,
WORKER_RELOC,,11,8,0,,6.217530531388214,,,
WORKER_RELOC,,11,8,1,,9.184667554435448,,,
WORKER_RELOC,,11,8,2,,10.54340656674621,,,
WORKER_RELOC,,11,8,3,,11.711441064407191,,,
WORKER_RELOC,,11,8,4,,6.707902201365192,,,
WORKER_RELOC,,11,8,5,,8.239816341437484,,,
WORKER_RELOC,,11,8,6,,9.187144541733577,,,
WORKER_RELOC,,11,8,7,,3.768721978341028,,,
WORKER_RELOC,,11,8,8,,0.0,,,
WORKER_RELOC,,11,8,9,,2.8749704061081918,,,
WORKER_RELOC,,11,8,10,,8.934185139369967,,,
WORKER_RELOC,,11,8,11,,10.641978115618132,,,
WORKER_RELOC,,11,8,12,,9.824857047011434,,,
WORKER_RELOC,,11,8,13,,9.622710059645357,,,
WORKER_RELOC,,11,8,14,,10.966289258812978,,,
WORKER_RELOC,,11,8,15,,5.774649554247177,,,
WORKER_RELOC,,11,8,16,,10.794114305742823,,,
WORKER_RELOC,,11,8,17,,9.432316268514995,,,
WORKER_RELOC,,11,9,0,,8.254165866389087,,,
WORKER_RELOC,,11,9,1,,7.5900673404789805,,,
WORKER_RELOC,,11,9,2,,11.825729377840192,,,
WORKER_RELOC,,11,9,3,,5.245784405957336,,,
WORKER_RELOC,,11,9,4,,10.078720715823854,,,
WORKER_RELOC,,11,9,5,,4.716872104010261,,,
WORKER_RELOC,,11,9,6,,5.6544316350433785,,,
WORKER_RELOC,,11,9,7,,2.1745088038846756,,,
WORKER_RELOC,,11,9,8,,2.0107568396836326,,,
WORKER_RELOC,,11,9,9,,0.0,,,
WORKER_RELOC,,11,9,10,,7.279395382396352,,,
WORKER_RELOC,,11,9,11,,10.67421455228683,,,
WORKER_RELOC,,11,9,12,,9.691896903485784,,,
WORKER_RELOC,,11,9,13,,11.529637572034996,,,
WORKER_RELOC,,11,9,14,,7.579301620043241,,,
WORKER_RELOC,,11,9,15,,6.213268510092232,,,
WORKER_RELOC,,11,9,16,,11.76676147212969,,,
WORKER_RELOC,,11,9,17,,5.36638791469144,,,
WORKER_RELOC,,11,10,0,,5.328350938505542,,,
WORKER_RELOC,,11,10,1,,11.724528923724115,,,
WORKER_RELOC,,11,10,2,,10.005903561577608,,,
WORKER_RELOC,,11,10,3,,4.995273173459859,,,
WORKER_RELOC,,11,10,4,,5.209327099253951,,,
WORKER_RELOC,,11,10,5,,7.153328296927443,,,
WORKER_RELOC,,11,10,6,,7.639593993224657,,,
WORKER_RELOC,,11,10,7,,7.074406065382822,,,
WORKER_RELOC,,11,10,8,,11.568516326261125,,,
WORKER_RELOC,,11,10,9,,10.286938480169265,,,
WORKER_RELOC,,11,10,10,,0.0,,,
WORKER_RELOC,,11,10,11,,2.6577736124024343,,,
WORKER_RELOC,,11,10,12,,1.8557348600313683,,,
WORKER_RELOC,,11,10,13,,5.541689535744549,,,
WORKER_RELOC,,11,10,14,,5.723815816952834,,,
WORKER_RELOC,,11,10,15,,5.425388298215399,,,
WORKER_RELOC,,11,10,16,,6.681954602262522,,,
WORKER_RELOC,,11,10,17,,11.96310281132828,,,
WORKER_RELOC,,11,11,0,,11.992782149825242,,,
WORKER_RELOC,,11,11,1,,5.4437717360332964,,,
WORKER_RELOC,,11,11,2,,7.78931982815271,,,
WORKER_RELOC,,11,11,3,,11.410818364080725,,,
WORKER_RELOC,,11,11,4,,10.33698873532304,,,
WORKER_RELOC,,11,11,5,,6.381054656397074,,,
WORKER_RELOC,,11,11,6,,6.996901741746653,,,
WORKER_RELOC,,11,11,7,,7.493901944886321,,,
WORKER_RELOC,,11,11,8,,5.4628449947877815,,,
WORKER_RELOC,,11,11,9,,5.0930890098069295,,,
WORKER_RELOC,,11,11,10,,3.381213559758313,,,
WORKER_RELOC,,11,11,11,,0.0,,,
WORKER_RELOC,,11,11,12,,3.315853167386717,,,
WORKER_RELOC,,11,11,13,,10.597409305705938,,,
WORKER_RELOC,,11,11,14,,9.851406479565668,,,
WORKER_RELOC,,11,11,15,,4.6902458671564755,,,
WORKER_RELOC,,11,11,16,,5.427571504723685,,,
WORKER_RELOC,,11,11,17,,10.006611381167142,,,
WORKER_RELOC,,11,12,0,,9.049320045754111,,,
WORKER_RELOC,,11,12,1,,6.217534908300865,,,
WORKER_RELOC,,11,12,2,,4.578135149827618,,,
WORKER_RELOC,,11,12,3,,5.429373484643104,,,
WORKER_RELOC,,11,12,4,,10.294759627528634,,,
WORKER_RELOC,,11,12,5,,10.849970392623352,,,
WORKER_RELOC,,11,12,6,,5.106210445811547,,,
WORKER_RELOC,,11,12,7,,6.244661277641891,,,
WORKER_RELOC,,11,12,8,,8.97354696036961,,,
WORKER_RELOC,,11,12,9,,5.71893299042444,,,
WORKER_RELOC,,11,12,10,,3.3607315581615156,,,
WORKER_RELOC,,11,12,11,,3.221114629132771,,,
WORKER_RELOC,,11,12,12,,0.0,,,
WORKER_RELOC,,11,12,13,,8.106146483010885,,,
WORKER_RELOC,,11,12,14,,6.776036550579019,,,
WORKER_RELOC,,11,12,15,,10.087528879677038,,,
WORKER_RELOC,,11,12,16,,8.24705456453682,,,
WORKER_RELOC,,11,12,17,,5.814276797319151,,,
WORKER_RELOC,,11,13,0,,10.95914885368521,,,
WORKER_RELOC,,11,13,1,,5.245974872299798,,,
WORKER_RELOC,,11,13,2,,5.209771131567162,,,
WORKER_RELOC,,11,13,3,,5.40649060856915,,,
WORKER_RELOC,,11,13,4,,7.811474980057836,,,
WORKER_RELOC,,11,13,5,,5.941030397997516,,,
WORKER_RELOC,,11,13,6,,7.976974383543904,,,
WORKER_RELOC,,11,13,7,,8.603226695094163,,,
WORKER_RELOC,,11,13,8,,6.599708844851175,,,
WORKER_RELOC,,11,13,9,,4.67859380718148,,,
WORKER_RELOC,,11,13,10,,4.6189047291547,,,
WORKER_RELOC,,11,13,11,,11.465338194609267,,,
WORKER_RELOC,,11,13,12,,7.686930310896445,,,
WORKER_RELOC,,11,13,13,,0.0,,,
WORKER_RELOC,,11,13,14,,3.5299385133868193,,,
WORKER_RELOC,,11,13,15,,8.579117398071727,,,
WORKER_RELOC,,11,13,16,,11.888960136782094,,,
WORKER_RELOC,,11,13,17,,10.001464607253716,,,
WORKER_RELOC,,11,14,0,,5.218018471085055,,,
WORKER_RELOC,,11,14,1,,8.51166129169176,,,
WORKER_RELOC,,11,14,2,,4.639332541024301,,,
WORKER_RELOC,,11,14,3,,7.694156803755474,,,
WORKER_RELOC,,11,14,4,,9.748686886086066,,,
WORKER_RELOC,,11,14,5,,5.933444877884089,,,
WORKER_RELOC,,11,14,6,,4.7340515660881355,,,
WORKER_RELOC,,11,14,7,,5.131624906432788,,,
WORKER_RELOC,,11,14,8,,6.894360086976138,,,
WORKER_RELOC,,11,14,9,,9.315948285991338,,,
WORKER_RELOC,,11,14,10,,9.297992674138968,,,
WORKER_RELOC,,11,14,11,,5.937090723801786,,,
WORKER_RELOC,,11,14,12,,5.963673565909758,,,
WORKER_RELOC,,11,14,13,,4.023287304241366,,,
WORKER_RELOC,,11,14,14,,0.0,,,
WORKER_RELOC,,11,14,15,,6.6447034358589345,,,
WORKER_RELOC,,11,14,16,,10.819983328423671,,,
WORKER_RELOC,,11,14,17,,6.644672430576554,,,
WORKER_RELOC,,11,15,0,,8.221536809191985,,,
WORKER_RELOC,,11,15,1,,10.464269564022683,,,
WORKER_RELOC,,11,15,2,,7.487927253287361,,,
WORKER_RELOC,,11,15,3,,6.655966664129855,,,
WORKER_RELOC,,11,15,4,,9.75919664057768,,,
WORKER_RELOC,,11,15,5,,8.876122262314063,,,
WORKER_RELOC,,11,15,6,,5.162152259625521,,,
WORKER_RELOC,,11,15,7,,4.6230544461716985,,,
WORKER_RELOC,,11,15,8,,8.669298640891817,,,
WORKER_RELOC,,11,15,9,,6.514092484619386,,,
WORKER_RELOC,,11,15,10,,11.927181975960078,,,
WORKER_RELOC,,11,15,11,,5.645227564726004,,,
WORKER_RELOC,,11,15,12,,7.024894224977185,,,
WORKER_RELOC,,11,15,13,,6.8172550647602295,,,
WORKER_RELOC,,11,15,14,,8.672029550263417,,,
WORKER_RELOC,,11,15,15,,0.0,,,
WORKER_RELOC,,11,15,16,,4.026050829500761,,,
WORKER_RELOC,,11,15,17,,1.9339307268007853,,,
WORKER_RELOC,,11,16,0,,7.741904969426227,,,
WORKER_RELOC,,11,16,1,,10.128670969849058,,,
WORKER_RELOC,,11,16,2,,6.520670835768778,,,
WORKER_RELOC,,11,16,3,,4.984037450808528,,,
WORKER_RELOC,,11,16,4,,11.786910804075525,,,
WORKER_RELOC,,11,16,5,,4.688947472958353,,,
WORKER_RELOC,,11,16,6,,10.331323576183495,,,
WORKER_RELOC,,11,16,7,,11.79457643674614,,,
WORKER_RELOC,,11,16,8,,11.40223675039827,,,
WORKER_RELOC,,11,16,9,,9.965879770164776,,,
WORKER_RELOC,,11,16,10,,6.102398538016713,,,
WORKER_RELOC,,11,16,11,,6.356313870496335,,,
WORKER_RELOC,,11,16,12,,5.4002371543093695,,,
WORKER_RELOC,,11,16,13,,11.285271225061681,,,
WORKER_RELOC,,11,16,14,,7.9403370027737745,,,
WORKER_RELOC,,11,16,15,,3.4296076969065785,,,
WORKER_RELOC,,11,16,16,,0.0,,,
WORKER_RELOC,,11,16,17,,1.6355424091812147,,,
WORKER_RELOC,,11,17,0,,10.488448100010357,,,
WORKER_RELOC,,11,17,1,,11.14324742551638,,,
WORKER_RELOC,,11,17,2,,6.037118719761452,,,
WORKER_RELOC,,11,17,3,,10.773947201102217,,,
WORKER_RELOC,,11,17,4,,8.536854433676352,,,
WORKER_RELOC,,11,17,5,,5.665372853832607,,,
WORKER_RELOC,,11,17,6,,5.474771076572832,,,
WORKER_RELOC,,11,17,7,,6.857417233442788,,,
WORKER_RELOC,,11,17,8,,10.684836560373643,,,
WORKER_RELOC,,11,17,9,,9.99897744344973,,,
WORKER_RELOC,,11,17,10,,11.76312918032707,,,
WORKER_RELOC,,11,17,11,,6.565309591928726,,,
WORKER_RELOC,,11,17,12,,5.5077012734257575,,,
WORKER_RELOC,,11,17,13,,7.175692875934446,,,
WORKER_RELOC,,11,17,14,,8.278893647272714,,,
WORKER_RELOC,,11,17,15,,3.538278730785592,,,
WORKER_RELOC,,11,17,16,,3.3091241439331256,,,
WORKER_RELOC,,11,17,17,,0.0,,,
ROBOT_RELOC,,0,0,0,,0.0,,,
ROBOT_RELOC,,0,0,1,,3.0725961149567955,,,
ROBOT_RELOC,,0,0,2,,9.438691717295345,,,
ROBOT_RELOC,,0,0,3,,8.265081310434422,,,
ROBOT_RELOC,,0,0,4,,5.698771506768432,,,
ROBOT_RELOC,,0,0,5,,4.812098891983128,,,
ROBOT_RELOC,,0,0,6,,8.714562404958166,,,
ROBOT_RELOC,,0,0,7,,6.0675530874724295,,,
ROBOT_RELOC,,0,0,8,,11.175297087694263,,,
ROBOT_RELOC,,0,0,9,,7.384341544565259,,,
ROBOT_RELOC,,0,0,10,,6.7806861881467855,,,
ROBOT_RELOC,,0,0,11,,8.663429984452874,,,
ROBOT_RELOC,,0,0,12,,5.705140844101553,,,
ROBOT_RELOC,,0,0,13,,10.203050822519538,,,
ROBOT_RELOC,,0,0,14,,9.503690629751985,,,
ROBOT_RELOC,,0,0,15,,7.725517329201195,,,
ROBOT_RELOC,,0,0,16,,4.864580093877213,,,
ROBOT_RELOC,,0,0,17,,5.87886548844616,,,
ROBOT_RELOC,,0,1,0,,2.469511770035976,,,
ROBOT_RELOC,,0,1,1,,0.0,,,
ROBOT_RELOC,,0,1,2,,6.764658763510172,,,
ROBOT_RELOC,,0,1,3,,8.432366131530115,,,
ROBOT_RELOC,,0,1,4,,9.113415028283748,,,
ROBOT_RELOC,,0,1,5,,11.46117240066507,,,
ROBOT_RELOC,,0,1,6,,8.00826650327192,,,
ROBOT_RELOC,,0,1,7,,10.488561483011052,,,
ROBOT_RELOC,,0,1,8,,8.901169941361093,,,
ROBOT_RELOC,,0,1,9,,9.028857226415811,,,
ROBOT_RELOC,,0,1,10,,9.90056986333656,,,
ROBOT_RELOC,,0,1,11,,9.654104185967746,,,
ROBOT_RELOC,,0,1,12,,9.393724322442552,,,
ROBOT_RELOC,,0,1,13,,5.931107388491518,,,
ROBOT_RELOC,,0,1,14,,10.142615671967164,,,
ROBOT_RELOC,,0,1,15,,6.869143404041022,,,
ROBOT_RELOC,,0,1,16,,9.831515637896294,,,
ROBOT_RELOC,,0,1,17,,11.22023398626066,,,
ROBOT_RELOC,,0,2,0,,8.807604965728471,,,
ROBOT_RELOC,,0,2,1,,11.912175509031927,,,
ROBOT_RELOC,,0,2,2,,0.0,,,
ROBOT_RELOC,,0,2,3,,5.3400511992667195,,,
ROBOT_RELOC,,0,2,4,,5.50891322851175,,,
ROBOT_RELOC,,0,2,5,,4.682654416957782,,,
ROBOT_RELOC,,0,2,6,,4.779684423764326,,,
ROBOT_RELOC,,0,2,7,,6.443906966861294,,,
ROBOT_RELOC,,0,2,8,,9.867542931775219,,,
ROBOT_RELOC,,0,2,9,,5.283031863633132,,,
ROBOT_RELOC,,0,2,10,,4.717035970008192,,,
ROBOT_RELOC,,0,2,11,,5.457575780704853,,,
ROBOT_RELOC,,0,2,12,,10.009039403510437,,,
ROBOT_RELOC,,0,2,13,,7.483108686486283,,,
ROBOT_RELOC,,0,2,14,,7.935378239320308,,,
ROBOT_RELOC,,0,2,15,,10.904815946942003,,,
ROBOT_RELOC,,0,2,16,,8.752225853897766,,,
ROBOT_RELOC,,0,2,17,,8.697896592801694,,,
ROBOT_RELOC,,0,3,0,,11.287691938680178,,,
ROBOT_RELOC,,0,3,1,,10.03199324759439,,,
ROBOT_RELOC,,0,3,2,,6.5793708471383034,,,
ROBOT_RELOC,,0,3,3,,0.0,,,
ROBOT_RELOC,,0,3,4,,3.593469648400139,,,
ROBOT_RELOC,,0,3,5,,2.214734136189574,,,
ROBOT_RELOC,,0,3,6,,10.392504267472026,,,
ROBOT_RELOC,,0,3,7,,7.13892807809672,,,
ROBOT_RELOC,,0,3,8,,10.647910974657279,,,
ROBOT_RELOC,,0,3,9,,8.884398323301848,,,
ROBOT_RELOC,,0,3,10,,10.486153103488661,,,
ROBOT_RELOC,,0,3,11,,6.0660495000809345,,,
ROBOT_RELOC,,0,3,12,,5.835373731317551,,,
ROBOT_RELOC,,0,3,13,,7.045687142128562,,,
ROBOT_RELOC,,0,3,14,,10.421596630616792,,,
ROBOT_RELOC,,0,3,15,,11.136616221235935,,,
ROBOT_RELOC,,0,3,16,,7.745592986116593,,,
ROBOT_RELOC,,0,3,17,,9.502187550413055,,,
ROBOT_RELOC,,0,4,0,,7.454213504170458,,,
ROBOT_RELOC,,0,4,1,,10.786030041732264,,,
ROBOT_RELOC,,0,4,2,,9.551921767479797,,,
ROBOT_RELOC,,0,4,3,,4.37287527049443,,,
ROBOT_RELOC,,0,4,4,,0.0,,,
ROBOT_RELOC,,0,4,5,,3.5981337907487805,,,
ROBOT_RELOC,,0,4,6,,9.243607579665719,,,
ROBOT_RELOC,,0,4,7,,5.521673345042643,,,
ROBOT_RELOC,,0,4,8,,8.517125673373084,,,
ROBOT_RELOC,,0,4,9,,11.974205593149682,,,
ROBOT_RELOC,,0,4,10,,5.85152747484916,,,
ROBOT_RELOC,,0,4,11,,6.70733752149432,,,
ROBOT_RELOC,,0,4,12,,8.59881535267693,,,
ROBOT_RELOC,,0,4,13,,8.670146064936292,,,
ROBOT_RELOC,,0,4,14,,6.7346629172534636,,,
ROBOT_RELOC,,0,4,15,,10.196991910128826,,,
ROBOT_RELOC,,0,4,16,,10.817828563371778,,,
ROBOT_RELOC,,0,4,17,,10.03804326925897,,,
ROBOT_RELOC,,0,5,0,,8.395683559982732,,,
ROBOT_RELOC,,0,5,1,,7.482157706367929,,,
ROBOT_RELOC,,0,5,2,,8.542538527164675,,,
ROBOT_RELOC,,0,5,3,,3.1345833411942943,,,
ROBOT_RELOC,,0,5,4,,3.3873376133661357,,,
ROBOT_RELOC,,0,5,5,,0.0,,,
ROBOT_RELOC,,0,5,6,,11.235615228046328,,,
ROBOT_RELOC,,0,5,7,,8.399256218483728,,,
ROBOT_RELOC,,0,5,8,,11.574348082167116,,,
ROBOT_RELOC,,0,5,9,,6.117047647446823,,,
ROBOT_RELOC,,0,5,10,,4.720378105843626,,,
ROBOT_RELOC,,0,5,11,,5.044195353627638,,,
ROBOT_RELOC,,0,5,12,,10.793688236078303,,,
ROBOT_RELOC,,0,5,13,,6.514842623590992,,,
ROBOT_RELOC,,0,5,14,,9.085177496307947,,,
ROBOT_RELOC,,0,5,15,,8.897083569610015,,,
ROBOT_RELOC,,0,5,16,,10.766899554076499,,,
ROBOT_RELOC,,0,5,17,,10.231074676639409,,,
ROBOT_RELOC,,0,6,0,,10.379700160922205,,,
ROBOT_RELOC,,0,6,1,,10.033378312728814,,,
ROBOT_RELOC,,0,6,2,,7.38413830201339,,,
ROBOT_RELOC,,0,6,3,,10.09895103267766,,,
ROBOT_RELOC,,0,6,4,,5.124748718937514,,,
ROBOT_RELOC,,0,6,5,,6.965646770293617,,,
ROBOT_RELOC,,0,6,6,,0.0,,,
ROBOT_RELOC,,0,6,7,,6.688254472670676,,,
ROBOT_RELOC,,0,6,8,,5.39085563941552,,,
ROBOT_RELOC,,0,6,9,,7.242369564674963,,,
ROBOT_RELOC,,0,6,10,,4.902713480006226,,,
ROBOT_RELOC,,0,6,11,,6.5204456760102385,,,
ROBOT_RELOC,,0,6,12,,8.071241221088435,,,
ROBOT_RELOC,,0,6,13,,8.469720275791884,,,
ROBOT_RELOC,,0,6,14,,6.96815637263123,,,
ROBOT_RELOC,,0,6,15,,8.423093646945434,,,
ROBOT_RELOC,,0,6,16,,7.372563450444,,,
ROBOT_RELOC,,0,6,17,,5.519216517540441,,,
ROBOT_RELOC,,0,7,0,,8.899049449299673,,,
ROBOT_RELOC,,0,7,1,,9.267699809527723,,,
ROBOT_RELOC,,0,7,2,,7.588994510799575,,,
ROBOT_RELOC,,0,7,3,,10.750897199644253,,,
ROBOT_RELOC,,0,7,4,,4.718084497680595,,,
ROBOT_RELOC,,0,7,5,,10.472255175187115,,,
ROBOT_RELOC,,0,7,6,,7.266919188769494,,,
ROBOT_RELOC,,0,7,7,,0.0,,,
ROBOT_RELOC,,0,7,8,,1.5680632248908704,,,
ROBOT_RELOC,,0,7,9,,2.54381999836974,,,
ROBOT_RELOC,,0,7,10,,9.744153778205131,,,
ROBOT_RELOC,,0,7,11,,8.11964391228821,,,
ROBOT_RELOC,,0,7,12,,5.9045064865038235,,,
ROBOT_RELOC,,0,7,13,,6.215699200992202,,,
ROBOT_RELOC,,0,7,14,,11.296181584549569,,,
ROBOT_RELOC,,0,7,15,,5.1494330859865585,,,
ROBOT_RELOC,,0,7,16,,11.690849483128083,,,
ROBOT_RELOC,,0,7,17,,9.251695501493835,,,
ROBOT_RELOC,,0,8,0,,9.401166688935085,,,
ROBOT_RELOC,,0,8,1,,10.083951960499288,,,
ROBOT_RELOC,,0,8,2,,11.191909998965073,,,
ROBOT_RELOC,,0,8,3,,9.360112891624736,,,
ROBOT_RELOC,,0,8,4,,10.252551636160419,,,
ROBOT_RELOC,,0,8,5,,9.272359721923326,,,
ROBOT_RELOC,,0,8,6,,7.608420001499836,,,
ROBOT_RELOC,,0,8,7,,3.417958719083871,,,
ROBOT_RELOC,,0,8,8,,0.0,,,
ROBOT_RELOC,,0,8,9,,3.3446421205807875,,,
ROBOT_RELOC,,0,8,10,,6.523830499066035,,,
ROBOT_RELOC,,0,8,11,,11.548621553545079,,,
ROBOT_RELOC,,0,8,12,,10.180966185109286,,,
ROBOT_RELOC,,0,8,13,,5.654040612013564,,,
ROBOT_RELOC,,0,8,14,,5.503522792532493,,,
ROBOT_RELOC,,0,8,15,,9.63074348586497,,,
ROBOT_RELOC,,0,8,16,,5.625908786890415,,,
ROBOT_RELOC,,0,8,17,,9.811581857575984,,,
ROBOT_RELOC,,0,9,0,,6.371158746207353,,,
ROBOT_RELOC,,0,9,1,,7.872349052844086,,,
ROBOT_RELOC,,0,9,2,,8.367858475543194,,,
ROBOT_RELOC,,0,9,3,,4.875947569737854,,,
ROBOT_RELOC,,0,9,4,,11.06278202695822,,,
ROBOT_RELOC,,0,9,5,,5.7772803397026715,,,
ROBOT_RELOC,,0,9,6,,10.459336305565472,,,
ROBOT_RELOC,,0,9,7,,3.333394891648063,,,
ROBOT_RELOC,,0,9,8,,1.793507258848131,,,
ROBOT_RELOC,,0,9,9,,0.0,,,
ROBOT_RELOC,,0,9,10,,5.029863073604294,,,
ROBOT_RELOC,,0,9,11,,10.412805741548725,,,
ROBOT_RELOC,,0,9,12,,8.474616573610627,,,
ROBOT_RELOC,,0,9,13,,7.434996491191882,,,
ROBOT_RELOC,,0,9,14,,11.202519589039014,,,
ROBOT_RELOC,,0,9,15,,5.001722665559342,,,
ROBOT_RELOC,,0,9,16,,5.347762883990109,,,
ROBOT_RELOC,,0,9,17,,7.8703529021483885,,,
ROBOT_RELOC,,0,10,0,,6.662552699205474,,,
ROBOT_RELOC,,0,10,1,,7.192891291832285,,,
ROBOT_RELOC,,0,10,2,,6.756414792461652,,,
ROBOT_RELOC,,0,10,3,,9.151718981895284,,,
ROBOT_RELOC,,0,10,4,,9.831612309142264,,,
ROBOT_RELOC,,0,10,5,,10.968115371097383,,,
ROBOT_RELOC,,0,10,6,,7.52950344263144,,,
ROBOT_RELOC,,0,10,7,,4.909609024899941,,,
ROBOT_RELOC,,0,10,8,,4.835467263800283,,,
ROBOT_RELOC,,0,10,9,,6.1849403666333895,,,
ROBOT_RELOC,,0,10,10,,0.0,,,
ROBOT_RELOC,,0,10,11,,3.2172957865581147,,,
ROBOT_RELOC,,0,10,12,,2.3685651395958174,,,
ROBOT_RELOC,,0,10,13,,8.098891024342798,,,
ROBOT_RELOC,,0,10,14,,6.870934793535557,,,
ROBOT_RELOC,,0,10,15,,4.921310795875383,,,
ROBOT_RELOC,,0,10,16,,8.882712803224837,,,
ROBOT_RELOC,,0,10,17,,5.5518058743592915,,,
ROBOT_RELOC,,0,11,0,,7.442750955645988,,,
ROBOT_RELOC,,0,11,1,,11.342957514801618,,,
ROBOT_RELOC,,0,11,2,,11.772971048516773,,,
ROBOT_RELOC,,0,11,3,,9.76328305786476,,,
ROBOT_RELOC,,0,11,4,,5.407359610556066,,,
ROBOT_RELOC,,0,11,5,,7.670444738587639,,,
ROBOT_RELOC,,0,11,6,,6.880558476280423,,,
ROBOT_RELOC,,0,11,7,,4.78859289448388,,,
ROBOT_RELOC,,0,11,8,,8.176124173711939,,,
ROBOT_RELOC,,0,11,9,,8.591245219223019,,,
ROBOT_RELOC,,0,11,10,,3.76059905587003,,,
ROBOT_RELOC,,0,11,11,,0.0,,,
ROBOT_RELOC,,0,11,12,,4.139581117705704,,,
ROBOT_RELOC,,0,11,13,,9.1032956368192,,,
ROBOT_RELOC,,0,11,14,,7.775330550304864,,,
ROBOT_RELOC,,0,11,15,,5.409835997523048,,,
ROBOT_RELOC,,0,11,16,,7.016386157814901,,,
ROBOT_RELOC,,0,11,17,,6.752885355666406,,,
ROBOT_RELOC,,0,12,0,,6.296772962716166,,,
ROBOT_RELOC,,0,12,1,,5.734566463527542,,,
ROBOT_RELOC,,0,12,2,,6.246463044358621,,,
ROBOT_RELOC,,0,12,3,,7.21928844435728,,,
ROBOT_RELOC,,0,12,4,,4.622701573729769,,,
ROBOT_RELOC,,0,12,5,,11.975715397881697,,,
ROBOT_RELOC,,0,12,6,,7.305947369952877,,,
ROBOT_RELOC,,0,12,7,,9.469793020210119,,,
ROBOT_RELOC,,0,12,8,,5.231815756400277,,,
ROBOT_RELOC,,0,12,9,,10.27139524109974,,,
ROBOT_RELOC,,0,12,10,,2.443219268832357,,,
ROBOT_RELOC,,0,12,11,,2.9793156132147396,,,
ROBOT_RELOC,,0,12,12,,0.0,,,
ROBOT_RELOC,,0,12,13,,11.69106265232369,,,
ROBOT_RELOC,,0,12,14,,6.510280576447054,,,
ROBOT_RELOC,,0,12,15,,6.726949104184258,,,
ROBOT_RELOC,,0,12,16,,9.067646245366696,,,
ROBOT_RELOC,,0,12,17,,6.78109577121671,,,
ROBOT_RELOC,,0,13,0,,6.005153846178544,,,
ROBOT_RELOC,,0,13,1,,10.397601409542201,,,
ROBOT_RELOC,,0,13,2,,8.893298224934586,,,
ROBOT_RELOC,,0,13,3,,9.597609422087586,,,
ROBOT_RELOC,,0,13,4,,7.352424943867087,,,
ROBOT_RELOC,,0,13,5,,9.109580343242948,,,
ROBOT_RELOC,,0,13,6,,4.744011624822455,,,
ROBOT_RELOC,,0,13,7,,11.138375607341908,,,
ROBOT_RELOC,,0,13,8,,5.425675164837418,,,
ROBOT_RELOC,,0,13,9,,5.454595288812442,,,
ROBOT_RELOC,,0,13,10,,11.4283053808186,,,
ROBOT_RELOC,,0,13,11,,8.216617936178022,,,
ROBOT_RELOC,,0,13,12,,10.404408832866832,,,
ROBOT_RELOC,,0,13,13,,0.0,,,
ROBOT_RELOC,,0,13,14,,2.184577176188388,,,
ROBOT_RELOC,,0,13,15,,6.435507254538982,,,
ROBOT_RELOC,,0,13,16,,6.283466662448911,,,
ROBOT_RELOC,,0,13,17,,10.121278047707666,,,
ROBOT_RELOC,,0,14,0,,11.499341249814895,,,
ROBOT_RELOC,,0,14,1,,6.390816891851118,,,
ROBOT_RELOC,,0,14,2,,10.121067460148563,,,
ROBOT_RELOC,,0,14,3,,9.96915448714402,,,
ROBOT_RELOC,,0,14,4,,6.650748136535869,,,
ROBOT_RELOC,,0,14,5,,8.49521059252005,,,
ROBOT_RELOC,,0,14,6,,11.76765495502491,,,
ROBOT_RELOC,,0,14,7,,9.585170907832413,,,
ROBOT_RELOC,,0,14,8,,9.181510304593619,,,
ROBOT_RELOC,,0,14,9,,8.869390001172315,,,
ROBOT_RELOC,,0,14,10,,11.633156656093849,,,
ROBOT_RELOC,,0,14,11,,6.812112784424675,,,
ROBOT_RELOC,,0,14,12,,8.529237211638293,,,
ROBOT_RELOC,,0,14,13,,4.27436449516501,,,
ROBOT_RELOC,,0,14,14,,0.0,,,
ROBOT_RELOC,,0,14,15,,6.666233273347706,,,
ROBOT_RELOC,,0,14,16,,11.833906142985104,,,
ROBOT_RELOC,,0,14,17,,7.589764999183709,,,
ROBOT_RELOC,,0,15,0,,10.51501378600221,,,
ROBOT_RELOC,,0,15,1,,6.654530859281243,,,
ROBOT_RELOC,,0,15,2,,5.132839984971993,,,
ROBOT_RELOC,,0,15,3,,8.565787232555664,,,
ROBOT_RELOC,,0,15,4,,10.581168610348843,,,
ROBOT_RELOC,,0,15,5,,10.211718433081565,,,
ROBOT_RELOC,,0,15,6,,10.914411503002787,,,
ROBOT_RELOC,,0,15,7,,9.6049869263599,,,
ROBOT_RELOC,,0,15,8,,6.3341138401780555,,,
ROBOT_RELOC,,0,15,9,,11.703265633070425,,,
ROBOT_RELOC,,0,15,10,,8.090634798025512,,,
ROBOT_RELOC,,0,15,11,,7.142006028965196,,,
ROBOT_RELOC,,0,15,12,,7.23136621768662,,,
ROBOT_RELOC,,0,15,13,,5.262127377941597,,,
ROBOT_RELOC,,0,15,14,,7.4735649246115825,,,
ROBOT_RELOC,,0,15,15,,0.0,,,
ROBOT_RELOC,,0,15,16,,2.7912433191945905,,,
ROBOT_RELOC,,0,15,17,,3.8162911136538735,,,
ROBOT_RELOC,,0,16,0,,10.819157740746565,,,
ROBOT_RELOC,,0,16,1,,6.089566892722138,,,
ROBOT_RELOC,,0,16,2,,6.663753675887744,,,
ROBOT_RELOC,,0,16,3,,5.273095482684784,,,
ROBOT_RELOC,,0,16,4,,6.869220625735085,,,
ROBOT_RELOC,,0,16,5,,5.725693505109055,,,
ROBOT_RELOC,,0,16,6,,6.750481215155577,,,
ROBOT_RELOC,,0,16,7,,6.799373372044796,,,
ROBOT_RELOC,,0,16,8,,7.622518477883281,,,
ROBOT_RELOC,,0,16,9,,7.300027912718881,,,
ROBOT_RELOC,,0,16,10,,4.5601273324405485,,,
ROBOT_RELOC,,0,16,11,,9.284481162181798,,,
ROBOT_RELOC,,0,16,12,,10.824923562944075,,,
ROBOT_RELOC,,0,16,13,,9.298248932174914,,,
ROBOT_RELOC,,0,16,14,,10.67274834167055,,,
ROBOT_RELOC,,0,16,15,,2.693640109707219,,,
ROBOT_RELOC,,0,16,16,,0.0,,,
ROBOT_RELOC,,0,16,17,,4.163311276748176,,,
ROBOT_RELOC,,0,17,0,,5.878146108418492,,,
ROBOT_RELOC,,0,17,1,,11.494312498365778,,,
ROBOT_RELOC,,0,17,2,,8.212159382118486,,,
ROBOT_RELOC,,0,17,3,,9.304158701862363,,,
ROBOT_RELOC,,0,17,4,,9.870980287160062,,,
ROBOT_RELOC,,0,17,5,,11.462278791153173,,,
ROBOT_RELOC,,0,17,6,,7.406348709742566,,,
ROBOT_RELOC,,0,17,7,,9.757370750982265,,,
ROBOT_RELOC,,0,17,8,,9.37219857567471,,,
ROBOT_RELOC,,0,17,9,,7.760515437596456,,,
ROBOT_RELOC,,0,17,10,,9.738739933475447,,,
ROBOT_RELOC,,0,17,11,,8.624478068383581,,,
ROBOT_RELOC,,0,17,12,,8.791390923532344,,,
ROBOT_RELOC,,0,17,13,,10.069796413104498,,,
ROBOT_RELOC,,0,17,14,,6.993865764729618,,,
ROBOT_RELOC,,0,17,15,,4.447950418663639,,,
ROBOT_RELOC,,0,17,16,,3.030159021091883,,,
ROBOT_RELOC,,0,17,17,,0.0,,,
ROBOT_RELOC,,1,0,0,,0.0,,,
ROBOT_RELOC,,1,0,1,,4.08912811402373,,,
ROBOT_RELOC,,1,0,2,,8.47428077547604,,,
ROBOT_RELOC,,1,0,3,,6.6483780883436285,,,
ROBOT_RELOC,,1,0,4,,6.047385523951416,,,
ROBOT_RELOC,,1,0,5,,8.11924018528596,,,
ROBOT_RELOC,,1,0,6,,11.301809226561831,,,
ROBOT_RELOC,,1,0,7,,5.014297086623375,,,
ROBOT_RELOC,,1,0,8,,11.256934490915114,,,
ROBOT_RELOC,,1,0,9,,9.227741341942291,,,
ROBOT_RELOC,,1,0,10,,11.097838810873714,,,
ROBOT_RELOC,,1,0,11,,9.152325686168187,,,
ROBOT_RELOC,,1,0,12,,10.634254972679086,,,
ROBOT_RELOC,,1,0,13,,11.268302911018724,,,
ROBOT_RELOC,,1,0,14,,4.859532224808495,,,
ROBOT_RELOC,,1,0,15,,9.47486048573689,,,
ROBOT_RELOC,,1,0,16,,11.878864500652714,,,
ROBOT_RELOC,,1,0,17,,6.757696433535115,,,
ROBOT_RELOC,,1,1,0,,3.941619754144125,,,
ROBOT_RELOC,,1,1,1,,0.0,,,
ROBOT_RELOC,,1,1,2,,11.165899773085032,,,
ROBOT_RELOC,,1,1,3,,6.474345428652749,,,
ROBOT_RELOC,,1,1,4,,9.148069846189046,,,
ROBOT_RELOC,,1,1,5,,8.857073294678095,,,
ROBOT_RELOC,,1,1,6,,7.7797939590414025,,,
ROBOT_RELOC,,1,1,7,,10.851702990406213,,,
ROBOT_RELOC,,1,1,8,,6.45660045466073,,,
ROBOT_RELOC,,1,1,9,,6.354054341921835,,,
ROBOT_RELOC,,1,1,10,,10.827623118017732,,,
ROBOT_RELOC,,1,1,11,,7.014842735314547,,,
ROBOT_RELOC,,1,1,12,,11.858394829495776,,,
ROBOT_RELOC,,1,1,13,,5.382736358337762,,,
ROBOT_RELOC,,1,1,14,,4.630216816521572,,,
ROBOT_RELOC,,1,1,15,,10.03452086228561,,,
ROBOT_RELOC,,1,1,16,,10.424525383194174,,,
ROBOT_RELOC,,1,1,17,,8.14215687257249,,,
ROBOT_RELOC,,1,2,0,,8.281671778635513,,,
ROBOT_RELOC,,1,2,1,,5.077937259873197,,,
ROBOT_RELOC,,1,2,2,,0.0,,,
ROBOT_RELOC,,1,2,3,,9.545342396306767,,,
ROBOT_RELOC,,1,2,4,,5.290497354264338,,,
ROBOT_RELOC,,1,2,5,,10.123444489311566,,,
ROBOT_RELOC,,1,2,6,,8.860719656039397,,,
ROBOT_RELOC,,1,2,7,,8.431956476366036,,,
ROBOT_RELOC,,1,2,8,,6.3196017766250625,,,
ROBOT_RELOC,,1,2,9,,10.858537453535622,,,
ROBOT_RELOC,,1,2,10,,4.545782732377484,,,
ROBOT_RELOC,,1,2,11,,6.525236274864593,,,
ROBOT_RELOC,,1,2,12,,11.575408306010253,,,
ROBOT_RELOC,,1,2,13,,8.670344533456122,,,
ROBOT_RELOC,,1,2,14,,4.868617196019931,,,
ROBOT_RELOC,,1,2,15,,4.896113375119275,,,
ROBOT_RELOC,,1,2,16,,11.004238408074206,,,
ROBOT_RELOC,,1,2,17,,8.75444521091927,,,
ROBOT_RELOC,,1,3,0,,11.411062697285299,,,
ROBOT_RELOC,,1,3,1,,11.887200006967422,,,
ROBOT_RELOC,,1,3,2,,9.18903889246392,,,
ROBOT_RELOC,,1,3,3,,0.0,,,
ROBOT_RELOC,,1,3,4,,3.534386532200912,,,
ROBOT_RELOC,,1,3,5,,2.0792088156562234,,,
ROBOT_RELOC,,1,3,6,,9.543298766101252,,,
ROBOT_RELOC,,1,3,7,,9.342239205609044,,,
ROBOT_RELOC,,1,3,8,,7.562356369242978,,,
ROBOT_RELOC,,1,3,9,,9.327327170887461,,,
ROBOT_RELOC,,1,3,10,,9.134068076990562,,,
ROBOT_RELOC,,1,3,11,,7.766107503093378,,,
ROBOT_RELOC,,1,3,12,,6.009850538394081,,,
ROBOT_RELOC,,1,3,13,,8.211830897212922,,,
ROBOT_RELOC,,1,3,14,,5.372081357655416,,,
ROBOT_RELOC,,1,3,15,,5.866466064715902,,,
ROBOT_RELOC,,1,3,16,,8.863643336414658,,,
ROBOT_RELOC,,1,3,17,,4.980212033189952,,,
ROBOT_RELOC,,1,4,0,,8.133170149121161,,,
ROBOT_RELOC,,1,4,1,,6.416124753587267,,,
ROBOT_RELOC,,1,4,2,,4.715053554411705,,,
ROBOT_RELOC,,1,4,3,,4.249904480670864,,,
ROBOT_RELOC,,1,4,4,,0.0,,,
ROBOT_RELOC,,1,4,5,,2.551634353279203,,,
ROBOT_RELOC,,1,4,6,,7.023028680233127,,,
ROBOT_RELOC,,1,4,7,,11.611818186793714,,,
ROBOT_RELOC,,1,4,8,,6.25942258632947,,,
ROBOT_RELOC,,1,4,9,,7.249438775945132,,,
ROBOT_RELOC,,1,4,10,,7.48598590933824,,,
ROBOT_RELOC,,1,4,11,,11.210068232776425,,,
ROBOT_RELOC,,1,4,12,,8.376849249558177,,,
ROBOT_RELOC,,1,4,13,,7.653567133907311,,,
ROBOT_RELOC,,1,4,14,,5.992420765115771,,,
ROBOT_RELOC,,1,4,15,,6.942541760917922,,,
ROBOT_RELOC,,1,4,16,,9.004937549904993,,,
ROBOT_RELOC,,1,4,17,,8.019404464610298,,,
ROBOT_RELOC,,1,5,0,,6.713933000824953,,,
ROBOT_RELOC,,1,5,1,,7.3494106355012025,,,
ROBOT_RELOC,,1,5,2,,6.217677537250003,,,
ROBOT_RELOC,,1,5,3,,2.9540277540803337,,,
ROBOT_RELOC,,1,5,4,,2.912141666649469,,,
ROBOT_RELOC,,1,5,5,,0.0,,,
ROBOT_RELOC,,1,5,6,,9.638260497026836,,,
ROBOT_RELOC,,1,5,7,,11.930255020045188,,,
ROBOT_RELOC,,1,5,8,,11.423363367927674,,,
ROBOT_RELOC,,1,5,9,,8.68832563839463,,,
ROBOT_RELOC,,1,5,10,,9.131647157761819,,,
ROBOT_RELOC,,1,5,11,,4.734900377847634,,,
ROBOT_RELOC,,1,5,12,,6.432238446816514,,,
ROBOT_RELOC,,1,5,13,,11.792839469580727,,,
ROBOT_RELOC,,1,5,14,,10.086075077560569,,,
ROBOT_RELOC,,1,5,15,,6.761184838835579,,,
ROBOT_RELOC,,1,5,16,,9.81459556768749,,,
ROBOT_RELOC,,1,5,17,,9.902355594752745,,,
ROBOT_RELOC,,1,6,0,,8.779440774651311,,,
ROBOT_RELOC,,1,6,1,,5.7279227808485285,,,
ROBOT_RELOC,,1,6,2,,6.0780570920462385,,,
ROBOT_RELOC,,1,6,3,,5.104511708624893,,,
ROBOT_RELOC,,1,6,4,,8.545147425285949,,,
ROBOT_RELOC,,1,6,5,,7.812718742996854,,,
ROBOT_RELOC,,1,6,6,,0.0,,,
ROBOT_RELOC,,1,6,7,,5.12350893727716,,,
ROBOT_RELOC,,1,6,8,,5.474907877449019,,,
ROBOT_RELOC,,1,6,9,,5.239916077469596,,,
ROBOT_RELOC,,1,6,10,,5.787052443558085,,,
ROBOT_RELOC,,1,6,11,,5.134671021378533,,,
ROBOT_RELOC,,1,6,12,,7.873196059295082,,,
ROBOT_RELOC,,1,6,13,,8.827872295401473,,,
ROBOT_RELOC,,1,6,14,,9.34342579067769,,,
ROBOT_RELOC,,1,6,15,,5.828247715988711,,,
ROBOT_RELOC,,1,6,16,,10.42662415288767,,,
ROBOT_RELOC,,1,6,17,,8.498013649831643,,,
ROBOT_RELOC,,1,7,0,,9.722819400244465,,,
ROBOT_RELOC,,1,7,1,,9.838002186486602,,,
ROBOT_RELOC,,1,7,2,,5.263530742500124,,,
ROBOT_RELOC,,1,7,3,,11.419216469620487,,,
ROBOT_RELOC,,1,7,4,,8.864295531504258,,,
ROBOT_RELOC,,1,7,5,,6.258740731621916,,,
ROBOT_RELOC,,1,7,6,,4.689325159163264,,,
ROBOT_RELOC,,1,7,7,,0.0,,,
ROBOT_RELOC,,1,7,8,,2.8667023603551898,,,
ROBOT_RELOC,,1,7,9,,1.7718940627362088,,,
ROBOT_RELOC,,1,7,10,,6.250139554231389,,,
ROBOT_RELOC,,1,7,11,,11.109831184553283,,,
ROBOT_RELOC,,1,7,12,,10.415433175551152,,,
ROBOT_RELOC,,1,7,13,,10.857802748172109,,,
ROBOT_RELOC,,1,7,14,,5.888524011059398,,,
ROBOT_RELOC,,1,7,15,,5.52640887006129,,,
ROBOT_RELOC,,1,7,16,,6.672912131840221,,,
ROBOT_RELOC,,1,7,17,,11.659377270557018,,,
ROBOT_RELOC,,1,8,0,,5.88727930356475,,,
ROBOT_RELOC,,1,8,1,,7.626549219056486,,,
ROBOT_RELOC,,1,8,2,,6.6311784101272035,,,
ROBOT_RELOC,,1,8,3,,6.184377585241611,,,
ROBOT_RELOC,,1,8,4,,10.970634978218019,,,
ROBOT_RELOC,,1,8,5,,10.774776890253182,,,
ROBOT_RELOC,,1,8,6,,4.867199507801988,,,
ROBOT_RELOC,,1,8,7,,2.994058710927965,,,
ROBOT_RELOC,,1,8,8,,0.0,,,
ROBOT_RELOC,,1,8,9,,3.325439046132365,,,
ROBOT_RELOC,,1,8,10,,8.308029240408871,,,
ROBOT_RELOC,,1,8,11,,6.187016384584187,,,
ROBOT_RELOC,,1,8,12,,11.659298575681317,,,
ROBOT_RELOC,,1,8,13,,8.172905758512957,,,
ROBOT_RELOC,,1,8,14,,9.697321176218328,,,
ROBOT_RELOC,,1,8,15,,6.065030840528598,,,
ROBOT_RELOC,,1,8,16,,7.07477350576519,,,
ROBOT_RELOC,,1,8,17,,4.675754231931924,,,
ROBOT_RELOC,,1,9,0,,4.617977836127059,,,
ROBOT_RELOC,,1,9,1,,7.2367847589747205,,,
ROBOT_RELOC,,1,9,2,,5.379928915621026,,,
ROBOT_RELOC,,1,9,3,,6.941292382598702,,,
ROBOT_RELOC,,1,9,4,,10.251598445813148,,,
ROBOT_RELOC,,1,9,5,,5.764897061000705,,,
ROBOT_RELOC,,1,9,6,,8.05016854030915,,,
ROBOT_RELOC,,1,9,7,,4.23899439220763,,,
ROBOT_RELOC,,1,9,8,,2.7510282451247736,,,
ROBOT_RELOC,,1,9,9,,0.0,,,
ROBOT_RELOC,,1,9,10,,10.690073501231208,,,
ROBOT_RELOC,,1,9,11,,5.403815913245751,,,
ROBOT_RELOC,,1,9,12,,9.399476847188403,,,
ROBOT_RELOC,,1,9,13,,4.503605661748981,,,
ROBOT_RELOC,,1,9,14,,6.1366060784842995,,,
ROBOT_RELOC,,1,9,15,,9.642021650640224,,,
ROBOT_RELOC,,1,9,16,,8.797712220437978,,,
ROBOT_RELOC,,1,9,17,,5.548527974034723,,,
ROBOT_RELOC,,1,10,0,,6.709565312531506,,,
ROBOT_RELOC,,1,10,1,,4.537574313353414,,,
ROBOT_RELOC,,1,10,2,,7.8461846798072195,,,
ROBOT_RELOC,,1,10,3,,9.21237146484651,,,
ROBOT_RELOC,,1,10,4,,9.771447756122662,,,
ROBOT_RELOC,,1,10,5,,8.351717507903963,,,
ROBOT_RELOC,,1,10,6,,8.619731921102868,,,
ROBOT_RELOC,,1,10,7,,8.16276485520276,,,
ROBOT_RELOC,,1,10,8,,8.726414123759723,,,
ROBOT_RELOC,,1,10,9,,7.061142897902293,,,
ROBOT_RELOC,,1,10,10,,0.0,,,
ROBOT_RELOC,,1,10,11,,3.5658866342557016,,,
ROBOT_RELOC,,1,10,12,,4.050976757510896,,,
ROBOT_RELOC,,1,10,13,,7.967523688221759,,,
ROBOT_RELOC,,1,10,14,,8.229748466518927,,,
ROBOT_RELOC,,1,10,15,,7.310914011559822,,,
ROBOT_RELOC,,1,10,16,,10.564280596117058,,,
ROBOT_RELOC,,1,10,17,,11.948883855045974,,,
ROBOT_RELOC,,1,11,0,,11.254291031425174,,,
ROBOT_RELOC,,1,11,1,,11.279412618081784,,,
ROBOT_RELOC,,1,11,2,,9.393828853470286,,,
ROBOT_RELOC,,1,11,3,,9.708641880060878,,,
ROBOT_RELOC,,1,11,4,,8.945564423372714,,,
ROBOT_RELOC,,1,11,5,,7.67775919147737,,,
ROBOT_RELOC,,1,11,6,,10.047758812569903,,,
ROBOT_RELOC,,1,11,7,,8.848543802449619,,,
ROBOT_RELOC,,1,11,8,,10.810667825837541,,,
ROBOT_RELOC,,1,11,9,,10.913105688985361,,,
ROBOT_RELOC,,1,11,10,,2.8028150161495375,,,
ROBOT_RELOC,,1,11,11,,0.0,,,
ROBOT_RELOC,,1,11,12,,2.6450824304658065,,,
ROBOT_RELOC,,1,11,13,,7.94818201086132,,,
ROBOT_RELOC,,1,11,14,,5.386158793993642,,,
ROBOT_RELOC,,1,11,15,,8.51313312604074,,,
ROBOT_RELOC,,1,11,16,,6.588234182696361,,,
ROBOT_RELOC,,1,11,17,,5.296807396907509,,,
ROBOT_RELOC,,1,12,0,,7.184972622575463,,,
ROBOT_RELOC,,1,12,1,,5.12430435626774,,,
ROBOT_RELOC,,1,12,2,,9.22249652552952,,,
ROBOT_RELOC,,1,12,3,,9.185847065133103,,,
ROBOT_RELOC,,1,12,4,,9.477716523807038,,,
ROBOT_RELOC,,1,12,5,,7.4097236992285955,,,
ROBOT_RELOC,,1,12,6,,5.728439314762336,,,
ROBOT_RELOC,,1,12,7,,5.558761275594142,,,
ROBOT_RELOC,,1,12,8,,11.126047730240774,,,
ROBOT_RELOC,,1,12,9,,9.213324856476834,,,
ROBOT_RELOC,,1,12,10,,2.2386673258990673,,,
ROBOT_RELOC,,1,12,11,,3.185348348711945,,,
ROBOT_RELOC,,1,12,12,,0.0,,,
ROBOT_RELOC,,1,12,13,,8.364558170105106,,,
ROBOT_RELOC,,1,12,14,,10.771850618944107,,,
ROBOT_RELOC,,1,12,15,,9.610549422632504,,,
ROBOT_RELOC,,1,12,16,,8.880058067222672,,,
ROBOT_RELOC,,1,12,17,,6.282051753161289,,,
ROBOT_RELOC,,1,13,0,,11.15059353617548,,,
ROBOT_RELOC,,1,13,1,,9.16921742836464,,,
ROBOT_RELOC,,1,13,2,,7.789263459339475,,,
ROBOT_RELOC,,1,13,3,,5.8728105018858185,,,
ROBOT_RELOC,,1,13,4,,9.609765277264179,,,
ROBOT_RELOC,,1,13,5,,10.109138563853605,,,
ROBOT_RELOC,,1,13,6,,10.687318311123594,,,
ROBOT_RELOC,,1,13,7,,5.447234498850709,,,
ROBOT_RELOC,,1,13,8,,10.459344683429881,,,
ROBOT_RELOC,,1,13,9,,6.354478883919006,,,
ROBOT_RELOC,,1,13,10,,9.49070019874675,,,
ROBOT_RELOC,,1,13,11,,9.163543198602854,,,
ROBOT_RELOC,,1,13,12,,6.943867991485123,,,
ROBOT_RELOC,,1,13,13,,0.0,,,
ROBOT_RELOC,,1,13,14,,2.770429112158502,,,
ROBOT_RELOC,,1,13,15,,7.379045049670244,,,
ROBOT_RELOC,,1,13,16,,9.890762415161154,,,
ROBOT_RELOC,,1,13,17,,6.87656350777635,,,
ROBOT_RELOC,,1,14,0,,5.867992932193475,,,
ROBOT_RELOC,,1,14,1,,6.460048690954178,,,
ROBOT_RELOC,,1,14,2,,11.125647192044562,,,
ROBOT_RELOC,,1,14,3,,9.02070318269552,,,
ROBOT_RELOC,,1,14,4,,10.197630807863824,,,
ROBOT_RELOC,,1,14,5,,5.452083173288215,,,
ROBOT_RELOC,,1,14,6,,10.168334027999942,,,
ROBOT_RELOC,,1,14,7,,6.164641436046388,,,
ROBOT_RELOC,,1,14,8,,5.087918046287138,,,
ROBOT_RELOC,,1,14,9,,5.735392445161055,,,
ROBOT_RELOC,,1,14,10,,11.428438510360298,,,
ROBOT_RELOC,,1,14,11,,5.064325716171686,,,
ROBOT_RELOC,,1,14,12,,5.547575273581695,,,
ROBOT_RELOC,,1,14,13,,4.36547785759808,,,
ROBOT_RELOC,,1,14,14,,0.0,,,
ROBOT_RELOC,,1,14,15,,8.243851137019654,,,
ROBOT_RELOC,,1,14,16,,10.64039971087081,,,
ROBOT_RELOC,,1,14,17,,6.136866970270642,,,
ROBOT_RELOC,,1,15,0,,10.617972221124653,,,
ROBOT_RELOC,,1,15,1,,5.212180105882957,,,
ROBOT_RELOC,,1,15,2,,10.195132282383394,,,
ROBOT_RELOC,,1,15,3,,8.153518784875406,,,
ROBOT_RELOC,,1,15,4,,8.41699084963964,,,
ROBOT_RELOC,,1,15,5,,8.1741389350192,,,
ROBOT_RELOC,,1,15,6,,9.905613217666913,,,
ROBOT_RELOC,,1,15,7,,6.4722365386513685,,,
ROBOT_RELOC,,1,15,8,,5.342085176583163,,,
ROBOT_RELOC,,1,15,9,,7.886278120629568,,,
ROBOT_RELOC,,1,15,10,,9.367956563570871,,,
ROBOT_RELOC,,1,15,11,,9.180200330155099,,,
ROBOT_RELOC,,1,15,12,,8.462257013951747,,,
ROBOT_RELOC,,1,15,13,,8.101808766875545,,,
ROBOT_RELOC,,1,15,14,,7.488582125920397,,,
ROBOT_RELOC,,1,15,15,,0.0,,,
ROBOT_RELOC,,1,15,16,,3.6825843539691085,,,
ROBOT_RELOC,,1,15,17,,4.121688447911133,,,
ROBOT_RELOC,,1,16,0,,11.476971866769459,,,
ROBOT_RELOC,,1,16,1,,9.090887199193613,,,
ROBOT_RELOC,,1,16,2,,7.1993472677496335,,,
ROBOT_RELOC,,1,16,3,,9.929907449862927,,,
ROBOT_RELOC,,1,16,4,,7.6321602453078885,,,
ROBOT_RELOC,,1,16,5,,6.557573020389729,,,
ROBOT_RELOC,,1,16,6,,6.027847007540704,,,
ROBOT_RELOC,,1,16,7,,5.219843982235193,,,
ROBOT_RELOC,,1,16,8,,10.6626575831072,,,
ROBOT_RELOC,,1,16,9,,11.380561985782226,,,
ROBOT_RELOC,,1,16,10,,7.320496938272836,,,
ROBOT_RELOC,,1,16,11,,8.43966023926824,,,
ROBOT_RELOC,,1,16,12,,11.400857946414083,,,
ROBOT_RELOC,,1,16,13,,8.911425101316253,,,
ROBOT_RELOC,,1,16,14,,7.220272389134306,,,
ROBOT_RELOC,,1,16,15,,2.0172178721772025,,,
ROBOT_RELOC,,1,16,16,,0.0,,,
ROBOT_RELOC,,1,16,17,,1.9598693456403011,,,
ROBOT_RELOC,,1,17,0,,9.301076055776896,,,
ROBOT_RELOC,,1,17,1,,7.611771507620216,,,
ROBOT_RELOC,,1,17,2,,6.1512954402315,,,
ROBOT_RELOC,,1,17,3,,6.555370737819651,,,
ROBOT_RELOC,,1,17,4,,5.665507423783367,,,
ROBOT_RELOC,,1,17,5,,7.462200511274013,,,
ROBOT_RELOC,,1,17,6,,11.550383851165442,,,
ROBOT_RELOC,,1,17,7,,6.831426262587694,,,
ROBOT_RELOC,,1,17,8,,10.42244584951559,,,
ROBOT_RELOC,,1,17,9,,6.523338422815976,,,
ROBOT_RELOC,,1,17,10,,6.940980510869676,,,
ROBOT_RELOC,,1,17,11,,10.41938632343645,,,
ROBOT_RELOC,,1,17,12,,11.928735591424712,,,
ROBOT_RELOC,,1,17,13,,8.272892465165537,,,
ROBOT_RELOC,,1,17,14,,8.762030376779066,,,
ROBOT_RELOC,,1,17,15,,2.8181352511638162,,,
ROBOT_RELOC,,1,17,16,,3.3344823499122542,,,
ROBOT_RELOC,,1,17,17,,0.0,,,
ROBOT_RELOC,,2,0,0,,0.0,,,
ROBOT_RELOC,,2,0,1,,2.1310776487226963,,,
ROBOT_RELOC,,2,0,2,,6.62740872204533,,,
ROBOT_RELOC,,2,0,3,,7.320515696523108,,,
ROBOT_RELOC,,2,0,4,,10.067509538386725,,,
ROBOT_RELOC,,2,0,5,,8.184248078252491,,,
ROBOT_RELOC,,2,0,6,,9.8709074278513,,,
ROBOT_RELOC,,2,0,7,,10.731353743720183,,,
ROBOT_RELOC,,2,0,8,,5.324752144186726,,,
ROBOT_RELOC,,2,0,9,,9.535930645163628,,,
ROBOT_RELOC,,2,0,10,,8.103190642751834,,,
ROBOT_RELOC,,2,0,11,,10.753389291411708,,,
ROBOT_RELOC,,2,0,12,,7.890778450390204,,,
ROBOT_RELOC,,2,0,13,,7.906237458270358,,,
ROBOT_RELOC,,2,0,14,,6.0514797567962635,,,
ROBOT_RELOC,,2,0,15,,10.394315965678818,,,
ROBOT_RELOC,,2,0,16,,7.159127163308401,,,
ROBOT_RELOC,,2,0,17,,7.46241937724614,,,
ROBOT_RELOC,,2,1,0,,1.5651230025449054,,,
ROBOT_RELOC,,2,1,1,,0.0,,,
ROBOT_RELOC,,2,1,2,,9.626477521233195,,,
ROBOT_RELOC,,2,1,3,,6.905458818002098,,,
ROBOT_RELOC,,2,1,4,,5.057408709539064,,,
ROBOT_RELOC,,2,1,5,,6.145166614352255,,,
ROBOT_RELOC,,2,1,6,,9.15633679719251,,,
ROBOT_RELOC,,2,1,7,,5.968338897633077,,,
ROBOT_RELOC,,2,1,8,,7.979181095227341,,,
ROBOT_RELOC,,2,1,9,,5.12830072244912,,,
ROBOT_RELOC,,2,1,10,,7.712588303944403,,,
ROBOT_RELOC,,2,1,11,,4.527211920163801,,,
ROBOT_RELOC,,2,1,12,,5.231584729490284,,,
ROBOT_RELOC,,2,1,13,,8.646962298961878,,,
ROBOT_RELOC,,2,1,14,,8.081172144282988,,,
ROBOT_RELOC,,2,1,15,,9.888848225094218,,,
ROBOT_RELOC,,2,1,16,,6.466653505239705,,,
ROBOT_RELOC,,2,1,17,,9.606829645103996,,,
ROBOT_RELOC,,2,2,0,,11.561735084828744,,,
ROBOT_RELOC,,2,2,1,,5.4579324845005335,,,
ROBOT_RELOC,,2,2,2,,0.0,,,
ROBOT_RELOC,,2,2,3,,8.525559125182678,,,
ROBOT_RELOC,,2,2,4,,6.723541446139226,,,
ROBOT_RELOC,,2,2,5,,8.993132397404576,,,
ROBOT_RELOC,,2,2,6,,10.273749225950265,,,
ROBOT_RELOC,,2,2,7,,10.241273851973606,,,
ROBOT_RELOC,,2,2,8,,8.410828901517442,,,
ROBOT_RELOC,,2,2,9,,7.983801345370957,,,
ROBOT_RELOC,,2,2,10,,10.445778872365146,,,
ROBOT_RELOC,,2,2,11,,4.734181037830485,,,
ROBOT_RELOC,,2,2,12,,5.6098927802562075,,,
ROBOT_RELOC,,2,2,13,,11.194141394862783,,,
ROBOT_RELOC,,2,2,14,,7.50396833017513,,,
ROBOT_RELOC,,2,2,15,,8.848164480473176,,,
ROBOT_RELOC,,2,2,16,,5.345565095600145,,,
ROBOT_RELOC,,2,2,17,,4.669431578800043,,,
ROBOT_RELOC,,2,3,0,,10.588926483807086,,,
ROBOT_RELOC,,2,3,1,,10.835564892410732,,,
ROBOT_RELOC,,2,3,2,,4.819923097669715,,,
ROBOT_RELOC,,2,3,3,,0.0,,,
ROBOT_RELOC,,2,3,4,,3.0417664382357747,,,
ROBOT_RELOC,,2,3,5,,3.2539636385341115,,,
ROBOT_RELOC,,2,3,6,,9.263913172086873,,,
ROBOT_RELOC,,2,3,7,,4.899813960043226,,,
ROBOT_RELOC,,2,3,8,,6.1559709668223315,,,
ROBOT_RELOC,,2,3,9,,11.878727229681505,,,
ROBOT_RELOC,,2,3,10,,11.643834436468289,,,
ROBOT_RELOC,,2,3,11,,9.174261891332405,,,
ROBOT_RELOC,,2,3,12,,6.008569593826112,,,
ROBOT_RELOC,,2,3,13,,8.871803168883377,,,
ROBOT_RELOC,,2,3,14,,6.151620386462587,,,
ROBOT_RELOC,,2,3,15,,10.74747969129271,,,
ROBOT_RELOC,,2,3,16,,11.354162094213798,,,
ROBOT_RELOC,,2,3,17,,8.309356106342738,,,
ROBOT_RELOC,,2,4,0,,11.79328316837486,,,
ROBOT_RELOC,,2,4,1,,6.020006040543466,,,
ROBOT_RELOC,,2,4,2,,11.568440856075124,,,
ROBOT_RELOC,,2,4,3,,1.5773516052225385,,,
ROBOT_RELOC,,2,4,4,,0.0,,,
ROBOT_RELOC,,2,4,5,,2.8518674771631924,,,
ROBOT_RELOC,,2,4,6,,11.11103181792893,,,
ROBOT_RELOC,,2,4,7,,9.12141339306239,,,
ROBOT_RELOC,,2,4,8,,6.607559267081454,,,
ROBOT_RELOC,,2,4,9,,8.41707932919736,,,
ROBOT_RELOC,,2,4,10,,5.388417439939115,,,
ROBOT_RELOC,,2,4,11,,8.626894039248004,,,
ROBOT_RELOC,,2,4,12,,10.473687970726779,,,
ROBOT_RELOC,,2,4,13,,8.331103466198053,,,
ROBOT_RELOC,,2,4,14,,10.29944314200364,,,
ROBOT_RELOC,,2,4,15,,7.032198398745651,,,
ROBOT_RELOC,,2,4,16,,4.626246363531954,,,
ROBOT_RELOC,,2,4,17,,8.917547459981815,,,
ROBOT_RELOC,,2,5,0,,10.91876407843876,,,
ROBOT_RELOC,,2,5,1,,9.37063498999214,,,
ROBOT_RELOC,,2,5,2,,10.48929116851052,,,
ROBOT_RELOC,,2,5,3,,2.090799864167458,,,
ROBOT_RELOC,,2,5,4,,2.4445142787493865,,,
ROBOT_RELOC,,2,5,5,,0.0,,,
ROBOT_RELOC,,2,5,6,,4.798206903069412,,,
ROBOT_RELOC,,2,5,7,,8.500959009267827,,,
ROBOT_RELOC,,2,5,8,,8.054425815202801,,,
ROBOT_RELOC,,2,5,9,,7.056251441607565,,,
ROBOT_RELOC,,2,5,10,,8.534214557259475,,,
ROBOT_RELOC,,2,5,11,,6.917959310621875,,,
ROBOT_RELOC,,2,5,12,,10.528831848557953,,,
ROBOT_RELOC,,2,5,13,,5.6564619112995915,,,
ROBOT_RELOC,,2,5,14,,6.186507814707046,,,
ROBOT_RELOC,,2,5,15,,9.22667526751553,,,
ROBOT_RELOC,,2,5,16,,7.842857058873836,,,
ROBOT_RELOC,,2,5,17,,5.213212567215617,,,
ROBOT_RELOC,,2,6,0,,10.97821672797982,,,
ROBOT_RELOC,,2,6,1,,4.614479263056967,,,
ROBOT_RELOC,,2,6,2,,7.61076535721034,,,
ROBOT_RELOC,,2,6,3,,9.630455383620005,,,
ROBOT_RELOC,,2,6,4,,9.700192544441506,,,
ROBOT_RELOC,,2,6,5,,8.651130956032048,,,
ROBOT_RELOC,,2,6,6,,0.0,,,
ROBOT_RELOC,,2,6,7,,11.956651268841103,,,
ROBOT_RELOC,,2,6,8,,6.253639711811774,,,
ROBOT_RELOC,,2,6,9,,10.20889805187193,,,
ROBOT_RELOC,,2,6,10,,9.007829023867746,,,
ROBOT_RELOC,,2,6,11,,8.646355406230262,,,
ROBOT_RELOC,,2,6,12,,6.886515094596148,,,
ROBOT_RELOC,,2,6,13,,6.293613997348533,,,
ROBOT_RELOC,,2,6,14,,5.233750366912794,,,
ROBOT_RELOC,,2,6,15,,5.75073613173519,,,
ROBOT_RELOC,,2,6,16,,9.797194577797228,,,
ROBOT_RELOC,,2,6,17,,8.448627864163058,,,
ROBOT_RELOC,,2,7,0,,9.831188990445266,,,
ROBOT_RELOC,,2,7,1,,10.042878239577377,,,
ROBOT_RELOC,,2,7,2,,10.043912403189022,,,
ROBOT_RELOC,,2,7,3,,11.787422297499038,,,
ROBOT_RELOC,,2,7,4,,8.51734610313483,,,
ROBOT_RELOC,,2,7,5,,7.940527846554489,,,
ROBOT_RELOC,,2,7,6,,11.922027041387398,,,
ROBOT_RELOC,,2,7,7,,0.0,,,
ROBOT_RELOC,,2,7,8,,3.064087942224237,,,
ROBOT_RELOC,,2,7,9,,1.9843289021501045,,,
ROBOT_RELOC,,2,7,10,,4.7964133902263475,,,
ROBOT_RELOC,,2,7,11,,7.582513072549794,,,
ROBOT_RELOC,,2,7,12,,9.005131804536926,,,
ROBOT_RELOC,,2,7,13,,9.046504604447334,,,
ROBOT_RELOC,,2,7,14,,10.85355929406716,,,
ROBOT_RELOC,,2,7,15,,11.799951925176675,,,
ROBOT_RELOC,,2,7,16,,4.9477541616866745,,,
ROBOT_RELOC,,2,7,17,,9.906979279073301,,,
ROBOT_RELOC,,2,8,0,,9.625925508887258,,,
ROBOT_RELOC,,2,8,1,,5.393948517699836,,,
ROBOT_RELOC,,2,8,2,,9.743004121617673,,,
ROBOT_RELOC,,2,8,3,,4.791163172831737,,,
ROBOT_RELOC,,2,8,4,,5.269585929883668,,,
ROBOT_RELOC,,2,8,5,,6.725878783699035,,,
ROBOT_RELOC,,2,8,6,,7.943325511136808,,,
ROBOT_RELOC,,2,8,7,,3.613073294471447,,,
ROBOT_RELOC,,2,8,8,,0.0,,,
ROBOT_RELOC,,2,8,9,,4.482491966342619,,,
ROBOT_RELOC,,2,8,10,,10.398793101627085,,,
ROBOT_RELOC,,2,8,11,,7.081323530849719,,,
ROBOT_RELOC,,2,8,12,,6.401553957680537,,,
ROBOT_RELOC,,2,8,13,,7.022560992909753,,,
ROBOT_RELOC,,2,8,14,,6.1052148108488185,,,
ROBOT_RELOC,,2,8,15,,7.102576581474995,,,
ROBOT_RELOC,,2,8,16,,6.94878058803194,,,
ROBOT_RELOC,,2,8,17,,8.158555815936687,,,
ROBOT_RELOC,,2,9,0,,9.95872110241979,,,
ROBOT_RELOC,,2,9,1,,8.268090984035654,,,
ROBOT_RELOC,,2,9,2,,4.6646280795167385,,,
ROBOT_RELOC,,2,9,3,,9.562908193919856,,,
ROBOT_RELOC,,2,9,4,,11.446342414784432,,,
ROBOT_RELOC,,2,9,5,,10.164708909891814,,,
ROBOT_RELOC,,2,9,6,,9.464309898396781,,,
ROBOT_RELOC,,2,9,7,,1.8082440170733742,,,
ROBOT_RELOC,,2,9,8,,4.364922416156989,,,
ROBOT_RELOC,,2,9,9,,0.0,,,
ROBOT_RELOC,,2,9,10,,4.626861390245384,,,
ROBOT_RELOC,,2,9,11,,8.274826244358445,,,
ROBOT_RELOC,,2,9,12,,9.68858376891653,,,
ROBOT_RELOC,,2,9,13,,5.394269349024134,,,
ROBOT_RELOC,,2,9,14,,10.893868614269936,,,
ROBOT_RELOC,,2,9,15,,5.492876148116274,,,
ROBOT_RELOC,,2,9,16,,5.913448602679588,,,
ROBOT_RELOC,,2,9,17,,9.409359898867553,,,
ROBOT_RELOC,,2,10,0,,6.961082038045127,,,
ROBOT_RELOC,,2,10,1,,11.788545235586103,,,
ROBOT_RELOC,,2,10,2,,6.055026923812896,,,
ROBOT_RELOC,,2,10,3,,10.442851462837517,,,
ROBOT_RELOC,,2,10,4,,5.55413896728353,,,
ROBOT_RELOC,,2,10,5,,10.973210200582113,,,
ROBOT_RELOC,,2,10,6,,4.652044476514824,,,
ROBOT_RELOC,,2,10,7,,11.666165101538319,,,
ROBOT_RELOC,,2,10,8,,8.204931864197928,,,
ROBOT_RELOC,,2,10,9,,11.244829568156462,,,
ROBOT_RELOC,,2,10,10,,0.0,,,
ROBOT_RELOC,,2,10,11,,2.472616662102766,,,
ROBOT_RELOC,,2,10,12,,1.6420667043177661,,,
ROBOT_RELOC,,2,10,13,,6.193327053011109,,,
ROBOT_RELOC,,2,10,14,,6.190716150462183,,,
ROBOT_RELOC,,2,10,15,,7.31849416378613,,,
ROBOT_RELOC,,2,10,16,,6.376050749601165,,,
ROBOT_RELOC,,2,10,17,,11.667957961908625,,,
ROBOT_RELOC,,2,11,0,,7.01003440570048,,,
ROBOT_RELOC,,2,11,1,,5.095256232966253,,,
ROBOT_RELOC,,2,11,2,,6.066656315745741,,,
ROBOT_RELOC,,2,11,3,,11.853977635082654,,,
ROBOT_RELOC,,2,11,4,,11.64997765070962,,,
ROBOT_RELOC,,2,11,5,,11.0217773529139,,,
ROBOT_RELOC,,2,11,6,,5.986286811457041,,,
ROBOT_RELOC,,2,11,7,,10.522355543182815,,,
ROBOT_RELOC,,2,11,8,,5.549907303781971,,,
ROBOT_RELOC,,2,11,9,,4.658235756723101,,,
ROBOT_RELOC,,2,11,10,,3.5662468140029038,,,
ROBOT_RELOC,,2,11,11,,0.0,,,
ROBOT_RELOC,,2,11,12,,4.20776127738886,,,
ROBOT_RELOC,,2,11,13,,11.53519311474487,,,
ROBOT_RELOC,,2,11,14,,7.223585780488444,,,
ROBOT_RELOC,,2,11,15,,10.069618913564787,,,
ROBOT_RELOC,,2,11,16,,5.384489715253597,,,
ROBOT_RELOC,,2,11,17,,11.479404315204803,,,
ROBOT_RELOC,,2,12,0,,4.762318947047611,,,
ROBOT_RELOC,,2,12,1,,8.706387518146062,,,
ROBOT_RELOC,,2,12,2,,10.244414735475441,,,
ROBOT_RELOC,,2,12,3,,5.675738885377241,,,
ROBOT_RELOC,,2,12,4,,9.693212756301497,,,
ROBOT_RELOC,,2,12,5,,10.302966070136089,,,
ROBOT_RELOC,,2,12,6,,6.834073978545358,,,
ROBOT_RELOC,,2,12,7,,10.60326576569632,,,
ROBOT_RELOC,,2,12,8,,11.542753050555104,,,
ROBOT_RELOC,,2,12,9,,6.409181428639287,,,
ROBOT_RELOC,,2,12,10,,4.081449670065998,,,
ROBOT_RELOC,,2,12,11,,1.691193828616858,,,
ROBOT_RELOC,,2,12,12,,0.0,,,
ROBOT_RELOC,,2,12,13,,6.165577257740016,,,
ROBOT_RELOC,,2,12,14,,5.236791236368337,,,
ROBOT_RELOC,,2,12,15,,6.925986491906395,,,
ROBOT_RELOC,,2,12,16,,6.892911967364535,,,
ROBOT_RELOC,,2,12,17,,4.776192691120722,,,
ROBOT_RELOC,,2,13,0,,10.380868852279006,,,
ROBOT_RELOC,,2,13,1,,10.452550635193465,,,
ROBOT_RELOC,,2,13,2,,11.043707026091614,,,
ROBOT_RELOC,,2,13,3,,5.410453598202146,,,
ROBOT_RELOC,,2,13,4,,6.531555993528697,,,
ROBOT_RELOC,,2,13,5,,5.223017538695061,,,
ROBOT_RELOC,,2,13,6,,7.72041268148677,,,
ROBOT_RELOC,,2,13,7,,7.269209176849812,,,
ROBOT_RELOC,,2,13,8,,6.510178104422226,,,
ROBOT_RELOC,,2,13,9,,6.655789741485089,,,
ROBOT_RELOC,,2,13,10,,6.0480063400781745,,,
ROBOT_RELOC,,2,13,11,,8.311594235012457,,,
ROBOT_RELOC,,2,13,12,,7.879938901438433,,,
ROBOT_RELOC,,2,13,13,,0.0,,,
ROBOT_RELOC,,2,13,14,,4.253960602044826,,,
ROBOT_RELOC,,2,13,15,,8.090106161916442,,,
ROBOT_RELOC,,2,13,16,,8.427099092592531,,,
ROBOT_RELOC,,2,13,17,,5.8883168569307776,,,
ROBOT_RELOC,,2,14,0,,11.351585056249201,,,
ROBOT_RELOC,,2,14,1,,8.545678069197386,,,
ROBOT_RELOC,,2,14,2,,9.93247109100265,,,
ROBOT_RELOC,,2,14,3,,7.635145938707296,,,
ROBOT_RELOC,,2,14,4,,9.77121508244066,,,
ROBOT_RELOC,,2,14,5,,9.670464129820619,,,
ROBOT_RELOC,,2,14,6,,7.650364742627417,,,
ROBOT_RELOC,,2,14,7,,11.69757582670755,,,
ROBOT_RELOC,,2,14,8,,7.00298952186358,,,
ROBOT_RELOC,,2,14,9,,9.841032873156205,,,
ROBOT_RELOC,,2,14,10,,7.453097650471397,,,
ROBOT_RELOC,,2,14,11,,10.050218055334916,,,
ROBOT_RELOC,,2,14,12,,6.4435322939393345,,,
ROBOT_RELOC,,2,14,13,,3.599108871763056,,,
ROBOT_RELOC,,2,14,14,,0.0,,,
ROBOT_RELOC,,2,14,15,,6.961251163388668,,,
ROBOT_RELOC,,2,14,16,,7.778468995270822,,,
ROBOT_RELOC,,2,14,17,,6.689632160971213,,,
ROBOT_RELOC,,2,15,0,,11.413966711155542,,,
ROBOT_RELOC,,2,15,1,,11.323755386581926,,,
ROBOT_RELOC,,2,15,2,,8.415245187661517,,,
ROBOT_RELOC,,2,15,3,,9.794100060881256,,,
ROBOT_RELOC,,2,15,4,,11.634127174847343,,,
ROBOT_RELOC,,2,15,5,,7.604614680693435,,,
ROBOT_RELOC,,2,15,6,,9.574305978890049,,,
ROBOT_RELOC,,2,15,7,,4.608257364378938,,,
ROBOT_RELOC,,2,15,8,,7.724758842224164,,,
ROBOT_RELOC,,2,15,9,,9.772243652422688,,,
ROBOT_RELOC,,2,15,10,,6.261354115307924,,,
ROBOT_RELOC,,2,15,11,,5.685628719703734,,,
ROBOT_RELOC,,2,15,12,,9.724063066712443,,,
ROBOT_RELOC,,2,15,13,,9.29929749556281,,,
ROBOT_RELOC,,2,15,14,,4.830052084425674,,,
ROBOT_RELOC,,2,15,15,,0.0,,,
ROBOT_RELOC,,2,15,16,,2.0731458661955813,,,
ROBOT_RELOC,,2,15,17,,3.8042437964625133,,,
ROBOT_RELOC,,2,16,0,,8.172058522059341,,,
ROBOT_RELOC,,2,16,1,,7.9563202611304895,,,
ROBOT_RELOC,,2,16,2,,4.7663807994836525,,,
ROBOT_RELOC,,2,16,3,,8.675471812126727,,,
ROBOT_RELOC,,2,16,4,,11.11248404595003,,,
ROBOT_RELOC,,2,16,5,,9.962333853535775,,,
ROBOT_RELOC,,2,16,6,,8.355230142479874,,,
ROBOT_RELOC,,2,16,7,,8.974748218735726,,,
ROBOT_RELOC,,2,16,8,,9.405340462900549,,,
ROBOT_RELOC,,2,16,9,,7.750442120531555,,,
ROBOT_RELOC,,2,16,10,,9.845834906866576,,,
ROBOT_RELOC,,2,16,11,,4.623850914533493,,,
ROBOT_RELOC,,2,16,12,,4.792541392606211,,,
ROBOT_RELOC,,2,16,13,,6.720270475342494,,,
ROBOT_RELOC,,2,16,14,,9.99435498940752,,,
ROBOT_RELOC,,2,16,15,,3.2287469633649684,,,
ROBOT_RELOC,,2,16,16,,0.0,,,
ROBOT_RELOC,,2,16,17,,2.2744355971466033,,,
ROBOT_RELOC,,2,17,0,,11.844996764643167,,,
ROBOT_RELOC,,2,17,1,,10.407647381738599,,,
ROBOT_RELOC,,2,17,2,,10.567179220812346,,,
ROBOT_RELOC,,2,17,3,,7.591230711771838,,,
ROBOT_RELOC,,2,17,4,,11.311029970990786,,,
ROBOT_RELOC,,2,17,5,,5.352878337278822,,,
ROBOT_RELOC,,2,17,6,,6.73914241053817,,,
ROBOT_RELOC,,2,17,7,,9.902143270064656,,,
ROBOT_RELOC,,2,17,8,,5.017308529328147,,,
ROBOT_RELOC,,2,17,9,,6.7078305433221255,,,
ROBOT_RELOC,,2,17,10,,6.73978412142992,,,
ROBOT_RELOC,,2,17,11,,10.31467584480119,,,
ROBOT_RELOC,,2,17,12,,4.779977078670997,,,
ROBOT_RELOC,,2,17,13,,5.5477555665587195,,,
ROBOT_RELOC,,2,17,14,,6.516270732447257,,,
ROBOT_RELOC,,2,17,15,,3.7974403750731622,,,
ROBOT_RELOC,,2,17,16,,4.344405995138584,,,
ROBOT_RELOC,,2,17,17,,0.0,,,
ROBOT_RELOC,,3,0,0,,0.0,,,
ROBOT_RELOC,,3,0,1,,1.8229303642676835,,,
ROBOT_RELOC,,3,0,2,,10.204412185418477,,,
ROBOT_RELOC,,3,0,3,,5.4947433980391605,,,
ROBOT_RELOC,,3,0,4,,9.361310779459515,,,
ROBOT_RELOC,,3,0,5,,7.468565037709729,,,
ROBOT_RELOC,,3,0,6,,10.326454626260654,,,
ROBOT_RELOC,,3,0,7,,10.677348967545885,,,
ROBOT_RELOC,,3,0,8,,10.458241146366605,,,
ROBOT_RELOC,,3,0,9,,9.548889116911022,,,
ROBOT_RELOC,,3,0,10,,8.509264700639129,,,
ROBOT_RELOC,,3,0,11,,11.013721110016245,,,
ROBOT_RELOC,,3,0,12,,8.572880745204525,,,
ROBOT_RELOC,,3,0,13,,7.2637192041738,,,
ROBOT_RELOC,,3,0,14,,7.243549947058659,,,
ROBOT_RELOC,,3,0,15,,7.32067052496601,,,
ROBOT_RELOC,,3,0,16,,6.614147624818655,,,
ROBOT_RELOC,,3,0,17,,9.158111917186954,,,
ROBOT_RELOC,,3,1,0,,1.5972274481363402,,,
ROBOT_RELOC,,3,1,1,,0.0,,,
ROBOT_RELOC,,3,1,2,,8.089648194296457,,,
ROBOT_RELOC,,3,1,3,,11.317853475531393,,,
ROBOT_RELOC,,3,1,4,,11.816974693298963,,,
ROBOT_RELOC,,3,1,5,,10.768388071538077,,,
ROBOT_RELOC,,3,1,6,,8.102834502115018,,,
ROBOT_RELOC,,3,1,7,,8.726281241133702,,,
ROBOT_RELOC,,3,1,8,,10.508125335988622,,,
ROBOT_RELOC,,3,1,9,,9.808700324983477,,,
ROBOT_RELOC,,3,1,10,,10.203737425606292,,,
ROBOT_RELOC,,3,1,11,,11.725412789882727,,,
ROBOT_RELOC,,3,1,12,,11.38058044965466,,,
ROBOT_RELOC,,3,1,13,,5.345526827378336,,,
ROBOT_RELOC,,3,1,14,,8.811594541417893,,,
ROBOT_RELOC,,3,1,15,,6.702001175252783,,,
ROBOT_RELOC,,3,1,16,,6.556153007790831,,,
ROBOT_RELOC,,3,1,17,,11.558824142680395,,,
ROBOT_RELOC,,3,2,0,,10.941762852479226,,,
ROBOT_RELOC,,3,2,1,,11.189229534178423,,,
ROBOT_RELOC,,3,2,2,,0.0,,,
ROBOT_RELOC,,3,2,3,,9.187141227434738,,,
ROBOT_RELOC,,3,2,4,,8.875346172310302,,,
ROBOT_RELOC,,3,2,5,,9.87844416739879,,,
ROBOT_RELOC,,3,2,6,,7.767151078658255,,,
ROBOT_RELOC,,3,2,7,,10.09458327984748,,,
ROBOT_RELOC,,3,2,8,,7.951351817440873,,,
ROBOT_RELOC,,3,2,9,,5.670258648464772,,,
ROBOT_RELOC,,3,2,10,,8.03347766901625,,,
ROBOT_RELOC,,3,2,11,,6.853592238174921,,,
ROBOT_RELOC,,3,2,12,,10.240628417804345,,,
ROBOT_RELOC,,3,2,13,,6.591594161757072,,,
ROBOT_RELOC,,3,2,14,,11.243746207157717,,,
ROBOT_RELOC,,3,2,15,,4.7345767656298,,,
ROBOT_RELOC,,3,2,16,,6.587633277346584,,,
ROBOT_RELOC,,3,2,17,,10.274391420787769,,,
ROBOT_RELOC,,3,3,0,,10.869051839359392,,,
ROBOT_RELOC,,3,3,1,,8.930358151770378,,,
ROBOT_RELOC,,3,3,2,,5.452858310759115,,,
ROBOT_RELOC,,3,3,3,,0.0,,,
ROBOT_RELOC,,3,3,4,,2.736203736794023,,,
ROBOT_RELOC,,3,3,5,,3.4255018217954762,,,
ROBOT_RELOC,,3,3,6,,9.137708735866998,,,
ROBOT_RELOC,,3,3,7,,8.758152600222994,,,
ROBOT_RELOC,,3,3,8,,8.358784367735328,,,
ROBOT_RELOC,,3,3,9,,11.154525558805483,,,
ROBOT_RELOC,,3,3,10,,11.934911821043617,,,
ROBOT_RELOC,,3,3,11,,6.576707578407805,,,
ROBOT_RELOC,,3,3,12,,10.393791028865827,,,
ROBOT_RELOC,,3,3,13,,5.510347131874659,,,
ROBOT_RELOC,,3,3,14,,7.990159607552049,,,
ROBOT_RELOC,,3,3,15,,5.267744873217621,,,
ROBOT_RELOC,,3,3,16,,4.6419117017493035,,,
ROBOT_RELOC,,3,3,17,,8.5941364422313,,,
ROBOT_RELOC,,3,4,0,,4.957443636009717,,,
ROBOT_RELOC,,3,4,1,,9.185793798938544,,,
ROBOT_RELOC,,3,4,2,,9.77799210345045,,,
ROBOT_RELOC,,3,4,3,,3.859620705167996,,,
ROBOT_RELOC,,3,4,4,,0.0,,,
ROBOT_RELOC,,3,4,5,,3.7245051332591226,,,
ROBOT_RELOC,,3,4,6,,8.570890356478127,,,
ROBOT_RELOC,,3,4,7,,6.796473353575273,,,
ROBOT_RELOC,,3,4,8,,11.544493435631884,,,
ROBOT_RELOC,,3,4,9,,11.974543148700901,,,
ROBOT_RELOC,,3,4,10,,8.889873951879924,,,
ROBOT_RELOC,,3,4,11,,9.15881793497469,,,
ROBOT_RELOC,,3,4,12,,7.058588894463008,,,
ROBOT_RELOC,,3,4,13,,6.267505620295717,,,
ROBOT_RELOC,,3,4,14,,6.698378606482812,,,
ROBOT_RELOC,,3,4,15,,9.977697201380078,,,
ROBOT_RELOC,,3,4,16,,9.426416370571523,,,
ROBOT_RELOC,,3,4,17,,8.400353007994845,,,
ROBOT_RELOC,,3,5,0,,10.543890587864677,,,
ROBOT_RELOC,,3,5,1,,5.083771433574322,,,
ROBOT_RELOC,,3,5,2,,11.772911258153476,,,
ROBOT_RELOC,,3,5,3,,1.995138056776864,,,
ROBOT_RELOC,,3,5,4,,3.3812665840986567,,,
ROBOT_RELOC,,3,5,5,,0.0,,,
ROBOT_RELOC,,3,5,6,,6.730134024731525,,,
ROBOT_RELOC,,3,5,7,,11.548063904215073,,,
ROBOT_RELOC,,3,5,8,,10.095494822347638,,,
ROBOT_RELOC,,3,5,9,,7.208585490853656,,,
ROBOT_RELOC,,3,5,10,,5.800411592227837,,,
ROBOT_RELOC,,3,5,11,,9.898250161943698,,,
ROBOT_RELOC,,3,5,12,,5.575314007728597,,,
ROBOT_RELOC,,3,5,13,,11.770743998008392,,,
ROBOT_RELOC,,3,5,14,,10.17848571237863,,,
ROBOT_RELOC,,3,5,15,,11.539368095683816,,,
ROBOT_RELOC,,3,5,16,,10.858384334565354,,,
ROBOT_RELOC,,3,5,17,,9.990402461476872,,,
ROBOT_RELOC,,3,6,0,,4.578370143434899,,,
ROBOT_RELOC,,3,6,1,,9.276303736376011,,,
ROBOT_RELOC,,3,6,2,,11.363689137392699,,,
ROBOT_RELOC,,3,6,3,,5.4794626452506705,,,
ROBOT_RELOC,,3,6,4,,10.767960356510152,,,
ROBOT_RELOC,,3,6,5,,8.860255470709168,,,
ROBOT_RELOC,,3,6,6,,0.0,,,
ROBOT_RELOC,,3,6,7,,5.33930182365367,,,
ROBOT_RELOC,,3,6,8,,9.289049369361894,,,
ROBOT_RELOC,,3,6,9,,8.187078964956168,,,
ROBOT_RELOC,,3,6,10,,7.085361482497671,,,
ROBOT_RELOC,,3,6,11,,8.456069677298151,,,
ROBOT_RELOC,,3,6,12,,11.628146594138075,,,
ROBOT_RELOC,,3,6,13,,10.62612344306571,,,
ROBOT_RELOC,,3,6,14,,4.759561067353136,,,
ROBOT_RELOC,,3,6,15,,10.288935386897666,,,
ROBOT_RELOC,,3,6,16,,10.401374674609361,,,
ROBOT_RELOC,,3,6,17,,6.499100307038408,,,
ROBOT_RELOC,,3,7,0,,9.085000696742714,,,
ROBOT_RELOC,,3,7,1,,9.785505095109553,,,
ROBOT_RELOC,,3,7,2,,7.855548894820757,,,
ROBOT_RELOC,,3,7,3,,5.414622478612795,,,
ROBOT_RELOC,,3,7,4,,10.357238834968019,,,
ROBOT_RELOC,,3,7,5,,10.38825059510355,,,
ROBOT_RELOC,,3,7,6,,8.616656940524585,,,
ROBOT_RELOC,,3,7,7,,0.0,,,
ROBOT_RELOC,,3,7,8,,2.4620117093156106,,,
ROBOT_RELOC,,3,7,9,,2.8862414459451493,,,
ROBOT_RELOC,,3,7,10,,11.126421006639536,,,
ROBOT_RELOC,,3,7,11,,8.224014709975865,,,
ROBOT_RELOC,,3,7,12,,11.942217680397368,,,
ROBOT_RELOC,,3,7,13,,9.745977772956277,,,
ROBOT_RELOC,,3,7,14,,10.35831696773496,,,
ROBOT_RELOC,,3,7,15,,11.143058111333742,,,
ROBOT_RELOC,,3,7,16,,6.7687246586087735,,,
ROBOT_RELOC,,3,7,17,,6.0963966304285995,,,
ROBOT_RELOC,,3,8,0,,7.8469836101900725,,,
ROBOT_RELOC,,3,8,1,,11.764560816711445,,,
ROBOT_RELOC,,3,8,2,,5.963709112619224,,,
ROBOT_RELOC,,3,8,3,,9.530005189224452,,,
ROBOT_RELOC,,3,8,4,,10.923192328507175,,,
ROBOT_RELOC,,3,8,5,,11.8766831568125,,,
ROBOT_RELOC,,3,8,6,,6.34059113290065,,,
ROBOT_RELOC,,3,8,7,,2.6900995959660556,,,
ROBOT_RELOC,,3,8,8,,0.0,,,
ROBOT_RELOC,,3,8,9,,3.186862938142875,,,
ROBOT_RELOC,,3,8,10,,7.401230749083352,,,
ROBOT_RELOC,,3,8,11,,6.986425479396289,,,
ROBOT_RELOC,,3,8,12,,11.404733263960525,,,
ROBOT_RELOC,,3,8,13,,6.2830075371049325,,,
ROBOT_RELOC,,3,8,14,,8.571177850591639,,,
ROBOT_RELOC,,3,8,15,,6.640819711583342,,,
ROBOT_RELOC,,3,8,16,,9.242158868742854,,,
ROBOT_RELOC,,3,8,17,,8.074822920702935,,,
ROBOT_RELOC,,3,9,0,,8.19557625542372,,,
ROBOT_RELOC,,3,9,1,,11.129506735590766,,,
ROBOT_RELOC,,3,9,2,,5.042610784951767,,,
ROBOT_RELOC,,3,9,3,,8.485323490268613,,,
ROBOT_RELOC,,3,9,4,,10.828260964376414,,,
ROBOT_RELOC,,3,9,5,,7.375791542978291,,,
ROBOT_RELOC,,3,9,6,,10.359198869051005,,,
ROBOT_RELOC,,3,9,7,,4.35626357405682,,,
ROBOT_RELOC,,3,9,8,,3.314944101027937,,,
ROBOT_RELOC,,3,9,9,,0.0,,,
ROBOT_RELOC,,3,9,10,,4.928002366598613,,,
ROBOT_RELOC,,3,9,11,,6.496653096661465,,,
ROBOT_RELOC,,3,9,12,,5.135351015518491,,,
ROBOT_RELOC,,3,9,13,,10.7490828570628,,,
ROBOT_RELOC,,3,9,14,,6.275720757709159,,,
ROBOT_RELOC,,3,9,15,,9.524802375085944,,,
ROBOT_RELOC,,3,9,16,,5.821666316703729,,,
ROBOT_RELOC,,3,9,17,,10.036151758500074,,,
ROBOT_RELOC,,3,10,0,,9.83767519418436,,,
ROBOT_RELOC,,3,10,1,,9.612420505328284,,,
ROBOT_RELOC,,3,10,2,,7.209414527557974,,,
ROBOT_RELOC,,3,10,3,,9.63066630595511,,,
ROBOT_RELOC,,3,10,4,,8.355488345040794,,,
ROBOT_RELOC,,3,10,5,,10.146458018443813,,,
ROBOT_RELOC,,3,10,6,,8.493563297370885,,,
ROBOT_RELOC,,3,10,7,,6.186518061849663,,,
ROBOT_RELOC,,3,10,8,,11.948982202507608,,,
ROBOT_RELOC,,3,10,9,,7.347418843496406,,,
ROBOT_RELOC,,3,10,10,,0.0,,,
ROBOT_RELOC,,3,10,11,,1.8215314254936548,,,
ROBOT_RELOC,,3,10,12,,4.38654608362082,,,
ROBOT_RELOC,,3,10,13,,9.437078845464294,,,
ROBOT_RELOC,,3,10,14,,10.708098561213024,,,
ROBOT_RELOC,,3,10,15,,4.772555074938214,,,
ROBOT_RELOC,,3,10,16,,6.387013388701231,,,
ROBOT_RELOC,,3,10,17,,6.872497484481327,,,
ROBOT_RELOC,,3,11,0,,9.075101784725017,,,
ROBOT_RELOC,,3,11,1,,9.314271037965144,,,
ROBOT_RELOC,,3,11,2,,6.574658478945467,,,
ROBOT_RELOC,,3,11,3,,8.54682674832874,,,
ROBOT_RELOC,,3,11,4,,9.885601140914071,,,
ROBOT_RELOC,,3,11,5,,8.54949297076618,,,
ROBOT_RELOC,,3,11,6,,7.28589110006525,,,
ROBOT_RELOC,,3,11,7,,9.244999952140283,,,
ROBOT_RELOC,,3,11,8,,7.330572185238787,,,
ROBOT_RELOC,,3,11,9,,5.9965324481343325,,,
ROBOT_RELOC,,3,11,10,,3.6408039809825423,,,
ROBOT_RELOC,,3,11,11,,0.0,,,
ROBOT_RELOC,,3,11,12,,2.7447524575346955,,,
ROBOT_RELOC,,3,11,13,,9.01721076991901,,,
ROBOT_RELOC,,3,11,14,,7.167302263198061,,,
ROBOT_RELOC,,3,11,15,,5.142874643789028,,,
ROBOT_RELOC,,3,11,16,,6.7944425742686185,,,
ROBOT_RELOC,,3,11,17,,7.162347387988788,,,
ROBOT_RELOC,,3,12,0,,6.119804323125003,,,
ROBOT_RELOC,,3,12,1,,4.939286882469697,,,
ROBOT_RELOC,,3,12,2,,7.9870218010389165,,,
ROBOT_RELOC,,3,12,3,,5.409568564990969,,,
ROBOT_RELOC,,3,12,4,,8.994192314307169,,,
ROBOT_RELOC,,3,12,5,,11.01408583708265,,,
ROBOT_RELOC,,3,12,6,,11.719877893694044,,,
ROBOT_RELOC,,3,12,7,,10.040275228618537,,,
ROBOT_RELOC,,3,12,8,,8.42056165007982,,,
ROBOT_RELOC,,3,12,9,,9.523666623965195,,,
ROBOT_RELOC,,3,12,10,,4.0142950236782,,,
ROBOT_RELOC,,3,12,11,,1.9021610023303468,,,
ROBOT_RELOC,,3,12,12,,0.0,,,
ROBOT_RELOC,,3,12,13,,11.875497886861883,,,
ROBOT_RELOC,,3,12,14,,10.84468834266728,,,
ROBOT_RELOC,,3,12,15,,10.969010095193221,,,
ROBOT_RELOC,,3,12,16,,8.23543219628583,,,
ROBOT_RELOC,,3,12,17,,5.846272402557359,,,
ROBOT_RELOC,,3,13,0,,6.150181662856629,,,
ROBOT_RELOC,,3,13,1,,7.420877282652302,,,
ROBOT_RELOC,,3,13,2,,7.976777607776651,,,
ROBOT_RELOC,,3,13,3,,6.935229003992809,,,
ROBOT_RELOC,,3,13,4,,10.900914880555494,,,
ROBOT_RELOC,,3,13,5,,8.458823343685017,,,
ROBOT_RELOC,,3,13,6,,7.7825735760144665,,,
ROBOT_RELOC,,3,13,7,,10.22792625345021,,,
ROBOT_RELOC,,3,13,8,,5.968322865447387,,,
ROBOT_RELOC,,3,13,9,,8.893360145600568,,,
ROBOT_RELOC,,3,13,10,,8.663224445312096,,,
ROBOT_RELOC,,3,13,11,,7.2204466527264355,,,
ROBOT_RELOC,,3,13,12,,9.446326618448694,,,
ROBOT_RELOC,,3,13,13,,0.0,,,
ROBOT_RELOC,,3,13,14,,1.6275713962415375,,,
ROBOT_RELOC,,3,13,15,,6.969835939307433,,,
ROBOT_RELOC,,3,13,16,,4.897652444070923,,,
ROBOT_RELOC,,3,13,17,,8.971640955444576,,,
ROBOT_RELOC,,3,14,0,,11.520703188814712,,,
ROBOT_RELOC,,3,14,1,,9.172265957393881,,,
ROBOT_RELOC,,3,14,2,,9.12438377559301,,,
ROBOT_RELOC,,3,14,3,,5.666161949873303,,,
ROBOT_RELOC,,3,14,4,,4.880212832271368,,,
ROBOT_RELOC,,3,14,5,,11.012642258269638,,,
ROBOT_RELOC,,3,14,6,,9.463380995246162,,,
ROBOT_RELOC,,3,14,7,,5.14297830434564,,,
ROBOT_RELOC,,3,14,8,,5.890509706813051,,,
ROBOT_RELOC,,3,14,9,,10.358672788054358,,,
ROBOT_RELOC,,3,14,10,,11.026443829113775,,,
ROBOT_RELOC,,3,14,11,,7.37907153973004,,,
ROBOT_RELOC,,3,14,12,,9.123532976686565,,,
ROBOT_RELOC,,3,14,13,,3.2468358644411213,,,
ROBOT_RELOC,,3,14,14,,0.0,,,
ROBOT_RELOC,,3,14,15,,6.888182397345052,,,
ROBOT_RELOC,,3,14,16,,10.51948626654756,,,
ROBOT_RELOC,,3,14,17,,5.123528855878895,,,
ROBOT_RELOC,,3,15,0,,4.923462334317483,,,
ROBOT_RELOC,,3,15,1,,9.782682651619517,,,
ROBOT_RELOC,,3,15,2,,5.1304296270351255,,,
ROBOT_RELOC,,3,15,3,,9.530952454350327,,,
ROBOT_RELOC,,3,15,4,,4.703673608478583,,,
ROBOT_RELOC,,3,15,5,,10.236054165383988,,,
ROBOT_RELOC,,3,15,6,,11.87869194280897,,,
ROBOT_RELOC,,3,15,7,,10.832137578207828,,,
ROBOT_RELOC,,3,15,8,,11.997792701922247,,,
ROBOT_RELOC,,3,15,9,,10.23071010983249,,,
ROBOT_RELOC,,3,15,10,,5.903368593516319,,,
ROBOT_RELOC,,3,15,11,,5.930707268792139,,,
ROBOT_RELOC,,3,15,12,,5.777108445351418,,,
ROBOT_RELOC,,3,15,13,,6.610456688228496,,,
ROBOT_RELOC,,3,15,14,,5.799052953881533,,,
ROBOT_RELOC,,3,15,15,,0.0,,,
ROBOT_RELOC,,3,15,16,,3.352648858765625,,,
ROBOT_RELOC,,3,15,17,,2.367764117059012,,,
ROBOT_RELOC,,3,16,0,,11.727695564044646,,,
ROBOT_RELOC,,3,16,1,,8.753295794666467,,,
ROBOT_RELOC,,3,16,2,,6.894284247550759,,,
ROBOT_RELOC,,3,16,3,,9.322556486829537,,,
ROBOT_RELOC,,3,16,4,,4.784428681114977,,,
ROBOT_RELOC,,3,16,5,,7.931371760197658,,,
ROBOT_RELOC,,3,16,6,,4.61780534616125,,,
ROBOT_RELOC,,3,16,7,,5.527861862716138,,,
ROBOT_RELOC,,3,16,8,,8.055935961454757,,,
ROBOT_RELOC,,3,16,9,,5.337517097137765,,,
ROBOT_RELOC,,3,16,10,,10.791969921703958,,,
ROBOT_RELOC,,3,16,11,,10.431744087850804,,,
ROBOT_RELOC,,3,16,12,,8.848190820916109,,,
ROBOT_RELOC,,3,16,13,,6.33648322937504,,,
ROBOT_RELOC,,3,16,14,,11.300325635608264,,,
ROBOT_RELOC,,3,16,15,,2.9278367444944378,,,
ROBOT_RELOC,,3,16,16,,0.0,,,
ROBOT_RELOC,,3,16,17,,3.2874783157108327,,,
ROBOT_RELOC,,3,17,0,,7.801990121192571,,,
ROBOT_RELOC,,3,17,1,,4.751432744173128,,,
ROBOT_RELOC,,3,17,2,,11.323103299094022,,,
ROBOT_RELOC,,3,17,3,,5.19590629333956,,,
ROBOT_RELOC,,3,17,4,,5.8252193253020765,,,
ROBOT_RELOC,,3,17,5,,6.457137254010721,,,
ROBOT_RELOC,,3,17,6,,6.219384747482847,,,
ROBOT_RELOC,,3,17,7,,10.518282593730978,,,
ROBOT_RELOC,,3,17,8,,6.104832942555518,,,
ROBOT_RELOC,,3,17,9,,7.378261145950757,,,
ROBOT_RELOC,,3,17,10,,7.674721137666856,,,
ROBOT_RELOC,,3,17,11,,9.250660943470988,,,
ROBOT_RELOC,,3,17,12,,11.944671515379769,,,
ROBOT_RELOC,,3,17,13,,5.553639076506412,,,
ROBOT_RELOC,,3,17,14,,4.873723922158666,,,
ROBOT_RELOC,,3,17,15,,2.659902524949881,,,
ROBOT_RELOC,,3,17,16,,2.0883360418917034,,,
ROBOT_RELOC,,3,17,17,,0.0,,,
ROBOT_RELOC,,4,0,0,,0.0,,,
ROBOT_RELOC,,4,0,1,,2.789757883139482,,,
ROBOT_RELOC,,4,0,2,,8.529716195717212,,,
ROBOT_RELOC,,4,0,3,,4.696522818249844,,,
ROBOT_RELOC,,4,0,4,,7.088366220649863,,,
ROBOT_RELOC,,4,0,5,,8.314692628294923,,,
ROBOT_RELOC,,4,0,6,,4.648178270945595,,,
ROBOT_RELOC,,4,0,7,,6.184590735308873,,,
ROBOT_RELOC,,4,0,8,,9.425945382302329,,,
ROBOT_RELOC,,4,0,9,,11.96509479807745,,,
ROBOT_RELOC,,4,0,10,,5.145687499844307,,,
ROBOT_RELOC,,4,0,11,,8.166162181038295,,,
ROBOT_RELOC,,4,0,12,,6.121803822113198,,,
ROBOT_RELOC,,4,0,13,,11.086931242854625,,,
ROBOT_RELOC,,4,0,14,,5.354531055481692,,,
ROBOT_RELOC,,4,0,15,,7.266805225521239,,,
ROBOT_RELOC,,4,0,16,,11.327763994956836,,,
ROBOT_RELOC,,4,0,17,,9.654018029091192,,,
ROBOT_RELOC,,4,1,0,,2.917996309826765,,,
ROBOT_RELOC,,4,1,1,,0.0,,,
ROBOT_RELOC,,4,1,2,,6.702051233458987,,,
ROBOT_RELOC,,4,1,3,,11.757769165751156,,,
ROBOT_RELOC,,4,1,4,,7.471094592786669,,,
ROBOT_RELOC,,4,1,5,,9.490218591511088,,,
ROBOT_RELOC,,4,1,6,,11.74150694528729,,,
ROBOT_RELOC,,4,1,7,,10.26892090787726,,,
ROBOT_RELOC,,4,1,8,,5.210415821558744,,,
ROBOT_RELOC,,4,1,9,,10.719332621467505,,,
ROBOT_RELOC,,4,1,10,,8.15249099793808,,,
ROBOT_RELOC,,4,1,11,,7.630496522968124,,,
ROBOT_RELOC,,4,1,12,,4.796023124459884,,,
ROBOT_RELOC,,4,1,13,,8.347469730824589,,,
ROBOT_RELOC,,4,1,14,,11.510421922000209,,,
ROBOT_RELOC,,4,1,15,,11.618365103381372,,,
ROBOT_RELOC,,4,1,16,,5.277008486840182,,,
ROBOT_RELOC,,4,1,17,,7.510772898029408,,,
ROBOT_RELOC,,4,2,0,,7.8430676581323695,,,
ROBOT_RELOC,,4,2,1,,7.098376468616043,,,
ROBOT_RELOC,,4,2,2,,0.0,,,
ROBOT_RELOC,,4,2,3,,9.745375440261919,,,
ROBOT_RELOC,,4,2,4,,8.216650617393942,,,
ROBOT_RELOC,,4,2,5,,11.941679578055112,,,
ROBOT_RELOC,,4,2,6,,8.905052542212848,,,
ROBOT_RELOC,,4,2,7,,4.90436719456008,,,
ROBOT_RELOC,,4,2,8,,8.961121830847958,,,
ROBOT_RELOC,,4,2,9,,8.740300712636273,,,
ROBOT_RELOC,,4,2,10,,9.69633767315392,,,
ROBOT_RELOC,,4,2,11,,5.157805389185691,,,
ROBOT_RELOC,,4,2,12,,8.026424014645853,,,
ROBOT_RELOC,,4,2,13,,9.325858217703631,,,
ROBOT_RELOC,,4,2,14,,10.273442696258922,,,
ROBOT_RELOC,,4,2,15,,11.697379864284036,,,
ROBOT_RELOC,,4,2,16,,6.554414657926774,,,
ROBOT_RELOC,,4,2,17,,11.954035952964059,,,
ROBOT_RELOC,,4,3,0,,11.281796696357457,,,
ROBOT_RELOC,,4,3,1,,5.0752570893331,,,
ROBOT_RELOC,,4,3,2,,9.223656284446813,,,
ROBOT_RELOC,,4,3,3,,0.0,,,
ROBOT_RELOC,,4,3,4,,2.3915564535236435,,,
ROBOT_RELOC,,4,3,5,,4.307787257501325,,,
ROBOT_RELOC,,4,3,6,,11.505785601010217,,,
ROBOT_RELOC,,4,3,7,,11.4004228016431,,,
ROBOT_RELOC,,4,3,8,,11.982167583234446,,,
ROBOT_RELOC,,4,3,9,,7.742267952453998,,,
ROBOT_RELOC,,4,3,10,,9.177051598618188,,,
ROBOT_RELOC,,4,3,11,,8.33839573615598,,,
ROBOT_RELOC,,4,3,12,,11.495559259340741,,,
ROBOT_RELOC,,4,3,13,,5.356262531464196,,,
ROBOT_RELOC,,4,3,14,,11.724046415827512,,,
ROBOT_RELOC,,4,3,15,,9.40785977552969,,,
ROBOT_RELOC,,4,3,16,,8.463874511133081,,,
ROBOT_RELOC,,4,3,17,,6.532587289924343,,,
ROBOT_RELOC,,4,4,0,,5.421387870776106,,,
ROBOT_RELOC,,4,4,1,,10.056781134783103,,,
ROBOT_RELOC,,4,4,2,,8.567396298116478,,,
ROBOT_RELOC,,4,4,3,,1.5239122345905667,,,
ROBOT_RELOC,,4,4,4,,0.0,,,
ROBOT_RELOC,,4,4,5,,2.4943743273763586,,,
ROBOT_RELOC,,4,4,6,,7.6312911854721,,,
ROBOT_RELOC,,4,4,7,,5.432759983420101,,,
ROBOT_RELOC,,4,4,8,,5.773308999408961,,,
ROBOT_RELOC,,4,4,9,,7.162391386393912,,,
ROBOT_RELOC,,4,4,10,,7.796807945613862,,,
ROBOT_RELOC,,4,4,11,,10.48609966640117,,,
ROBOT_RELOC,,4,4,12,,7.353157110465482,,,
ROBOT_RELOC,,4,4,13,,7.6271148886309375,,,
ROBOT_RELOC,,4,4,14,,8.84741799305518,,,
ROBOT_RELOC,,4,4,15,,6.683887915222311,,,
ROBOT_RELOC,,4,4,16,,8.189969246611938,,,
ROBOT_RELOC,,4,4,17,,4.843194924588702,,,
ROBOT_RELOC,,4,5,0,,7.472777382992232,,,
ROBOT_RELOC,,4,5,1,,5.77066357293067,,,
ROBOT_RELOC,,4,5,2,,7.202287997893156,,,
ROBOT_RELOC,,4,5,3,,2.273897081626914,,,
ROBOT_RELOC,,4,5,4,,4.257110285398548,,,
ROBOT_RELOC,,4,5,5,,0.0,,,
ROBOT_RELOC,,4,5,6,,9.797313678974369,,,
ROBOT_RELOC,,4,5,7,,6.611742355151572,,,
ROBOT_RELOC,,4,5,8,,9.611030483646564,,,
ROBOT_RELOC,,4,5,9,,5.135744212468063,,,
ROBOT_RELOC,,4,5,10,,6.792647439171902,,,
ROBOT_RELOC,,4,5,11,,5.238644958874589,,,
ROBOT_RELOC,,4,5,12,,5.922518337254983,,,
ROBOT_RELOC,,4,5,13,,7.537173979713889,,,
ROBOT_RELOC,,4,5,14,,9.269410094938557,,,
ROBOT_RELOC,,4,5,15,,8.321320097875638,,,
ROBOT_RELOC,,4,5,16,,11.715654159115946,,,
ROBOT_RELOC,,4,5,17,,5.5774204141006605,,,
ROBOT_RELOC,,4,6,0,,10.342173442516888,,,
ROBOT_RELOC,,4,6,1,,11.359991425285376,,,
ROBOT_RELOC,,4,6,2,,6.693812898876724,,,
ROBOT_RELOC,,4,6,3,,9.8344108591523,,,
ROBOT_RELOC,,4,6,4,,7.524836602829589,,,
ROBOT_RELOC,,4,6,5,,9.14049051946662,,,
ROBOT_RELOC,,4,6,6,,0.0,,,
ROBOT_RELOC,,4,6,7,,7.425584229716606,,,
ROBOT_RELOC,,4,6,8,,5.602181299214929,,,
ROBOT_RELOC,,4,6,9,,9.959774524499398,,,
ROBOT_RELOC,,4,6,10,,9.810739204519095,,,
ROBOT_RELOC,,4,6,11,,10.383537431976706,,,
ROBOT_RELOC,,4,6,12,,9.3976708484613,,,
ROBOT_RELOC,,4,6,13,,7.677984182019351,,,
ROBOT_RELOC,,4,6,14,,8.241648829342061,,,
ROBOT_RELOC,,4,6,15,,11.530194036160541,,,
ROBOT_RELOC,,4,6,16,,9.184381855284062,,,
ROBOT_RELOC,,4,6,17,,7.82158809610177,,,
ROBOT_RELOC,,4,7,0,,7.750278839530816,,,
ROBOT_RELOC,,4,7,1,,5.6552195270673495,,,
ROBOT_RELOC,,4,7,2,,8.53299561588501,,,
ROBOT_RELOC,,4,7,3,,10.79003583776344,,,
ROBOT_RELOC,,4,7,4,,7.449095651861985,,,
ROBOT_RELOC,,4,7,5,,9.662165612135732,,,
ROBOT_RELOC,,4,7,6,,7.412124756006892,,,
ROBOT_RELOC,,4,7,7,,0.0,,,
ROBOT_RELOC,,4,7,8,,2.676529787328488,,,
ROBOT_RELOC,,4,7,9,,2.41640866822216,,,
ROBOT_RELOC,,4,7,10,,7.291562886905548,,,
ROBOT_RELOC,,4,7,11,,6.9432492657632405,,,
ROBOT_RELOC,,4,7,12,,11.833842316343516,,,
ROBOT_RELOC,,4,7,13,,5.1061826089445015,,,
ROBOT_RELOC,,4,7,14,,10.74439853588026,,,
ROBOT_RELOC,,4,7,15,,11.878810119355224,,,
ROBOT_RELOC,,4,7,16,,5.630850799434441,,,
ROBOT_RELOC,,4,7,17,,7.8431816455198415,,,
ROBOT_RELOC,,4,8,0,,7.85613689927315,,,
ROBOT_RELOC,,4,8,1,,10.381395517231278,,,
ROBOT_RELOC,,4,8,2,,7.364608191262835,,,
ROBOT_RELOC,,4,8,3,,6.214980933295949,,,
ROBOT_RELOC,,4,8,4,,9.003240043790603,,,
ROBOT_RELOC,,4,8,5,,6.319488390542188,,,
ROBOT_RELOC,,4,8,6,,6.052071647677973,,,
ROBOT_RELOC,,4,8,7,,2.882389585470926,,,
ROBOT_RELOC,,4,8,8,,0.0,,,
ROBOT_RELOC,,4,8,9,,3.642392847530597,,,
ROBOT_RELOC,,4,8,10,,10.114291281557886,,,
ROBOT_RELOC,,4,8,11,,10.39941332827679,,,
ROBOT_RELOC,,4,8,12,,6.619662760808554,,,
ROBOT_RELOC,,4,8,13,,8.149174165056298,,,
ROBOT_RELOC,,4,8,14,,11.678377812003813,,,
ROBOT_RELOC,,4,8,15,,7.033819737525262,,,
ROBOT_RELOC,,4,8,16,,9.746923664752726,,,
ROBOT_RELOC,,4,8,17,,7.74025389197915,,,
ROBOT_RELOC,,4,9,0,,11.501432119399887,,,
ROBOT_RELOC,,4,9,1,,10.13395599195631,,,
ROBOT_RELOC,,4,9,2,,10.989358038804646,,,
ROBOT_RELOC,,4,9,3,,10.947158518002551,,,
ROBOT_RELOC,,4,9,4,,7.568857168348645,,,
ROBOT_RELOC,,4,9,5,,4.803966832501962,,,
ROBOT_RELOC,,4,9,6,,11.457220643603199,,,
ROBOT_RELOC,,4,9,7,,2.3168100619204814,,,
ROBOT_RELOC,,4,9,8,,3.5658245969726803,,,
ROBOT_RELOC,,4,9,9,,0.0,,,
ROBOT_RELOC,,4,9,10,,9.469311297428558,,,
ROBOT_RELOC,,4,9,11,,10.203066913575817,,,
ROBOT_RELOC,,4,9,12,,6.816976538298302,,,
ROBOT_RELOC,,4,9,13,,5.615279279548519,,,
ROBOT_RELOC,,4,9,14,,9.815808602475304,,,
ROBOT_RELOC,,4,9,15,,9.747826986886531,,,
ROBOT_RELOC,,4,9,16,,9.789594598121456,,,
ROBOT_RELOC,,4,9,17,,8.936763403726328,,,
ROBOT_RELOC,,4,10,0,,5.167951222957791,,,
ROBOT_RELOC,,4,10,1,,10.96067112717311,,,
ROBOT_RELOC,,4,10,2,,5.359803849024372,,,
ROBOT_RELOC,,4,10,3,,9.951619309721602,,,
ROBOT_RELOC,,4,10,4,,8.744245934146818,,,
ROBOT_RELOC,,4,10,5,,10.508599679247018,,,
ROBOT_RELOC,,4,10,6,,5.438680501593986,,,
ROBOT_RELOC,,4,10,7,,11.360565066401339,,,
ROBOT_RELOC,,4,10,8,,10.84471497475585,,,
ROBOT_RELOC,,4,10,9,,11.305705556629363,,,
ROBOT_RELOC,,4,10,10,,0.0,,,
ROBOT_RELOC,,4,10,11,,4.011628735491753,,,
ROBOT_RELOC,,4,10,12,,1.5250988504215712,,,
ROBOT_RELOC,,4,10,13,,11.571853924244975,,,
ROBOT_RELOC,,4,10,14,,6.71501953505512,,,
ROBOT_RELOC,,4,10,15,,10.144484973511597,,,
ROBOT_RELOC,,4,10,16,,6.299727950997159,,,
ROBOT_RELOC,,4,10,17,,4.73376320728307,,,
ROBOT_RELOC,,4,11,0,,5.409377309760658,,,
ROBOT_RELOC,,4,11,1,,8.700837390386518,,,
ROBOT_RELOC,,4,11,2,,5.926265349218831,,,
ROBOT_RELOC,,4,11,3,,7.407415658202264,,,
ROBOT_RELOC,,4,11,4,,11.302862114587782,,,
ROBOT_RELOC,,4,11,5,,8.499009120383224,,,
ROBOT_RELOC,,4,11,6,,6.512457138637965,,,
ROBOT_RELOC,,4,11,7,,7.832792928874004,,,
ROBOT_RELOC,,4,11,8,,7.1467296839244465,,,
ROBOT_RELOC,,4,11,9,,10.721837061698512,,,
ROBOT_RELOC,,4,11,10,,4.2509451523455795,,,
ROBOT_RELOC,,4,11,11,,0.0,,,
ROBOT_RELOC,,4,11,12,,3.119924748491281,,,
ROBOT_RELOC,,4,11,13,,10.437094234591633,,,
ROBOT_RELOC,,4,11,14,,8.80390442546187,,,
ROBOT_RELOC,,4,11,15,,4.987293139526338,,,
ROBOT_RELOC,,4,11,16,,4.724563365800655,,,
ROBOT_RELOC,,4,11,17,,6.31565133346227,,,
ROBOT_RELOC,,4,12,0,,8.08141481491754,,,
ROBOT_RELOC,,4,12,1,,6.546357575685075,,,
ROBOT_RELOC,,4,12,2,,10.070189716230052,,,
ROBOT_RELOC,,4,12,3,,7.903249573445195,,,
ROBOT_RELOC,,4,12,4,,6.605063139666935,,,
ROBOT_RELOC,,4,12,5,,11.184420147947055,,,
ROBOT_RELOC,,4,12,6,,11.538851572502558,,,
ROBOT_RELOC,,4,12,7,,11.923103870626093,,,
ROBOT_RELOC,,4,12,8,,8.316214221024012,,,
ROBOT_RELOC,,4,12,9,,10.79000314451734,,,
ROBOT_RELOC,,4,12,10,,3.982126633031788,,,
ROBOT_RELOC,,4,12,11,,2.677640232250636,,,
ROBOT_RELOC,,4,12,12,,0.0,,,
ROBOT_RELOC,,4,12,13,,8.154137896881036,,,
ROBOT_RELOC,,4,12,14,,9.546392226625578,,,
ROBOT_RELOC,,4,12,15,,4.5952801151086256,,,
ROBOT_RELOC,,4,12,16,,6.55847509629879,,,
ROBOT_RELOC,,4,12,17,,6.949766609292282,,,
ROBOT_RELOC,,4,13,0,,4.904164264026862,,,
ROBOT_RELOC,,4,13,1,,9.293946238487976,,,
ROBOT_RELOC,,4,13,2,,5.627130655841615,,,
ROBOT_RELOC,,4,13,3,,5.829247223110833,,,
ROBOT_RELOC,,4,13,4,,6.584798176925021,,,
ROBOT_RELOC,,4,13,5,,6.958393925174043,,,
ROBOT_RELOC,,4,13,6,,5.585851427550651,,,
ROBOT_RELOC,,4,13,7,,7.153238418136353,,,
ROBOT_RELOC,,4,13,8,,7.410978057670427,,,
ROBOT_RELOC,,4,13,9,,6.4497806279501875,,,
ROBOT_RELOC,,4,13,10,,5.889370742113901,,,
ROBOT_RELOC,,4,13,11,,6.56758366965588,,,
ROBOT_RELOC,,4,13,12,,5.473299092152611,,,
ROBOT_RELOC,,4,13,13,,0.0,,,
ROBOT_RELOC,,4,13,14,,3.7785794624672557,,,
ROBOT_RELOC,,4,13,15,,8.609359453546348,,,
ROBOT_RELOC,,4,13,16,,10.389160228993058,,,
ROBOT_RELOC,,4,13,17,,8.092855362005528,,,
ROBOT_RELOC,,4,14,0,,7.492969893745657,,,
ROBOT_RELOC,,4,14,1,,9.29127723529852,,,
ROBOT_RELOC,,4,14,2,,9.746879672626457,,,
ROBOT_RELOC,,4,14,3,,11.137892517657448,,,
ROBOT_RELOC,,4,14,4,,7.152604861017146,,,
ROBOT_RELOC,,4,14,5,,11.821319384141056,,,
ROBOT_RELOC,,4,14,6,,11.53243731779082,,,
ROBOT_RELOC,,4,14,7,,6.338770419109256,,,
ROBOT_RELOC,,4,14,8,,5.68359876333804,,,
ROBOT_RELOC,,4,14,9,,6.804392173921726,,,
ROBOT_RELOC,,4,14,10,,11.184329106030514,,,
ROBOT_RELOC,,4,14,11,,9.228369577568296,,,
ROBOT_RELOC,,4,14,12,,4.7417469269795625,,,
ROBOT_RELOC,,4,14,13,,2.8804054350348287,,,
ROBOT_RELOC,,4,14,14,,0.0,,,
ROBOT_RELOC,,4,14,15,,10.664653339513194,,,
ROBOT_RELOC,,4,14,16,,10.362525095838272,,,
ROBOT_RELOC,,4,14,17,,9.287033236105739,,,
ROBOT_RELOC,,4,15,0,,6.1338750196470695,,,
ROBOT_RELOC,,4,15,1,,7.067772348884918,,,
ROBOT_RELOC,,4,15,2,,5.290229325175012,,,
ROBOT_RELOC,,4,15,3,,10.358404070302178,,,
ROBOT_RELOC,,4,15,4,,10.190890230407348,,,
ROBOT_RELOC,,4,15,5,,7.190695193108558,,,
ROBOT_RELOC,,4,15,6,,11.601535840342173,,,
ROBOT_RELOC,,4,15,7,,5.521502237426871,,,
ROBOT_RELOC,,4,15,8,,5.811121071526829,,,
ROBOT_RELOC,,4,15,9,,8.824158447633224,,,
ROBOT_RELOC,,4,15,10,,6.046164777043337,,,
ROBOT_RELOC,,4,15,11,,11.506509004954044,,,
ROBOT_RELOC,,4,15,12,,9.430049220773,,,
ROBOT_RELOC,,4,15,13,,8.509449250687478,,,
ROBOT_RELOC,,4,15,14,,10.269597705427593,,,
ROBOT_RELOC,,4,15,15,,0.0,,,
ROBOT_RELOC,,4,15,16,,2.7774377625956426,,,
ROBOT_RELOC,,4,15,17,,2.9519318850556306,,,
ROBOT_RELOC,,4,16,0,,4.741960405829398,,,
ROBOT_RELOC,,4,16,1,,11.30853295861423,,,
ROBOT_RELOC,,4,16,2,,7.5435363286580905,,,
ROBOT_RELOC,,4,16,3,,8.805830832334202,,,
ROBOT_RELOC,,4,16,4,,6.762112148733291,,,
ROBOT_RELOC,,4,16,5,,5.71966909884614,,,
ROBOT_RELOC,,4,16,6,,8.266208627662644,,,
ROBOT_RELOC,,4,16,7,,11.412200001280452,,,
ROBOT_RELOC,,4,16,8,,5.181843342225728,,,
ROBOT_RELOC,,4,16,9,,5.741719324687576,,,
ROBOT_RELOC,,4,16,10,,10.816730225040363,,,
ROBOT_RELOC,,4,16,11,,10.425956925205508,,,
ROBOT_RELOC,,4,16,12,,6.819174964698598,,,
ROBOT_RELOC,,4,16,13,,10.845069540150556,,,
ROBOT_RELOC,,4,16,14,,10.049939125171221,,,
ROBOT_RELOC,,4,16,15,,2.6070491330345824,,,
ROBOT_RELOC,,4,16,16,,0.0,,,
ROBOT_RELOC,,4,16,17,,1.9980354141636687,,,
ROBOT_RELOC,,4,17,0,,6.206794052576586,,,
ROBOT_RELOC,,4,17,1,,6.3349922852534,,,
ROBOT_RELOC,,4,17,2,,4.707255661029006,,,
ROBOT_RELOC,,4,17,3,,8.05810359205806,,,
ROBOT_RELOC,,4,17,4,,11.850184301118603,,,
ROBOT_RELOC,,4,17,5,,11.174266241923803,,,
ROBOT_RELOC,,4,17,6,,10.32512925681958,,,
ROBOT_RELOC,,4,17,7,,8.057518226791647,,,
ROBOT_RELOC,,4,17,8,,7.6857167582563575,,,
ROBOT_RELOC,,4,17,9,,6.136995829669653,,,
ROBOT_RELOC,,4,17,10,,8.21240740978082,,,
ROBOT_RELOC,,4,17,11,,11.11820154547862,,,
ROBOT_RELOC,,4,17,12,,9.555441635767767,,,
ROBOT_RELOC,,4,17,13,,10.083082719801208,,,
ROBOT_RELOC,,4,17,14,,6.846622930201878,,,
ROBOT_RELOC,,4,17,15,,2.1050719636146464,,,
ROBOT_RELOC,,4,17,16,,2.2705532373759976,,,
ROBOT_RELOC,,4,17,17,,0.0,,,
ROBOT_RELOC,,5,0,0,,0.0,,,
ROBOT_RELOC,,5,0,1,,2.756671005249154,,,
ROBOT_RELOC,,5,0,2,,11.57105976214885,,,
ROBOT_RELOC,,5,0,3,,5.182267891982624,,,
ROBOT_RELOC,,5,0,4,,8.779819303714849,,,
ROBOT_RELOC,,5,0,5,,10.471174089710107,,,
ROBOT_RELOC,,5,0,6,,9.30619305420785,,,
ROBOT_RELOC,,5,0,7,,7.316139943996591,,,
ROBOT_RELOC,,5,0,8,,8.930947921028492,,,
ROBOT_RELOC,,5,0,9,,8.284581175561993,,,
ROBOT_RELOC,,5,0,10,,7.997832413429203,,,
ROBOT_RELOC,,5,0,11,,7.990136173113494,,,
ROBOT_RELOC,,5,0,12,,5.0211013191888245,,,
ROBOT_RELOC,,5,0,13,,9.175028312469468,,,
ROBOT_RELOC,,5,0,14,,7.091716031525721,,,
ROBOT_RELOC,,5,0,15,,6.424894198964152,,,
ROBOT_RELOC,,5,0,16,,10.377752521983858,,,
ROBOT_RELOC,,5,0,17,,4.7258958034403395,,,
ROBOT_RELOC,,5,1,0,,3.345693702629567,,,
ROBOT_RELOC,,5,1,1,,0.0,,,
ROBOT_RELOC,,5,1,2,,8.6142891781087,,,
ROBOT_RELOC,,5,1,3,,5.695829624500252,,,
ROBOT_RELOC,,5,1,4,,7.65969709307395,,,
ROBOT_RELOC,,5,1,5,,7.416317387705288,,,
ROBOT_RELOC,,5,1,6,,7.369907075440149,,,
ROBOT_RELOC,,5,1,7,,8.786329031374947,,,
ROBOT_RELOC,,5,1,8,,4.690843215460838,,,
ROBOT_RELOC,,5,1,9,,8.770024558888014,,,
ROBOT_RELOC,,5,1,10,,4.831332465137228,,,
ROBOT_RELOC,,5,1,11,,7.865241643613288,,,
ROBOT_RELOC,,5,1,12,,11.371197121957314,,,
ROBOT_RELOC,,5,1,13,,11.517397686967504,,,
ROBOT_RELOC,,5,1,14,,7.669237646163376,,,
ROBOT_RELOC,,5,1,15,,9.275829732170745,,,
ROBOT_RELOC,,5,1,16,,11.454808739725793,,,
ROBOT_RELOC,,5,1,17,,11.12422505172475,,,
ROBOT_RELOC,,5,2,0,,10.60854051142304,,,
ROBOT_RELOC,,5,2,1,,5.20911969010483,,,
ROBOT_RELOC,,5,2,2,,0.0,,,
ROBOT_RELOC,,5,2,3,,9.249442201447621,,,
ROBOT_RELOC,,5,2,4,,11.652298207814322,,,
ROBOT_RELOC,,5,2,5,,5.873421602476067,,,
ROBOT_RELOC,,5,2,6,,8.691498166227811,,,
ROBOT_RELOC,,5,2,7,,10.140929605555272,,,
ROBOT_RELOC,,5,2,8,,5.304818842915032,,,
ROBOT_RELOC,,5,2,9,,8.080800281352925,,,
ROBOT_RELOC,,5,2,10,,11.119678966797593,,,
ROBOT_RELOC,,5,2,11,,9.64276109715141,,,
ROBOT_RELOC,,5,2,12,,10.464190802210219,,,
ROBOT_RELOC,,5,2,13,,5.9488610730997795,,,
ROBOT_RELOC,,5,2,14,,8.311598467141021,,,
ROBOT_RELOC,,5,2,15,,4.569271533097273,,,
ROBOT_RELOC,,5,2,16,,10.754647213027978,,,
ROBOT_RELOC,,5,2,17,,4.9872157474175784,,,
ROBOT_RELOC,,5,3,0,,11.227280788816621,,,
ROBOT_RELOC,,5,3,1,,9.998539755108206,,,
ROBOT_RELOC,,5,3,2,,10.640143556611097,,,
ROBOT_RELOC,,5,3,3,,0.0,,,
ROBOT_RELOC,,5,3,4,,3.4282614375733065,,,
ROBOT_RELOC,,5,3,5,,3.3359803814492324,,,
ROBOT_RELOC,,5,3,6,,6.4488890942909105,,,
ROBOT_RELOC,,5,3,7,,9.244586048521558,,,
ROBOT_RELOC,,5,3,8,,9.352876589570617,,,
ROBOT_RELOC,,5,3,9,,10.842670438006836,,,
ROBOT_RELOC,,5,3,10,,9.622134337828912,,,
ROBOT_RELOC,,5,3,11,,7.53577499907321,,,
ROBOT_RELOC,,5,3,12,,11.717154372218781,,,
ROBOT_RELOC,,5,3,13,,7.799348214957684,,,
ROBOT_RELOC,,5,3,14,,8.209721964397687,,,
ROBOT_RELOC,,5,3,15,,4.595193940328027,,,
ROBOT_RELOC,,5,3,16,,8.182489661319185,,,
ROBOT_RELOC,,5,3,17,,9.433050367804867,,,
ROBOT_RELOC,,5,4,0,,4.733548793030247,,,
ROBOT_RELOC,,5,4,1,,11.179898876489773,,,
ROBOT_RELOC,,5,4,2,,9.328386897906908,,,
ROBOT_RELOC,,5,4,3,,2.793670569407608,,,
ROBOT_RELOC,,5,4,4,,0.0,,,
ROBOT_RELOC,,5,4,5,,3.09740962823174,,,
ROBOT_RELOC,,5,4,6,,7.942394715274924,,,
ROBOT_RELOC,,5,4,7,,8.294680998909438,,,
ROBOT_RELOC,,5,4,8,,7.028191424395134,,,
ROBOT_RELOC,,5,4,9,,10.010706575644978,,,
ROBOT_RELOC,,5,4,10,,6.667272762418396,,,
ROBOT_RELOC,,5,4,11,,9.241018918657904,,,
ROBOT_RELOC,,5,4,12,,7.586757902953643,,,
ROBOT_RELOC,,5,4,13,,11.225185065186649,,,
ROBOT_RELOC,,5,4,14,,8.870059853129021,,,
ROBOT_RELOC,,5,4,15,,5.287819816355549,,,
ROBOT_RELOC,,5,4,16,,11.40575641280732,,,
ROBOT_RELOC,,5,4,17,,11.038646895165249,,,
ROBOT_RELOC,,5,5,0,,8.365652262143378,,,
ROBOT_RELOC,,5,5,1,,6.260392965181079,,,
ROBOT_RELOC,,5,5,2,,6.691761796507012,,,
ROBOT_RELOC,,5,5,3,,1.6031249682628217,,,
ROBOT_RELOC,,5,5,4,,1.6319553983483286,,,
ROBOT_RELOC,,5,5,5,,0.0,,,
ROBOT_RELOC,,5,5,6,,7.013576708701028,,,
ROBOT_RELOC,,5,5,7,,9.644198034268221,,,
ROBOT_RELOC,,5,5,8,,4.750409495337852,,,
ROBOT_RELOC,,5,5,9,,11.102621740750193,,,
ROBOT_RELOC,,5,5,10,,9.941209777938138,,,
ROBOT_RELOC,,5,5,11,,10.524376188073571,,,
ROBOT_RELOC,,5,5,12,,9.91410538058969,,,
ROBOT_RELOC,,5,5,13,,9.314709824287544,,,
ROBOT_RELOC,,5,5,14,,5.370490704895212,,,
ROBOT_RELOC,,5,5,15,,5.972979451809435,,,
ROBOT_RELOC,,5,5,16,,8.683064661608777,,,
ROBOT_RELOC,,5,5,17,,11.182584489618868,,,
ROBOT_RELOC,,5,6,0,,10.45430980461985,,,
ROBOT_RELOC,,5,6,1,,7.918387453772173,,,
ROBOT_RELOC,,5,6,2,,4.950605801845885,,,
ROBOT_RELOC,,5,6,3,,6.667717260430759,,,
ROBOT_RELOC,,5,6,4,,11.883592705875827,,,
ROBOT_RELOC,,5,6,5,,10.688076425726003,,,
ROBOT_RELOC,,5,6,6,,0.0,,,
ROBOT_RELOC,,5,6,7,,7.341164035872816,,,
ROBOT_RELOC,,5,6,8,,4.637550433336297,,,
ROBOT_RELOC,,5,6,9,,6.834010889256712,,,
ROBOT_RELOC,,5,6,10,,6.626590456847454,,,
ROBOT_RELOC,,5,6,11,,10.115855849562795,,,
ROBOT_RELOC,,5,6,12,,8.524227649570246,,,
ROBOT_RELOC,,5,6,13,,7.00873300169096,,,
ROBOT_RELOC,,5,6,14,,9.813655024317953,,,
ROBOT_RELOC,,5,6,15,,8.888207249087083,,,
ROBOT_RELOC,,5,6,16,,7.6782734711863805,,,
ROBOT_RELOC,,5,6,17,,5.333390686991869,,,
ROBOT_RELOC,,5,7,0,,9.60142773619027,,,
ROBOT_RELOC,,5,7,1,,4.779908037960848,,,
ROBOT_RELOC,,5,7,2,,11.960190158728846,,,
ROBOT_RELOC,,5,7,3,,7.066262223741086,,,
ROBOT_RELOC,,5,7,4,,5.85557460193937,,,
ROBOT_RELOC,,5,7,5,,6.02562769689634,,,
ROBOT_RELOC,,5,7,6,,11.801821254919323,,,
ROBOT_RELOC,,5,7,7,,0.0,,,
ROBOT_RELOC,,5,7,8,,4.145382588113653,,,
ROBOT_RELOC,,5,7,9,,3.3362478327573175,,,
ROBOT_RELOC,,5,7,10,,5.448234417216055,,,
ROBOT_RELOC,,5,7,11,,6.594333346535841,,,
ROBOT_RELOC,,5,7,12,,10.01216360209858,,,
ROBOT_RELOC,,5,7,13,,9.98342179923916,,,
ROBOT_RELOC,,5,7,14,,9.687158110305989,,,
ROBOT_RELOC,,5,7,15,,7.287036059270857,,,
ROBOT_RELOC,,5,7,16,,5.019004385664489,,,
ROBOT_RELOC,,5,7,17,,4.60229697451849,,,
ROBOT_RELOC,,5,8,0,,8.608490702835404,,,
ROBOT_RELOC,,5,8,1,,6.973323413106042,,,
ROBOT_RELOC,,5,8,2,,6.836964479035982,,,
ROBOT_RELOC,,5,8,3,,6.257947059991064,,,
ROBOT_RELOC,,5,8,4,,8.720911722747768,,,
ROBOT_RELOC,,5,8,5,,6.229171647417507,,,
ROBOT_RELOC,,5,8,6,,7.810976698391633,,,
ROBOT_RELOC,,5,8,7,,3.498604624632173,,,
ROBOT_RELOC,,5,8,8,,0.0,,,
ROBOT_RELOC,,5,8,9,,3.247252931029571,,,
ROBOT_RELOC,,5,8,10,,11.918772182388967,,,
ROBOT_RELOC,,5,8,11,,9.120170643452694,,,
ROBOT_RELOC,,5,8,12,,6.118590618196722,,,
ROBOT_RELOC,,5,8,13,,5.424588754399214,,,
ROBOT_RELOC,,5,8,14,,11.141796778807624,,,
ROBOT_RELOC,,5,8,15,,11.947666877934392,,,
ROBOT_RELOC,,5,8,16,,7.181111778350849,,,
ROBOT_RELOC,,5,8,17,,8.553811221400494,,,
ROBOT_RELOC,,5,9,0,,4.961791958662841,,,
ROBOT_RELOC,,5,9,1,,11.607122036468914,,,
ROBOT_RELOC,,5,9,2,,6.413623458316169,,,
ROBOT_RELOC,,5,9,3,,7.8734593688209555,,,
ROBOT_RELOC,,5,9,4,,7.404912337208461,,,
ROBOT_RELOC,,5,9,5,,5.9250116741849315,,,
ROBOT_RELOC,,5,9,6,,10.573445307194957,,,
ROBOT_RELOC,,5,9,7,,3.7242668888524735,,,
ROBOT_RELOC,,5,9,8,,2.0266736789154343,,,
ROBOT_RELOC,,5,9,9,,0.0,,,
ROBOT_RELOC,,5,9,10,,7.581183972270826,,,
ROBOT_RELOC,,5,9,11,,6.508343144713297,,,
ROBOT_RELOC,,5,9,12,,6.84763940450094,,,
ROBOT_RELOC,,5,9,13,,5.382235952662828,,,
ROBOT_RELOC,,5,9,14,,7.499595948839665,,,
ROBOT_RELOC,,5,9,15,,9.5496643611493,,,
ROBOT_RELOC,,5,9,16,,11.685394058074204,,,
ROBOT_RELOC,,5,9,17,,9.782308528208889,,,
ROBOT_RELOC,,5,10,0,,7.273511690236637,,,
ROBOT_RELOC,,5,10,1,,5.218352032977872,,,
ROBOT_RELOC,,5,10,2,,4.900523822501924,,,
ROBOT_RELOC,,5,10,3,,5.26367375266295,,,
ROBOT_RELOC,,5,10,4,,6.00253812126413,,,
ROBOT_RELOC,,5,10,5,,8.67287398037136,,,
ROBOT_RELOC,,5,10,6,,9.507435940893323,,,
ROBOT_RELOC,,5,10,7,,5.089698834693006,,,
ROBOT_RELOC,,5,10,8,,5.230558626968666,,,
ROBOT_RELOC,,5,10,9,,5.031236815621386,,,
ROBOT_RELOC,,5,10,10,,0.0,,,
ROBOT_RELOC,,5,10,11,,3.051729188053753,,,
ROBOT_RELOC,,5,10,12,,2.8415585779736596,,,
ROBOT_RELOC,,5,10,13,,9.345856888829925,,,
ROBOT_RELOC,,5,10,14,,8.233579358743924,,,
ROBOT_RELOC,,5,10,15,,4.651902924243923,,,
ROBOT_RELOC,,5,10,16,,6.205705950655833,,,
ROBOT_RELOC,,5,10,17,,4.637622136770933,,,
ROBOT_RELOC,,5,11,0,,6.896285578981945,,,
ROBOT_RELOC,,5,11,1,,5.181160613588368,,,
ROBOT_RELOC,,5,11,2,,8.491721860396877,,,
ROBOT_RELOC,,5,11,3,,10.096423846012371,,,
ROBOT_RELOC,,5,11,4,,4.95909532370077,,,
ROBOT_RELOC,,5,11,5,,9.614453916168738,,,
ROBOT_RELOC,,5,11,6,,10.708532259970976,,,
ROBOT_RELOC,,5,11,7,,4.832537441152985,,,
ROBOT_RELOC,,5,11,8,,5.677675975130714,,,
ROBOT_RELOC,,5,11,9,,5.9008096264287175,,,
ROBOT_RELOC,,5,11,10,,3.952134562286631,,,
ROBOT_RELOC,,5,11,11,,0.0,,,
ROBOT_RELOC,,5,11,12,,3.459745455477584,,,
ROBOT_RELOC,,5,11,13,,8.159093468572127,,,
ROBOT_RELOC,,5,11,14,,4.840229886362752,,,
ROBOT_RELOC,,5,11,15,,9.168885674892348,,,
ROBOT_RELOC,,5,11,16,,11.138541001213337,,,
ROBOT_RELOC,,5,11,17,,7.335139538980694,,,
ROBOT_RELOC,,5,12,0,,4.873883216074024,,,
ROBOT_RELOC,,5,12,1,,6.048502701738548,,,
ROBOT_RELOC,,5,12,2,,9.268352502402134,,,
ROBOT_RELOC,,5,12,3,,5.573220661385196,,,
ROBOT_RELOC,,5,12,4,,8.57598776612874,,,
ROBOT_RELOC,,5,12,5,,5.680272017911016,,,
ROBOT_RELOC,,5,12,6,,4.962688279212,,,
ROBOT_RELOC,,5,12,7,,5.2371103286078755,,,
ROBOT_RELOC,,5,12,8,,6.960805718236397,,,
ROBOT_RELOC,,5,12,9,,8.082780166507463,,,
ROBOT_RELOC,,5,12,10,,3.099220747155352,,,
ROBOT_RELOC,,5,12,11,,3.6040978875149365,,,
ROBOT_RELOC,,5,12,12,,0.0,,,
ROBOT_RELOC,,5,12,13,,9.038721018050861,,,
ROBOT_RELOC,,5,12,14,,4.837111974886886,,,
ROBOT_RELOC,,5,12,15,,9.308465043682274,,,
ROBOT_RELOC,,5,12,16,,11.289081788588497,,,
ROBOT_RELOC,,5,12,17,,6.327655444376315,,,
ROBOT_RELOC,,5,13,0,,7.285667231496165,,,
ROBOT_RELOC,,5,13,1,,10.539582158261227,,,
ROBOT_RELOC,,5,13,2,,10.469188748658208,,,
ROBOT_RELOC,,5,13,3,,7.884563763946353,,,
ROBOT_RELOC,,5,13,4,,11.271690044147832,,,
ROBOT_RELOC,,5,13,5,,7.295105706498006,,,
ROBOT_RELOC,,5,13,6,,11.900170290623132,,,
ROBOT_RELOC,,5,13,7,,5.7472509222594255,,,
ROBOT_RELOC,,5,13,8,,9.195383898455516,,,
ROBOT_RELOC,,5,13,9,,5.484632967388854,,,
ROBOT_RELOC,,5,13,10,,9.62351402588046,,,
ROBOT_RELOC,,5,13,11,,9.151218811867931,,,
ROBOT_RELOC,,5,13,12,,8.179922754881305,,,
ROBOT_RELOC,,5,13,13,,0.0,,,
ROBOT_RELOC,,5,13,14,,2.7996860157053316,,,
ROBOT_RELOC,,5,13,15,,6.648811322182736,,,
ROBOT_RELOC,,5,13,16,,6.709920366871561,,,
ROBOT_RELOC,,5,13,17,,5.522903577237494,,,
ROBOT_RELOC,,5,14,0,,9.760257856423763,,,
ROBOT_RELOC,,5,14,1,,10.306240951707409,,,
ROBOT_RELOC,,5,14,2,,6.061242632871376,,,
ROBOT_RELOC,,5,14,3,,9.488534944171949,,,
ROBOT_RELOC,,5,14,4,,5.423720704236264,,,
ROBOT_RELOC,,5,14,5,,7.7167930631269135,,,
ROBOT_RELOC,,5,14,6,,7.325613115589487,,,
ROBOT_RELOC,,5,14,7,,7.660276745322638,,,
ROBOT_RELOC,,5,14,8,,11.700812478051203,,,
ROBOT_RELOC,,5,14,9,,10.249371047451486,,,
ROBOT_RELOC,,5,14,10,,7.76332625782778,,,
ROBOT_RELOC,,5,14,11,,10.106624894210546,,,
ROBOT_RELOC,,5,14,12,,7.350325933343074,,,
ROBOT_RELOC,,5,14,13,,4.011022086248131,,,
ROBOT_RELOC,,5,14,14,,0.0,,,
ROBOT_RELOC,,5,14,15,,7.678073980855636,,,
ROBOT_RELOC,,5,14,16,,4.953229110466382,,,
ROBOT_RELOC,,5,14,17,,9.739296651231957,,,
ROBOT_RELOC,,5,15,0,,11.689637776318103,,,
ROBOT_RELOC,,5,15,1,,6.690699693477129,,,
ROBOT_RELOC,,5,15,2,,10.899385179910754,,,
ROBOT_RELOC,,5,15,3,,7.488631931917958,,,
ROBOT_RELOC,,5,15,4,,11.231643401501685,,,
ROBOT_RELOC,,5,15,5,,6.085877409939123,,,
ROBOT_RELOC,,5,15,6,,10.700616418405714,,,
ROBOT_RELOC,,5,15,7,,4.874631140922635,,,
ROBOT_RELOC,,5,15,8,,8.732355606520642,,,
ROBOT_RELOC,,5,15,9,,11.638361727861243,,,
ROBOT_RELOC,,5,15,10,,7.424446877341622,,,
ROBOT_RELOC,,5,15,11,,8.32237897351698,,,
ROBOT_RELOC,,5,15,12,,6.610324476988005,,,
ROBOT_RELOC,,5,15,13,,5.039848181220146,,,
ROBOT_RELOC,,5,15,14,,8.560336962734034,,,
ROBOT_RELOC,,5,15,15,,0.0,,,
ROBOT_RELOC,,5,15,16,,2.8143704167421255,,,
ROBOT_RELOC,,5,15,17,,3.125798920784986,,,
ROBOT_RELOC,,5,16,0,,11.03649780416713,,,
ROBOT_RELOC,,5,16,1,,4.99778289977694,,,
ROBOT_RELOC,,5,16,2,,11.21968736806562,,,
ROBOT_RELOC,,5,16,3,,9.516127528616648,,,
ROBOT_RELOC,,5,16,4,,5.610713046444903,,,
ROBOT_RELOC,,5,16,5,,8.05237591098816,,,
ROBOT_RELOC,,5,16,6,,11.715042668983028,,,
ROBOT_RELOC,,5,16,7,,11.024109725973357,,,
ROBOT_RELOC,,5,16,8,,10.691577677603895,,,
ROBOT_RELOC,,5,16,9,,9.54924868888617,,,
ROBOT_RELOC,,5,16,10,,9.938726046524991,,,
ROBOT_RELOC,,5,16,11,,11.457719815739653,,,
ROBOT_RELOC,,5,16,12,,6.807120579701174,,,
ROBOT_RELOC,,5,16,13,,8.717948251308108,,,
ROBOT_RELOC,,5,16,14,,6.687573871564517,,,
ROBOT_RELOC,,5,16,15,,3.3502444437211105,,,
ROBOT_RELOC,,5,16,16,,0.0,,,
ROBOT_RELOC,,5,16,17,,2.1562949864089624,,,
ROBOT_RELOC,,5,17,0,,8.377640828747374,,,
ROBOT_RELOC,,5,17,1,,5.216926499874158,,,
ROBOT_RELOC,,5,17,2,,9.136693594686035,,,
ROBOT_RELOC,,5,17,3,,6.902297446790767,,,
ROBOT_RELOC,,5,17,4,,7.849882809224254,,,
ROBOT_RELOC,,5,17,5,,7.869300460488639,,,
ROBOT_RELOC,,5,17,6,,4.636975355499996,,,
ROBOT_RELOC,,5,17,7,,7.636858052410535,,,
ROBOT_RELOC,,5,17,8,,10.172910175580428,,,
ROBOT_RELOC,,5,17,9,,9.033219124196393,,,
ROBOT_RELOC,,5,17,10,,10.47236312606166,,,
ROBOT_RELOC,,5,17,11,,6.977957576051802,,,
ROBOT_RELOC,,5,17,12,,11.679582545545134,,,
ROBOT_RELOC,,5,17,13,,5.354590114843944,,,
ROBOT_RELOC,,5,17,14,,10.03036286201067,,,
ROBOT_RELOC,,5,17,15,,2.5388789911807232,,,
ROBOT_RELOC,,5,17,16,,3.785447030114628,,,
ROBOT_RELOC,,5,17,17,,0.0,,,
ROBOT_RELOC,,6,0,0,,0.0,,,
ROBOT_RELOC,,6,0,1,,4.276828692851146,,,
ROBOT_RELOC,,6,0,2,,10.796176779093335,,,
ROBOT_RELOC,,6,0,3,,10.17248912115879,,,
ROBOT_RELOC,,6,0,4,,6.0319853477600045,,,
ROBOT_RELOC,,6,0,5,,5.104986169374255,,,
ROBOT_RELOC,,6,0,6,,9.691394264332995,,,
ROBOT_RELOC,,6,0,7,,11.796696899317533,,,
ROBOT_RELOC,,6,0,8,,6.374063681203042,,,
ROBOT_RELOC,,6,0,9,,9.321384035937596,,,
ROBOT_RELOC,,6,0,10,,8.145404946373347,,,
ROBOT_RELOC,,6,0,11,,8.660054525532338,,,
ROBOT_RELOC,,6,0,12,,7.541272062067986,,,
ROBOT_RELOC,,6,0,13,,11.970491113378387,,,
ROBOT_RELOC,,6,0,14,,5.515961609165748,,,
ROBOT_RELOC,,6,0,15,,9.992274258398668,,,
ROBOT_RELOC,,6,0,16,,11.892040785782722,,,
ROBOT_RELOC,,6,0,17,,5.361235460292786,,,
ROBOT_RELOC,,6,1,0,,1.5847882372819813,,,
ROBOT_RELOC,,6,1,1,,0.0,,,
ROBOT_RELOC,,6,1,2,,11.017110639284585,,,
ROBOT_RELOC,,6,1,3,,6.044811408597907,,,
ROBOT_RELOC,,6,1,4,,5.004192965671047,,,
ROBOT_RELOC,,6,1,5,,9.489680769443034,,,
ROBOT_RELOC,,6,1,6,,11.0371946157338,,,
ROBOT_RELOC,,6,1,7,,8.873354188017403,,,
ROBOT_RELOC,,6,1,8,,5.816880616826997,,,
ROBOT_RELOC,,6,1,9,,8.25975613028455,,,
ROBOT_RELOC,,6,1,10,,10.278803839743203,,,
ROBOT_RELOC,,6,1,11,,5.32641142147166,,,
ROBOT_RELOC,,6,1,12,,7.507548610173206,,,
ROBOT_RELOC,,6,1,13,,10.612832655221958,,,
ROBOT_RELOC,,6,1,14,,10.952550239225888,,,
ROBOT_RELOC,,6,1,15,,11.920158073973816,,,
ROBOT_RELOC,,6,1,16,,6.957588725094946,,,
ROBOT_RELOC,,6,1,17,,10.707420317000256,,,
ROBOT_RELOC,,6,2,0,,9.81019962242905,,,
ROBOT_RELOC,,6,2,1,,10.481306621080115,,,
ROBOT_RELOC,,6,2,2,,0.0,,,
ROBOT_RELOC,,6,2,3,,4.773857116220965,,,
ROBOT_RELOC,,6,2,4,,11.953932325748788,,,
ROBOT_RELOC,,6,2,5,,9.766911047712767,,,
ROBOT_RELOC,,6,2,6,,10.886822833857078,,,
ROBOT_RELOC,,6,2,7,,8.803218138048102,,,
ROBOT_RELOC,,6,2,8,,11.058487678578537,,,
ROBOT_RELOC,,6,2,9,,6.112083375267497,,,
ROBOT_RELOC,,6,2,10,,7.984528833136348,,,
ROBOT_RELOC,,6,2,11,,6.242039419205553,,,
ROBOT_RELOC,,6,2,12,,4.796953104336588,,,
ROBOT_RELOC,,6,2,13,,8.541450405177539,,,
ROBOT_RELOC,,6,2,14,,6.575461628577291,,,
ROBOT_RELOC,,6,2,15,,8.804398407175048,,,
ROBOT_RELOC,,6,2,16,,9.726601292845217,,,
ROBOT_RELOC,,6,2,17,,9.521462287174934,,,
ROBOT_RELOC,,6,3,0,,8.598778216462442,,,
ROBOT_RELOC,,6,3,1,,7.559296668181128,,,
ROBOT_RELOC,,6,3,2,,7.205925937919447,,,
ROBOT_RELOC,,6,3,3,,0.0,,,
ROBOT_RELOC,,6,3,4,,3.7669610203742954,,,
ROBOT_RELOC,,6,3,5,,2.7532422144554234,,,
ROBOT_RELOC,,6,3,6,,10.6912663688305,,,
ROBOT_RELOC,,6,3,7,,4.54756139514016,,,
ROBOT_RELOC,,6,3,8,,9.84902740732505,,,
ROBOT_RELOC,,6,3,9,,11.731513377389081,,,
ROBOT_RELOC,,6,3,10,,11.347982776729214,,,
ROBOT_RELOC,,6,3,11,,10.436146146722567,,,
ROBOT_RELOC,,6,3,12,,7.999002573051106,,,
ROBOT_RELOC,,6,3,13,,11.08815176828726,,,
ROBOT_RELOC,,6,3,14,,10.910045574792921,,,
ROBOT_RELOC,,6,3,15,,11.614638585083755,,,
ROBOT_RELOC,,6,3,16,,9.9714688316667,,,
ROBOT_RELOC,,6,3,17,,9.267285924282692,,,
ROBOT_RELOC,,6,4,0,,6.575721863826537,,,
ROBOT_RELOC,,6,4,1,,8.398677303983515,,,
ROBOT_RELOC,,6,4,2,,4.580490461893234,,,
ROBOT_RELOC,,6,4,3,,1.513159497990257,,,
ROBOT_RELOC,,6,4,4,,0.0,,,
ROBOT_RELOC,,6,4,5,,2.24329591962359,,,
ROBOT_RELOC,,6,4,6,,6.5816080400856185,,,
ROBOT_RELOC,,6,4,7,,5.797526197456556,,,
ROBOT_RELOC,,6,4,8,,10.525024379833912,,,
ROBOT_RELOC,,6,4,9,,9.304064621635108,,,
ROBOT_RELOC,,6,4,10,,11.130578795724464,,,
ROBOT_RELOC,,6,4,11,,7.94764221765595,,,
ROBOT_RELOC,,6,4,12,,9.937418993706949,,,
ROBOT_RELOC,,6,4,13,,5.139627799286861,,,
ROBOT_RELOC,,6,4,14,,5.841370785567593,,,
ROBOT_RELOC,,6,4,15,,7.464617460301378,,,
ROBOT_RELOC,,6,4,16,,4.523677232618841,,,
ROBOT_RELOC,,6,4,17,,7.543448887214307,,,
ROBOT_RELOC,,6,5,0,,8.666504972568138,,,
ROBOT_RELOC,,6,5,1,,6.794794119992951,,,
ROBOT_RELOC,,6,5,2,,5.423518681124036,,,
ROBOT_RELOC,,6,5,3,,1.81357202103901,,,
ROBOT_RELOC,,6,5,4,,3.1613247652893106,,,
ROBOT_RELOC,,6,5,5,,0.0,,,
ROBOT_RELOC,,6,5,6,,11.878245682122024,,,
ROBOT_RELOC,,6,5,7,,5.63873445068093,,,
ROBOT_RELOC,,6,5,8,,5.915555292282612,,,
ROBOT_RELOC,,6,5,9,,5.605848053937965,,,
ROBOT_RELOC,,6,5,10,,11.805707219327815,,,
ROBOT_RELOC,,6,5,11,,8.363740759546689,,,
ROBOT_RELOC,,6,5,12,,5.937239397857454,,,
ROBOT_RELOC,,6,5,13,,9.68154331191373,,,
ROBOT_RELOC,,6,5,14,,7.234076459093872,,,
ROBOT_RELOC,,6,5,15,,4.5129725605430195,,,
ROBOT_RELOC,,6,5,16,,9.85201546007005,,,
ROBOT_RELOC,,6,5,17,,7.007791144839496,,,
ROBOT_RELOC,,6,6,0,,8.760362017645862,,,
ROBOT_RELOC,,6,6,1,,10.27533735253171,,,
ROBOT_RELOC,,6,6,2,,10.185653730510277,,,
ROBOT_RELOC,,6,6,3,,7.1458514026087085,,,
ROBOT_RELOC,,6,6,4,,11.912721142737619,,,
ROBOT_RELOC,,6,6,5,,6.63206385351175,,,
ROBOT_RELOC,,6,6,6,,0.0,,,
ROBOT_RELOC,,6,6,7,,6.8780482934110125,,,
ROBOT_RELOC,,6,6,8,,8.35253273945672,,,
ROBOT_RELOC,,6,6,9,,9.474383577014027,,,
ROBOT_RELOC,,6,6,10,,8.589455545611933,,,
ROBOT_RELOC,,6,6,11,,5.519014871405597,,,
ROBOT_RELOC,,6,6,12,,5.6171614783898445,,,
ROBOT_RELOC,,6,6,13,,4.523233444673412,,,
ROBOT_RELOC,,6,6,14,,10.13839831431961,,,
ROBOT_RELOC,,6,6,15,,5.081077860441532,,,
ROBOT_RELOC,,6,6,16,,9.139770165054156,,,
ROBOT_RELOC,,6,6,17,,11.1446241804105,,,
ROBOT_RELOC,,6,7,0,,10.482390176328593,,,
ROBOT_RELOC,,6,7,1,,5.716316286385085,,,
ROBOT_RELOC,,6,7,2,,9.181950333965752,,,
ROBOT_RELOC,,6,7,3,,8.169073578040429,,,
ROBOT_RELOC,,6,7,4,,10.274653497955917,,,
ROBOT_RELOC,,6,7,5,,5.541124214269677,,,
ROBOT_RELOC,,6,7,6,,9.390267684441072,,,
ROBOT_RELOC,,6,7,7,,0.0,,,
ROBOT_RELOC,,6,7,8,,2.5404367487163713,,,
ROBOT_RELOC,,6,7,9,,2.2426651172606302,,,
ROBOT_RELOC,,6,7,10,,8.963349985209936,,,
ROBOT_RELOC,,6,7,11,,7.336471561628899,,,
ROBOT_RELOC,,6,7,12,,11.121280948472707,,,
ROBOT_RELOC,,6,7,13,,10.235334412466848,,,
ROBOT_RELOC,,6,7,14,,6.608818476748837,,,
ROBOT_RELOC,,6,7,15,,4.893211459335863,,,
ROBOT_RELOC,,6,7,16,,9.955079188314627,,,
ROBOT_RELOC,,6,7,17,,8.501683525601504,,,
ROBOT_RELOC,,6,8,0,,10.08440890509073,,,
ROBOT_RELOC,,6,8,1,,9.343634022687116,,,
ROBOT_RELOC,,6,8,2,,7.284020238191603,,,
ROBOT_RELOC,,6,8,3,,7.747782957496054,,,
ROBOT_RELOC,,6,8,4,,5.456627580118821,,,
ROBOT_RELOC,,6,8,5,,10.520198090691796,,,
ROBOT_RELOC,,6,8,6,,9.638770452555255,,,
ROBOT_RELOC,,6,8,7,,1.9183962531218675,,,
ROBOT_RELOC,,6,8,8,,0.0,,,
ROBOT_RELOC,,6,8,9,,2.057023382125627,,,
ROBOT_RELOC,,6,8,10,,5.75230783859566,,,
ROBOT_RELOC,,6,8,11,,7.021935884978523,,,
ROBOT_RELOC,,6,8,12,,10.278873011139964,,,
ROBOT_RELOC,,6,8,13,,8.05973185667338,,,
ROBOT_RELOC,,6,8,14,,10.394995353398176,,,
ROBOT_RELOC,,6,8,15,,4.8824491245241095,,,
ROBOT_RELOC,,6,8,16,,6.998825894618459,,,
ROBOT_RELOC,,6,8,17,,4.6046271936429655,,,
ROBOT_RELOC,,6,9,0,,8.75087177398489,,,
ROBOT_RELOC,,6,9,1,,5.8102215655523155,,,
ROBOT_RELOC,,6,9,2,,5.241474699105348,,,
ROBOT_RELOC,,6,9,3,,11.039860374053584,,,
ROBOT_RELOC,,6,9,4,,9.519758506858041,,,
ROBOT_RELOC,,6,9,5,,10.60737018986497,,,
ROBOT_RELOC,,6,9,6,,6.004970186959802,,,
ROBOT_RELOC,,6,9,7,,3.100204980779944,,,
ROBOT_RELOC,,6,9,8,,3.4776873061675078,,,
ROBOT_RELOC,,6,9,9,,0.0,,,
ROBOT_RELOC,,6,9,10,,6.235383741504448,,,
ROBOT_RELOC,,6,9,11,,8.571502313052015,,,
ROBOT_RELOC,,6,9,12,,6.728848730174555,,,
ROBOT_RELOC,,6,9,13,,10.653330066451456,,,
ROBOT_RELOC,,6,9,14,,11.734716512279109,,,
ROBOT_RELOC,,6,9,15,,7.878593766085855,,,
ROBOT_RELOC,,6,9,16,,10.956175725728485,,,
ROBOT_RELOC,,6,9,17,,4.96243913970758,,,
ROBOT_RELOC,,6,10,0,,7.754914207086682,,,
ROBOT_RELOC,,6,10,1,,10.788476634099503,,,
ROBOT_RELOC,,6,10,2,,10.997783774172289,,,
ROBOT_RELOC,,6,10,3,,9.227890054731212,,,
ROBOT_RELOC,,6,10,4,,8.074086687242204,,,
ROBOT_RELOC,,6,10,5,,5.799969464721105,,,
ROBOT_RELOC,,6,10,6,,9.492391215260836,,,
ROBOT_RELOC,,6,10,7,,9.384096965663117,,,
ROBOT_RELOC,,6,10,8,,8.571174727639113,,,
ROBOT_RELOC,,6,10,9,,10.878704359673868,,,
ROBOT_RELOC,,6,10,10,,0.0,,,
ROBOT_RELOC,,6,10,11,,3.842847007085867,,,
ROBOT_RELOC,,6,10,12,,1.5432314115813384,,,
ROBOT_RELOC,,6,10,13,,9.120966081811265,,,
ROBOT_RELOC,,6,10,14,,7.01985195381932,,,
ROBOT_RELOC,,6,10,15,,9.491146913625593,,,
ROBOT_RELOC,,6,10,16,,9.787137546303587,,,
ROBOT_RELOC,,6,10,17,,6.447811409495492,,,
ROBOT_RELOC,,6,11,0,,9.231764422310347,,,
ROBOT_RELOC,,6,11,1,,7.851014129984961,,,
ROBOT_RELOC,,6,11,2,,7.617643310505461,,,
ROBOT_RELOC,,6,11,3,,5.5028851552132725,,,
ROBOT_RELOC,,6,11,4,,8.034501659367614,,,
ROBOT_RELOC,,6,11,5,,5.769378032236084,,,
ROBOT_RELOC,,6,11,6,,4.9937809015269385,,,
ROBOT_RELOC,,6,11,7,,10.25383192480575,,,
ROBOT_RELOC,,6,11,8,,11.442736199259855,,,
ROBOT_RELOC,,6,11,9,,5.000888962824877,,,
ROBOT_RELOC,,6,11,10,,3.417089549762415,,,
ROBOT_RELOC,,6,11,11,,0.0,,,
ROBOT_RELOC,,6,11,12,,4.043659915276658,,,
ROBOT_RELOC,,6,11,13,,10.994593455566495,,,
ROBOT_RELOC,,6,11,14,,6.408063282377688,,,
ROBOT_RELOC,,6,11,15,,10.74844052513047,,,
ROBOT_RELOC,,6,11,16,,6.576000548611853,,,
ROBOT_RELOC,,6,11,17,,11.82972305170443,,,
ROBOT_RELOC,,6,12,0,,5.8490828967229875,,,
ROBOT_RELOC,,6,12,1,,11.82535195797557,,,
ROBOT_RELOC,,6,12,2,,9.553319027610566,,,
ROBOT_RELOC,,6,12,3,,7.409648946127633,,,
ROBOT_RELOC,,6,12,4,,11.263083709644581,,,
ROBOT_RELOC,,6,12,5,,8.032673804590127,,,
ROBOT_RELOC,,6,12,6,,10.736554015312482,,,
ROBOT_RELOC,,6,12,7,,11.041512804678788,,,
ROBOT_RELOC,,6,12,8,,8.36058313241779,,,
ROBOT_RELOC,,6,12,9,,4.867069502245862,,,
ROBOT_RELOC,,6,12,10,,2.0494706804144815,,,
ROBOT_RELOC,,6,12,11,,2.8005101498131415,,,
ROBOT_RELOC,,6,12,12,,0.0,,,
ROBOT_RELOC,,6,12,13,,5.651934862690732,,,
ROBOT_RELOC,,6,12,14,,10.074379135305369,,,
ROBOT_RELOC,,6,12,15,,9.606519372626263,,,
ROBOT_RELOC,,6,12,16,,6.687786851828752,,,
ROBOT_RELOC,,6,12,17,,9.179475694004754,,,
ROBOT_RELOC,,6,13,0,,6.810193673149021,,,
ROBOT_RELOC,,6,13,1,,6.630802600939834,,,
ROBOT_RELOC,,6,13,2,,6.769745862243441,,,
ROBOT_RELOC,,6,13,3,,7.974462748058377,,,
ROBOT_RELOC,,6,13,4,,6.975754541680955,,,
ROBOT_RELOC,,6,13,5,,5.448137910806473,,,
ROBOT_RELOC,,6,13,6,,9.364169300485305,,,
ROBOT_RELOC,,6,13,7,,8.722425701161185,,,
ROBOT_RELOC,,6,13,8,,6.30667335539626,,,
ROBOT_RELOC,,6,13,9,,5.338986617213589,,,
ROBOT_RELOC,,6,13,10,,7.346987805928351,,,
ROBOT_RELOC,,6,13,11,,7.160649993879395,,,
ROBOT_RELOC,,6,13,12,,8.714948548703038,,,
ROBOT_RELOC,,6,13,13,,0.0,,,
ROBOT_RELOC,,6,13,14,,3.7118639149621324,,,
ROBOT_RELOC,,6,13,15,,5.910959664705515,,,
ROBOT_RELOC,,6,13,16,,7.364720440562364,,,
ROBOT_RELOC,,6,13,17,,9.96316551601262,,,
ROBOT_RELOC,,6,14,0,,9.985784103804901,,,
ROBOT_RELOC,,6,14,1,,8.802477596224136,,,
ROBOT_RELOC,,6,14,2,,10.103807467228982,,,
ROBOT_RELOC,,6,14,3,,9.75663254297702,,,
ROBOT_RELOC,,6,14,4,,10.916988500155245,,,
ROBOT_RELOC,,6,14,5,,10.51168416661029,,,
ROBOT_RELOC,,6,14,6,,10.087727692956388,,,
ROBOT_RELOC,,6,14,7,,11.884384082618501,,,
ROBOT_RELOC,,6,14,8,,6.91336282579682,,,
ROBOT_RELOC,,6,14,9,,8.85690977221255,,,
ROBOT_RELOC,,6,14,10,,4.934308679809824,,,
ROBOT_RELOC,,6,14,11,,11.842281029431918,,,
ROBOT_RELOC,,6,14,12,,4.925764465015402,,,
ROBOT_RELOC,,6,14,13,,2.5606738397970403,,,
ROBOT_RELOC,,6,14,14,,0.0,,,
ROBOT_RELOC,,6,14,15,,4.545281447158054,,,
ROBOT_RELOC,,6,14,16,,9.907725956654595,,,
ROBOT_RELOC,,6,14,17,,8.749015905013803,,,
ROBOT_RELOC,,6,15,0,,4.625800510991595,,,
ROBOT_RELOC,,6,15,1,,9.554013825151646,,,
ROBOT_RELOC,,6,15,2,,10.119824412706837,,,
ROBOT_RELOC,,6,15,3,,9.799781489805754,,,
ROBOT_RELOC,,6,15,4,,5.979923987697892,,,
ROBOT_RELOC,,6,15,5,,5.142659080130747,,,
ROBOT_RELOC,,6,15,6,,8.62240139253701,,,
ROBOT_RELOC,,6,15,7,,4.578079115014286,,,
ROBOT_RELOC,,6,15,8,,4.938511629219176,,,
ROBOT_RELOC,,6,15,9,,5.994774332524425,,,
ROBOT_RELOC,,6,15,10,,7.660231038005728,,,
ROBOT_RELOC,,6,15,11,,10.05575583968027,,,
ROBOT_RELOC,,6,15,12,,8.178471219059848,,,
ROBOT_RELOC,,6,15,13,,7.7180324151745445,,,
ROBOT_RELOC,,6,15,14,,5.6033110094322485,,,
ROBOT_RELOC,,6,15,15,,0.0,,,
ROBOT_RELOC,,6,15,16,,3.9254225848701894,,,
ROBOT_RELOC,,6,15,17,,2.211960761148074,,,
ROBOT_RELOC,,6,16,0,,6.209058731412445,,,
ROBOT_RELOC,,6,16,1,,4.850987902808502,,,
ROBOT_RELOC,,6,16,2,,7.330881595779613,,,
ROBOT_RELOC,,6,16,3,,7.4365527844398,,,
ROBOT_RELOC,,6,16,4,,8.908878639244081,,,
ROBOT_RELOC,,6,16,5,,9.613744667730062,,,
ROBOT_RELOC,,6,16,6,,8.499789934344065,,,
ROBOT_RELOC,,6,16,7,,9.416936376063443,,,
ROBOT_RELOC,,6,16,8,,5.77903871238649,,,
ROBOT_RELOC,,6,16,9,,8.411725261680033,,,
ROBOT_RELOC,,6,16,10,,5.1687338290589615,,,
ROBOT_RELOC,,6,16,11,,9.707663364434513,,,
ROBOT_RELOC,,6,16,12,,9.663070322144922,,,
ROBOT_RELOC,,6,16,13,,9.344642957878602,,,
ROBOT_RELOC,,6,16,14,,4.841486155617586,,,
ROBOT_RELOC,,6,16,15,,2.3047031271957166,,,
ROBOT_RELOC,,6,16,16,,0.0,,,
ROBOT_RELOC,,6,16,17,,2.174637831092808,,,
ROBOT_RELOC,,6,17,0,,9.193099701767958,,,
ROBOT_RELOC,,6,17,1,,10.154896907449373,,,
ROBOT_RELOC,,6,17,2,,11.441475171194277,,,
ROBOT_RELOC,,6,17,3,,5.0505736063958935,,,
ROBOT_RELOC,,6,17,4,,7.4616944403462195,,,
ROBOT_RELOC,,6,17,5,,4.856776882702489,,,
ROBOT_RELOC,,6,17,6,,10.233111962288332,,,
ROBOT_RELOC,,6,17,7,,8.086403679214765,,,
ROBOT_RELOC,,6,17,8,,6.354978432438957,,,
ROBOT_RELOC,,6,17,9,,11.797753856896637,,,
ROBOT_RELOC,,6,17,10,,6.237522468003931,,,
ROBOT_RELOC,,6,17,11,,10.49309877239364,,,
ROBOT_RELOC,,6,17,12,,10.882379405357911,,,
ROBOT_RELOC,,6,17,13,,9.532963885618681,,,
ROBOT_RELOC,,6,17,14,,11.53635496241491,,,
ROBOT_RELOC,,6,17,15,,2.786795663527491,,,
ROBOT_RELOC,,6,17,16,,3.0771646433176882,,,
ROBOT_RELOC,,6,17,17,,0.0,,,
ROBOT_RELOC,,7,0,0,,0.0,,,
ROBOT_RELOC,,7,0,1,,1.5223930609446534,,,
ROBOT_RELOC,,7,0,2,,4.618318873167446,,,
ROBOT_RELOC,,7,0,3,,5.64998328753758,,,
ROBOT_RELOC,,7,0,4,,8.423521077282892,,,
ROBOT_RELOC,,7,0,5,,6.031346594927202,,,
ROBOT_RELOC,,7,0,6,,11.651839141451603,,,
ROBOT_RELOC,,7,0,7,,9.85916558534236,,,
ROBOT_RELOC,,7,0,8,,9.8765209327112,,,
ROBOT_RELOC,,7,0,9,,7.147117156040626,,,
ROBOT_RELOC,,7,0,10,,6.646392832433321,,,
ROBOT_RELOC,,7,0,11,,8.141636044431792,,,
ROBOT_RELOC,,7,0,12,,11.950543601306583,,,
ROBOT_RELOC,,7,0,13,,5.516700169223711,,,
ROBOT_RELOC,,7,0,14,,5.061735316077082,,,
ROBOT_RELOC,,7,0,15,,6.558941727330456,,,
ROBOT_RELOC,,7,0,16,,7.250829426546426,,,
ROBOT_RELOC,,7,0,17,,10.291170084655345,,,
ROBOT_RELOC,,7,1,0,,1.528985412025885,,,
ROBOT_RELOC,,7,1,1,,0.0,,,
ROBOT_RELOC,,7,1,2,,6.1071172768158775,,,
ROBOT_RELOC,,7,1,3,,10.80374074476156,,,
ROBOT_RELOC,,7,1,4,,8.70031723697488,,,
ROBOT_RELOC,,7,1,5,,11.892434620652615,,,
ROBOT_RELOC,,7,1,6,,7.1297315220831825,,,
ROBOT_RELOC,,7,1,7,,4.670862301095599,,,
ROBOT_RELOC,,7,1,8,,10.119241754361566,,,
ROBOT_RELOC,,7,1,9,,10.948220849638439,,,
ROBOT_RELOC,,7,1,10,,9.823397176898126,,,
ROBOT_RELOC,,7,1,11,,4.859180300627756,,,
ROBOT_RELOC,,7,1,12,,10.540931765754348,,,
ROBOT_RELOC,,7,1,13,,7.677652580240389,,,
ROBOT_RELOC,,7,1,14,,10.288620153324867,,,
ROBOT_RELOC,,7,1,15,,7.866463968165308,,,
ROBOT_RELOC,,7,1,16,,9.914543882778151,,,
ROBOT_RELOC,,7,1,17,,9.520415124778062,,,
ROBOT_RELOC,,7,2,0,,5.359575042815447,,,
ROBOT_RELOC,,7,2,1,,9.19905111970326,,,
ROBOT_RELOC,,7,2,2,,0.0,,,
ROBOT_RELOC,,7,2,3,,6.693900232378157,,,
ROBOT_RELOC,,7,2,4,,10.388291334922904,,,
ROBOT_RELOC,,7,2,5,,10.406876242731743,,,
ROBOT_RELOC,,7,2,6,,10.708705787400014,,,
ROBOT_RELOC,,7,2,7,,9.418583977551792,,,
ROBOT_RELOC,,7,2,8,,7.137679421266611,,,
ROBOT_RELOC,,7,2,9,,9.648678981381126,,,
ROBOT_RELOC,,7,2,10,,11.300144656148948,,,
ROBOT_RELOC,,7,2,11,,6.194469539124469,,,
ROBOT_RELOC,,7,2,12,,10.879371777341218,,,
ROBOT_RELOC,,7,2,13,,9.374773810160983,,,
ROBOT_RELOC,,7,2,14,,6.690666569168551,,,
ROBOT_RELOC,,7,2,15,,6.764379173442148,,,
ROBOT_RELOC,,7,2,16,,8.983987422750111,,,
ROBOT_RELOC,,7,2,17,,5.879125876001764,,,
ROBOT_RELOC,,7,3,0,,6.665878223387123,,,
ROBOT_RELOC,,7,3,1,,11.997324399613758,,,
ROBOT_RELOC,,7,3,2,,5.869418798363512,,,
ROBOT_RELOC,,7,3,3,,0.0,,,
ROBOT_RELOC,,7,3,4,,3.586926162317563,,,
ROBOT_RELOC,,7,3,5,,3.3280865120495102,,,
ROBOT_RELOC,,7,3,6,,9.220644487667723,,,
ROBOT_RELOC,,7,3,7,,7.5575141038663265,,,
ROBOT_RELOC,,7,3,8,,5.284579393212895,,,
ROBOT_RELOC,,7,3,9,,11.443943638465893,,,
ROBOT_RELOC,,7,3,10,,9.087397183917012,,,
ROBOT_RELOC,,7,3,11,,8.82656947749942,,,
ROBOT_RELOC,,7,3,12,,10.39874235222484,,,
ROBOT_RELOC,,7,3,13,,6.085388050854187,,,
ROBOT_RELOC,,7,3,14,,10.4771011643756,,,
ROBOT_RELOC,,7,3,15,,11.612689375404036,,,
ROBOT_RELOC,,7,3,16,,5.979607488687812,,,
ROBOT_RELOC,,7,3,17,,4.6586249415615235,,,
ROBOT_RELOC,,7,4,0,,6.678406418424448,,,
ROBOT_RELOC,,7,4,1,,6.465214065392986,,,
ROBOT_RELOC,,7,4,2,,5.704572621967727,,,
ROBOT_RELOC,,7,4,3,,2.344357796422073,,,
ROBOT_RELOC,,7,4,4,,0.0,,,
ROBOT_RELOC,,7,4,5,,2.7811298405290055,,,
ROBOT_RELOC,,7,4,6,,8.899099088950537,,,
ROBOT_RELOC,,7,4,7,,10.47126101548237,,,
ROBOT_RELOC,,7,4,8,,10.676711646932016,,,
ROBOT_RELOC,,7,4,9,,10.37671892198128,,,
ROBOT_RELOC,,7,4,10,,6.137093825375066,,,
ROBOT_RELOC,,7,4,11,,9.613625663512423,,,
ROBOT_RELOC,,7,4,12,,7.574113559727689,,,
ROBOT_RELOC,,7,4,13,,11.271844517205393,,,
ROBOT_RELOC,,7,4,14,,5.623432058292859,,,
ROBOT_RELOC,,7,4,15,,5.510536448850496,,,
ROBOT_RELOC,,7,4,16,,10.497374054887421,,,
ROBOT_RELOC,,7,4,17,,6.992773846385989,,,
ROBOT_RELOC,,7,5,0,,11.928285435495596,,,
ROBOT_RELOC,,7,5,1,,11.93959166457662,,,
ROBOT_RELOC,,7,5,2,,10.500184088056237,,,
ROBOT_RELOC,,7,5,3,,4.103927251524256,,,
ROBOT_RELOC,,7,5,4,,2.818060593191486,,,
ROBOT_RELOC,,7,5,5,,0.0,,,
ROBOT_RELOC,,7,5,6,,6.131532765845588,,,
ROBOT_RELOC,,7,5,7,,11.966529127356797,,,
ROBOT_RELOC,,7,5,8,,8.580683515388584,,,
ROBOT_RELOC,,7,5,9,,7.230892203466814,,,
ROBOT_RELOC,,7,5,10,,5.242799505019614,,,
ROBOT_RELOC,,7,5,11,,7.990511838492585,,,
ROBOT_RELOC,,7,5,12,,10.083900511611713,,,
ROBOT_RELOC,,7,5,13,,7.874073386756937,,,
ROBOT_RELOC,,7,5,14,,6.187481466035013,,,
ROBOT_RELOC,,7,5,15,,4.580804254924775,,,
ROBOT_RELOC,,7,5,16,,6.681021959601016,,,
ROBOT_RELOC,,7,5,17,,9.71011012202691,,,
ROBOT_RELOC,,7,6,0,,6.099593199838179,,,
ROBOT_RELOC,,7,6,1,,11.68569262833886,,,
ROBOT_RELOC,,7,6,2,,8.219056410197144,,,
ROBOT_RELOC,,7,6,3,,5.390577829499772,,,
ROBOT_RELOC,,7,6,4,,8.717637655312746,,,
ROBOT_RELOC,,7,6,5,,8.7719486756613,,,
ROBOT_RELOC,,7,6,6,,0.0,,,
ROBOT_RELOC,,7,6,7,,11.03185863630913,,,
ROBOT_RELOC,,7,6,8,,6.427227521729875,,,
ROBOT_RELOC,,7,6,9,,6.728567320302638,,,
ROBOT_RELOC,,7,6,10,,5.972573475745175,,,
ROBOT_RELOC,,7,6,11,,7.381339367247249,,,
ROBOT_RELOC,,7,6,12,,11.781757614030615,,,
ROBOT_RELOC,,7,6,13,,5.782123529782938,,,
ROBOT_RELOC,,7,6,14,,5.452329261915504,,,
ROBOT_RELOC,,7,6,15,,10.167253370825906,,,
ROBOT_RELOC,,7,6,16,,5.179276371062288,,,
ROBOT_RELOC,,7,6,17,,5.408501199181844,,,
ROBOT_RELOC,,7,7,0,,6.984973840429674,,,
ROBOT_RELOC,,7,7,1,,6.077905560617666,,,
ROBOT_RELOC,,7,7,2,,11.091895273687484,,,
ROBOT_RELOC,,7,7,3,,6.806745436217357,,,
ROBOT_RELOC,,7,7,4,,4.899856094985852,,,
ROBOT_RELOC,,7,7,5,,7.770053935020201,,,
ROBOT_RELOC,,7,7,6,,4.90455570971065,,,
ROBOT_RELOC,,7,7,7,,0.0,,,
ROBOT_RELOC,,7,7,8,,3.270869331576087,,,
ROBOT_RELOC,,7,7,9,,2.883307194037573,,,
ROBOT_RELOC,,7,7,10,,6.6898444165899225,,,
ROBOT_RELOC,,7,7,11,,7.430755416127036,,,
ROBOT_RELOC,,7,7,12,,5.367770058481705,,,
ROBOT_RELOC,,7,7,13,,7.005042707235705,,,
ROBOT_RELOC,,7,7,14,,11.757914233203998,,,
ROBOT_RELOC,,7,7,15,,10.814268360823053,,,
ROBOT_RELOC,,7,7,16,,5.470529648084344,,,
ROBOT_RELOC,,7,7,17,,7.9742911794236715,,,
ROBOT_RELOC,,7,8,0,,5.6778858219894435,,,
ROBOT_RELOC,,7,8,1,,11.474363075005995,,,
ROBOT_RELOC,,7,8,2,,5.570499309162124,,,
ROBOT_RELOC,,7,8,3,,6.461731878579004,,,
ROBOT_RELOC,,7,8,4,,8.211285051967135,,,
ROBOT_RELOC,,7,8,5,,6.563986333015814,,,
ROBOT_RELOC,,7,8,6,,4.92067592684521,,,
ROBOT_RELOC,,7,8,7,,1.5382842174592937,,,
ROBOT_RELOC,,7,8,8,,0.0,,,
ROBOT_RELOC,,7,8,9,,4.049717242127488,,,
ROBOT_RELOC,,7,8,10,,9.004622258750468,,,
ROBOT_RELOC,,7,8,11,,7.969184308342895,,,
ROBOT_RELOC,,7,8,12,,10.6450644775562,,,
ROBOT_RELOC,,7,8,13,,11.48849076035211,,,
ROBOT_RELOC,,7,8,14,,10.654802528546039,,,
ROBOT_RELOC,,7,8,15,,5.263771354278814,,,
ROBOT_RELOC,,7,8,16,,11.420012525388575,,,
ROBOT_RELOC,,7,8,17,,11.030671975846692,,,
ROBOT_RELOC,,7,9,0,,5.310594740643166,,,
ROBOT_RELOC,,7,9,1,,6.235493268823925,,,
ROBOT_RELOC,,7,9,2,,11.787435217569126,,,
ROBOT_RELOC,,7,9,3,,9.330583190650625,,,
ROBOT_RELOC,,7,9,4,,7.751591975773851,,,
ROBOT_RELOC,,7,9,5,,9.534489240693311,,,
ROBOT_RELOC,,7,9,6,,9.483233399879015,,,
ROBOT_RELOC,,7,9,7,,2.6160614737990397,,,
ROBOT_RELOC,,7,9,8,,2.6090269962538195,,,
ROBOT_RELOC,,7,9,9,,0.0,,,
ROBOT_RELOC,,7,9,10,,5.455820621249833,,,
ROBOT_RELOC,,7,9,11,,5.004725850705855,,,
ROBOT_RELOC,,7,9,12,,9.360851141784515,,,
ROBOT_RELOC,,7,9,13,,5.830265489694372,,,
ROBOT_RELOC,,7,9,14,,5.2795367559476,,,
ROBOT_RELOC,,7,9,15,,10.12228518910587,,,
ROBOT_RELOC,,7,9,16,,10.770586587879087,,,
ROBOT_RELOC,,7,9,17,,10.669973659046272,,,
ROBOT_RELOC,,7,10,0,,8.536449699021189,,,
ROBOT_RELOC,,7,10,1,,11.283879006718584,,,
ROBOT_RELOC,,7,10,2,,11.850394499748276,,,
ROBOT_RELOC,,7,10,3,,8.723980905044634,,,
ROBOT_RELOC,,7,10,4,,5.630292895736663,,,
ROBOT_RELOC,,7,10,5,,10.726930063529858,,,
ROBOT_RELOC,,7,10,6,,5.591541186702326,,,
ROBOT_RELOC,,7,10,7,,9.845958513419788,,,
ROBOT_RELOC,,7,10,8,,8.450258454403585,,,
ROBOT_RELOC,,7,10,9,,8.568592704215567,,,
ROBOT_RELOC,,7,10,10,,0.0,,,
ROBOT_RELOC,,7,10,11,,3.0252011947471824,,,
ROBOT_RELOC,,7,10,12,,3.8918389946797083,,,
ROBOT_RELOC,,7,10,13,,7.797359079962956,,,
ROBOT_RELOC,,7,10,14,,6.271258419267738,,,
ROBOT_RELOC,,7,10,15,,6.295993718167255,,,
ROBOT_RELOC,,7,10,16,,8.225920096393626,,,
ROBOT_RELOC,,7,10,17,,11.612259322520629,,,
ROBOT_RELOC,,7,11,0,,11.323941654204113,,,
ROBOT_RELOC,,7,11,1,,8.39124903156512,,,
ROBOT_RELOC,,7,11,2,,11.678977466894622,,,
ROBOT_RELOC,,7,11,3,,6.2692842559347035,,,
ROBOT_RELOC,,7,11,4,,10.489487136752455,,,
ROBOT_RELOC,,7,11,5,,8.595909417283599,,,
ROBOT_RELOC,,7,11,6,,6.9401985836222355,,,
ROBOT_RELOC,,7,11,7,,5.009577769727193,,,
ROBOT_RELOC,,7,11,8,,8.73532373697043,,,
ROBOT_RELOC,,7,11,9,,10.247556495927226,,,
ROBOT_RELOC,,7,11,10,,2.878065637057476,,,
ROBOT_RELOC,,7,11,11,,0.0,,,
ROBOT_RELOC,,7,11,12,,2.4895442425436873,,,
ROBOT_RELOC,,7,11,13,,4.5693130733255645,,,
ROBOT_RELOC,,7,11,14,,9.914424836302887,,,
ROBOT_RELOC,,7,11,15,,5.062341490533761,,,
ROBOT_RELOC,,7,11,16,,5.431574306760468,,,
ROBOT_RELOC,,7,11,17,,7.949154384035628,,,
ROBOT_RELOC,,7,12,0,,5.929855134484576,,,
ROBOT_RELOC,,7,12,1,,10.826264126688484,,,
ROBOT_RELOC,,7,12,2,,7.565234797687503,,,
ROBOT_RELOC,,7,12,3,,11.56582100936839,,,
ROBOT_RELOC,,7,12,4,,7.672143958171937,,,
ROBOT_RELOC,,7,12,5,,9.966936625935908,,,
ROBOT_RELOC,,7,12,6,,10.318561841912112,,,
ROBOT_RELOC,,7,12,7,,7.669841017508974,,,
ROBOT_RELOC,,7,12,8,,9.825900751304179,,,
ROBOT_RELOC,,7,12,9,,9.89648433495303,,,
ROBOT_RELOC,,7,12,10,,3.7070758623678746,,,
ROBOT_RELOC,,7,12,11,,1.6327551925790615,,,
ROBOT_RELOC,,7,12,12,,0.0,,,
ROBOT_RELOC,,7,12,13,,8.684019942717784,,,
ROBOT_RELOC,,7,12,14,,7.6385614758848,,,
ROBOT_RELOC,,7,12,15,,7.00320759726359,,,
ROBOT_RELOC,,7,12,16,,7.00969402295415,,,
ROBOT_RELOC,,7,12,17,,5.876337118062143,,,
ROBOT_RELOC,,7,13,0,,5.92985297411411,,,
ROBOT_RELOC,,7,13,1,,8.607670515787312,,,
ROBOT_RELOC,,7,13,2,,11.907481564308823,,,
ROBOT_RELOC,,7,13,3,,5.527880209292161,,,
ROBOT_RELOC,,7,13,4,,9.4776777858573,,,
ROBOT_RELOC,,7,13,5,,11.963270811679301,,,
ROBOT_RELOC,,7,13,6,,9.197701727627695,,,
ROBOT_RELOC,,7,13,7,,6.279118168973415,,,
ROBOT_RELOC,,7,13,8,,6.698716933200564,,,
ROBOT_RELOC,,7,13,9,,10.262437294221485,,,
ROBOT_RELOC,,7,13,10,,8.405500056797305,,,
ROBOT_RELOC,,7,13,11,,8.978081432627695,,,
ROBOT_RELOC,,7,13,12,,7.899613666240623,,,
ROBOT_RELOC,,7,13,13,,0.0,,,
ROBOT_RELOC,,7,13,14,,3.5687102814053064,,,
ROBOT_RELOC,,7,13,15,,9.72211524240344,,,
ROBOT_RELOC,,7,13,16,,6.973506302087852,,,
ROBOT_RELOC,,7,13,17,,10.481746009669699,,,
ROBOT_RELOC,,7,14,0,,6.504460317884455,,,
ROBOT_RELOC,,7,14,1,,5.868178920420849,,,
ROBOT_RELOC,,7,14,2,,4.515399584961044,,,
ROBOT_RELOC,,7,14,3,,11.735880197090246,,,
ROBOT_RELOC,,7,14,4,,9.742910129476886,,,
ROBOT_RELOC,,7,14,5,,6.682303633451853,,,
ROBOT_RELOC,,7,14,6,,10.547420694669675,,,
ROBOT_RELOC,,7,14,7,,10.342582231607379,,,
ROBOT_RELOC,,7,14,8,,10.654775261103946,,,
ROBOT_RELOC,,7,14,9,,5.939713805804844,,,
ROBOT_RELOC,,7,14,10,,5.7688357127727565,,,
ROBOT_RELOC,,7,14,11,,5.080840008039882,,,
ROBOT_RELOC,,7,14,12,,4.871461594648889,,,
ROBOT_RELOC,,7,14,13,,1.858500402512563,,,
ROBOT_RELOC,,7,14,14,,0.0,,,
ROBOT_RELOC,,7,14,15,,6.9320201356218085,,,
ROBOT_RELOC,,7,14,16,,5.317980176926245,,,
ROBOT_RELOC,,7,14,17,,5.784365587343487,,,
ROBOT_RELOC,,7,15,0,,11.407698954187342,,,
ROBOT_RELOC,,7,15,1,,11.038538114821355,,,
ROBOT_RELOC,,7,15,2,,7.4863146683782045,,,
ROBOT_RELOC,,7,15,3,,7.039229179728074,,,
ROBOT_RELOC,,7,15,4,,11.798205694305743,,,
ROBOT_RELOC,,7,15,5,,10.83347271615298,,,
ROBOT_RELOC,,7,15,6,,11.2440616705499,,,
ROBOT_RELOC,,7,15,7,,7.812908204307847,,,
ROBOT_RELOC,,7,15,8,,10.894570852181324,,,
ROBOT_RELOC,,7,15,9,,6.019403641274204,,,
ROBOT_RELOC,,7,15,10,,9.39416987685539,,,
ROBOT_RELOC,,7,15,11,,7.546352680135696,,,
ROBOT_RELOC,,7,15,12,,5.782964871752148,,,
ROBOT_RELOC,,7,15,13,,11.643024483191802,,,
ROBOT_RELOC,,7,15,14,,9.905550123708906,,,
ROBOT_RELOC,,7,15,15,,0.0,,,
ROBOT_RELOC,,7,15,16,,2.8702623846645485,,,
ROBOT_RELOC,,7,15,17,,3.4843849756029215,,,
ROBOT_RELOC,,7,16,0,,8.986792985570368,,,
ROBOT_RELOC,,7,16,1,,11.17033811713787,,,
ROBOT_RELOC,,7,16,2,,8.446728468866445,,,
ROBOT_RELOC,,7,16,3,,9.303812560326248,,,
ROBOT_RELOC,,7,16,4,,4.822730332149579,,,
ROBOT_RELOC,,7,16,5,,11.045577690251346,,,
ROBOT_RELOC,,7,16,6,,10.27212211214606,,,
ROBOT_RELOC,,7,16,7,,8.37272617704275,,,
ROBOT_RELOC,,7,16,8,,6.400327350627622,,,
ROBOT_RELOC,,7,16,9,,11.446264156566267,,,
ROBOT_RELOC,,7,16,10,,11.906542962109011,,,
ROBOT_RELOC,,7,16,11,,8.385933379663072,,,
ROBOT_RELOC,,7,16,12,,10.307417908279183,,,
ROBOT_RELOC,,7,16,13,,8.66061348388343,,,
ROBOT_RELOC,,7,16,14,,11.846985908263408,,,
ROBOT_RELOC,,7,16,15,,4.425245317163838,,,
ROBOT_RELOC,,7,16,16,,0.0,,,
ROBOT_RELOC,,7,16,17,,3.128920649947625,,,
ROBOT_RELOC,,7,17,0,,5.150656708325082,,,
ROBOT_RELOC,,7,17,1,,6.220761500366461,,,
ROBOT_RELOC,,7,17,2,,4.8401816430374005,,,
ROBOT_RELOC,,7,17,3,,9.851130226641066,,,
ROBOT_RELOC,,7,17,4,,8.565314339853503,,,
ROBOT_RELOC,,7,17,5,,5.07732609451994,,,
ROBOT_RELOC,,7,17,6,,11.19807277155519,,,
ROBOT_RELOC,,7,17,7,,10.901705342692491,,,
ROBOT_RELOC,,7,17,8,,10.547968305144444,,,
ROBOT_RELOC,,7,17,9,,6.704594635116013,,,
ROBOT_RELOC,,7,17,10,,10.569842188421255,,,
ROBOT_RELOC,,7,17,11,,7.4989498175377625,,,
ROBOT_RELOC,,7,17,12,,8.518583809052345,,,
ROBOT_RELOC,,7,17,13,,7.151210877148018,,,
ROBOT_RELOC,,7,17,14,,7.578277290406385,,,
ROBOT_RELOC,,7,17,15,,3.827432010992251,,,
ROBOT_RELOC,,7,17,16,,4.415766635382903,,,
ROBOT_RELOC,,7,17,17,,0.0,,,
ROBOT_RELOC,,8,0,0,,0.0,,,
ROBOT_RELOC,,8,0,1,,3.5049249276542125,,,
ROBOT_RELOC,,8,0,2,,4.903225986431558,,,
ROBOT_RELOC,,8,0,3,,6.5741305320291215,,,
ROBOT_RELOC,,8,0,4,,10.109361701712963,,,
ROBOT_RELOC,,8,0,5,,4.732230841188243,,,
ROBOT_RELOC,,8,0,6,,9.00789590179561,,,
ROBOT_RELOC,,8,0,7,,7.112371262355131,,,
ROBOT_RELOC,,8,0,8,,6.961755265180335,,,
ROBOT_RELOC,,8,0,9,,7.829242760277736,,,
ROBOT_RELOC,,8,0,10,,7.629000334268997,,,
ROBOT_RELOC,,8,0,11,,6.033906714201795,,,
ROBOT_RELOC,,8,0,12,,10.629382116876085,,,
ROBOT_RELOC,,8,0,13,,10.079897978674385,,,
ROBOT_RELOC,,8,0,14,,10.524329269654585,,,
ROBOT_RELOC,,8,0,15,,8.027913914563138,,,
ROBOT_RELOC,,8,0,16,,7.186522577552753,,,
ROBOT_RELOC,,8,0,17,,9.701098962828544,,,
ROBOT_RELOC,,8,1,0,,2.1653093170149624,,,
ROBOT_RELOC,,8,1,1,,0.0,,,
ROBOT_RELOC,,8,1,2,,11.123897191355178,,,
ROBOT_RELOC,,8,1,3,,7.681522087838066,,,
ROBOT_RELOC,,8,1,4,,6.419109177245298,,,
ROBOT_RELOC,,8,1,5,,10.526790842715723,,,
ROBOT_RELOC,,8,1,6,,8.54068001212801,,,
ROBOT_RELOC,,8,1,7,,7.270781587534007,,,
ROBOT_RELOC,,8,1,8,,5.443997627623888,,,
ROBOT_RELOC,,8,1,9,,7.070036984550781,,,
ROBOT_RELOC,,8,1,10,,8.436879574236643,,,
ROBOT_RELOC,,8,1,11,,6.3736977687369105,,,
ROBOT_RELOC,,8,1,12,,8.226697343822671,,,
ROBOT_RELOC,,8,1,13,,5.988891797320936,,,
ROBOT_RELOC,,8,1,14,,5.630465855216898,,,
ROBOT_RELOC,,8,1,15,,8.371785477699252,,,
ROBOT_RELOC,,8,1,16,,8.966051680875408,,,
ROBOT_RELOC,,8,1,17,,9.593533439178675,,,
ROBOT_RELOC,,8,2,0,,11.924812190959937,,,
ROBOT_RELOC,,8,2,1,,8.12947804194714,,,
ROBOT_RELOC,,8,2,2,,0.0,,,
ROBOT_RELOC,,8,2,3,,9.185667100727859,,,
ROBOT_RELOC,,8,2,4,,11.891320839019029,,,
ROBOT_RELOC,,8,2,5,,8.277944031954137,,,
ROBOT_RELOC,,8,2,6,,7.136450988444,,,
ROBOT_RELOC,,8,2,7,,6.639423855747813,,,
ROBOT_RELOC,,8,2,8,,6.7135629169514,,,
ROBOT_RELOC,,8,2,9,,10.831416219455813,,,
ROBOT_RELOC,,8,2,10,,10.519425266725907,,,
ROBOT_RELOC,,8,2,11,,7.008952951484433,,,
ROBOT_RELOC,,8,2,12,,11.578120623934533,,,
ROBOT_RELOC,,8,2,13,,6.755165186547052,,,
ROBOT_RELOC,,8,2,14,,6.516226950371021,,,
ROBOT_RELOC,,8,2,15,,8.879038377956386,,,
ROBOT_RELOC,,8,2,16,,11.153178215329351,,,
ROBOT_RELOC,,8,2,17,,11.045804359678575,,,
ROBOT_RELOC,,8,3,0,,5.475326365780754,,,
ROBOT_RELOC,,8,3,1,,6.735274370385862,,,
ROBOT_RELOC,,8,3,2,,8.26267112151799,,,
ROBOT_RELOC,,8,3,3,,0.0,,,
ROBOT_RELOC,,8,3,4,,2.6854702884750714,,,
ROBOT_RELOC,,8,3,5,,2.8726112127511163,,,
ROBOT_RELOC,,8,3,6,,8.999158573634979,,,
ROBOT_RELOC,,8,3,7,,11.981613622944796,,,
ROBOT_RELOC,,8,3,8,,11.580042343250849,,,
ROBOT_RELOC,,8,3,9,,7.967071410697012,,,
ROBOT_RELOC,,8,3,10,,5.769005096684261,,,
ROBOT_RELOC,,8,3,11,,10.214867219926337,,,
ROBOT_RELOC,,8,3,12,,11.894242095558758,,,
ROBOT_RELOC,,8,3,13,,5.157381553640614,,,
ROBOT_RELOC,,8,3,14,,5.728808528882786,,,
ROBOT_RELOC,,8,3,15,,10.15739696491222,,,
ROBOT_RELOC,,8,3,16,,6.6263281576643855,,,
ROBOT_RELOC,,8,3,17,,6.996895782644245,,,
ROBOT_RELOC,,8,4,0,,5.806418243550921,,,
ROBOT_RELOC,,8,4,1,,10.710770705732873,,,
ROBOT_RELOC,,8,4,2,,9.302182770495968,,,
ROBOT_RELOC,,8,4,3,,1.6215229901470884,,,
ROBOT_RELOC,,8,4,4,,0.0,,,
ROBOT_RELOC,,8,4,5,,2.613395346248181,,,
ROBOT_RELOC,,8,4,6,,11.25884761793542,,,
ROBOT_RELOC,,8,4,7,,7.8418952632457595,,,
ROBOT_RELOC,,8,4,8,,8.459463698617087,,,
ROBOT_RELOC,,8,4,9,,10.792942769256879,,,
ROBOT_RELOC,,8,4,10,,5.608553648957843,,,
ROBOT_RELOC,,8,4,11,,11.37067329385435,,,
ROBOT_RELOC,,8,4,12,,5.68163187837623,,,
ROBOT_RELOC,,8,4,13,,9.655529147101161,,,
ROBOT_RELOC,,8,4,14,,9.65649177491095,,,
ROBOT_RELOC,,8,4,15,,6.527275183964203,,,
ROBOT_RELOC,,8,4,16,,7.058600523456142,,,
ROBOT_RELOC,,8,4,17,,11.246444938970113,,,
ROBOT_RELOC,,8,5,0,,8.042932756734015,,,
ROBOT_RELOC,,8,5,1,,7.180458213558246,,,
ROBOT_RELOC,,8,5,2,,9.79387922289462,,,
ROBOT_RELOC,,8,5,3,,2.8369906748303686,,,
ROBOT_RELOC,,8,5,4,,4.103816768292411,,,
ROBOT_RELOC,,8,5,5,,0.0,,,
ROBOT_RELOC,,8,5,6,,7.785565175047077,,,
ROBOT_RELOC,,8,5,7,,5.729517887749614,,,
ROBOT_RELOC,,8,5,8,,11.700178516500422,,,
ROBOT_RELOC,,8,5,9,,10.767945159854298,,,
ROBOT_RELOC,,8,5,10,,9.045403508303373,,,
ROBOT_RELOC,,8,5,11,,8.815742801929641,,,
ROBOT_RELOC,,8,5,12,,9.883922966092793,,,
ROBOT_RELOC,,8,5,13,,6.301331916205701,,,
ROBOT_RELOC,,8,5,14,,5.010576671501789,,,
ROBOT_RELOC,,8,5,15,,11.035483290024821,,,
ROBOT_RELOC,,8,5,16,,6.756646323853957,,,
ROBOT_RELOC,,8,5,17,,8.53643712514191,,,
ROBOT_RELOC,,8,6,0,,11.271488329303294,,,
ROBOT_RELOC,,8,6,1,,9.787880372079748,,,
ROBOT_RELOC,,8,6,2,,8.28032758326842,,,
ROBOT_RELOC,,8,6,3,,4.631130267024666,,,
ROBOT_RELOC,,8,6,4,,4.6804507317205,,,
ROBOT_RELOC,,8,6,5,,10.007935761595276,,,
ROBOT_RELOC,,8,6,6,,0.0,,,
ROBOT_RELOC,,8,6,7,,10.299040037734098,,,
ROBOT_RELOC,,8,6,8,,8.37154385530211,,,
ROBOT_RELOC,,8,6,9,,10.104367736239539,,,
ROBOT_RELOC,,8,6,10,,6.180613634506031,,,
ROBOT_RELOC,,8,6,11,,6.252786510788235,,,
ROBOT_RELOC,,8,6,12,,6.824621652582104,,,
ROBOT_RELOC,,8,6,13,,5.5250572859238645,,,
ROBOT_RELOC,,8,6,14,,6.789235626289967,,,
ROBOT_RELOC,,8,6,15,,4.792549601997341,,,
ROBOT_RELOC,,8,6,16,,9.078124517992478,,,
ROBOT_RELOC,,8,6,17,,8.876845862200767,,,
ROBOT_RELOC,,8,7,0,,8.316143481646453,,,
ROBOT_RELOC,,8,7,1,,5.419180229759807,,,
ROBOT_RELOC,,8,7,2,,10.289134239993889,,,
ROBOT_RELOC,,8,7,3,,11.393259697111784,,,
ROBOT_RELOC,,8,7,4,,10.445293189669439,,,
ROBOT_RELOC,,8,7,5,,6.347965190988291,,,
ROBOT_RELOC,,8,7,6,,9.791843963624295,,,
ROBOT_RELOC,,8,7,7,,0.0,,,
ROBOT_RELOC,,8,7,8,,4.49683496645,,,
ROBOT_RELOC,,8,7,9,,2.2061580216268872,,,
ROBOT_RELOC,,8,7,10,,11.536005428861968,,,
ROBOT_RELOC,,8,7,11,,10.219798113709599,,,
ROBOT_RELOC,,8,7,12,,10.159422347772766,,,
ROBOT_RELOC,,8,7,13,,10.42734179957105,,,
ROBOT_RELOC,,8,7,14,,9.773424958488466,,,
ROBOT_RELOC,,8,7,15,,7.306390876081206,,,
ROBOT_RELOC,,8,7,16,,8.586949937726423,,,
ROBOT_RELOC,,8,7,17,,4.961186888604291,,,
ROBOT_RELOC,,8,8,0,,7.012384333933339,,,
ROBOT_RELOC,,8,8,1,,7.955371360367938,,,
ROBOT_RELOC,,8,8,2,,6.63030470486161,,,
ROBOT_RELOC,,8,8,3,,7.920812051867516,,,
ROBOT_RELOC,,8,8,4,,11.314392563642723,,,
ROBOT_RELOC,,8,8,5,,11.830046580285126,,,
ROBOT_RELOC,,8,8,6,,10.832269955951004,,,
ROBOT_RELOC,,8,8,7,,3.473888000989422,,,
ROBOT_RELOC,,8,8,8,,0.0,,,
ROBOT_RELOC,,8,8,9,,2.6854925880497826,,,
ROBOT_RELOC,,8,8,10,,5.599973886215616,,,
ROBOT_RELOC,,8,8,11,,6.838738609838856,,,
ROBOT_RELOC,,8,8,12,,11.069539247199831,,,
ROBOT_RELOC,,8,8,13,,10.297858840034234,,,
ROBOT_RELOC,,8,8,14,,6.249805385473047,,,
ROBOT_RELOC,,8,8,15,,9.879309332548695,,,
ROBOT_RELOC,,8,8,16,,6.8849355039250675,,,
ROBOT_RELOC,,8,8,17,,10.872103137259645,,,
ROBOT_RELOC,,8,9,0,,8.708284099993172,,,
ROBOT_RELOC,,8,9,1,,10.92110966035395,,,
ROBOT_RELOC,,8,9,2,,6.1556406304686035,,,
ROBOT_RELOC,,8,9,3,,6.530763297954737,,,
ROBOT_RELOC,,8,9,4,,8.22178701603011,,,
ROBOT_RELOC,,8,9,5,,11.755558388994935,,,
ROBOT_RELOC,,8,9,6,,8.51786690821219,,,
ROBOT_RELOC,,8,9,7,,3.0943585763585713,,,
ROBOT_RELOC,,8,9,8,,4.310743831060721,,,
ROBOT_RELOC,,8,9,9,,0.0,,,
ROBOT_RELOC,,8,9,10,,4.879582143607605,,,
ROBOT_RELOC,,8,9,11,,10.791223640812458,,,
ROBOT_RELOC,,8,9,12,,5.327170212025708,,,
ROBOT_RELOC,,8,9,13,,11.437969735567348,,,
ROBOT_RELOC,,8,9,14,,8.591259194509623,,,
ROBOT_RELOC,,8,9,15,,7.459329252543094,,,
ROBOT_RELOC,,8,9,16,,9.200633388199801,,,
ROBOT_RELOC,,8,9,17,,8.135964922620856,,,
ROBOT_RELOC,,8,10,0,,8.971578419810438,,,
ROBOT_RELOC,,8,10,1,,5.636690479004626,,,
ROBOT_RELOC,,8,10,2,,9.180522743624707,,,
ROBOT_RELOC,,8,10,3,,5.414292866603591,,,
ROBOT_RELOC,,8,10,4,,9.891122760497252,,,
ROBOT_RELOC,,8,10,5,,8.75806627986671,,,
ROBOT_RELOC,,8,10,6,,7.881897053941538,,,
ROBOT_RELOC,,8,10,7,,11.30944038052284,,,
ROBOT_RELOC,,8,10,8,,8.653226336385163,,,
ROBOT_RELOC,,8,10,9,,11.871653544254421,,,
ROBOT_RELOC,,8,10,10,,0.0,,,
ROBOT_RELOC,,8,10,11,,3.6411465980492146,,,
ROBOT_RELOC,,8,10,12,,1.7905147475964571,,,
ROBOT_RELOC,,8,10,13,,9.214909316281814,,,
ROBOT_RELOC,,8,10,14,,4.705686935531505,,,
ROBOT_RELOC,,8,10,15,,10.954573802346628,,,
ROBOT_RELOC,,8,10,16,,7.981579341226953,,,
ROBOT_RELOC,,8,10,17,,6.469206979483526,,,
ROBOT_RELOC,,8,11,0,,6.880400275164725,,,
ROBOT_RELOC,,8,11,1,,10.645650445798477,,,
ROBOT_RELOC,,8,11,2,,6.410513218217575,,,
ROBOT_RELOC,,8,11,3,,10.52256621623896,,,
ROBOT_RELOC,,8,11,4,,7.9592467191563046,,,
ROBOT_RELOC,,8,11,5,,10.756057939769091,,,
ROBOT_RELOC,,8,11,6,,11.264846457364253,,,
ROBOT_RELOC,,8,11,7,,10.895029523297126,,,
ROBOT_RELOC,,8,11,8,,6.1070313229884325,,,
ROBOT_RELOC,,8,11,9,,9.906913510818832,,,
ROBOT_RELOC,,8,11,10,,2.227678548625314,,,
ROBOT_RELOC,,8,11,11,,0.0,,,
ROBOT_RELOC,,8,11,12,,2.2429331342893972,,,
ROBOT_RELOC,,8,11,13,,10.015436595505278,,,
ROBOT_RELOC,,8,11,14,,7.384524327598549,,,
ROBOT_RELOC,,8,11,15,,8.864412276535663,,,
ROBOT_RELOC,,8,11,16,,10.854880999840486,,,
ROBOT_RELOC,,8,11,17,,6.885869335270515,,,
ROBOT_RELOC,,8,12,0,,10.861288979442087,,,
ROBOT_RELOC,,8,12,1,,5.188076705823995,,,
ROBOT_RELOC,,8,12,2,,4.836453548371487,,,
ROBOT_RELOC,,8,12,3,,6.57485145533566,,,
ROBOT_RELOC,,8,12,4,,9.972084800192452,,,
ROBOT_RELOC,,8,12,5,,10.112780691025021,,,
ROBOT_RELOC,,8,12,6,,7.232740694691021,,,
ROBOT_RELOC,,8,12,7,,4.540556161782028,,,
ROBOT_RELOC,,8,12,8,,10.33455725329906,,,
ROBOT_RELOC,,8,12,9,,9.694476968803276,,,
ROBOT_RELOC,,8,12,10,,2.4528701939341606,,,
ROBOT_RELOC,,8,12,11,,2.941362167556969,,,
ROBOT_RELOC,,8,12,12,,0.0,,,
ROBOT_RELOC,,8,12,13,,7.856975486810998,,,
ROBOT_RELOC,,8,12,14,,9.314318971686518,,,
ROBOT_RELOC,,8,12,15,,5.32698077703289,,,
ROBOT_RELOC,,8,12,16,,9.41662992715874,,,
ROBOT_RELOC,,8,12,17,,7.306172650900525,,,
ROBOT_RELOC,,8,13,0,,8.7397898620686,,,
ROBOT_RELOC,,8,13,1,,7.705692922762598,,,
ROBOT_RELOC,,8,13,2,,8.735853691982513,,,
ROBOT_RELOC,,8,13,3,,10.435960806297139,,,
ROBOT_RELOC,,8,13,4,,5.360022522846284,,,
ROBOT_RELOC,,8,13,5,,7.313880025688869,,,
ROBOT_RELOC,,8,13,6,,7.880376328964768,,,
ROBOT_RELOC,,8,13,7,,10.34467897238221,,,
ROBOT_RELOC,,8,13,8,,10.768573350313755,,,
ROBOT_RELOC,,8,13,9,,9.110844866870435,,,
ROBOT_RELOC,,8,13,10,,5.705733919018217,,,
ROBOT_RELOC,,8,13,11,,6.889207157047145,,,
ROBOT_RELOC,,8,13,12,,11.42691467118097,,,
ROBOT_RELOC,,8,13,13,,0.0,,,
ROBOT_RELOC,,8,13,14,,2.627986668364668,,,
ROBOT_RELOC,,8,13,15,,5.878454355405809,,,
ROBOT_RELOC,,8,13,16,,5.044283079356257,,,
ROBOT_RELOC,,8,13,17,,6.938020148156485,,,
ROBOT_RELOC,,8,14,0,,4.6560143139201715,,,
ROBOT_RELOC,,8,14,1,,11.593807294646348,,,
ROBOT_RELOC,,8,14,2,,10.709142163676184,,,
ROBOT_RELOC,,8,14,3,,11.339129631319693,,,
ROBOT_RELOC,,8,14,4,,10.069598330297605,,,
ROBOT_RELOC,,8,14,5,,5.4756031861666505,,,
ROBOT_RELOC,,8,14,6,,7.303816079291553,,,
ROBOT_RELOC,,8,14,7,,10.744189619377696,,,
ROBOT_RELOC,,8,14,8,,8.41018498291805,,,
ROBOT_RELOC,,8,14,9,,10.465031934886373,,,
ROBOT_RELOC,,8,14,10,,7.445827164148215,,,
ROBOT_RELOC,,8,14,11,,9.625328527677766,,,
ROBOT_RELOC,,8,14,12,,11.864253081073537,,,
ROBOT_RELOC,,8,14,13,,2.0374499134611908,,,
ROBOT_RELOC,,8,14,14,,0.0,,,
ROBOT_RELOC,,8,14,15,,11.723665537790975,,,
ROBOT_RELOC,,8,14,16,,5.61032956343621,,,
ROBOT_RELOC,,8,14,17,,9.441998068105896,,,
ROBOT_RELOC,,8,15,0,,10.120569831981946,,,
ROBOT_RELOC,,8,15,1,,6.253582861463012,,,
ROBOT_RELOC,,8,15,2,,6.158169285904041,,,
ROBOT_RELOC,,8,15,3,,5.487444472985226,,,
ROBOT_RELOC,,8,15,4,,11.113013703885867,,,
ROBOT_RELOC,,8,15,5,,7.866371648222708,,,
ROBOT_RELOC,,8,15,6,,5.440207832527235,,,
ROBOT_RELOC,,8,15,7,,8.542647565625714,,,
ROBOT_RELOC,,8,15,8,,8.545322252923642,,,
ROBOT_RELOC,,8,15,9,,5.347028778901175,,,
ROBOT_RELOC,,8,15,10,,7.923219760909308,,,
ROBOT_RELOC,,8,15,11,,10.468935590288194,,,
ROBOT_RELOC,,8,15,12,,7.163376489950977,,,
ROBOT_RELOC,,8,15,13,,5.946492215487349,,,
ROBOT_RELOC,,8,15,14,,10.692436774546927,,,
ROBOT_RELOC,,8,15,15,,0.0,,,
ROBOT_RELOC,,8,15,16,,2.0072510144845337,,,
ROBOT_RELOC,,8,15,17,,3.379409762021181,,,
ROBOT_RELOC,,8,16,0,,9.65607801297195,,,
ROBOT_RELOC,,8,16,1,,6.826659174794296,,,
ROBOT_RELOC,,8,16,2,,9.032550430999077,,,
ROBOT_RELOC,,8,16,3,,8.35296841535752,,,
ROBOT_RELOC,,8,16,4,,7.427167081792475,,,
ROBOT_RELOC,,8,16,5,,6.443380886004769,,,
ROBOT_RELOC,,8,16,6,,9.856175729025079,,,
ROBOT_RELOC,,8,16,7,,9.74015010348198,,,
ROBOT_RELOC,,8,16,8,,5.815171284030154,,,
ROBOT_RELOC,,8,16,9,,8.191111283574422,,,
ROBOT_RELOC,,8,16,10,,10.485055083698098,,,
ROBOT_RELOC,,8,16,11,,7.715505144021568,,,
ROBOT_RELOC,,8,16,12,,9.884182589574054,,,
ROBOT_RELOC,,8,16,13,,8.523043349960293,,,
ROBOT_RELOC,,8,16,14,,8.516430528222292,,,
ROBOT_RELOC,,8,16,15,,4.139522298316107,,,
ROBOT_RELOC,,8,16,16,,0.0,,,
ROBOT_RELOC,,8,16,17,,3.894778746499324,,,
ROBOT_RELOC,,8,17,0,,10.74667019780768,,,
ROBOT_RELOC,,8,17,1,,10.130743093734761,,,
ROBOT_RELOC,,8,17,2,,7.97282418142896,,,
ROBOT_RELOC,,8,17,3,,4.622282053558581,,,
ROBOT_RELOC,,8,17,4,,11.375155214450146,,,
ROBOT_RELOC,,8,17,5,,6.6790783492064145,,,
ROBOT_RELOC,,8,17,6,,7.802967430624893,,,
ROBOT_RELOC,,8,17,7,,5.295087903692628,,,
ROBOT_RELOC,,8,17,8,,5.058855751441417,,,
ROBOT_RELOC,,8,17,9,,5.020254443937075,,,
ROBOT_RELOC,,8,17,10,,8.054659632755317,,,
ROBOT_RELOC,,8,17,11,,4.578581773686976,,,
ROBOT_RELOC,,8,17,12,,9.10389015668615,,,
ROBOT_RELOC,,8,17,13,,5.956490001622317,,,
ROBOT_RELOC,,8,17,14,,5.447610262531382,,,
ROBOT_RELOC,,8,17,15,,2.101082573196681,,,
ROBOT_RELOC,,8,17,16,,3.1072830113247103,,,
ROBOT_RELOC,,8,17,17,,0.0,,,
ROBOT_RELOC,,9,0,0,,0.0,,,
ROBOT_RELOC,,9,0,1,,1.6067836063776066,,,
ROBOT_RELOC,,9,0,2,,5.13890471836514,,,
ROBOT_RELOC,,9,0,3,,6.22308409105411,,,
ROBOT_RELOC,,9,0,4,,6.98422754062061,,,
ROBOT_RELOC,,9,0,5,,4.834984953236501,,,
ROBOT_RELOC,,9,0,6,,5.368910890582671,,,
ROBOT_RELOC,,9,0,7,,8.857888238031762,,,
ROBOT_RELOC,,9,0,8,,6.098934896624705,,,
ROBOT_RELOC,,9,0,9,,7.011146948275353,,,
ROBOT_RELOC,,9,0,10,,11.016568239007011,,,
ROBOT_RELOC,,9,0,11,,6.843300729012899,,,
ROBOT_RELOC,,9,0,12,,9.787746326879596,,,
ROBOT_RELOC,,9,0,13,,11.35546559556858,,,
ROBOT_RELOC,,9,0,14,,10.806911407837024,,,
ROBOT_RELOC,,9,0,15,,9.387990900777034,,,
ROBOT_RELOC,,9,0,16,,11.338703091096987,,,
ROBOT_RELOC,,9,0,17,,8.75867391501756,,,
ROBOT_RELOC,,9,1,0,,2.3338785878742625,,,
ROBOT_RELOC,,9,1,1,,0.0,,,
ROBOT_RELOC,,9,1,2,,5.233159485644555,,,
ROBOT_RELOC,,9,1,3,,10.661604296150298,,,
ROBOT_RELOC,,9,1,4,,8.024263409688768,,,
ROBOT_RELOC,,9,1,5,,5.5667234170009285,,,
ROBOT_RELOC,,9,1,6,,7.885675429464432,,,
ROBOT_RELOC,,9,1,7,,4.664740558941517,,,
ROBOT_RELOC,,9,1,8,,8.979541313493874,,,
ROBOT_RELOC,,9,1,9,,7.5431646051189105,,,
ROBOT_RELOC,,9,1,10,,9.431450809610162,,,
ROBOT_RELOC,,9,1,11,,7.9249370834342105,,,
ROBOT_RELOC,,9,1,12,,10.610932175855229,,,
ROBOT_RELOC,,9,1,13,,9.141891082173228,,,
ROBOT_RELOC,,9,1,14,,10.348363944701724,,,
ROBOT_RELOC,,9,1,15,,11.283900266529201,,,
ROBOT_RELOC,,9,1,16,,5.213844206268778,,,
ROBOT_RELOC,,9,1,17,,6.117642565583941,,,
ROBOT_RELOC,,9,2,0,,11.299867444176058,,,
ROBOT_RELOC,,9,2,1,,9.132817615409959,,,
ROBOT_RELOC,,9,2,2,,0.0,,,
ROBOT_RELOC,,9,2,3,,6.704065589477484,,,
ROBOT_RELOC,,9,2,4,,5.00785040098498,,,
ROBOT_RELOC,,9,2,5,,7.126651015207581,,,
ROBOT_RELOC,,9,2,6,,4.93994693116738,,,
ROBOT_RELOC,,9,2,7,,8.385136981099212,,,
ROBOT_RELOC,,9,2,8,,10.487847405158485,,,
ROBOT_RELOC,,9,2,9,,8.543272990192705,,,
ROBOT_RELOC,,9,2,10,,10.103364164990538,,,
ROBOT_RELOC,,9,2,11,,9.305656259195157,,,
ROBOT_RELOC,,9,2,12,,11.172075116942151,,,
ROBOT_RELOC,,9,2,13,,9.870099701231618,,,
ROBOT_RELOC,,9,2,14,,9.912949206706896,,,
ROBOT_RELOC,,9,2,15,,8.485831658181686,,,
ROBOT_RELOC,,9,2,16,,8.589591795428655,,,
ROBOT_RELOC,,9,2,17,,10.357299477958566,,,
ROBOT_RELOC,,9,3,0,,10.74754925699539,,,
ROBOT_RELOC,,9,3,1,,11.19348797641933,,,
ROBOT_RELOC,,9,3,2,,6.374744068316545,,,
ROBOT_RELOC,,9,3,3,,0.0,,,
ROBOT_RELOC,,9,3,4,,3.398296165658065,,,
ROBOT_RELOC,,9,3,5,,2.8078046141700606,,,
ROBOT_RELOC,,9,3,6,,4.599253327089372,,,
ROBOT_RELOC,,9,3,7,,11.135841490685184,,,
ROBOT_RELOC,,9,3,8,,5.30858075412315,,,
ROBOT_RELOC,,9,3,9,,10.836083654760937,,,
ROBOT_RELOC,,9,3,10,,11.409845551702773,,,
ROBOT_RELOC,,9,3,11,,9.703348543232604,,,
ROBOT_RELOC,,9,3,12,,10.229071320857885,,,
ROBOT_RELOC,,9,3,13,,11.057472364037595,,,
ROBOT_RELOC,,9,3,14,,6.490188409842242,,,
ROBOT_RELOC,,9,3,15,,11.074454587752994,,,
ROBOT_RELOC,,9,3,16,,5.639733969277786,,,
ROBOT_RELOC,,9,3,17,,9.387864767651994,,,
ROBOT_RELOC,,9,4,0,,10.989384011533733,,,
ROBOT_RELOC,,9,4,1,,11.689139320613881,,,
ROBOT_RELOC,,9,4,2,,11.494602372724422,,,
ROBOT_RELOC,,9,4,3,,3.76781151348301,,,
ROBOT_RELOC,,9,4,4,,0.0,,,
ROBOT_RELOC,,9,4,5,,3.485317632309971,,,
ROBOT_RELOC,,9,4,6,,8.653263607542108,,,
ROBOT_RELOC,,9,4,7,,11.67177044432637,,,
ROBOT_RELOC,,9,4,8,,10.171948123040409,,,
ROBOT_RELOC,,9,4,9,,9.28514457076853,,,
ROBOT_RELOC,,9,4,10,,7.168266485216886,,,
ROBOT_RELOC,,9,4,11,,10.535141681823667,,,
ROBOT_RELOC,,9,4,12,,11.092493771188078,,,
ROBOT_RELOC,,9,4,13,,6.009252220005889,,,
ROBOT_RELOC,,9,4,14,,6.018559438804456,,,
ROBOT_RELOC,,9,4,15,,10.605434199009977,,,
ROBOT_RELOC,,9,4,16,,4.68585106093078,,,
ROBOT_RELOC,,9,4,17,,5.737320747257472,,,
ROBOT_RELOC,,9,5,0,,5.599667538150621,,,
ROBOT_RELOC,,9,5,1,,5.885629967320582,,,
ROBOT_RELOC,,9,5,2,,6.629602423914436,,,
ROBOT_RELOC,,9,5,3,,3.5523832236072894,,,
ROBOT_RELOC,,9,5,4,,3.5535174857103047,,,
ROBOT_RELOC,,9,5,5,,0.0,,,
ROBOT_RELOC,,9,5,6,,8.755302196344333,,,
ROBOT_RELOC,,9,5,7,,7.010753738690412,,,
ROBOT_RELOC,,9,5,8,,10.832897954184885,,,
ROBOT_RELOC,,9,5,9,,8.959073137170584,,,
ROBOT_RELOC,,9,5,10,,7.1649190702341325,,,
ROBOT_RELOC,,9,5,11,,7.235604824037569,,,
ROBOT_RELOC,,9,5,12,,9.377979841705512,,,
ROBOT_RELOC,,9,5,13,,8.138589217283812,,,
ROBOT_RELOC,,9,5,14,,11.83744179851637,,,
ROBOT_RELOC,,9,5,15,,7.1890342725689695,,,
ROBOT_RELOC,,9,5,16,,5.697017839341385,,,
ROBOT_RELOC,,9,5,17,,10.73147928441272,,,
ROBOT_RELOC,,9,6,0,,9.375553433470008,,,
ROBOT_RELOC,,9,6,1,,8.172037144859555,,,
ROBOT_RELOC,,9,6,2,,10.69170635838249,,,
ROBOT_RELOC,,9,6,3,,5.779090955385474,,,
ROBOT_RELOC,,9,6,4,,6.70959490015614,,,
ROBOT_RELOC,,9,6,5,,9.065007398605253,,,
ROBOT_RELOC,,9,6,6,,0.0,,,
ROBOT_RELOC,,9,6,7,,9.666048425902318,,,
ROBOT_RELOC,,9,6,8,,10.557512685975574,,,
ROBOT_RELOC,,9,6,9,,7.062691747381859,,,
ROBOT_RELOC,,9,6,10,,7.430418396328346,,,
ROBOT_RELOC,,9,6,11,,6.16585538695893,,,
ROBOT_RELOC,,9,6,12,,10.261189417133147,,,
ROBOT_RELOC,,9,6,13,,9.011026649072726,,,
ROBOT_RELOC,,9,6,14,,9.915846491133424,,,
ROBOT_RELOC,,9,6,15,,10.24858475543131,,,
ROBOT_RELOC,,9,6,16,,9.4179150753001,,,
ROBOT_RELOC,,9,6,17,,10.061035143010066,,,
ROBOT_RELOC,,9,7,0,,6.297443958709276,,,
ROBOT_RELOC,,9,7,1,,7.954784861807413,,,
ROBOT_RELOC,,9,7,2,,10.753018263325126,,,
ROBOT_RELOC,,9,7,3,,11.39616840476426,,,
ROBOT_RELOC,,9,7,4,,11.712988917468325,,,
ROBOT_RELOC,,9,7,5,,11.641032227713616,,,
ROBOT_RELOC,,9,7,6,,7.21598200365753,,,
ROBOT_RELOC,,9,7,7,,0.0,,,
ROBOT_RELOC,,9,7,8,,4.228727653790649,,,
ROBOT_RELOC,,9,7,9,,2.047508202431657,,,
ROBOT_RELOC,,9,7,10,,5.9100426392027074,,,
ROBOT_RELOC,,9,7,11,,10.594099192174788,,,
ROBOT_RELOC,,9,7,12,,5.4861852998258245,,,
ROBOT_RELOC,,9,7,13,,6.5033827922792025,,,
ROBOT_RELOC,,9,7,14,,7.517595161129707,,,
ROBOT_RELOC,,9,7,15,,9.737850176592994,,,
ROBOT_RELOC,,9,7,16,,11.438450281198847,,,
ROBOT_RELOC,,9,7,17,,7.105632351229039,,,
ROBOT_RELOC,,9,8,0,,8.149605216389253,,,
ROBOT_RELOC,,9,8,1,,4.897469394574858,,,
ROBOT_RELOC,,9,8,2,,11.083129242086573,,,
ROBOT_RELOC,,9,8,3,,8.35420923368314,,,
ROBOT_RELOC,,9,8,4,,10.751221080092018,,,
ROBOT_RELOC,,9,8,5,,8.625646704880605,,,
ROBOT_RELOC,,9,8,6,,9.4429711696721,,,
ROBOT_RELOC,,9,8,7,,2.0153902815444815,,,
ROBOT_RELOC,,9,8,8,,0.0,,,
ROBOT_RELOC,,9,8,9,,3.759542932367755,,,
ROBOT_RELOC,,9,8,10,,5.778188686805409,,,
ROBOT_RELOC,,9,8,11,,4.916799270448648,,,
ROBOT_RELOC,,9,8,12,,4.591921158836899,,,
ROBOT_RELOC,,9,8,13,,11.467578911677212,,,
ROBOT_RELOC,,9,8,14,,5.519862765591947,,,
ROBOT_RELOC,,9,8,15,,11.862365468104045,,,
ROBOT_RELOC,,9,8,16,,7.522664028015462,,,
ROBOT_RELOC,,9,8,17,,6.960088351764643,,,
ROBOT_RELOC,,9,9,0,,10.417234421347763,,,
ROBOT_RELOC,,9,9,1,,9.639367985165237,,,
ROBOT_RELOC,,9,9,2,,5.978624561561236,,,
ROBOT_RELOC,,9,9,3,,7.080007343220494,,,
ROBOT_RELOC,,9,9,4,,6.938703635265087,,,
ROBOT_RELOC,,9,9,5,,10.427018672810398,,,
ROBOT_RELOC,,9,9,6,,6.962357702837938,,,
ROBOT_RELOC,,9,9,7,,3.82706577694201,,,
ROBOT_RELOC,,9,9,8,,3.6608111477873178,,,
ROBOT_RELOC,,9,9,9,,0.0,,,
ROBOT_RELOC,,9,9,10,,11.393425474302148,,,
ROBOT_RELOC,,9,9,11,,9.354415244727154,,,
ROBOT_RELOC,,9,9,12,,10.092397323210054,,,
ROBOT_RELOC,,9,9,13,,7.556609425219749,,,
ROBOT_RELOC,,9,9,14,,7.789482426835974,,,
ROBOT_RELOC,,9,9,15,,11.287855535629706,,,
ROBOT_RELOC,,9,9,16,,10.023650107596815,,,
ROBOT_RELOC,,9,9,17,,7.077831326162568,,,
ROBOT_RELOC,,9,10,0,,5.469811523627558,,,
ROBOT_RELOC,,9,10,1,,7.222810613847519,,,
ROBOT_RELOC,,9,10,2,,8.327560597957385,,,
ROBOT_RELOC,,9,10,3,,10.884308235012494,,,
ROBOT_RELOC,,9,10,4,,8.922198758081624,,,
ROBOT_RELOC,,9,10,5,,9.244964629893008,,,
ROBOT_RELOC,,9,10,6,,11.657392036704746,,,
ROBOT_RELOC,,9,10,7,,7.7733122285787175,,,
ROBOT_RELOC,,9,10,8,,9.80672422565543,,,
ROBOT_RELOC,,9,10,9,,11.552235771686423,,,
ROBOT_RELOC,,9,10,10,,0.0,,,
ROBOT_RELOC,,9,10,11,,2.950178672997989,,,
ROBOT_RELOC,,9,10,12,,4.404749938027873,,,
ROBOT_RELOC,,9,10,13,,6.076643852991539,,,
ROBOT_RELOC,,9,10,14,,5.825725563742228,,,
ROBOT_RELOC,,9,10,15,,7.17168418580353,,,
ROBOT_RELOC,,9,10,16,,11.78924598215906,,,
ROBOT_RELOC,,9,10,17,,5.342326480523087,,,
ROBOT_RELOC,,9,11,0,,5.7515718452134434,,,
ROBOT_RELOC,,9,11,1,,6.275733808537616,,,
ROBOT_RELOC,,9,11,2,,11.219021254086606,,,
ROBOT_RELOC,,9,11,3,,5.729670914498582,,,
ROBOT_RELOC,,9,11,4,,9.294470714724747,,,
ROBOT_RELOC,,9,11,5,,10.713605638665204,,,
ROBOT_RELOC,,9,11,6,,9.00998795270966,,,
ROBOT_RELOC,,9,11,7,,5.400303265985552,,,
ROBOT_RELOC,,9,11,8,,8.883135839514637,,,
ROBOT_RELOC,,9,11,9,,11.74783904005879,,,
ROBOT_RELOC,,9,11,10,,3.2631979945573937,,,
ROBOT_RELOC,,9,11,11,,0.0,,,
ROBOT_RELOC,,9,11,12,,3.927233890079859,,,
ROBOT_RELOC,,9,11,13,,5.322127490658347,,,
ROBOT_RELOC,,9,11,14,,10.930679981407804,,,
ROBOT_RELOC,,9,11,15,,5.361244075046063,,,
ROBOT_RELOC,,9,11,16,,8.742716375685704,,,
ROBOT_RELOC,,9,11,17,,5.949082890338921,,,
ROBOT_RELOC,,9,12,0,,8.816176002471737,,,
ROBOT_RELOC,,9,12,1,,8.263765220053614,,,
ROBOT_RELOC,,9,12,2,,9.62290705679311,,,
ROBOT_RELOC,,9,12,3,,5.508464350898198,,,
ROBOT_RELOC,,9,12,4,,9.937046723755426,,,
ROBOT_RELOC,,9,12,5,,8.12492161733184,,,
ROBOT_RELOC,,9,12,6,,10.120226377928756,,,
ROBOT_RELOC,,9,12,7,,5.475012457875458,,,
ROBOT_RELOC,,9,12,8,,7.238794728014474,,,
ROBOT_RELOC,,9,12,9,,5.904745273005558,,,
ROBOT_RELOC,,9,12,10,,2.206736515610016,,,
ROBOT_RELOC,,9,12,11,,2.086006762060548,,,
ROBOT_RELOC,,9,12,12,,0.0,,,
ROBOT_RELOC,,9,12,13,,6.870544865000936,,,
ROBOT_RELOC,,9,12,14,,11.901793502027342,,,
ROBOT_RELOC,,9,12,15,,8.34721227195446,,,
ROBOT_RELOC,,9,12,16,,9.224898181250241,,,
ROBOT_RELOC,,9,12,17,,9.852904371462628,,,
ROBOT_RELOC,,9,13,0,,8.159725725732278,,,
ROBOT_RELOC,,9,13,1,,5.968706691807488,,,
ROBOT_RELOC,,9,13,2,,10.292967937171007,,,
ROBOT_RELOC,,9,13,3,,11.186837817624614,,,
ROBOT_RELOC,,9,13,4,,8.781991435544622,,,
ROBOT_RELOC,,9,13,5,,5.714274483739999,,,
ROBOT_RELOC,,9,13,6,,7.691599196202524,,,
ROBOT_RELOC,,9,13,7,,5.8248093819417885,,,
ROBOT_RELOC,,9,13,8,,9.63528968193798,,,
ROBOT_RELOC,,9,13,9,,7.091457629798725,,,
ROBOT_RELOC,,9,13,10,,5.847845467266886,,,
ROBOT_RELOC,,9,13,11,,5.305741704328893,,,
ROBOT_RELOC,,9,13,12,,5.5144593361552126,,,
ROBOT_RELOC,,9,13,13,,0.0,,,
ROBOT_RELOC,,9,13,14,,2.453359877923053,,,
ROBOT_RELOC,,9,13,15,,5.389384785728925,,,
ROBOT_RELOC,,9,13,16,,4.865074219141585,,,
ROBOT_RELOC,,9,13,17,,8.582342588665373,,,
ROBOT_RELOC,,9,14,0,,9.48166720740316,,,
ROBOT_RELOC,,9,14,1,,4.5401429061488505,,,
ROBOT_RELOC,,9,14,2,,11.954666837849786,,,
ROBOT_RELOC,,9,14,3,,10.630071856113494,,,
ROBOT_RELOC,,9,14,4,,10.702266681788593,,,
ROBOT_RELOC,,9,14,5,,5.6121303474027355,,,
ROBOT_RELOC,,9,14,6,,6.717179863179619,,,
ROBOT_RELOC,,9,14,7,,6.361272332648002,,,
ROBOT_RELOC,,9,14,8,,6.1502132068848825,,,
ROBOT_RELOC,,9,14,9,,11.165165449856888,,,
ROBOT_RELOC,,9,14,10,,6.618012970479958,,,
ROBOT_RELOC,,9,14,11,,7.777889337605247,,,
ROBOT_RELOC,,9,14,12,,6.888493180104801,,,
ROBOT_RELOC,,9,14,13,,2.6716038814233647,,,
ROBOT_RELOC,,9,14,14,,0.0,,,
ROBOT_RELOC,,9,14,15,,10.343762072082228,,,
ROBOT_RELOC,,9,14,16,,11.760640464045165,,,
ROBOT_RELOC,,9,14,17,,11.189761453798003,,,
ROBOT_RELOC,,9,15,0,,7.794144811049157,,,
ROBOT_RELOC,,9,15,1,,7.33535319361393,,,
ROBOT_RELOC,,9,15,2,,8.154641618004085,,,
ROBOT_RELOC,,9,15,3,,5.788268438954106,,,
ROBOT_RELOC,,9,15,4,,8.179439688004418,,,
ROBOT_RELOC,,9,15,5,,5.630110891357415,,,
ROBOT_RELOC,,9,15,6,,7.619837013749622,,,
ROBOT_RELOC,,9,15,7,,10.230192310548388,,,
ROBOT_RELOC,,9,15,8,,8.673997768175276,,,
ROBOT_RELOC,,9,15,9,,11.826303294222285,,,
ROBOT_RELOC,,9,15,10,,10.757907886548642,,,
ROBOT_RELOC,,9,15,11,,9.231648197171317,,,
ROBOT_RELOC,,9,15,12,,11.878018912155685,,,
ROBOT_RELOC,,9,15,13,,9.375845541127372,,,
ROBOT_RELOC,,9,15,14,,8.990084337913217,,,
ROBOT_RELOC,,9,15,15,,0.0,,,
ROBOT_RELOC,,9,15,16,,2.373753363163137,,,
ROBOT_RELOC,,9,15,17,,4.096398945843575,,,
ROBOT_RELOC,,9,16,0,,10.455516035024846,,,
ROBOT_RELOC,,9,16,1,,9.208762359955312,,,
ROBOT_RELOC,,9,16,2,,7.138278081620445,,,
ROBOT_RELOC,,9,16,3,,11.10850195987895,,,
ROBOT_RELOC,,9,16,4,,6.585062058691656,,,
ROBOT_RELOC,,9,16,5,,5.421271982008754,,,
ROBOT_RELOC,,9,16,6,,7.205872440394439,,,
ROBOT_RELOC,,9,16,7,,7.392369746263109,,,
ROBOT_RELOC,,9,16,8,,11.735496103571382,,,
ROBOT_RELOC,,9,16,9,,4.7205916659479215,,,
ROBOT_RELOC,,9,16,10,,8.696720712845195,,,
ROBOT_RELOC,,9,16,11,,6.140807935410514,,,
ROBOT_RELOC,,9,16,12,,7.145338420416875,,,
ROBOT_RELOC,,9,16,13,,10.606947231750844,,,
ROBOT_RELOC,,9,16,14,,9.652048760622666,,,
ROBOT_RELOC,,9,16,15,,3.9699091613884563,,,
ROBOT_RELOC,,9,16,16,,0.0,,,
ROBOT_RELOC,,9,16,17,,4.4768327561663295,,,
ROBOT_RELOC,,9,17,0,,9.752054582908404,,,
ROBOT_RELOC,,9,17,1,,9.819350121335301,,,
ROBOT_RELOC,,9,17,2,,10.587950275836812,,,
ROBOT_RELOC,,9,17,3,,5.190301442861196,,,
ROBOT_RELOC,,9,17,4,,9.327725100949534,,,
ROBOT_RELOC,,9,17,5,,6.561997530509853,,,
ROBOT_RELOC,,9,17,6,,4.813007366856324,,,
ROBOT_RELOC,,9,17,7,,11.379930187489627,,,
ROBOT_RELOC,,9,17,8,,8.57135796481501,,,
ROBOT_RELOC,,9,17,9,,10.801018289959682,,,
ROBOT_RELOC,,9,17,10,,8.358398876535459,,,
ROBOT_RELOC,,9,17,11,,6.834341926864431,,,
ROBOT_RELOC,,9,17,12,,6.939335474991745,,,
ROBOT_RELOC,,9,17,13,,9.25884153279091,,,
ROBOT_RELOC,,9,17,14,,8.17322508640531,,,
ROBOT_RELOC,,9,17,15,,4.3087222426709495,,,
ROBOT_RELOC,,9,17,16,,3.0777544379722808,,,
ROBOT_RELOC,,9,17,17,,0.0,,,
INITIAL_WORKER,,0,2,,,,,,
INITIAL_WORKER,,1,0,,,,,,
INITIAL_WORKER,,2,10,,,,,,
INITIAL_WORKER,,3,17,,,,,,
INITIAL_WORKER,,4,6,,,,,,
INITIAL_WORKER,,5,13,,,,,,
INITIAL_WORKER,,6,16,,,,,,
INITIAL_WORKER,,7,9,,,,,,
INITIAL_WORKER,,8,14,,,,,,
INITIAL_WORKER,,9,7,,,,,,
INITIAL_WORKER,,10,1,,,,,,
INITIAL_WORKER,,11,15,,,,,,
INITIAL_ROBOT,,0,14,,,,,,
INITIAL_ROBOT,,1,16,,,,,,
INITIAL_ROBOT,,2,1,,,,,,
INITIAL_ROBOT,,3,17,,,,,,
INITIAL_ROBOT,,4,9,,,,,,
INITIAL_ROBOT,,5,7,,,,,,
INITIAL_ROBOT,,6,10,,,,,,
INITIAL_ROBOT,,7,12,,,,,,
INITIAL_ROBOT,,8,13,,,,,,
INITIAL_ROBOT,,9,3,,,,,,
ORDER,,0,5,2,,0.0,129.66861597578549,,
ORDER,,1,0,2,,0.038667597559359876,174.31827072771893,,
ORDER,,2,0,1,,1.6034096243624862,193.22559585324422,,
ORDER,,3,5,1,,4.91883352142543,120.35989192027728,,
ORDER,,4,5,4,,5.647196380254619,137.22009124688924,,
ORDER,,5,4,1,,9.202740558819775,152.75043840895984,,
ORDER,,6,4,1,,9.231932081863773,154.99098954570803,,
ORDER,,7,1,4,,12.93254053601245,151.37623198660543,,
ORDER,,8,6,1,,13.696283399865214,149.26477871342132,,
ORDER,,9,4,1,,23.955410647332435,175.96433134454782,,
ORDER,,10,1,2,,25.217726691153086,152.42524728582637,,
ORDER,,11,7,1,,29.911368051037684,139.01089856108342,,
ORDER,,12,2,1,,31.842798712956608,162.5624600433348,,
ORDER,,13,6,1,,34.49180466623517,172.04972295723425,,
ORDER,,14,0,1,,42.02479775810381,213.58638015412393,,
ORDER,,15,2,2,,45.71291669436734,178.6794684657799,,
ORDER,,16,3,1,,53.889148477927016,180.52453600432787,,
ORDER,,17,1,1,,61.55160755222935,190.68649167827348,,
ORDER,,18,2,4,,61.74117950257226,210.76975349529448,,
ORDER,,19,2,2,,67.56137276217088,209.31601086558004,,
ORDER,,20,6,2,,71.31667576979093,196.2697606453678,,
ORDER,,21,6,1,,76.69659953171436,223.31505254424044,,
ORDER,,22,6,1,,77.74428699999038,209.30815541751778,,
ORDER,,23,5,2,,80.94568630813518,198.69855065890758,,
ORDER,,24,0,1,,82.78441029460843,255.6628128836881,,
ORDER,,25,0,1,,90.02091601747878,275.35708411890516,,
ORDER,,26,3,1,,95.51015131625284,221.6510881461163,,
ORDER,,27,1,2,,104.73911610745645,234.38871360709825,,
ORDER,,28,5,1,,111.33621197226626,246.3089377853941,,
ORDER,,29,6,4,,111.8678108961987,252.63856178412775,,
ORDER,,30,7,1,,113.44302936471406,224.37389197299322,,
ORDER,,31,6,1,,113.51903101065419,238.47087330569263,,
ORDER,,32,0,2,,114.38301275746176,277.9043292660126,,
ORDER,,33,6,1,,115.10742739088174,241.1635895569497,,
ORDER,,34,7,1,,116.35979883123568,231.4573126988061,,
ORDER,,35,3,2,,118.7397133734892,247.59318759340965,,
ORDER,,36,1,1,,123.16323122781382,268.9994513958788,,
ORDER,,37,6,1,,124.00745382097026,254.1995286494033,,
ORDER,,38,5,2,,124.2732255080006,256.189900208126,,
ORDER,,39,4,1,,125.33968232639786,276.78094660184445,,
ORDER,,40,1,1,,135.68806161311957,273.5225781000292,,
ORDER,,41,0,1,,143.2389472459198,328.9788053153987,,
ORDER,,42,2,2,,143.46734050386175,276.2339674650631,,
ORDER,,43,0,1,,147.6915955703339,314.6622322319502,,
ORDER,,44,6,2,,149.63860475129422,287.3268871836549,,
ORDER,,45,5,1,,151.5650547255783,273.3948202324688,,
ORDER,,46,2,4,,151.61411801610942,293.67391735584374,,
ORDER,,47,3,1,,154.59589430227732,274.66601228078173,,
ORDER,,48,2,1,,162.14926352368167,295.7069798459329,,
ORDER,,49,5,1,,170.74450002943044,307.5650155236159,,
ORDER,,50,0,2,,172.4821247075628,334.1626316991095,,
ORDER,,51,5,1,,173.62669740231902,299.8969914329847,,
ORDER,,52,0,1,,177.8199369765616,347.51517768502947,,
ORDER,,53,4,2,,182.21498663340105,341.13498885264346,,
ORDER,,54,2,1,,188.45041355096168,325.2127941745397,,
ORDER,,55,0,1,,195.40118519174104,384.4417591003337,,
ORDER,,56,7,2,,197.30827482216628,329.83755945405767,,
ORDER,,57,0,1,,201.549734461516,383.1827184424878,,
ORDER,,58,2,1,,207.0384116676105,331.4025797957169,,
ORDER,,59,3,2,,208.19122426540974,344.0379942759335,,
ORDER,,60,5,1,,210.78586404697091,335.7181180089225,,
ORDER,,61,7,1,,212.07667657686088,337.00564143369786,,
ORDER,,62,2,1,,213.30903962562496,344.35074275011823,,
ORDER,,63,4,2,,219.0258786472543,359.9299166279636,,
ORDER,,64,0,4,,219.4573729514572,391.83800450293546,,
ORDER,,65,5,1,,220.9883077219869,359.13629043407093,,
ORDER,,66,2,1,,221.5612096476352,349.1789993773805,,
ORDER,,67,3,2,,222.0430337044059,346.3407680812161,,
ORDER,,68,3,1,,224.43168345710757,344.6382934610897,,
ORDER,,69,0,1,,227.84844702279574,419.43148651712306,,
ORDER,,70,3,4,,235.91259348761864,361.6693606695436,,
ORDER,,71,7,1,,237.8355470043859,363.92931454681036,,
ORDER,,72,0,2,,238.3077967219262,429.0679898470936,,
ORDER,,73,5,1,,240.1281546032483,354.5447386700785,,
ORDER,,74,0,4,,243.1403903841746,428.79729706760895,,
ORDER,,75,6,2,,244.2285406851461,390.928488021237,,
ORDER,,76,0,2,,258.87270019830174,420.14941819129854,,
ORDER,,77,5,1,,270.20144265254373,386.1257199380341,,
ORDER,,78,7,2,,286.6993706280571,419.46363808510364,,
ORDER,,79,2,1,,289.89308163045945,426.88052042613424,,
ORDER,,80,4,1,,294.59740752478933,457.4250250505096,,
ORDER,,81,7,1,,299.2426051081377,421.64183294807424,,
ORDER,,82,4,2,,306.37065048775844,450.1541105076859,,
ORDER,,83,4,1,,306.9498419650359,476.0467825884599,,
ORDER,,84,3,1,,307.8612219528236,443.31678841703297,,
ORDER,,85,6,1,,313.36493022458075,463.69099809353384,,
ORDER,,86,4,4,,320.23480842970787,474.38637148571786,,
ORDER,,87,4,1,,320.6849016774531,473.0784185882344,,
ORDER,,88,2,2,,323.62542011331965,452.2912388993055,,
ORDER,,89,2,4,,324.3748180755502,452.06147867168477,,
ORDER,,90,1,2,,325.37916615734537,480.91767402001983,,
ORDER,,91,2,1,,329.18265434818494,466.100250013165,,
ORDER,,92,5,1,,329.6627005729372,462.058159830661,,
ORDER,,93,3,1,,334.636512402368,456.3936022187468,,
ORDER,,94,1,1,,339.0433136660091,478.13137834835504,,
ORDER,,95,7,2,,344.10917208270814,468.00857765014774,,
ORDER,,96,2,1,,346.96933156429446,482.9379593369897,,
ORDER,,97,4,1,,349.8139731597529,517.1845539005819,,
ORDER,,98,5,1,,357.16450527705587,472.2133745760459,,
ORDER,,99,6,1,,362.1587124330033,492.38090007596327,,
ORDER,,100,7,2,,362.9671510360535,482.9253723070693,,
ORDER,,101,2,1,,364.9337973173015,515.3885689528006,,
ORDER,,102,3,1,,370.3559282378446,500.54290632665175,,
ORDER,,103,3,1,,372.04795975728587,505.63968055075566,,
ORDER,,104,0,1,,375.3284346152821,560.0379602562288,,
ORDER,,105,0,1,,381.2774137075579,554.2407951076789,,
ORDER,,106,7,2,,387.9283998169341,517.8005331187131,,
ORDER,,107,1,1,,392.325296926115,541.8829761878453,,
ORDER,,108,4,1,,397.8480023528872,544.2971736920958,,
ORDER,,109,0,1,,401.2654196854862,586.4600627604441,,
ORDER,,110,5,2,,410.14666039654446,543.6544917217534,,
ORDER,,111,1,2,,416.89395771389394,569.772098253592,,
ORDER,,112,5,1,,419.54546783071874,535.520035129802,,
ORDER,,113,4,1,,425.3143281338198,593.8250709466408,,
ORDER,,114,7,1,,434.3832798464172,562.7498018625538,,
ORDER,,115,4,1,,434.4604111621016,581.0487737607539,,
ORDER,,116,2,2,,444.91251212293497,573.8054287865465,,
ORDER,,117,1,1,,445.0640141188492,590.9400781176413,,
ORDER,,118,3,1,,447.40962969072143,583.3318424951667,,
ORDER,,119,5,2,,448.1445099042351,574.1542441926844,,
ORDER,,120,1,1,,452.84490915295066,607.2158773877338,,
ORDER,,121,2,1,,460.39805350838736,597.9306430049063,,
ORDER,,122,4,1,,461.55839776661975,627.4351337462904,,
ORDER,,123,7,1,,462.36887112653966,595.8970697482372,,
ORDER,,124,2,2,,463.5799376114415,592.6270136924801,,
ORDER,,125,6,1,,469.64882185320346,596.9034097359364,,
ORDER,,126,5,2,,473.78153478405477,610.7479400985891,,
ORDER,,127,7,2,,474.0740315163024,605.8877111644229,,
ORDER,,128,5,1,,480.3227552632745,618.7846578841602,,
ORDER,,129,1,1,,482.83805209138285,630.035866645386,,
ORDER,,130,1,1,,483.42837222775034,621.1369035033928,,
ORDER,,131,0,1,,485.26319243780813,683.8224049430044,,
ORDER,,132,7,1,,491.58261949755683,603.2026155412772,,
ORDER,,133,4,1,,495.5854282793205,644.8727246099155,,
ORDER,,134,1,1,,496.13794143094213,623.4134258758312,,
ORDER,,135,7,1,,506.0137090937769,627.630583082733,,
ORDER,,136,1,1,,510.54932924807423,654.1383389617007,,
ORDER,,137,1,2,,514.2400045004549,664.7769988781452,,
ORDER,,138,3,2,,516.4777708245028,656.6915438043809,,
ORDER,,139,2,1,,525.9222290586729,668.4498183885486,,
ORDER,,140,0,1,,526.6333002575245,693.1564718234542,,
ORDER,,141,6,4,,529.9321123367026,653.3642575608588,,
ORDER,,142,2,2,,533.0466200495873,666.9927755253158,,
ORDER,,143,1,2,,535.0060116238841,680.6910794052274,,
ORDER,,144,3,2,,537.3441069785132,676.257836844525,,
ORDER,,145,4,1,,547.0860551164591,707.7172375094628,,
ORDER,,146,5,1,,551.7003304050539,669.4888782164753,,
ORDER,,147,2,1,,553.9477386922949,686.8181200010224,,
ORDER,,148,0,1,,555.0397134957865,751.742553530838,,
ORDER,,149,0,2,,558.9293191105962,728.0843116293549,,
ORDER,,150,6,1,,566.5331082322813,706.8578110242013,,
ORDER,,151,3,2,,567.5750504847036,695.0360473180085,,
ORDER,,152,6,1,,574.0673268155663,723.2785804592619,,
ORDER,,153,2,2,,575.2022696516672,702.1671422269328,,
ORDER,,154,2,1,,585.2396658783142,718.60640425561,,
ORDER,,155,6,2,,588.2411204272265,712.5037419818326,,
ORDER,,156,7,1,,589.0288090547134,720.8959236110954,,
ORDER,,157,4,2,,591.5104148120406,753.5231561052774,,
ORDER,,158,2,1,,593.6716256912241,726.8357707863105,,
ORDER,,159,7,1,,598.4182447893915,712.7146214582446,,
