record_type,key,i,j,k,l,value,value2,value3,text
META,instance_id,,,,,,,,"""sensitivity_M_12_06_07_80_D4_rho065_tight_000_rm0.5_wsd060_rcd080"""
META,scale,,,,,,,,"""M"""
META,scenario,,,,,,,,"""D4"""
META,generation_seed,,,,,,,,4103044651
META,target_load_ratio,,,,,,,,0.65
META,due_tightness,,,,,,,,"""tight"""
META,worker_skill_density,,,,,,,,0.6
META,robot_capability_density,,,,,,,,0.8
META,relocation_multiplier,,,,,,,,0.5
META,num_stages,,,,,,,,6
META,generation_meta,,,,,,,,"{""paper_vs_implementation"":{""paper_specified"":[""scale ranges"",""70-100% route coverage"",""processing/efficiency/synergy distributions"",""skill/capability density choices"",""D1-D5 qualitative scenario definitions"",""load-ratio choices"",""weight distribution"",""due-date-factor ranges"",""relocation-time ranges"",""load-balance initial configuration with random perturbation""],""implementation_choices"":{""arrival_rate_calibration"":""work_content_over_effective_parallel_servers"",""same_stage_cells_are_adjacent"":true,""initial_configuration_perturbation_rate"":0.15,""scenario_timing_basis"":""order_index_fraction"",""base_product_mix"":""uniform""}},""base_arrival_rate_orders_per_minute"":0.178325777793123,""effective_parallel_servers_for_load_calibration"":12,""mean_minimum_route_work_minutes"":43.740170919365546,""actual_hr_compatibility_rate_parameter"":0.8959160712357305,""actual_worker_skill_density"":0.5625,""actual_robot_capability_density"":0.8571428571428571,""instance_parameter_table"":{""scale"":""M"",""M"":12,""S"":6,""R"":7,""J"":80,""H"":8,""V"":5,""parameter_case_id"":""M_12_06_07_80""},""parameter_case_id"":""M_12_06_07_80"",""dimensions"":{""S"":6,""M"":12,""J"":80,""H"":8,""R"":7,""V"":5},""scenario_parameters"":{""timing_basis"":""order_index_fraction"",""base_product_mix"":""uniform"",""d2_sampled_burst_multiplier"":null,""d2_burst_window"":[0.4,0.7],""d3_mix_switch_ratio"":0.5,""d3_dominant_product_sequence"":[0,1],""d4_change_ratios"":[0.33,0.67],""d4_arrival_rate_multipliers"":[1.0,1.75,1.25],""d4_dominant_product_sequence"":[0,1,2],""d5_urgent_index_window"":[36,44],""d5_urgent_arrival_rate_multiplier"":3.0,""d5_urgent_dominant_product"":1,""dominant_product_share"":0.7},""route_stage_coverage"":[0.7,1.0],""min_multi_cell_stage_ratio"":0.3}"
CELL,,0,0,,,,,,
CELL,,1,1,,,,,,
CELL,,2,1,,,,,,
CELL,,3,2,,,,,,
CELL,,4,2,,,,,,
CELL,,5,2,,,,,,
CELL,,6,3,,,,,,
CELL,,7,3,,,,,,
CELL,,8,4,,,,,,
CELL,,9,5,,,,,,
CELL,,10,5,,,,,,
CELL,,11,5,,,,,,
ROUTE,,0,0,0,,,,,
ROUTE,,0,1,1,,,,,
ROUTE,,0,2,3,,,,,
ROUTE,,0,3,4,,,,,
ROUTE,,0,4,5,,,,,
ROUTE,,1,0,0,,,,,
ROUTE,,1,1,1,,,,,
ROUTE,,1,2,2,,,,,
ROUTE,,1,3,3,,,,,
ROUTE,,1,4,4,,,,,
ROUTE,,1,5,5,,,,,
ROUTE,,2,0,1,,,,,
ROUTE,,2,1,2,,,,,
ROUTE,,2,2,3,,,,,
ROUTE,,2,3,4,,,,,
ROUTE,,2,4,5,,,,,
ROUTE,,3,0,0,,,,,
ROUTE,,3,1,1,,,,,
ROUTE,,3,2,2,,,,,
ROUTE,,3,3,3,,,,,
ROUTE,,3,4,4,,,,,
ROUTE,,3,5,5,,,,,
ROUTE,,4,0,0,,,,,
ROUTE,,4,1,1,,,,,
ROUTE,,4,2,2,,,,,
ROUTE,,4,3,4,,,,,
ROUTE,,4,4,5,,,,,
BASE_PROCESS,,0,0,,,22.96600716737354,,,
BASE_PROCESS,,0,1,,,10.976953997069458,,,
BASE_PROCESS,,0,2,,,9.234430251725694,,,
BASE_PROCESS,,0,3,,,11.306809982905303,,,
BASE_PROCESS,,0,4,,,8.147344868526098,,,
BASE_PROCESS,,0,5,,,10.383383803013402,,,
BASE_PROCESS,,1,0,,,16.426895187280746,,,
BASE_PROCESS,,1,1,,,14.232301589156384,,,
BASE_PROCESS,,1,2,,,16.246189094767267,,,
BASE_PROCESS,,1,3,,,10.38275558981137,,,
BASE_PROCESS,,1,4,,,14.731272968743005,,,
BASE_PROCESS,,1,5,,,14.9961560981276,,,
BASE_PROCESS,,2,0,,,19.815746765682707,,,
BASE_PROCESS,,2,1,,,8.55037903763121,,,
BASE_PROCESS,,2,2,,,23.283734964357706,,,
BASE_PROCESS,,2,3,,,18.578867596311564,,,
BASE_PROCESS,,2,4,,,10.013549112712107,,,
BASE_PROCESS,,2,5,,,14.159739886207905,,,
BASE_PROCESS,,3,0,,,23.685177487010755,,,
BASE_PROCESS,,3,1,,,16.983042929763045,,,
BASE_PROCESS,,3,2,,,16.81959342147145,,,
BASE_PROCESS,,3,3,,,8.36258909886464,,,
BASE_PROCESS,,3,4,,,11.55635819974406,,,
BASE_PROCESS,,3,5,,,21.496155257681966,,,
BASE_PROCESS,,4,0,,,14.086429524200135,,,
BASE_PROCESS,,4,1,,,11.107475124017402,,,
BASE_PROCESS,,4,2,,,17.56573719042268,,,
BASE_PROCESS,,4,3,,,22.16666862456318,,,
BASE_PROCESS,,4,4,,,12.649279022625795,,,
BASE_PROCESS,,4,5,,,14.712327524101886,,,
WORKER_SKILL,,0,0,,,1,,,
WORKER_SKILL,,0,1,,,0,,,
WORKER_SKILL,,0,2,,,1,,,
WORKER_SKILL,,0,3,,,1,,,
WORKER_SKILL,,0,4,,,1,,,
WORKER_SKILL,,0,5,,,1,,,
WORKER_SKILL,,1,0,,,0,,,
WORKER_SKILL,,1,1,,,1,,,
WORKER_SKILL,,1,2,,,0,,,
WORKER_SKILL,,1,3,,,1,,,
WORKER_SKILL,,1,4,,,0,,,
WORKER_SKILL,,1,5,,,1,,,
WORKER_SKILL,,2,0,,,0,,,
WORKER_SKILL,,2,1,,,0,,,
WORKER_SKILL,,2,2,,,1,,,
WORKER_SKILL,,2,3,,,0,,,
WORKER_SKILL,,2,4,,,1,,,
WORKER_SKILL,,2,5,,,1,,,
WORKER_SKILL,,3,0,,,0,,,
WORKER_SKILL,,3,1,,,1,,,
WORKER_SKILL,,3,2,,,1,,,
WORKER_SKILL,,3,3,,,1,,,
WORKER_SKILL,,3,4,,,0,,,
WORKER_SKILL,,3,5,,,0,,,
WORKER_SKILL,,4,0,,,1,,,
WORKER_SKILL,,4,1,,,0,,,
WORKER_SKILL,,4,2,,,1,,,
WORKER_SKILL,,4,3,,,0,,,
WORKER_SKILL,,4,4,,,0,,,
WORKER_SKILL,,4,5,,,1,,,
WORKER_SKILL,,5,0,,,0,,,
WORKER_SKILL,,5,1,,,1,,,
WORKER_SKILL,,5,2,,,1,,,
WORKER_SKILL,,5,3,,,0,,,
WORKER_SKILL,,5,4,,,0,,,
WORKER_SKILL,,5,5,,,0,,,
WORKER_SKILL,,6,0,,,1,,,
WORKER_SKILL,,6,1,,,0,,,
WORKER_SKILL,,6,2,,,1,,,
WORKER_SKILL,,6,3,,,0,,,
WORKER_SKILL,,6,4,,,0,,,
WORKER_SKILL,,6,5,,,1,,,
WORKER_SKILL,,7,0,,,1,,,
WORKER_SKILL,,7,1,,,1,,,
WORKER_SKILL,,7,2,,,1,,,
WORKER_SKILL,,7,3,,,1,,,
WORKER_SKILL,,7,4,,,0,,,
WORKER_SKILL,,7,5,,,1,,,
WORKER_EFF,,0,0,,,1.0482343656018955,,,
WORKER_EFF,,0,1,,,1.0146958278974116,,,
WORKER_EFF,,0,2,,,1.0378772537015428,,,
WORKER_EFF,,0,3,,,0.8960443588171223,,,
WORKER_EFF,,0,4,,,1.0436046497494698,,,
WORKER_EFF,,0,5,,,1.0565615085519011,,,
WORKER_EFF,,1,0,,,1.0030079594127699,,,
WORKER_EFF,,1,1,,,0.8159392928398088,,,
WORKER_EFF,,1,2,,,0.8446848511953411,,,
WORKER_EFF,,1,3,,,0.9035309996080855,,,
WORKER_EFF,,1,4,,,1.0001824825393595,,,
WORKER_EFF,,1,5,,,1.0835548750966224,,,
WORKER_EFF,,2,0,,,0.9909880827826352,,,
WORKER_EFF,,2,1,,,0.9016048301289417,,,
WORKER_EFF,,2,2,,,1.06188321566828,,,
WORKER_EFF,,2,3,,,0.8146694627438897,,,
WORKER_EFF,,2,4,,,1.069181543107857,,,
WORKER_EFF,,2,5,,,1.1070628693693514,,,
WORKER_EFF,,3,0,,,1.04278661686584,,,
WORKER_EFF,,3,1,,,1.1370959905104314,,,
WORKER_EFF,,3,2,,,1.1135537553769728,,,
WORKER_EFF,,3,3,,,1.0364795864315537,,,
WORKER_EFF,,3,4,,,0.8978803343073837,,,
WORKER_EFF,,3,5,,,1.0201914975551478,,,
WORKER_EFF,,4,0,,,1.1416467498070233,,,
WORKER_EFF,,4,1,,,0.910666621729708,,,
WORKER_EFF,,4,2,,,0.9328382055225307,,,
WORKER_EFF,,4,3,,,0.9571841326883337,,,
WORKER_EFF,,4,4,,,1.1669328392252412,,,
WORKER_EFF,,4,5,,,1.0616413711565218,,,
WORKER_EFF,,5,0,,,1.112959691945468,,,
WORKER_EFF,,5,1,,,1.1668839393409367,,,
WORKER_EFF,,5,2,,,1.0282244736831865,,,
WORKER_EFF,,5,3,,,1.066904984572633,,,
WORKER_EFF,,5,4,,,0.9613118788912682,,,
WORKER_EFF,,5,5,,,0.9503456680975194,,,
WORKER_EFF,,6,0,,,1.088362001271446,,,
WORKER_EFF,,6,1,,,0.8882621019184133,,,
WORKER_EFF,,6,2,,,0.8735118942777091,,,
WORKER_EFF,,6,3,,,0.9535224182678765,,,
WORKER_EFF,,6,4,,,1.0252507662673866,,,
WORKER_EFF,,6,5,,,0.921335753375245,,,
WORKER_EFF,,7,0,,,1.1897337183742243,,,
WORKER_EFF,,7,1,,,1.0894156501885361,,,
WORKER_EFF,,7,2,,,1.1830082756286653,,,
WORKER_EFF,,7,3,,,0.8537737736839318,,,
WORKER_EFF,,7,4,,,0.9730538799533524,,,
WORKER_EFF,,7,5,,,0.8189458325253712,,,
ROBOT_CAP,,0,0,,,1,,,
ROBOT_CAP,,0,1,,,1,,,
ROBOT_CAP,,0,2,,,0,,,
ROBOT_CAP,,0,3,,,1,,,
ROBOT_CAP,,0,4,,,1,,,
ROBOT_CAP,,0,5,,,0,,,
ROBOT_CAP,,1,0,,,1,,,
ROBOT_CAP,,1,1,,,1,,,
ROBOT_CAP,,1,2,,,1,,,
ROBOT_CAP,,1,3,,,1,,,
ROBOT_CAP,,1,4,,,1,,,
ROBOT_CAP,,1,5,,,1,,,
ROBOT_CAP,,2,0,,,1,,,
ROBOT_CAP,,2,1,,,1,,,
ROBOT_CAP,,2,2,,,0,,,
ROBOT_CAP,,2,3,,,1,,,
ROBOT_CAP,,2,4,,,1,,,
ROBOT_CAP,,2,5,,,0,,,
ROBOT_CAP,,3,0,,,1,,,
ROBOT_CAP,,3,1,,,1,,,
ROBOT_CAP,,3,2,,,1,,,
ROBOT_CAP,,3,3,,,1,,,
ROBOT_CAP,,3,4,,,1,,,
ROBOT_CAP,,3,5,,,1,,,
ROBOT_CAP,,4,0,,,1,,,
ROBOT_CAP,,4,1,,,1,,,
ROBOT_CAP,,4,2,,,1,,,
ROBOT_CAP,,4,3,,,1,,,
ROBOT_CAP,,4,4,,,1,,,
ROBOT_CAP,,4,5,,,0,,,
ROBOT_CAP,,5,0,,,1,,,
ROBOT_CAP,,5,1,,,1,,,
ROBOT_CAP,,5,2,,,1,,,
ROBOT_CAP,,5,3,,,1,,,
ROBOT_CAP,,5,4,,,1,,,
ROBOT_CAP,,5,5,,,1,,,
ROBOT_CAP,,6,0,,,1,,,
ROBOT_CAP,,6,1,,,0,,,
ROBOT_CAP,,6,2,,,1,,,
ROBOT_CAP,,6,3,,,1,,,
ROBOT_CAP,,6,4,,,1,,,
ROBOT_CAP,,6,5,,,1,,,
ROBOT_EFF,,0,0,,,1.0333524403816068,,,
ROBOT_EFF,,0,1,,,1.1834354089023231,,,
ROBOT_EFF,,0,2,,,1.0594463780618797,,,
ROBOT_EFF,,0,3,,,1.0038085828796577,,,
ROBOT_EFF,,0,4,,,1.0161693173238522,,,
ROBOT_EFF,,0,5,,,1.0960849095075869,,,
ROBOT_EFF,,1,0,,,1.2843621993806922,,,
ROBOT_EFF,,1,1,,,1.136930393810918,,,
ROBOT_EFF,,1,2,,,0.9929372934818284,,,
ROBOT_EFF,,1,3,,,1.07631013332345,,,
ROBOT_EFF,,1,4,,,0.9375731240681665,,,
ROBOT_EFF,,1,5,,,0.9372657735491798,,,
ROBOT_EFF,,2,0,,,1.0081592804237087,,,
ROBOT_EFF,,2,1,,,1.246609351663904,,,
ROBOT_EFF,,2,2,,,1.2951486329337467,,,
ROBOT_EFF,,2,3,,,1.2856089944339844,,,
ROBOT_EFF,,2,4,,,1.0478107203050477,,,
ROBOT_EFF,,2,5,,,1.2115453938070717,,,
ROBOT_EFF,,3,0,,,1.128029269694515,,,
ROBOT_EFF,,3,1,,,0.8747206008955487,,,
ROBOT_EFF,,3,2,,,1.0831993766634342,,,
ROBOT_EFF,,3,3,,,0.9582216447933175,,,
ROBOT_EFF,,3,4,,,1.1480239450140772,,,
ROBOT_EFF,,3,5,,,1.0579577411877827,,,
ROBOT_EFF,,4,0,,,0.8969641686587584,,,
ROBOT_EFF,,4,1,,,1.0880571196379567,,,
ROBOT_EFF,,4,2,,,1.192013696927204,,,
ROBOT_EFF,,4,3,,,1.1192687832273802,,,
ROBOT_EFF,,4,4,,,1.1402426251287523,,,
ROBOT_EFF,,4,5,,,1.1730316453246719,,,
ROBOT_EFF,,5,0,,,0.9921279379034958,,,
ROBOT_EFF,,5,1,,,1.1115555619405466,,,
ROBOT_EFF,,5,2,,,1.2747530622479908,,,
ROBOT_EFF,,5,3,,,1.0084402602886344,,,
ROBOT_EFF,,5,4,,,0.8646243147847291,,,
ROBOT_EFF,,5,5,,,1.2100317326181362,,,
ROBOT_EFF,,6,0,,,0.9477000813980077,,,
ROBOT_EFF,,6,1,,,1.2142344135776084,,,
ROBOT_EFF,,6,2,,,1.2638475666961424,,,
ROBOT_EFF,,6,3,,,1.2243010467441988,,,
ROBOT_EFF,,6,4,,,0.9087251767768156,,,
ROBOT_EFF,,6,5,,,0.8818782542482275,,,
HR_COMPAT,,0,0,0,,1,,,
HR_SYNERGY,,0,0,0,,0.7806431542771761,,,
HR_COMPAT,,0,0,1,,0,,,
HR_SYNERGY,,0,0,1,,0.747474230000087,,,
HR_COMPAT,,0,0,2,,0,,,
HR_SYNERGY,,0,0,2,,0.8264697954984822,,,
HR_COMPAT,,0,0,3,,1,,,
HR_SYNERGY,,0,0,3,,0.8695501369569992,,,
HR_COMPAT,,0,0,4,,1,,,
HR_SYNERGY,,0,0,4,,0.6737073173386245,,,
HR_COMPAT,,0,0,5,,0,,,
HR_SYNERGY,,0,0,5,,0.8258666901760076,,,
HR_COMPAT,,0,1,0,,1,,,
HR_SYNERGY,,0,1,0,,0.7363853366293229,,,
HR_COMPAT,,0,1,1,,0,,,
HR_SYNERGY,,0,1,1,,0.8088844851778005,,,
HR_COMPAT,,0,1,2,,1,,,
HR_SYNERGY,,0,1,2,,0.6554035265454848,,,
HR_COMPAT,,0,1,3,,1,,,
HR_SYNERGY,,0,1,3,,0.8247702891727652,,,
HR_COMPAT,,0,1,4,,1,,,
HR_SYNERGY,,0,1,4,,0.7625814644778532,,,
HR_COMPAT,,0,1,5,,1,,,
HR_SYNERGY,,0,1,5,,0.8097568053110376,,,
HR_COMPAT,,0,2,0,,1,,,
HR_SYNERGY,,0,2,0,,0.782096425639152,,,
HR_COMPAT,,0,2,1,,0,,,
HR_SYNERGY,,0,2,1,,0.6931916619960738,,,
HR_COMPAT,,0,2,2,,0,,,
HR_SYNERGY,,0,2,2,,0.8104638607915056,,,
HR_COMPAT,,0,2,3,,1,,,
HR_SYNERGY,,0,2,3,,0.8768465194514186,,,
HR_COMPAT,,0,2,4,,1,,,
HR_SYNERGY,,0,2,4,,0.7216665514801787,,,
HR_COMPAT,,0,2,5,,0,,,
HR_SYNERGY,,0,2,5,,0.6598020914279747,,,
HR_COMPAT,,0,3,0,,1,,,
HR_SYNERGY,,0,3,0,,0.7585525577430646,,,
HR_COMPAT,,0,3,1,,0,,,
HR_SYNERGY,,0,3,1,,0.8414666933072279,,,
HR_COMPAT,,0,3,2,,1,,,
HR_SYNERGY,,0,3,2,,0.8384254384964595,,,
HR_COMPAT,,0,3,3,,0,,,
HR_SYNERGY,,0,3,3,,0.8427390729591391,,,
HR_COMPAT,,0,3,4,,1,,,
HR_SYNERGY,,0,3,4,,0.8685156810556648,,,
HR_COMPAT,,0,3,5,,1,,,
HR_SYNERGY,,0,3,5,,0.8599731019440418,,,
HR_COMPAT,,0,4,0,,1,,,
HR_SYNERGY,,0,4,0,,0.84280127536001,,,
HR_COMPAT,,0,4,1,,0,,,
HR_SYNERGY,,0,4,1,,0.7312087292809974,,,
HR_COMPAT,,0,4,2,,1,,,
HR_SYNERGY,,0,4,2,,0.7739520441792374,,,
HR_COMPAT,,0,4,3,,1,,,
HR_SYNERGY,,0,4,3,,0.7088165246634742,,,
HR_COMPAT,,0,4,4,,1,,,
HR_SYNERGY,,0,4,4,,0.7802417405615181,,,
HR_COMPAT,,0,4,5,,0,,,
HR_SYNERGY,,0,4,5,,0.8677952424058597,,,
HR_COMPAT,,0,5,0,,1,,,
HR_SYNERGY,,0,5,0,,0.8474848401861892,,,
HR_COMPAT,,0,5,1,,0,,,
HR_SYNERGY,,0,5,1,,0.8613813406000546,,,
HR_COMPAT,,0,5,2,,1,,,
HR_SYNERGY,,0,5,2,,0.8496659994638238,,,
HR_COMPAT,,0,5,3,,0,,,
HR_SYNERGY,,0,5,3,,0.6868932098977709,,,
HR_COMPAT,,0,5,4,,1,,,
HR_SYNERGY,,0,5,4,,0.6731526765407837,,,
HR_COMPAT,,0,5,5,,1,,,
HR_SYNERGY,,0,5,5,,0.8721355812421118,,,
HR_COMPAT,,0,6,0,,1,,,
HR_SYNERGY,,0,6,0,,0.7022368608810124,,,
HR_COMPAT,,0,6,1,,0,,,
HR_SYNERGY,,0,6,1,,0.7478994189534904,,,
HR_COMPAT,,0,6,2,,1,,,
HR_SYNERGY,,0,6,2,,0.8224802772634647,,,
HR_COMPAT,,0,6,3,,0,,,
HR_SYNERGY,,0,6,3,,0.7566485768215024,,,
HR_COMPAT,,0,6,4,,1,,,
HR_SYNERGY,,0,6,4,,0.7768634787235053,,,
HR_COMPAT,,0,6,5,,0,,,
HR_SYNERGY,,0,6,5,,0.7144044534252229,,,
HR_COMPAT,,1,0,0,,0,,,
HR_SYNERGY,,1,0,0,,0.6654385938853958,,,
HR_COMPAT,,1,0,1,,1,,,
HR_SYNERGY,,1,0,1,,0.7993097233597921,,,
HR_COMPAT,,1,0,2,,0,,,
HR_SYNERGY,,1,0,2,,0.789401369945545,,,
HR_COMPAT,,1,0,3,,1,,,
HR_SYNERGY,,1,0,3,,0.8718904234966369,,,
HR_COMPAT,,1,0,4,,0,,,
HR_SYNERGY,,1,0,4,,0.7693062687105385,,,
HR_COMPAT,,1,0,5,,0,,,
HR_SYNERGY,,1,0,5,,0.7010209269717463,,,
HR_COMPAT,,1,1,0,,0,,,
HR_SYNERGY,,1,1,0,,0.8538794977246662,,,
HR_COMPAT,,1,1,1,,1,,,
HR_SYNERGY,,1,1,1,,0.8604871206990639,,,
HR_COMPAT,,1,1,2,,0,,,
HR_SYNERGY,,1,1,2,,0.6874332941391881,,,
HR_COMPAT,,1,1,3,,0,,,
HR_SYNERGY,,1,1,3,,0.8480019612511274,,,
HR_COMPAT,,1,1,4,,0,,,
HR_SYNERGY,,1,1,4,,0.740527892706741,,,
HR_COMPAT,,1,1,5,,1,,,
HR_SYNERGY,,1,1,5,,0.8316602624542431,,,
HR_COMPAT,,1,2,0,,0,,,
HR_SYNERGY,,1,2,0,,0.6991083317591854,,,
HR_COMPAT,,1,2,1,,1,,,
HR_SYNERGY,,1,2,1,,0.7054978068811172,,,
HR_COMPAT,,1,2,2,,0,,,
HR_SYNERGY,,1,2,2,,0.8072820285072854,,,
HR_COMPAT,,1,2,3,,1,,,
HR_SYNERGY,,1,2,3,,0.6524599285700551,,,
HR_COMPAT,,1,2,4,,0,,,
HR_SYNERGY,,1,2,4,,0.7961074961640543,,,
HR_COMPAT,,1,2,5,,0,,,
HR_SYNERGY,,1,2,5,,0.6787761313776028,,,
HR_COMPAT,,1,3,0,,0,,,
HR_SYNERGY,,1,3,0,,0.7561212592754363,,,
HR_COMPAT,,1,3,1,,1,,,
HR_SYNERGY,,1,3,1,,0.8254775561432224,,,
HR_COMPAT,,1,3,2,,0,,,
HR_SYNERGY,,1,3,2,,0.8036052937942815,,,
HR_COMPAT,,1,3,3,,1,,,
HR_SYNERGY,,1,3,3,,0.823483940840345,,,
HR_COMPAT,,1,3,4,,0,,,
HR_SYNERGY,,1,3,4,,0.670559989932573,,,
HR_COMPAT,,1,3,5,,1,,,
HR_SYNERGY,,1,3,5,,0.7646946587928043,,,
HR_COMPAT,,1,4,0,,0,,,
HR_SYNERGY,,1,4,0,,0.7977619396261445,,,
HR_COMPAT,,1,4,1,,1,,,
HR_SYNERGY,,1,4,1,,0.8030918584364046,,,
HR_COMPAT,,1,4,2,,0,,,
HR_SYNERGY,,1,4,2,,0.7873399689689204,,,
HR_COMPAT,,1,4,3,,1,,,
HR_SYNERGY,,1,4,3,,0.8006319618389174,,,
HR_COMPAT,,1,4,4,,0,,,
HR_SYNERGY,,1,4,4,,0.8082044663015642,,,
HR_COMPAT,,1,4,5,,0,,,
HR_SYNERGY,,1,4,5,,0.7666973746969467,,,
HR_COMPAT,,1,5,0,,0,,,
HR_SYNERGY,,1,5,0,,0.7393490505542892,,,
HR_COMPAT,,1,5,1,,0,,,
HR_SYNERGY,,1,5,1,,0.7297754800195798,,,
HR_COMPAT,,1,5,2,,0,,,
HR_SYNERGY,,1,5,2,,0.8327270164593691,,,
HR_COMPAT,,1,5,3,,1,,,
HR_SYNERGY,,1,5,3,,0.7788352656396506,,,
HR_COMPAT,,1,5,4,,0,,,
HR_SYNERGY,,1,5,4,,0.7061625023544537,,,
HR_COMPAT,,1,5,5,,1,,,
HR_SYNERGY,,1,5,5,,0.7992260338755286,,,
HR_COMPAT,,1,6,0,,0,,,
HR_SYNERGY,,1,6,0,,0.8692990990249371,,,
HR_COMPAT,,1,6,1,,0,,,
HR_SYNERGY,,1,6,1,,0.7745405930108192,,,
HR_COMPAT,,1,6,2,,0,,,
HR_SYNERGY,,1,6,2,,0.7014149778094279,,,
HR_COMPAT,,1,6,3,,1,,,
HR_SYNERGY,,1,6,3,,0.8299504361674261,,,
HR_COMPAT,,1,6,4,,0,,,
HR_SYNERGY,,1,6,4,,0.7629591419833309,,,
HR_COMPAT,,1,6,5,,1,,,
HR_SYNERGY,,1,6,5,,0.8143287136391324,,,
HR_COMPAT,,2,0,0,,0,,,
HR_SYNERGY,,2,0,0,,0.8649037914739017,,,
HR_COMPAT,,2,0,1,,0,,,
HR_SYNERGY,,2,0,1,,0.7927865402241244,,,
HR_COMPAT,,2,0,2,,0,,,
HR_SYNERGY,,2,0,2,,0.8894684916187794,,,
HR_COMPAT,,2,0,3,,0,,,
HR_SYNERGY,,2,0,3,,0.7762920675813325,,,
HR_COMPAT,,2,0,4,,1,,,
HR_SYNERGY,,2,0,4,,0.7758492454334738,,,
HR_COMPAT,,2,0,5,,0,,,
HR_SYNERGY,,2,0,5,,0.6629173851592014,,,
HR_COMPAT,,2,1,0,,0,,,
HR_SYNERGY,,2,1,0,,0.8911224994528122,,,
HR_COMPAT,,2,1,1,,0,,,
HR_SYNERGY,,2,1,1,,0.6530075432351086,,,
HR_COMPAT,,2,1,2,,1,,,
HR_SYNERGY,,2,1,2,,0.7576599884543644,,,
HR_COMPAT,,2,1,3,,0,,,
HR_SYNERGY,,2,1,3,,0.8064120336363183,,,
HR_COMPAT,,2,1,4,,1,,,
HR_SYNERGY,,2,1,4,,0.7853883567510886,,,
HR_COMPAT,,2,1,5,,0,,,
HR_SYNERGY,,2,1,5,,0.6675885707535893,,,
HR_COMPAT,,2,2,0,,0,,,
HR_SYNERGY,,2,2,0,,0.7648027481587272,,,
HR_COMPAT,,2,2,1,,0,,,
HR_SYNERGY,,2,2,1,,0.8164928290272185,,,
HR_COMPAT,,2,2,2,,0,,,
HR_SYNERGY,,2,2,2,,0.7672640447710906,,,
HR_COMPAT,,2,2,3,,0,,,
HR_SYNERGY,,2,2,3,,0.7088968720437636,,,
HR_COMPAT,,2,2,4,,1,,,
HR_SYNERGY,,2,2,4,,0.8189891179467256,,,
HR_COMPAT,,2,2,5,,0,,,
HR_SYNERGY,,2,2,5,,0.8091620598619889,,,
HR_COMPAT,,2,3,0,,0,,,
HR_SYNERGY,,2,3,0,,0.7548593963234639,,,
HR_COMPAT,,2,3,1,,0,,,
HR_SYNERGY,,2,3,1,,0.7303946495537673,,,
HR_COMPAT,,2,3,2,,1,,,
HR_SYNERGY,,2,3,2,,0.7110329100808157,,,
HR_COMPAT,,2,3,3,,0,,,
HR_SYNERGY,,2,3,3,,0.8968615240004374,,,
HR_COMPAT,,2,3,4,,1,,,
HR_SYNERGY,,2,3,4,,0.7022311766162639,,,
HR_COMPAT,,2,3,5,,1,,,
HR_SYNERGY,,2,3,5,,0.7182772208804908,,,
HR_COMPAT,,2,4,0,,0,,,
HR_SYNERGY,,2,4,0,,0.7873108144588793,,,
HR_COMPAT,,2,4,1,,0,,,
HR_SYNERGY,,2,4,1,,0.6891529841678091,,,
HR_COMPAT,,2,4,2,,1,,,
HR_SYNERGY,,2,4,2,,0.833378400666001,,,
HR_COMPAT,,2,4,3,,0,,,
HR_SYNERGY,,2,4,3,,0.7601418397280197,,,
HR_COMPAT,,2,4,4,,1,,,
HR_SYNERGY,,2,4,4,,0.8406918520727036,,,
HR_COMPAT,,2,4,5,,0,,,
HR_SYNERGY,,2,4,5,,0.8645408404569572,,,
HR_COMPAT,,2,5,0,,0,,,
HR_SYNERGY,,2,5,0,,0.7156150905276172,,,
HR_COMPAT,,2,5,1,,0,,,
HR_SYNERGY,,2,5,1,,0.7358506519984774,,,
HR_COMPAT,,2,5,2,,1,,,
HR_SYNERGY,,2,5,2,,0.7697301909458327,,,
HR_COMPAT,,2,5,3,,0,,,
HR_SYNERGY,,2,5,3,,0.8891312253754381,,,
HR_COMPAT,,2,5,4,,0,,,
HR_SYNERGY,,2,5,4,,0.8666815081111284,,,
HR_COMPAT,,2,5,5,,1,,,
HR_SYNERGY,,2,5,5,,0.8659536912559277,,,
HR_COMPAT,,2,6,0,,0,,,
HR_SYNERGY,,2,6,0,,0.8647591799025426,,,
HR_COMPAT,,2,6,1,,0,,,
HR_SYNERGY,,2,6,1,,0.7907727070135153,,,
HR_COMPAT,,2,6,2,,1,,,
HR_SYNERGY,,2,6,2,,0.661833424286953,,,
HR_COMPAT,,2,6,3,,0,,,
HR_SYNERGY,,2,6,3,,0.7138351828783714,,,
HR_COMPAT,,2,6,4,,1,,,
HR_SYNERGY,,2,6,4,,0.721199383805115,,,
HR_COMPAT,,2,6,5,,1,,,
HR_SYNERGY,,2,6,5,,0.7581504902529452,,,
HR_COMPAT,,3,0,0,,0,,,
HR_SYNERGY,,3,0,0,,0.7093273088055894,,,
HR_COMPAT,,3,0,1,,0,,,
HR_SYNERGY,,3,0,1,,0.7017666840314318,,,
HR_COMPAT,,3,0,2,,0,,,
HR_SYNERGY,,3,0,2,,0.7853785443204117,,,
HR_COMPAT,,3,0,3,,1,,,
HR_SYNERGY,,3,0,3,,0.8412024926541821,,,
HR_COMPAT,,3,0,4,,0,,,
HR_SYNERGY,,3,0,4,,0.7152359357899898,,,
HR_COMPAT,,3,0,5,,0,,,
HR_SYNERGY,,3,0,5,,0.6833727357925328,,,
HR_COMPAT,,3,1,0,,0,,,
HR_SYNERGY,,3,1,0,,0.7506595853598079,,,
HR_COMPAT,,3,1,1,,1,,,
HR_SYNERGY,,3,1,1,,0.8633552778867358,,,
HR_COMPAT,,3,1,2,,1,,,
HR_SYNERGY,,3,1,2,,0.7325365697503885,,,
HR_COMPAT,,3,1,3,,1,,,
HR_SYNERGY,,3,1,3,,0.7384658213024966,,,
HR_COMPAT,,3,1,4,,0,,,
HR_SYNERGY,,3,1,4,,0.7023307927964543,,,
HR_COMPAT,,3,1,5,,0,,,
HR_SYNERGY,,3,1,5,,0.8668438050262687,,,
HR_COMPAT,,3,2,0,,0,,,
HR_SYNERGY,,3,2,0,,0.8057119362638893,,,
HR_COMPAT,,3,2,1,,1,,,
HR_SYNERGY,,3,2,1,,0.852631894156773,,,
HR_COMPAT,,3,2,2,,0,,,
HR_SYNERGY,,3,2,2,,0.8169195057804102,,,
HR_COMPAT,,3,2,3,,1,,,
HR_SYNERGY,,3,2,3,,0.7321603108048234,,,
HR_COMPAT,,3,2,4,,0,,,
HR_SYNERGY,,3,2,4,,0.6695362283942488,,,
HR_COMPAT,,3,2,5,,0,,,
HR_SYNERGY,,3,2,5,,0.8214780651756752,,,
HR_COMPAT,,3,3,0,,0,,,
HR_SYNERGY,,3,3,0,,0.6750190631969843,,,
HR_COMPAT,,3,3,1,,1,,,
HR_SYNERGY,,3,3,1,,0.7342378527057357,,,
HR_COMPAT,,3,3,2,,0,,,
HR_SYNERGY,,3,3,2,,0.6817166223385095,,,
HR_COMPAT,,3,3,3,,1,,,
HR_SYNERGY,,3,3,3,,0.6937826690732081,,,
HR_COMPAT,,3,3,4,,0,,,
HR_SYNERGY,,3,3,4,,0.8173967004520388,,,
HR_COMPAT,,3,3,5,,0,,,
HR_SYNERGY,,3,3,5,,0.878860163432883,,,
HR_COMPAT,,3,4,0,,0,,,
HR_SYNERGY,,3,4,0,,0.6570219985760374,,,
HR_COMPAT,,3,4,1,,1,,,
HR_SYNERGY,,3,4,1,,0.7085174341922269,,,
HR_COMPAT,,3,4,2,,1,,,
HR_SYNERGY,,3,4,2,,0.7938727685549576,,,
HR_COMPAT,,3,4,3,,1,,,
HR_SYNERGY,,3,4,3,,0.6880650334885394,,,
HR_COMPAT,,3,4,4,,0,,,
HR_SYNERGY,,3,4,4,,0.8238485441833063,,,
HR_COMPAT,,3,4,5,,0,,,
HR_SYNERGY,,3,4,5,,0.6917939276464022,,,
HR_COMPAT,,3,5,0,,0,,,
HR_SYNERGY,,3,5,0,,0.8138556452990269,,,
HR_COMPAT,,3,5,1,,1,,,
HR_SYNERGY,,3,5,1,,0.835552084840719,,,
HR_COMPAT,,3,5,2,,1,,,
HR_SYNERGY,,3,5,2,,0.8842367568937971,,,
HR_COMPAT,,3,5,3,,1,,,
HR_SYNERGY,,3,5,3,,0.6511504440748133,,,
HR_COMPAT,,3,5,4,,0,,,
HR_SYNERGY,,3,5,4,,0.6707516422592408,,,
HR_COMPAT,,3,5,5,,0,,,
HR_SYNERGY,,3,5,5,,0.7277452044062926,,,
HR_COMPAT,,3,6,0,,0,,,
HR_SYNERGY,,3,6,0,,0.7055312943606469,,,
HR_COMPAT,,3,6,1,,0,,,
HR_SYNERGY,,3,6,1,,0.7729802922553219,,,
HR_COMPAT,,3,6,2,,1,,,
HR_SYNERGY,,3,6,2,,0.6845579514291857,,,
HR_COMPAT,,3,6,3,,0,,,
HR_SYNERGY,,3,6,3,,0.7161555705547091,,,
HR_COMPAT,,3,6,4,,0,,,
HR_SYNERGY,,3,6,4,,0.7901015905834967,,,
HR_COMPAT,,3,6,5,,0,,,
HR_SYNERGY,,3,6,5,,0.8041166933549113,,,
HR_COMPAT,,4,0,0,,1,,,
HR_SYNERGY,,4,0,0,,0.7978516785179588,,,
HR_COMPAT,,4,0,1,,0,,,
HR_SYNERGY,,4,0,1,,0.8812722940956149,,,
HR_COMPAT,,4,0,2,,0,,,
HR_SYNERGY,,4,0,2,,0.7250792749070947,,,
HR_COMPAT,,4,0,3,,0,,,
HR_SYNERGY,,4,0,3,,0.6996471886322162,,,
HR_COMPAT,,4,0,4,,0,,,
HR_SYNERGY,,4,0,4,,0.8892519820336424,,,
HR_COMPAT,,4,0,5,,0,,,
HR_SYNERGY,,4,0,5,,0.7196638416648488,,,
HR_COMPAT,,4,1,0,,1,,,
HR_SYNERGY,,4,1,0,,0.6997370600011193,,,
HR_COMPAT,,4,1,1,,0,,,
HR_SYNERGY,,4,1,1,,0.8662539010783419,,,
HR_COMPAT,,4,1,2,,0,,,
HR_SYNERGY,,4,1,2,,0.7672998336415146,,,
HR_COMPAT,,4,1,3,,0,,,
HR_SYNERGY,,4,1,3,,0.7706025464813098,,,
HR_COMPAT,,4,1,4,,0,,,
HR_SYNERGY,,4,1,4,,0.7774441097029344,,,
HR_COMPAT,,4,1,5,,1,,,
HR_SYNERGY,,4,1,5,,0.7658636739394271,,,
HR_COMPAT,,4,2,0,,1,,,
HR_SYNERGY,,4,2,0,,0.7856856284722853,,,
HR_COMPAT,,4,2,1,,0,,,
HR_SYNERGY,,4,2,1,,0.8931007948659146,,,
HR_COMPAT,,4,2,2,,0,,,
HR_SYNERGY,,4,2,2,,0.7512888351653928,,,
HR_COMPAT,,4,2,3,,0,,,
HR_SYNERGY,,4,2,3,,0.716288194781278,,,
HR_COMPAT,,4,2,4,,0,,,
HR_SYNERGY,,4,2,4,,0.769193507840631,,,
HR_COMPAT,,4,2,5,,0,,,
HR_SYNERGY,,4,2,5,,0.8295971581535655,,,
HR_COMPAT,,4,3,0,,1,,,
HR_SYNERGY,,4,3,0,,0.793476009819196,,,
HR_COMPAT,,4,3,1,,0,,,
HR_SYNERGY,,4,3,1,,0.6604673010628919,,,
HR_COMPAT,,4,3,2,,1,,,
HR_SYNERGY,,4,3,2,,0.7023507489284898,,,
HR_COMPAT,,4,3,3,,0,,,
HR_SYNERGY,,4,3,3,,0.8047759231416798,,,
HR_COMPAT,,4,3,4,,0,,,
HR_SYNERGY,,4,3,4,,0.8929962623370595,,,
HR_COMPAT,,4,3,5,,1,,,
HR_SYNERGY,,4,3,5,,0.8831375550284467,,,
HR_COMPAT,,4,4,0,,1,,,
HR_SYNERGY,,4,4,0,,0.796685935497339,,,
HR_COMPAT,,4,4,1,,0,,,
HR_SYNERGY,,4,4,1,,0.7384958170420366,,,
HR_COMPAT,,4,4,2,,1,,,
HR_SYNERGY,,4,4,2,,0.6899761535016071,,,
HR_COMPAT,,4,4,3,,0,,,
HR_SYNERGY,,4,4,3,,0.7074669362046841,,,
HR_COMPAT,,4,4,4,,0,,,
HR_SYNERGY,,4,4,4,,0.8810571654058506,,,
HR_COMPAT,,4,4,5,,0,,,
HR_SYNERGY,,4,4,5,,0.8035273529820177,,,
HR_COMPAT,,4,5,0,,1,,,
HR_SYNERGY,,4,5,0,,0.8584809021774141,,,
HR_COMPAT,,4,5,1,,0,,,
HR_SYNERGY,,4,5,1,,0.7860924015400821,,,
HR_COMPAT,,4,5,2,,1,,,
HR_SYNERGY,,4,5,2,,0.8547976338041261,,,
HR_COMPAT,,4,5,3,,0,,,
HR_SYNERGY,,4,5,3,,0.6690405587761656,,,
HR_COMPAT,,4,5,4,,0,,,
HR_SYNERGY,,4,5,4,,0.7909962329949034,,,
HR_COMPAT,,4,5,5,,1,,,
HR_SYNERGY,,4,5,5,,0.7453766132633801,,,
HR_COMPAT,,4,6,0,,1,,,
HR_SYNERGY,,4,6,0,,0.8975079483847851,,,
HR_COMPAT,,4,6,1,,0,,,
HR_SYNERGY,,4,6,1,,0.8916481228054813,,,
HR_COMPAT,,4,6,2,,1,,,
HR_SYNERGY,,4,6,2,,0.8934960413686672,,,
HR_COMPAT,,4,6,3,,0,,,
HR_SYNERGY,,4,6,3,,0.7643029168963217,,,
HR_COMPAT,,4,6,4,,0,,,
HR_SYNERGY,,4,6,4,,0.7407808098714082,,,
HR_COMPAT,,4,6,5,,1,,,
HR_SYNERGY,,4,6,5,,0.8371295557324931,,,
HR_COMPAT,,5,0,0,,0,,,
HR_SYNERGY,,5,0,0,,0.7908639609142044,,,
HR_COMPAT,,5,0,1,,1,,,
HR_SYNERGY,,5,0,1,,0.837690093305405,,,
HR_COMPAT,,5,0,2,,0,,,
HR_SYNERGY,,5,0,2,,0.816594907646968,,,
HR_COMPAT,,5,0,3,,0,,,
HR_SYNERGY,,5,0,3,,0.8567333387691161,,,
HR_COMPAT,,5,0,4,,0,,,
HR_SYNERGY,,5,0,4,,0.6752975196581653,,,
HR_COMPAT,,5,0,5,,0,,,
HR_SYNERGY,,5,0,5,,0.6682521041757851,,,
HR_COMPAT,,5,1,0,,0,,,
HR_SYNERGY,,5,1,0,,0.830087263362007,,,
HR_COMPAT,,5,1,1,,1,,,
HR_SYNERGY,,5,1,1,,0.6614098543512636,,,
HR_COMPAT,,5,1,2,,1,,,
HR_SYNERGY,,5,1,2,,0.7731325731868197,,,
HR_COMPAT,,5,1,3,,0,,,
HR_SYNERGY,,5,1,3,,0.8477648832580242,,,
HR_COMPAT,,5,1,4,,0,,,
HR_SYNERGY,,5,1,4,,0.7175316841204851,,,
HR_COMPAT,,5,1,5,,0,,,
HR_SYNERGY,,5,1,5,,0.8632916367971778,,,
HR_COMPAT,,5,2,0,,0,,,
HR_SYNERGY,,5,2,0,,0.8857327288858883,,,
HR_COMPAT,,5,2,1,,1,,,
HR_SYNERGY,,5,2,1,,0.8509093170080796,,,
HR_COMPAT,,5,2,2,,0,,,
HR_SYNERGY,,5,2,2,,0.7858225350123202,,,
HR_COMPAT,,5,2,3,,0,,,
HR_SYNERGY,,5,2,3,,0.8569540153692377,,,
HR_COMPAT,,5,2,4,,0,,,
HR_SYNERGY,,5,2,4,,0.8240912365215372,,,
HR_COMPAT,,5,2,5,,0,,,
HR_SYNERGY,,5,2,5,,0.7063784018312447,,,
HR_COMPAT,,5,3,0,,0,,,
HR_SYNERGY,,5,3,0,,0.6943068517053578,,,
HR_COMPAT,,5,3,1,,1,,,
HR_SYNERGY,,5,3,1,,0.6847198700568131,,,
HR_COMPAT,,5,3,2,,1,,,
HR_SYNERGY,,5,3,2,,0.6667045428519517,,,
HR_COMPAT,,5,3,3,,0,,,
HR_SYNERGY,,5,3,3,,0.8678813635601277,,,
HR_COMPAT,,5,3,4,,0,,,
HR_SYNERGY,,5,3,4,,0.7364225095213123,,,
HR_COMPAT,,5,3,5,,0,,,
HR_SYNERGY,,5,3,5,,0.8354880168032904,,,
HR_COMPAT,,5,4,0,,0,,,
HR_SYNERGY,,5,4,0,,0.6532469654755527,,,
HR_COMPAT,,5,4,1,,1,,,
HR_SYNERGY,,5,4,1,,0.7740252843586698,,,
HR_COMPAT,,5,4,2,,1,,,
HR_SYNERGY,,5,4,2,,0.6574135521180564,,,
HR_COMPAT,,5,4,3,,0,,,
HR_SYNERGY,,5,4,3,,0.6704181129221696,,,
HR_COMPAT,,5,4,4,,0,,,
HR_SYNERGY,,5,4,4,,0.8190625899797609,,,
HR_COMPAT,,5,4,5,,0,,,
HR_SYNERGY,,5,4,5,,0.662142942356293,,,
HR_COMPAT,,5,5,0,,0,,,
HR_SYNERGY,,5,5,0,,0.6805727482298379,,,
HR_COMPAT,,5,5,1,,1,,,
HR_SYNERGY,,5,5,1,,0.8531885368206419,,,
HR_COMPAT,,5,5,2,,0,,,
HR_SYNERGY,,5,5,2,,0.864745037870299,,,
HR_COMPAT,,5,5,3,,0,,,
HR_SYNERGY,,5,5,3,,0.855817008088306,,,
HR_COMPAT,,5,5,4,,0,,,
HR_SYNERGY,,5,5,4,,0.7763759078068913,,,
HR_COMPAT,,5,5,5,,0,,,
HR_SYNERGY,,5,5,5,,0.695335060027307,,,
HR_COMPAT,,5,6,0,,0,,,
HR_SYNERGY,,5,6,0,,0.7806380006782176,,,
HR_COMPAT,,5,6,1,,0,,,
HR_SYNERGY,,5,6,1,,0.7245112694973141,,,
HR_COMPAT,,5,6,2,,1,,,
HR_SYNERGY,,5,6,2,,0.7526115815210395,,,
HR_COMPAT,,5,6,3,,0,,,
HR_SYNERGY,,5,6,3,,0.7676070695080723,,,
HR_COMPAT,,5,6,4,,0,,,
HR_SYNERGY,,5,6,4,,0.7831660699652473,,,
HR_COMPAT,,5,6,5,,0,,,
HR_SYNERGY,,5,6,5,,0.8423784141892189,,,
HR_COMPAT,,6,0,0,,1,,,
HR_SYNERGY,,6,0,0,,0.7711208627873128,,,
HR_COMPAT,,6,0,1,,0,,,
HR_SYNERGY,,6,0,1,,0.8980380018270822,,,
HR_COMPAT,,6,0,2,,0,,,
HR_SYNERGY,,6,0,2,,0.8695765829813351,,,
HR_COMPAT,,6,0,3,,0,,,
HR_SYNERGY,,6,0,3,,0.8954099854758734,,,
HR_COMPAT,,6,0,4,,0,,,
HR_SYNERGY,,6,0,4,,0.8726890526079781,,,
HR_COMPAT,,6,0,5,,0,,,
HR_SYNERGY,,6,0,5,,0.7100668834890244,,,
HR_COMPAT,,6,1,0,,1,,,
HR_SYNERGY,,6,1,0,,0.8817109985982067,,,
HR_COMPAT,,6,1,1,,0,,,
HR_SYNERGY,,6,1,1,,0.8695407236161774,,,
HR_COMPAT,,6,1,2,,1,,,
HR_SYNERGY,,6,1,2,,0.8660182571530558,,,
HR_COMPAT,,6,1,3,,0,,,
HR_SYNERGY,,6,1,3,,0.8212903831609368,,,
HR_COMPAT,,6,1,4,,0,,,
HR_SYNERGY,,6,1,4,,0.844489817354484,,,
HR_COMPAT,,6,1,5,,1,,,
HR_SYNERGY,,6,1,5,,0.8961551454268195,,,
HR_COMPAT,,6,2,0,,1,,,
HR_SYNERGY,,6,2,0,,0.8859065066296389,,,
HR_COMPAT,,6,2,1,,0,,,
HR_SYNERGY,,6,2,1,,0.7471762734565115,,,
HR_COMPAT,,6,2,2,,0,,,
HR_SYNERGY,,6,2,2,,0.6822557253231543,,,
HR_COMPAT,,6,2,3,,0,,,
HR_SYNERGY,,6,2,3,,0.8705866221309534,,,
HR_COMPAT,,6,2,4,,0,,,
HR_SYNERGY,,6,2,4,,0.8778117799125794,,,
HR_COMPAT,,6,2,5,,0,,,
HR_SYNERGY,,6,2,5,,0.8757714439377318,,,
HR_COMPAT,,6,3,0,,1,,,
HR_SYNERGY,,6,3,0,,0.8448799099879437,,,
HR_COMPAT,,6,3,1,,0,,,
HR_SYNERGY,,6,3,1,,0.7528929706194383,,,
HR_COMPAT,,6,3,2,,1,,,
HR_SYNERGY,,6,3,2,,0.8022696267027142,,,
HR_COMPAT,,6,3,3,,0,,,
HR_SYNERGY,,6,3,3,,0.795559523867669,,,
HR_COMPAT,,6,3,4,,0,,,
HR_SYNERGY,,6,3,4,,0.6852097229225678,,,
HR_COMPAT,,6,3,5,,1,,,
HR_SYNERGY,,6,3,5,,0.7628072435432545,,,
HR_COMPAT,,6,4,0,,1,,,
HR_SYNERGY,,6,4,0,,0.8957499998006724,,,
HR_COMPAT,,6,4,1,,0,,,
HR_SYNERGY,,6,4,1,,0.7720632712357365,,,
HR_COMPAT,,6,4,2,,1,,,
HR_SYNERGY,,6,4,2,,0.8473309801948394,,,
HR_COMPAT,,6,4,3,,0,,,
HR_SYNERGY,,6,4,3,,0.7930952924547418,,,
HR_COMPAT,,6,4,4,,0,,,
HR_SYNERGY,,6,4,4,,0.6944147342229556,,,
HR_COMPAT,,6,4,5,,0,,,
HR_SYNERGY,,6,4,5,,0.7861442456027263,,,
HR_COMPAT,,6,5,0,,1,,,
HR_SYNERGY,,6,5,0,,0.6577520674309223,,,
HR_COMPAT,,6,5,1,,0,,,
HR_SYNERGY,,6,5,1,,0.7895206579222455,,,
HR_COMPAT,,6,5,2,,1,,,
HR_SYNERGY,,6,5,2,,0.8101270090132086,,,
HR_COMPAT,,6,5,3,,0,,,
HR_SYNERGY,,6,5,3,,0.6770545211189085,,,
HR_COMPAT,,6,5,4,,0,,,
HR_SYNERGY,,6,5,4,,0.7622514807746248,,,
HR_COMPAT,,6,5,5,,1,,,
HR_SYNERGY,,6,5,5,,0.7674973191539908,,,
HR_COMPAT,,6,6,0,,1,,,
HR_SYNERGY,,6,6,0,,0.8649777044054825,,,
HR_COMPAT,,6,6,1,,0,,,
HR_SYNERGY,,6,6,1,,0.7958347219960142,,,
HR_COMPAT,,6,6,2,,1,,,
HR_SYNERGY,,6,6,2,,0.6919095857650162,,,
HR_COMPAT,,6,6,3,,0,,,
HR_SYNERGY,,6,6,3,,0.8893652936665428,,,
HR_COMPAT,,6,6,4,,0,,,
HR_SYNERGY,,6,6,4,,0.7063239898698549,,,
HR_COMPAT,,6,6,5,,1,,,
HR_SYNERGY,,6,6,5,,0.8923316533094393,,,
HR_COMPAT,,7,0,0,,1,,,
HR_SYNERGY,,7,0,0,,0.7475993380140641,,,
HR_COMPAT,,7,0,1,,1,,,
HR_SYNERGY,,7,0,1,,0.8473216556725627,,,
HR_COMPAT,,7,0,2,,0,,,
HR_SYNERGY,,7,0,2,,0.7669859843994555,,,
HR_COMPAT,,7,0,3,,1,,,
HR_SYNERGY,,7,0,3,,0.8705712292114252,,,
HR_COMPAT,,7,0,4,,0,,,
HR_SYNERGY,,7,0,4,,0.760819055419164,,,
HR_COMPAT,,7,0,5,,0,,,
HR_SYNERGY,,7,0,5,,0.8236051089448103,,,
HR_COMPAT,,7,1,0,,1,,,
HR_SYNERGY,,7,1,0,,0.8890850118286318,,,
HR_COMPAT,,7,1,1,,1,,,
HR_SYNERGY,,7,1,1,,0.8641183806897282,,,
HR_COMPAT,,7,1,2,,1,,,
HR_SYNERGY,,7,1,2,,0.7742855906567064,,,
HR_COMPAT,,7,1,3,,1,,,
HR_SYNERGY,,7,1,3,,0.8451479543267062,,,
HR_COMPAT,,7,1,4,,0,,,
HR_SYNERGY,,7,1,4,,0.836785622622145,,,
HR_COMPAT,,7,1,5,,1,,,
HR_SYNERGY,,7,1,5,,0.8627297465217112,,,
HR_COMPAT,,7,2,0,,1,,,
HR_SYNERGY,,7,2,0,,0.8383361559740623,,,
HR_COMPAT,,7,2,1,,1,,,
HR_SYNERGY,,7,2,1,,0.7477822264285379,,,
HR_COMPAT,,7,2,2,,0,,,
HR_SYNERGY,,7,2,2,,0.7662686877697805,,,
HR_COMPAT,,7,2,3,,1,,,
HR_SYNERGY,,7,2,3,,0.7560453109487636,,,
HR_COMPAT,,7,2,4,,0,,,
HR_SYNERGY,,7,2,4,,0.8934927537064344,,,
HR_COMPAT,,7,2,5,,0,,,
HR_SYNERGY,,7,2,5,,0.7512870294554211,,,
HR_COMPAT,,7,3,0,,1,,,
HR_SYNERGY,,7,3,0,,0.6653972601535046,,,
HR_COMPAT,,7,3,1,,1,,,
HR_SYNERGY,,7,3,1,,0.8351447142425152,,,
HR_COMPAT,,7,3,2,,1,,,
HR_SYNERGY,,7,3,2,,0.8566060607719923,,,
HR_COMPAT,,7,3,3,,1,,,
HR_SYNERGY,,7,3,3,,0.7138849636536129,,,
HR_COMPAT,,7,3,4,,0,,,
HR_SYNERGY,,7,3,4,,0.8958165684444545,,,
HR_COMPAT,,7,3,5,,1,,,
HR_SYNERGY,,7,3,5,,0.7021101751921875,,,
HR_COMPAT,,7,4,0,,1,,,
HR_SYNERGY,,7,4,0,,0.8809600773462114,,,
HR_COMPAT,,7,4,1,,0,,,
HR_SYNERGY,,7,4,1,,0.7686480142353279,,,
HR_COMPAT,,7,4,2,,1,,,
HR_SYNERGY,,7,4,2,,0.7356111610560869,,,
HR_COMPAT,,7,4,3,,0,,,
HR_SYNERGY,,7,4,3,,0.7662907395413066,,,
HR_COMPAT,,7,4,4,,0,,,
HR_SYNERGY,,7,4,4,,0.7627155193307649,,,
HR_COMPAT,,7,4,5,,0,,,
HR_SYNERGY,,7,4,5,,0.7253511239555901,,,
HR_COMPAT,,7,5,0,,1,,,
HR_SYNERGY,,7,5,0,,0.8934493927710242,,,
HR_COMPAT,,7,5,1,,1,,,
HR_SYNERGY,,7,5,1,,0.7384490701567334,,,
HR_COMPAT,,7,5,2,,1,,,
HR_SYNERGY,,7,5,2,,0.8547196735121365,,,
HR_COMPAT,,7,5,3,,0,,,
HR_SYNERGY,,7,5,3,,0.762824823978824,,,
HR_COMPAT,,7,5,4,,0,,,
HR_SYNERGY,,7,5,4,,0.7976181345260314,,,
HR_COMPAT,,7,5,5,,1,,,
HR_SYNERGY,,7,5,5,,0.6923977933038665,,,
HR_COMPAT,,7,6,0,,1,,,
HR_SYNERGY,,7,6,0,,0.8308192409565154,,,
HR_COMPAT,,7,6,1,,0,,,
HR_SYNERGY,,7,6,1,,0.6577043075074346,,,
HR_COMPAT,,7,6,2,,1,,,
HR_SYNERGY,,7,6,2,,0.8878032645235001,,,
HR_COMPAT,,7,6,3,,1,,,
HR_SYNERGY,,7,6,3,,0.7617696788773051,,,
HR_COMPAT,,7,6,4,,0,,,
HR_SYNERGY,,7,6,4,,0.7587314050627115,,,
HR_COMPAT,,7,6,5,,1,,,
HR_SYNERGY,,7,6,5,,0.6698883269639758,,,
WORKER_RELOC,,0,0,0,,0.0,,,
WORKER_RELOC,,0,0,1,,2.7802522466126334,,,
WORKER_RELOC,,0,0,2,,1.7767873161594565,,,
WORKER_RELOC,,0,0,3,,3.0029731745303243,,,
WORKER_RELOC,,0,0,4,,1.8951905619413485,,,
WORKER_RELOC,,0,0,5,,1.7966274276296932,,,
WORKER_RELOC,,0,0,6,,3.1123516256294477,,,
WORKER_RELOC,,0,0,7,,3.0392457934793757,,,
WORKER_RELOC,,0,0,8,,2.7859591051465613,,,
WORKER_RELOC,,0,0,9,,3.893188869150798,,,
WORKER_RELOC,,0,0,10,,2.35821457339265,,,
WORKER_RELOC,,0,0,11,,3.016947856845551,,,
WORKER_RELOC,,0,1,0,,1.7353468105748056,,,
WORKER_RELOC,,0,1,1,,0.0,,,
WORKER_RELOC,,0,1,2,,1.1966987933262638,,,
WORKER_RELOC,,0,1,3,,2.9857459358207046,,,
WORKER_RELOC,,0,1,4,,2.415741639635126,,,
WORKER_RELOC,,0,1,5,,3.388703747131953,,,
WORKER_RELOC,,0,1,6,,2.1327567228038826,,,
WORKER_RELOC,,0,1,7,,2.638781028238713,,,
WORKER_RELOC,,0,1,8,,1.8813544130830202,,,
WORKER_RELOC,,0,1,9,,3.1287236332204653,,,
WORKER_RELOC,,0,1,10,,2.459235343659976,,,
WORKER_RELOC,,0,1,11,,1.9505245424344313,,,
WORKER_RELOC,,0,2,0,,2.406706567873276,,,
WORKER_RELOC,,0,2,1,,0.5648501969845824,,,
WORKER_RELOC,,0,2,2,,0.0,,,
WORKER_RELOC,,0,2,3,,1.510716201843646,,,
WORKER_RELOC,,0,2,4,,3.130934987676232,,,
WORKER_RELOC,,0,2,5,,3.63717954177197,,,
WORKER_RELOC,,0,2,6,,2.509134042076271,,,
WORKER_RELOC,,0,2,7,,1.5488982016212636,,,
WORKER_RELOC,,0,2,8,,2.463031529920953,,,
WORKER_RELOC,,0,2,9,,3.4282382389775647,,,
WORKER_RELOC,,0,2,10,,1.6371764058482388,,,
WORKER_RELOC,,0,2,11,,2.419848891129323,,,
WORKER_RELOC,,0,3,0,,3.179098312313791,,,
WORKER_RELOC,,0,3,1,,1.624541372582922,,,
WORKER_RELOC,,0,3,2,,3.382307101211335,,,
WORKER_RELOC,,0,3,3,,0.0,,,
WORKER_RELOC,,0,3,4,,1.2956841936137864,,,
WORKER_RELOC,,0,3,5,,0.8560542675420761,,,
WORKER_RELOC,,0,3,6,,3.837196577503582,,,
WORKER_RELOC,,0,3,7,,1.7961647613528333,,,
WORKER_RELOC,,0,3,8,,2.1483632759538356,,,
WORKER_RELOC,,0,3,9,,1.9646918512481846,,,
WORKER_RELOC,,0,3,10,,3.0951599636373484,,,
WORKER_RELOC,,0,3,11,,3.678260706182242,,,
WORKER_RELOC,,0,4,0,,2.5519550744441704,,,
WORKER_RELOC,,0,4,1,,3.928289745068987,,,
WORKER_RELOC,,0,4,2,,2.104226362598789,,,
WORKER_RELOC,,0,4,3,,0.5609205943012064,,,
WORKER_RELOC,,0,4,4,,0.0,,,
WORKER_RELOC,,0,4,5,,0.7367342854206849,,,
WORKER_RELOC,,0,4,6,,1.7411413527220398,,,
WORKER_RELOC,,0,4,7,,2.1334662303443803,,,
WORKER_RELOC,,0,4,8,,3.973942432480336,,,
WORKER_RELOC,,0,4,9,,2.762486496101593,,,
WORKER_RELOC,,0,4,10,,1.932040633774394,,,
WORKER_RELOC,,0,4,11,,2.220392683220175,,,
WORKER_RELOC,,0,5,0,,2.6507074126414976,,,
WORKER_RELOC,,0,5,1,,2.162731831705302,,,
WORKER_RELOC,,0,5,2,,2.105628055759914,,,
WORKER_RELOC,,0,5,3,,0.8020550272795913,,,
WORKER_RELOC,,0,5,4,,1.421626360474803,,,
WORKER_RELOC,,0,5,5,,0.0,,,
WORKER_RELOC,,0,5,6,,3.5565600797653802,,,
WORKER_RELOC,,0,5,7,,3.3049518483102593,,,
WORKER_RELOC,,0,5,8,,3.344410784182104,,,
WORKER_RELOC,,0,5,9,,3.0517325338742607,,,
WORKER_RELOC,,0,5,10,,2.9918899057026835,,,
WORKER_RELOC,,0,5,11,,2.92818732871258,,,
WORKER_RELOC,,0,6,0,,2.1125545219695163,,,
WORKER_RELOC,,0,6,1,,1.9560949664983005,,,
WORKER_RELOC,,0,6,2,,3.3291520745692362,,,
WORKER_RELOC,,0,6,3,,1.6184318135557398,,,
WORKER_RELOC,,0,6,4,,3.5481207387654488,,,
WORKER_RELOC,,0,6,5,,3.2331108190040574,,,
WORKER_RELOC,,0,6,6,,0.0,,,
WORKER_RELOC,,0,6,7,,0.6945938854596657,,,
WORKER_RELOC,,0,6,8,,2.6885536224307387,,,
WORKER_RELOC,,0,6,9,,2.8526754990943664,,,
WORKER_RELOC,,0,6,10,,3.875020553653723,,,
WORKER_RELOC,,0,6,11,,2.9327978332629425,,,
WORKER_RELOC,,0,7,0,,1.7033731654213726,,,
WORKER_RELOC,,0,7,1,,2.8122076500702806,,,
WORKER_RELOC,,0,7,2,,2.530579367554846,,,
WORKER_RELOC,,0,7,3,,2.7100956509589,,,
WORKER_RELOC,,0,7,4,,3.5904260169525726,,,
WORKER_RELOC,,0,7,5,,2.8581416120424246,,,
WORKER_RELOC,,0,7,6,,1.3212253867990795,,,
WORKER_RELOC,,0,7,7,,0.0,,,
WORKER_RELOC,,0,7,8,,1.8092256286651254,,,
WORKER_RELOC,,0,7,9,,2.3379904358833112,,,
WORKER_RELOC,,0,7,10,,3.0818780584400294,,,
WORKER_RELOC,,0,7,11,,3.4901895374934706,,,
WORKER_RELOC,,0,8,0,,1.7079824215777077,,,
WORKER_RELOC,,0,8,1,,2.544295122707849,,,
WORKER_RELOC,,0,8,2,,3.8044384376136318,,,
WORKER_RELOC,,0,8,3,,2.3280582072633367,,,
WORKER_RELOC,,0,8,4,,1.680333469378228,,,
WORKER_RELOC,,0,8,5,,2.9653242097716013,,,
WORKER_RELOC,,0,8,6,,3.9390978023940053,,,
WORKER_RELOC,,0,8,7,,3.6818932178790296,,,
WORKER_RELOC,,0,8,8,,0.0,,,
WORKER_RELOC,,0,8,9,,1.9085374472312842,,,
WORKER_RELOC,,0,8,10,,2.258883228608684,,,
WORKER_RELOC,,0,8,11,,1.739703560774514,,,
WORKER_RELOC,,0,9,0,,3.698496953837573,,,
WORKER_RELOC,,0,9,1,,2.065391160030665,,,
WORKER_RELOC,,0,9,2,,3.6091328736841035,,,
WORKER_RELOC,,0,9,3,,3.3162954006820318,,,
WORKER_RELOC,,0,9,4,,3.4991068317475538,,,
WORKER_RELOC,,0,9,5,,2.0218056380462537,,,
WORKER_RELOC,,0,9,6,,2.826543017165709,,,
WORKER_RELOC,,0,9,7,,3.335733039668737,,,
WORKER_RELOC,,0,9,8,,1.9005023708938313,,,
WORKER_RELOC,,0,9,9,,0.0,,,
WORKER_RELOC,,0,9,10,,1.1970037582997226,,,
WORKER_RELOC,,0,9,11,,1.3815463700720323,,,
WORKER_RELOC,,0,10,0,,2.9129680958398394,,,
WORKER_RELOC,,0,10,1,,1.7085485201919854,,,
WORKER_RELOC,,0,10,2,,2.46608405158202,,,
WORKER_RELOC,,0,10,3,,1.9029578096530348,,,
WORKER_RELOC,,0,10,4,,3.3007820681293394,,,
WORKER_RELOC,,0,10,5,,3.9747076535576453,,,
WORKER_RELOC,,0,10,6,,3.8324618380869673,,,
WORKER_RELOC,,0,10,7,,3.7471653198887194,,,
WORKER_RELOC,,0,10,8,,2.47001853673276,,,
WORKER_RELOC,,0,10,9,,0.8074533931685068,,,
WORKER_RELOC,,0,10,10,,0.0,,,
WORKER_RELOC,,0,10,11,,0.6366648698704881,,,
WORKER_RELOC,,0,11,0,,2.327258433531881,,,
WORKER_RELOC,,0,11,1,,2.463540383214454,,,
WORKER_RELOC,,0,11,2,,3.966609765950068,,,
WORKER_RELOC,,0,11,3,,3.9836032363004796,,,
WORKER_RELOC,,0,11,4,,2.6713450564854995,,,
WORKER_RELOC,,0,11,5,,2.153772085653955,,,
WORKER_RELOC,,0,11,6,,2.456677162916434,,,
WORKER_RELOC,,0,11,7,,3.853666592789875,,,
WORKER_RELOC,,0,11,8,,1.5603066230039229,,,
WORKER_RELOC,,0,11,9,,1.3659071832344956,,,
WORKER_RELOC,,0,11,10,,0.9863723725820538,,,
WORKER_RELOC,,0,11,11,,0.0,,,
WORKER_RELOC,,1,0,0,,0.0,,,
WORKER_RELOC,,1,0,1,,2.677428825320309,,,
WORKER_RELOC,,1,0,2,,3.993111554362206,,,
WORKER_RELOC,,1,0,3,,2.8575694546210166,,,
WORKER_RELOC,,1,0,4,,3.1057211823700577,,,
WORKER_RELOC,,1,0,5,,3.683766825825247,,,
WORKER_RELOC,,1,0,6,,1.547946611417367,,,
WORKER_RELOC,,1,0,7,,1.7637574304584944,,,
WORKER_RELOC,,1,0,8,,2.5810714635956247,,,
WORKER_RELOC,,1,0,9,,3.836712556606109,,,
WORKER_RELOC,,1,0,10,,1.6690658523972712,,,
WORKER_RELOC,,1,0,11,,3.353400726457105,,,
WORKER_RELOC,,1,1,0,,2.69518980541056,,,
WORKER_RELOC,,1,1,1,,0.0,,,
WORKER_RELOC,,1,1,2,,1.1478918866345045,,,
WORKER_RELOC,,1,1,3,,2.482471314595184,,,
WORKER_RELOC,,1,1,4,,3.73453166635432,,,
WORKER_RELOC,,1,1,5,,3.2565109316683007,,,
WORKER_RELOC,,1,1,6,,2.649813295187144,,,
WORKER_RELOC,,1,1,7,,2.4402492435144483,,,
WORKER_RELOC,,1,1,8,,2.82767993835812,,,
WORKER_RELOC,,1,1,9,,2.4042327939050994,,,
WORKER_RELOC,,1,1,10,,2.963605502658347,,,
WORKER_RELOC,,1,1,11,,2.416014131857054,,,
WORKER_RELOC,,1,2,0,,1.6195920930709906,,,
WORKER_RELOC,,1,2,1,,1.1665703109356866,,,
WORKER_RELOC,,1,2,2,,0.0,,,
WORKER_RELOC,,1,2,3,,3.7943390833058013,,,
WORKER_RELOC,,1,2,4,,3.033867198674667,,,
WORKER_RELOC,,1,2,5,,1.7152477014584777,,,
WORKER_RELOC,,1,2,6,,3.1103483836799644,,,
WORKER_RELOC,,1,2,7,,3.879812477694732,,,
WORKER_RELOC,,1,2,8,,2.420404146674724,,,
WORKER_RELOC,,1,2,9,,2.379621954704337,,,
WORKER_RELOC,,1,2,10,,3.455412838971055,,,
WORKER_RELOC,,1,2,11,,3.6146693200968563,,,
WORKER_RELOC,,1,3,0,,3.6787008908090346,,,
WORKER_RELOC,,1,3,1,,2.0453258641195573,,,
WORKER_RELOC,,1,3,2,,2.229753306908706,,,
WORKER_RELOC,,1,3,3,,0.0,,,
WORKER_RELOC,,1,3,4,,0.6353318636620467,,,
WORKER_RELOC,,1,3,5,,0.5274689542105129,,,
WORKER_RELOC,,1,3,6,,1.5544993167063554,,,
WORKER_RELOC,,1,3,7,,1.8953838491729098,,,
WORKER_RELOC,,1,3,8,,1.6048784285699103,,,
WORKER_RELOC,,1,3,9,,1.7631699170609414,,,
WORKER_RELOC,,1,3,10,,1.9704737671166015,,,
WORKER_RELOC,,1,3,11,,2.9756545900851634,,,
WORKER_RELOC,,1,4,0,,2.0989469664167357,,,
WORKER_RELOC,,1,4,1,,1.7291282464836177,,,
WORKER_RELOC,,1,4,2,,3.5435609535741057,,,
WORKER_RELOC,,1,4,3,,0.5825877893150254,,,
WORKER_RELOC,,1,4,4,,0.0,,,
WORKER_RELOC,,1,4,5,,1.1613560262764606,,,
WORKER_RELOC,,1,4,6,,3.243799664324783,,,
WORKER_RELOC,,1,4,7,,1.8951653078565223,,,
WORKER_RELOC,,1,4,8,,3.455250049083081,,,
WORKER_RELOC,,1,4,9,,3.8777506178057033,,,
WORKER_RELOC,,1,4,10,,1.9465364804941472,,,
WORKER_RELOC,,1,4,11,,3.769882068675122,,,
WORKER_RELOC,,1,5,0,,3.6206847197101015,,,
WORKER_RELOC,,1,5,1,,1.8560367573283931,,,
WORKER_RELOC,,1,5,2,,1.6415830791330586,,,
WORKER_RELOC,,1,5,3,,0.6526293678603016,,,
WORKER_RELOC,,1,5,4,,1.2613961337112631,,,
WORKER_RELOC,,1,5,5,,0.0,,,
WORKER_RELOC,,1,5,6,,3.804691797335426,,,
WORKER_RELOC,,1,5,7,,2.337525789926679,,,
WORKER_RELOC,,1,5,8,,2.0832606470389345,,,
WORKER_RELOC,,1,5,9,,2.6202706894382795,,,
WORKER_RELOC,,1,5,10,,3.475995334284687,,,
WORKER_RELOC,,1,5,11,,2.4266653054606873,,,
WORKER_RELOC,,1,6,0,,3.9117466883707213,,,
WORKER_RELOC,,1,6,1,,3.283430616780118,,,
WORKER_RELOC,,1,6,2,,1.9458445076964712,,,
WORKER_RELOC,,1,6,3,,2.69185564945173,,,
WORKER_RELOC,,1,6,4,,3.3650316918006635,,,
WORKER_RELOC,,1,6,5,,2.9115732718027463,,,
WORKER_RELOC,,1,6,6,,0.0,,,
WORKER_RELOC,,1,6,7,,1.2998888443087928,,,
WORKER_RELOC,,1,6,8,,3.129327462785841,,,
WORKER_RELOC,,1,6,9,,2.844370081485569,,,
WORKER_RELOC,,1,6,10,,2.6471150984640444,,,
WORKER_RELOC,,1,6,11,,2.08719343677081,,,
WORKER_RELOC,,1,7,0,,2.0558039429666106,,,
WORKER_RELOC,,1,7,1,,2.224343885873332,,,
WORKER_RELOC,,1,7,2,,2.1274257836094175,,,
WORKER_RELOC,,1,7,3,,2.9283322842004305,,,
WORKER_RELOC,,1,7,4,,3.060863407628391,,,
WORKER_RELOC,,1,7,5,,2.366524299721527,,,
WORKER_RELOC,,1,7,6,,1.135298085552851,,,
WORKER_RELOC,,1,7,7,,0.0,,,
WORKER_RELOC,,1,7,8,,3.4689261987563347,,,
WORKER_RELOC,,1,7,9,,3.607078006591971,,,
WORKER_RELOC,,1,7,10,,1.6252954870568526,,,
WORKER_RELOC,,1,7,11,,2.041146608647222,,,
WORKER_RELOC,,1,8,0,,3.53532950569711,,,
WORKER_RELOC,,1,8,1,,3.4129089169938416,,,
WORKER_RELOC,,1,8,2,,2.2468939082599215,,,
WORKER_RELOC,,1,8,3,,1.782277570951241,,,
WORKER_RELOC,,1,8,4,,2.564278282436004,,,
WORKER_RELOC,,1,8,5,,2.5567025964618213,,,
WORKER_RELOC,,1,8,6,,1.5537834211773736,,,
WORKER_RELOC,,1,8,7,,3.9618664096826266,,,
WORKER_RELOC,,1,8,8,,0.0,,,
WORKER_RELOC,,1,8,9,,2.1417115032657295,,,
WORKER_RELOC,,1,8,10,,1.788174796221399,,,
WORKER_RELOC,,1,8,11,,2.8772721570060122,,,
WORKER_RELOC,,1,9,0,,1.9189094836144598,,,
WORKER_RELOC,,1,9,1,,1.9697790007179599,,,
WORKER_RELOC,,1,9,2,,2.6692712588729313,,,
WORKER_RELOC,,1,9,3,,3.8586275973131072,,,
WORKER_RELOC,,1,9,4,,2.758335647921393,,,
WORKER_RELOC,,1,9,5,,1.5748672250979387,,,
WORKER_RELOC,,1,9,6,,3.09356737682697,,,
WORKER_RELOC,,1,9,7,,3.3707659544660515,,,
WORKER_RELOC,,1,9,8,,3.5562434259957643,,,
WORKER_RELOC,,1,9,9,,0.0,,,
WORKER_RELOC,,1,9,10,,0.716580983966766,,,
WORKER_RELOC,,1,9,11,,0.5616408840701207,,,
WORKER_RELOC,,1,10,0,,2.3442484904636616,,,
WORKER_RELOC,,1,10,1,,3.495201814306071,,,
WORKER_RELOC,,1,10,2,,3.07332473781288,,,
WORKER_RELOC,,1,10,3,,1.681924542663695,,,
WORKER_RELOC,,1,10,4,,2.08583353590451,,,
WORKER_RELOC,,1,10,5,,3.004679686759997,,,
WORKER_RELOC,,1,10,6,,3.6146002466668876,,,
WORKER_RELOC,,1,10,7,,2.6680054065060963,,,
WORKER_RELOC,,1,10,8,,2.7079966056932125,,,
WORKER_RELOC,,1,10,9,,0.5686144065523506,,,
WORKER_RELOC,,1,10,10,,0.0,,,
WORKER_RELOC,,1,10,11,,1.3002935491086882,,,
WORKER_RELOC,,1,11,0,,3.8919593673541026,,,
WORKER_RELOC,,1,11,1,,2.792186418382512,,,
WORKER_RELOC,,1,11,2,,3.9701741752857838,,,
WORKER_RELOC,,1,11,3,,3.666077555977734,,,
WORKER_RELOC,,1,11,4,,3.5669601402941398,,,
WORKER_RELOC,,1,11,5,,2.4190792410882,,,
WORKER_RELOC,,1,11,6,,2.2377450795055296,,,
WORKER_RELOC,,1,11,7,,3.05567430441236,,,
WORKER_RELOC,,1,11,8,,3.8748578096761945,,,
WORKER_RELOC,,1,11,9,,0.6342793930744594,,,
WORKER_RELOC,,1,11,10,,1.213648528241633,,,
WORKER_RELOC,,1,11,11,,0.0,,,
WORKER_RELOC,,2,0,0,,0.0,,,
WORKER_RELOC,,2,0,1,,2.444310962885732,,,
WORKER_RELOC,,2,0,2,,2.6714088985274493,,,
WORKER_RELOC,,2,0,3,,3.805341623816718,,,
WORKER_RELOC,,2,0,4,,2.1205951332934374,,,
WORKER_RELOC,,2,0,5,,1.7939409791569996,,,
WORKER_RELOC,,2,0,6,,1.7821621136296897,,,
WORKER_RELOC,,2,0,7,,2.5514574469945757,,,
WORKER_RELOC,,2,0,8,,2.482566550514962,,,
WORKER_RELOC,,2,0,9,,3.2477032731913495,,,
WORKER_RELOC,,2,0,10,,1.6215043058081788,,,
WORKER_RELOC,,2,0,11,,2.6150836617874638,,,
WORKER_RELOC,,2,1,0,,2.0598398385620746,,,
WORKER_RELOC,,2,1,1,,0.0,,,
WORKER_RELOC,,2,1,2,,0.7044537473410287,,,
WORKER_RELOC,,2,1,3,,3.4791578438481228,,,
WORKER_RELOC,,2,1,4,,3.1622503051942665,,,
WORKER_RELOC,,2,1,5,,2.7130709309082572,,,
WORKER_RELOC,,2,1,6,,3.067153127992396,,,
WORKER_RELOC,,2,1,7,,3.5348930321800225,,,
WORKER_RELOC,,2,1,8,,2.039112234092306,,,
WORKER_RELOC,,2,1,9,,2.6725468111411956,,,
WORKER_RELOC,,2,1,10,,3.3691046134900136,,,
WORKER_RELOC,,2,1,11,,2.911106860753089,,,
WORKER_RELOC,,2,2,0,,3.2466258050979495,,,
WORKER_RELOC,,2,2,1,,1.3283149169044874,,,
WORKER_RELOC,,2,2,2,,0.0,,,
WORKER_RELOC,,2,2,3,,2.022852293994739,,,
WORKER_RELOC,,2,2,4,,2.972917921749975,,,
WORKER_RELOC,,2,2,5,,3.416999496941494,,,
WORKER_RELOC,,2,2,6,,3.5318188485670667,,,
WORKER_RELOC,,2,2,7,,2.333573049204303,,,
WORKER_RELOC,,2,2,8,,2.7891576194095222,,,
WORKER_RELOC,,2,2,9,,1.9363831331149055,,,
WORKER_RELOC,,2,2,10,,2.1565670946247035,,,
WORKER_RELOC,,2,2,11,,3.4690011706276023,,,
WORKER_RELOC,,2,3,0,,1.7240948830123715,,,
WORKER_RELOC,,2,3,1,,1.6735467889042464,,,
WORKER_RELOC,,2,3,2,,2.514771583207883,,,
WORKER_RELOC,,2,3,3,,0.0,,,
WORKER_RELOC,,2,3,4,,1.2773156831288905,,,
WORKER_RELOC,,2,3,5,,1.1095551155464074,,,
WORKER_RELOC,,2,3,6,,3.652763330023345,,,
WORKER_RELOC,,2,3,7,,2.7903179935003184,,,
WORKER_RELOC,,2,3,8,,1.5112787576011464,,,
WORKER_RELOC,,2,3,9,,3.7208778678183294,,,
WORKER_RELOC,,2,3,10,,2.798925550982994,,,
WORKER_RELOC,,2,3,11,,3.3739896589985023,,,
WORKER_RELOC,,2,4,0,,1.7322901635998311,,,
WORKER_RELOC,,2,4,1,,3.539381468366293,,,
WORKER_RELOC,,2,4,2,,2.792617676907388,,,
WORKER_RELOC,,2,4,3,,0.7769118417080125,,,
WORKER_RELOC,,2,4,4,,0.0,,,
WORKER_RELOC,,2,4,5,,0.6324466391293662,,,
WORKER_RELOC,,2,4,6,,1.6077789837891918,,,
WORKER_RELOC,,2,4,7,,1.528728914892707,,,
WORKER_RELOC,,2,4,8,,2.3288429818969085,,,
WORKER_RELOC,,2,4,9,,3.9462632598885437,,,
WORKER_RELOC,,2,4,10,,1.7868564992848492,,,
WORKER_RELOC,,2,4,11,,2.996721900356022,,,
WORKER_RELOC,,2,5,0,,1.9009365858359002,,,
WORKER_RELOC,,2,5,1,,2.7504999761326063,,,
WORKER_RELOC,,2,5,2,,1.7590186799626437,,,
WORKER_RELOC,,2,5,3,,0.5698089069689016,,,
WORKER_RELOC,,2,5,4,,1.3328868462891252,,,
WORKER_RELOC,,2,5,5,,0.0,,,
WORKER_RELOC,,2,5,6,,3.4186690876160784,,,
WORKER_RELOC,,2,5,7,,3.3171454358596857,,,
WORKER_RELOC,,2,5,8,,3.336138768790768,,,
WORKER_RELOC,,2,5,9,,2.445252684594218,,,
WORKER_RELOC,,2,5,10,,2.1075275059406504,,,
WORKER_RELOC,,2,5,11,,1.8775894250254954,,,
WORKER_RELOC,,2,6,0,,2.246650126293824,,,
WORKER_RELOC,,2,6,1,,1.765481801303825,,,
WORKER_RELOC,,2,6,2,,2.9433059399054757,,,
WORKER_RELOC,,2,6,3,,3.500915632136537,,,
WORKER_RELOC,,2,6,4,,1.7187347266799045,,,
WORKER_RELOC,,2,6,5,,3.219073085668353,,,
WORKER_RELOC,,2,6,6,,0.0,,,
WORKER_RELOC,,2,6,7,,0.9932692036902724,,,
WORKER_RELOC,,2,6,8,,1.5059721724642483,,,
WORKER_RELOC,,2,6,9,,2.3131269828654992,,,
WORKER_RELOC,,2,6,10,,1.6168935597466376,,,
WORKER_RELOC,,2,6,11,,2.967447680944615,,,
WORKER_RELOC,,2,7,0,,2.3547828122656544,,,
WORKER_RELOC,,2,7,1,,2.170121144550677,,,
WORKER_RELOC,,2,7,2,,3.481831353225053,,,
WORKER_RELOC,,2,7,3,,3.1015417898849913,,,
WORKER_RELOC,,2,7,4,,3.1074844232681134,,,
WORKER_RELOC,,2,7,5,,2.331457722891459,,,
WORKER_RELOC,,2,7,6,,1.2971844294960584,,,
WORKER_RELOC,,2,7,7,,0.0,,,
WORKER_RELOC,,2,7,8,,3.8305801822622954,,,
WORKER_RELOC,,2,7,9,,2.1709909533336993,,,
WORKER_RELOC,,2,7,10,,2.9902523629692643,,,
WORKER_RELOC,,2,7,11,,1.8619012178620675,,,
WORKER_RELOC,,2,8,0,,2.1889949176550236,,,
WORKER_RELOC,,2,8,1,,3.870908662101946,,,
WORKER_RELOC,,2,8,2,,3.2340919542092506,,,
WORKER_RELOC,,2,8,3,,1.9908359298210976,,,
WORKER_RELOC,,2,8,4,,1.8274080949410645,,,
WORKER_RELOC,,2,8,5,,1.8401995920777714,,,
WORKER_RELOC,,2,8,6,,3.5969272279455318,,,
WORKER_RELOC,,2,8,7,,3.8656448406180477,,,
WORKER_RELOC,,2,8,8,,0.0,,,
WORKER_RELOC,,2,8,9,,2.697385886018023,,,
WORKER_RELOC,,2,8,10,,2.2033171678680272,,,
WORKER_RELOC,,2,8,11,,2.7125192872751818,,,
WORKER_RELOC,,2,9,0,,1.5100264378937875,,,
WORKER_RELOC,,2,9,1,,2.4519735759051464,,,
WORKER_RELOC,,2,9,2,,2.778338450569988,,,
WORKER_RELOC,,2,9,3,,2.896812556916391,,,
WORKER_RELOC,,2,9,4,,3.0468307262580883,,,
WORKER_RELOC,,2,9,5,,3.435883053244554,,,
WORKER_RELOC,,2,9,6,,3.052547669718714,,,
WORKER_RELOC,,2,9,7,,2.9973045136186744,,,
WORKER_RELOC,,2,9,8,,2.7692781055089855,,,
WORKER_RELOC,,2,9,9,,0.0,,,
WORKER_RELOC,,2,9,10,,1.3161798300448324,,,
WORKER_RELOC,,2,9,11,,1.383662120117604,,,
WORKER_RELOC,,2,10,0,,2.903054799035285,,,
WORKER_RELOC,,2,10,1,,2.9652932130394904,,,
WORKER_RELOC,,2,10,2,,2.7221780227064456,,,
WORKER_RELOC,,2,10,3,,1.9341342682510905,,,
WORKER_RELOC,,2,10,4,,1.8825753964492054,,,
WORKER_RELOC,,2,10,5,,2.0469217782915337,,,
WORKER_RELOC,,2,10,6,,2.3459516215004523,,,
WORKER_RELOC,,2,10,7,,3.5864796249405133,,,
WORKER_RELOC,,2,10,8,,2.836584772663959,,,
WORKER_RELOC,,2,10,9,,0.6197780448339363,,,
WORKER_RELOC,,2,10,10,,0.0,,,
WORKER_RELOC,,2,10,11,,0.6343100381265155,,,
WORKER_RELOC,,2,11,0,,3.2772758475455968,,,
WORKER_RELOC,,2,11,1,,2.8033592196843715,,,
WORKER_RELOC,,2,11,2,,2.4497327329459173,,,
WORKER_RELOC,,2,11,3,,2.6934289063729797,,,
WORKER_RELOC,,2,11,4,,3.016388719585831,,,
WORKER_RELOC,,2,11,5,,3.2405622557090026,,,
WORKER_RELOC,,2,11,6,,2.999805692185928,,,
WORKER_RELOC,,2,11,7,,2.8331836565625466,,,
WORKER_RELOC,,2,11,8,,2.6352134841647388,,,
WORKER_RELOC,,2,11,9,,1.4900291480203431,,,
WORKER_RELOC,,2,11,10,,1.0552117147516542,,,
WORKER_RELOC,,2,11,11,,0.0,,,
WORKER_RELOC,,3,0,0,,0.0,,,
WORKER_RELOC,,3,0,1,,3.0377165065512144,,,
WORKER_RELOC,,3,0,2,,3.0316089540788664,,,
WORKER_RELOC,,3,0,3,,3.117840054255426,,,
WORKER_RELOC,,3,0,4,,1.5814664607826394,,,
WORKER_RELOC,,3,0,5,,3.156231844628983,,,
WORKER_RELOC,,3,0,6,,1.8133382938347853,,,
WORKER_RELOC,,3,0,7,,2.3579611971505354,,,
WORKER_RELOC,,3,0,8,,1.7219947931091382,,,
WORKER_RELOC,,3,0,9,,3.2014227704791747,,,
WORKER_RELOC,,3,0,10,,3.062176797233307,,,
WORKER_RELOC,,3,0,11,,2.5079164637494182,,,
WORKER_RELOC,,3,1,0,,2.1874755916791697,,,
WORKER_RELOC,,3,1,1,,0.0,,,
WORKER_RELOC,,3,1,2,,1.4027063470379133,,,
WORKER_RELOC,,3,1,3,,2.17694820796688,,,
WORKER_RELOC,,3,1,4,,3.4793679500712527,,,
WORKER_RELOC,,3,1,5,,1.7462143303934914,,,
WORKER_RELOC,,3,1,6,,2.206726474473024,,,
WORKER_RELOC,,3,1,7,,3.031563090020462,,,
WORKER_RELOC,,3,1,8,,2.044673329415747,,,
WORKER_RELOC,,3,1,9,,2.901759946301904,,,
WORKER_RELOC,,3,1,10,,1.5045481954563906,,,
WORKER_RELOC,,3,1,11,,2.2288529173321576,,,
WORKER_RELOC,,3,2,0,,2.1257352906096574,,,
WORKER_RELOC,,3,2,1,,1.4111264098778908,,,
WORKER_RELOC,,3,2,2,,0.0,,,
WORKER_RELOC,,3,2,3,,2.9507705613859794,,,
WORKER_RELOC,,3,2,4,,3.158015692786487,,,
WORKER_RELOC,,3,2,5,,3.6107919553510164,,,
WORKER_RELOC,,3,2,6,,2.8989411281581385,,,
WORKER_RELOC,,3,2,7,,2.252622273210383,,,
WORKER_RELOC,,3,2,8,,3.034866607353101,,,
WORKER_RELOC,,3,2,9,,2.8732273309723437,,,
WORKER_RELOC,,3,2,10,,1.6027825666750752,,,
WORKER_RELOC,,3,2,11,,2.6268345882197393,,,
WORKER_RELOC,,3,3,0,,1.6919191658974917,,,
WORKER_RELOC,,3,3,1,,1.7067135697629843,,,
WORKER_RELOC,,3,3,2,,1.9869729008909918,,,
WORKER_RELOC,,3,3,3,,0.0,,,
WORKER_RELOC,,3,3,4,,1.3428876293368621,,,
WORKER_RELOC,,3,3,5,,0.6782481342651522,,,
WORKER_RELOC,,3,3,6,,2.3105398841578886,,,
WORKER_RELOC,,3,3,7,,1.7903065307366703,,,
WORKER_RELOC,,3,3,8,,3.584925084209897,,,
WORKER_RELOC,,3,3,9,,2.604156721862295,,,
WORKER_RELOC,,3,3,10,,1.8653521961496997,,,
WORKER_RELOC,,3,3,11,,1.9068998549200884,,,
WORKER_RELOC,,3,4,0,,1.5449478595648687,,,
WORKER_RELOC,,3,4,1,,1.9603936447532477,,,
WORKER_RELOC,,3,4,2,,3.254565894692464,,,
WORKER_RELOC,,3,4,3,,1.1896664870430251,,,
WORKER_RELOC,,3,4,4,,0.0,,,
WORKER_RELOC,,3,4,5,,0.7138686127029288,,,
WORKER_RELOC,,3,4,6,,1.6674122620646057,,,
WORKER_RELOC,,3,4,7,,3.656850700080766,,,
WORKER_RELOC,,3,4,8,,1.6958545542796237,,,
WORKER_RELOC,,3,4,9,,1.6099107702303574,,,
WORKER_RELOC,,3,4,10,,2.6072959802807856,,,
WORKER_RELOC,,3,4,11,,2.246099156239903,,,
WORKER_RELOC,,3,5,0,,2.9662342697432,,,
WORKER_RELOC,,3,5,1,,3.49441073208105,,,
WORKER_RELOC,,3,5,2,,2.507187663977145,,,
WORKER_RELOC,,3,5,3,,1.4235430427067302,,,
WORKER_RELOC,,3,5,4,,1.4061279317740558,,,
WORKER_RELOC,,3,5,5,,0.0,,,
WORKER_RELOC,,3,5,6,,2.586616692320523,,,
WORKER_RELOC,,3,5,7,,3.9664064043305562,,,
WORKER_RELOC,,3,5,8,,2.051888350066819,,,
WORKER_RELOC,,3,5,9,,2.0733922289911715,,,
WORKER_RELOC,,3,5,10,,1.7412927223649453,,,
WORKER_RELOC,,3,5,11,,3.7446203563635243,,,
WORKER_RELOC,,3,6,0,,1.65408435688729,,,
WORKER_RELOC,,3,6,1,,3.7664261061418767,,,
WORKER_RELOC,,3,6,2,,1.5985655693763396,,,
WORKER_RELOC,,3,6,3,,3.022055420489533,,,
WORKER_RELOC,,3,6,4,,3.7020900389931324,,,
WORKER_RELOC,,3,6,5,,1.6404886788550732,,,
WORKER_RELOC,,3,6,6,,0.0,,,
WORKER_RELOC,,3,6,7,,0.8612755744271102,,,
WORKER_RELOC,,3,6,8,,2.1171934025991472,,,
WORKER_RELOC,,3,6,9,,3.371728014775382,,,
WORKER_RELOC,,3,6,10,,2.7676720955252616,,,
WORKER_RELOC,,3,6,11,,1.8184199991535872,,,
WORKER_RELOC,,3,7,0,,3.78003712415251,,,
WORKER_RELOC,,3,7,1,,1.8381271017387002,,,
WORKER_RELOC,,3,7,2,,3.3096409012808663,,,
WORKER_RELOC,,3,7,3,,2.186551902113237,,,
WORKER_RELOC,,3,7,4,,3.3901621651786287,,,
WORKER_RELOC,,3,7,5,,2.4511340695576456,,,
WORKER_RELOC,,3,7,6,,1.3984260664084178,,,
WORKER_RELOC,,3,7,7,,0.0,,,
WORKER_RELOC,,3,7,8,,3.5361846510007893,,,
WORKER_RELOC,,3,7,9,,1.6636309736638217,,,
WORKER_RELOC,,3,7,10,,3.3019454654621843,,,
WORKER_RELOC,,3,7,11,,2.4762530407237775,,,
WORKER_RELOC,,3,8,0,,3.685183595476367,,,
WORKER_RELOC,,3,8,1,,2.477042369502694,,,
WORKER_RELOC,,3,8,2,,3.598790711718011,,,
WORKER_RELOC,,3,8,3,,3.1956799733704058,,,
WORKER_RELOC,,3,8,4,,2.861473117405488,,,
WORKER_RELOC,,3,8,5,,2.3267555944190494,,,
WORKER_RELOC,,3,8,6,,3.5287760451134966,,,
WORKER_RELOC,,3,8,7,,2.2416819238154977,,,
WORKER_RELOC,,3,8,8,,0.0,,,
WORKER_RELOC,,3,8,9,,3.5198768821817303,,,
WORKER_RELOC,,3,8,10,,2.815640149475426,,,
WORKER_RELOC,,3,8,11,,1.8670692715653305,,,
WORKER_RELOC,,3,9,0,,2.994031417269404,,,
WORKER_RELOC,,3,9,1,,3.859548392608938,,,
WORKER_RELOC,,3,9,2,,3.7265138498474544,,,
WORKER_RELOC,,3,9,3,,3.506449604259187,,,
WORKER_RELOC,,3,9,4,,2.7438721671072317,,,
WORKER_RELOC,,3,9,5,,2.0499864863286774,,,
WORKER_RELOC,,3,9,6,,1.6403231753027239,,,
WORKER_RELOC,,3,9,7,,3.6062427941491766,,,
WORKER_RELOC,,3,9,8,,2.3780318165152154,,,
WORKER_RELOC,,3,9,9,,0.0,,,
WORKER_RELOC,,3,9,10,,0.7941875248113875,,,
WORKER_RELOC,,3,9,11,,0.9404819044637679,,,
WORKER_RELOC,,3,10,0,,3.210706226345963,,,
WORKER_RELOC,,3,10,1,,2.9740496208557907,,,
WORKER_RELOC,,3,10,2,,3.4585110727786037,,,
WORKER_RELOC,,3,10,3,,3.5014348669341087,,,
WORKER_RELOC,,3,10,4,,1.6313016686245005,,,
WORKER_RELOC,,3,10,5,,2.201201386539953,,,
WORKER_RELOC,,3,10,6,,1.7540892479687054,,,
WORKER_RELOC,,3,10,7,,2.7526685272583578,,,
WORKER_RELOC,,3,10,8,,2.163254507257754,,,
WORKER_RELOC,,3,10,9,,1.0681781904832777,,,
WORKER_RELOC,,3,10,10,,0.0,,,
WORKER_RELOC,,3,10,11,,1.052344847824338,,,
WORKER_RELOC,,3,11,0,,1.660782570638538,,,
WORKER_RELOC,,3,11,1,,3.8578276250396417,,,
WORKER_RELOC,,3,11,2,,1.696916789144221,,,
WORKER_RELOC,,3,11,3,,3.071540658625965,,,
WORKER_RELOC,,3,11,4,,2.569261001447531,,,
WORKER_RELOC,,3,11,5,,3.228356742475651,,,
WORKER_RELOC,,3,11,6,,3.2457517749202425,,,
WORKER_RELOC,,3,11,7,,3.1892744932794,,,
WORKER_RELOC,,3,11,8,,1.7667766270037712,,,
WORKER_RELOC,,3,11,9,,0.5658287969319721,,,
WORKER_RELOC,,3,11,10,,1.320185128536715,,,
WORKER_RELOC,,3,11,11,,0.0,,,
WORKER_RELOC,,4,0,0,,0.0,,,
WORKER_RELOC,,4,0,1,,3.0241423995294934,,,
WORKER_RELOC,,4,0,2,,2.219695539820567,,,
WORKER_RELOC,,4,0,3,,1.7110399375203278,,,
WORKER_RELOC,,4,0,4,,3.2947698795046985,,,
WORKER_RELOC,,4,0,5,,2.3915371796099754,,,
WORKER_RELOC,,4,0,6,,2.7842594441727346,,,
WORKER_RELOC,,4,0,7,,3.1601915458746292,,,
WORKER_RELOC,,4,0,8,,2.9683236295940487,,,
WORKER_RELOC,,4,0,9,,1.9424985346604968,,,
WORKER_RELOC,,4,0,10,,1.6013003568848196,,,
WORKER_RELOC,,4,0,11,,3.508430598962735,,,
WORKER_RELOC,,4,1,0,,3.5992216432474464,,,
WORKER_RELOC,,4,1,1,,0.0,,,
WORKER_RELOC,,4,1,2,,0.922105704716469,,,
WORKER_RELOC,,4,1,3,,2.1328056646411744,,,
WORKER_RELOC,,4,1,4,,1.6192062560876237,,,
WORKER_RELOC,,4,1,5,,1.9149700051936465,,,
WORKER_RELOC,,4,1,6,,1.574273716287253,,,
WORKER_RELOC,,4,1,7,,2.439798816518155,,,
WORKER_RELOC,,4,1,8,,3.7130261880266295,,,
WORKER_RELOC,,4,1,9,,2.953877510246529,,,
WORKER_RELOC,,4,1,10,,3.2440712018065705,,,
WORKER_RELOC,,4,1,11,,2.3587879616552128,,,
WORKER_RELOC,,4,2,0,,3.2525026139002295,,,
WORKER_RELOC,,4,2,1,,1.4339127734965988,,,
WORKER_RELOC,,4,2,2,,0.0,,,
WORKER_RELOC,,4,2,3,,1.7155708047212392,,,
WORKER_RELOC,,4,2,4,,3.787512775063052,,,
WORKER_RELOC,,4,2,5,,3.0918755447335644,,,
WORKER_RELOC,,4,2,6,,3.1354840648389946,,,
WORKER_RELOC,,4,2,7,,3.1418488810826153,,,
WORKER_RELOC,,4,2,8,,1.5719375558764124,,,
WORKER_RELOC,,4,2,9,,3.3007283550458544,,,
WORKER_RELOC,,4,2,10,,2.879684714594185,,,
WORKER_RELOC,,4,2,11,,2.796081062770843,,,
WORKER_RELOC,,4,3,0,,2.431851001669017,,,
WORKER_RELOC,,4,3,1,,3.4941372975272986,,,
WORKER_RELOC,,4,3,2,,2.17461674814261,,,
WORKER_RELOC,,4,3,3,,0.0,,,
WORKER_RELOC,,4,3,4,,0.8556477579352253,,,
WORKER_RELOC,,4,3,5,,0.8663600938878934,,,
WORKER_RELOC,,4,3,6,,1.7343333474565679,,,
WORKER_RELOC,,4,3,7,,3.228014769641878,,,
WORKER_RELOC,,4,3,8,,2.9384068502409058,,,
WORKER_RELOC,,4,3,9,,2.2483700423232618,,,
WORKER_RELOC,,4,3,10,,2.536812698140352,,,
WORKER_RELOC,,4,3,11,,3.2340937349401195,,,
WORKER_RELOC,,4,4,0,,3.1984467064111515,,,
WORKER_RELOC,,4,4,1,,1.9577319232924943,,,
WORKER_RELOC,,4,4,2,,1.9108813431288818,,,
WORKER_RELOC,,4,4,3,,0.7630071431697674,,,
WORKER_RELOC,,4,4,4,,0.0,,,
WORKER_RELOC,,4,4,5,,1.1166411363222313,,,
WORKER_RELOC,,4,4,6,,2.3924359696376847,,,
WORKER_RELOC,,4,4,7,,3.948059915966365,,,
WORKER_RELOC,,4,4,8,,3.1738195753674403,,,
WORKER_RELOC,,4,4,9,,1.8809055435601307,,,
WORKER_RELOC,,4,4,10,,1.8444551718281088,,,
WORKER_RELOC,,4,4,11,,2.5372318960952143,,,
WORKER_RELOC,,4,5,0,,3.5900578012202713,,,
WORKER_RELOC,,4,5,1,,3.083126153194314,,,
WORKER_RELOC,,4,5,2,,1.9154940984925508,,,
WORKER_RELOC,,4,5,3,,0.6259732976758265,,,
WORKER_RELOC,,4,5,4,,0.7084347104465502,,,
WORKER_RELOC,,4,5,5,,0.0,,,
WORKER_RELOC,,4,5,6,,2.638442063680743,,,
WORKER_RELOC,,4,5,7,,2.167946772606359,,,
WORKER_RELOC,,4,5,8,,1.608953342383535,,,
WORKER_RELOC,,4,5,9,,2.2178334695337565,,,
WORKER_RELOC,,4,5,10,,3.4674817028220226,,,
WORKER_RELOC,,4,5,11,,2.603587830548991,,,
WORKER_RELOC,,4,6,0,,3.9223690021191633,,,
WORKER_RELOC,,4,6,1,,3.5781205618040373,,,
WORKER_RELOC,,4,6,2,,1.8906904708781873,,,
WORKER_RELOC,,4,6,3,,3.9585316445719254,,,
WORKER_RELOC,,4,6,4,,3.6432556315336484,,,
WORKER_RELOC,,4,6,5,,1.5791604914931558,,,
WORKER_RELOC,,4,6,6,,0.0,,,
WORKER_RELOC,,4,6,7,,0.5877489392523199,,,
WORKER_RELOC,,4,6,8,,3.737003873187949,,,
WORKER_RELOC,,4,6,9,,2.163740145420511,,,
WORKER_RELOC,,4,6,10,,3.865951790283902,,,
WORKER_RELOC,,4,6,11,,3.422800816862012,,,
WORKER_RELOC,,4,7,0,,2.6239680555740694,,,
WORKER_RELOC,,4,7,1,,1.6584489722303928,,,
WORKER_RELOC,,4,7,2,,3.567277854462332,,,
WORKER_RELOC,,4,7,3,,1.8813449656195118,,,
WORKER_RELOC,,4,7,4,,3.073462002487061,,,
WORKER_RELOC,,4,7,5,,2.499230691790391,,,
WORKER_RELOC,,4,7,6,,1.421763122411715,,,
WORKER_RELOC,,4,7,7,,0.0,,,
WORKER_RELOC,,4,7,8,,3.536637331583967,,,
WORKER_RELOC,,4,7,9,,2.856261433986645,,,
WORKER_RELOC,,4,7,10,,1.6710849964975232,,,
WORKER_RELOC,,4,7,11,,3.7951349175025144,,,
WORKER_RELOC,,4,8,0,,3.277162950290565,,,
WORKER_RELOC,,4,8,1,,2.409387312879569,,,
WORKER_RELOC,,4,8,2,,2.053444899068097,,,
WORKER_RELOC,,4,8,3,,3.5243184407261436,,,
WORKER_RELOC,,4,8,4,,3.2399863568736773,,,
WORKER_RELOC,,4,8,5,,2.334652556366213,,,
WORKER_RELOC,,4,8,6,,3.230443961292134,,,
WORKER_RELOC,,4,8,7,,3.3579486974672155,,,
WORKER_RELOC,,4,8,8,,0.0,,,
WORKER_RELOC,,4,8,9,,2.090341572918481,,,
WORKER_RELOC,,4,8,10,,3.062159899626463,,,
WORKER_RELOC,,4,8,11,,1.8869176208154417,,,
WORKER_RELOC,,4,9,0,,2.7035725745153147,,,
WORKER_RELOC,,4,9,1,,1.9364375653884074,,,
WORKER_RELOC,,4,9,2,,2.4080963779737465,,,
WORKER_RELOC,,4,9,3,,2.1030478566599795,,,
WORKER_RELOC,,4,9,4,,3.4454603088329563,,,
WORKER_RELOC,,4,9,5,,2.0946407893943664,,,
WORKER_RELOC,,4,9,6,,3.76218760551311,,,
WORKER_RELOC,,4,9,7,,1.6150884994492394,,,
WORKER_RELOC,,4,9,8,,3.3788960407139546,,,
WORKER_RELOC,,4,9,9,,0.0,,,
WORKER_RELOC,,4,9,10,,0.8786199286844135,,,
WORKER_RELOC,,4,9,11,,1.1082540930911047,,,
WORKER_RELOC,,4,10,0,,3.7452343098917886,,,
WORKER_RELOC,,4,10,1,,2.33800081368992,,,
WORKER_RELOC,,4,10,2,,2.5596346749758636,,,
WORKER_RELOC,,4,10,3,,3.5288194690237433,,,
WORKER_RELOC,,4,10,4,,2.993503570888673,,,
WORKER_RELOC,,4,10,5,,3.5524675114708586,,,
WORKER_RELOC,,4,10,6,,1.7087853799743014,,,
WORKER_RELOC,,4,10,7,,3.206055188331141,,,
WORKER_RELOC,,4,10,8,,2.0495473325861053,,,
WORKER_RELOC,,4,10,9,,1.1596186420022334,,,
WORKER_RELOC,,4,10,10,,0.0,,,
WORKER_RELOC,,4,10,11,,1.3753610952572628,,,
WORKER_RELOC,,4,11,0,,3.36022498919442,,,
WORKER_RELOC,,4,11,1,,2.652901629376642,,,
WORKER_RELOC,,4,11,2,,3.300939438962305,,,
WORKER_RELOC,,4,11,3,,2.6030175156311066,,,
WORKER_RELOC,,4,11,4,,3.559639700931851,,,
WORKER_RELOC,,4,11,5,,2.401513488895473,,,
WORKER_RELOC,,4,11,6,,3.59188725483174,,,
WORKER_RELOC,,4,11,7,,1.7160876346093343,,,
WORKER_RELOC,,4,11,8,,1.814984824995748,,,
WORKER_RELOC,,4,11,9,,0.5557545785921121,,,
WORKER_RELOC,,4,11,10,,1.083001796146846,,,
WORKER_RELOC,,4,11,11,,0.0,,,
WORKER_RELOC,,5,0,0,,0.0,,,
WORKER_RELOC,,5,0,1,,3.1427112679911566,,,
WORKER_RELOC,,5,0,2,,3.5255648750771615,,,
WORKER_RELOC,,5,0,3,,2.707910016487115,,,
WORKER_RELOC,,5,0,4,,3.2064374732861682,,,
WORKER_RELOC,,5,0,5,,2.994485742373225,,,
WORKER_RELOC,,5,0,6,,3.58478080068754,,,
WORKER_RELOC,,5,0,7,,3.7737521604445674,,,
WORKER_RELOC,,5,0,8,,3.2213764299392667,,,
WORKER_RELOC,,5,0,9,,2.957872452161502,,,
WORKER_RELOC,,5,0,10,,3.686321715081579,,,
WORKER_RELOC,,5,0,11,,2.4694904980913766,,,
WORKER_RELOC,,5,1,0,,2.3777897826846117,,,
WORKER_RELOC,,5,1,1,,0.0,,,
WORKER_RELOC,,5,1,2,,0.8702754221590739,,,
WORKER_RELOC,,5,1,3,,3.233312600023742,,,
WORKER_RELOC,,5,1,4,,3.3790000003325273,,,
WORKER_RELOC,,5,1,5,,3.1808047006106195,,,
WORKER_RELOC,,5,1,6,,2.6583306017911967,,,
WORKER_RELOC,,5,1,7,,2.29006704218472,,,
WORKER_RELOC,,5,1,8,,2.3902586014201246,,,
WORKER_RELOC,,5,1,9,,2.7510907191116143,,,
WORKER_RELOC,,5,1,10,,3.1120745876401354,,,
WORKER_RELOC,,5,1,11,,3.591171167558277,,,
WORKER_RELOC,,5,2,0,,3.8124724301925883,,,
WORKER_RELOC,,5,2,1,,1.395343239281873,,,
WORKER_RELOC,,5,2,2,,0.0,,,
WORKER_RELOC,,5,2,3,,2.8454339500408397,,,
WORKER_RELOC,,5,2,4,,1.8880846935686932,,,
WORKER_RELOC,,5,2,5,,3.9433057229199133,,,
WORKER_RELOC,,5,2,6,,3.14813686506872,,,
WORKER_RELOC,,5,2,7,,3.707009480592182,,,
WORKER_RELOC,,5,2,8,,3.720131360742887,,,
WORKER_RELOC,,5,2,9,,3.5965088385062343,,,
WORKER_RELOC,,5,2,10,,2.998586256380595,,,
WORKER_RELOC,,5,2,11,,1.5052506212518801,,,
WORKER_RELOC,,5,3,0,,2.120757413848249,,,
WORKER_RELOC,,5,3,1,,2.974580019030253,,,
WORKER_RELOC,,5,3,2,,3.7152957895317984,,,
WORKER_RELOC,,5,3,3,,0.0,,,
WORKER_RELOC,,5,3,4,,0.74351267736596,,,
WORKER_RELOC,,5,3,5,,1.3920013946664391,,,
WORKER_RELOC,,5,3,6,,2.0117178474788675,,,
WORKER_RELOC,,5,3,7,,2.251693415099248,,,
WORKER_RELOC,,5,3,8,,2.3741574177767975,,,
WORKER_RELOC,,5,3,9,,1.8497285657894444,,,
WORKER_RELOC,,5,3,10,,1.9087580631219514,,,
WORKER_RELOC,,5,3,11,,3.0612284016535796,,,
WORKER_RELOC,,5,4,0,,1.7920934167842701,,,
WORKER_RELOC,,5,4,1,,3.8456937976337575,,,
WORKER_RELOC,,5,4,2,,1.5240896252689529,,,
WORKER_RELOC,,5,4,3,,0.5795923347925844,,,
WORKER_RELOC,,5,4,4,,0.0,,,
WORKER_RELOC,,5,4,5,,1.3137784996830533,,,
WORKER_RELOC,,5,4,6,,1.9206168551621379,,,
WORKER_RELOC,,5,4,7,,3.7949340875586417,,,
WORKER_RELOC,,5,4,8,,3.5209645401932965,,,
WORKER_RELOC,,5,4,9,,3.332155423282353,,,
WORKER_RELOC,,5,4,10,,3.007849693863569,,,
WORKER_RELOC,,5,4,11,,3.008069156919885,,,
WORKER_RELOC,,5,5,0,,3.987815603890507,,,
WORKER_RELOC,,5,5,1,,2.590118438886906,,,
WORKER_RELOC,,5,5,2,,3.3751761635505826,,,
WORKER_RELOC,,5,5,3,,1.0284730488925813,,,
WORKER_RELOC,,5,5,4,,1.15738565013423,,,
WORKER_RELOC,,5,5,5,,0.0,,,
WORKER_RELOC,,5,5,6,,1.7214500467328118,,,
WORKER_RELOC,,5,5,7,,3.3293347439202092,,,
WORKER_RELOC,,5,5,8,,3.3178576736714938,,,
WORKER_RELOC,,5,5,9,,2.1995845187687255,,,
WORKER_RELOC,,5,5,10,,2.5467803912599756,,,
WORKER_RELOC,,5,5,11,,3.1482805002953684,,,
WORKER_RELOC,,5,6,0,,3.9173180701270027,,,
WORKER_RELOC,,5,6,1,,3.250322065532025,,,
WORKER_RELOC,,5,6,2,,2.523257519391552,,,
WORKER_RELOC,,5,6,3,,3.5774945388032515,,,
WORKER_RELOC,,5,6,4,,2.626449571753124,,,
WORKER_RELOC,,5,6,5,,3.2891683247587373,,,
WORKER_RELOC,,5,6,6,,0.0,,,
WORKER_RELOC,,5,6,7,,1.0406971762635995,,,
WORKER_RELOC,,5,6,8,,2.0904066112127575,,,
WORKER_RELOC,,5,6,9,,1.9253573107565125,,,
WORKER_RELOC,,5,6,10,,2.7891108397818885,,,
WORKER_RELOC,,5,6,11,,1.963568499165046,,,
WORKER_RELOC,,5,7,0,,2.1166928165168386,,,
WORKER_RELOC,,5,7,1,,3.5938113677366417,,,
WORKER_RELOC,,5,7,2,,3.667502160711243,,,
WORKER_RELOC,,5,7,3,,2.868890233241508,,,
WORKER_RELOC,,5,7,4,,2.128401578949374,,,
WORKER_RELOC,,5,7,5,,2.0677603808544713,,,
WORKER_RELOC,,5,7,6,,0.8873891146577229,,,
WORKER_RELOC,,5,7,7,,0.0,,,
WORKER_RELOC,,5,7,8,,2.094364441103302,,,
WORKER_RELOC,,5,7,9,,2.0773415552775853,,,
WORKER_RELOC,,5,7,10,,1.9679849602752881,,,
WORKER_RELOC,,5,7,11,,2.241797757152699,,,
WORKER_RELOC,,5,8,0,,3.0823671681336813,,,
WORKER_RELOC,,5,8,1,,3.244330692368664,,,
WORKER_RELOC,,5,8,2,,3.1595740485114936,,,
WORKER_RELOC,,5,8,3,,3.2016204863458944,,,
WORKER_RELOC,,5,8,4,,3.4295363311406137,,,
WORKER_RELOC,,5,8,5,,2.540730351970036,,,
WORKER_RELOC,,5,8,6,,2.321957419933862,,,
WORKER_RELOC,,5,8,7,,2.217063142177963,,,
WORKER_RELOC,,5,8,8,,0.0,,,
WORKER_RELOC,,5,8,9,,3.342013130478271,,,
WORKER_RELOC,,5,8,10,,3.069061101505646,,,
WORKER_RELOC,,5,8,11,,2.5811267018650996,,,
WORKER_RELOC,,5,9,0,,3.1584118509449404,,,
WORKER_RELOC,,5,9,1,,3.5221699528304726,,,
WORKER_RELOC,,5,9,2,,1.9107855369260758,,,
WORKER_RELOC,,5,9,3,,3.4822868571107777,,,
WORKER_RELOC,,5,9,4,,2.1503755834801757,,,
WORKER_RELOC,,5,9,5,,3.081946348662875,,,
WORKER_RELOC,,5,9,6,,2.4999687398423314,,,
WORKER_RELOC,,5,9,7,,2.7769867579992056,,,
WORKER_RELOC,,5,9,8,,1.6619316641674087,,,
WORKER_RELOC,,5,9,9,,0.0,,,
WORKER_RELOC,,5,9,10,,0.8128381103751913,,,
WORKER_RELOC,,5,9,11,,1.121616765894451,,,
WORKER_RELOC,,5,10,0,,1.6124687803281357,,,
WORKER_RELOC,,5,10,1,,2.538998345589672,,,
WORKER_RELOC,,5,10,2,,2.8158576162530338,,,
WORKER_RELOC,,5,10,3,,3.3264056138496554,,,
WORKER_RELOC,,5,10,4,,2.7605806919505183,,,
WORKER_RELOC,,5,10,5,,2.9077737844437346,,,
WORKER_RELOC,,5,10,6,,2.81337282066473,,,
WORKER_RELOC,,5,10,7,,3.192791879386681,,,
WORKER_RELOC,,5,10,8,,2.5113764663006775,,,
WORKER_RELOC,,5,10,9,,1.0827808946911852,,,
WORKER_RELOC,,5,10,10,,0.0,,,
WORKER_RELOC,,5,10,11,,0.5959855195949575,,,
WORKER_RELOC,,5,11,0,,3.9924538988515046,,,
WORKER_RELOC,,5,11,1,,3.7446102876215264,,,
WORKER_RELOC,,5,11,2,,1.9004879212624626,,,
WORKER_RELOC,,5,11,3,,2.012308358944656,,,
WORKER_RELOC,,5,11,4,,3.300230246508834,,,
WORKER_RELOC,,5,11,5,,1.9670588131087527,,,
WORKER_RELOC,,5,11,6,,2.626654015777325,,,
WORKER_RELOC,,5,11,7,,3.004000281278636,,,
WORKER_RELOC,,5,11,8,,3.4703942521878792,,,
WORKER_RELOC,,5,11,9,,1.313625702032436,,,
WORKER_RELOC,,5,11,10,,1.336100889991724,,,
WORKER_RELOC,,5,11,11,,0.0,,,
WORKER_RELOC,,6,0,0,,0.0,,,
WORKER_RELOC,,6,0,1,,2.408344585026219,,,
WORKER_RELOC,,6,0,2,,1.9293723541641692,,,
WORKER_RELOC,,6,0,3,,2.786972938787741,,,
WORKER_RELOC,,6,0,4,,2.9605313847206247,,,
WORKER_RELOC,,6,0,5,,2.7611898775937096,,,
WORKER_RELOC,,6,0,6,,2.7632051299381124,,,
WORKER_RELOC,,6,0,7,,2.912078062853804,,,
WORKER_RELOC,,6,0,8,,2.1109164124667688,,,
WORKER_RELOC,,6,0,9,,1.8202281395600628,,,
WORKER_RELOC,,6,0,10,,2.118444150419677,,,
WORKER_RELOC,,6,0,11,,3.864265776551373,,,
WORKER_RELOC,,6,1,0,,2.4114834802527856,,,
WORKER_RELOC,,6,1,1,,0.0,,,
WORKER_RELOC,,6,1,2,,0.6847177128192115,,,
WORKER_RELOC,,6,1,3,,1.9111575978708668,,,
WORKER_RELOC,,6,1,4,,3.73208642460724,,,
WORKER_RELOC,,6,1,5,,2.4095930882291112,,,
WORKER_RELOC,,6,1,6,,3.8603952909684587,,,
WORKER_RELOC,,6,1,7,,1.7052148256327957,,,
WORKER_RELOC,,6,1,8,,2.3511303664532655,,,
WORKER_RELOC,,6,1,9,,3.802653385844052,,,
WORKER_RELOC,,6,1,10,,1.7937007471903303,,,
WORKER_RELOC,,6,1,11,,2.3292316543053198,,,
WORKER_RELOC,,6,2,0,,2.5093025064360632,,,
WORKER_RELOC,,6,2,1,,0.7516652707571289,,,
WORKER_RELOC,,6,2,2,,0.0,,,
WORKER_RELOC,,6,2,3,,2.0560948206432994,,,
WORKER_RELOC,,6,2,4,,3.625005465618545,,,
WORKER_RELOC,,6,2,5,,1.917897653208178,,,
WORKER_RELOC,,6,2,6,,3.738466542766303,,,
WORKER_RELOC,,6,2,7,,3.738274079506192,,,
WORKER_RELOC,,6,2,8,,2.221906255406397,,,
WORKER_RELOC,,6,2,9,,1.5877555223963846,,,
WORKER_RELOC,,6,2,10,,3.3539211507875324,,,
WORKER_RELOC,,6,2,11,,2.7501099913296563,,,
WORKER_RELOC,,6,3,0,,3.9552723071219704,,,
WORKER_RELOC,,6,3,1,,3.148004713200218,,,
WORKER_RELOC,,6,3,2,,2.6248788267067145,,,
WORKER_RELOC,,6,3,3,,0.0,,,
WORKER_RELOC,,6,3,4,,1.3760973868916144,,,
WORKER_RELOC,,6,3,5,,1.1347187485954477,,,
WORKER_RELOC,,6,3,6,,2.878692348913554,,,
WORKER_RELOC,,6,3,7,,3.673682878135916,,,
WORKER_RELOC,,6,3,8,,3.9697838124359737,,,
WORKER_RELOC,,6,3,9,,3.4719531914248645,,,
WORKER_RELOC,,6,3,10,,3.18015882494399,,,
WORKER_RELOC,,6,3,11,,2.1918776994001687,,,
WORKER_RELOC,,6,4,0,,2.936648861877794,,,
WORKER_RELOC,,6,4,1,,3.464493610530284,,,
WORKER_RELOC,,6,4,2,,1.747304556281657,,,
WORKER_RELOC,,6,4,3,,0.8073621376877319,,,
WORKER_RELOC,,6,4,4,,0.0,,,
WORKER_RELOC,,6,4,5,,1.3363512883035162,,,
WORKER_RELOC,,6,4,6,,3.5866987513673054,,,
WORKER_RELOC,,6,4,7,,1.8284136328914316,,,
WORKER_RELOC,,6,4,8,,2.547265762572889,,,
WORKER_RELOC,,6,4,9,,3.153251252993271,,,
WORKER_RELOC,,6,4,10,,1.5617602343051327,,,
WORKER_RELOC,,6,4,11,,3.0993271547398225,,,
WORKER_RELOC,,6,5,0,,2.7855488680518254,,,
WORKER_RELOC,,6,5,1,,3.638308023453444,,,
WORKER_RELOC,,6,5,2,,1.6006063683879168,,,
WORKER_RELOC,,6,5,3,,1.3401504413764374,,,
WORKER_RELOC,,6,5,4,,0.5989909973018684,,,
WORKER_RELOC,,6,5,5,,0.0,,,
WORKER_RELOC,,6,5,6,,2.201359647831392,,,
WORKER_RELOC,,6,5,7,,3.900716119773908,,,
WORKER_RELOC,,6,5,8,,2.556645243503782,,,
WORKER_RELOC,,6,5,9,,2.4797781951625884,,,
WORKER_RELOC,,6,5,10,,1.8892529642607354,,,
WORKER_RELOC,,6,5,11,,2.8128762221947516,,,
WORKER_RELOC,,6,6,0,,2.11474847210195,,,
WORKER_RELOC,,6,6,1,,1.619692704963135,,,
WORKER_RELOC,,6,6,2,,2.960191448053128,,,
WORKER_RELOC,,6,6,3,,2.295361030557794,,,
WORKER_RELOC,,6,6,4,,3.324246318445702,,,
WORKER_RELOC,,6,6,5,,1.9029182171161347,,,
WORKER_RELOC,,6,6,6,,0.0,,,
WORKER_RELOC,,6,6,7,,0.7175993532078075,,,
WORKER_RELOC,,6,6,8,,2.496790001736463,,,
WORKER_RELOC,,6,6,9,,3.7071065065660473,,,
WORKER_RELOC,,6,6,10,,2.6603296515902306,,,
WORKER_RELOC,,6,6,11,,2.9604941107225438,,,
WORKER_RELOC,,6,7,0,,3.155041630804451,,,
WORKER_RELOC,,6,7,1,,1.9941447986186376,,,
WORKER_RELOC,,6,7,2,,3.8630707340949355,,,
WORKER_RELOC,,6,7,3,,1.9766040110992429,,,
WORKER_RELOC,,6,7,4,,1.5780728041777234,,,
WORKER_RELOC,,6,7,5,,2.5062997129286297,,,
WORKER_RELOC,,6,7,6,,1.0178464459274033,,,
WORKER_RELOC,,6,7,7,,0.0,,,
WORKER_RELOC,,6,7,8,,2.838287371424503,,,
WORKER_RELOC,,6,7,9,,3.07370515482632,,,
WORKER_RELOC,,6,7,10,,3.3983240235555883,,,
WORKER_RELOC,,6,7,11,,2.2057896553506526,,,
WORKER_RELOC,,6,8,0,,3.319684315391777,,,
WORKER_RELOC,,6,8,1,,3.2535080441982043,,,
WORKER_RELOC,,6,8,2,,2.517721548466862,,,
WORKER_RELOC,,6,8,3,,2.1430227581742383,,,
WORKER_RELOC,,6,8,4,,2.327788670023748,,,
WORKER_RELOC,,6,8,5,,2.4159526956710184,,,
WORKER_RELOC,,6,8,6,,2.7764076700811824,,,
WORKER_RELOC,,6,8,7,,3.914528897865766,,,
WORKER_RELOC,,6,8,8,,0.0,,,
WORKER_RELOC,,6,8,9,,2.317582856423982,,,
WORKER_RELOC,,6,8,10,,3.606733458996541,,,
WORKER_RELOC,,6,8,11,,2.3300692794606968,,,
WORKER_RELOC,,6,9,0,,2.9483796671930795,,,
WORKER_RELOC,,6,9,1,,2.207501736369811,,,
WORKER_RELOC,,6,9,2,,3.234684132702339,,,
WORKER_RELOC,,6,9,3,,2.1762382879481046,,,
WORKER_RELOC,,6,9,4,,3.443478980041554,,,
WORKER_RELOC,,6,9,5,,3.596541220418508,,,
WORKER_RELOC,,6,9,6,,2.7111664603708965,,,
WORKER_RELOC,,6,9,7,,2.0130885494668407,,,
WORKER_RELOC,,6,9,8,,3.8354225016966446,,,
WORKER_RELOC,,6,9,9,,0.0,,,
WORKER_RELOC,,6,9,10,,0.5520848326016778,,,
WORKER_RELOC,,6,9,11,,1.4439789446366516,,,
WORKER_RELOC,,6,10,0,,3.0382975533046825,,,
WORKER_RELOC,,6,10,1,,2.009335361105951,,,
WORKER_RELOC,,6,10,2,,2.7294724323699118,,,
WORKER_RELOC,,6,10,3,,3.9490874902771513,,,
WORKER_RELOC,,6,10,4,,3.820795098729962,,,
WORKER_RELOC,,6,10,5,,2.6043913052042846,,,
WORKER_RELOC,,6,10,6,,2.98991538122938,,,
WORKER_RELOC,,6,10,7,,1.5151657888371162,,,
WORKER_RELOC,,6,10,8,,1.6574836944416393,,,
WORKER_RELOC,,6,10,9,,0.6113589323073829,,,
WORKER_RELOC,,6,10,10,,0.0,,,
WORKER_RELOC,,6,10,11,,1.1781019727971223,,,
WORKER_RELOC,,6,11,0,,3.4115202812943424,,,
WORKER_RELOC,,6,11,1,,3.6328690988585426,,,
WORKER_RELOC,,6,11,2,,2.1028516962805783,,,
WORKER_RELOC,,6,11,3,,3.2580845519034822,,,
WORKER_RELOC,,6,11,4,,3.6484198360499605,,,
WORKER_RELOC,,6,11,5,,1.842295749440444,,,
WORKER_RELOC,,6,11,6,,2.1140247993031416,,,
WORKER_RELOC,,6,11,7,,2.5092622895810424,,,
WORKER_RELOC,,6,11,8,,3.267972439707773,,,
WORKER_RELOC,,6,11,9,,1.4488844335708602,,,
WORKER_RELOC,,6,11,10,,1.142348383806035,,,
WORKER_RELOC,,6,11,11,,0.0,,,
WORKER_RELOC,,7,0,0,,0.0,,,
WORKER_RELOC,,7,0,1,,1.9380555490413973,,,
WORKER_RELOC,,7,0,2,,3.795518161495684,,,
WORKER_RELOC,,7,0,3,,3.152150126245452,,,
WORKER_RELOC,,7,0,4,,1.7843493834425137,,,
WORKER_RELOC,,7,0,5,,3.8125826127868447,,,
WORKER_RELOC,,7,0,6,,2.018018684917174,,,
WORKER_RELOC,,7,0,7,,3.3400350976982667,,,
WORKER_RELOC,,7,0,8,,2.1212973602901517,,,
WORKER_RELOC,,7,0,9,,1.6188375601700997,,,
WORKER_RELOC,,7,0,10,,3.7898553721260706,,,
WORKER_RELOC,,7,0,11,,2.4910468241392776,,,
WORKER_RELOC,,7,1,0,,3.1731081652184967,,,
WORKER_RELOC,,7,1,1,,0.0,,,
WORKER_RELOC,,7,1,2,,1.1857840566269093,,,
WORKER_RELOC,,7,1,3,,3.069201852152159,,,
WORKER_RELOC,,7,1,4,,2.3840811157961004,,,
WORKER_RELOC,,7,1,5,,3.0646428525573137,,,
WORKER_RELOC,,7,1,6,,1.938433752665507,,,
WORKER_RELOC,,7,1,7,,1.8643178806654266,,,
WORKER_RELOC,,7,1,8,,1.532087754231369,,,
WORKER_RELOC,,7,1,9,,3.7227080012289147,,,
WORKER_RELOC,,7,1,10,,2.023413824533887,,,
WORKER_RELOC,,7,1,11,,1.7541556399314553,,,
WORKER_RELOC,,7,2,0,,3.023548595109625,,,
WORKER_RELOC,,7,2,1,,1.3591602302967059,,,
WORKER_RELOC,,7,2,2,,0.0,,,
WORKER_RELOC,,7,2,3,,2.8927495536056878,,,
WORKER_RELOC,,7,2,4,,1.6678337071786504,,,
WORKER_RELOC,,7,2,5,,3.103061519920842,,,
WORKER_RELOC,,7,2,6,,1.7679849201923048,,,
WORKER_RELOC,,7,2,7,,1.7144676403182035,,,
WORKER_RELOC,,7,2,8,,2.3390760806930744,,,
WORKER_RELOC,,7,2,9,,2.7728579970795852,,,
WORKER_RELOC,,7,2,10,,1.6661266179949412,,,
WORKER_RELOC,,7,2,11,,2.713758315661221,,,
WORKER_RELOC,,7,3,0,,2.1493011655686,,,
WORKER_RELOC,,7,3,1,,3.561899085355651,,,
WORKER_RELOC,,7,3,2,,1.9845733464804578,,,
WORKER_RELOC,,7,3,3,,0.0,,,
WORKER_RELOC,,7,3,4,,1.1552270621140548,,,
WORKER_RELOC,,7,3,5,,0.947351000900169,,,
WORKER_RELOC,,7,3,6,,3.023947365074856,,,
WORKER_RELOC,,7,3,7,,2.529428810120993,,,
WORKER_RELOC,,7,3,8,,1.5099244245417425,,,
WORKER_RELOC,,7,3,9,,3.795896399638693,,,
WORKER_RELOC,,7,3,10,,2.369884848796537,,,
WORKER_RELOC,,7,3,11,,2.0118264307436347,,,
WORKER_RELOC,,7,4,0,,1.6307006712260186,,,
WORKER_RELOC,,7,4,1,,3.9564326313293825,,,
WORKER_RELOC,,7,4,2,,2.6040277136740313,,,
WORKER_RELOC,,7,4,3,,0.8399607471497841,,,
WORKER_RELOC,,7,4,4,,0.0,,,
WORKER_RELOC,,7,4,5,,0.7329481094885982,,,
WORKER_RELOC,,7,4,6,,1.5285934901830345,,,
WORKER_RELOC,,7,4,7,,3.6657493675861175,,,
WORKER_RELOC,,7,4,8,,1.8000780202687625,,,
WORKER_RELOC,,7,4,9,,2.748718413157878,,,
WORKER_RELOC,,7,4,10,,3.3553859059706106,,,
WORKER_RELOC,,7,4,11,,2.8078665984133355,,,
WORKER_RELOC,,7,5,0,,3.0282603578198413,,,
WORKER_RELOC,,7,5,1,,3.667710423988915,,,
WORKER_RELOC,,7,5,2,,1.5913262004405273,,,
WORKER_RELOC,,7,5,3,,1.3713253256220512,,,
WORKER_RELOC,,7,5,4,,1.455450959306885,,,
WORKER_RELOC,,7,5,5,,0.0,,,
WORKER_RELOC,,7,5,6,,1.9547049051392082,,,
WORKER_RELOC,,7,5,7,,3.755165166780572,,,
WORKER_RELOC,,7,5,8,,1.6041747806372384,,,
WORKER_RELOC,,7,5,9,,3.5581210654489492,,,
WORKER_RELOC,,7,5,10,,3.0649426266429463,,,
WORKER_RELOC,,7,5,11,,3.811054229986802,,,
WORKER_RELOC,,7,6,0,,3.280100874997494,,,
WORKER_RELOC,,7,6,1,,2.8752021075818055,,,
WORKER_RELOC,,7,6,2,,2.528755083945665,,,
WORKER_RELOC,,7,6,3,,3.537752884001684,,,
WORKER_RELOC,,7,6,4,,2.6689624268539385,,,
WORKER_RELOC,,7,6,5,,1.6542364533232146,,,
WORKER_RELOC,,7,6,6,,0.0,,,
WORKER_RELOC,,7,6,7,,0.8899580443932412,,,
WORKER_RELOC,,7,6,8,,2.1396234306228914,,,
WORKER_RELOC,,7,6,9,,2.768307808381773,,,
WORKER_RELOC,,7,6,10,,1.822001117314327,,,
WORKER_RELOC,,7,6,11,,3.160482264538392,,,
WORKER_RELOC,,7,7,0,,3.677370928326058,,,
WORKER_RELOC,,7,7,1,,3.237534156664071,,,
WORKER_RELOC,,7,7,2,,3.3687882766060744,,,
WORKER_RELOC,,7,7,3,,2.627016539812819,,,
WORKER_RELOC,,7,7,4,,3.8412055734039243,,,
WORKER_RELOC,,7,7,5,,2.99155138262342,,,
WORKER_RELOC,,7,7,6,,0.9805374628594328,,,
WORKER_RELOC,,7,7,7,,0.0,,,
WORKER_RELOC,,7,7,8,,2.6167956935212664,,,
WORKER_RELOC,,7,7,9,,2.252115369468155,,,
WORKER_RELOC,,7,7,10,,3.1425111151008176,,,
WORKER_RELOC,,7,7,11,,2.0617136878155238,,,
WORKER_RELOC,,7,8,0,,2.601486676849393,,,
WORKER_RELOC,,7,8,1,,3.9615079521101233,,,
WORKER_RELOC,,7,8,2,,2.5487897259013677,,,
WORKER_RELOC,,7,8,3,,1.9157831482382512,,,
WORKER_RELOC,,7,8,4,,2.5530451497553686,,,
WORKER_RELOC,,7,8,5,,3.0292924794174105,,,
WORKER_RELOC,,7,8,6,,3.0028723623387656,,,
WORKER_RELOC,,7,8,7,,2.667722611023561,,,
WORKER_RELOC,,7,8,8,,0.0,,,
WORKER_RELOC,,7,8,9,,1.8572279552320226,,,
WORKER_RELOC,,7,8,10,,2.5708416632313575,,,
WORKER_RELOC,,7,8,11,,1.9208342387953659,,,
WORKER_RELOC,,7,9,0,,1.9739277193943372,,,
WORKER_RELOC,,7,9,1,,2.1605292944765897,,,
WORKER_RELOC,,7,9,2,,1.5061446748689638,,,
WORKER_RELOC,,7,9,3,,1.9365685132847128,,,
WORKER_RELOC,,7,9,4,,2.166688074953453,,,
WORKER_RELOC,,7,9,5,,2.887376968032631,,,
WORKER_RELOC,,7,9,6,,3.5723177168990516,,,
WORKER_RELOC,,7,9,7,,3.9814439588043458,,,
WORKER_RELOC,,7,9,8,,2.8308394275515623,,,
WORKER_RELOC,,7,9,9,,0.0,,,
WORKER_RELOC,,7,9,10,,1.2732511098109107,,,
WORKER_RELOC,,7,9,11,,0.7416330154988464,,,
WORKER_RELOC,,7,10,0,,3.079303012784456,,,
WORKER_RELOC,,7,10,1,,3.2485109641382426,,,
WORKER_RELOC,,7,10,2,,1.918521233017421,,,
WORKER_RELOC,,7,10,3,,3.4179707354647997,,,
WORKER_RELOC,,7,10,4,,2.420992203509252,,,
WORKER_RELOC,,7,10,5,,2.878277046621308,,,
WORKER_RELOC,,7,10,6,,1.676742136763246,,,
WORKER_RELOC,,7,10,7,,3.138276918686634,,,
WORKER_RELOC,,7,10,8,,3.649164341032183,,,
WORKER_RELOC,,7,10,9,,1.3825609477001533,,,
WORKER_RELOC,,7,10,10,,0.0,,,
WORKER_RELOC,,7,10,11,,1.2590213247350943,,,
WORKER_RELOC,,7,11,0,,1.6654739544453472,,,
WORKER_RELOC,,7,11,1,,1.8119203912648836,,,
WORKER_RELOC,,7,11,2,,2.74537391813772,,,
WORKER_RELOC,,7,11,3,,2.06159195230291,,,
WORKER_RELOC,,7,11,4,,3.6330866832027886,,,
WORKER_RELOC,,7,11,5,,1.9165783328774397,,,
WORKER_RELOC,,7,11,6,,3.839342928263294,,,
WORKER_RELOC,,7,11,7,,2.7624296535969366,,,
WORKER_RELOC,,7,11,8,,2.109035025891134,,,
WORKER_RELOC,,7,11,9,,1.0754980900789624,,,
WORKER_RELOC,,7,11,10,,1.111418670739385,,,
WORKER_RELOC,,7,11,11,,0.0,,,
ROBOT_RELOC,,0,0,0,,0.0,,,
ROBOT_RELOC,,0,0,1,,3.7967340321080814,,,
ROBOT_RELOC,,0,0,2,,2.9406730433924952,,,
ROBOT_RELOC,,0,0,3,,3.0234887155141434,,,
ROBOT_RELOC,,0,0,4,,3.3116077488205775,,,
ROBOT_RELOC,,0,0,5,,3.757348488403988,,,
ROBOT_RELOC,,0,0,6,,2.253132366472646,,,
ROBOT_RELOC,,0,0,7,,3.7079355683877755,,,
ROBOT_RELOC,,0,0,8,,2.0270860116525067,,,
ROBOT_RELOC,,0,0,9,,3.092305056362937,,,
ROBOT_RELOC,,0,0,10,,3.962085427493438,,,
ROBOT_RELOC,,0,0,11,,3.8916155774452843,,,
ROBOT_RELOC,,0,1,0,,3.039133177598777,,,
ROBOT_RELOC,,0,1,1,,0.0,,,
ROBOT_RELOC,,0,1,2,,0.9054811086187019,,,
ROBOT_RELOC,,0,1,3,,2.512497521314211,,,
ROBOT_RELOC,,0,1,4,,3.8642495776142205,,,
ROBOT_RELOC,,0,1,5,,3.166964402808344,,,
ROBOT_RELOC,,0,1,6,,2.3477169437997083,,,
ROBOT_RELOC,,0,1,7,,2.9938906813670565,,,
ROBOT_RELOC,,0,1,8,,2.6067309900707802,,,
ROBOT_RELOC,,0,1,9,,2.9524011290642918,,,
ROBOT_RELOC,,0,1,10,,1.9000245677583742,,,
ROBOT_RELOC,,0,1,11,,3.2507806847513123,,,
ROBOT_RELOC,,0,2,0,,1.8320260768618841,,,
ROBOT_RELOC,,0,2,1,,0.7767237212519037,,,
ROBOT_RELOC,,0,2,2,,0.0,,,
ROBOT_RELOC,,0,2,3,,1.9133546764204676,,,
ROBOT_RELOC,,0,2,4,,2.7189402942549066,,,
ROBOT_RELOC,,0,2,5,,1.7846264857247416,,,
ROBOT_RELOC,,0,2,6,,1.5493081343915147,,,
ROBOT_RELOC,,0,2,7,,3.909101626904592,,,
ROBOT_RELOC,,0,2,8,,3.5023204492553623,,,
ROBOT_RELOC,,0,2,9,,2.6419982346950044,,,
ROBOT_RELOC,,0,2,10,,2.1502224378696897,,,
ROBOT_RELOC,,0,2,11,,3.907378525103734,,,
ROBOT_RELOC,,0,3,0,,3.4106133649123933,,,
ROBOT_RELOC,,0,3,1,,2.05534584041572,,,
ROBOT_RELOC,,0,3,2,,2.7693636036046003,,,
ROBOT_RELOC,,0,3,3,,0.0,,,
ROBOT_RELOC,,0,3,4,,1.4775716056296173,,,
ROBOT_RELOC,,0,3,5,,1.2903583164912051,,,
ROBOT_RELOC,,0,3,6,,3.111613985593913,,,
ROBOT_RELOC,,0,3,7,,3.9019538600636006,,,
ROBOT_RELOC,,0,3,8,,3.9411744175241905,,,
ROBOT_RELOC,,0,3,9,,3.1520696570176487,,,
ROBOT_RELOC,,0,3,10,,1.6059275303124387,,,
ROBOT_RELOC,,0,3,11,,1.905302568641367,,,
ROBOT_RELOC,,0,4,0,,2.8921725571175116,,,
ROBOT_RELOC,,0,4,1,,3.8391077478891353,,,
ROBOT_RELOC,,0,4,2,,3.190846162549981,,,
ROBOT_RELOC,,0,4,3,,1.1375071179070333,,,
ROBOT_RELOC,,0,4,4,,0.0,,,
ROBOT_RELOC,,0,4,5,,0.908596691192099,,,
ROBOT_RELOC,,0,4,6,,2.9819212504475043,,,
ROBOT_RELOC,,0,4,7,,2.985409534317171,,,
ROBOT_RELOC,,0,4,8,,1.9665445308259784,,,
ROBOT_RELOC,,0,4,9,,2.166411034920168,,,
ROBOT_RELOC,,0,4,10,,2.8527020594330414,,,
ROBOT_RELOC,,0,4,11,,2.9542910260072226,,,
ROBOT_RELOC,,0,5,0,,3.300788576587129,,,
ROBOT_RELOC,,0,5,1,,2.606866979406397,,,
ROBOT_RELOC,,0,5,2,,2.2667677617225763,,,
ROBOT_RELOC,,0,5,3,,0.9489527553095778,,,
ROBOT_RELOC,,0,5,4,,1.2338386631333016,,,
ROBOT_RELOC,,0,5,5,,0.0,,,
ROBOT_RELOC,,0,5,6,,3.559669740684992,,,
ROBOT_RELOC,,0,5,7,,2.2316782583108328,,,
ROBOT_RELOC,,0,5,8,,2.7352167363943183,,,
ROBOT_RELOC,,0,5,9,,3.6488701774418573,,,
ROBOT_RELOC,,0,5,10,,3.3988464834122465,,,
ROBOT_RELOC,,0,5,11,,3.9227270023415084,,,
ROBOT_RELOC,,0,6,0,,2.4879450703856647,,,
ROBOT_RELOC,,0,6,1,,3.698758864902013,,,
ROBOT_RELOC,,0,6,2,,3.7096505107388014,,,
ROBOT_RELOC,,0,6,3,,3.7110645779059506,,,
ROBOT_RELOC,,0,6,4,,2.93339551164105,,,
ROBOT_RELOC,,0,6,5,,1.5030375379015721,,,
ROBOT_RELOC,,0,6,6,,0.0,,,
ROBOT_RELOC,,0,6,7,,1.0654669215251944,,,
ROBOT_RELOC,,0,6,8,,2.3690908771125665,,,
ROBOT_RELOC,,0,6,9,,1.6316592688943898,,,
ROBOT_RELOC,,0,6,10,,2.1508340377488087,,,
ROBOT_RELOC,,0,6,11,,3.5002913404919327,,,
ROBOT_RELOC,,0,7,0,,2.9308698819328245,,,
ROBOT_RELOC,,0,7,1,,3.253845943295271,,,
ROBOT_RELOC,,0,7,2,,2.167649126124431,,,
ROBOT_RELOC,,0,7,3,,2.629591994144255,,,
ROBOT_RELOC,,0,7,4,,2.079064554355414,,,
ROBOT_RELOC,,0,7,5,,3.9584502275145965,,,
ROBOT_RELOC,,0,7,6,,0.7926787974972652,,,
ROBOT_RELOC,,0,7,7,,0.0,,,
ROBOT_RELOC,,0,7,8,,2.942940786507149,,,
ROBOT_RELOC,,0,7,9,,2.902845758729099,,,
ROBOT_RELOC,,0,7,10,,1.8618986622510212,,,
ROBOT_RELOC,,0,7,11,,1.7740389744328593,,,
ROBOT_RELOC,,0,8,0,,3.746733268126126,,,
ROBOT_RELOC,,0,8,1,,2.8196550028678855,,,
ROBOT_RELOC,,0,8,2,,2.7875382615344577,,,
ROBOT_RELOC,,0,8,3,,2.607793337810467,,,
ROBOT_RELOC,,0,8,4,,3.2221927081197674,,,
ROBOT_RELOC,,0,8,5,,2.141350713443906,,,
ROBOT_RELOC,,0,8,6,,2.6692697870516953,,,
ROBOT_RELOC,,0,8,7,,2.6648570021334823,,,
ROBOT_RELOC,,0,8,8,,0.0,,,
ROBOT_RELOC,,0,8,9,,3.9464016338442667,,,
ROBOT_RELOC,,0,8,10,,2.479526057056356,,,
ROBOT_RELOC,,0,8,11,,3.1003325530721746,,,
ROBOT_RELOC,,0,9,0,,2.871814394852138,,,
ROBOT_RELOC,,0,9,1,,2.177308222637461,,,
ROBOT_RELOC,,0,9,2,,1.6164631900814872,,,
ROBOT_RELOC,,0,9,3,,2.3794372768223715,,,
ROBOT_RELOC,,0,9,4,,3.045170776904491,,,
ROBOT_RELOC,,0,9,5,,3.0144860512352842,,,
ROBOT_RELOC,,0,9,6,,3.0804496854463053,,,
ROBOT_RELOC,,0,9,7,,2.823362785929781,,,
ROBOT_RELOC,,0,9,8,,2.117164648698573,,,
ROBOT_RELOC,,0,9,9,,0.0,,,
ROBOT_RELOC,,0,9,10,,1.4110384717601665,,,
ROBOT_RELOC,,0,9,11,,1.2797786422149282,,,
ROBOT_RELOC,,0,10,0,,3.121567459629068,,,
ROBOT_RELOC,,0,10,1,,1.5478533706782982,,,
ROBOT_RELOC,,0,10,2,,1.6847175398069323,,,
ROBOT_RELOC,,0,10,3,,2.818275574192618,,,
ROBOT_RELOC,,0,10,4,,2.2513778794395023,,,
ROBOT_RELOC,,0,10,5,,2.5793106978090976,,,
ROBOT_RELOC,,0,10,6,,3.9433982086903816,,,
ROBOT_RELOC,,0,10,7,,1.6341884634635606,,,
ROBOT_RELOC,,0,10,8,,3.7212035394868628,,,
ROBOT_RELOC,,0,10,9,,0.9868952655613911,,,
ROBOT_RELOC,,0,10,10,,0.0,,,
ROBOT_RELOC,,0,10,11,,0.8201353503888024,,,
ROBOT_RELOC,,0,11,0,,3.2972178810788164,,,
ROBOT_RELOC,,0,11,1,,3.177568861783464,,,
ROBOT_RELOC,,0,11,2,,1.8133412078654585,,,
ROBOT_RELOC,,0,11,3,,2.462828402041789,,,
ROBOT_RELOC,,0,11,4,,3.8414982143903655,,,
ROBOT_RELOC,,0,11,5,,3.8187307415052443,,,
ROBOT_RELOC,,0,11,6,,3.0219469465186197,,,
ROBOT_RELOC,,0,11,7,,3.2080562489586457,,,
ROBOT_RELOC,,0,11,8,,3.692817847635208,,,
ROBOT_RELOC,,0,11,9,,0.505313670952271,,,
ROBOT_RELOC,,0,11,10,,1.4900892632801102,,,
ROBOT_RELOC,,0,11,11,,0.0,,,
ROBOT_RELOC,,1,0,0,,0.0,,,
ROBOT_RELOC,,1,0,1,,3.510787867735809,,,
ROBOT_RELOC,,1,0,2,,3.27480346923284,,,
ROBOT_RELOC,,1,0,3,,3.263387985331657,,,
ROBOT_RELOC,,1,0,4,,3.828426015026369,,,
ROBOT_RELOC,,1,0,5,,1.8352091117429132,,,
ROBOT_RELOC,,1,0,6,,1.6705127016772068,,,
ROBOT_RELOC,,1,0,7,,3.880002541494337,,,
ROBOT_RELOC,,1,0,8,,3.4681782046188756,,,
ROBOT_RELOC,,1,0,9,,2.1189196530153906,,,
ROBOT_RELOC,,1,0,10,,3.3083613388952076,,,
ROBOT_RELOC,,1,0,11,,1.721954354418859,,,
ROBOT_RELOC,,1,1,0,,1.7125860345770327,,,
ROBOT_RELOC,,1,1,1,,0.0,,,
ROBOT_RELOC,,1,1,2,,0.6545610347826646,,,
ROBOT_RELOC,,1,1,3,,1.8471678077342921,,,
ROBOT_RELOC,,1,1,4,,2.908281856928994,,,
ROBOT_RELOC,,1,1,5,,3.266156620493697,,,
ROBOT_RELOC,,1,1,6,,3.6335380316682757,,,
ROBOT_RELOC,,1,1,7,,3.9541573974243533,,,
ROBOT_RELOC,,1,1,8,,3.3850163935605906,,,
ROBOT_RELOC,,1,1,9,,2.796038648755951,,,
ROBOT_RELOC,,1,1,10,,2.264736254204886,,,
ROBOT_RELOC,,1,1,11,,3.5528571117319236,,,
ROBOT_RELOC,,1,2,0,,1.55221135746212,,,
ROBOT_RELOC,,1,2,1,,0.9863011312941065,,,
ROBOT_RELOC,,1,2,2,,0.0,,,
ROBOT_RELOC,,1,2,3,,2.210398208863327,,,
ROBOT_RELOC,,1,2,4,,3.2676826609721727,,,
ROBOT_RELOC,,1,2,5,,2.7268632111865934,,,
ROBOT_RELOC,,1,2,6,,3.255958243298493,,,
ROBOT_RELOC,,1,2,7,,3.706274471906067,,,
ROBOT_RELOC,,1,2,8,,2.145318347083573,,,
ROBOT_RELOC,,1,2,9,,3.826277824084274,,,
ROBOT_RELOC,,1,2,10,,2.4394538092207796,,,
ROBOT_RELOC,,1,2,11,,1.6042761620412778,,,
ROBOT_RELOC,,1,3,0,,2.3422947833761256,,,
ROBOT_RELOC,,1,3,1,,3.280260178059698,,,
ROBOT_RELOC,,1,3,2,,2.067863119400281,,,
ROBOT_RELOC,,1,3,3,,0.0,,,
ROBOT_RELOC,,1,3,4,,1.0348901694542958,,,
ROBOT_RELOC,,1,3,5,,1.485089357963119,,,
ROBOT_RELOC,,1,3,6,,3.221073101501432,,,
ROBOT_RELOC,,1,3,7,,1.8915692690067307,,,
ROBOT_RELOC,,1,3,8,,1.9999579116564115,,,
ROBOT_RELOC,,1,3,9,,2.811323832740009,,,
ROBOT_RELOC,,1,3,10,,1.5969167415369383,,,
ROBOT_RELOC,,1,3,11,,3.924625153000959,,,
ROBOT_RELOC,,1,4,0,,2.745286896347217,,,
ROBOT_RELOC,,1,4,1,,2.6080512215843497,,,
ROBOT_RELOC,,1,4,2,,3.8594013652935955,,,
ROBOT_RELOC,,1,4,3,,1.361669160335056,,,
ROBOT_RELOC,,1,4,4,,0.0,,,
ROBOT_RELOC,,1,4,5,,1.4286046328585362,,,
ROBOT_RELOC,,1,4,6,,1.50110308983728,,,
ROBOT_RELOC,,1,4,7,,1.6453622510773958,,,
ROBOT_RELOC,,1,4,8,,2.7516650330338575,,,
ROBOT_RELOC,,1,4,9,,3.274963393062277,,,
ROBOT_RELOC,,1,4,10,,1.6207505865616156,,,
ROBOT_RELOC,,1,4,11,,3.2925583273586847,,,
ROBOT_RELOC,,1,5,0,,1.9246133166397184,,,
ROBOT_RELOC,,1,5,1,,3.707764243759665,,,
ROBOT_RELOC,,1,5,2,,2.5579333023794373,,,
ROBOT_RELOC,,1,5,3,,1.0075929021838252,,,
ROBOT_RELOC,,1,5,4,,1.0303633495879132,,,
ROBOT_RELOC,,1,5,5,,0.0,,,
ROBOT_RELOC,,1,5,6,,1.5352233239587538,,,
ROBOT_RELOC,,1,5,7,,3.6751714044113895,,,
ROBOT_RELOC,,1,5,8,,1.9468501694884393,,,
ROBOT_RELOC,,1,5,9,,1.7642369863123033,,,
ROBOT_RELOC,,1,5,10,,3.7782216022589856,,,
ROBOT_RELOC,,1,5,11,,2.0891675224343076,,,
ROBOT_RELOC,,1,6,0,,1.7638224819883137,,,
ROBOT_RELOC,,1,6,1,,3.6935124467725666,,,
ROBOT_RELOC,,1,6,2,,3.2012437042210573,,,
ROBOT_RELOC,,1,6,3,,2.430445747673365,,,
ROBOT_RELOC,,1,6,4,,1.8477109456194811,,,
ROBOT_RELOC,,1,6,5,,2.9697422047671385,,,
ROBOT_RELOC,,1,6,6,,0.0,,,
ROBOT_RELOC,,1,6,7,,1.4579621075342937,,,
ROBOT_RELOC,,1,6,8,,3.0396973995017262,,,
ROBOT_RELOC,,1,6,9,,1.7548981216394222,,,
ROBOT_RELOC,,1,6,10,,3.841219307133635,,,
ROBOT_RELOC,,1,6,11,,2.937885945176883,,,
ROBOT_RELOC,,1,7,0,,2.867622808231454,,,
ROBOT_RELOC,,1,7,1,,1.502063555833149,,,
ROBOT_RELOC,,1,7,2,,2.6935062378371812,,,
ROBOT_RELOC,,1,7,3,,3.304194160099059,,,
ROBOT_RELOC,,1,7,4,,1.6472982805576526,,,
ROBOT_RELOC,,1,7,5,,1.9031929697239245,,,
ROBOT_RELOC,,1,7,6,,1.2498825137501817,,,
ROBOT_RELOC,,1,7,7,,0.0,,,
ROBOT_RELOC,,1,7,8,,3.07651142716063,,,
ROBOT_RELOC,,1,7,9,,3.5637676782664345,,,
ROBOT_RELOC,,1,7,10,,2.4313341545555396,,,
ROBOT_RELOC,,1,7,11,,2.736918844107504,,,
ROBOT_RELOC,,1,8,0,,2.7958905626758286,,,
ROBOT_RELOC,,1,8,1,,3.8229409811264183,,,
ROBOT_RELOC,,1,8,2,,3.236376107648966,,,
ROBOT_RELOC,,1,8,3,,3.12050612736279,,,
ROBOT_RELOC,,1,8,4,,2.0839496253750234,,,
ROBOT_RELOC,,1,8,5,,2.719818915865103,,,
ROBOT_RELOC,,1,8,6,,3.674968748763704,,,
ROBOT_RELOC,,1,8,7,,1.761156767653098,,,
ROBOT_RELOC,,1,8,8,,0.0,,,
ROBOT_RELOC,,1,8,9,,2.7272128270217095,,,
ROBOT_RELOC,,1,8,10,,1.9488721234754431,,,
ROBOT_RELOC,,1,8,11,,1.7901400291284801,,,
ROBOT_RELOC,,1,9,0,,3.2059390039453914,,,
ROBOT_RELOC,,1,9,1,,3.71086456794817,,,
ROBOT_RELOC,,1,9,2,,3.2608769257227985,,,
ROBOT_RELOC,,1,9,3,,2.9957108145222744,,,
ROBOT_RELOC,,1,9,4,,3.5515901865843857,,,
ROBOT_RELOC,,1,9,5,,2.426021186518507,,,
ROBOT_RELOC,,1,9,6,,2.062595042683322,,,
ROBOT_RELOC,,1,9,7,,2.7020851941471467,,,
ROBOT_RELOC,,1,9,8,,1.5165373043730643,,,
ROBOT_RELOC,,1,9,9,,0.0,,,
ROBOT_RELOC,,1,9,10,,1.1343381705266438,,,
ROBOT_RELOC,,1,9,11,,0.5750654684026639,,,
ROBOT_RELOC,,1,10,0,,3.93133571378661,,,
ROBOT_RELOC,,1,10,1,,1.9303136124327374,,,
ROBOT_RELOC,,1,10,2,,2.678383621955379,,,
ROBOT_RELOC,,1,10,3,,2.7606688873135643,,,
ROBOT_RELOC,,1,10,4,,3.1552617611254465,,,
ROBOT_RELOC,,1,10,5,,1.7897976312617059,,,
ROBOT_RELOC,,1,10,6,,3.085577625432922,,,
ROBOT_RELOC,,1,10,7,,1.808875841711557,,,
ROBOT_RELOC,,1,10,8,,2.6209400394065447,,,
ROBOT_RELOC,,1,10,9,,0.6350579437417323,,,
ROBOT_RELOC,,1,10,10,,0.0,,,
ROBOT_RELOC,,1,10,11,,1.3003535989138824,,,
ROBOT_RELOC,,1,11,0,,3.181727687012903,,,
ROBOT_RELOC,,1,11,1,,3.5845660561577417,,,
ROBOT_RELOC,,1,11,2,,3.770009018693634,,,
ROBOT_RELOC,,1,11,3,,1.6033792790965693,,,
ROBOT_RELOC,,1,11,4,,1.7152534267031456,,,
ROBOT_RELOC,,1,11,5,,2.553209612720678,,,
ROBOT_RELOC,,1,11,6,,3.3811249321077357,,,
ROBOT_RELOC,,1,11,7,,2.8560630411541506,,,
ROBOT_RELOC,,1,11,8,,3.8705899170757196,,,
ROBOT_RELOC,,1,11,9,,0.5188648396925842,,,
ROBOT_RELOC,,1,11,10,,0.5400499278483675,,,
ROBOT_RELOC,,1,11,11,,0.0,,,
ROBOT_RELOC,,2,0,0,,0.0,,,
ROBOT_RELOC,,2,0,1,,2.753223139190208,,,
ROBOT_RELOC,,2,0,2,,1.8406469733189346,,,
ROBOT_RELOC,,2,0,3,,3.552663902925709,,,
ROBOT_RELOC,,2,0,4,,2.8854768186124526,,,
ROBOT_RELOC,,2,0,5,,2.652861682001631,,,
ROBOT_RELOC,,2,0,6,,2.3974995699106647,,,
ROBOT_RELOC,,2,0,7,,2.7471476752009636,,,
ROBOT_RELOC,,2,0,8,,1.8071100907255517,,,
ROBOT_RELOC,,2,0,9,,3.8914687555159775,,,
ROBOT_RELOC,,2,0,10,,2.8203288743728674,,,
ROBOT_RELOC,,2,0,11,,3.6198552894980214,,,
ROBOT_RELOC,,2,1,0,,2.7349452355243713,,,
ROBOT_RELOC,,2,1,1,,0.0,,,
ROBOT_RELOC,,2,1,2,,0.9277253804687488,,,
ROBOT_RELOC,,2,1,3,,3.793238403280618,,,
ROBOT_RELOC,,2,1,4,,3.7363787835969777,,,
ROBOT_RELOC,,2,1,5,,3.7241800201427244,,,
ROBOT_RELOC,,2,1,6,,2.6523741760535344,,,
ROBOT_RELOC,,2,1,7,,3.0321149951356414,,,
ROBOT_RELOC,,2,1,8,,3.0717474318793228,,,
ROBOT_RELOC,,2,1,9,,3.6165951837440757,,,
ROBOT_RELOC,,2,1,10,,2.316168390491757,,,
ROBOT_RELOC,,2,1,11,,2.352268547460049,,,
ROBOT_RELOC,,2,2,0,,2.1155703465442515,,,
ROBOT_RELOC,,2,2,1,,0.6356667964642643,,,
ROBOT_RELOC,,2,2,2,,0.0,,,
ROBOT_RELOC,,2,2,3,,3.2539833788328942,,,
ROBOT_RELOC,,2,2,4,,1.6466849639156522,,,
ROBOT_RELOC,,2,2,5,,2.9760224963093407,,,
ROBOT_RELOC,,2,2,6,,2.626592056521295,,,
ROBOT_RELOC,,2,2,7,,2.744787948156607,,,
ROBOT_RELOC,,2,2,8,,3.317704555348653,,,
ROBOT_RELOC,,2,2,9,,2.4359745926603082,,,
ROBOT_RELOC,,2,2,10,,2.746902512032605,,,
ROBOT_RELOC,,2,2,11,,3.61694148325034,,,
ROBOT_RELOC,,2,3,0,,2.5802150524568956,,,
ROBOT_RELOC,,2,3,1,,2.3647582481464315,,,
ROBOT_RELOC,,2,3,2,,1.7079197424105819,,,
ROBOT_RELOC,,2,3,3,,0.0,,,
ROBOT_RELOC,,2,3,4,,1.1005712875815807,,,
ROBOT_RELOC,,2,3,5,,0.9230592211456649,,,
ROBOT_RELOC,,2,3,6,,1.5814698947253356,,,
ROBOT_RELOC,,2,3,7,,3.8329759513069495,,,
ROBOT_RELOC,,2,3,8,,2.5931024560300906,,,
ROBOT_RELOC,,2,3,9,,2.7434137476970974,,,
ROBOT_RELOC,,2,3,10,,2.2361751939349226,,,
ROBOT_RELOC,,2,3,11,,3.6181614293404,,,
ROBOT_RELOC,,2,4,0,,1.6262925243603428,,,
ROBOT_RELOC,,2,4,1,,1.586215714682193,,,
ROBOT_RELOC,,2,4,2,,3.634686097417844,,,
ROBOT_RELOC,,2,4,3,,0.5400866719453794,,,
ROBOT_RELOC,,2,4,4,,0.0,,,
ROBOT_RELOC,,2,4,5,,0.5094143726651316,,,
ROBOT_RELOC,,2,4,6,,1.8625574569430285,,,
ROBOT_RELOC,,2,4,7,,3.071051890365113,,,
ROBOT_RELOC,,2,4,8,,3.9881603744711995,,,
ROBOT_RELOC,,2,4,9,,3.152506475898771,,,
ROBOT_RELOC,,2,4,10,,3.4859745691164887,,,
ROBOT_RELOC,,2,4,11,,2.5829395873699923,,,
ROBOT_RELOC,,2,5,0,,3.0275300070994575,,,
ROBOT_RELOC,,2,5,1,,3.262407802365954,,,
ROBOT_RELOC,,2,5,2,,3.3007109677710487,,,
ROBOT_RELOC,,2,5,3,,0.9063969895623321,,,
ROBOT_RELOC,,2,5,4,,1.4853483342111866,,,
ROBOT_RELOC,,2,5,5,,0.0,,,
ROBOT_RELOC,,2,5,6,,3.171100984333954,,,
ROBOT_RELOC,,2,5,7,,2.956583584930938,,,
ROBOT_RELOC,,2,5,8,,2.894329311739227,,,
ROBOT_RELOC,,2,5,9,,2.5404129566368225,,,
ROBOT_RELOC,,2,5,10,,2.7013470618539244,,,
ROBOT_RELOC,,2,5,11,,2.9087525805161203,,,
ROBOT_RELOC,,2,6,0,,1.5094412577484295,,,
ROBOT_RELOC,,2,6,1,,3.771694675612534,,,
ROBOT_RELOC,,2,6,2,,3.2635762689540018,,,
ROBOT_RELOC,,2,6,3,,2.9113540898533623,,,
ROBOT_RELOC,,2,6,4,,1.5472863098435496,,,
ROBOT_RELOC,,2,6,5,,2.779330568044953,,,
ROBOT_RELOC,,2,6,6,,0.0,,,
ROBOT_RELOC,,2,6,7,,1.180505252128039,,,
ROBOT_RELOC,,2,6,8,,2.03850708029278,,,
ROBOT_RELOC,,2,6,9,,3.197424527178567,,,
ROBOT_RELOC,,2,6,10,,2.5341361788587955,,,
ROBOT_RELOC,,2,6,11,,2.1145158918857456,,,
ROBOT_RELOC,,2,7,0,,2.2872027159878865,,,
ROBOT_RELOC,,2,7,1,,1.950381682728861,,,
ROBOT_RELOC,,2,7,2,,1.956522035642748,,,
ROBOT_RELOC,,2,7,3,,3.4641217427334476,,,
ROBOT_RELOC,,2,7,4,,2.2281337183164496,,,
ROBOT_RELOC,,2,7,5,,3.097349235987421,,,
ROBOT_RELOC,,2,7,6,,1.152652209484951,,,
ROBOT_RELOC,,2,7,7,,0.0,,,
ROBOT_RELOC,,2,7,8,,1.6924338520865128,,,
ROBOT_RELOC,,2,7,9,,3.16990843179037,,,
ROBOT_RELOC,,2,7,10,,2.1497612461360753,,,
ROBOT_RELOC,,2,7,11,,1.7686120451299077,,,
ROBOT_RELOC,,2,8,0,,2.833537419272482,,,
ROBOT_RELOC,,2,8,1,,2.67910492296738,,,
ROBOT_RELOC,,2,8,2,,2.9064292336461968,,,
ROBOT_RELOC,,2,8,3,,3.88120334178468,,,
ROBOT_RELOC,,2,8,4,,2.1860168658644525,,,
ROBOT_RELOC,,2,8,5,,3.1779884550587543,,,
ROBOT_RELOC,,2,8,6,,1.922261871203652,,,
ROBOT_RELOC,,2,8,7,,3.526297263265096,,,
ROBOT_RELOC,,2,8,8,,0.0,,,
ROBOT_RELOC,,2,8,9,,2.8539787574299034,,,
ROBOT_RELOC,,2,8,10,,3.347846832549963,,,
ROBOT_RELOC,,2,8,11,,2.709626613255483,,,
ROBOT_RELOC,,2,9,0,,3.9088246728766376,,,
ROBOT_RELOC,,2,9,1,,3.636930852334826,,,
ROBOT_RELOC,,2,9,2,,3.0946431545111395,,,
ROBOT_RELOC,,2,9,3,,2.483790743476301,,,
ROBOT_RELOC,,2,9,4,,3.91939148705878,,,
ROBOT_RELOC,,2,9,5,,2.2744714590477475,,,
ROBOT_RELOC,,2,9,6,,2.314424759592708,,,
ROBOT_RELOC,,2,9,7,,2.340969991270573,,,
ROBOT_RELOC,,2,9,8,,1.967557643746863,,,
ROBOT_RELOC,,2,9,9,,0.0,,,
ROBOT_RELOC,,2,9,10,,0.9335867438055617,,,
ROBOT_RELOC,,2,9,11,,1.0844493337289831,,,
ROBOT_RELOC,,2,10,0,,1.942311592789327,,,
ROBOT_RELOC,,2,10,1,,3.2980892897284573,,,
ROBOT_RELOC,,2,10,2,,2.3804657419492616,,,
ROBOT_RELOC,,2,10,3,,1.5116196004791407,,,
ROBOT_RELOC,,2,10,4,,1.6434972689668848,,,
ROBOT_RELOC,,2,10,5,,3.7813900717843523,,,
ROBOT_RELOC,,2,10,6,,3.821491950536107,,,
ROBOT_RELOC,,2,10,7,,3.7734078429508306,,,
ROBOT_RELOC,,2,10,8,,3.4247623082178213,,,
ROBOT_RELOC,,2,10,9,,1.4051595677054274,,,
ROBOT_RELOC,,2,10,10,,0.0,,,
ROBOT_RELOC,,2,10,11,,0.51206672842998,,,
ROBOT_RELOC,,2,11,0,,3.2696954425916616,,,
ROBOT_RELOC,,2,11,1,,3.2641214072190206,,,
ROBOT_RELOC,,2,11,2,,2.913891093052775,,,
ROBOT_RELOC,,2,11,3,,3.8305373312082147,,,
ROBOT_RELOC,,2,11,4,,3.6505600744583178,,,
ROBOT_RELOC,,2,11,5,,2.5530562193015047,,,
ROBOT_RELOC,,2,11,6,,2.1107815212185743,,,
ROBOT_RELOC,,2,11,7,,2.94760470594739,,,
ROBOT_RELOC,,2,11,8,,2.364380860102399,,,
ROBOT_RELOC,,2,11,9,,1.1186480919759374,,,
ROBOT_RELOC,,2,11,10,,1.2178947268365792,,,
ROBOT_RELOC,,2,11,11,,0.0,,,
ROBOT_RELOC,,3,0,0,,0.0,,,
ROBOT_RELOC,,3,0,1,,3.720126722705605,,,
ROBOT_RELOC,,3,0,2,,1.6690965635157307,,,
ROBOT_RELOC,,3,0,3,,2.4931973286235274,,,
ROBOT_RELOC,,3,0,4,,3.9570321650248568,,,
ROBOT_RELOC,,3,0,5,,3.0379772258970155,,,
ROBOT_RELOC,,3,0,6,,1.944591775921094,,,
ROBOT_RELOC,,3,0,7,,3.270222948309519,,,
ROBOT_RELOC,,3,0,8,,1.8131669243815232,,,
ROBOT_RELOC,,3,0,9,,3.900247780480868,,,
ROBOT_RELOC,,3,0,10,,1.762420249330434,,,
ROBOT_RELOC,,3,0,11,,2.4899583427211445,,,
ROBOT_RELOC,,3,1,0,,2.9521240709742655,,,
ROBOT_RELOC,,3,1,1,,0.0,,,
ROBOT_RELOC,,3,1,2,,1.1952988146983463,,,
ROBOT_RELOC,,3,1,3,,2.2252121663173403,,,
ROBOT_RELOC,,3,1,4,,1.5643499745544909,,,
ROBOT_RELOC,,3,1,5,,3.220731388207344,,,
ROBOT_RELOC,,3,1,6,,3.6894003867633187,,,
ROBOT_RELOC,,3,1,7,,1.9942071664457042,,,
ROBOT_RELOC,,3,1,8,,3.7214389312356406,,,
ROBOT_RELOC,,3,1,9,,3.942279464214842,,,
ROBOT_RELOC,,3,1,10,,3.217270983966934,,,
ROBOT_RELOC,,3,1,11,,3.3531805989104253,,,
ROBOT_RELOC,,3,2,0,,1.588651430833032,,,
ROBOT_RELOC,,3,2,1,,0.7978239853437549,,,
ROBOT_RELOC,,3,2,2,,0.0,,,
ROBOT_RELOC,,3,2,3,,2.327136141206947,,,
ROBOT_RELOC,,3,2,4,,1.7151008932635647,,,
ROBOT_RELOC,,3,2,5,,2.509724351290478,,,
ROBOT_RELOC,,3,2,6,,2.13183468120149,,,
ROBOT_RELOC,,3,2,7,,1.9180283129999944,,,
ROBOT_RELOC,,3,2,8,,2.187406996606401,,,
ROBOT_RELOC,,3,2,9,,3.2496022767838255,,,
ROBOT_RELOC,,3,2,10,,1.9099412917544956,,,
ROBOT_RELOC,,3,2,11,,3.3520306870382024,,,
ROBOT_RELOC,,3,3,0,,3.3669218862696324,,,
ROBOT_RELOC,,3,3,1,,2.68146998747242,,,
ROBOT_RELOC,,3,3,2,,1.6930202694567256,,,
ROBOT_RELOC,,3,3,3,,0.0,,,
ROBOT_RELOC,,3,3,4,,0.7484329213677989,,,
ROBOT_RELOC,,3,3,5,,0.7360201832060215,,,
ROBOT_RELOC,,3,3,6,,2.3285573830056805,,,
ROBOT_RELOC,,3,3,7,,2.924611620417975,,,
ROBOT_RELOC,,3,3,8,,2.9862013755380903,,,
ROBOT_RELOC,,3,3,9,,1.9487185322464107,,,
ROBOT_RELOC,,3,3,10,,1.8378059629105659,,,
ROBOT_RELOC,,3,3,11,,3.2444012804391162,,,
ROBOT_RELOC,,3,4,0,,2.4082799072254657,,,
ROBOT_RELOC,,3,4,1,,2.887342544530452,,,
ROBOT_RELOC,,3,4,2,,2.401920727717238,,,
ROBOT_RELOC,,3,4,3,,0.9808029663471186,,,
ROBOT_RELOC,,3,4,4,,0.0,,,
ROBOT_RELOC,,3,4,5,,1.0958474423648372,,,
ROBOT_RELOC,,3,4,6,,2.208873462970643,,,
ROBOT_RELOC,,3,4,7,,3.714979064515878,,,
ROBOT_RELOC,,3,4,8,,2.618802433991014,,,
ROBOT_RELOC,,3,4,9,,2.439515120017518,,,
ROBOT_RELOC,,3,4,10,,1.8424593185713127,,,
ROBOT_RELOC,,3,4,11,,2.923015155420306,,,
ROBOT_RELOC,,3,5,0,,3.3990494886811344,,,
ROBOT_RELOC,,3,5,1,,2.2122748033278556,,,
ROBOT_RELOC,,3,5,2,,3.0830808525830964,,,
ROBOT_RELOC,,3,5,3,,1.436061657913423,,,
ROBOT_RELOC,,3,5,4,,1.4653296387023098,,,
ROBOT_RELOC,,3,5,5,,0.0,,,
ROBOT_RELOC,,3,5,6,,1.93317938148572,,,
ROBOT_RELOC,,3,5,7,,3.7805772312582704,,,
ROBOT_RELOC,,3,5,8,,3.16112776285867,,,
ROBOT_RELOC,,3,5,9,,1.7864163515995755,,,
ROBOT_RELOC,,3,5,10,,2.014180683833155,,,
ROBOT_RELOC,,3,5,11,,1.605921111748204,,,
ROBOT_RELOC,,3,6,0,,2.1451737955541614,,,
ROBOT_RELOC,,3,6,1,,1.9919594795152453,,,
ROBOT_RELOC,,3,6,2,,3.9837214847059474,,,
ROBOT_RELOC,,3,6,3,,2.788598804543895,,,
ROBOT_RELOC,,3,6,4,,3.0316822052530776,,,
ROBOT_RELOC,,3,6,5,,3.6560435335453967,,,
ROBOT_RELOC,,3,6,6,,0.0,,,
ROBOT_RELOC,,3,6,7,,0.5910790513700587,,,
ROBOT_RELOC,,3,6,8,,2.6044165186350363,,,
ROBOT_RELOC,,3,6,9,,3.6974461308310516,,,
ROBOT_RELOC,,3,6,10,,1.8787867411820522,,,
ROBOT_RELOC,,3,6,11,,1.738681799311225,,,
ROBOT_RELOC,,3,7,0,,2.691295580659153,,,
ROBOT_RELOC,,3,7,1,,2.4177749468824863,,,
ROBOT_RELOC,,3,7,2,,3.3388567870329604,,,
ROBOT_RELOC,,3,7,3,,3.6330090763672134,,,
ROBOT_RELOC,,3,7,4,,2.9498003229421723,,,
ROBOT_RELOC,,3,7,5,,1.576772053159461,,,
ROBOT_RELOC,,3,7,6,,1.2181237857799978,,,
ROBOT_RELOC,,3,7,7,,0.0,,,
ROBOT_RELOC,,3,7,8,,2.1227059272951307,,,
ROBOT_RELOC,,3,7,9,,1.8826244146866666,,,
ROBOT_RELOC,,3,7,10,,1.995429296099126,,,
ROBOT_RELOC,,3,7,11,,3.520218238923053,,,
ROBOT_RELOC,,3,8,0,,2.8905638305117787,,,
ROBOT_RELOC,,3,8,1,,3.38814869921756,,,
ROBOT_RELOC,,3,8,2,,1.9343322911064122,,,
ROBOT_RELOC,,3,8,3,,2.5334591602366507,,,
ROBOT_RELOC,,3,8,4,,1.8302473508955637,,,
ROBOT_RELOC,,3,8,5,,2.839010369749931,,,
ROBOT_RELOC,,3,8,6,,1.8567250334649628,,,
ROBOT_RELOC,,3,8,7,,1.5321346669772562,,,
ROBOT_RELOC,,3,8,8,,0.0,,,
ROBOT_RELOC,,3,8,9,,3.5258523350168676,,,
ROBOT_RELOC,,3,8,10,,3.4598112087241217,,,
ROBOT_RELOC,,3,8,11,,1.892543477435583,,,
ROBOT_RELOC,,3,9,0,,2.9342154433541685,,,
ROBOT_RELOC,,3,9,1,,3.840791805625617,,,
ROBOT_RELOC,,3,9,2,,2.3064132688628973,,,
ROBOT_RELOC,,3,9,3,,3.6736721325144805,,,
ROBOT_RELOC,,3,9,4,,3.8599476582410372,,,
ROBOT_RELOC,,3,9,5,,3.231980542371856,,,
ROBOT_RELOC,,3,9,6,,3.6740688950927907,,,
ROBOT_RELOC,,3,9,7,,3.369667716912052,,,
ROBOT_RELOC,,3,9,8,,1.6877450875272821,,,
ROBOT_RELOC,,3,9,9,,0.0,,,
ROBOT_RELOC,,3,9,10,,0.7083647669954792,,,
ROBOT_RELOC,,3,9,11,,0.951179710600196,,,
ROBOT_RELOC,,3,10,0,,1.5313941462548035,,,
ROBOT_RELOC,,3,10,1,,2.9301747124912376,,,
ROBOT_RELOC,,3,10,2,,1.7527492976758414,,,
ROBOT_RELOC,,3,10,3,,2.3330565334710265,,,
ROBOT_RELOC,,3,10,4,,2.025885612382355,,,
ROBOT_RELOC,,3,10,5,,2.1777105171318665,,,
ROBOT_RELOC,,3,10,6,,1.6327854369471193,,,
ROBOT_RELOC,,3,10,7,,2.065575089319843,,,
ROBOT_RELOC,,3,10,8,,2.02563413984578,,,
ROBOT_RELOC,,3,10,9,,0.7253851719466108,,,
ROBOT_RELOC,,3,10,10,,0.0,,,
ROBOT_RELOC,,3,10,11,,0.8671920356067128,,,
ROBOT_RELOC,,3,11,0,,3.268201316599961,,,
ROBOT_RELOC,,3,11,1,,3.986824007824042,,,
ROBOT_RELOC,,3,11,2,,2.8380340800659707,,,
ROBOT_RELOC,,3,11,3,,3.729513166918485,,,
ROBOT_RELOC,,3,11,4,,2.2892124520754153,,,
ROBOT_RELOC,,3,11,5,,2.647450802033234,,,
ROBOT_RELOC,,3,11,6,,2.978085236426633,,,
ROBOT_RELOC,,3,11,7,,3.5886754227993096,,,
ROBOT_RELOC,,3,11,8,,2.330655322226893,,,
ROBOT_RELOC,,3,11,9,,1.455729889581749,,,
ROBOT_RELOC,,3,11,10,,0.6845090972498025,,,
ROBOT_RELOC,,3,11,11,,0.0,,,
ROBOT_RELOC,,4,0,0,,0.0,,,
ROBOT_RELOC,,4,0,1,,1.8619594787304583,,,
ROBOT_RELOC,,4,0,2,,3.5017750266358245,,,
ROBOT_RELOC,,4,0,3,,2.8665912478130773,,,
ROBOT_RELOC,,4,0,4,,3.2481674955760553,,,
ROBOT_RELOC,,4,0,5,,2.061475940918557,,,
ROBOT_RELOC,,4,0,6,,2.0467887312605297,,,
ROBOT_RELOC,,4,0,7,,3.8229063523944067,,,
ROBOT_RELOC,,4,0,8,,3.703906048873275,,,
ROBOT_RELOC,,4,0,9,,2.5568991574118316,,,
ROBOT_RELOC,,4,0,10,,3.684399245504679,,,
ROBOT_RELOC,,4,0,11,,2.0042109705402815,,,
ROBOT_RELOC,,4,1,0,,2.3960826407091593,,,
ROBOT_RELOC,,4,1,1,,0.0,,,
ROBOT_RELOC,,4,1,2,,0.7339755949070296,,,
ROBOT_RELOC,,4,1,3,,2.767976033961121,,,
ROBOT_RELOC,,4,1,4,,3.3368123400710035,,,
ROBOT_RELOC,,4,1,5,,1.7034649262070733,,,
ROBOT_RELOC,,4,1,6,,2.7705695566653876,,,
ROBOT_RELOC,,4,1,7,,3.5148566071888023,,,
ROBOT_RELOC,,4,1,8,,2.6940921676739444,,,
ROBOT_RELOC,,4,1,9,,2.9553082880313526,,,
ROBOT_RELOC,,4,1,10,,2.8750715674931357,,,
ROBOT_RELOC,,4,1,11,,3.067952807993663,,,
ROBOT_RELOC,,4,2,0,,3.852199055189314,,,
ROBOT_RELOC,,4,2,1,,1.3853786682222167,,,
ROBOT_RELOC,,4,2,2,,0.0,,,
ROBOT_RELOC,,4,2,3,,2.557439705672987,,,
ROBOT_RELOC,,4,2,4,,2.201254962680765,,,
ROBOT_RELOC,,4,2,5,,3.974721232100307,,,
ROBOT_RELOC,,4,2,6,,2.0542112177641805,,,
ROBOT_RELOC,,4,2,7,,3.444654202338211,,,
ROBOT_RELOC,,4,2,8,,3.120191062547054,,,
ROBOT_RELOC,,4,2,9,,3.931486704063712,,,
ROBOT_RELOC,,4,2,10,,1.5099342150909596,,,
ROBOT_RELOC,,4,2,11,,3.48000969819516,,,
ROBOT_RELOC,,4,3,0,,1.9545642699089425,,,
ROBOT_RELOC,,4,3,1,,2.3831720316749636,,,
ROBOT_RELOC,,4,3,2,,2.8295184158037427,,,
ROBOT_RELOC,,4,3,3,,0.0,,,
ROBOT_RELOC,,4,3,4,,1.469836990225811,,,
ROBOT_RELOC,,4,3,5,,0.9538139729022788,,,
ROBOT_RELOC,,4,3,6,,3.6658472765016543,,,
ROBOT_RELOC,,4,3,7,,2.0358766643366897,,,
ROBOT_RELOC,,4,3,8,,2.4944312985239483,,,
ROBOT_RELOC,,4,3,9,,2.867433398474219,,,
ROBOT_RELOC,,4,3,10,,3.8763808405415534,,,
ROBOT_RELOC,,4,3,11,,2.6737810570654097,,,
ROBOT_RELOC,,4,4,0,,2.8626487127344618,,,
ROBOT_RELOC,,4,4,1,,2.2883022030372464,,,
ROBOT_RELOC,,4,4,2,,2.2671789070328394,,,
ROBOT_RELOC,,4,4,3,,0.9973861467884457,,,
ROBOT_RELOC,,4,4,4,,0.0,,,
ROBOT_RELOC,,4,4,5,,1.1851164051540235,,,
ROBOT_RELOC,,4,4,6,,1.8215558102790186,,,
ROBOT_RELOC,,4,4,7,,3.136285476692403,,,
ROBOT_RELOC,,4,4,8,,2.542806804556647,,,
ROBOT_RELOC,,4,4,9,,1.6834125436032605,,,
ROBOT_RELOC,,4,4,10,,2.079093069200494,,,
ROBOT_RELOC,,4,4,11,,1.616810060611756,,,
ROBOT_RELOC,,4,5,0,,2.2359987846363385,,,
ROBOT_RELOC,,4,5,1,,2.3800688088035975,,,
ROBOT_RELOC,,4,5,2,,2.4136507223938968,,,
ROBOT_RELOC,,4,5,3,,0.6269825711676648,,,
ROBOT_RELOC,,4,5,4,,1.2168725892143735,,,
ROBOT_RELOC,,4,5,5,,0.0,,,
ROBOT_RELOC,,4,5,6,,2.163223988151691,,,
ROBOT_RELOC,,4,5,7,,2.812235777037743,,,
ROBOT_RELOC,,4,5,8,,2.9858333418427243,,,
ROBOT_RELOC,,4,5,9,,1.9826395724189796,,,
ROBOT_RELOC,,4,5,10,,1.789508902572617,,,
ROBOT_RELOC,,4,5,11,,3.5253490188708625,,,
ROBOT_RELOC,,4,6,0,,2.308751576522697,,,
ROBOT_RELOC,,4,6,1,,2.4519127497957593,,,
ROBOT_RELOC,,4,6,2,,1.8579691369278284,,,
ROBOT_RELOC,,4,6,3,,1.6277408664638613,,,
ROBOT_RELOC,,4,6,4,,3.543788754785864,,,
ROBOT_RELOC,,4,6,5,,3.7302272084811903,,,
ROBOT_RELOC,,4,6,6,,0.0,,,
ROBOT_RELOC,,4,6,7,,1.2718081287610237,,,
ROBOT_RELOC,,4,6,8,,2.8251145039433276,,,
ROBOT_RELOC,,4,6,9,,2.9217040562365666,,,
ROBOT_RELOC,,4,6,10,,3.792120461764173,,,
ROBOT_RELOC,,4,6,11,,3.6891407176501754,,,
ROBOT_RELOC,,4,7,0,,3.9835486368786106,,,
ROBOT_RELOC,,4,7,1,,2.004436305192629,,,
ROBOT_RELOC,,4,7,2,,1.87010201245007,,,
ROBOT_RELOC,,4,7,3,,3.4031895980435793,,,
ROBOT_RELOC,,4,7,4,,3.5923246101948223,,,
ROBOT_RELOC,,4,7,5,,1.6682648055273832,,,
ROBOT_RELOC,,4,7,6,,1.0933957024956906,,,
ROBOT_RELOC,,4,7,7,,0.0,,,
ROBOT_RELOC,,4,7,8,,3.7569136348803487,,,
ROBOT_RELOC,,4,7,9,,1.626836856417193,,,
ROBOT_RELOC,,4,7,10,,3.918746139749232,,,
ROBOT_RELOC,,4,7,11,,2.2818289186304517,,,
ROBOT_RELOC,,4,8,0,,3.6340165933750823,,,
ROBOT_RELOC,,4,8,1,,2.161369852484778,,,
ROBOT_RELOC,,4,8,2,,3.3240967245392627,,,
ROBOT_RELOC,,4,8,3,,3.4302595475869038,,,
ROBOT_RELOC,,4,8,4,,1.5056588626072427,,,
ROBOT_RELOC,,4,8,5,,3.865429415856432,,,
ROBOT_RELOC,,4,8,6,,3.8855291980518007,,,
ROBOT_RELOC,,4,8,7,,3.9329858369101083,,,
ROBOT_RELOC,,4,8,8,,0.0,,,
ROBOT_RELOC,,4,8,9,,2.5847266909331967,,,
ROBOT_RELOC,,4,8,10,,2.480289595878241,,,
ROBOT_RELOC,,4,8,11,,2.9544210007736877,,,
ROBOT_RELOC,,4,9,0,,3.7842632943513577,,,
ROBOT_RELOC,,4,9,1,,2.9677648107919414,,,
ROBOT_RELOC,,4,9,2,,2.745601321080019,,,
ROBOT_RELOC,,4,9,3,,2.4454183224733725,,,
ROBOT_RELOC,,4,9,4,,2.991272314882502,,,
ROBOT_RELOC,,4,9,5,,3.380496640611254,,,
ROBOT_RELOC,,4,9,6,,3.645035210715203,,,
ROBOT_RELOC,,4,9,7,,1.8069416934543356,,,
ROBOT_RELOC,,4,9,8,,3.9000663846995147,,,
ROBOT_RELOC,,4,9,9,,0.0,,,
ROBOT_RELOC,,4,9,10,,1.203390571893117,,,
ROBOT_RELOC,,4,9,11,,0.9625457325830186,,,
ROBOT_RELOC,,4,10,0,,3.0128521362055753,,,
ROBOT_RELOC,,4,10,1,,2.9583112361508093,,,
ROBOT_RELOC,,4,10,2,,2.08140157970865,,,
ROBOT_RELOC,,4,10,3,,3.7084262396531087,,,
ROBOT_RELOC,,4,10,4,,1.9070395616313256,,,
ROBOT_RELOC,,4,10,5,,3.8232708027368725,,,
ROBOT_RELOC,,4,10,6,,1.6161657934250724,,,
ROBOT_RELOC,,4,10,7,,2.334326123581374,,,
ROBOT_RELOC,,4,10,8,,3.7355057187478025,,,
ROBOT_RELOC,,4,10,9,,0.9695661915589979,,,
ROBOT_RELOC,,4,10,10,,0.0,,,
ROBOT_RELOC,,4,10,11,,1.2664663529411055,,,
ROBOT_RELOC,,4,11,0,,2.9635974175480593,,,
ROBOT_RELOC,,4,11,1,,2.2398963842766593,,,
ROBOT_RELOC,,4,11,2,,2.051593006140515,,,
ROBOT_RELOC,,4,11,3,,2.8492516044992033,,,
ROBOT_RELOC,,4,11,4,,2.9886731946242286,,,
ROBOT_RELOC,,4,11,5,,1.8147399553430905,,,
ROBOT_RELOC,,4,11,6,,2.86258123137865,,,
ROBOT_RELOC,,4,11,7,,3.8041907960175054,,,
ROBOT_RELOC,,4,11,8,,3.9278038215011892,,,
ROBOT_RELOC,,4,11,9,,0.5936262350489326,,,
ROBOT_RELOC,,4,11,10,,1.1032989304222771,,,
ROBOT_RELOC,,4,11,11,,0.0,,,
ROBOT_RELOC,,5,0,0,,0.0,,,
ROBOT_RELOC,,5,0,1,,3.2020860903388733,,,
ROBOT_RELOC,,5,0,2,,3.1425123041057876,,,
ROBOT_RELOC,,5,0,3,,2.7247742215196435,,,
ROBOT_RELOC,,5,0,4,,2.3474053750839006,,,
ROBOT_RELOC,,5,0,5,,3.9141600280695634,,,
ROBOT_RELOC,,5,0,6,,3.0689887164510576,,,
ROBOT_RELOC,,5,0,7,,2.4367795303322737,,,
ROBOT_RELOC,,5,0,8,,1.560624453649262,,,
ROBOT_RELOC,,5,0,9,,2.385022872071585,,,
ROBOT_RELOC,,5,0,10,,3.5490144243961463,,,
ROBOT_RELOC,,5,0,11,,1.8759735804459656,,,
ROBOT_RELOC,,5,1,0,,2.4599407893921903,,,
ROBOT_RELOC,,5,1,1,,0.0,,,
ROBOT_RELOC,,5,1,2,,0.9389642556892505,,,
ROBOT_RELOC,,5,1,3,,2.7420941277872553,,,
ROBOT_RELOC,,5,1,4,,1.6117953568431473,,,
ROBOT_RELOC,,5,1,5,,2.2585574392428827,,,
ROBOT_RELOC,,5,1,6,,2.597806439576397,,,
ROBOT_RELOC,,5,1,7,,2.189681313747097,,,
ROBOT_RELOC,,5,1,8,,2.2494381597300794,,,
ROBOT_RELOC,,5,1,9,,3.9535092048102354,,,
ROBOT_RELOC,,5,1,10,,3.462364161393966,,,
ROBOT_RELOC,,5,1,11,,3.2506924248019575,,,
ROBOT_RELOC,,5,2,0,,3.37560199943035,,,
ROBOT_RELOC,,5,2,1,,0.8085305735375621,,,
ROBOT_RELOC,,5,2,2,,0.0,,,
ROBOT_RELOC,,5,2,3,,3.6070837902737445,,,
ROBOT_RELOC,,5,2,4,,3.9480397643304914,,,
ROBOT_RELOC,,5,2,5,,2.8641762981492596,,,
ROBOT_RELOC,,5,2,6,,2.125694159357142,,,
ROBOT_RELOC,,5,2,7,,3.254604204625129,,,
ROBOT_RELOC,,5,2,8,,3.650471670922969,,,
ROBOT_RELOC,,5,2,9,,3.390179338181436,,,
ROBOT_RELOC,,5,2,10,,2.3115690097895163,,,
ROBOT_RELOC,,5,2,11,,1.7928520281044986,,,
ROBOT_RELOC,,5,3,0,,3.8286711367116815,,,
ROBOT_RELOC,,5,3,1,,3.661029967142098,,,
ROBOT_RELOC,,5,3,2,,1.6309998550732052,,,
ROBOT_RELOC,,5,3,3,,0.0,,,
ROBOT_RELOC,,5,3,4,,1.3272740537493526,,,
ROBOT_RELOC,,5,3,5,,1.3192338562530095,,,
ROBOT_RELOC,,5,3,6,,2.409477558369236,,,
ROBOT_RELOC,,5,3,7,,3.625090276818145,,,
ROBOT_RELOC,,5,3,8,,3.34520925307553,,,
ROBOT_RELOC,,5,3,9,,2.3692890946566507,,,
ROBOT_RELOC,,5,3,10,,2.7129202755909225,,,
ROBOT_RELOC,,5,3,11,,1.770385086618118,,,
ROBOT_RELOC,,5,4,0,,2.9083670427426442,,,
ROBOT_RELOC,,5,4,1,,3.2386745340124854,,,
ROBOT_RELOC,,5,4,2,,3.90934435476388,,,
ROBOT_RELOC,,5,4,3,,1.245529154355112,,,
ROBOT_RELOC,,5,4,4,,0.0,,,
ROBOT_RELOC,,5,4,5,,1.4393208582804062,,,
ROBOT_RELOC,,5,4,6,,2.165600719191347,,,
ROBOT_RELOC,,5,4,7,,2.24917529363554,,,
ROBOT_RELOC,,5,4,8,,3.0821460557257945,,,
ROBOT_RELOC,,5,4,9,,3.324346974103529,,,
ROBOT_RELOC,,5,4,10,,1.9481591087593626,,,
ROBOT_RELOC,,5,4,11,,2.9383424972698347,,,
ROBOT_RELOC,,5,5,0,,1.727670040981672,,,
ROBOT_RELOC,,5,5,1,,2.924866807123596,,,
ROBOT_RELOC,,5,5,2,,3.3191594744918516,,,
ROBOT_RELOC,,5,5,3,,0.8573308376535964,,,
ROBOT_RELOC,,5,5,4,,0.9336159616337489,,,
ROBOT_RELOC,,5,5,5,,0.0,,,
ROBOT_RELOC,,5,5,6,,2.0944102222317476,,,
ROBOT_RELOC,,5,5,7,,3.5827911114780226,,,
ROBOT_RELOC,,5,5,8,,3.1780670444659673,,,
ROBOT_RELOC,,5,5,9,,2.870941047241834,,,
ROBOT_RELOC,,5,5,10,,3.425865982447265,,,
ROBOT_RELOC,,5,5,11,,3.516868138403827,,,
ROBOT_RELOC,,5,6,0,,3.485824426068171,,,
ROBOT_RELOC,,5,6,1,,2.719281805839449,,,
ROBOT_RELOC,,5,6,2,,3.628849412157968,,,
ROBOT_RELOC,,5,6,3,,1.6542774082107166,,,
ROBOT_RELOC,,5,6,4,,1.7201029313058698,,,
ROBOT_RELOC,,5,6,5,,1.8191016993902138,,,
ROBOT_RELOC,,5,6,6,,0.0,,,
ROBOT_RELOC,,5,6,7,,0.821210516937722,,,
ROBOT_RELOC,,5,6,8,,1.6483609611855288,,,
ROBOT_RELOC,,5,6,9,,1.711819656072103,,,
ROBOT_RELOC,,5,6,10,,3.51634461681231,,,
ROBOT_RELOC,,5,6,11,,1.6253451183576513,,,
ROBOT_RELOC,,5,7,0,,2.206152086993396,,,
ROBOT_RELOC,,5,7,1,,2.508841316967756,,,
ROBOT_RELOC,,5,7,2,,2.298606412542031,,,
ROBOT_RELOC,,5,7,3,,3.9290276185259314,,,
ROBOT_RELOC,,5,7,4,,3.387377389351387,,,
ROBOT_RELOC,,5,7,5,,2.469978455622133,,,
ROBOT_RELOC,,5,7,6,,1.1605889010821824,,,
ROBOT_RELOC,,5,7,7,,0.0,,,
ROBOT_RELOC,,5,7,8,,3.22140952672283,,,
ROBOT_RELOC,,5,7,9,,1.7978781899056968,,,
ROBOT_RELOC,,5,7,10,,2.1419823406967344,,,
ROBOT_RELOC,,5,7,11,,1.9764300621506856,,,
ROBOT_RELOC,,5,8,0,,3.698599418629091,,,
ROBOT_RELOC,,5,8,1,,2.2930802162134425,,,
ROBOT_RELOC,,5,8,2,,3.9737399571705336,,,
ROBOT_RELOC,,5,8,3,,2.7265105580884486,,,
ROBOT_RELOC,,5,8,4,,2.0567719771740096,,,
ROBOT_RELOC,,5,8,5,,2.7185863283075387,,,
ROBOT_RELOC,,5,8,6,,3.7749972737821786,,,
ROBOT_RELOC,,5,8,7,,3.3615775123803413,,,
ROBOT_RELOC,,5,8,8,,0.0,,,
ROBOT_RELOC,,5,8,9,,2.0011725916744223,,,
ROBOT_RELOC,,5,8,10,,2.6114838046560607,,,
ROBOT_RELOC,,5,8,11,,1.7808317594749177,,,
ROBOT_RELOC,,5,9,0,,2.425344789694291,,,
ROBOT_RELOC,,5,9,1,,2.860907521077926,,,
ROBOT_RELOC,,5,9,2,,2.08342412213886,,,
ROBOT_RELOC,,5,9,3,,1.6166672012579886,,,
ROBOT_RELOC,,5,9,4,,2.258922078665524,,,
ROBOT_RELOC,,5,9,5,,2.739322399863349,,,
ROBOT_RELOC,,5,9,6,,3.4051109422209755,,,
ROBOT_RELOC,,5,9,7,,3.477626232571193,,,
ROBOT_RELOC,,5,9,8,,2.9673030296455964,,,
ROBOT_RELOC,,5,9,9,,0.0,,,
ROBOT_RELOC,,5,9,10,,0.6306902681575118,,,
ROBOT_RELOC,,5,9,11,,0.9222407957573445,,,
ROBOT_RELOC,,5,10,0,,3.702387686611919,,,
ROBOT_RELOC,,5,10,1,,1.6777573759497373,,,
ROBOT_RELOC,,5,10,2,,1.6431666483778988,,,
ROBOT_RELOC,,5,10,3,,2.6554631727368134,,,
ROBOT_RELOC,,5,10,4,,3.4926142259702013,,,
ROBOT_RELOC,,5,10,5,,3.788680530604252,,,
ROBOT_RELOC,,5,10,6,,1.9218698710394593,,,
ROBOT_RELOC,,5,10,7,,2.79116924566228,,,
ROBOT_RELOC,,5,10,8,,2.2515748685369172,,,
ROBOT_RELOC,,5,10,9,,1.4511674919777873,,,
ROBOT_RELOC,,5,10,10,,0.0,,,
ROBOT_RELOC,,5,10,11,,1.4383779860529207,,,
ROBOT_RELOC,,5,11,0,,3.081444768642665,,,
ROBOT_RELOC,,5,11,1,,3.3180383957770356,,,
ROBOT_RELOC,,5,11,2,,1.8176100632171202,,,
ROBOT_RELOC,,5,11,3,,3.517153079892778,,,
ROBOT_RELOC,,5,11,4,,2.892879728691554,,,
ROBOT_RELOC,,5,11,5,,2.566634609331278,,,
ROBOT_RELOC,,5,11,6,,3.3991543597786715,,,
ROBOT_RELOC,,5,11,7,,2.601622357766111,,,
ROBOT_RELOC,,5,11,8,,3.0528405858535788,,,
ROBOT_RELOC,,5,11,9,,1.4618168283994089,,,
ROBOT_RELOC,,5,11,10,,1.4980379694352013,,,
ROBOT_RELOC,,5,11,11,,0.0,,,
ROBOT_RELOC,,6,0,0,,0.0,,,
ROBOT_RELOC,,6,0,1,,3.4066821843411486,,,
ROBOT_RELOC,,6,0,2,,2.572983627017032,,,
ROBOT_RELOC,,6,0,3,,3.488072919414035,,,
ROBOT_RELOC,,6,0,4,,2.2516981139183962,,,
ROBOT_RELOC,,6,0,5,,3.0262196795908958,,,
ROBOT_RELOC,,6,0,6,,3.1392440965260375,,,
ROBOT_RELOC,,6,0,7,,2.4148415276051614,,,
ROBOT_RELOC,,6,0,8,,3.184783095716079,,,
ROBOT_RELOC,,6,0,9,,3.7874295344059554,,,
ROBOT_RELOC,,6,0,10,,2.7339085259598774,,,
ROBOT_RELOC,,6,0,11,,1.967132661899349,,,
ROBOT_RELOC,,6,1,0,,1.8751344835531276,,,
ROBOT_RELOC,,6,1,1,,0.0,,,
ROBOT_RELOC,,6,1,2,,0.6931934093529799,,,
ROBOT_RELOC,,6,1,3,,2.5267608811635514,,,
ROBOT_RELOC,,6,1,4,,3.369574356367787,,,
ROBOT_RELOC,,6,1,5,,3.86666754620761,,,
ROBOT_RELOC,,6,1,6,,2.8592576297279573,,,
ROBOT_RELOC,,6,1,7,,3.188030869249789,,,
ROBOT_RELOC,,6,1,8,,3.10391885242987,,,
ROBOT_RELOC,,6,1,9,,3.175563972514488,,,
ROBOT_RELOC,,6,1,10,,3.8924167086395745,,,
ROBOT_RELOC,,6,1,11,,3.414036494716731,,,
ROBOT_RELOC,,6,2,0,,3.475859117205374,,,
ROBOT_RELOC,,6,2,1,,1.4741615959887198,,,
ROBOT_RELOC,,6,2,2,,0.0,,,
ROBOT_RELOC,,6,2,3,,3.0815581360349396,,,
ROBOT_RELOC,,6,2,4,,2.007766723081048,,,
ROBOT_RELOC,,6,2,5,,1.9894091694197682,,,
ROBOT_RELOC,,6,2,6,,1.6868960653992695,,,
ROBOT_RELOC,,6,2,7,,3.830749464741618,,,
ROBOT_RELOC,,6,2,8,,3.247595557081768,,,
ROBOT_RELOC,,6,2,9,,3.335243594173153,,,
ROBOT_RELOC,,6,2,10,,3.4729297237612506,,,
ROBOT_RELOC,,6,2,11,,3.6704480753701727,,,
ROBOT_RELOC,,6,3,0,,2.5875781224599357,,,
ROBOT_RELOC,,6,3,1,,3.654219240903126,,,
ROBOT_RELOC,,6,3,2,,1.6859676778489887,,,
ROBOT_RELOC,,6,3,3,,0.0,,,
ROBOT_RELOC,,6,3,4,,0.9325820244295611,,,
ROBOT_RELOC,,6,3,5,,1.022786958243632,,,
ROBOT_RELOC,,6,3,6,,1.61606366721066,,,
ROBOT_RELOC,,6,3,7,,3.990864288783858,,,
ROBOT_RELOC,,6,3,8,,2.2702587726968204,,,
ROBOT_RELOC,,6,3,9,,2.9571160924680453,,,
ROBOT_RELOC,,6,3,10,,2.0977265741036795,,,
ROBOT_RELOC,,6,3,11,,2.725043479517386,,,
ROBOT_RELOC,,6,4,0,,2.335314753669243,,,
ROBOT_RELOC,,6,4,1,,1.5107379953195406,,,
ROBOT_RELOC,,6,4,2,,3.16350000242478,,,
ROBOT_RELOC,,6,4,3,,0.5225921377540015,,,
ROBOT_RELOC,,6,4,4,,0.0,,,
ROBOT_RELOC,,6,4,5,,1.1995610133684116,,,
ROBOT_RELOC,,6,4,6,,3.5401664433068856,,,
ROBOT_RELOC,,6,4,7,,3.6687258363049393,,,
ROBOT_RELOC,,6,4,8,,2.41016558206098,,,
ROBOT_RELOC,,6,4,9,,1.8818822736211624,,,
ROBOT_RELOC,,6,4,10,,2.3697750334731924,,,
ROBOT_RELOC,,6,4,11,,2.496602588865951,,,
ROBOT_RELOC,,6,5,0,,3.602429820414882,,,
ROBOT_RELOC,,6,5,1,,2.1493121193283207,,,
ROBOT_RELOC,,6,5,2,,3.1707531733595493,,,
ROBOT_RELOC,,6,5,3,,0.6898038460058902,,,
ROBOT_RELOC,,6,5,4,,1.3194692854291015,,,
ROBOT_RELOC,,6,5,5,,0.0,,,
ROBOT_RELOC,,6,5,6,,3.532785072967572,,,
ROBOT_RELOC,,6,5,7,,2.002884040849038,,,
ROBOT_RELOC,,6,5,8,,3.604928751974503,,,
ROBOT_RELOC,,6,5,9,,2.115632565731306,,,
ROBOT_RELOC,,6,5,10,,3.70780246088267,,,
ROBOT_RELOC,,6,5,11,,2.4693618995715663,,,
ROBOT_RELOC,,6,6,0,,3.2408596199564537,,,
ROBOT_RELOC,,6,6,1,,2.6096070823141826,,,
ROBOT_RELOC,,6,6,2,,2.0366085917220147,,,
ROBOT_RELOC,,6,6,3,,2.6160881674630243,,,
ROBOT_RELOC,,6,6,4,,3.0914110082708595,,,
ROBOT_RELOC,,6,6,5,,2.429770909476968,,,
ROBOT_RELOC,,6,6,6,,0.0,,,
ROBOT_RELOC,,6,6,7,,1.2160862126588174,,,
ROBOT_RELOC,,6,6,8,,3.014945791583948,,,
ROBOT_RELOC,,6,6,9,,2.082502956186014,,,
ROBOT_RELOC,,6,6,10,,3.2361075042245124,,,
ROBOT_RELOC,,6,6,11,,1.6083226660130154,,,
ROBOT_RELOC,,6,7,0,,2.451646175957986,,,
ROBOT_RELOC,,6,7,1,,1.560259971447524,,,
ROBOT_RELOC,,6,7,2,,3.6179112509314524,,,
ROBOT_RELOC,,6,7,3,,2.102089220697515,,,
ROBOT_RELOC,,6,7,4,,2.222811748096999,,,
ROBOT_RELOC,,6,7,5,,3.5172263516936457,,,
ROBOT_RELOC,,6,7,6,,0.8889787586177562,,,
ROBOT_RELOC,,6,7,7,,0.0,,,
ROBOT_RELOC,,6,7,8,,2.4965669367821786,,,
ROBOT_RELOC,,6,7,9,,2.2595396793462355,,,
ROBOT_RELOC,,6,7,10,,2.057894430581376,,,
ROBOT_RELOC,,6,7,11,,2.4763231991040096,,,
ROBOT_RELOC,,6,8,0,,2.5332109827254623,,,
ROBOT_RELOC,,6,8,1,,3.922690208324027,,,
ROBOT_RELOC,,6,8,2,,1.5073641671152442,,,
ROBOT_RELOC,,6,8,3,,2.5462452901638444,,,
ROBOT_RELOC,,6,8,4,,2.2267605685282197,,,
ROBOT_RELOC,,6,8,5,,2.476401318796217,,,
ROBOT_RELOC,,6,8,6,,3.527232610569129,,,
ROBOT_RELOC,,6,8,7,,1.9931359677921212,,,
ROBOT_RELOC,,6,8,8,,0.0,,,
ROBOT_RELOC,,6,8,9,,3.0692960307560764,,,
ROBOT_RELOC,,6,8,10,,2.0202445972745826,,,
ROBOT_RELOC,,6,8,11,,3.4925710860570636,,,
ROBOT_RELOC,,6,9,0,,2.0158450975274356,,,
ROBOT_RELOC,,6,9,1,,1.8257060075239102,,,
ROBOT_RELOC,,6,9,2,,1.967144624660012,,,
ROBOT_RELOC,,6,9,3,,1.5020886513135798,,,
ROBOT_RELOC,,6,9,4,,3.8231376657615734,,,
ROBOT_RELOC,,6,9,5,,1.958922083813812,,,
ROBOT_RELOC,,6,9,6,,3.1793369675665937,,,
ROBOT_RELOC,,6,9,7,,3.2026295980987554,,,
ROBOT_RELOC,,6,9,8,,3.837755286264,,,
ROBOT_RELOC,,6,9,9,,0.0,,,
ROBOT_RELOC,,6,9,10,,1.2602856293822073,,,
ROBOT_RELOC,,6,9,11,,1.4961431149174456,,,
ROBOT_RELOC,,6,10,0,,3.180769449784526,,,
ROBOT_RELOC,,6,10,1,,3.8202457461376453,,,
ROBOT_RELOC,,6,10,2,,1.8877367988732896,,,
ROBOT_RELOC,,6,10,3,,3.949167993063081,,,
ROBOT_RELOC,,6,10,4,,2.132947052702542,,,
ROBOT_RELOC,,6,10,5,,3.7783803345647415,,,
ROBOT_RELOC,,6,10,6,,1.548247325242299,,,
ROBOT_RELOC,,6,10,7,,2.925857338170837,,,
ROBOT_RELOC,,6,10,8,,3.9081627413099413,,,
ROBOT_RELOC,,6,10,9,,1.1423708070936058,,,
ROBOT_RELOC,,6,10,10,,0.0,,,
ROBOT_RELOC,,6,10,11,,0.9886186357090538,,,
ROBOT_RELOC,,6,11,0,,3.2652728683436676,,,
ROBOT_RELOC,,6,11,1,,2.6642216073924656,,,
ROBOT_RELOC,,6,11,2,,2.1248819500434637,,,
ROBOT_RELOC,,6,11,3,,1.808682599506204,,,
ROBOT_RELOC,,6,11,4,,1.8431262576531433,,,
ROBOT_RELOC,,6,11,5,,2.061029983684418,,,
ROBOT_RELOC,,6,11,6,,3.7529487798149996,,,
ROBOT_RELOC,,6,11,7,,2.9863089811617263,,,
ROBOT_RELOC,,6,11,8,,2.646616828348981,,,
ROBOT_RELOC,,6,11,9,,1.060227211459437,,,
ROBOT_RELOC,,6,11,10,,0.8381326190063543,,,
ROBOT_RELOC,,6,11,11,,0.0,,,
INITIAL_WORKER,,0,0,,,,,,
INITIAL_WORKER,,1,11,,,,,,
INITIAL_WORKER,,2,9,,,,,,
INITIAL_WORKER,,3,4,,,,,,
INITIAL_WORKER,,4,10,,,,,,
INITIAL_WORKER,,5,3,,,,,,
INITIAL_WORKER,,6,5,,,,,,
INITIAL_WORKER,,7,6,,,,,,
INITIAL_ROBOT,,0,2,,,,,,
INITIAL_ROBOT,,1,10,,,,,,
INITIAL_ROBOT,,2,7,,,,,,
INITIAL_ROBOT,,3,11,,,,,,
INITIAL_ROBOT,,4,1,,,,,,
INITIAL_ROBOT,,5,8,,,,,,
INITIAL_ROBOT,,6,0,,,,,,
ORDER,,0,0,2,,0.0,53.577972834461086,,
ORDER,,1,0,1,,1.4682137622223888,53.891357368916886,,
ORDER,,2,0,2,,1.6197201991083277,50.89063740941517,,
ORDER,,3,0,1,,2.4663633356091386,56.65975568415939,,
ORDER,,4,0,1,,17.386637461017333,63.71968512194603,,
ORDER,,5,4,1,,21.042769798194616,85.78591398858356,,
ORDER,,6,0,1,,24.956045310231698,81.58374226352264,,
ORDER,,7,0,1,,31.81952072593302,91.04867543517283,,
ORDER,,8,0,1,,37.6072429362719,86.0342107220032,,
ORDER,,9,4,1,,39.59200847156757,92.67070559320425,,
ORDER,,10,1,1,,58.76846313550162,137.3287559294921,,
ORDER,,11,0,1,,61.27789050096637,119.03085236186206,,
ORDER,,12,0,4,,61.56170782016361,120.75366483961727,,
ORDER,,13,0,2,,62.510969800633674,116.89432249142587,,
ORDER,,14,0,1,,69.78889931855481,120.11715222769612,,
ORDER,,15,0,4,,103.58305197245348,159.2571222690577,,
ORDER,,16,0,1,,126.50393638906297,176.46513983874618,,
ORDER,,17,0,2,,128.43144302702888,178.37560781373978,,
ORDER,,18,0,2,,132.62289711877565,182.8301076092454,,
ORDER,,19,1,1,,133.38841991917138,204.18747453264092,,
ORDER,,20,0,2,,134.67124784864103,188.70652178616902,,
ORDER,,21,0,4,,135.535997606089,184.84820739280963,,
ORDER,,22,0,4,,136.36724219951188,187.66559160743896,,
ORDER,,23,0,1,,142.98874671013124,200.13848868439246,,
ORDER,,24,0,1,,145.73616086656438,203.04826320111565,,
ORDER,,25,4,1,,148.06252394025228,203.42573697118183,,
ORDER,,26,2,1,,161.40699449974096,215.39319657112176,,
ORDER,,27,1,1,,162.77507033954265,242.62488349444249,,
ORDER,,28,1,2,,163.16798968642757,226.31127636877073,,
ORDER,,29,1,1,,163.93730966398343,236.5082720307078,,
ORDER,,30,1,2,,170.03167649261277,238.57311749052388,,
ORDER,,31,1,4,,177.3761634704526,251.01433149377021,,
ORDER,,32,1,1,,181.93915585065093,249.59254167562423,,
ORDER,,33,4,1,,187.3588490609589,242.82066231032962,,
ORDER,,34,1,4,,188.52267010613542,263.883978458736,,
ORDER,,35,1,4,,191.1933159105126,264.2325327595614,,
ORDER,,36,3,4,,195.31741962342414,270.12962528673256,,
ORDER,,37,1,1,,196.5259935541664,272.17626510595994,,
ORDER,,38,0,1,,199.99430448420543,256.1532384920604,,
ORDER,,39,4,2,,201.79457704991788,261.38435004050734,,
ORDER,,40,1,2,,203.98204816131056,270.0790860408606,,
ORDER,,41,1,1,,204.8868966648,278.85812269991095,,
ORDER,,42,4,1,,205.38335758609625,263.3804320673234,,
ORDER,,43,3,4,,208.03534716077624,288.81250022886337,,
ORDER,,44,0,1,,208.68561956123244,256.8840934920701,,
ORDER,,45,3,2,,211.78372061417696,296.78612634449155,,
ORDER,,46,1,2,,216.15607698867348,293.5261703751367,,
ORDER,,47,2,1,,217.85578798367,283.6876568632107,,
ORDER,,48,1,1,,222.7772434663317,293.8915631221991,,
ORDER,,49,1,4,,226.1430989709433,295.00419624227857,,
ORDER,,50,0,2,,229.34203336692258,281.73697129081825,,
ORDER,,51,2,1,,235.46395386458755,296.05469556851006,,
ORDER,,52,1,2,,236.66288854227986,312.7769058529203,,
ORDER,,53,2,1,,262.66112509701304,328.33887209945954,,
ORDER,,54,1,1,,272.46013345920016,340.06600707454544,,
ORDER,,55,2,1,,279.2871967462074,342.27125376197716,,
ORDER,,56,4,1,,285.0858238630728,338.5959452806891,,
ORDER,,57,2,1,,292.9651247072491,359.9468770843628,,
ORDER,,58,0,4,,294.2334393639128,346.0383690314653,,
ORDER,,59,2,1,,295.7145310138997,363.1295296798361,,
ORDER,,60,2,1,,299.3521351381282,366.1305020271501,,
ORDER,,61,0,2,,302.28372638936816,353.0144343732067,,
ORDER,,62,3,2,,305.84362520537894,395.3067542305465,,
ORDER,,63,2,4,,307.2598503742511,360.2547767471926,,
ORDER,,64,2,4,,307.5807842312233,369.9610487065917,,
ORDER,,65,2,1,,311.9279138196578,366.9829493698628,,
ORDER,,66,2,1,,317.9819194483443,373.3533933163259,,
ORDER,,67,3,1,,321.00696245156394,403.9523254589893,,
ORDER,,68,3,2,,321.84902098762035,403.242252985653,,
ORDER,,69,2,2,,326.33164864445814,385.9800311270596,,
ORDER,,70,0,1,,332.98776877815123,387.7390932517194,,
ORDER,,71,2,1,,336.09095443696685,395.245102596069,,
ORDER,,72,2,1,,337.2032440080242,393.8382041886064,,
ORDER,,73,3,1,,343.41781497062715,428.0816492639133,,
ORDER,,74,0,1,,344.7065160481212,396.5160555769406,,
ORDER,,75,2,2,,349.38824240495677,405.7354982626796,,
ORDER,,76,2,4,,354.82639914972003,422.8072672906935,,
ORDER,,77,0,1,,355.63984413421184,401.839772553865,,
ORDER,,78,2,4,,356.00267758834434,417.98462024731987,,
ORDER,,79,2,4,,361.6840515649365,427.268272671427,,
