record_type,key,i,j,k,l,value,value2,value3,text
META,instance_id,,,,,,,,"""sensitivity_L_18_08_10_160_D1_rho095_loose_000_rm0.5_wsd060_rcd080"""
META,scale,,,,,,,,"""L"""
META,scenario,,,,,,,,"""D1"""
META,generation_seed,,,,,,,,3194321682
META,target_load_ratio,,,,,,,,0.95
META,due_tightness,,,,,,,,"""loose"""
META,worker_skill_density,,,,,,,,0.6
META,robot_capability_density,,,,,,,,0.8
META,relocation_multiplier,,,,,,,,0.5
META,num_stages,,,,,,,,8
META,generation_meta,,,,,,,,"{""paper_vs_implementation"":{""paper_specified"":[""scale ranges"",""70-100% route coverage"",""processing/efficiency/synergy distributions"",""skill/capability density choices"",""D1-D5 qualitative scenario definitions"",""load-ratio choices"",""weight distribution"",""due-date-factor ranges"",""relocation-time ranges"",""load-balance initial configuration with random perturbation""],""implementation_choices"":{""arrival_rate_calibration"":""work_content_over_effective_parallel_servers"",""same_stage_cells_are_adjacent"":true,""initial_configuration_perturbation_rate"":0.15,""scenario_timing_basis"":""order_index_fraction"",""base_product_mix"":""uniform""}},""base_arrival_rate_orders_per_minute"":0.28946046215112314,""effective_parallel_servers_for_load_calibration"":18,""mean_minimum_route_work_minutes"":59.07542561399053,""actual_hr_compatibility_rate_parameter"":0.8110968552785714,""actual_worker_skill_density"":0.5729166666666666,""actual_robot_capability_density"":0.8375,""instance_parameter_table"":{""scale"":""L"",""M"":18,""S"":8,""R"":10,""J"":160,""H"":12,""V"":8,""parameter_case_id"":""L_18_08_10_160""},""parameter_case_id"":""L_18_08_10_160"",""dimensions"":{""S"":8,""M"":18,""J"":160,""H"":12,""R"":10,""V"":8},""scenario_parameters"":{""timing_basis"":""order_index_fraction"",""base_product_mix"":""uniform"",""d2_sampled_burst_multiplier"":null,""d2_burst_window"":[0.4,0.7],""d3_mix_switch_ratio"":0.5,""d3_dominant_product_sequence"":[0,1],""d4_change_ratios"":[0.33,0.67],""d4_arrival_rate_multipliers"":[1.0,1.75,1.25],""d4_dominant_product_sequence"":[0,1,2],""d5_urgent_index_window"":[72,88],""d5_urgent_arrival_rate_multiplier"":3.0,""d5_urgent_dominant_product"":1,""dominant_product_share"":0.7},""route_stage_coverage"":[0.7,1.0],""min_multi_cell_stage_ratio"":0.3}"
CELL,,0,0,,,,,,
CELL,,1,0,,,,,,
CELL,,2,1,,,,,,
CELL,,3,2,,,,,,
CELL,,4,2,,,,,,
CELL,,5,2,,,,,,
CELL,,6,3,,,,,,
CELL,,7,4,,,,,,
CELL,,8,4,,,,,,
CELL,,9,4,,,,,,
CELL,,10,5,,,,,,
CELL,,11,5,,,,,,
CELL,,12,5,,,,,,
CELL,,13,6,,,,,,
CELL,,14,6,,,,,,
CELL,,15,7,,,,,,
CELL,,16,7,,,,,,
CELL,,17,7,,,,,,
ROUTE,,0,0,0,,,,,
ROUTE,,0,1,1,,,,,
ROUTE,,0,2,2,,,,,
ROUTE,,0,3,3,,,,,
ROUTE,,0,4,4,,,,,
ROUTE,,0,5,5,,,,,
ROUTE,,0,6,6,,,,,
ROUTE,,0,7,7,,,,,
ROUTE,,1,0,1,,,,,
ROUTE,,1,1,2,,,,,
ROUTE,,1,2,3,,,,,
ROUTE,,1,3,4,,,,,
ROUTE,,1,4,5,,,,,
ROUTE,,1,5,6,,,,,
ROUTE,,1,6,7,,,,,
ROUTE,,2,0,0,,,,,
ROUTE,,2,1,1,,,,,
ROUTE,,2,2,3,,,,,
ROUTE,,2,3,4,,,,,
ROUTE,,2,4,5,,,,,
ROUTE,,2,5,6,,,,,
ROUTE,,2,6,7,,,,,
ROUTE,,3,0,0,,,,,
ROUTE,,3,1,1,,,,,
ROUTE,,3,2,2,,,,,
ROUTE,,3,3,4,,,,,
ROUTE,,3,4,5,,,,,
ROUTE,,3,5,6,,,,,
ROUTE,,3,6,7,,,,,
ROUTE,,4,0,0,,,,,
ROUTE,,4,1,1,,,,,
ROUTE,,4,2,2,,,,,
ROUTE,,4,3,3,,,,,
ROUTE,,4,4,4,,,,,
ROUTE,,4,5,5,,,,,
ROUTE,,4,6,6,,,,,
ROUTE,,4,7,7,,,,,
ROUTE,,5,0,0,,,,,
ROUTE,,5,1,1,,,,,
ROUTE,,5,2,3,,,,,
ROUTE,,5,3,5,,,,,
ROUTE,,5,4,6,,,,,
ROUTE,,5,5,7,,,,,
ROUTE,,6,0,0,,,,,
ROUTE,,6,1,1,,,,,
ROUTE,,6,2,2,,,,,
ROUTE,,6,3,5,,,,,
ROUTE,,6,4,6,,,,,
ROUTE,,6,5,7,,,,,
ROUTE,,7,0,0,,,,,
ROUTE,,7,1,1,,,,,
ROUTE,,7,2,2,,,,,
ROUTE,,7,3,3,,,,,
ROUTE,,7,4,4,,,,,
ROUTE,,7,5,7,,,,,
BASE_PROCESS,,0,0,,,18.555148888957426,,,
BASE_PROCESS,,0,1,,,12.273946189434112,,,
BASE_PROCESS,,0,2,,,10.656612865065805,,,
BASE_PROCESS,,0,3,,,20.03391373473407,,,
BASE_PROCESS,,0,4,,,22.76434918758087,,,
BASE_PROCESS,,0,5,,,12.127298005115186,,,
BASE_PROCESS,,0,6,,,24.712294460779027,,,
BASE_PROCESS,,0,7,,,15.767106541872023,,,
BASE_PROCESS,,1,0,,,13.654921058179202,,,
BASE_PROCESS,,1,1,,,14.118800316828839,,,
BASE_PROCESS,,1,2,,,10.685987641970492,,,
BASE_PROCESS,,1,3,,,11.38257639543816,,,
BASE_PROCESS,,1,4,,,9.377863606346976,,,
BASE_PROCESS,,1,5,,,17.263044469602598,,,
BASE_PROCESS,,1,6,,,24.33490904833642,,,
BASE_PROCESS,,1,7,,,20.30417396517076,,,
BASE_PROCESS,,2,0,,,20.862597082673854,,,
BASE_PROCESS,,2,1,,,15.411523407217459,,,
BASE_PROCESS,,2,2,,,20.53607408536083,,,
BASE_PROCESS,,2,3,,,15.219595008993267,,,
BASE_PROCESS,,2,4,,,9.99569548606161,,,
BASE_PROCESS,,2,5,,,9.5854901853079,,,
BASE_PROCESS,,2,6,,,12.453296209185265,,,
BASE_PROCESS,,2,7,,,21.77795425658702,,,
BASE_PROCESS,,3,0,,,16.17124401417577,,,
BASE_PROCESS,,3,1,,,16.130954526770807,,,
BASE_PROCESS,,3,2,,,10.247746797261538,,,
BASE_PROCESS,,3,3,,,17.43436233778848,,,
BASE_PROCESS,,3,4,,,9.21592315378983,,,
BASE_PROCESS,,3,5,,,22.613464914797042,,,
BASE_PROCESS,,3,6,,,8.98772586446003,,,
BASE_PROCESS,,3,7,,,14.670814206950276,,,
BASE_PROCESS,,4,0,,,12.871794392242233,,,
BASE_PROCESS,,4,1,,,9.02421572738942,,,
BASE_PROCESS,,4,2,,,9.603594674606205,,,
BASE_PROCESS,,4,3,,,20.530227937174494,,,
BASE_PROCESS,,4,4,,,24.90384227835764,,,
BASE_PROCESS,,4,5,,,21.196570638816052,,,
BASE_PROCESS,,4,6,,,9.673964183639296,,,
BASE_PROCESS,,4,7,,,11.243564663656764,,,
BASE_PROCESS,,5,0,,,13.702966452736472,,,
BASE_PROCESS,,5,1,,,10.85741008016318,,,
BASE_PROCESS,,5,2,,,23.015458146767237,,,
BASE_PROCESS,,5,3,,,19.500324984493,,,
BASE_PROCESS,,5,4,,,18.429385139334382,,,
BASE_PROCESS,,5,5,,,15.818115544372906,,,
BASE_PROCESS,,5,6,,,15.341416931920346,,,
BASE_PROCESS,,5,7,,,20.41732580898741,,,
BASE_PROCESS,,6,0,,,21.456157874560624,,,
BASE_PROCESS,,6,1,,,14.705873265169965,,,
BASE_PROCESS,,6,2,,,16.516536131123534,,,
BASE_PROCESS,,6,3,,,18.371186848843735,,,
BASE_PROCESS,,6,4,,,17.256280671252433,,,
BASE_PROCESS,,6,5,,,21.451983745224716,,,
BASE_PROCESS,,6,6,,,11.316140867032935,,,
BASE_PROCESS,,6,7,,,19.051537407985915,,,
BASE_PROCESS,,7,0,,,20.45934042855629,,,
BASE_PROCESS,,7,1,,,15.918320155985212,,,
BASE_PROCESS,,7,2,,,17.62997842679145,,,
BASE_PROCESS,,7,3,,,9.211331693040345,,,
BASE_PROCESS,,7,4,,,19.699355762262655,,,
BASE_PROCESS,,7,5,,,23.55781374885641,,,
BASE_PROCESS,,7,6,,,8.822525899768454,,,
BASE_PROCESS,,7,7,,,8.507362981854282,,,
WORKER_SKILL,,0,0,,,0,,,
WORKER_SKILL,,0,1,,,1,,,
WORKER_SKILL,,0,2,,,0,,,
WORKER_SKILL,,0,3,,,1,,,
WORKER_SKILL,,0,4,,,0,,,
WORKER_SKILL,,0,5,,,1,,,
WORKER_SKILL,,0,6,,,0,,,
WORKER_SKILL,,0,7,,,0,,,
WORKER_SKILL,,1,0,,,1,,,
WORKER_SKILL,,1,1,,,1,,,
WORKER_SKILL,,1,2,,,1,,,
WORKER_SKILL,,1,3,,,0,,,
WORKER_SKILL,,1,4,,,1,,,
WORKER_SKILL,,1,5,,,0,,,
WORKER_SKILL,,1,6,,,0,,,
WORKER_SKILL,,1,7,,,1,,,
WORKER_SKILL,,2,0,,,1,,,
WORKER_SKILL,,2,1,,,0,,,
WORKER_SKILL,,2,2,,,0,,,
WORKER_SKILL,,2,3,,,1,,,
WORKER_SKILL,,2,4,,,1,,,
WORKER_SKILL,,2,5,,,1,,,
WORKER_SKILL,,2,6,,,1,,,
WORKER_SKILL,,2,7,,,0,,,
WORKER_SKILL,,3,0,,,1,,,
WORKER_SKILL,,3,1,,,0,,,
WORKER_SKILL,,3,2,,,1,,,
WORKER_SKILL,,3,3,,,1,,,
WORKER_SKILL,,3,4,,,0,,,
WORKER_SKILL,,3,5,,,1,,,
WORKER_SKILL,,3,6,,,0,,,
WORKER_SKILL,,3,7,,,1,,,
WORKER_SKILL,,4,0,,,1,,,
WORKER_SKILL,,4,1,,,1,,,
WORKER_SKILL,,4,2,,,1,,,
WORKER_SKILL,,4,3,,,1,,,
WORKER_SKILL,,4,4,,,1,,,
WORKER_SKILL,,4,5,,,1,,,
WORKER_SKILL,,4,6,,,0,,,
WORKER_SKILL,,4,7,,,1,,,
WORKER_SKILL,,5,0,,,1,,,
WORKER_SKILL,,5,1,,,0,,,
WORKER_SKILL,,5,2,,,0,,,
WORKER_SKILL,,5,3,,,0,,,
WORKER_SKILL,,5,4,,,1,,,
WORKER_SKILL,,5,5,,,1,,,
WORKER_SKILL,,5,6,,,1,,,
WORKER_SKILL,,5,7,,,0,,,
WORKER_SKILL,,6,0,,,1,,,
WORKER_SKILL,,6,1,,,0,,,
WORKER_SKILL,,6,2,,,1,,,
WORKER_SKILL,,6,3,,,1,,,
WORKER_SKILL,,6,4,,,0,,,
WORKER_SKILL,,6,5,,,0,,,
WORKER_SKILL,,6,6,,,0,,,
WORKER_SKILL,,6,7,,,1,,,
WORKER_SKILL,,7,0,,,0,,,
WORKER_SKILL,,7,1,,,0,,,
WORKER_SKILL,,7,2,,,0,,,
WORKER_SKILL,,7,3,,,1,,,
WORKER_SKILL,,7,4,,,1,,,
WORKER_SKILL,,7,5,,,0,,,
WORKER_SKILL,,7,6,,,0,,,
WORKER_SKILL,,7,7,,,1,,,
WORKER_SKILL,,8,0,,,0,,,
WORKER_SKILL,,8,1,,,1,,,
WORKER_SKILL,,8,2,,,0,,,
WORKER_SKILL,,8,3,,,0,,,
WORKER_SKILL,,8,4,,,1,,,
WORKER_SKILL,,8,5,,,0,,,
WORKER_SKILL,,8,6,,,1,,,
WORKER_SKILL,,8,7,,,1,,,
WORKER_SKILL,,9,0,,,0,,,
WORKER_SKILL,,9,1,,,1,,,
WORKER_SKILL,,9,2,,,1,,,
WORKER_SKILL,,9,3,,,0,,,
WORKER_SKILL,,9,4,,,1,,,
WORKER_SKILL,,9,5,,,0,,,
WORKER_SKILL,,9,6,,,1,,,
WORKER_SKILL,,9,7,,,1,,,
WORKER_SKILL,,10,0,,,1,,,
WORKER_SKILL,,10,1,,,1,,,
WORKER_SKILL,,10,2,,,0,,,
WORKER_SKILL,,10,3,,,0,,,
WORKER_SKILL,,10,4,,,1,,,
WORKER_SKILL,,10,5,,,1,,,
WORKER_SKILL,,10,6,,,1,,,
WORKER_SKILL,,10,7,,,1,,,
WORKER_SKILL,,11,0,,,1,,,
WORKER_SKILL,,11,1,,,0,,,
WORKER_SKILL,,11,2,,,1,,,
WORKER_SKILL,,11,3,,,0,,,
WORKER_SKILL,,11,4,,,1,,,
WORKER_SKILL,,11,5,,,0,,,
WORKER_SKILL,,11,6,,,0,,,
WORKER_SKILL,,11,7,,,1,,,
WORKER_EFF,,0,0,,,1.0529164784294018,,,
WORKER_EFF,,0,1,,,0.8306009475781176,,,
WORKER_EFF,,0,2,,,0.9029195603720487,,,
WORKER_EFF,,0,3,,,0.8486473658451695,,,
WORKER_EFF,,0,4,,,1.1417944399655442,,,
WORKER_EFF,,0,5,,,1.019236022311036,,,
WORKER_EFF,,0,6,,,1.072109564264787,,,
WORKER_EFF,,0,7,,,1.1119778827241333,,,
WORKER_EFF,,1,0,,,0.9773171151859593,,,
WORKER_EFF,,1,1,,,1.1530620472460498,,,
WORKER_EFF,,1,2,,,1.0090988525522406,,,
WORKER_EFF,,1,3,,,1.1979408588108718,,,
WORKER_EFF,,1,4,,,0.9123284626904352,,,
WORKER_EFF,,1,5,,,1.099016067686255,,,
WORKER_EFF,,1,6,,,1.0509759611711373,,,
WORKER_EFF,,1,7,,,1.0043373855660336,,,
WORKER_EFF,,2,0,,,0.8164178607380086,,,
WORKER_EFF,,2,1,,,0.8884393983828442,,,
WORKER_EFF,,2,2,,,0.8084868256839526,,,
WORKER_EFF,,2,3,,,1.1930919259474217,,,
WORKER_EFF,,2,4,,,0.9844115439508528,,,
WORKER_EFF,,2,5,,,0.947589901643146,,,
WORKER_EFF,,2,6,,,0.8448487855465108,,,
WORKER_EFF,,2,7,,,1.1255632644206206,,,
WORKER_EFF,,3,0,,,0.8479086649685406,,,
WORKER_EFF,,3,1,,,0.9659128647130453,,,
WORKER_EFF,,3,2,,,1.183643709280916,,,
WORKER_EFF,,3,3,,,1.1092159791941416,,,
WORKER_EFF,,3,4,,,0.8941918346651087,,,
WORKER_EFF,,3,5,,,0.9257379757077191,,,
WORKER_EFF,,3,6,,,1.0102217430475586,,,
WORKER_EFF,,3,7,,,1.1444145411108542,,,
WORKER_EFF,,4,0,,,1.121855487536062,,,
WORKER_EFF,,4,1,,,1.185364562045467,,,
WORKER_EFF,,4,2,,,1.117891913899874,,,
WORKER_EFF,,4,3,,,0.942391129328144,,,
WORKER_EFF,,4,4,,,0.9186900482273193,,,
WORKER_EFF,,4,5,,,1.0194238065764554,,,
WORKER_EFF,,4,6,,,0.9676687969962882,,,
WORKER_EFF,,4,7,,,1.1288869616193646,,,
WORKER_EFF,,5,0,,,1.0336957021161293,,,
WORKER_EFF,,5,1,,,1.170849276117238,,,
WORKER_EFF,,5,2,,,1.1456302272165624,,,
WORKER_EFF,,5,3,,,0.861250091608012,,,
WORKER_EFF,,5,4,,,0.9267823031241786,,,
WORKER_EFF,,5,5,,,0.9927474938988081,,,
WORKER_EFF,,5,6,,,0.9682509717390765,,,
WORKER_EFF,,5,7,,,1.16098988306286,,,
WORKER_EFF,,6,0,,,0.9669526033621454,,,
WORKER_EFF,,6,1,,,1.1661931041542932,,,
WORKER_EFF,,6,2,,,1.0531417493510293,,,
WORKER_EFF,,6,3,,,1.132845759899615,,,
WORKER_EFF,,6,4,,,1.107056980176504,,,
WORKER_EFF,,6,5,,,0.9982523873167031,,,
WORKER_EFF,,6,6,,,1.1497853656349148,,,
WORKER_EFF,,6,7,,,0.9799478166701335,,,
WORKER_EFF,,7,0,,,0.8157643229228588,,,
WORKER_EFF,,7,1,,,1.0479090788506866,,,
WORKER_EFF,,7,2,,,0.9172534941707859,,,
WORKER_EFF,,7,3,,,1.1349264221855149,,,
WORKER_EFF,,7,4,,,1.0113083469081916,,,
WORKER_EFF,,7,5,,,1.1347722279869168,,,
WORKER_EFF,,7,6,,,0.939720300962448,,,
WORKER_EFF,,7,7,,,1.0048081200346288,,,
WORKER_EFF,,8,0,,,0.8535905399499162,,,
WORKER_EFF,,8,1,,,1.1326178532842694,,,
WORKER_EFF,,8,2,,,1.1453873873534763,,,
WORKER_EFF,,8,3,,,1.0840693656983817,,,
WORKER_EFF,,8,4,,,0.8586371540551723,,,
WORKER_EFF,,8,5,,,0.8920743434977753,,,
WORKER_EFF,,8,6,,,0.8518820694713113,,,
WORKER_EFF,,8,7,,,1.0380783604286563,,,
WORKER_EFF,,9,0,,,1.0690579241086442,,,
WORKER_EFF,,9,1,,,1.0313181513409413,,,
WORKER_EFF,,9,2,,,1.004407167842558,,,
WORKER_EFF,,9,3,,,1.0677594537590864,,,
WORKER_EFF,,9,4,,,0.8880288761102023,,,
WORKER_EFF,,9,5,,,0.9322863922987368,,,
WORKER_EFF,,9,6,,,0.8445882708896731,,,
WORKER_EFF,,9,7,,,0.9308632799108891,,,
WORKER_EFF,,10,0,,,0.8514962067913088,,,
WORKER_EFF,,10,1,,,1.0372243492271385,,,
WORKER_EFF,,10,2,,,1.141686827206776,,,
WORKER_EFF,,10,3,,,1.169467801784643,,,
WORKER_EFF,,10,4,,,0.8996007103963208,,,
WORKER_EFF,,10,5,,,1.0564541445124425,,,
WORKER_EFF,,10,6,,,0.8112683702905003,,,
WORKER_EFF,,10,7,,,1.0946099430491278,,,
WORKER_EFF,,11,0,,,1.1103932751678767,,,
WORKER_EFF,,11,1,,,0.9726861520768395,,,
WORKER_EFF,,11,2,,,0.9254205006481597,,,
WORKER_EFF,,11,3,,,1.0031414423377014,,,
WORKER_EFF,,11,4,,,1.016627397665671,,,
WORKER_EFF,,11,5,,,0.9466960066893356,,,
WORKER_EFF,,11,6,,,0.8438453233064468,,,
WORKER_EFF,,11,7,,,1.1578795658948693,,,
ROBOT_CAP,,0,0,,,1,,,
ROBOT_CAP,,0,1,,,1,,,
ROBOT_CAP,,0,2,,,1,,,
ROBOT_CAP,,0,3,,,1,,,
ROBOT_CAP,,0,4,,,1,,,
ROBOT_CAP,,0,5,,,1,,,
ROBOT_CAP,,0,6,,,1,,,
ROBOT_CAP,,0,7,,,1,,,
ROBOT_CAP,,1,0,,,1,,,
ROBOT_CAP,,1,1,,,1,,,
ROBOT_CAP,,1,2,,,1,,,
ROBOT_CAP,,1,3,,,1,,,
ROBOT_CAP,,1,4,,,1,,,
ROBOT_CAP,,1,5,,,1,,,
ROBOT_CAP,,1,6,,,1,,,
ROBOT_CAP,,1,7,,,1,,,
ROBOT_CAP,,2,0,,,1,,,
ROBOT_CAP,,2,1,,,1,,,
ROBOT_CAP,,2,2,,,0,,,
ROBOT_CAP,,2,3,,,0,,,
ROBOT_CAP,,2,4,,,1,,,
ROBOT_CAP,,2,5,,,1,,,
ROBOT_CAP,,2,6,,,1,,,
ROBOT_CAP,,2,7,,,1,,,
ROBOT_CAP,,3,0,,,0,,,
ROBOT_CAP,,3,1,,,1,,,
ROBOT_CAP,,3,2,,,1,,,
ROBOT_CAP,,3,3,,,1,,,
ROBOT_CAP,,3,4,,,1,,,
ROBOT_CAP,,3,5,,,1,,,
ROBOT_CAP,,3,6,,,0,,,
ROBOT_CAP,,3,7,,,1,,,
ROBOT_CAP,,4,0,,,1,,,
ROBOT_CAP,,4,1,,,1,,,
ROBOT_CAP,,4,2,,,1,,,
ROBOT_CAP,,4,3,,,1,,,
ROBOT_CAP,,4,4,,,1,,,
ROBOT_CAP,,4,5,,,1,,,
ROBOT_CAP,,4,6,,,1,,,
ROBOT_CAP,,4,7,,,0,,,
ROBOT_CAP,,5,0,,,1,,,
ROBOT_CAP,,5,1,,,1,,,
ROBOT_CAP,,5,2,,,0,,,
ROBOT_CAP,,5,3,,,0,,,
ROBOT_CAP,,5,4,,,1,,,
ROBOT_CAP,,5,5,,,1,,,
ROBOT_CAP,,5,6,,,0,,,
ROBOT_CAP,,5,7,,,1,,,
ROBOT_CAP,,6,0,,,0,,,
ROBOT_CAP,,6,1,,,1,,,
ROBOT_CAP,,6,2,,,1,,,
ROBOT_CAP,,6,3,,,1,,,
ROBOT_CAP,,6,4,,,1,,,
ROBOT_CAP,,6,5,,,1,,,
ROBOT_CAP,,6,6,,,1,,,
ROBOT_CAP,,6,7,,,1,,,
ROBOT_CAP,,7,0,,,1,,,
ROBOT_CAP,,7,1,,,1,,,
ROBOT_CAP,,7,2,,,1,,,
ROBOT_CAP,,7,3,,,0,,,
ROBOT_CAP,,7,4,,,0,,,
ROBOT_CAP,,7,5,,,1,,,
ROBOT_CAP,,7,6,,,0,,,
ROBOT_CAP,,7,7,,,1,,,
ROBOT_CAP,,8,0,,,1,,,
ROBOT_CAP,,8,1,,,1,,,
ROBOT_CAP,,8,2,,,1,,,
ROBOT_CAP,,8,3,,,1,,,
ROBOT_CAP,,8,4,,,1,,,
ROBOT_CAP,,8,5,,,1,,,
ROBOT_CAP,,8,6,,,1,,,
ROBOT_CAP,,8,7,,,1,,,
ROBOT_CAP,,9,0,,,1,,,
ROBOT_CAP,,9,1,,,1,,,
ROBOT_CAP,,9,2,,,1,,,
ROBOT_CAP,,9,3,,,1,,,
ROBOT_CAP,,9,4,,,0,,,
ROBOT_CAP,,9,5,,,1,,,
ROBOT_CAP,,9,6,,,1,,,
ROBOT_CAP,,9,7,,,1,,,
ROBOT_EFF,,0,0,,,1.0712892516182317,,,
ROBOT_EFF,,0,1,,,0.8712209508650386,,,
ROBOT_EFF,,0,2,,,1.1668984499014154,,,
ROBOT_EFF,,0,3,,,1.1384287498467587,,,
ROBOT_EFF,,0,4,,,0.9715167610975849,,,
ROBOT_EFF,,0,5,,,1.2457990140712876,,,
ROBOT_EFF,,0,6,,,1.140344160682913,,,
ROBOT_EFF,,0,7,,,1.1978772541283806,,,
ROBOT_EFF,,1,0,,,1.1151422873895318,,,
ROBOT_EFF,,1,1,,,0.9942814038738076,,,
ROBOT_EFF,,1,2,,,0.9972171141624584,,,
ROBOT_EFF,,1,3,,,0.9779658908035116,,,
ROBOT_EFF,,1,4,,,0.852283746765022,,,
ROBOT_EFF,,1,5,,,1.0563608295964702,,,
ROBOT_EFF,,1,6,,,0.876634782969546,,,
ROBOT_EFF,,1,7,,,0.8714512708362803,,,
ROBOT_EFF,,2,0,,,0.9519198935425943,,,
ROBOT_EFF,,2,1,,,1.0757551637689855,,,
ROBOT_EFF,,2,2,,,1.2103877341256153,,,
ROBOT_EFF,,2,3,,,1.270110100947642,,,
ROBOT_EFF,,2,4,,,1.0431918661033548,,,
ROBOT_EFF,,2,5,,,0.871305740201021,,,
ROBOT_EFF,,2,6,,,1.1290920894978018,,,
ROBOT_EFF,,2,7,,,0.9702876369873632,,,
ROBOT_EFF,,3,0,,,0.9849347942829414,,,
ROBOT_EFF,,3,1,,,1.1275606202415482,,,
ROBOT_EFF,,3,2,,,1.1328929175647295,,,
ROBOT_EFF,,3,3,,,0.9721565875753464,,,
ROBOT_EFF,,3,4,,,1.1279973596902264,,,
ROBOT_EFF,,3,5,,,1.2225461393622803,,,
ROBOT_EFF,,3,6,,,1.1524685059022317,,,
ROBOT_EFF,,3,7,,,1.015577492220194,,,
ROBOT_EFF,,4,0,,,1.0342908540540534,,,
ROBOT_EFF,,4,1,,,1.0315293002448964,,,
ROBOT_EFF,,4,2,,,1.20010026701886,,,
ROBOT_EFF,,4,3,,,1.179791872293325,,,
ROBOT_EFF,,4,4,,,1.0261300673715779,,,
ROBOT_EFF,,4,5,,,0.938046267727525,,,
ROBOT_EFF,,4,6,,,0.9482678370692891,,,
ROBOT_EFF,,4,7,,,1.0585903342941652,,,
ROBOT_EFF,,5,0,,,1.2088191719433312,,,
ROBOT_EFF,,5,1,,,0.9496440734227634,,,
ROBOT_EFF,,5,2,,,1.01840029739551,,,
ROBOT_EFF,,5,3,,,0.9952329618619185,,,
ROBOT_EFF,,5,4,,,1.2905025720420535,,,
ROBOT_EFF,,5,5,,,0.906760426363121,,,
ROBOT_EFF,,5,6,,,1.2978026459292635,,,
ROBOT_EFF,,5,7,,,1.100777235443829,,,
ROBOT_EFF,,6,0,,,0.9973075238260962,,,
ROBOT_EFF,,6,1,,,1.1502775768100202,,,
ROBOT_EFF,,6,2,,,1.10057532881382,,,
ROBOT_EFF,,6,3,,,0.9475087909040041,,,
ROBOT_EFF,,6,4,,,1.1498838540538496,,,
ROBOT_EFF,,6,5,,,1.2502064686158116,,,
ROBOT_EFF,,6,6,,,0.9290778893051503,,,
ROBOT_EFF,,6,7,,,1.0926094788872376,,,
ROBOT_EFF,,7,0,,,1.004935314573574,,,
ROBOT_EFF,,7,1,,,1.0740943766094941,,,
ROBOT_EFF,,7,2,,,1.2494777624022047,,,
ROBOT_EFF,,7,3,,,0.9246286380676972,,,
ROBOT_EFF,,7,4,,,0.960408175939353,,,
ROBOT_EFF,,7,5,,,1.1896521590092242,,,
ROBOT_EFF,,7,6,,,1.0294807258478342,,,
ROBOT_EFF,,7,7,,,1.1522985338389606,,,
ROBOT_EFF,,8,0,,,1.0255531400403801,,,
ROBOT_EFF,,8,1,,,1.0502034025283509,,,
ROBOT_EFF,,8,2,,,1.1654084773050553,,,
ROBOT_EFF,,8,3,,,1.1674917941429994,,,
ROBOT_EFF,,8,4,,,1.1153376827918635,,,
ROBOT_EFF,,8,5,,,0.910637903916237,,,
ROBOT_EFF,,8,6,,,1.1719935774774384,,,
ROBOT_EFF,,8,7,,,0.9955365917492889,,,
ROBOT_EFF,,9,0,,,1.176386941221638,,,
ROBOT_EFF,,9,1,,,0.9261330071320034,,,
ROBOT_EFF,,9,2,,,1.1541355662140873,,,
ROBOT_EFF,,9,3,,,1.2055040144945144,,,
ROBOT_EFF,,9,4,,,1.1274026180306531,,,
ROBOT_EFF,,9,5,,,0.905400978308207,,,
ROBOT_EFF,,9,6,,,1.1595723657810904,,,
ROBOT_EFF,,9,7,,,1.1974657832228806,,,
HR_COMPAT,,0,0,0,,0,,,
HR_SYNERGY,,0,0,0,,0.7257079604745011,,,
HR_COMPAT,,0,0,1,,1,,,
HR_SYNERGY,,0,0,1,,0.8561442354276815,,,
HR_COMPAT,,0,0,2,,0,,,
HR_SYNERGY,,0,0,2,,0.8573369735956735,,,
HR_COMPAT,,0,0,3,,1,,,
HR_SYNERGY,,0,0,3,,0.724111192608536,,,
HR_COMPAT,,0,0,4,,0,,,
HR_SYNERGY,,0,0,4,,0.7968168381913592,,,
HR_COMPAT,,0,0,5,,1,,,
HR_SYNERGY,,0,0,5,,0.8298790769623466,,,
HR_COMPAT,,0,0,6,,0,,,
HR_SYNERGY,,0,0,6,,0.8243134182269016,,,
HR_COMPAT,,0,0,7,,0,,,
HR_SYNERGY,,0,0,7,,0.8652342092502925,,,
HR_COMPAT,,0,1,0,,0,,,
HR_SYNERGY,,0,1,0,,0.7863389397789583,,,
HR_COMPAT,,0,1,1,,1,,,
HR_SYNERGY,,0,1,1,,0.7534032935234065,,,
HR_COMPAT,,0,1,2,,0,,,
HR_SYNERGY,,0,1,2,,0.8322947282600798,,,
HR_COMPAT,,0,1,3,,1,,,
HR_SYNERGY,,0,1,3,,0.7763079408346396,,,
HR_COMPAT,,0,1,4,,0,,,
HR_SYNERGY,,0,1,4,,0.7018189178516767,,,
HR_COMPAT,,0,1,5,,1,,,
HR_SYNERGY,,0,1,5,,0.7881245406137066,,,
HR_COMPAT,,0,1,6,,0,,,
HR_SYNERGY,,0,1,6,,0.8296827683716529,,,
HR_COMPAT,,0,1,7,,0,,,
HR_SYNERGY,,0,1,7,,0.7352550798681701,,,
HR_COMPAT,,0,2,0,,0,,,
HR_SYNERGY,,0,2,0,,0.6747330953555655,,,
HR_COMPAT,,0,2,1,,0,,,
HR_SYNERGY,,0,2,1,,0.7482081054165232,,,
HR_COMPAT,,0,2,2,,0,,,
HR_SYNERGY,,0,2,2,,0.7257611966677944,,,
HR_COMPAT,,0,2,3,,0,,,
HR_SYNERGY,,0,2,3,,0.6705615630455075,,,
HR_COMPAT,,0,2,4,,0,,,
HR_SYNERGY,,0,2,4,,0.8973539517838203,,,
HR_COMPAT,,0,2,5,,1,,,
HR_SYNERGY,,0,2,5,,0.7297840138345348,,,
HR_COMPAT,,0,2,6,,0,,,
HR_SYNERGY,,0,2,6,,0.7560594620030184,,,
HR_COMPAT,,0,2,7,,0,,,
HR_SYNERGY,,0,2,7,,0.8126525043300102,,,
HR_COMPAT,,0,3,0,,0,,,
HR_SYNERGY,,0,3,0,,0.8103481973632742,,,
HR_COMPAT,,0,3,1,,1,,,
HR_SYNERGY,,0,3,1,,0.8987100641761923,,,
HR_COMPAT,,0,3,2,,0,,,
HR_SYNERGY,,0,3,2,,0.7045505097728182,,,
HR_COMPAT,,0,3,3,,1,,,
HR_SYNERGY,,0,3,3,,0.6837090381070585,,,
HR_COMPAT,,0,3,4,,0,,,
HR_SYNERGY,,0,3,4,,0.8006422823454348,,,
HR_COMPAT,,0,3,5,,1,,,
HR_SYNERGY,,0,3,5,,0.6749216166229912,,,
HR_COMPAT,,0,3,6,,0,,,
HR_SYNERGY,,0,3,6,,0.7280572999938549,,,
HR_COMPAT,,0,3,7,,0,,,
HR_SYNERGY,,0,3,7,,0.8815415782803975,,,
HR_COMPAT,,0,4,0,,0,,,
HR_SYNERGY,,0,4,0,,0.8292189089550469,,,
HR_COMPAT,,0,4,1,,1,,,
HR_SYNERGY,,0,4,1,,0.8930134064759622,,,
HR_COMPAT,,0,4,2,,0,,,
HR_SYNERGY,,0,4,2,,0.7838922645351007,,,
HR_COMPAT,,0,4,3,,1,,,
HR_SYNERGY,,0,4,3,,0.8953754796153577,,,
HR_COMPAT,,0,4,4,,0,,,
HR_SYNERGY,,0,4,4,,0.7503752305595809,,,
HR_COMPAT,,0,4,5,,1,,,
HR_SYNERGY,,0,4,5,,0.8285581059526884,,,
HR_COMPAT,,0,4,6,,0,,,
HR_SYNERGY,,0,4,6,,0.8079755186718343,,,
HR_COMPAT,,0,4,7,,0,,,
HR_SYNERGY,,0,4,7,,0.8762722332827233,,,
HR_COMPAT,,0,5,0,,0,,,
HR_SYNERGY,,0,5,0,,0.7810662833383989,,,
HR_COMPAT,,0,5,1,,0,,,
HR_SYNERGY,,0,5,1,,0.7825954840589906,,,
HR_COMPAT,,0,5,2,,0,,,
HR_SYNERGY,,0,5,2,,0.8820808570857179,,,
HR_COMPAT,,0,5,3,,0,,,
HR_SYNERGY,,0,5,3,,0.8691793130883124,,,
HR_COMPAT,,0,5,4,,0,,,
HR_SYNERGY,,0,5,4,,0.6647305866127678,,,
HR_COMPAT,,0,5,5,,1,,,
HR_SYNERGY,,0,5,5,,0.7160989261217976,,,
HR_COMPAT,,0,5,6,,0,,,
HR_SYNERGY,,0,5,6,,0.8242420909567497,,,
HR_COMPAT,,0,5,7,,0,,,
HR_SYNERGY,,0,5,7,,0.8788347410210765,,,
HR_COMPAT,,0,6,0,,0,,,
HR_SYNERGY,,0,6,0,,0.8908445478981617,,,
HR_COMPAT,,0,6,1,,1,,,
HR_SYNERGY,,0,6,1,,0.8747427543312956,,,
HR_COMPAT,,0,6,2,,0,,,
HR_SYNERGY,,0,6,2,,0.7507002018508557,,,
HR_COMPAT,,0,6,3,,1,,,
HR_SYNERGY,,0,6,3,,0.7209409968105615,,,
HR_COMPAT,,0,6,4,,0,,,
HR_SYNERGY,,0,6,4,,0.7859208859958279,,,
HR_COMPAT,,0,6,5,,1,,,
HR_SYNERGY,,0,6,5,,0.8163607072420642,,,
HR_COMPAT,,0,6,6,,0,,,
HR_SYNERGY,,0,6,6,,0.6817430554071249,,,
HR_COMPAT,,0,6,7,,0,,,
HR_SYNERGY,,0,6,7,,0.7024436650830197,,,
HR_COMPAT,,0,7,0,,0,,,
HR_SYNERGY,,0,7,0,,0.7569532401550871,,,
HR_COMPAT,,0,7,1,,1,,,
HR_SYNERGY,,0,7,1,,0.674246964797054,,,
HR_COMPAT,,0,7,2,,0,,,
HR_SYNERGY,,0,7,2,,0.658690925658111,,,
HR_COMPAT,,0,7,3,,0,,,
HR_SYNERGY,,0,7,3,,0.8370836155345892,,,
HR_COMPAT,,0,7,4,,0,,,
HR_SYNERGY,,0,7,4,,0.8783283226191203,,,
HR_COMPAT,,0,7,5,,1,,,
HR_SYNERGY,,0,7,5,,0.7197717244100553,,,
HR_COMPAT,,0,7,6,,0,,,
HR_SYNERGY,,0,7,6,,0.720331875066178,,,
HR_COMPAT,,0,7,7,,0,,,
HR_SYNERGY,,0,7,7,,0.8839233347477724,,,
HR_COMPAT,,0,8,0,,0,,,
HR_SYNERGY,,0,8,0,,0.8018907722552169,,,
HR_COMPAT,,0,8,1,,1,,,
HR_SYNERGY,,0,8,1,,0.7702746981506852,,,
HR_COMPAT,,0,8,2,,0,,,
HR_SYNERGY,,0,8,2,,0.8980109494712152,,,
HR_COMPAT,,0,8,3,,1,,,
HR_SYNERGY,,0,8,3,,0.8161097839262085,,,
HR_COMPAT,,0,8,4,,0,,,
HR_SYNERGY,,0,8,4,,0.661450023211621,,,
HR_COMPAT,,0,8,5,,1,,,
HR_SYNERGY,,0,8,5,,0.7241270922563519,,,
HR_COMPAT,,0,8,6,,0,,,
HR_SYNERGY,,0,8,6,,0.8505518013184811,,,
HR_COMPAT,,0,8,7,,0,,,
HR_SYNERGY,,0,8,7,,0.7494004455402672,,,
HR_COMPAT,,0,9,0,,0,,,
HR_SYNERGY,,0,9,0,,0.7558997597496878,,,
HR_COMPAT,,0,9,1,,0,,,
HR_SYNERGY,,0,9,1,,0.8681974822587957,,,
HR_COMPAT,,0,9,2,,0,,,
HR_SYNERGY,,0,9,2,,0.8360571421744263,,,
HR_COMPAT,,0,9,3,,1,,,
HR_SYNERGY,,0,9,3,,0.8180631804681884,,,
HR_COMPAT,,0,9,4,,0,,,
HR_SYNERGY,,0,9,4,,0.668292701783477,,,
HR_COMPAT,,0,9,5,,1,,,
HR_SYNERGY,,0,9,5,,0.8901788863964454,,,
HR_COMPAT,,0,9,6,,0,,,
HR_SYNERGY,,0,9,6,,0.7443345977007625,,,
HR_COMPAT,,0,9,7,,0,,,
HR_SYNERGY,,0,9,7,,0.6566190835506506,,,
HR_COMPAT,,1,0,0,,1,,,
HR_SYNERGY,,1,0,0,,0.7767281502482359,,,
HR_COMPAT,,1,0,1,,1,,,
HR_SYNERGY,,1,0,1,,0.828654480918678,,,
HR_COMPAT,,1,0,2,,0,,,
HR_SYNERGY,,1,0,2,,0.8876971766514585,,,
HR_COMPAT,,1,0,3,,0,,,
HR_SYNERGY,,1,0,3,,0.6739479716157888,,,
HR_COMPAT,,1,0,4,,1,,,
HR_SYNERGY,,1,0,4,,0.7742327953608792,,,
HR_COMPAT,,1,0,5,,0,,,
HR_SYNERGY,,1,0,5,,0.7774099545119528,,,
HR_COMPAT,,1,0,6,,0,,,
HR_SYNERGY,,1,0,6,,0.719975453090486,,,
HR_COMPAT,,1,0,7,,1,,,
HR_SYNERGY,,1,0,7,,0.7230185729928484,,,
HR_COMPAT,,1,1,0,,1,,,
HR_SYNERGY,,1,1,0,,0.7862718127964917,,,
HR_COMPAT,,1,1,1,,0,,,
HR_SYNERGY,,1,1,1,,0.8226343019482221,,,
HR_COMPAT,,1,1,2,,1,,,
HR_SYNERGY,,1,1,2,,0.766246517964521,,,
HR_COMPAT,,1,1,3,,0,,,
HR_SYNERGY,,1,1,3,,0.7812378194615581,,,
HR_COMPAT,,1,1,4,,0,,,
HR_SYNERGY,,1,1,4,,0.8167293198803431,,,
HR_COMPAT,,1,1,5,,0,,,
HR_SYNERGY,,1,1,5,,0.7332592730691364,,,
HR_COMPAT,,1,1,6,,0,,,
HR_SYNERGY,,1,1,6,,0.6539596570405432,,,
HR_COMPAT,,1,1,7,,1,,,
HR_SYNERGY,,1,1,7,,0.7950775878093608,,,
HR_COMPAT,,1,2,0,,0,,,
HR_SYNERGY,,1,2,0,,0.7948508340632334,,,
HR_COMPAT,,1,2,1,,1,,,
HR_SYNERGY,,1,2,1,,0.7245305765391583,,,
HR_COMPAT,,1,2,2,,0,,,
HR_SYNERGY,,1,2,2,,0.7355417182404096,,,
HR_COMPAT,,1,2,3,,0,,,
HR_SYNERGY,,1,2,3,,0.7254144744759891,,,
HR_COMPAT,,1,2,4,,1,,,
HR_SYNERGY,,1,2,4,,0.7034222339054367,,,
HR_COMPAT,,1,2,5,,0,,,
HR_SYNERGY,,1,2,5,,0.8875302198592786,,,
HR_COMPAT,,1,2,6,,0,,,
HR_SYNERGY,,1,2,6,,0.7076184216297637,,,
HR_COMPAT,,1,2,7,,1,,,
HR_SYNERGY,,1,2,7,,0.7553166752139835,,,
HR_COMPAT,,1,3,0,,0,,,
HR_SYNERGY,,1,3,0,,0.6834570579790233,,,
HR_COMPAT,,1,3,1,,1,,,
HR_SYNERGY,,1,3,1,,0.7879797526681653,,,
HR_COMPAT,,1,3,2,,1,,,
HR_SYNERGY,,1,3,2,,0.7090461802644984,,,
HR_COMPAT,,1,3,3,,0,,,
HR_SYNERGY,,1,3,3,,0.740332894708039,,,
HR_COMPAT,,1,3,4,,1,,,
HR_SYNERGY,,1,3,4,,0.793811164303369,,,
HR_COMPAT,,1,3,5,,0,,,
HR_SYNERGY,,1,3,5,,0.6625461494338478,,,
HR_COMPAT,,1,3,6,,0,,,
HR_SYNERGY,,1,3,6,,0.6591952475610503,,,
HR_COMPAT,,1,3,7,,1,,,
HR_SYNERGY,,1,3,7,,0.6702840525602896,,,
HR_COMPAT,,1,4,0,,1,,,
HR_SYNERGY,,1,4,0,,0.7549279579132913,,,
HR_COMPAT,,1,4,1,,1,,,
HR_SYNERGY,,1,4,1,,0.8153507290406341,,,
HR_COMPAT,,1,4,2,,1,,,
HR_SYNERGY,,1,4,2,,0.7300381779271263,,,
HR_COMPAT,,1,4,3,,0,,,
HR_SYNERGY,,1,4,3,,0.6823241634108879,,,
HR_COMPAT,,1,4,4,,1,,,
HR_SYNERGY,,1,4,4,,0.8872116193841124,,,
HR_COMPAT,,1,4,5,,0,,,
HR_SYNERGY,,1,4,5,,0.8081607944665707,,,
HR_COMPAT,,1,4,6,,0,,,
HR_SYNERGY,,1,4,6,,0.6972933728486244,,,
HR_COMPAT,,1,4,7,,0,,,
HR_SYNERGY,,1,4,7,,0.7135252790068369,,,
HR_COMPAT,,1,5,0,,1,,,
HR_SYNERGY,,1,5,0,,0.7333557366548638,,,
HR_COMPAT,,1,5,1,,1,,,
HR_SYNERGY,,1,5,1,,0.7686332299824724,,,
HR_COMPAT,,1,5,2,,0,,,
HR_SYNERGY,,1,5,2,,0.6536877615232934,,,
HR_COMPAT,,1,5,3,,0,,,
HR_SYNERGY,,1,5,3,,0.7922338988939028,,,
HR_COMPAT,,1,5,4,,1,,,
HR_SYNERGY,,1,5,4,,0.7238966209455611,,,
HR_COMPAT,,1,5,5,,0,,,
HR_SYNERGY,,1,5,5,,0.777452896393282,,,
HR_COMPAT,,1,5,6,,0,,,
HR_SYNERGY,,1,5,6,,0.889803940651813,,,
HR_COMPAT,,1,5,7,,1,,,
HR_SYNERGY,,1,5,7,,0.7609566361629266,,,
HR_COMPAT,,1,6,0,,0,,,
HR_SYNERGY,,1,6,0,,0.7207071601776333,,,
HR_COMPAT,,1,6,1,,0,,,
HR_SYNERGY,,1,6,1,,0.7884541530522706,,,
HR_COMPAT,,1,6,2,,1,,,
HR_SYNERGY,,1,6,2,,0.718213824190032,,,
HR_COMPAT,,1,6,3,,0,,,
HR_SYNERGY,,1,6,3,,0.7314707806555667,,,
HR_COMPAT,,1,6,4,,1,,,
HR_SYNERGY,,1,6,4,,0.7886981880175061,,,
HR_COMPAT,,1,6,5,,0,,,
HR_SYNERGY,,1,6,5,,0.7073325408368607,,,
HR_COMPAT,,1,6,6,,0,,,
HR_SYNERGY,,1,6,6,,0.7208074540985193,,,
HR_COMPAT,,1,6,7,,1,,,
HR_SYNERGY,,1,6,7,,0.7981754056113094,,,
HR_COMPAT,,1,7,0,,1,,,
HR_SYNERGY,,1,7,0,,0.6687310494781753,,,
HR_COMPAT,,1,7,1,,1,,,
HR_SYNERGY,,1,7,1,,0.7422352013409691,,,
HR_COMPAT,,1,7,2,,1,,,
HR_SYNERGY,,1,7,2,,0.738353781102297,,,
HR_COMPAT,,1,7,3,,0,,,
HR_SYNERGY,,1,7,3,,0.7033209192220069,,,
HR_COMPAT,,1,7,4,,0,,,
HR_SYNERGY,,1,7,4,,0.6935436029708248,,,
HR_COMPAT,,1,7,5,,0,,,
HR_SYNERGY,,1,7,5,,0.875885951435413,,,
HR_COMPAT,,1,7,6,,0,,,
HR_SYNERGY,,1,7,6,,0.7566662356890921,,,
HR_COMPAT,,1,7,7,,1,,,
HR_SYNERGY,,1,7,7,,0.7284702889264756,,,
HR_COMPAT,,1,8,0,,0,,,
HR_SYNERGY,,1,8,0,,0.74283670242891,,,
HR_COMPAT,,1,8,1,,1,,,
HR_SYNERGY,,1,8,1,,0.6944903960563802,,,
HR_COMPAT,,1,8,2,,0,,,
HR_SYNERGY,,1,8,2,,0.805853293735732,,,
HR_COMPAT,,1,8,3,,0,,,
HR_SYNERGY,,1,8,3,,0.6519153448949216,,,
HR_COMPAT,,1,8,4,,1,,,
HR_SYNERGY,,1,8,4,,0.6905894013245644,,,
HR_COMPAT,,1,8,5,,0,,,
HR_SYNERGY,,1,8,5,,0.858072281268846,,,
HR_COMPAT,,1,8,6,,0,,,
HR_SYNERGY,,1,8,6,,0.7244340098533757,,,
HR_COMPAT,,1,8,7,,1,,,
HR_SYNERGY,,1,8,7,,0.7597254178770484,,,
HR_COMPAT,,1,9,0,,1,,,
HR_SYNERGY,,1,9,0,,0.750494572252442,,,
HR_COMPAT,,1,9,1,,1,,,
HR_SYNERGY,,1,9,1,,0.7014606276871052,,,
HR_COMPAT,,1,9,2,,1,,,
HR_SYNERGY,,1,9,2,,0.7078636436652923,,,
HR_COMPAT,,1,9,3,,0,,,
HR_SYNERGY,,1,9,3,,0.8048620439688527,,,
HR_COMPAT,,1,9,4,,0,,,
HR_SYNERGY,,1,9,4,,0.8745087736855102,,,
HR_COMPAT,,1,9,5,,0,,,
HR_SYNERGY,,1,9,5,,0.8576993671383444,,,
HR_COMPAT,,1,9,6,,0,,,
HR_SYNERGY,,1,9,6,,0.7971397325888793,,,
HR_COMPAT,,1,9,7,,1,,,
HR_SYNERGY,,1,9,7,,0.6781349984179368,,,
HR_COMPAT,,2,0,0,,0,,,
HR_SYNERGY,,2,0,0,,0.850024363121787,,,
HR_COMPAT,,2,0,1,,0,,,
HR_SYNERGY,,2,0,1,,0.8177181704631186,,,
HR_COMPAT,,2,0,2,,0,,,
HR_SYNERGY,,2,0,2,,0.739306299846794,,,
HR_COMPAT,,2,0,3,,1,,,
HR_SYNERGY,,2,0,3,,0.8680550389493205,,,
HR_COMPAT,,2,0,4,,1,,,
HR_SYNERGY,,2,0,4,,0.7222382386426369,,,
HR_COMPAT,,2,0,5,,1,,,
HR_SYNERGY,,2,0,5,,0.7235755777116157,,,
HR_COMPAT,,2,0,6,,1,,,
HR_SYNERGY,,2,0,6,,0.7629983130699334,,,
HR_COMPAT,,2,0,7,,0,,,
HR_SYNERGY,,2,0,7,,0.7954383696695351,,,
HR_COMPAT,,2,1,0,,1,,,
HR_SYNERGY,,2,1,0,,0.8769364457582973,,,
HR_COMPAT,,2,1,1,,0,,,
HR_SYNERGY,,2,1,1,,0.8399091789661648,,,
HR_COMPAT,,2,1,2,,0,,,
HR_SYNERGY,,2,1,2,,0.8023479871822841,,,
HR_COMPAT,,2,1,3,,1,,,
HR_SYNERGY,,2,1,3,,0.6929967428475489,,,
HR_COMPAT,,2,1,4,,1,,,
HR_SYNERGY,,2,1,4,,0.8890124967268556,,,
HR_COMPAT,,2,1,5,,1,,,
HR_SYNERGY,,2,1,5,,0.8665618468780412,,,
HR_COMPAT,,2,1,6,,1,,,
HR_SYNERGY,,2,1,6,,0.818047566237389,,,
HR_COMPAT,,2,1,7,,0,,,
HR_SYNERGY,,2,1,7,,0.7149176234207848,,,
HR_COMPAT,,2,2,0,,0,,,
HR_SYNERGY,,2,2,0,,0.7474870465049033,,,
HR_COMPAT,,2,2,1,,0,,,
HR_SYNERGY,,2,2,1,,0.8596787994963142,,,
HR_COMPAT,,2,2,2,,0,,,
HR_SYNERGY,,2,2,2,,0.6717158654370539,,,
HR_COMPAT,,2,2,3,,0,,,
HR_SYNERGY,,2,2,3,,0.7468137598215349,,,
HR_COMPAT,,2,2,4,,1,,,
HR_SYNERGY,,2,2,4,,0.8050427119146589,,,
HR_COMPAT,,2,2,5,,1,,,
HR_SYNERGY,,2,2,5,,0.8813201344051748,,,
HR_COMPAT,,2,2,6,,1,,,
HR_SYNERGY,,2,2,6,,0.744912092689209,,,
HR_COMPAT,,2,2,7,,0,,,
HR_SYNERGY,,2,2,7,,0.8459109832666769,,,
HR_COMPAT,,2,3,0,,0,,,
HR_SYNERGY,,2,3,0,,0.7593582419629425,,,
HR_COMPAT,,2,3,1,,0,,,
HR_SYNERGY,,2,3,1,,0.8691703945237956,,,
HR_COMPAT,,2,3,2,,0,,,
HR_SYNERGY,,2,3,2,,0.7371754039005198,,,
HR_COMPAT,,2,3,3,,1,,,
HR_SYNERGY,,2,3,3,,0.7443697057176055,,,
HR_COMPAT,,2,3,4,,1,,,
HR_SYNERGY,,2,3,4,,0.7589184135564272,,,
HR_COMPAT,,2,3,5,,0,,,
HR_SYNERGY,,2,3,5,,0.7654339783739724,,,
HR_COMPAT,,2,3,6,,0,,,
HR_SYNERGY,,2,3,6,,0.7202333537616481,,,
HR_COMPAT,,2,3,7,,0,,,
HR_SYNERGY,,2,3,7,,0.8513574277466827,,,
HR_COMPAT,,2,4,0,,1,,,
HR_SYNERGY,,2,4,0,,0.7308539127507752,,,
HR_COMPAT,,2,4,1,,0,,,
HR_SYNERGY,,2,4,1,,0.7658125541190466,,,
HR_COMPAT,,2,4,2,,0,,,
HR_SYNERGY,,2,4,2,,0.7743692857429405,,,
HR_COMPAT,,2,4,3,,0,,,
HR_SYNERGY,,2,4,3,,0.762259907473498,,,
HR_COMPAT,,2,4,4,,1,,,
HR_SYNERGY,,2,4,4,,0.7518060248584321,,,
HR_COMPAT,,2,4,5,,1,,,
HR_SYNERGY,,2,4,5,,0.8258863792334221,,,
HR_COMPAT,,2,4,6,,1,,,
HR_SYNERGY,,2,4,6,,0.8436056882801943,,,
HR_COMPAT,,2,4,7,,0,,,
HR_SYNERGY,,2,4,7,,0.6685430105861883,,,
HR_COMPAT,,2,5,0,,1,,,
HR_SYNERGY,,2,5,0,,0.7662804042564264,,,
HR_COMPAT,,2,5,1,,0,,,
HR_SYNERGY,,2,5,1,,0.8154464898478962,,,
HR_COMPAT,,2,5,2,,0,,,
HR_SYNERGY,,2,5,2,,0.7974925281495766,,,
HR_COMPAT,,2,5,3,,0,,,
HR_SYNERGY,,2,5,3,,0.8427762147799945,,,
HR_COMPAT,,2,5,4,,1,,,
HR_SYNERGY,,2,5,4,,0.87835591868578,,,
HR_COMPAT,,2,5,5,,0,,,
HR_SYNERGY,,2,5,5,,0.7165715014308501,,,
HR_COMPAT,,2,5,6,,0,,,
HR_SYNERGY,,2,5,6,,0.6536370283807442,,,
HR_COMPAT,,2,5,7,,0,,,
HR_SYNERGY,,2,5,7,,0.7991611215050528,,,
HR_COMPAT,,2,6,0,,0,,,
HR_SYNERGY,,2,6,0,,0.8460155217112812,,,
HR_COMPAT,,2,6,1,,0,,,
HR_SYNERGY,,2,6,1,,0.7161443192035195,,,
HR_COMPAT,,2,6,2,,0,,,
HR_SYNERGY,,2,6,2,,0.7097747686986766,,,
HR_COMPAT,,2,6,3,,1,,,
HR_SYNERGY,,2,6,3,,0.7453829057127768,,,
HR_COMPAT,,2,6,4,,1,,,
HR_SYNERGY,,2,6,4,,0.6524920988041804,,,
HR_COMPAT,,2,6,5,,1,,,
HR_SYNERGY,,2,6,5,,0.7682389265322286,,,
HR_COMPAT,,2,6,6,,1,,,
HR_SYNERGY,,2,6,6,,0.6885231101188842,,,
HR_COMPAT,,2,6,7,,0,,,
HR_SYNERGY,,2,6,7,,0.8988781618540649,,,
HR_COMPAT,,2,7,0,,1,,,
HR_SYNERGY,,2,7,0,,0.6818733211847601,,,
HR_COMPAT,,2,7,1,,0,,,
HR_SYNERGY,,2,7,1,,0.8585039909420195,,,
HR_COMPAT,,2,7,2,,0,,,
HR_SYNERGY,,2,7,2,,0.7233604310709061,,,
HR_COMPAT,,2,7,3,,0,,,
HR_SYNERGY,,2,7,3,,0.7660231194750291,,,
HR_COMPAT,,2,7,4,,0,,,
HR_SYNERGY,,2,7,4,,0.7628923302421637,,,
HR_COMPAT,,2,7,5,,1,,,
HR_SYNERGY,,2,7,5,,0.6899709089750781,,,
HR_COMPAT,,2,7,6,,0,,,
HR_SYNERGY,,2,7,6,,0.7423497842669964,,,
HR_COMPAT,,2,7,7,,0,,,
HR_SYNERGY,,2,7,7,,0.7734943745660521,,,
HR_COMPAT,,2,8,0,,1,,,
HR_SYNERGY,,2,8,0,,0.8630823632532019,,,
HR_COMPAT,,2,8,1,,0,,,
HR_SYNERGY,,2,8,1,,0.8255807334356928,,,
HR_COMPAT,,2,8,2,,0,,,
HR_SYNERGY,,2,8,2,,0.6961984965845845,,,
HR_COMPAT,,2,8,3,,1,,,
HR_SYNERGY,,2,8,3,,0.749035826643508,,,
HR_COMPAT,,2,8,4,,1,,,
HR_SYNERGY,,2,8,4,,0.8140137323299006,,,
HR_COMPAT,,2,8,5,,1,,,
HR_SYNERGY,,2,8,5,,0.7832872726447383,,,
HR_COMPAT,,2,8,6,,1,,,
HR_SYNERGY,,2,8,6,,0.8514184170300543,,,
HR_COMPAT,,2,8,7,,0,,,
HR_SYNERGY,,2,8,7,,0.78644363726094,,,
HR_COMPAT,,2,9,0,,1,,,
HR_SYNERGY,,2,9,0,,0.8839413602804969,,,
HR_COMPAT,,2,9,1,,0,,,
HR_SYNERGY,,2,9,1,,0.7251765292364177,,,
HR_COMPAT,,2,9,2,,0,,,
HR_SYNERGY,,2,9,2,,0.6620306521673753,,,
HR_COMPAT,,2,9,3,,1,,,
HR_SYNERGY,,2,9,3,,0.6884078538883592,,,
HR_COMPAT,,2,9,4,,0,,,
HR_SYNERGY,,2,9,4,,0.7295665110924308,,,
HR_COMPAT,,2,9,5,,1,,,
HR_SYNERGY,,2,9,5,,0.889823165669487,,,
HR_COMPAT,,2,9,6,,1,,,
HR_SYNERGY,,2,9,6,,0.7803358201659502,,,
HR_COMPAT,,2,9,7,,0,,,
HR_SYNERGY,,2,9,7,,0.6683069234302136,,,
HR_COMPAT,,3,0,0,,1,,,
HR_SYNERGY,,3,0,0,,0.7153803921240176,,,
HR_COMPAT,,3,0,1,,0,,,
HR_SYNERGY,,3,0,1,,0.8753880545771449,,,
HR_COMPAT,,3,0,2,,1,,,
HR_SYNERGY,,3,0,2,,0.7659734978987202,,,
HR_COMPAT,,3,0,3,,0,,,
HR_SYNERGY,,3,0,3,,0.7015893844974511,,,
HR_COMPAT,,3,0,4,,0,,,
HR_SYNERGY,,3,0,4,,0.7314092922429958,,,
HR_COMPAT,,3,0,5,,1,,,
HR_SYNERGY,,3,0,5,,0.781632754064225,,,
HR_COMPAT,,3,0,6,,0,,,
HR_SYNERGY,,3,0,6,,0.8160310400948723,,,
HR_COMPAT,,3,0,7,,1,,,
HR_SYNERGY,,3,0,7,,0.8572723671786919,,,
HR_COMPAT,,3,1,0,,1,,,
HR_SYNERGY,,3,1,0,,0.8058563633838112,,,
HR_COMPAT,,3,1,1,,0,,,
HR_SYNERGY,,3,1,1,,0.8645615593921478,,,
HR_COMPAT,,3,1,2,,0,,,
HR_SYNERGY,,3,1,2,,0.7576611152864362,,,
HR_COMPAT,,3,1,3,,1,,,
HR_SYNERGY,,3,1,3,,0.6673921188852289,,,
HR_COMPAT,,3,1,4,,0,,,
HR_SYNERGY,,3,1,4,,0.7642736054338135,,,
HR_COMPAT,,3,1,5,,1,,,
HR_SYNERGY,,3,1,5,,0.6531498929501725,,,
HR_COMPAT,,3,1,6,,0,,,
HR_SYNERGY,,3,1,6,,0.698709268842223,,,
HR_COMPAT,,3,1,7,,1,,,
HR_SYNERGY,,3,1,7,,0.6982922915576766,,,
HR_COMPAT,,3,2,0,,1,,,
HR_SYNERGY,,3,2,0,,0.7405097851662439,,,
HR_COMPAT,,3,2,1,,0,,,
HR_SYNERGY,,3,2,1,,0.8677044295755504,,,
HR_COMPAT,,3,2,2,,0,,,
HR_SYNERGY,,3,2,2,,0.8533116084425085,,,
HR_COMPAT,,3,2,3,,0,,,
HR_SYNERGY,,3,2,3,,0.698708846141679,,,
HR_COMPAT,,3,2,4,,0,,,
HR_SYNERGY,,3,2,4,,0.7730486783670164,,,
HR_COMPAT,,3,2,5,,1,,,
HR_SYNERGY,,3,2,5,,0.8945550631908372,,,
HR_COMPAT,,3,2,6,,0,,,
HR_SYNERGY,,3,2,6,,0.8221489538043485,,,
HR_COMPAT,,3,2,7,,0,,,
HR_SYNERGY,,3,2,7,,0.6697736113741544,,,
HR_COMPAT,,3,3,0,,0,,,
HR_SYNERGY,,3,3,0,,0.8727878891072457,,,
HR_COMPAT,,3,3,1,,0,,,
HR_SYNERGY,,3,3,1,,0.8790246722939131,,,
HR_COMPAT,,3,3,2,,0,,,
HR_SYNERGY,,3,3,2,,0.834517523028502,,,
HR_COMPAT,,3,3,3,,1,,,
HR_SYNERGY,,3,3,3,,0.6789235184331189,,,
HR_COMPAT,,3,3,4,,0,,,
HR_SYNERGY,,3,3,4,,0.7931608887655435,,,
HR_COMPAT,,3,3,5,,1,,,
HR_SYNERGY,,3,3,5,,0.7662565736730906,,,
HR_COMPAT,,3,3,6,,0,,,
HR_SYNERGY,,3,3,6,,0.672570179756369,,,
HR_COMPAT,,3,3,7,,1,,,
HR_SYNERGY,,3,3,7,,0.7975909803887854,,,
HR_COMPAT,,3,4,0,,1,,,
HR_SYNERGY,,3,4,0,,0.8490255181651378,,,
HR_COMPAT,,3,4,1,,0,,,
HR_SYNERGY,,3,4,1,,0.6940827042778739,,,
HR_COMPAT,,3,4,2,,1,,,
HR_SYNERGY,,3,4,2,,0.7514083200700635,,,
HR_COMPAT,,3,4,3,,1,,,
HR_SYNERGY,,3,4,3,,0.753588971488936,,,
HR_COMPAT,,3,4,4,,0,,,
HR_SYNERGY,,3,4,4,,0.797929850124599,,,
HR_COMPAT,,3,4,5,,1,,,
HR_SYNERGY,,3,4,5,,0.7275145291198517,,,
HR_COMPAT,,3,4,6,,0,,,
HR_SYNERGY,,3,4,6,,0.8846714490321129,,,
HR_COMPAT,,3,4,7,,0,,,
HR_SYNERGY,,3,4,7,,0.8273948169116156,,,
HR_COMPAT,,3,5,0,,1,,,
HR_SYNERGY,,3,5,0,,0.716237909652346,,,
HR_COMPAT,,3,5,1,,0,,,
HR_SYNERGY,,3,5,1,,0.6826425057042216,,,
HR_COMPAT,,3,5,2,,0,,,
HR_SYNERGY,,3,5,2,,0.8570435921956634,,,
HR_COMPAT,,3,5,3,,0,,,
HR_SYNERGY,,3,5,3,,0.7858070926552557,,,
HR_COMPAT,,3,5,4,,0,,,
HR_SYNERGY,,3,5,4,,0.6970114939056095,,,
HR_COMPAT,,3,5,5,,0,,,
HR_SYNERGY,,3,5,5,,0.8697075118727251,,,
HR_COMPAT,,3,5,6,,0,,,
HR_SYNERGY,,3,5,6,,0.7227542888758325,,,
HR_COMPAT,,3,5,7,,1,,,
HR_SYNERGY,,3,5,7,,0.6608499806112031,,,
HR_COMPAT,,3,6,0,,0,,,
HR_SYNERGY,,3,6,0,,0.8411177483298132,,,
HR_COMPAT,,3,6,1,,0,,,
HR_SYNERGY,,3,6,1,,0.8469542560706167,,,
HR_COMPAT,,3,6,2,,1,,,
HR_SYNERGY,,3,6,2,,0.7905429188986403,,,
HR_COMPAT,,3,6,3,,1,,,
HR_SYNERGY,,3,6,3,,0.7723750782480522,,,
HR_COMPAT,,3,6,4,,0,,,
HR_SYNERGY,,3,6,4,,0.8334123093195321,,,
HR_COMPAT,,3,6,5,,1,,,
HR_SYNERGY,,3,6,5,,0.6703888174093795,,,
HR_COMPAT,,3,6,6,,0,,,
HR_SYNERGY,,3,6,6,,0.8618863284700364,,,
HR_COMPAT,,3,6,7,,0,,,
HR_SYNERGY,,3,6,7,,0.8979447691546409,,,
HR_COMPAT,,3,7,0,,1,,,
HR_SYNERGY,,3,7,0,,0.6613390702965006,,,
HR_COMPAT,,3,7,1,,0,,,
HR_SYNERGY,,3,7,1,,0.8369139602912855,,,
HR_COMPAT,,3,7,2,,1,,,
HR_SYNERGY,,3,7,2,,0.6698866934186891,,,
HR_COMPAT,,3,7,3,,0,,,
HR_SYNERGY,,3,7,3,,0.7752346465255305,,,
HR_COMPAT,,3,7,4,,0,,,
HR_SYNERGY,,3,7,4,,0.6681938282611859,,,
HR_COMPAT,,3,7,5,,1,,,
HR_SYNERGY,,3,7,5,,0.7375762157370283,,,
HR_COMPAT,,3,7,6,,0,,,
HR_SYNERGY,,3,7,6,,0.7287209318692237,,,
HR_COMPAT,,3,7,7,,1,,,
HR_SYNERGY,,3,7,7,,0.8361492840681597,,,
HR_COMPAT,,3,8,0,,1,,,
HR_SYNERGY,,3,8,0,,0.8536895350152495,,,
HR_COMPAT,,3,8,1,,0,,,
HR_SYNERGY,,3,8,1,,0.6642320655424871,,,
HR_COMPAT,,3,8,2,,1,,,
HR_SYNERGY,,3,8,2,,0.8820293087139042,,,
HR_COMPAT,,3,8,3,,1,,,
HR_SYNERGY,,3,8,3,,0.7809286061812838,,,
HR_COMPAT,,3,8,4,,0,,,
HR_SYNERGY,,3,8,4,,0.6508357493002302,,,
HR_COMPAT,,3,8,5,,1,,,
HR_SYNERGY,,3,8,5,,0.8746608287408961,,,
HR_COMPAT,,3,8,6,,0,,,
HR_SYNERGY,,3,8,6,,0.6660961470361296,,,
HR_COMPAT,,3,8,7,,1,,,
HR_SYNERGY,,3,8,7,,0.8449302851023607,,,
HR_COMPAT,,3,9,0,,1,,,
HR_SYNERGY,,3,9,0,,0.7268382090843888,,,
HR_COMPAT,,3,9,1,,0,,,
HR_SYNERGY,,3,9,1,,0.8812361204443235,,,
HR_COMPAT,,3,9,2,,1,,,
HR_SYNERGY,,3,9,2,,0.7183151618240063,,,
HR_COMPAT,,3,9,3,,1,,,
HR_SYNERGY,,3,9,3,,0.7213795316258838,,,
HR_COMPAT,,3,9,4,,0,,,
HR_SYNERGY,,3,9,4,,0.8455698413833846,,,
HR_COMPAT,,3,9,5,,1,,,
HR_SYNERGY,,3,9,5,,0.6942190004707914,,,
HR_COMPAT,,3,9,6,,0,,,
HR_SYNERGY,,3,9,6,,0.7709616209508188,,,
HR_COMPAT,,3,9,7,,1,,,
HR_SYNERGY,,3,9,7,,0.6824366440387583,,,
HR_COMPAT,,4,0,0,,1,,,
HR_SYNERGY,,4,0,0,,0.707951339883442,,,
HR_COMPAT,,4,0,1,,1,,,
HR_SYNERGY,,4,0,1,,0.8309819118391044,,,
HR_COMPAT,,4,0,2,,1,,,
HR_SYNERGY,,4,0,2,,0.7423092629194338,,,
HR_COMPAT,,4,0,3,,0,,,
HR_SYNERGY,,4,0,3,,0.800795075542676,,,
HR_COMPAT,,4,0,4,,0,,,
HR_SYNERGY,,4,0,4,,0.6632395254911707,,,
HR_COMPAT,,4,0,5,,1,,,
HR_SYNERGY,,4,0,5,,0.7868394888758488,,,
HR_COMPAT,,4,0,6,,0,,,
HR_SYNERGY,,4,0,6,,0.8127298090438916,,,
HR_COMPAT,,4,0,7,,0,,,
HR_SYNERGY,,4,0,7,,0.7474850992838145,,,
HR_COMPAT,,4,1,0,,1,,,
HR_SYNERGY,,4,1,0,,0.8239919111628674,,,
HR_COMPAT,,4,1,1,,1,,,
HR_SYNERGY,,4,1,1,,0.8000415286865833,,,
HR_COMPAT,,4,1,2,,1,,,
HR_SYNERGY,,4,1,2,,0.8512990062087796,,,
HR_COMPAT,,4,1,3,,1,,,
HR_SYNERGY,,4,1,3,,0.660386428363522,,,
HR_COMPAT,,4,1,4,,1,,,
HR_SYNERGY,,4,1,4,,0.7240228705857468,,,
HR_COMPAT,,4,1,5,,1,,,
HR_SYNERGY,,4,1,5,,0.7765739756527223,,,
HR_COMPAT,,4,1,6,,0,,,
HR_SYNERGY,,4,1,6,,0.8601430501116447,,,
HR_COMPAT,,4,1,7,,1,,,
HR_SYNERGY,,4,1,7,,0.8913660291374279,,,
HR_COMPAT,,4,2,0,,1,,,
HR_SYNERGY,,4,2,0,,0.8106804034786494,,,
HR_COMPAT,,4,2,1,,0,,,
HR_SYNERGY,,4,2,1,,0.8043656756772285,,,
HR_COMPAT,,4,2,2,,0,,,
HR_SYNERGY,,4,2,2,,0.8315532026968643,,,
HR_COMPAT,,4,2,3,,0,,,
HR_SYNERGY,,4,2,3,,0.8430275374960836,,,
HR_COMPAT,,4,2,4,,0,,,
HR_SYNERGY,,4,2,4,,0.8534168409659625,,,
HR_COMPAT,,4,2,5,,0,,,
HR_SYNERGY,,4,2,5,,0.7470827636141841,,,
HR_COMPAT,,4,2,6,,0,,,
HR_SYNERGY,,4,2,6,,0.887732871203929,,,
HR_COMPAT,,4,2,7,,1,,,
HR_SYNERGY,,4,2,7,,0.8463119870799274,,,
HR_COMPAT,,4,3,0,,0,,,
HR_SYNERGY,,4,3,0,,0.6684183224524398,,,
HR_COMPAT,,4,3,1,,1,,,
HR_SYNERGY,,4,3,1,,0.8168335799682838,,,
HR_COMPAT,,4,3,2,,1,,,
HR_SYNERGY,,4,3,2,,0.7652363262908433,,,
HR_COMPAT,,4,3,3,,1,,,
HR_SYNERGY,,4,3,3,,0.7322262982252021,,,
HR_COMPAT,,4,3,4,,1,,,
HR_SYNERGY,,4,3,4,,0.8543402952285553,,,
HR_COMPAT,,4,3,5,,0,,,
HR_SYNERGY,,4,3,5,,0.798330219406767,,,
HR_COMPAT,,4,3,6,,0,,,
HR_SYNERGY,,4,3,6,,0.6839417836063613,,,
HR_COMPAT,,4,3,7,,1,,,
HR_SYNERGY,,4,3,7,,0.8492184836990826,,,
HR_COMPAT,,4,4,0,,1,,,
HR_SYNERGY,,4,4,0,,0.850497886327886,,,
HR_COMPAT,,4,4,1,,1,,,
HR_SYNERGY,,4,4,1,,0.7777385900526775,,,
HR_COMPAT,,4,4,2,,1,,,
HR_SYNERGY,,4,4,2,,0.8264899236445842,,,
HR_COMPAT,,4,4,3,,0,,,
HR_SYNERGY,,4,4,3,,0.7376734794224711,,,
HR_COMPAT,,4,4,4,,1,,,
HR_SYNERGY,,4,4,4,,0.8813631643684572,,,
HR_COMPAT,,4,4,5,,1,,,
HR_SYNERGY,,4,4,5,,0.7862362115595501,,,
HR_COMPAT,,4,4,6,,0,,,
HR_SYNERGY,,4,4,6,,0.8388322075491261,,,
HR_COMPAT,,4,4,7,,0,,,
HR_SYNERGY,,4,4,7,,0.7986814610004692,,,
HR_COMPAT,,4,5,0,,1,,,
HR_SYNERGY,,4,5,0,,0.7769083008984595,,,
HR_COMPAT,,4,5,1,,1,,,
HR_SYNERGY,,4,5,1,,0.7254578868610849,,,
HR_COMPAT,,4,5,2,,0,,,
HR_SYNERGY,,4,5,2,,0.8391426824423572,,,
HR_COMPAT,,4,5,3,,0,,,
HR_SYNERGY,,4,5,3,,0.8081221966495998,,,
HR_COMPAT,,4,5,4,,1,,,
HR_SYNERGY,,4,5,4,,0.7832345706211856,,,
HR_COMPAT,,4,5,5,,1,,,
HR_SYNERGY,,4,5,5,,0.7028420274790872,,,
HR_COMPAT,,4,5,6,,0,,,
HR_SYNERGY,,4,5,6,,0.7447223465080715,,,
HR_COMPAT,,4,5,7,,1,,,
HR_SYNERGY,,4,5,7,,0.8779168978357081,,,
HR_COMPAT,,4,6,0,,0,,,
HR_SYNERGY,,4,6,0,,0.8411725478711786,,,
HR_COMPAT,,4,6,1,,0,,,
HR_SYNERGY,,4,6,1,,0.8719063377143917,,,
HR_COMPAT,,4,6,2,,1,,,
HR_SYNERGY,,4,6,2,,0.7114844677659855,,,
HR_COMPAT,,4,6,3,,1,,,
HR_SYNERGY,,4,6,3,,0.844306146663533,,,
HR_COMPAT,,4,6,4,,0,,,
HR_SYNERGY,,4,6,4,,0.8557398218043332,,,
HR_COMPAT,,4,6,5,,1,,,
HR_SYNERGY,,4,6,5,,0.860425698268742,,,
HR_COMPAT,,4,6,6,,0,,,
HR_SYNERGY,,4,6,6,,0.8659148018101429,,,
HR_COMPAT,,4,6,7,,0,,,
HR_SYNERGY,,4,6,7,,0.744642509359895,,,
HR_COMPAT,,4,7,0,,0,,,
HR_SYNERGY,,4,7,0,,0.652872295676811,,,
HR_COMPAT,,4,7,1,,1,,,
HR_SYNERGY,,4,7,1,,0.719151392472642,,,
HR_COMPAT,,4,7,2,,1,,,
HR_SYNERGY,,4,7,2,,0.7235254417050118,,,
HR_COMPAT,,4,7,3,,0,,,
HR_SYNERGY,,4,7,3,,0.725969186190343,,,
HR_COMPAT,,4,7,4,,0,,,
HR_SYNERGY,,4,7,4,,0.8586128917447824,,,
HR_COMPAT,,4,7,5,,1,,,
HR_SYNERGY,,4,7,5,,0.7478181344019394,,,
HR_COMPAT,,4,7,6,,0,,,
HR_SYNERGY,,4,7,6,,0.7425420374398432,,,
HR_COMPAT,,4,7,7,,1,,,
HR_SYNERGY,,4,7,7,,0.8237838132122002,,,
HR_COMPAT,,4,8,0,,1,,,
HR_SYNERGY,,4,8,0,,0.8329142452840554,,,
HR_COMPAT,,4,8,1,,1,,,
HR_SYNERGY,,4,8,1,,0.8308602680711927,,,
HR_COMPAT,,4,8,2,,1,,,
HR_SYNERGY,,4,8,2,,0.6614878618451554,,,
HR_COMPAT,,4,8,3,,1,,,
HR_SYNERGY,,4,8,3,,0.7293934658312775,,,
HR_COMPAT,,4,8,4,,1,,,
HR_SYNERGY,,4,8,4,,0.8324859913085814,,,
HR_COMPAT,,4,8,5,,1,,,
HR_SYNERGY,,4,8,5,,0.8126947088875311,,,
HR_COMPAT,,4,8,6,,0,,,
HR_SYNERGY,,4,8,6,,0.8828314562211825,,,
HR_COMPAT,,4,8,7,,0,,,
HR_SYNERGY,,4,8,7,,0.766372113497489,,,
HR_COMPAT,,4,9,0,,0,,,
HR_SYNERGY,,4,9,0,,0.7330035756159688,,,
HR_COMPAT,,4,9,1,,1,,,
HR_SYNERGY,,4,9,1,,0.8060464936579902,,,
HR_COMPAT,,4,9,2,,0,,,
HR_SYNERGY,,4,9,2,,0.7984573663542097,,,
HR_COMPAT,,4,9,3,,1,,,
HR_SYNERGY,,4,9,3,,0.675652799972216,,,
HR_COMPAT,,4,9,4,,0,,,
HR_SYNERGY,,4,9,4,,0.7808213476648759,,,
HR_COMPAT,,4,9,5,,0,,,
HR_SYNERGY,,4,9,5,,0.8588149243870794,,,
HR_COMPAT,,4,9,6,,0,,,
HR_SYNERGY,,4,9,6,,0.7378480572287639,,,
HR_COMPAT,,4,9,7,,1,,,
HR_SYNERGY,,4,9,7,,0.8889831664439339,,,
HR_COMPAT,,5,0,0,,1,,,
HR_SYNERGY,,5,0,0,,0.8380373717129274,,,
HR_COMPAT,,5,0,1,,0,,,
HR_SYNERGY,,5,0,1,,0.732988270208389,,,
HR_COMPAT,,5,0,2,,0,,,
HR_SYNERGY,,5,0,2,,0.8260980154682008,,,
HR_COMPAT,,5,0,3,,0,,,
HR_SYNERGY,,5,0,3,,0.7715548434346908,,,
HR_COMPAT,,5,0,4,,1,,,
HR_SYNERGY,,5,0,4,,0.8586703380743483,,,
HR_COMPAT,,5,0,5,,0,,,
HR_SYNERGY,,5,0,5,,0.8561592941727186,,,
HR_COMPAT,,5,0,6,,1,,,
HR_SYNERGY,,5,0,6,,0.7343065741814054,,,
HR_COMPAT,,5,0,7,,0,,,
HR_SYNERGY,,5,0,7,,0.8135493379308683,,,
HR_COMPAT,,5,1,0,,1,,,
HR_SYNERGY,,5,1,0,,0.7258525445912685,,,
HR_COMPAT,,5,1,1,,0,,,
HR_SYNERGY,,5,1,1,,0.6937399549037846,,,
HR_COMPAT,,5,1,2,,0,,,
HR_SYNERGY,,5,1,2,,0.8016233959240544,,,
HR_COMPAT,,5,1,3,,0,,,
HR_SYNERGY,,5,1,3,,0.719516794599966,,,
HR_COMPAT,,5,1,4,,1,,,
HR_SYNERGY,,5,1,4,,0.7235252229227345,,,
HR_COMPAT,,5,1,5,,0,,,
HR_SYNERGY,,5,1,5,,0.678197944576833,,,
HR_COMPAT,,5,1,6,,0,,,
HR_SYNERGY,,5,1,6,,0.7260005677073784,,,
HR_COMPAT,,5,1,7,,0,,,
HR_SYNERGY,,5,1,7,,0.726017161165397,,,
HR_COMPAT,,5,2,0,,1,,,
HR_SYNERGY,,5,2,0,,0.6578928272584224,,,
HR_COMPAT,,5,2,1,,0,,,
HR_SYNERGY,,5,2,1,,0.6907588393636085,,,
HR_COMPAT,,5,2,2,,0,,,
HR_SYNERGY,,5,2,2,,0.8993365212716148,,,
HR_COMPAT,,5,2,3,,0,,,
HR_SYNERGY,,5,2,3,,0.8257620206632186,,,
HR_COMPAT,,5,2,4,,1,,,
HR_SYNERGY,,5,2,4,,0.6999251795805335,,,
HR_COMPAT,,5,2,5,,1,,,
HR_SYNERGY,,5,2,5,,0.720761150605322,,,
HR_COMPAT,,5,2,6,,1,,,
HR_SYNERGY,,5,2,6,,0.8022614353514982,,,
HR_COMPAT,,5,2,7,,0,,,
HR_SYNERGY,,5,2,7,,0.8113888645119769,,,
HR_COMPAT,,5,3,0,,0,,,
HR_SYNERGY,,5,3,0,,0.8809457520377567,,,
HR_COMPAT,,5,3,1,,0,,,
HR_SYNERGY,,5,3,1,,0.7256844487123653,,,
HR_COMPAT,,5,3,2,,0,,,
HR_SYNERGY,,5,3,2,,0.7380174574155244,,,
HR_COMPAT,,5,3,3,,0,,,
HR_SYNERGY,,5,3,3,,0.8873598132789117,,,
HR_COMPAT,,5,3,4,,1,,,
HR_SYNERGY,,5,3,4,,0.7411979099168723,,,
HR_COMPAT,,5,3,5,,1,,,
HR_SYNERGY,,5,3,5,,0.8174370444014238,,,
HR_COMPAT,,5,3,6,,0,,,
HR_SYNERGY,,5,3,6,,0.8935386283917706,,,
HR_COMPAT,,5,3,7,,0,,,
HR_SYNERGY,,5,3,7,,0.7568173823164496,,,
HR_COMPAT,,5,4,0,,1,,,
HR_SYNERGY,,5,4,0,,0.8352684001317225,,,
HR_COMPAT,,5,4,1,,0,,,
HR_SYNERGY,,5,4,1,,0.7940624364106785,,,
HR_COMPAT,,5,4,2,,0,,,
HR_SYNERGY,,5,4,2,,0.8659018050312721,,,
HR_COMPAT,,5,4,3,,0,,,
HR_SYNERGY,,5,4,3,,0.8482163034581489,,,
HR_COMPAT,,5,4,4,,1,,,
HR_SYNERGY,,5,4,4,,0.7227285538269217,,,
HR_COMPAT,,5,4,5,,1,,,
HR_SYNERGY,,5,4,5,,0.8687174334585327,,,
HR_COMPAT,,5,4,6,,1,,,
HR_SYNERGY,,5,4,6,,0.8691735724606546,,,
HR_COMPAT,,5,4,7,,0,,,
HR_SYNERGY,,5,4,7,,0.7054396088852464,,,
HR_COMPAT,,5,5,0,,1,,,
HR_SYNERGY,,5,5,0,,0.7678015144883668,,,
HR_COMPAT,,5,5,1,,0,,,
HR_SYNERGY,,5,5,1,,0.8764587200345934,,,
HR_COMPAT,,5,5,2,,0,,,
HR_SYNERGY,,5,5,2,,0.8587815762305817,,,
HR_COMPAT,,5,5,3,,0,,,
HR_SYNERGY,,5,5,3,,0.6772527332257303,,,
HR_COMPAT,,5,5,4,,1,,,
HR_SYNERGY,,5,5,4,,0.6799259180882626,,,
HR_COMPAT,,5,5,5,,0,,,
HR_SYNERGY,,5,5,5,,0.8620456780174608,,,
HR_COMPAT,,5,5,6,,0,,,
HR_SYNERGY,,5,5,6,,0.6639221992584237,,,
HR_COMPAT,,5,5,7,,0,,,
HR_SYNERGY,,5,5,7,,0.8955949090776764,,,
HR_COMPAT,,5,6,0,,0,,,
HR_SYNERGY,,5,6,0,,0.8346167210435248,,,
HR_COMPAT,,5,6,1,,0,,,
HR_SYNERGY,,5,6,1,,0.8329856032554563,,,
HR_COMPAT,,5,6,2,,0,,,
HR_SYNERGY,,5,6,2,,0.6774538950233653,,,
HR_COMPAT,,5,6,3,,0,,,
HR_SYNERGY,,5,6,3,,0.7205974195203823,,,
HR_COMPAT,,5,6,4,,0,,,
HR_SYNERGY,,5,6,4,,0.677170375205089,,,
HR_COMPAT,,5,6,5,,1,,,
HR_SYNERGY,,5,6,5,,0.7462955446436256,,,
HR_COMPAT,,5,6,6,,0,,,
HR_SYNERGY,,5,6,6,,0.7354556914734885,,,
HR_COMPAT,,5,6,7,,0,,,
HR_SYNERGY,,5,6,7,,0.8142903338441547,,,
HR_COMPAT,,5,7,0,,1,,,
HR_SYNERGY,,5,7,0,,0.771828595396373,,,
HR_COMPAT,,5,7,1,,0,,,
HR_SYNERGY,,5,7,1,,0.8662614237152381,,,
HR_COMPAT,,5,7,2,,0,,,
HR_SYNERGY,,5,7,2,,0.8130400377349098,,,
HR_COMPAT,,5,7,3,,0,,,
HR_SYNERGY,,5,7,3,,0.6792367555571364,,,
HR_COMPAT,,5,7,4,,0,,,
HR_SYNERGY,,5,7,4,,0.6883071257568779,,,
HR_COMPAT,,5,7,5,,1,,,
HR_SYNERGY,,5,7,5,,0.7625181233292713,,,
HR_COMPAT,,5,7,6,,0,,,
HR_SYNERGY,,5,7,6,,0.7142576969954629,,,
HR_COMPAT,,5,7,7,,0,,,
HR_SYNERGY,,5,7,7,,0.8289313705690695,,,
HR_COMPAT,,5,8,0,,1,,,
HR_SYNERGY,,5,8,0,,0.6699934291631151,,,
HR_COMPAT,,5,8,1,,0,,,
HR_SYNERGY,,5,8,1,,0.6588723520479629,,,
HR_COMPAT,,5,8,2,,0,,,
HR_SYNERGY,,5,8,2,,0.6983850758739749,,,
HR_COMPAT,,5,8,3,,0,,,
HR_SYNERGY,,5,8,3,,0.8883885733599606,,,
HR_COMPAT,,5,8,4,,1,,,
HR_SYNERGY,,5,8,4,,0.8635284965507648,,,
HR_COMPAT,,5,8,5,,1,,,
HR_SYNERGY,,5,8,5,,0.7723640428292596,,,
HR_COMPAT,,5,8,6,,1,,,
HR_SYNERGY,,5,8,6,,0.7590324964924362,,,
HR_COMPAT,,5,8,7,,0,,,
HR_SYNERGY,,5,8,7,,0.8310757700265851,,,
HR_COMPAT,,5,9,0,,1,,,
HR_SYNERGY,,5,9,0,,0.8935614598252828,,,
HR_COMPAT,,5,9,1,,0,,,
HR_SYNERGY,,5,9,1,,0.6802157833371317,,,
HR_COMPAT,,5,9,2,,0,,,
HR_SYNERGY,,5,9,2,,0.6742987686937567,,,
HR_COMPAT,,5,9,3,,0,,,
HR_SYNERGY,,5,9,3,,0.7952352426459744,,,
HR_COMPAT,,5,9,4,,0,,,
HR_SYNERGY,,5,9,4,,0.8745355896828888,,,
HR_COMPAT,,5,9,5,,1,,,
HR_SYNERGY,,5,9,5,,0.8614989860577569,,,
HR_COMPAT,,5,9,6,,0,,,
HR_SYNERGY,,5,9,6,,0.8164068638690475,,,
HR_COMPAT,,5,9,7,,0,,,
HR_SYNERGY,,5,9,7,,0.8027028089802036,,,
HR_COMPAT,,6,0,0,,1,,,
HR_SYNERGY,,6,0,0,,0.6787714098434445,,,
HR_COMPAT,,6,0,1,,0,,,
HR_SYNERGY,,6,0,1,,0.7028402396135244,,,
HR_COMPAT,,6,0,2,,1,,,
HR_SYNERGY,,6,0,2,,0.7567096824824355,,,
HR_COMPAT,,6,0,3,,1,,,
HR_SYNERGY,,6,0,3,,0.7132232683334924,,,
HR_COMPAT,,6,0,4,,0,,,
HR_SYNERGY,,6,0,4,,0.7345210436457599,,,
HR_COMPAT,,6,0,5,,0,,,
HR_SYNERGY,,6,0,5,,0.70318745318092,,,
HR_COMPAT,,6,0,6,,0,,,
HR_SYNERGY,,6,0,6,,0.8903846056520275,,,
HR_COMPAT,,6,0,7,,1,,,
HR_SYNERGY,,6,0,7,,0.7626719405245113,,,
HR_COMPAT,,6,1,0,,1,,,
HR_SYNERGY,,6,1,0,,0.8696451075769533,,,
HR_COMPAT,,6,1,1,,0,,,
HR_SYNERGY,,6,1,1,,0.8752713905603257,,,
HR_COMPAT,,6,1,2,,1,,,
HR_SYNERGY,,6,1,2,,0.7252788800369885,,,
HR_COMPAT,,6,1,3,,1,,,
HR_SYNERGY,,6,1,3,,0.8099546588553113,,,
HR_COMPAT,,6,1,4,,0,,,
HR_SYNERGY,,6,1,4,,0.823377480507396,,,
HR_COMPAT,,6,1,5,,0,,,
HR_SYNERGY,,6,1,5,,0.7361656395341801,,,
HR_COMPAT,,6,1,6,,0,,,
HR_SYNERGY,,6,1,6,,0.8700948732976219,,,
HR_COMPAT,,6,1,7,,1,,,
HR_SYNERGY,,6,1,7,,0.7963568127330385,,,
HR_COMPAT,,6,2,0,,1,,,
HR_SYNERGY,,6,2,0,,0.7641160812163001,,,
HR_COMPAT,,6,2,1,,0,,,
HR_SYNERGY,,6,2,1,,0.797633555514906,,,
HR_COMPAT,,6,2,2,,0,,,
HR_SYNERGY,,6,2,2,,0.7632416230242103,,,
HR_COMPAT,,6,2,3,,0,,,
HR_SYNERGY,,6,2,3,,0.791632964738811,,,
HR_COMPAT,,6,2,4,,0,,,
HR_SYNERGY,,6,2,4,,0.8968869135545081,,,
HR_COMPAT,,6,2,5,,0,,,
HR_SYNERGY,,6,2,5,,0.8039396967489579,,,
HR_COMPAT,,6,2,6,,0,,,
HR_SYNERGY,,6,2,6,,0.724816639480806,,,
HR_COMPAT,,6,2,7,,0,,,
HR_SYNERGY,,6,2,7,,0.7828247218516545,,,
HR_COMPAT,,6,3,0,,0,,,
HR_SYNERGY,,6,3,0,,0.6889357559429049,,,
HR_COMPAT,,6,3,1,,0,,,
HR_SYNERGY,,6,3,1,,0.8461977227084791,,,
HR_COMPAT,,6,3,2,,0,,,
HR_SYNERGY,,6,3,2,,0.7202856240267737,,,
HR_COMPAT,,6,3,3,,0,,,
HR_SYNERGY,,6,3,3,,0.8576933228186816,,,
HR_COMPAT,,6,3,4,,0,,,
HR_SYNERGY,,6,3,4,,0.7822595091345539,,,
HR_COMPAT,,6,3,5,,0,,,
HR_SYNERGY,,6,3,5,,0.8174139035975997,,,
HR_COMPAT,,6,3,6,,0,,,
HR_SYNERGY,,6,3,6,,0.7120738980623256,,,
HR_COMPAT,,6,3,7,,1,,,
HR_SYNERGY,,6,3,7,,0.7718877266629566,,,
HR_COMPAT,,6,4,0,,1,,,
HR_SYNERGY,,6,4,0,,0.6960887014071646,,,
HR_COMPAT,,6,4,1,,0,,,
HR_SYNERGY,,6,4,1,,0.7554192266640889,,,
HR_COMPAT,,6,4,2,,1,,,
HR_SYNERGY,,6,4,2,,0.7464215434533262,,,
HR_COMPAT,,6,4,3,,1,,,
HR_SYNERGY,,6,4,3,,0.7717553746315774,,,
HR_COMPAT,,6,4,4,,0,,,
HR_SYNERGY,,6,4,4,,0.6651596201700233,,,
HR_COMPAT,,6,4,5,,0,,,
HR_SYNERGY,,6,4,5,,0.6794993099047352,,,
HR_COMPAT,,6,4,6,,0,,,
HR_SYNERGY,,6,4,6,,0.7633061750992378,,,
HR_COMPAT,,6,4,7,,0,,,
HR_SYNERGY,,6,4,7,,0.821377310440277,,,
HR_COMPAT,,6,5,0,,1,,,
HR_SYNERGY,,6,5,0,,0.6832848475921303,,,
HR_COMPAT,,6,5,1,,0,,,
HR_SYNERGY,,6,5,1,,0.7723715044682143,,,
HR_COMPAT,,6,5,2,,0,,,
HR_SYNERGY,,6,5,2,,0.6986216701115565,,,
HR_COMPAT,,6,5,3,,0,,,
HR_SYNERGY,,6,5,3,,0.7027471093812014,,,
HR_COMPAT,,6,5,4,,0,,,
HR_SYNERGY,,6,5,4,,0.7723583211438465,,,
HR_COMPAT,,6,5,5,,0,,,
HR_SYNERGY,,6,5,5,,0.800561043796667,,,
HR_COMPAT,,6,5,6,,0,,,
HR_SYNERGY,,6,5,6,,0.7423218423790146,,,
HR_COMPAT,,6,5,7,,1,,,
HR_SYNERGY,,6,5,7,,0.7949212871782871,,,
HR_COMPAT,,6,6,0,,0,,,
HR_SYNERGY,,6,6,0,,0.6580176839005959,,,
HR_COMPAT,,6,6,1,,0,,,
HR_SYNERGY,,6,6,1,,0.7666919215264927,,,
HR_COMPAT,,6,6,2,,0,,,
HR_SYNERGY,,6,6,2,,0.8252244190194344,,,
HR_COMPAT,,6,6,3,,0,,,
HR_SYNERGY,,6,6,3,,0.8401329909572081,,,
HR_COMPAT,,6,6,4,,0,,,
HR_SYNERGY,,6,6,4,,0.69113748978579,,,
HR_COMPAT,,6,6,5,,0,,,
HR_SYNERGY,,6,6,5,,0.8399921190671638,,,
HR_COMPAT,,6,6,6,,0,,,
HR_SYNERGY,,6,6,6,,0.7440259316144179,,,
HR_COMPAT,,6,6,7,,1,,,
HR_SYNERGY,,6,6,7,,0.6579630178222551,,,
HR_COMPAT,,6,7,0,,0,,,
HR_SYNERGY,,6,7,0,,0.8098791199708426,,,
HR_COMPAT,,6,7,1,,0,,,
HR_SYNERGY,,6,7,1,,0.8691952127490091,,,
HR_COMPAT,,6,7,2,,1,,,
HR_SYNERGY,,6,7,2,,0.7998290268060839,,,
HR_COMPAT,,6,7,3,,0,,,
HR_SYNERGY,,6,7,3,,0.6559183830741275,,,
HR_COMPAT,,6,7,4,,0,,,
HR_SYNERGY,,6,7,4,,0.7768485465769902,,,
HR_COMPAT,,6,7,5,,0,,,
HR_SYNERGY,,6,7,5,,0.6915712333019548,,,
HR_COMPAT,,6,7,6,,0,,,
HR_SYNERGY,,6,7,6,,0.737476998943712,,,
HR_COMPAT,,6,7,7,,0,,,
HR_SYNERGY,,6,7,7,,0.8541558766505954,,,
HR_COMPAT,,6,8,0,,1,,,
HR_SYNERGY,,6,8,0,,0.6557310979436644,,,
HR_COMPAT,,6,8,1,,0,,,
HR_SYNERGY,,6,8,1,,0.8635178422316308,,,
HR_COMPAT,,6,8,2,,1,,,
HR_SYNERGY,,6,8,2,,0.8683810525547658,,,
HR_COMPAT,,6,8,3,,1,,,
HR_SYNERGY,,6,8,3,,0.8078830616060617,,,
HR_COMPAT,,6,8,4,,0,,,
HR_SYNERGY,,6,8,4,,0.7552747680698869,,,
HR_COMPAT,,6,8,5,,0,,,
HR_SYNERGY,,6,8,5,,0.6980349995776023,,,
HR_COMPAT,,6,8,6,,0,,,
HR_SYNERGY,,6,8,6,,0.7864645117324057,,,
HR_COMPAT,,6,8,7,,1,,,
HR_SYNERGY,,6,8,7,,0.7523925323748281,,,
HR_COMPAT,,6,9,0,,0,,,
HR_SYNERGY,,6,9,0,,0.8823331228964236,,,
HR_COMPAT,,6,9,1,,0,,,
HR_SYNERGY,,6,9,1,,0.8612232679422285,,,
HR_COMPAT,,6,9,2,,1,,,
HR_SYNERGY,,6,9,2,,0.8142322716674889,,,
HR_COMPAT,,6,9,3,,1,,,
HR_SYNERGY,,6,9,3,,0.7093615308286337,,,
HR_COMPAT,,6,9,4,,0,,,
HR_SYNERGY,,6,9,4,,0.7243877278767729,,,
HR_COMPAT,,6,9,5,,0,,,
HR_SYNERGY,,6,9,5,,0.7324561300368145,,,
HR_COMPAT,,6,9,6,,0,,,
HR_SYNERGY,,6,9,6,,0.8723094332261805,,,
HR_COMPAT,,6,9,7,,1,,,
HR_SYNERGY,,6,9,7,,0.8195180964293348,,,
HR_COMPAT,,7,0,0,,0,,,
HR_SYNERGY,,7,0,0,,0.7227245815133236,,,
HR_COMPAT,,7,0,1,,0,,,
HR_SYNERGY,,7,0,1,,0.8470884110444266,,,
HR_COMPAT,,7,0,2,,0,,,
HR_SYNERGY,,7,0,2,,0.8283496457541348,,,
HR_COMPAT,,7,0,3,,1,,,
HR_SYNERGY,,7,0,3,,0.8830008871859458,,,
HR_COMPAT,,7,0,4,,1,,,
HR_SYNERGY,,7,0,4,,0.7170414322785469,,,
HR_COMPAT,,7,0,5,,0,,,
HR_SYNERGY,,7,0,5,,0.788308300555328,,,
HR_COMPAT,,7,0,6,,0,,,
HR_SYNERGY,,7,0,6,,0.830736621118146,,,
HR_COMPAT,,7,0,7,,1,,,
HR_SYNERGY,,7,0,7,,0.6887147424047058,,,
HR_COMPAT,,7,1,0,,0,,,
HR_SYNERGY,,7,1,0,,0.7921445970923541,,,
HR_COMPAT,,7,1,1,,0,,,
HR_SYNERGY,,7,1,1,,0.7676548321100258,,,
HR_COMPAT,,7,1,2,,0,,,
HR_SYNERGY,,7,1,2,,0.8363848832563181,,,
HR_COMPAT,,7,1,3,,1,,,
HR_SYNERGY,,7,1,3,,0.7696825099676263,,,
HR_COMPAT,,7,1,4,,1,,,
HR_SYNERGY,,7,1,4,,0.8670416446654032,,,
HR_COMPAT,,7,1,5,,0,,,
HR_SYNERGY,,7,1,5,,0.6823794688822407,,,
HR_COMPAT,,7,1,6,,0,,,
HR_SYNERGY,,7,1,6,,0.6792212291275008,,,
HR_COMPAT,,7,1,7,,1,,,
HR_SYNERGY,,7,1,7,,0.8440312369907557,,,
HR_COMPAT,,7,2,0,,0,,,
HR_SYNERGY,,7,2,0,,0.8802679507849838,,,
HR_COMPAT,,7,2,1,,0,,,
HR_SYNERGY,,7,2,1,,0.6580561360665147,,,
HR_COMPAT,,7,2,2,,0,,,
HR_SYNERGY,,7,2,2,,0.7141571070827735,,,
HR_COMPAT,,7,2,3,,0,,,
HR_SYNERGY,,7,2,3,,0.7112102514998851,,,
HR_COMPAT,,7,2,4,,1,,,
HR_SYNERGY,,7,2,4,,0.7712074223486035,,,
HR_COMPAT,,7,2,5,,0,,,
HR_SYNERGY,,7,2,5,,0.8003922139146975,,,
HR_COMPAT,,7,2,6,,0,,,
HR_SYNERGY,,7,2,6,,0.7598212759018119,,,
HR_COMPAT,,7,2,7,,0,,,
HR_SYNERGY,,7,2,7,,0.8336799071450007,,,
HR_COMPAT,,7,3,0,,0,,,
HR_SYNERGY,,7,3,0,,0.6939081395630049,,,
HR_COMPAT,,7,3,1,,0,,,
HR_SYNERGY,,7,3,1,,0.8473049587755783,,,
HR_COMPAT,,7,3,2,,0,,,
HR_SYNERGY,,7,3,2,,0.7485142938366146,,,
HR_COMPAT,,7,3,3,,1,,,
HR_SYNERGY,,7,3,3,,0.7153642369919097,,,
HR_COMPAT,,7,3,4,,0,,,
HR_SYNERGY,,7,3,4,,0.8289681116491502,,,
HR_COMPAT,,7,3,5,,0,,,
HR_SYNERGY,,7,3,5,,0.8489713114717679,,,
HR_COMPAT,,7,3,6,,0,,,
HR_SYNERGY,,7,3,6,,0.8078087671641012,,,
HR_COMPAT,,7,3,7,,1,,,
HR_SYNERGY,,7,3,7,,0.795482663477905,,,
HR_COMPAT,,7,4,0,,0,,,
HR_SYNERGY,,7,4,0,,0.7485297467080265,,,
HR_COMPAT,,7,4,1,,0,,,
HR_SYNERGY,,7,4,1,,0.6538018844070099,,,
HR_COMPAT,,7,4,2,,0,,,
HR_SYNERGY,,7,4,2,,0.8164519652751592,,,
HR_COMPAT,,7,4,3,,1,,,
HR_SYNERGY,,7,4,3,,0.8155017496233444,,,
HR_COMPAT,,7,4,4,,1,,,
HR_SYNERGY,,7,4,4,,0.8021835316863908,,,
HR_COMPAT,,7,4,5,,0,,,
HR_SYNERGY,,7,4,5,,0.8573666479296784,,,
HR_COMPAT,,7,4,6,,0,,,
HR_SYNERGY,,7,4,6,,0.6648678397780948,,,
HR_COMPAT,,7,4,7,,0,,,
HR_SYNERGY,,7,4,7,,0.8904880290636107,,,
HR_COMPAT,,7,5,0,,0,,,
HR_SYNERGY,,7,5,0,,0.7971071074684558,,,
HR_COMPAT,,7,5,1,,0,,,
HR_SYNERGY,,7,5,1,,0.8213173379662804,,,
HR_COMPAT,,7,5,2,,0,,,
HR_SYNERGY,,7,5,2,,0.6878768776470554,,,
HR_COMPAT,,7,5,3,,0,,,
HR_SYNERGY,,7,5,3,,0.6502177891418556,,,
HR_COMPAT,,7,5,4,,1,,,
HR_SYNERGY,,7,5,4,,0.7715684893960959,,,
HR_COMPAT,,7,5,5,,0,,,
HR_SYNERGY,,7,5,5,,0.7456702346709377,,,
HR_COMPAT,,7,5,6,,0,,,
HR_SYNERGY,,7,5,6,,0.7128190979397021,,,
HR_COMPAT,,7,5,7,,1,,,
HR_SYNERGY,,7,5,7,,0.7747254002659163,,,
HR_COMPAT,,7,6,0,,0,,,
HR_SYNERGY,,7,6,0,,0.8971660897469609,,,
HR_COMPAT,,7,6,1,,0,,,
HR_SYNERGY,,7,6,1,,0.8655100774636444,,,
HR_COMPAT,,7,6,2,,0,,,
HR_SYNERGY,,7,6,2,,0.7563287747574015,,,
HR_COMPAT,,7,6,3,,1,,,
HR_SYNERGY,,7,6,3,,0.6751052718157232,,,
HR_COMPAT,,7,6,4,,0,,,
HR_SYNERGY,,7,6,4,,0.7372878160806711,,,
HR_COMPAT,,7,6,5,,0,,,
HR_SYNERGY,,7,6,5,,0.7761076088763009,,,
HR_COMPAT,,7,6,6,,0,,,
HR_SYNERGY,,7,6,6,,0.791371554759334,,,
HR_COMPAT,,7,6,7,,1,,,
HR_SYNERGY,,7,6,7,,0.6954758669899427,,,
HR_COMPAT,,7,7,0,,0,,,
HR_SYNERGY,,7,7,0,,0.8265698692531698,,,
HR_COMPAT,,7,7,1,,0,,,
HR_SYNERGY,,7,7,1,,0.8957637498820621,,,
HR_COMPAT,,7,7,2,,0,,,
HR_SYNERGY,,7,7,2,,0.7848037522168626,,,
HR_COMPAT,,7,7,3,,0,,,
HR_SYNERGY,,7,7,3,,0.6937714026566595,,,
HR_COMPAT,,7,7,4,,0,,,
HR_SYNERGY,,7,7,4,,0.8380252194984505,,,
HR_COMPAT,,7,7,5,,0,,,
HR_SYNERGY,,7,7,5,,0.7037273186339343,,,
HR_COMPAT,,7,7,6,,0,,,
HR_SYNERGY,,7,7,6,,0.6633390623264662,,,
HR_COMPAT,,7,7,7,,0,,,
HR_SYNERGY,,7,7,7,,0.8232708239213464,,,
HR_COMPAT,,7,8,0,,0,,,
HR_SYNERGY,,7,8,0,,0.7479042639212761,,,
HR_COMPAT,,7,8,1,,0,,,
HR_SYNERGY,,7,8,1,,0.8457870932897391,,,
HR_COMPAT,,7,8,2,,0,,,
HR_SYNERGY,,7,8,2,,0.710249962365176,,,
HR_COMPAT,,7,8,3,,0,,,
HR_SYNERGY,,7,8,3,,0.7927972980354778,,,
HR_COMPAT,,7,8,4,,1,,,
HR_SYNERGY,,7,8,4,,0.8697040516009364,,,
HR_COMPAT,,7,8,5,,0,,,
HR_SYNERGY,,7,8,5,,0.6793347868349789,,,
HR_COMPAT,,7,8,6,,0,,,
HR_SYNERGY,,7,8,6,,0.836283902997458,,,
HR_COMPAT,,7,8,7,,0,,,
HR_SYNERGY,,7,8,7,,0.8084936484847309,,,
HR_COMPAT,,7,9,0,,0,,,
HR_SYNERGY,,7,9,0,,0.7880386130868754,,,
HR_COMPAT,,7,9,1,,0,,,
HR_SYNERGY,,7,9,1,,0.7975351183130605,,,
HR_COMPAT,,7,9,2,,0,,,
HR_SYNERGY,,7,9,2,,0.6691511785370129,,,
HR_COMPAT,,7,9,3,,1,,,
HR_SYNERGY,,7,9,3,,0.6594085430667305,,,
HR_COMPAT,,7,9,4,,0,,,
HR_SYNERGY,,7,9,4,,0.8543840185278071,,,
HR_COMPAT,,7,9,5,,0,,,
HR_SYNERGY,,7,9,5,,0.878569289943683,,,
HR_COMPAT,,7,9,6,,0,,,
HR_SYNERGY,,7,9,6,,0.7916006108371755,,,
HR_COMPAT,,7,9,7,,1,,,
HR_SYNERGY,,7,9,7,,0.8376735273271565,,,
HR_COMPAT,,8,0,0,,0,,,
HR_SYNERGY,,8,0,0,,0.7052165038817427,,,
HR_COMPAT,,8,0,1,,0,,,
HR_SYNERGY,,8,0,1,,0.725900290880135,,,
HR_COMPAT,,8,0,2,,0,,,
HR_SYNERGY,,8,0,2,,0.7406804989566731,,,
HR_COMPAT,,8,0,3,,0,,,
HR_SYNERGY,,8,0,3,,0.8081094593829967,,,
HR_COMPAT,,8,0,4,,1,,,
HR_SYNERGY,,8,0,4,,0.836316908160881,,,
HR_COMPAT,,8,0,5,,0,,,
HR_SYNERGY,,8,0,5,,0.779002402952168,,,
HR_COMPAT,,8,0,6,,1,,,
HR_SYNERGY,,8,0,6,,0.8804858734732905,,,
HR_COMPAT,,8,0,7,,1,,,
HR_SYNERGY,,8,0,7,,0.8496622155976019,,,
HR_COMPAT,,8,1,0,,0,,,
HR_SYNERGY,,8,1,0,,0.8215457905522433,,,
HR_COMPAT,,8,1,1,,1,,,
HR_SYNERGY,,8,1,1,,0.6947784829282095,,,
HR_COMPAT,,8,1,2,,0,,,
HR_SYNERGY,,8,1,2,,0.6762377537856034,,,
HR_COMPAT,,8,1,3,,0,,,
HR_SYNERGY,,8,1,3,,0.6605058926750063,,,
HR_COMPAT,,8,1,4,,1,,,
HR_SYNERGY,,8,1,4,,0.7135980495257752,,,
HR_COMPAT,,8,1,5,,0,,,
HR_SYNERGY,,8,1,5,,0.761940169438003,,,
HR_COMPAT,,8,1,6,,1,,,
HR_SYNERGY,,8,1,6,,0.7563092717193145,,,
HR_COMPAT,,8,1,7,,0,,,
HR_SYNERGY,,8,1,7,,0.8902090203490878,,,
HR_COMPAT,,8,2,0,,0,,,
HR_SYNERGY,,8,2,0,,0.7852361011230335,,,
HR_COMPAT,,8,2,1,,1,,,
HR_SYNERGY,,8,2,1,,0.6914794262699133,,,
HR_COMPAT,,8,2,2,,0,,,
HR_SYNERGY,,8,2,2,,0.6855209661562478,,,
HR_COMPAT,,8,2,3,,0,,,
HR_SYNERGY,,8,2,3,,0.6640200131352132,,,
HR_COMPAT,,8,2,4,,1,,,
HR_SYNERGY,,8,2,4,,0.8343726639790319,,,
HR_COMPAT,,8,2,5,,0,,,
HR_SYNERGY,,8,2,5,,0.8342979803267898,,,
HR_COMPAT,,8,2,6,,1,,,
HR_SYNERGY,,8,2,6,,0.8268385695195622,,,
HR_COMPAT,,8,2,7,,1,,,
HR_SYNERGY,,8,2,7,,0.8953107940425487,,,
HR_COMPAT,,8,3,0,,0,,,
HR_SYNERGY,,8,3,0,,0.842469697144474,,,
HR_COMPAT,,8,3,1,,1,,,
HR_SYNERGY,,8,3,1,,0.6758421945265843,,,
HR_COMPAT,,8,3,2,,0,,,
HR_SYNERGY,,8,3,2,,0.7148057396698463,,,
HR_COMPAT,,8,3,3,,0,,,
HR_SYNERGY,,8,3,3,,0.8512475428495793,,,
HR_COMPAT,,8,3,4,,1,,,
HR_SYNERGY,,8,3,4,,0.6779101313640765,,,
HR_COMPAT,,8,3,5,,0,,,
HR_SYNERGY,,8,3,5,,0.7725036358232401,,,
HR_COMPAT,,8,3,6,,0,,,
HR_SYNERGY,,8,3,6,,0.6869372912018099,,,
HR_COMPAT,,8,3,7,,0,,,
HR_SYNERGY,,8,3,7,,0.6938402681402136,,,
HR_COMPAT,,8,4,0,,0,,,
HR_SYNERGY,,8,4,0,,0.6600146215900635,,,
HR_COMPAT,,8,4,1,,1,,,
HR_SYNERGY,,8,4,1,,0.6796323517841074,,,
HR_COMPAT,,8,4,2,,0,,,
HR_SYNERGY,,8,4,2,,0.7017926731032578,,,
HR_COMPAT,,8,4,3,,0,,,
HR_SYNERGY,,8,4,3,,0.8675004602666161,,,
HR_COMPAT,,8,4,4,,1,,,
HR_SYNERGY,,8,4,4,,0.7770108371079337,,,
HR_COMPAT,,8,4,5,,0,,,
HR_SYNERGY,,8,4,5,,0.8296949551854975,,,
HR_COMPAT,,8,4,6,,1,,,
HR_SYNERGY,,8,4,6,,0.7622159158688324,,,
HR_COMPAT,,8,4,7,,0,,,
HR_SYNERGY,,8,4,7,,0.6650032186394552,,,
HR_COMPAT,,8,5,0,,0,,,
HR_SYNERGY,,8,5,0,,0.7473622908162507,,,
HR_COMPAT,,8,5,1,,0,,,
HR_SYNERGY,,8,5,1,,0.8898577019561319,,,
HR_COMPAT,,8,5,2,,0,,,
HR_SYNERGY,,8,5,2,,0.7161953919552035,,,
HR_COMPAT,,8,5,3,,0,,,
HR_SYNERGY,,8,5,3,,0.8486013349564278,,,
HR_COMPAT,,8,5,4,,1,,,
HR_SYNERGY,,8,5,4,,0.7457768004900602,,,
HR_COMPAT,,8,5,5,,0,,,
HR_SYNERGY,,8,5,5,,0.8895339866858232,,,
HR_COMPAT,,8,5,6,,0,,,
HR_SYNERGY,,8,5,6,,0.7262576586211907,,,
HR_COMPAT,,8,5,7,,0,,,
HR_SYNERGY,,8,5,7,,0.709488049373246,,,
HR_COMPAT,,8,6,0,,0,,,
HR_SYNERGY,,8,6,0,,0.7636932271581066,,,
HR_COMPAT,,8,6,1,,1,,,
HR_SYNERGY,,8,6,1,,0.7080819353117161,,,
HR_COMPAT,,8,6,2,,0,,,
HR_SYNERGY,,8,6,2,,0.6643405457922638,,,
HR_COMPAT,,8,6,3,,0,,,
HR_SYNERGY,,8,6,3,,0.781079266137673,,,
HR_COMPAT,,8,6,4,,1,,,
HR_SYNERGY,,8,6,4,,0.7218807692734351,,,
HR_COMPAT,,8,6,5,,0,,,
HR_SYNERGY,,8,6,5,,0.8943031116188148,,,
HR_COMPAT,,8,6,6,,0,,,
HR_SYNERGY,,8,6,6,,0.6589082060270874,,,
HR_COMPAT,,8,6,7,,1,,,
HR_SYNERGY,,8,6,7,,0.733062343423335,,,
HR_COMPAT,,8,7,0,,0,,,
HR_SYNERGY,,8,7,0,,0.8235659295812814,,,
HR_COMPAT,,8,7,1,,1,,,
HR_SYNERGY,,8,7,1,,0.6704761637606856,,,
HR_COMPAT,,8,7,2,,0,,,
HR_SYNERGY,,8,7,2,,0.8267988839292082,,,
HR_COMPAT,,8,7,3,,0,,,
HR_SYNERGY,,8,7,3,,0.8519455933587862,,,
HR_COMPAT,,8,7,4,,0,,,
HR_SYNERGY,,8,7,4,,0.7900405216725986,,,
HR_COMPAT,,8,7,5,,0,,,
HR_SYNERGY,,8,7,5,,0.7459736210002718,,,
HR_COMPAT,,8,7,6,,0,,,
HR_SYNERGY,,8,7,6,,0.6933002640499334,,,
HR_COMPAT,,8,7,7,,1,,,
HR_SYNERGY,,8,7,7,,0.8864239773806651,,,
HR_COMPAT,,8,8,0,,0,,,
HR_SYNERGY,,8,8,0,,0.8644429103180907,,,
HR_COMPAT,,8,8,1,,1,,,
HR_SYNERGY,,8,8,1,,0.7302488437257569,,,
HR_COMPAT,,8,8,2,,0,,,
HR_SYNERGY,,8,8,2,,0.8859723375167367,,,
HR_COMPAT,,8,8,3,,0,,,
HR_SYNERGY,,8,8,3,,0.7448706803085308,,,
HR_COMPAT,,8,8,4,,1,,,
HR_SYNERGY,,8,8,4,,0.8402707900166625,,,
HR_COMPAT,,8,8,5,,0,,,
HR_SYNERGY,,8,8,5,,0.7720788114896218,,,
HR_COMPAT,,8,8,6,,1,,,
HR_SYNERGY,,8,8,6,,0.8499304049273514,,,
HR_COMPAT,,8,8,7,,1,,,
HR_SYNERGY,,8,8,7,,0.8829311422053041,,,
HR_COMPAT,,8,9,0,,0,,,
HR_SYNERGY,,8,9,0,,0.8082564800771508,,,
HR_COMPAT,,8,9,1,,1,,,
HR_SYNERGY,,8,9,1,,0.6744957648161715,,,
HR_COMPAT,,8,9,2,,0,,,
HR_SYNERGY,,8,9,2,,0.7633721499017924,,,
HR_COMPAT,,8,9,3,,0,,,
HR_SYNERGY,,8,9,3,,0.7366395658108886,,,
HR_COMPAT,,8,9,4,,0,,,
HR_SYNERGY,,8,9,4,,0.7589484288498138,,,
HR_COMPAT,,8,9,5,,0,,,
HR_SYNERGY,,8,9,5,,0.658630856333337,,,
HR_COMPAT,,8,9,6,,1,,,
HR_SYNERGY,,8,9,6,,0.8914698856866055,,,
HR_COMPAT,,8,9,7,,0,,,
HR_SYNERGY,,8,9,7,,0.7621694270432136,,,
HR_COMPAT,,9,0,0,,0,,,
HR_SYNERGY,,9,0,0,,0.8466065510055794,,,
HR_COMPAT,,9,0,1,,1,,,
HR_SYNERGY,,9,0,1,,0.6632179209504989,,,
HR_COMPAT,,9,0,2,,1,,,
HR_SYNERGY,,9,0,2,,0.8169250390484646,,,
HR_COMPAT,,9,0,3,,0,,,
HR_SYNERGY,,9,0,3,,0.6948072206150205,,,
HR_COMPAT,,9,0,4,,0,,,
HR_SYNERGY,,9,0,4,,0.8831152981288133,,,
HR_COMPAT,,9,0,5,,0,,,
HR_SYNERGY,,9,0,5,,0.6703472307323575,,,
HR_COMPAT,,9,0,6,,0,,,
HR_SYNERGY,,9,0,6,,0.8513220820987564,,,
HR_COMPAT,,9,0,7,,1,,,
HR_SYNERGY,,9,0,7,,0.8065270584545523,,,
HR_COMPAT,,9,1,0,,0,,,
HR_SYNERGY,,9,1,0,,0.6517048040248556,,,
HR_COMPAT,,9,1,1,,1,,,
HR_SYNERGY,,9,1,1,,0.7832682480463073,,,
HR_COMPAT,,9,1,2,,1,,,
HR_SYNERGY,,9,1,2,,0.8308321233102264,,,
HR_COMPAT,,9,1,3,,0,,,
HR_SYNERGY,,9,1,3,,0.8101265445859791,,,
HR_COMPAT,,9,1,4,,1,,,
HR_SYNERGY,,9,1,4,,0.6597123602185677,,,
HR_COMPAT,,9,1,5,,0,,,
HR_SYNERGY,,9,1,5,,0.7345952019439987,,,
HR_COMPAT,,9,1,6,,1,,,
HR_SYNERGY,,9,1,6,,0.7361867605679466,,,
HR_COMPAT,,9,1,7,,1,,,
HR_SYNERGY,,9,1,7,,0.797549055614114,,,
HR_COMPAT,,9,2,0,,0,,,
HR_SYNERGY,,9,2,0,,0.7313230204279813,,,
HR_COMPAT,,9,2,1,,1,,,
HR_SYNERGY,,9,2,1,,0.8830804031355177,,,
HR_COMPAT,,9,2,2,,0,,,
HR_SYNERGY,,9,2,2,,0.8272293999816573,,,
HR_COMPAT,,9,2,3,,0,,,
HR_SYNERGY,,9,2,3,,0.6912902985204995,,,
HR_COMPAT,,9,2,4,,1,,,
HR_SYNERGY,,9,2,4,,0.7945596394014215,,,
HR_COMPAT,,9,2,5,,0,,,
HR_SYNERGY,,9,2,5,,0.6652514197639291,,,
HR_COMPAT,,9,2,6,,1,,,
HR_SYNERGY,,9,2,6,,0.8668113453687647,,,
HR_COMPAT,,9,2,7,,0,,,
HR_SYNERGY,,9,2,7,,0.7026664383423945,,,
HR_COMPAT,,9,3,0,,0,,,
HR_SYNERGY,,9,3,0,,0.7496748193542869,,,
HR_COMPAT,,9,3,1,,1,,,
HR_SYNERGY,,9,3,1,,0.8816756125723718,,,
HR_COMPAT,,9,3,2,,1,,,
HR_SYNERGY,,9,3,2,,0.8323542240965511,,,
HR_COMPAT,,9,3,3,,0,,,
HR_SYNERGY,,9,3,3,,0.7767900743873919,,,
HR_COMPAT,,9,3,4,,1,,,
HR_SYNERGY,,9,3,4,,0.8824471753526157,,,
HR_COMPAT,,9,3,5,,0,,,
HR_SYNERGY,,9,3,5,,0.7596814735914462,,,
HR_COMPAT,,9,3,6,,0,,,
HR_SYNERGY,,9,3,6,,0.746626551093415,,,
HR_COMPAT,,9,3,7,,1,,,
HR_SYNERGY,,9,3,7,,0.7081955256217534,,,
HR_COMPAT,,9,4,0,,0,,,
HR_SYNERGY,,9,4,0,,0.709114516773236,,,
HR_COMPAT,,9,4,1,,1,,,
HR_SYNERGY,,9,4,1,,0.7416779593416766,,,
HR_COMPAT,,9,4,2,,0,,,
HR_SYNERGY,,9,4,2,,0.6914176814517856,,,
HR_COMPAT,,9,4,3,,0,,,
HR_SYNERGY,,9,4,3,,0.692828521664704,,,
HR_COMPAT,,9,4,4,,1,,,
HR_SYNERGY,,9,4,4,,0.7854918218504964,,,
HR_COMPAT,,9,4,5,,0,,,
HR_SYNERGY,,9,4,5,,0.7289734685982284,,,
HR_COMPAT,,9,4,6,,1,,,
HR_SYNERGY,,9,4,6,,0.7847429887984004,,,
HR_COMPAT,,9,4,7,,0,,,
HR_SYNERGY,,9,4,7,,0.8463699083611406,,,
HR_COMPAT,,9,5,0,,0,,,
HR_SYNERGY,,9,5,0,,0.8199423167992206,,,
HR_COMPAT,,9,5,1,,1,,,
HR_SYNERGY,,9,5,1,,0.7652391099762825,,,
HR_COMPAT,,9,5,2,,0,,,
HR_SYNERGY,,9,5,2,,0.7722906356617826,,,
HR_COMPAT,,9,5,3,,0,,,
HR_SYNERGY,,9,5,3,,0.7846225491611927,,,
HR_COMPAT,,9,5,4,,1,,,
HR_SYNERGY,,9,5,4,,0.7124521522819973,,,
HR_COMPAT,,9,5,5,,0,,,
HR_SYNERGY,,9,5,5,,0.7895274901716882,,,
HR_COMPAT,,9,5,6,,0,,,
HR_SYNERGY,,9,5,6,,0.7040339024014518,,,
HR_COMPAT,,9,5,7,,0,,,
HR_SYNERGY,,9,5,7,,0.7834095714248689,,,
HR_COMPAT,,9,6,0,,0,,,
HR_SYNERGY,,9,6,0,,0.7973557043923878,,,
HR_COMPAT,,9,6,1,,1,,,
HR_SYNERGY,,9,6,1,,0.6746652476513412,,,
HR_COMPAT,,9,6,2,,0,,,
HR_SYNERGY,,9,6,2,,0.7025263461347563,,,
HR_COMPAT,,9,6,3,,0,,,
HR_SYNERGY,,9,6,3,,0.81860477192107,,,
HR_COMPAT,,9,6,4,,1,,,
HR_SYNERGY,,9,6,4,,0.7925548954984696,,,
HR_COMPAT,,9,6,5,,0,,,
HR_SYNERGY,,9,6,5,,0.8868876272943969,,,
HR_COMPAT,,9,6,6,,1,,,
HR_SYNERGY,,9,6,6,,0.6895829831076005,,,
HR_COMPAT,,9,6,7,,1,,,
HR_SYNERGY,,9,6,7,,0.8870983504752729,,,
HR_COMPAT,,9,7,0,,0,,,
HR_SYNERGY,,9,7,0,,0.8132648352541623,,,
HR_COMPAT,,9,7,1,,1,,,
HR_SYNERGY,,9,7,1,,0.8337419609599683,,,
HR_COMPAT,,9,7,2,,1,,,
HR_SYNERGY,,9,7,2,,0.8819237329298963,,,
HR_COMPAT,,9,7,3,,0,,,
HR_SYNERGY,,9,7,3,,0.8365316465897813,,,
HR_COMPAT,,9,7,4,,0,,,
HR_SYNERGY,,9,7,4,,0.7311721102344466,,,
HR_COMPAT,,9,7,5,,0,,,
HR_SYNERGY,,9,7,5,,0.6963633320205573,,,
HR_COMPAT,,9,7,6,,0,,,
HR_SYNERGY,,9,7,6,,0.7540360473701015,,,
HR_COMPAT,,9,7,7,,1,,,
HR_SYNERGY,,9,7,7,,0.8606076703169219,,,
HR_COMPAT,,9,8,0,,0,,,
HR_SYNERGY,,9,8,0,,0.7626182556381508,,,
HR_COMPAT,,9,8,1,,1,,,
HR_SYNERGY,,9,8,1,,0.8550435319569046,,,
HR_COMPAT,,9,8,2,,0,,,
HR_SYNERGY,,9,8,2,,0.684124794336008,,,
HR_COMPAT,,9,8,3,,0,,,
HR_SYNERGY,,9,8,3,,0.868177251031695,,,
HR_COMPAT,,9,8,4,,1,,,
HR_SYNERGY,,9,8,4,,0.7234396613598344,,,
HR_COMPAT,,9,8,5,,0,,,
HR_SYNERGY,,9,8,5,,0.8991786784726676,,,
HR_COMPAT,,9,8,6,,1,,,
HR_SYNERGY,,9,8,6,,0.6508968658377513,,,
HR_COMPAT,,9,8,7,,1,,,
HR_SYNERGY,,9,8,7,,0.6816910198421453,,,
HR_COMPAT,,9,9,0,,0,,,
HR_SYNERGY,,9,9,0,,0.6928743221036356,,,
HR_COMPAT,,9,9,1,,1,,,
HR_SYNERGY,,9,9,1,,0.8804017295524917,,,
HR_COMPAT,,9,9,2,,1,,,
HR_SYNERGY,,9,9,2,,0.8750659349504025,,,
HR_COMPAT,,9,9,3,,0,,,
HR_SYNERGY,,9,9,3,,0.7640932487504002,,,
HR_COMPAT,,9,9,4,,0,,,
HR_SYNERGY,,9,9,4,,0.8778140759614338,,,
HR_COMPAT,,9,9,5,,0,,,
HR_SYNERGY,,9,9,5,,0.7410193295742128,,,
HR_COMPAT,,9,9,6,,1,,,
HR_SYNERGY,,9,9,6,,0.8962979396247097,,,
HR_COMPAT,,9,9,7,,1,,,
HR_SYNERGY,,9,9,7,,0.8221825303241177,,,
HR_COMPAT,,10,0,0,,1,,,
HR_SYNERGY,,10,0,0,,0.7933730055852928,,,
HR_COMPAT,,10,0,1,,1,,,
HR_SYNERGY,,10,0,1,,0.7328417523065065,,,
HR_COMPAT,,10,0,2,,0,,,
HR_SYNERGY,,10,0,2,,0.8412131033517221,,,
HR_COMPAT,,10,0,3,,0,,,
HR_SYNERGY,,10,0,3,,0.7405145522706174,,,
HR_COMPAT,,10,0,4,,1,,,
HR_SYNERGY,,10,0,4,,0.8030078708775751,,,
HR_COMPAT,,10,0,5,,1,,,
HR_SYNERGY,,10,0,5,,0.706246428588508,,,
HR_COMPAT,,10,0,6,,1,,,
HR_SYNERGY,,10,0,6,,0.8862526529558803,,,
HR_COMPAT,,10,0,7,,1,,,
HR_SYNERGY,,10,0,7,,0.8113247931222363,,,
HR_COMPAT,,10,1,0,,1,,,
HR_SYNERGY,,10,1,0,,0.6789379490852876,,,
HR_COMPAT,,10,1,1,,1,,,
HR_SYNERGY,,10,1,1,,0.8196080514339861,,,
HR_COMPAT,,10,1,2,,0,,,
HR_SYNERGY,,10,1,2,,0.6938406303943135,,,
HR_COMPAT,,10,1,3,,0,,,
HR_SYNERGY,,10,1,3,,0.8418332940371137,,,
HR_COMPAT,,10,1,4,,1,,,
HR_SYNERGY,,10,1,4,,0.785296920867726,,,
HR_COMPAT,,10,1,5,,1,,,
HR_SYNERGY,,10,1,5,,0.6715489292749165,,,
HR_COMPAT,,10,1,6,,0,,,
HR_SYNERGY,,10,1,6,,0.7990300427345391,,,
HR_COMPAT,,10,1,7,,1,,,
HR_SYNERGY,,10,1,7,,0.8700753255152872,,,
HR_COMPAT,,10,2,0,,1,,,
HR_SYNERGY,,10,2,0,,0.7687367140912835,,,
HR_COMPAT,,10,2,1,,1,,,
HR_SYNERGY,,10,2,1,,0.7403210625656093,,,
HR_COMPAT,,10,2,2,,0,,,
HR_SYNERGY,,10,2,2,,0.7060912120902325,,,
HR_COMPAT,,10,2,3,,0,,,
HR_SYNERGY,,10,2,3,,0.7626283119945749,,,
HR_COMPAT,,10,2,4,,1,,,
HR_SYNERGY,,10,2,4,,0.8898141533493911,,,
HR_COMPAT,,10,2,5,,1,,,
HR_SYNERGY,,10,2,5,,0.8014997196667332,,,
HR_COMPAT,,10,2,6,,1,,,
HR_SYNERGY,,10,2,6,,0.7991534436133992,,,
HR_COMPAT,,10,2,7,,1,,,
HR_SYNERGY,,10,2,7,,0.6868311476520492,,,
HR_COMPAT,,10,3,0,,0,,,
HR_SYNERGY,,10,3,0,,0.7253797417881634,,,
HR_COMPAT,,10,3,1,,1,,,
HR_SYNERGY,,10,3,1,,0.8278287382266831,,,
HR_COMPAT,,10,3,2,,0,,,
HR_SYNERGY,,10,3,2,,0.8459076569268379,,,
HR_COMPAT,,10,3,3,,0,,,
HR_SYNERGY,,10,3,3,,0.7261706931855643,,,
HR_COMPAT,,10,3,4,,1,,,
HR_SYNERGY,,10,3,4,,0.7400078076968861,,,
HR_COMPAT,,10,3,5,,0,,,
HR_SYNERGY,,10,3,5,,0.8085463380071863,,,
HR_COMPAT,,10,3,6,,0,,,
HR_SYNERGY,,10,3,6,,0.7850293509286469,,,
HR_COMPAT,,10,3,7,,1,,,
HR_SYNERGY,,10,3,7,,0.7996044823672654,,,
HR_COMPAT,,10,4,0,,1,,,
HR_SYNERGY,,10,4,0,,0.8396947674776356,,,
HR_COMPAT,,10,4,1,,1,,,
HR_SYNERGY,,10,4,1,,0.7165156674981521,,,
HR_COMPAT,,10,4,2,,0,,,
HR_SYNERGY,,10,4,2,,0.8861454902554126,,,
HR_COMPAT,,10,4,3,,0,,,
HR_SYNERGY,,10,4,3,,0.8989950173946166,,,
HR_COMPAT,,10,4,4,,1,,,
HR_SYNERGY,,10,4,4,,0.7800117345869851,,,
HR_COMPAT,,10,4,5,,1,,,
HR_SYNERGY,,10,4,5,,0.7707341622829245,,,
HR_COMPAT,,10,4,6,,1,,,
HR_SYNERGY,,10,4,6,,0.8745838849551602,,,
HR_COMPAT,,10,4,7,,0,,,
HR_SYNERGY,,10,4,7,,0.6528145792828146,,,
HR_COMPAT,,10,5,0,,1,,,
HR_SYNERGY,,10,5,0,,0.7796164655472583,,,
HR_COMPAT,,10,5,1,,1,,,
HR_SYNERGY,,10,5,1,,0.7808852754384613,,,
HR_COMPAT,,10,5,2,,0,,,
HR_SYNERGY,,10,5,2,,0.7910658560948679,,,
HR_COMPAT,,10,5,3,,0,,,
HR_SYNERGY,,10,5,3,,0.7685078213389683,,,
HR_COMPAT,,10,5,4,,1,,,
HR_SYNERGY,,10,5,4,,0.7277880153223607,,,
HR_COMPAT,,10,5,5,,1,,,
HR_SYNERGY,,10,5,5,,0.754361047067834,,,
HR_COMPAT,,10,5,6,,0,,,
HR_SYNERGY,,10,5,6,,0.7391293350270447,,,
HR_COMPAT,,10,5,7,,1,,,
HR_SYNERGY,,10,5,7,,0.8475913332201668,,,
HR_COMPAT,,10,6,0,,0,,,
HR_SYNERGY,,10,6,0,,0.7542163203948447,,,
HR_COMPAT,,10,6,1,,1,,,
HR_SYNERGY,,10,6,1,,0.7740542082109109,,,
HR_COMPAT,,10,6,2,,0,,,
HR_SYNERGY,,10,6,2,,0.8560421541099146,,,
HR_COMPAT,,10,6,3,,0,,,
HR_SYNERGY,,10,6,3,,0.8989777829567138,,,
HR_COMPAT,,10,6,4,,1,,,
HR_SYNERGY,,10,6,4,,0.7185959127325938,,,
HR_COMPAT,,10,6,5,,1,,,
HR_SYNERGY,,10,6,5,,0.6778852831443006,,,
HR_COMPAT,,10,6,6,,1,,,
HR_SYNERGY,,10,6,6,,0.7928436965944416,,,
HR_COMPAT,,10,6,7,,1,,,
HR_SYNERGY,,10,6,7,,0.6968957388976506,,,
HR_COMPAT,,10,7,0,,0,,,
HR_SYNERGY,,10,7,0,,0.7570660340201578,,,
HR_COMPAT,,10,7,1,,1,,,
HR_SYNERGY,,10,7,1,,0.8877871009705894,,,
HR_COMPAT,,10,7,2,,0,,,
HR_SYNERGY,,10,7,2,,0.7017415567172804,,,
HR_COMPAT,,10,7,3,,0,,,
HR_SYNERGY,,10,7,3,,0.7519687906761049,,,
HR_COMPAT,,10,7,4,,0,,,
HR_SYNERGY,,10,7,4,,0.8331986183028448,,,
HR_COMPAT,,10,7,5,,1,,,
HR_SYNERGY,,10,7,5,,0.7142949612769545,,,
HR_COMPAT,,10,7,6,,0,,,
HR_SYNERGY,,10,7,6,,0.8300869018864102,,,
HR_COMPAT,,10,7,7,,1,,,
HR_SYNERGY,,10,7,7,,0.7538796110621908,,,
HR_COMPAT,,10,8,0,,1,,,
HR_SYNERGY,,10,8,0,,0.7745257130359359,,,
HR_COMPAT,,10,8,1,,0,,,
HR_SYNERGY,,10,8,1,,0.8950128025064379,,,
HR_COMPAT,,10,8,2,,0,,,
HR_SYNERGY,,10,8,2,,0.6576387221684687,,,
HR_COMPAT,,10,8,3,,0,,,
HR_SYNERGY,,10,8,3,,0.6718563975440479,,,
HR_COMPAT,,10,8,4,,1,,,
HR_SYNERGY,,10,8,4,,0.7077653955999015,,,
HR_COMPAT,,10,8,5,,1,,,
HR_SYNERGY,,10,8,5,,0.7623582748392645,,,
HR_COMPAT,,10,8,6,,0,,,
HR_SYNERGY,,10,8,6,,0.695686348347157,,,
HR_COMPAT,,10,8,7,,1,,,
HR_SYNERGY,,10,8,7,,0.7383956041453006,,,
HR_COMPAT,,10,9,0,,0,,,
HR_SYNERGY,,10,9,0,,0.7245732931803586,,,
HR_COMPAT,,10,9,1,,1,,,
HR_SYNERGY,,10,9,1,,0.7320301152470929,,,
HR_COMPAT,,10,9,2,,0,,,
HR_SYNERGY,,10,9,2,,0.8432461528873917,,,
HR_COMPAT,,10,9,3,,0,,,
HR_SYNERGY,,10,9,3,,0.6542978669496391,,,
HR_COMPAT,,10,9,4,,0,,,
HR_SYNERGY,,10,9,4,,0.7664476243494721,,,
HR_COMPAT,,10,9,5,,1,,,
HR_SYNERGY,,10,9,5,,0.825770141174128,,,
HR_COMPAT,,10,9,6,,1,,,
HR_SYNERGY,,10,9,6,,0.65211734154486,,,
HR_COMPAT,,10,9,7,,1,,,
HR_SYNERGY,,10,9,7,,0.8553954755072691,,,
HR_COMPAT,,11,0,0,,0,,,
HR_SYNERGY,,11,0,0,,0.8442032352661809,,,
HR_COMPAT,,11,0,1,,0,,,
HR_SYNERGY,,11,0,1,,0.7228181746826651,,,
HR_COMPAT,,11,0,2,,1,,,
HR_SYNERGY,,11,0,2,,0.8896169044027419,,,
HR_COMPAT,,11,0,3,,0,,,
HR_SYNERGY,,11,0,3,,0.8718004384582844,,,
HR_COMPAT,,11,0,4,,1,,,
HR_SYNERGY,,11,0,4,,0.7347280226784931,,,
HR_COMPAT,,11,0,5,,0,,,
HR_SYNERGY,,11,0,5,,0.7037613274799425,,,
HR_COMPAT,,11,0,6,,0,,,
HR_SYNERGY,,11,0,6,,0.7450868057681322,,,
HR_COMPAT,,11,0,7,,1,,,
HR_SYNERGY,,11,0,7,,0.7437859180569918,,,
HR_COMPAT,,11,1,0,,0,,,
HR_SYNERGY,,11,1,0,,0.8818091870802968,,,
HR_COMPAT,,11,1,1,,0,,,
HR_SYNERGY,,11,1,1,,0.8001385495223408,,,
HR_COMPAT,,11,1,2,,1,,,
HR_SYNERGY,,11,1,2,,0.830051697146921,,,
HR_COMPAT,,11,1,3,,0,,,
HR_SYNERGY,,11,1,3,,0.8638997804610986,,,
HR_COMPAT,,11,1,4,,1,,,
HR_SYNERGY,,11,1,4,,0.7922955720167812,,,
HR_COMPAT,,11,1,5,,0,,,
HR_SYNERGY,,11,1,5,,0.8849879452646976,,,
HR_COMPAT,,11,1,6,,0,,,
HR_SYNERGY,,11,1,6,,0.7484767751460771,,,
HR_COMPAT,,11,1,7,,1,,,
HR_SYNERGY,,11,1,7,,0.8493092476828586,,,
HR_COMPAT,,11,2,0,,1,,,
HR_SYNERGY,,11,2,0,,0.8458939123073731,,,
HR_COMPAT,,11,2,1,,0,,,
HR_SYNERGY,,11,2,1,,0.7619359982347664,,,
HR_COMPAT,,11,2,2,,0,,,
HR_SYNERGY,,11,2,2,,0.8229674468415364,,,
HR_COMPAT,,11,2,3,,0,,,
HR_SYNERGY,,11,2,3,,0.8869619384802738,,,
HR_COMPAT,,11,2,4,,1,,,
HR_SYNERGY,,11,2,4,,0.7892261937157823,,,
HR_COMPAT,,11,2,5,,0,,,
HR_SYNERGY,,11,2,5,,0.7951080459160051,,,
HR_COMPAT,,11,2,6,,0,,,
HR_SYNERGY,,11,2,6,,0.7820278624761766,,,
HR_COMPAT,,11,2,7,,1,,,
HR_SYNERGY,,11,2,7,,0.8128320354322199,,,
HR_COMPAT,,11,3,0,,0,,,
HR_SYNERGY,,11,3,0,,0.8381562213317698,,,
HR_COMPAT,,11,3,1,,0,,,
HR_SYNERGY,,11,3,1,,0.8845051770919933,,,
HR_COMPAT,,11,3,2,,1,,,
HR_SYNERGY,,11,3,2,,0.8894153344316844,,,
HR_COMPAT,,11,3,3,,0,,,
HR_SYNERGY,,11,3,3,,0.7314628190396778,,,
HR_COMPAT,,11,3,4,,0,,,
HR_SYNERGY,,11,3,4,,0.6638962910506966,,,
HR_COMPAT,,11,3,5,,0,,,
HR_SYNERGY,,11,3,5,,0.7361529856784645,,,
HR_COMPAT,,11,3,6,,0,,,
HR_SYNERGY,,11,3,6,,0.8844246299000527,,,
HR_COMPAT,,11,3,7,,1,,,
HR_SYNERGY,,11,3,7,,0.8007717920421814,,,
HR_COMPAT,,11,4,0,,1,,,
HR_SYNERGY,,11,4,0,,0.7992070196252306,,,
HR_COMPAT,,11,4,1,,0,,,
HR_SYNERGY,,11,4,1,,0.8648020456425382,,,
HR_COMPAT,,11,4,2,,1,,,
HR_SYNERGY,,11,4,2,,0.7180552098534789,,,
HR_COMPAT,,11,4,3,,0,,,
HR_SYNERGY,,11,4,3,,0.7627122474267279,,,
HR_COMPAT,,11,4,4,,0,,,
HR_SYNERGY,,11,4,4,,0.8694335705842412,,,
HR_COMPAT,,11,4,5,,0,,,
HR_SYNERGY,,11,4,5,,0.7081080847363743,,,
HR_COMPAT,,11,4,6,,0,,,
HR_SYNERGY,,11,4,6,,0.7244117379847841,,,
HR_COMPAT,,11,4,7,,0,,,
HR_SYNERGY,,11,4,7,,0.8159025968041953,,,
HR_COMPAT,,11,5,0,,1,,,
HR_SYNERGY,,11,5,0,,0.6556436591904653,,,
HR_COMPAT,,11,5,1,,0,,,
HR_SYNERGY,,11,5,1,,0.7713418590376355,,,
HR_COMPAT,,11,5,2,,0,,,
HR_SYNERGY,,11,5,2,,0.8864794535918477,,,
HR_COMPAT,,11,5,3,,0,,,
HR_SYNERGY,,11,5,3,,0.7975593901459295,,,
HR_COMPAT,,11,5,4,,0,,,
HR_SYNERGY,,11,5,4,,0.7339722760460897,,,
HR_COMPAT,,11,5,5,,0,,,
HR_SYNERGY,,11,5,5,,0.7090594197032818,,,
HR_COMPAT,,11,5,6,,0,,,
HR_SYNERGY,,11,5,6,,0.8200965448173165,,,
HR_COMPAT,,11,5,7,,0,,,
HR_SYNERGY,,11,5,7,,0.6687322182888161,,,
HR_COMPAT,,11,6,0,,0,,,
HR_SYNERGY,,11,6,0,,0.762485507549465,,,
HR_COMPAT,,11,6,1,,0,,,
HR_SYNERGY,,11,6,1,,0.6504119663124494,,,
HR_COMPAT,,11,6,2,,0,,,
HR_SYNERGY,,11,6,2,,0.6794871304154165,,,
HR_COMPAT,,11,6,3,,0,,,
HR_SYNERGY,,11,6,3,,0.8130966388973186,,,
HR_COMPAT,,11,6,4,,1,,,
HR_SYNERGY,,11,6,4,,0.7772254117818495,,,
HR_COMPAT,,11,6,5,,0,,,
HR_SYNERGY,,11,6,5,,0.7791942051761664,,,
HR_COMPAT,,11,6,6,,0,,,
HR_SYNERGY,,11,6,6,,0.8397001175819873,,,
HR_COMPAT,,11,6,7,,1,,,
HR_SYNERGY,,11,6,7,,0.8969635226537372,,,
HR_COMPAT,,11,7,0,,0,,,
HR_SYNERGY,,11,7,0,,0.6544648359139438,,,
HR_COMPAT,,11,7,1,,0,,,
HR_SYNERGY,,11,7,1,,0.8849796880454205,,,
HR_COMPAT,,11,7,2,,1,,,
HR_SYNERGY,,11,7,2,,0.7121169677219178,,,
HR_COMPAT,,11,7,3,,0,,,
HR_SYNERGY,,11,7,3,,0.7940128538368937,,,
HR_COMPAT,,11,7,4,,0,,,
HR_SYNERGY,,11,7,4,,0.7323245329764403,,,
HR_COMPAT,,11,7,5,,0,,,
HR_SYNERGY,,11,7,5,,0.8276092348713322,,,
HR_COMPAT,,11,7,6,,0,,,
HR_SYNERGY,,11,7,6,,0.6565692742781245,,,
HR_COMPAT,,11,7,7,,1,,,
HR_SYNERGY,,11,7,7,,0.823385715095298,,,
HR_COMPAT,,11,8,0,,1,,,
HR_SYNERGY,,11,8,0,,0.8843471894730891,,,
HR_COMPAT,,11,8,1,,0,,,
HR_SYNERGY,,11,8,1,,0.8393761230760792,,,
HR_COMPAT,,11,8,2,,1,,,
HR_SYNERGY,,11,8,2,,0.7688586063931248,,,
HR_COMPAT,,11,8,3,,0,,,
HR_SYNERGY,,11,8,3,,0.7025148923637791,,,
HR_COMPAT,,11,8,4,,1,,,
HR_SYNERGY,,11,8,4,,0.7257003301493639,,,
HR_COMPAT,,11,8,5,,0,,,
HR_SYNERGY,,11,8,5,,0.8595842171250961,,,
HR_COMPAT,,11,8,6,,0,,,
HR_SYNERGY,,11,8,6,,0.6573393431052272,,,
HR_COMPAT,,11,8,7,,1,,,
HR_SYNERGY,,11,8,7,,0.7224719213883318,,,
HR_COMPAT,,11,9,0,,1,,,
HR_SYNERGY,,11,9,0,,0.787407924801625,,,
HR_COMPAT,,11,9,1,,0,,,
HR_SYNERGY,,11,9,1,,0.8813188166388987,,,
HR_COMPAT,,11,9,2,,1,,,
HR_SYNERGY,,11,9,2,,0.8851105229957253,,,
HR_COMPAT,,11,9,3,,0,,,
HR_SYNERGY,,11,9,3,,0.8244169891206168,,,
HR_COMPAT,,11,9,4,,0,,,
HR_SYNERGY,,11,9,4,,0.8850515993855097,,,
HR_COMPAT,,11,9,5,,0,,,
HR_SYNERGY,,11,9,5,,0.8867322785393413,,,
HR_COMPAT,,11,9,6,,0,,,
HR_SYNERGY,,11,9,6,,0.8425445986233187,,,
HR_COMPAT,,11,9,7,,1,,,
HR_SYNERGY,,11,9,7,,0.8526413606047473,,,
WORKER_RELOC,,0,0,0,,0.0,,,
WORKER_RELOC,,0,0,1,,1.3149775491000368,,,
WORKER_RELOC,,0,0,2,,1.8500996230371207,,,
WORKER_RELOC,,0,0,3,,1.7534618470867942,,,
WORKER_RELOC,,0,0,4,,1.9529832759519596,,,
WORKER_RELOC,,0,0,5,,3.225458116533903,,,
WORKER_RELOC,,0,0,6,,1.8475218708082481,,,
WORKER_RELOC,,0,0,7,,3.3025871598678163,,,
WORKER_RELOC,,0,0,8,,3.5419478919274243,,,
WORKER_RELOC,,0,0,9,,1.9235326898768093,,,
WORKER_RELOC,,0,0,10,,3.55239166968533,,,
WORKER_RELOC,,0,0,11,,3.727755170954232,,,
WORKER_RELOC,,0,0,12,,3.5444418195407925,,,
WORKER_RELOC,,0,0,13,,1.6010152261586785,,,
WORKER_RELOC,,0,0,14,,3.1196282454106736,,,
WORKER_RELOC,,0,0,15,,3.600119454572598,,,
WORKER_RELOC,,0,0,16,,2.8054809180758644,,,
WORKER_RELOC,,0,0,17,,3.982742047624556,,,
WORKER_RELOC,,0,1,0,,0.5265896161901746,,,
WORKER_RELOC,,0,1,1,,0.0,,,
WORKER_RELOC,,0,1,2,,2.978553481179519,,,
WORKER_RELOC,,0,1,3,,2.4249504201072623,,,
WORKER_RELOC,,0,1,4,,2.928069811354473,,,
WORKER_RELOC,,0,1,5,,3.8456545599468215,,,
WORKER_RELOC,,0,1,6,,3.088893665683308,,,
WORKER_RELOC,,0,1,7,,2.2411409906083475,,,
WORKER_RELOC,,0,1,8,,1.9528425382473928,,,
WORKER_RELOC,,0,1,9,,2.927917303220347,,,
WORKER_RELOC,,0,1,10,,2.0115050986962713,,,
WORKER_RELOC,,0,1,11,,2.064198882661119,,,
WORKER_RELOC,,0,1,12,,2.5404842419626377,,,
WORKER_RELOC,,0,1,13,,3.422928213855844,,,
WORKER_RELOC,,0,1,14,,3.901904262411064,,,
WORKER_RELOC,,0,1,15,,2.098712845304844,,,
WORKER_RELOC,,0,1,16,,2.9379080523341634,,,
WORKER_RELOC,,0,1,17,,3.4460268144575865,,,
WORKER_RELOC,,0,2,0,,3.223631955076126,,,
WORKER_RELOC,,0,2,1,,3.807526410143729,,,
WORKER_RELOC,,0,2,2,,0.0,,,
WORKER_RELOC,,0,2,3,,2.0956466140967147,,,
WORKER_RELOC,,0,2,4,,3.7197718672632845,,,
WORKER_RELOC,,0,2,5,,3.9703894750201054,,,
WORKER_RELOC,,0,2,6,,2.8996539020791365,,,
WORKER_RELOC,,0,2,7,,1.657238486283341,,,
WORKER_RELOC,,0,2,8,,1.7866041942718485,,,
WORKER_RELOC,,0,2,9,,1.6227039230425877,,,
WORKER_RELOC,,0,2,10,,3.872650135478247,,,
WORKER_RELOC,,0,2,11,,2.2458104878059935,,,
WORKER_RELOC,,0,2,12,,3.750940308153543,,,
WORKER_RELOC,,0,2,13,,3.5470882384201583,,,
WORKER_RELOC,,0,2,14,,2.1099562949269552,,,
WORKER_RELOC,,0,2,15,,2.9995313607397733,,,
WORKER_RELOC,,0,2,16,,3.4056120408430615,,,
WORKER_RELOC,,0,2,17,,3.1097634438913837,,,
WORKER_RELOC,,0,3,0,,1.9999606789906985,,,
WORKER_RELOC,,0,3,1,,2.7979695245355565,,,
WORKER_RELOC,,0,3,2,,3.9485639520013134,,,
WORKER_RELOC,,0,3,3,,0.0,,,
WORKER_RELOC,,0,3,4,,0.8472964897698134,,,
WORKER_RELOC,,0,3,5,,0.9975774575288311,,,
WORKER_RELOC,,0,3,6,,3.291788138314134,,,
WORKER_RELOC,,0,3,7,,1.761413018134931,,,
WORKER_RELOC,,0,3,8,,1.8845855743959878,,,
WORKER_RELOC,,0,3,9,,3.5112323226176465,,,
WORKER_RELOC,,0,3,10,,2.7032782840825957,,,
WORKER_RELOC,,0,3,11,,3.880723186056204,,,
WORKER_RELOC,,0,3,12,,3.8594217961462136,,,
WORKER_RELOC,,0,3,13,,2.9806756498599034,,,
WORKER_RELOC,,0,3,14,,3.113375747015444,,,
WORKER_RELOC,,0,3,15,,3.7604943092292413,,,
WORKER_RELOC,,0,3,16,,1.6413530176143272,,,
WORKER_RELOC,,0,3,17,,3.593880367166153,,,
WORKER_RELOC,,0,4,0,,3.680410157661611,,,
WORKER_RELOC,,0,4,1,,3.5846726080750733,,,
WORKER_RELOC,,0,4,2,,2.0960034783085,,,
WORKER_RELOC,,0,4,3,,1.1884434680328122,,,
WORKER_RELOC,,0,4,4,,0.0,,,
WORKER_RELOC,,0,4,5,,1.076833568538273,,,
WORKER_RELOC,,0,4,6,,3.2426291600943715,,,
WORKER_RELOC,,0,4,7,,3.0214375337216737,,,
WORKER_RELOC,,0,4,8,,3.5650293767187318,,,
WORKER_RELOC,,0,4,9,,3.575598316017448,,,
WORKER_RELOC,,0,4,10,,1.9817571371268972,,,
WORKER_RELOC,,0,4,11,,1.5738761266408996,,,
WORKER_RELOC,,0,4,12,,3.3674910530151037,,,
WORKER_RELOC,,0,4,13,,3.7973493996671324,,,
WORKER_RELOC,,0,4,14,,3.387156895635945,,,
WORKER_RELOC,,0,4,15,,2.135768815729213,,,
WORKER_RELOC,,0,4,16,,1.5695469740741448,,,
WORKER_RELOC,,0,4,17,,2.919390849993709,,,
WORKER_RELOC,,0,5,0,,2.3442932822494087,,,
WORKER_RELOC,,0,5,1,,1.965486489993959,,,
WORKER_RELOC,,0,5,2,,1.7482397983734672,,,
WORKER_RELOC,,0,5,3,,0.6739319808919852,,,
WORKER_RELOC,,0,5,4,,0.7413673816330005,,,
WORKER_RELOC,,0,5,5,,0.0,,,
WORKER_RELOC,,0,5,6,,3.235677505628814,,,
WORKER_RELOC,,0,5,7,,3.8081506203140405,,,
WORKER_RELOC,,0,5,8,,2.0527834146265898,,,
WORKER_RELOC,,0,5,9,,1.5210398726312557,,,
WORKER_RELOC,,0,5,10,,3.5697870116987565,,,
WORKER_RELOC,,0,5,11,,3.074836999837582,,,
WORKER_RELOC,,0,5,12,,3.4499019959676414,,,
WORKER_RELOC,,0,5,13,,1.8350805689756706,,,
WORKER_RELOC,,0,5,14,,1.8473131294051324,,,
WORKER_RELOC,,0,5,15,,3.38679299482492,,,
WORKER_RELOC,,0,5,16,,3.1317760447864122,,,
WORKER_RELOC,,0,5,17,,1.602113095122004,,,
WORKER_RELOC,,0,6,0,,3.4412308328262196,,,
WORKER_RELOC,,0,6,1,,3.7492553008098275,,,
WORKER_RELOC,,0,6,2,,2.850402274819132,,,
WORKER_RELOC,,0,6,3,,3.1775179695183846,,,
WORKER_RELOC,,0,6,4,,3.1958811311767192,,,
WORKER_RELOC,,0,6,5,,2.4871638586902884,,,
WORKER_RELOC,,0,6,6,,0.0,,,
WORKER_RELOC,,0,6,7,,2.3896307413950546,,,
WORKER_RELOC,,0,6,8,,3.8536575104245925,,,
WORKER_RELOC,,0,6,9,,3.3023007379747904,,,
WORKER_RELOC,,0,6,10,,3.307741370429384,,,
WORKER_RELOC,,0,6,11,,1.6429397627264293,,,
WORKER_RELOC,,0,6,12,,2.3076636184915267,,,
WORKER_RELOC,,0,6,13,,1.6320597170820845,,,
WORKER_RELOC,,0,6,14,,3.1470467267216433,,,
WORKER_RELOC,,0,6,15,,3.135769459795713,,,
WORKER_RELOC,,0,6,16,,2.6791378599247953,,,
WORKER_RELOC,,0,6,17,,2.0665848288715134,,,
WORKER_RELOC,,0,7,0,,2.5949308021023976,,,
WORKER_RELOC,,0,7,1,,3.765017704686029,,,
WORKER_RELOC,,0,7,2,,2.9665665654402904,,,
WORKER_RELOC,,0,7,3,,3.376014074900706,,,
WORKER_RELOC,,0,7,4,,3.6546021057492286,,,
WORKER_RELOC,,0,7,5,,2.969312077201107,,,
WORKER_RELOC,,0,7,6,,1.5027186700956114,,,
WORKER_RELOC,,0,7,7,,0.0,,,
WORKER_RELOC,,0,7,8,,0.6404643278330348,,,
WORKER_RELOC,,0,7,9,,1.2334658860836085,,,
WORKER_RELOC,,0,7,10,,3.960221060609923,,,
WORKER_RELOC,,0,7,11,,3.7784737429591067,,,
WORKER_RELOC,,0,7,12,,2.636449390341846,,,
WORKER_RELOC,,0,7,13,,3.168782622282521,,,
WORKER_RELOC,,0,7,14,,2.6922624105533997,,,
WORKER_RELOC,,0,7,15,,3.905678297512106,,,
WORKER_RELOC,,0,7,16,,3.0322264775253522,,,
WORKER_RELOC,,0,7,17,,3.3713226451736373,,,
WORKER_RELOC,,0,8,0,,2.956428574498755,,,
WORKER_RELOC,,0,8,1,,2.717741353901636,,,
WORKER_RELOC,,0,8,2,,3.2275488771861527,,,
WORKER_RELOC,,0,8,3,,3.486232687338515,,,
WORKER_RELOC,,0,8,4,,2.1326423606275595,,,
WORKER_RELOC,,0,8,5,,2.6970892333296788,,,
WORKER_RELOC,,0,8,6,,3.903821171687466,,,
WORKER_RELOC,,0,8,7,,1.4014528581309822,,,
WORKER_RELOC,,0,8,8,,0.0,,,
WORKER_RELOC,,0,8,9,,0.7652556511425087,,,
WORKER_RELOC,,0,8,10,,2.602895194911885,,,
WORKER_RELOC,,0,8,11,,1.7565382609779232,,,
WORKER_RELOC,,0,8,12,,3.022119099458905,,,
WORKER_RELOC,,0,8,13,,1.6429562247970548,,,
WORKER_RELOC,,0,8,14,,2.177952402951192,,,
WORKER_RELOC,,0,8,15,,2.282826179958051,,,
WORKER_RELOC,,0,8,16,,3.167811288807987,,,
WORKER_RELOC,,0,8,17,,2.0923077502013845,,,
WORKER_RELOC,,0,9,0,,2.8257393563466846,,,
WORKER_RELOC,,0,9,1,,3.701425942067042,,,
WORKER_RELOC,,0,9,2,,2.9934827799222616,,,
WORKER_RELOC,,0,9,3,,3.5528050773396105,,,
WORKER_RELOC,,0,9,4,,2.1000003891692476,,,
WORKER_RELOC,,0,9,5,,2.690772781752658,,,
WORKER_RELOC,,0,9,6,,2.175353618404297,,,
WORKER_RELOC,,0,9,7,,0.5001184178094569,,,
WORKER_RELOC,,0,9,8,,1.3683724165051538,,,
WORKER_RELOC,,0,9,9,,0.0,,,
WORKER_RELOC,,0,9,10,,1.830268554293579,,,
WORKER_RELOC,,0,9,11,,3.110158238553745,,,
WORKER_RELOC,,0,9,12,,2.0321938748796033,,,
WORKER_RELOC,,0,9,13,,3.942017345382234,,,
WORKER_RELOC,,0,9,14,,2.873391466954748,,,
WORKER_RELOC,,0,9,15,,1.9994797711921783,,,
WORKER_RELOC,,0,9,16,,3.3686486078632747,,,
WORKER_RELOC,,0,9,17,,2.4778783352943776,,,
WORKER_RELOC,,0,10,0,,3.7880811683507423,,,
WORKER_RELOC,,0,10,1,,3.438994073312913,,,
WORKER_RELOC,,0,10,2,,3.8612040867435344,,,
WORKER_RELOC,,0,10,3,,2.553928729221367,,,
WORKER_RELOC,,0,10,4,,3.6572767539665856,,,
WORKER_RELOC,,0,10,5,,1.8754025427104926,,,
WORKER_RELOC,,0,10,6,,1.5710510029990945,,,
WORKER_RELOC,,0,10,7,,2.1461600370929954,,,
WORKER_RELOC,,0,10,8,,2.4867952082496942,,,
WORKER_RELOC,,0,10,9,,2.3037139356638967,,,
WORKER_RELOC,,0,10,10,,0.0,,,
WORKER_RELOC,,0,10,11,,1.1639945784641739,,,
WORKER_RELOC,,0,10,12,,1.198131814331691,,,
WORKER_RELOC,,0,10,13,,3.431518650698055,,,
WORKER_RELOC,,0,10,14,,3.4361187696408866,,,
WORKER_RELOC,,0,10,15,,3.9725886509065917,,,
WORKER_RELOC,,0,10,16,,3.3848908389199774,,,
WORKER_RELOC,,0,10,17,,3.7394677176520705,,,
WORKER_RELOC,,0,11,0,,2.18030724276254,,,
WORKER_RELOC,,0,11,1,,3.111736831452268,,,
WORKER_RELOC,,0,11,2,,2.0402801856401234,,,
WORKER_RELOC,,0,11,3,,2.6958785543336248,,,
WORKER_RELOC,,0,11,4,,3.27993168228733,,,
WORKER_RELOC,,0,11,5,,2.3535668108279446,,,
WORKER_RELOC,,0,11,6,,3.593624375618244,,,
WORKER_RELOC,,0,11,7,,3.414790453321176,,,
WORKER_RELOC,,0,11,8,,3.7617533454020213,,,
WORKER_RELOC,,0,11,9,,1.966000751288521,,,
WORKER_RELOC,,0,11,10,,0.8051970990404058,,,
WORKER_RELOC,,0,11,11,,0.0,,,
WORKER_RELOC,,0,11,12,,1.213738198676464,,,
WORKER_RELOC,,0,11,13,,3.484602398132907,,,
WORKER_RELOC,,0,11,14,,1.9716304809939347,,,
WORKER_RELOC,,0,11,15,,2.360562529514306,,,
WORKER_RELOC,,0,11,16,,3.6408393886708517,,,
WORKER_RELOC,,0,11,17,,1.6058181546462,,,
WORKER_RELOC,,0,12,0,,2.294883101155218,,,
WORKER_RELOC,,0,12,1,,3.5400410827502764,,,
WORKER_RELOC,,0,12,2,,3.9852230143399816,,,
WORKER_RELOC,,0,12,3,,2.431364950733153,,,
WORKER_RELOC,,0,12,4,,3.20583989873098,,,
WORKER_RELOC,,0,12,5,,2.0524892645588135,,,
WORKER_RELOC,,0,12,6,,1.6719215599877,,,
WORKER_RELOC,,0,12,7,,2.972076323147982,,,
WORKER_RELOC,,0,12,8,,3.324740192730314,,,
WORKER_RELOC,,0,12,9,,3.8050019309679177,,,
WORKER_RELOC,,0,12,10,,1.0338078849125658,,,
WORKER_RELOC,,0,12,11,,1.045224247786747,,,
WORKER_RELOC,,0,12,12,,0.0,,,
WORKER_RELOC,,0,12,13,,2.1127590130439162,,,
WORKER_RELOC,,0,12,14,,3.9557702442903686,,,
WORKER_RELOC,,0,12,15,,2.204051176101631,,,
WORKER_RELOC,,0,12,16,,2.6238550552182844,,,
WORKER_RELOC,,0,12,17,,2.882174120434596,,,
WORKER_RELOC,,0,13,0,,1.630098335290818,,,
WORKER_RELOC,,0,13,1,,3.8826292684071553,,,
WORKER_RELOC,,0,13,2,,3.7340979740348867,,,
WORKER_RELOC,,0,13,3,,3.6286767296105342,,,
WORKER_RELOC,,0,13,4,,3.286432946198769,,,
WORKER_RELOC,,0,13,5,,1.8584701107856447,,,
WORKER_RELOC,,0,13,6,,1.5972937157448799,,,
WORKER_RELOC,,0,13,7,,3.6961060619190595,,,
WORKER_RELOC,,0,13,8,,1.5314037007800634,,,
WORKER_RELOC,,0,13,9,,3.554724504030449,,,
WORKER_RELOC,,0,13,10,,1.8197099817500704,,,
WORKER_RELOC,,0,13,11,,1.6599162079361007,,,
WORKER_RELOC,,0,13,12,,2.8538965030658217,,,
WORKER_RELOC,,0,13,13,,0.0,,,
WORKER_RELOC,,0,13,14,,1.2911547736495095,,,
WORKER_RELOC,,0,13,15,,3.97087644579909,,,
WORKER_RELOC,,0,13,16,,2.006908657269192,,,
WORKER_RELOC,,0,13,17,,3.933424096086493,,,
WORKER_RELOC,,0,14,0,,3.6556385404409606,,,
WORKER_RELOC,,0,14,1,,2.2269111673794724,,,
WORKER_RELOC,,0,14,2,,2.5948226820052778,,,
WORKER_RELOC,,0,14,3,,1.7106073030452262,,,
WORKER_RELOC,,0,14,4,,3.822400038274916,,,
WORKER_RELOC,,0,14,5,,2.3976055381939334,,,
WORKER_RELOC,,0,14,6,,3.9019206477109374,,,
WORKER_RELOC,,0,14,7,,3.897551028767832,,,
WORKER_RELOC,,0,14,8,,1.509626555006195,,,
WORKER_RELOC,,0,14,9,,2.1250484422585396,,,
WORKER_RELOC,,0,14,10,,2.0021743096573,,,
WORKER_RELOC,,0,14,11,,3.2319040894739093,,,
WORKER_RELOC,,0,14,12,,3.508127254858621,,,
WORKER_RELOC,,0,14,13,,0.9820076326517256,,,
WORKER_RELOC,,0,14,14,,0.0,,,
WORKER_RELOC,,0,14,15,,2.278892826113952,,,
WORKER_RELOC,,0,14,16,,2.9398670326087615,,,
WORKER_RELOC,,0,14,17,,2.9689628508338997,,,
WORKER_RELOC,,0,15,0,,3.8516562096300166,,,
WORKER_RELOC,,0,15,1,,2.0284056037426477,,,
WORKER_RELOC,,0,15,2,,2.426427779572609,,,
WORKER_RELOC,,0,15,3,,2.97589546016919,,,
WORKER_RELOC,,0,15,4,,3.461935104769757,,,
WORKER_RELOC,,0,15,5,,2.8797771210678498,,,
WORKER_RELOC,,0,15,6,,3.2519188956585547,,,
WORKER_RELOC,,0,15,7,,1.630286463539553,,,
WORKER_RELOC,,0,15,8,,1.9845826751209226,,,
WORKER_RELOC,,0,15,9,,1.6598032196760404,,,
WORKER_RELOC,,0,15,10,,3.6671331166344503,,,
WORKER_RELOC,,0,15,11,,2.071458700478523,,,
WORKER_RELOC,,0,15,12,,3.2182213268606246,,,
WORKER_RELOC,,0,15,13,,3.6310923495714005,,,
WORKER_RELOC,,0,15,14,,1.9532001495634772,,,
WORKER_RELOC,,0,15,15,,0.0,,,
WORKER_RELOC,,0,15,16,,0.9968512788893267,,,
WORKER_RELOC,,0,15,17,,1.277249879699975,,,
WORKER_RELOC,,0,16,0,,3.5014248305304543,,,
WORKER_RELOC,,0,16,1,,1.791893645636315,,,
WORKER_RELOC,,0,16,2,,1.7418063204501195,,,
WORKER_RELOC,,0,16,3,,2.5971254516409257,,,
WORKER_RELOC,,0,16,4,,3.9664613170699794,,,
WORKER_RELOC,,0,16,5,,3.010985734732537,,,
WORKER_RELOC,,0,16,6,,2.05901643919367,,,
WORKER_RELOC,,0,16,7,,1.78087167559876,,,
WORKER_RELOC,,0,16,8,,3.6901860290635082,,,
WORKER_RELOC,,0,16,9,,3.0043997398924773,,,
WORKER_RELOC,,0,16,10,,1.9129284360979169,,,
WORKER_RELOC,,0,16,11,,2.434191553249158,,,
WORKER_RELOC,,0,16,12,,3.6969295244085667,,,
WORKER_RELOC,,0,16,13,,2.444296040758709,,,
WORKER_RELOC,,0,16,14,,2.557946742134484,,,
WORKER_RELOC,,0,16,15,,0.5095707845808766,,,
WORKER_RELOC,,0,16,16,,0.0,,,
WORKER_RELOC,,0,16,17,,0.981287613349604,,,
WORKER_RELOC,,0,17,0,,3.8199663054198645,,,
WORKER_RELOC,,0,17,1,,3.9466628508649957,,,
WORKER_RELOC,,0,17,2,,2.900827308632935,,,
WORKER_RELOC,,0,17,3,,2.16642077627875,,,
WORKER_RELOC,,0,17,4,,1.5823215134257707,,,
WORKER_RELOC,,0,17,5,,3.6232081223850714,,,
WORKER_RELOC,,0,17,6,,3.1556807246345,,,
WORKER_RELOC,,0,17,7,,1.5419097439181357,,,
WORKER_RELOC,,0,17,8,,3.54861970321589,,,
WORKER_RELOC,,0,17,9,,3.5755073479940274,,,
WORKER_RELOC,,0,17,10,,3.0600217784394923,,,
WORKER_RELOC,,0,17,11,,3.786775768975138,,,
WORKER_RELOC,,0,17,12,,1.9186520375741667,,,
WORKER_RELOC,,0,17,13,,2.3866782844999337,,,
WORKER_RELOC,,0,17,14,,3.705938124359602,,,
WORKER_RELOC,,0,17,15,,1.457378118498783,,,
WORKER_RELOC,,0,17,16,,1.2233843746010065,,,
WORKER_RELOC,,0,17,17,,0.0,,,
WORKER_RELOC,,1,0,0,,0.0,,,
WORKER_RELOC,,1,0,1,,0.7885059365910971,,,
WORKER_RELOC,,1,0,2,,2.6496413690673117,,,
WORKER_RELOC,,1,0,3,,3.5397044446782004,,,
WORKER_RELOC,,1,0,4,,2.997893075507833,,,
WORKER_RELOC,,1,0,5,,1.7209418598377166,,,
WORKER_RELOC,,1,0,6,,3.729389155923761,,,
WORKER_RELOC,,1,0,7,,2.371249236424646,,,
WORKER_RELOC,,1,0,8,,3.910278738883897,,,
WORKER_RELOC,,1,0,9,,3.6348497088412532,,,
WORKER_RELOC,,1,0,10,,2.1505891746664023,,,
WORKER_RELOC,,1,0,11,,2.525815847540077,,,
WORKER_RELOC,,1,0,12,,3.2811412295433056,,,
WORKER_RELOC,,1,0,13,,2.603282277952885,,,
WORKER_RELOC,,1,0,14,,2.1028028762351205,,,
WORKER_RELOC,,1,0,15,,3.7362310378047616,,,
WORKER_RELOC,,1,0,16,,1.895284237931068,,,
WORKER_RELOC,,1,0,17,,2.783394722278166,,,
WORKER_RELOC,,1,1,0,,0.7394132817716657,,,
WORKER_RELOC,,1,1,1,,0.0,,,
WORKER_RELOC,,1,1,2,,2.8069891413142205,,,
WORKER_RELOC,,1,1,3,,2.979971452082801,,,
WORKER_RELOC,,1,1,4,,2.49374553491126,,,
WORKER_RELOC,,1,1,5,,2.9817308458538374,,,
WORKER_RELOC,,1,1,6,,3.0799379090634735,,,
WORKER_RELOC,,1,1,7,,1.7062658744366153,,,
WORKER_RELOC,,1,1,8,,1.5872625380455152,,,
WORKER_RELOC,,1,1,9,,3.2259328317989526,,,
WORKER_RELOC,,1,1,10,,3.130152180892521,,,
WORKER_RELOC,,1,1,11,,3.088132832280618,,,
WORKER_RELOC,,1,1,12,,1.6631551958545427,,,
WORKER_RELOC,,1,1,13,,1.620287093864292,,,
WORKER_RELOC,,1,1,14,,2.446845080786235,,,
WORKER_RELOC,,1,1,15,,3.967098073510154,,,
WORKER_RELOC,,1,1,16,,2.2029393851961157,,,
WORKER_RELOC,,1,1,17,,3.3629053760811907,,,
WORKER_RELOC,,1,2,0,,2.7092272190288664,,,
WORKER_RELOC,,1,2,1,,2.54614124952199,,,
WORKER_RELOC,,1,2,2,,0.0,,,
WORKER_RELOC,,1,2,3,,3.239507157303331,,,
WORKER_RELOC,,1,2,4,,3.5360249864454834,,,
WORKER_RELOC,,1,2,5,,3.245911871566429,,,
WORKER_RELOC,,1,2,6,,3.8370887344629905,,,
WORKER_RELOC,,1,2,7,,2.661212126482682,,,
WORKER_RELOC,,1,2,8,,2.6528321968145567,,,
WORKER_RELOC,,1,2,9,,1.5758052778781437,,,
WORKER_RELOC,,1,2,10,,2.1369602202884526,,,
WORKER_RELOC,,1,2,11,,3.7383803337962447,,,
WORKER_RELOC,,1,2,12,,2.490154527728196,,,
WORKER_RELOC,,1,2,13,,3.1133887396993325,,,
WORKER_RELOC,,1,2,14,,3.880125760539727,,,
WORKER_RELOC,,1,2,15,,1.8059390312148373,,,
WORKER_RELOC,,1,2,16,,3.1414791541047613,,,
WORKER_RELOC,,1,2,17,,3.3978388473131673,,,
WORKER_RELOC,,1,3,0,,3.9696761007800783,,,
WORKER_RELOC,,1,3,1,,3.6451819562124683,,,
WORKER_RELOC,,1,3,2,,1.8677384296560324,,,
WORKER_RELOC,,1,3,3,,0.0,,,
WORKER_RELOC,,1,3,4,,0.6718598053356744,,,
WORKER_RELOC,,1,3,5,,1.0103496532424976,,,
WORKER_RELOC,,1,3,6,,3.544536033365549,,,
WORKER_RELOC,,1,3,7,,1.5809779700312039,,,
WORKER_RELOC,,1,3,8,,1.8573433272658493,,,
WORKER_RELOC,,1,3,9,,3.7168290183574757,,,
WORKER_RELOC,,1,3,10,,1.8225637281388203,,,
WORKER_RELOC,,1,3,11,,3.9213682621666877,,,
WORKER_RELOC,,1,3,12,,2.028131687649158,,,
WORKER_RELOC,,1,3,13,,2.0597147991769793,,,
WORKER_RELOC,,1,3,14,,3.0848053365819004,,,
WORKER_RELOC,,1,3,15,,1.5909991030873125,,,
WORKER_RELOC,,1,3,16,,3.20448995222284,,,
WORKER_RELOC,,1,3,17,,2.993152608062856,,,
WORKER_RELOC,,1,4,0,,3.857249009102699,,,
WORKER_RELOC,,1,4,1,,3.8046936868014316,,,
WORKER_RELOC,,1,4,2,,2.8071282297100275,,,
WORKER_RELOC,,1,4,3,,1.013001922599475,,,
WORKER_RELOC,,1,4,4,,0.0,,,
WORKER_RELOC,,1,4,5,,0.9281167765176571,,,
WORKER_RELOC,,1,4,6,,2.6917537320390297,,,
WORKER_RELOC,,1,4,7,,2.1392671405171106,,,
WORKER_RELOC,,1,4,8,,1.7512948319893435,,,
WORKER_RELOC,,1,4,9,,2.4448396052782093,,,
WORKER_RELOC,,1,4,10,,3.472594078175506,,,
WORKER_RELOC,,1,4,11,,1.9533243497123787,,,
WORKER_RELOC,,1,4,12,,1.7524004230255916,,,
WORKER_RELOC,,1,4,13,,2.7211748564470692,,,
WORKER_RELOC,,1,4,14,,2.900817293049781,,,
WORKER_RELOC,,1,4,15,,3.6232137348315745,,,
WORKER_RELOC,,1,4,16,,2.525704179018276,,,
WORKER_RELOC,,1,4,17,,3.9090695981327457,,,
WORKER_RELOC,,1,5,0,,1.8051711371220125,,,
WORKER_RELOC,,1,5,1,,3.027725785865075,,,
WORKER_RELOC,,1,5,2,,2.472814005464836,,,
WORKER_RELOC,,1,5,3,,0.653327871813536,,,
WORKER_RELOC,,1,5,4,,1.4532388037964599,,,
WORKER_RELOC,,1,5,5,,0.0,,,
WORKER_RELOC,,1,5,6,,2.5261429943185973,,,
WORKER_RELOC,,1,5,7,,3.2771447832707254,,,
WORKER_RELOC,,1,5,8,,1.659210159857215,,,
WORKER_RELOC,,1,5,9,,2.330145159371647,,,
WORKER_RELOC,,1,5,10,,2.570856666246369,,,
WORKER_RELOC,,1,5,11,,1.690567016611256,,,
WORKER_RELOC,,1,5,12,,3.325535639823589,,,
WORKER_RELOC,,1,5,13,,1.9784412614394746,,,
WORKER_RELOC,,1,5,14,,3.020417250864492,,,
WORKER_RELOC,,1,5,15,,3.4639225403124723,,,
WORKER_RELOC,,1,5,16,,3.55023662450926,,,
WORKER_RELOC,,1,5,17,,3.7737895107282826,,,
WORKER_RELOC,,1,6,0,,2.241274866041413,,,
WORKER_RELOC,,1,6,1,,1.9122684696278234,,,
WORKER_RELOC,,1,6,2,,3.6156318630657553,,,
WORKER_RELOC,,1,6,3,,2.377805239738394,,,
WORKER_RELOC,,1,6,4,,2.3620065122588056,,,
WORKER_RELOC,,1,6,5,,3.992327716640835,,,
WORKER_RELOC,,1,6,6,,0.0,,,
WORKER_RELOC,,1,6,7,,3.609927248394405,,,
WORKER_RELOC,,1,6,8,,1.6513164533983824,,,
WORKER_RELOC,,1,6,9,,2.6312626418059595,,,
WORKER_RELOC,,1,6,10,,3.051749674849317,,,
WORKER_RELOC,,1,6,11,,2.1386847818134553,,,
WORKER_RELOC,,1,6,12,,2.8788176932093967,,,
WORKER_RELOC,,1,6,13,,2.5603460487841225,,,
WORKER_RELOC,,1,6,14,,3.0883986331308066,,,
WORKER_RELOC,,1,6,15,,1.5732656852000602,,,
WORKER_RELOC,,1,6,16,,3.5328600969228487,,,
WORKER_RELOC,,1,6,17,,2.569016558010977,,,
WORKER_RELOC,,1,7,0,,2.8230283181149036,,,
WORKER_RELOC,,1,7,1,,1.9395573929555234,,,
WORKER_RELOC,,1,7,2,,3.137102798391771,,,
WORKER_RELOC,,1,7,3,,3.3019814978262607,,,
WORKER_RELOC,,1,7,4,,3.3126059728885457,,,
WORKER_RELOC,,1,7,5,,3.430035274219341,,,
WORKER_RELOC,,1,7,6,,3.9944115492322254,,,
WORKER_RELOC,,1,7,7,,0.0,,,
WORKER_RELOC,,1,7,8,,0.750641661846037,,,
WORKER_RELOC,,1,7,9,,1.308665188706938,,,
WORKER_RELOC,,1,7,10,,2.3964488229984187,,,
WORKER_RELOC,,1,7,11,,3.868639717066257,,,
WORKER_RELOC,,1,7,12,,3.561559154427358,,,
WORKER_RELOC,,1,7,13,,3.9863389678108776,,,
WORKER_RELOC,,1,7,14,,1.913797393261794,,,
WORKER_RELOC,,1,7,15,,3.1967001483412005,,,
WORKER_RELOC,,1,7,16,,3.323289533412473,,,
WORKER_RELOC,,1,7,17,,1.52553743122762,,,
WORKER_RELOC,,1,8,0,,1.6952124477596286,,,
WORKER_RELOC,,1,8,1,,3.975025966314606,,,
WORKER_RELOC,,1,8,2,,3.1234683505509864,,,
WORKER_RELOC,,1,8,3,,2.001389737243193,,,
WORKER_RELOC,,1,8,4,,3.400111212456886,,,
WORKER_RELOC,,1,8,5,,2.402771250159488,,,
WORKER_RELOC,,1,8,6,,3.994332884046156,,,
WORKER_RELOC,,1,8,7,,0.7433403734998645,,,
WORKER_RELOC,,1,8,8,,0.0,,,
WORKER_RELOC,,1,8,9,,1.4918415762325972,,,
WORKER_RELOC,,1,8,10,,2.8864667027246496,,,
WORKER_RELOC,,1,8,11,,1.8906499296865709,,,
WORKER_RELOC,,1,8,12,,3.712670528762252,,,
WORKER_RELOC,,1,8,13,,3.517272286072359,,,
WORKER_RELOC,,1,8,14,,3.1251329889040953,,,
WORKER_RELOC,,1,8,15,,2.8318235413990056,,,
WORKER_RELOC,,1,8,16,,2.78898527974943,,,
WORKER_RELOC,,1,8,17,,3.3446695684437127,,,
WORKER_RELOC,,1,9,0,,2.8559513798949268,,,
WORKER_RELOC,,1,9,1,,3.2114102170097207,,,
WORKER_RELOC,,1,9,2,,2.037810143343473,,,
WORKER_RELOC,,1,9,3,,3.3302338919422234,,,
WORKER_RELOC,,1,9,4,,1.8073858682090558,,,
WORKER_RELOC,,1,9,5,,3.485854352533411,,,
WORKER_RELOC,,1,9,6,,2.3054853957517487,,,
WORKER_RELOC,,1,9,7,,1.46871617631054,,,
WORKER_RELOC,,1,9,8,,1.2936240621182562,,,
WORKER_RELOC,,1,9,9,,0.0,,,
WORKER_RELOC,,1,9,10,,3.4283889832292096,,,
WORKER_RELOC,,1,9,11,,1.5670572417882482,,,
WORKER_RELOC,,1,9,12,,3.352865512210041,,,
WORKER_RELOC,,1,9,13,,2.917089547774415,,,
WORKER_RELOC,,1,9,14,,1.9931723737664664,,,
WORKER_RELOC,,1,9,15,,2.9661807019129953,,,
WORKER_RELOC,,1,9,16,,3.3181365061748935,,,
WORKER_RELOC,,1,9,17,,1.5238262328681653,,,
WORKER_RELOC,,1,10,0,,1.5922817297735656,,,
WORKER_RELOC,,1,10,1,,3.788508809026882,,,
WORKER_RELOC,,1,10,2,,3.3515106166745303,,,
WORKER_RELOC,,1,10,3,,1.5514139222349377,,,
WORKER_RELOC,,1,10,4,,3.164874884089735,,,
WORKER_RELOC,,1,10,5,,2.884061714247359,,,
WORKER_RELOC,,1,10,6,,2.5763003487435805,,,
WORKER_RELOC,,1,10,7,,1.5652937986180242,,,
WORKER_RELOC,,1,10,8,,2.7397003469792134,,,
WORKER_RELOC,,1,10,9,,3.113810235061451,,,
WORKER_RELOC,,1,10,10,,0.0,,,
WORKER_RELOC,,1,10,11,,0.8146807839609544,,,
WORKER_RELOC,,1,10,12,,0.8952479349962804,,,
WORKER_RELOC,,1,10,13,,1.5800080919987225,,,
WORKER_RELOC,,1,10,14,,3.2400953117147924,,,
WORKER_RELOC,,1,10,15,,2.7914123987645136,,,
WORKER_RELOC,,1,10,16,,1.8033300487555735,,,
WORKER_RELOC,,1,10,17,,1.9610547675021361,,,
WORKER_RELOC,,1,11,0,,3.165010562864026,,,
WORKER_RELOC,,1,11,1,,2.9413653294024904,,,
WORKER_RELOC,,1,11,2,,3.312894988353058,,,
WORKER_RELOC,,1,11,3,,2.715916718732141,,,
WORKER_RELOC,,1,11,4,,3.658250367740267,,,
WORKER_RELOC,,1,11,5,,3.409508519819774,,,
WORKER_RELOC,,1,11,6,,1.5756977135703067,,,
WORKER_RELOC,,1,11,7,,3.6900893935345316,,,
WORKER_RELOC,,1,11,8,,1.8954399217671776,,,
WORKER_RELOC,,1,11,9,,2.5492766656501784,,,
WORKER_RELOC,,1,11,10,,1.2024560556193036,,,
WORKER_RELOC,,1,11,11,,0.0,,,
WORKER_RELOC,,1,11,12,,1.3162356438380376,,,
WORKER_RELOC,,1,11,13,,2.629772149970519,,,
WORKER_RELOC,,1,11,14,,1.5385050802921483,,,
WORKER_RELOC,,1,11,15,,3.1273109628764093,,,
WORKER_RELOC,,1,11,16,,1.9901931431737574,,,
WORKER_RELOC,,1,11,17,,2.1542511131816173,,,
WORKER_RELOC,,1,12,0,,2.1776745825674384,,,
WORKER_RELOC,,1,12,1,,2.896552075539553,,,
WORKER_RELOC,,1,12,2,,2.2358536002074185,,,
WORKER_RELOC,,1,12,3,,3.499936689208546,,,
WORKER_RELOC,,1,12,4,,1.8593133000444935,,,
WORKER_RELOC,,1,12,5,,1.554175137407408,,,
WORKER_RELOC,,1,12,6,,2.693024811631691,,,
WORKER_RELOC,,1,12,7,,2.016702017898707,,,
WORKER_RELOC,,1,12,8,,1.5634686579817756,,,
WORKER_RELOC,,1,12,9,,2.785883128492836,,,
WORKER_RELOC,,1,12,10,,0.7941578288267446,,,
WORKER_RELOC,,1,12,11,,1.0555731486225106,,,
WORKER_RELOC,,1,12,12,,0.0,,,
WORKER_RELOC,,1,12,13,,3.472729370648159,,,
WORKER_RELOC,,1,12,14,,1.863934246835177,,,
WORKER_RELOC,,1,12,15,,1.8343834068325817,,,
WORKER_RELOC,,1,12,16,,2.5169078348715517,,,
WORKER_RELOC,,1,12,17,,3.1775455094100122,,,
WORKER_RELOC,,1,13,0,,1.8848873448187675,,,
WORKER_RELOC,,1,13,1,,3.1808424233422325,,,
WORKER_RELOC,,1,13,2,,3.623871267589031,,,
WORKER_RELOC,,1,13,3,,2.9752429288853723,,,
WORKER_RELOC,,1,13,4,,2.5267395166871913,,,
WORKER_RELOC,,1,13,5,,1.6855583976971746,,,
WORKER_RELOC,,1,13,6,,2.193347805144346,,,
WORKER_RELOC,,1,13,7,,3.8904957130269433,,,
WORKER_RELOC,,1,13,8,,1.5374635349714008,,,
WORKER_RELOC,,1,13,9,,2.1515592044638905,,,
WORKER_RELOC,,1,13,10,,2.126167918072921,,,
WORKER_RELOC,,1,13,11,,2.3157771013374675,,,
WORKER_RELOC,,1,13,12,,1.7951117759164623,,,
WORKER_RELOC,,1,13,13,,0.0,,,
WORKER_RELOC,,1,13,14,,0.5129089990669374,,,
WORKER_RELOC,,1,13,15,,2.57685838575747,,,
WORKER_RELOC,,1,13,16,,3.893145637476838,,,
WORKER_RELOC,,1,13,17,,3.975017531823532,,,
WORKER_RELOC,,1,14,0,,3.2657876230090923,,,
WORKER_RELOC,,1,14,1,,2.3617917680995966,,,
WORKER_RELOC,,1,14,2,,1.844200410790601,,,
WORKER_RELOC,,1,14,3,,3.852444239032995,,,
WORKER_RELOC,,1,14,4,,1.8066654686439563,,,
WORKER_RELOC,,1,14,5,,3.154814646843336,,,
WORKER_RELOC,,1,14,6,,3.679955812159949,,,
WORKER_RELOC,,1,14,7,,1.7198668119337608,,,
WORKER_RELOC,,1,14,8,,2.6054121914537505,,,
WORKER_RELOC,,1,14,9,,3.840341595614856,,,
WORKER_RELOC,,1,14,10,,1.8648301675352128,,,
WORKER_RELOC,,1,14,11,,3.9822710264000554,,,
WORKER_RELOC,,1,14,12,,3.6208230051158967,,,
WORKER_RELOC,,1,14,13,,0.7984220450707202,,,
WORKER_RELOC,,1,14,14,,0.0,,,
WORKER_RELOC,,1,14,15,,1.8488589016551245,,,
WORKER_RELOC,,1,14,16,,3.972191694604177,,,
WORKER_RELOC,,1,14,17,,3.193529305050867,,,
WORKER_RELOC,,1,15,0,,3.264088020402319,,,
WORKER_RELOC,,1,15,1,,2.168944458927781,,,
WORKER_RELOC,,1,15,2,,1.537771240570292,,,
WORKER_RELOC,,1,15,3,,2.3877912569747854,,,
WORKER_RELOC,,1,15,4,,2.8200866143433263,,,
WORKER_RELOC,,1,15,5,,3.912968691641849,,,
WORKER_RELOC,,1,15,6,,2.5806364298384366,,,
WORKER_RELOC,,1,15,7,,3.4625740510983385,,,
WORKER_RELOC,,1,15,8,,3.2269268027689533,,,
WORKER_RELOC,,1,15,9,,1.8382378047412637,,,
WORKER_RELOC,,1,15,10,,2.927176454464142,,,
WORKER_RELOC,,1,15,11,,3.2386157396265896,,,
WORKER_RELOC,,1,15,12,,2.3707183748470038,,,
WORKER_RELOC,,1,15,13,,2.2064488397442448,,,
WORKER_RELOC,,1,15,14,,1.7444243068224317,,,
WORKER_RELOC,,1,15,15,,0.0,,,
WORKER_RELOC,,1,15,16,,1.284074339505275,,,
WORKER_RELOC,,1,15,17,,0.9310436837513099,,,
WORKER_RELOC,,1,16,0,,3.7926543090228795,,,
WORKER_RELOC,,1,16,1,,2.6720854412019515,,,
WORKER_RELOC,,1,16,2,,3.1508194513809555,,,
WORKER_RELOC,,1,16,3,,1.6186946262046453,,,
WORKER_RELOC,,1,16,4,,2.562524118804772,,,
WORKER_RELOC,,1,16,5,,3.739009965706796,,,
WORKER_RELOC,,1,16,6,,2.8627472199811477,,,
WORKER_RELOC,,1,16,7,,2.231717151060866,,,
WORKER_RELOC,,1,16,8,,2.703067801186558,,,
WORKER_RELOC,,1,16,9,,2.597526642113161,,,
WORKER_RELOC,,1,16,10,,3.548364846581089,,,
WORKER_RELOC,,1,16,11,,2.21639835584656,,,
WORKER_RELOC,,1,16,12,,2.3814554747127845,,,
WORKER_RELOC,,1,16,13,,2.3057903644591233,,,
WORKER_RELOC,,1,16,14,,2.747491242812364,,,
WORKER_RELOC,,1,16,15,,1.3802338439503896,,,
WORKER_RELOC,,1,16,16,,0.0,,,
WORKER_RELOC,,1,16,17,,0.5613263672059446,,,
WORKER_RELOC,,1,17,0,,2.6826365695132015,,,
WORKER_RELOC,,1,17,1,,3.0057702803572424,,,
WORKER_RELOC,,1,17,2,,3.0036593827531783,,,
WORKER_RELOC,,1,17,3,,2.174808030938239,,,
WORKER_RELOC,,1,17,4,,3.292395425676598,,,
WORKER_RELOC,,1,17,5,,2.2665800041592625,,,
WORKER_RELOC,,1,17,6,,2.4905913699717463,,,
WORKER_RELOC,,1,17,7,,2.8884822532626355,,,
WORKER_RELOC,,1,17,8,,2.435290625321656,,,
WORKER_RELOC,,1,17,9,,2.6901090981240663,,,
WORKER_RELOC,,1,17,10,,2.1868944837560393,,,
WORKER_RELOC,,1,17,11,,1.5068755962985252,,,
WORKER_RELOC,,1,17,12,,3.6043078969314,,,
WORKER_RELOC,,1,17,13,,3.3001665636164033,,,
WORKER_RELOC,,1,17,14,,2.3211058519250343,,,
WORKER_RELOC,,1,17,15,,1.4702599820358817,,,
WORKER_RELOC,,1,17,16,,1.2299384174846328,,,
WORKER_RELOC,,1,17,17,,0.0,,,
WORKER_RELOC,,2,0,0,,0.0,,,
WORKER_RELOC,,2,0,1,,1.3383748339251067,,,
WORKER_RELOC,,2,0,2,,3.8085992531633286,,,
WORKER_RELOC,,2,0,3,,1.8322083773190037,,,
WORKER_RELOC,,2,0,4,,2.870057531100776,,,
WORKER_RELOC,,2,0,5,,3.3971151122990797,,,
WORKER_RELOC,,2,0,6,,2.68267883005712,,,
WORKER_RELOC,,2,0,7,,2.43542973482215,,,
WORKER_RELOC,,2,0,8,,3.360869776147963,,,
WORKER_RELOC,,2,0,9,,3.3310810602423064,,,
WORKER_RELOC,,2,0,10,,2.0359273835125324,,,
WORKER_RELOC,,2,0,11,,3.2330276839315406,,,
WORKER_RELOC,,2,0,12,,3.0382814013842543,,,
WORKER_RELOC,,2,0,13,,3.887915522444218,,,
WORKER_RELOC,,2,0,14,,2.133642459376046,,,
WORKER_RELOC,,2,0,15,,2.3285198371302354,,,
WORKER_RELOC,,2,0,16,,3.2568293637638828,,,
WORKER_RELOC,,2,0,17,,3.996358236855329,,,
WORKER_RELOC,,2,1,0,,1.1823511194415381,,,
WORKER_RELOC,,2,1,1,,0.0,,,
WORKER_RELOC,,2,1,2,,1.691616712526229,,,
WORKER_RELOC,,2,1,3,,2.792979292345221,,,
WORKER_RELOC,,2,1,4,,2.978025636845911,,,
WORKER_RELOC,,2,1,5,,1.7155742278729256,,,
WORKER_RELOC,,2,1,6,,1.700925780592713,,,
WORKER_RELOC,,2,1,7,,2.119658244465697,,,
WORKER_RELOC,,2,1,8,,1.6301734657792748,,,
WORKER_RELOC,,2,1,9,,3.4179422606475565,,,
WORKER_RELOC,,2,1,10,,3.117871534725648,,,
WORKER_RELOC,,2,1,11,,1.5639733849626036,,,
WORKER_RELOC,,2,1,12,,1.5285452431066728,,,
WORKER_RELOC,,2,1,13,,3.271160119785325,,,
WORKER_RELOC,,2,1,14,,3.179830003055981,,,
WORKER_RELOC,,2,1,15,,2.3528132289772308,,,
WORKER_RELOC,,2,1,16,,3.1368874374181863,,,
WORKER_RELOC,,2,1,17,,2.3591000047603226,,,
WORKER_RELOC,,2,2,0,,2.826169758846052,,,
WORKER_RELOC,,2,2,1,,1.9210643748006042,,,
WORKER_RELOC,,2,2,2,,0.0,,,
WORKER_RELOC,,2,2,3,,3.208757176948518,,,
WORKER_RELOC,,2,2,4,,2.8115659447374233,,,
WORKER_RELOC,,2,2,5,,3.709270126462388,,,
WORKER_RELOC,,2,2,6,,3.5927485831996924,,,
WORKER_RELOC,,2,2,7,,3.4612475026473004,,,
WORKER_RELOC,,2,2,8,,3.0751009045513964,,,
WORKER_RELOC,,2,2,9,,2.8040498994163436,,,
WORKER_RELOC,,2,2,10,,2.0210400860464564,,,
WORKER_RELOC,,2,2,11,,2.852251755065369,,,
WORKER_RELOC,,2,2,12,,1.7313048035448722,,,
WORKER_RELOC,,2,2,13,,2.4373099451443725,,,
WORKER_RELOC,,2,2,14,,3.676075915996646,,,
WORKER_RELOC,,2,2,15,,3.834681191504306,,,
WORKER_RELOC,,2,2,16,,3.7707831993723744,,,
WORKER_RELOC,,2,2,17,,2.1758726807366373,,,
WORKER_RELOC,,2,3,0,,1.6940390373850893,,,
WORKER_RELOC,,2,3,1,,2.6855970196796424,,,
WORKER_RELOC,,2,3,2,,2.918131609020886,,,
WORKER_RELOC,,2,3,3,,0.0,,,
WORKER_RELOC,,2,3,4,,0.5934607666521555,,,
WORKER_RELOC,,2,3,5,,1.3036592798256592,,,
WORKER_RELOC,,2,3,6,,2.6877266524212393,,,
WORKER_RELOC,,2,3,7,,3.4627082001137266,,,
WORKER_RELOC,,2,3,8,,2.932511887715071,,,
WORKER_RELOC,,2,3,9,,3.3861125661097353,,,
WORKER_RELOC,,2,3,10,,3.0523174807055713,,,
WORKER_RELOC,,2,3,11,,1.7401377006994867,,,
WORKER_RELOC,,2,3,12,,3.2211351757901214,,,
WORKER_RELOC,,2,3,13,,2.323322935693425,,,
WORKER_RELOC,,2,3,14,,1.9407776807104318,,,
WORKER_RELOC,,2,3,15,,3.63533632927183,,,
WORKER_RELOC,,2,3,16,,1.6451752243451845,,,
WORKER_RELOC,,2,3,17,,2.9964502508118045,,,
WORKER_RELOC,,2,4,0,,2.6982382624155647,,,
WORKER_RELOC,,2,4,1,,3.234677302701294,,,
WORKER_RELOC,,2,4,2,,1.5198531130476636,,,
WORKER_RELOC,,2,4,3,,1.3419755718584203,,,
WORKER_RELOC,,2,4,4,,0.0,,,
WORKER_RELOC,,2,4,5,,1.4348442921450244,,,
WORKER_RELOC,,2,4,6,,2.2977865650255183,,,
WORKER_RELOC,,2,4,7,,2.5651277347528154,,,
WORKER_RELOC,,2,4,8,,3.035558446487915,,,
WORKER_RELOC,,2,4,9,,2.157961886249724,,,
WORKER_RELOC,,2,4,10,,1.65788087231837,,,
WORKER_RELOC,,2,4,11,,3.276895409838995,,,
WORKER_RELOC,,2,4,12,,2.4232266764071957,,,
WORKER_RELOC,,2,4,13,,3.8075283038601913,,,
WORKER_RELOC,,2,4,14,,2.865637007182011,,,
WORKER_RELOC,,2,4,15,,3.5291378343548283,,,
WORKER_RELOC,,2,4,16,,1.6953306407477844,,,
WORKER_RELOC,,2,4,17,,3.5056099571484105,,,
WORKER_RELOC,,2,5,0,,1.6040917303258806,,,
WORKER_RELOC,,2,5,1,,2.3545876896503404,,,
WORKER_RELOC,,2,5,2,,2.805188570469712,,,
WORKER_RELOC,,2,5,3,,0.5213791004416156,,,
WORKER_RELOC,,2,5,4,,1.0456363926644527,,,
WORKER_RELOC,,2,5,5,,0.0,,,
WORKER_RELOC,,2,5,6,,1.8447558919386837,,,
WORKER_RELOC,,2,5,7,,3.979958055746161,,,
WORKER_RELOC,,2,5,8,,2.2443961783552036,,,
WORKER_RELOC,,2,5,9,,3.7780850907371932,,,
WORKER_RELOC,,2,5,10,,1.8217759606059758,,,
WORKER_RELOC,,2,5,11,,2.4262142180481487,,,
WORKER_RELOC,,2,5,12,,3.988429044725601,,,
WORKER_RELOC,,2,5,13,,2.842643869786802,,,
WORKER_RELOC,,2,5,14,,2.893904337593713,,,
WORKER_RELOC,,2,5,15,,2.1575179079707305,,,
WORKER_RELOC,,2,5,16,,2.7110320493490647,,,
WORKER_RELOC,,2,5,17,,3.0976658140292224,,,
WORKER_RELOC,,2,6,0,,3.802119501154446,,,
WORKER_RELOC,,2,6,1,,3.300252028308954,,,
WORKER_RELOC,,2,6,2,,2.5986899229432927,,,
WORKER_RELOC,,2,6,3,,1.785890387501503,,,
WORKER_RELOC,,2,6,4,,3.3236406965442042,,,
WORKER_RELOC,,2,6,5,,3.5577819518445,,,
WORKER_RELOC,,2,6,6,,0.0,,,
WORKER_RELOC,,2,6,7,,2.8485348581115515,,,
WORKER_RELOC,,2,6,8,,3.4452398812410086,,,
WORKER_RELOC,,2,6,9,,3.960267754009193,,,
WORKER_RELOC,,2,6,10,,1.7712687198574404,,,
WORKER_RELOC,,2,6,11,,3.6859382910364324,,,
WORKER_RELOC,,2,6,12,,2.3117437598731656,,,
WORKER_RELOC,,2,6,13,,1.6870998461239441,,,
WORKER_RELOC,,2,6,14,,2.5669008416134056,,,
WORKER_RELOC,,2,6,15,,1.5270389959201562,,,
WORKER_RELOC,,2,6,16,,3.653447106701652,,,
WORKER_RELOC,,2,6,17,,2.1999107016723976,,,
WORKER_RELOC,,2,7,0,,3.007311658756661,,,
WORKER_RELOC,,2,7,1,,2.7543703893545204,,,
WORKER_RELOC,,2,7,2,,3.3143583004312287,,,
WORKER_RELOC,,2,7,3,,3.967209029147893,,,
WORKER_RELOC,,2,7,4,,3.8973143599950464,,,
WORKER_RELOC,,2,7,5,,2.464410668674612,,,
WORKER_RELOC,,2,7,6,,1.5599403305655688,,,
WORKER_RELOC,,2,7,7,,0.0,,,
WORKER_RELOC,,2,7,8,,0.5675347373441374,,,
WORKER_RELOC,,2,7,9,,0.8089647494506003,,,
WORKER_RELOC,,2,7,10,,3.0433676730474946,,,
WORKER_RELOC,,2,7,11,,3.570263228946777,,,
WORKER_RELOC,,2,7,12,,3.6649900018058976,,,
WORKER_RELOC,,2,7,13,,3.5801572365829535,,,
WORKER_RELOC,,2,7,14,,3.6526073521819153,,,
WORKER_RELOC,,2,7,15,,3.4191992551098775,,,
WORKER_RELOC,,2,7,16,,3.1876023921002616,,,
WORKER_RELOC,,2,7,17,,3.0661414446143382,,,
WORKER_RELOC,,2,8,0,,2.140406690336977,,,
WORKER_RELOC,,2,8,1,,2.294078083532228,,,
WORKER_RELOC,,2,8,2,,2.351700319340097,,,
WORKER_RELOC,,2,8,3,,2.4183121207195883,,,
WORKER_RELOC,,2,8,4,,2.0556176172471505,,,
WORKER_RELOC,,2,8,5,,2.122732218763305,,,
WORKER_RELOC,,2,8,6,,1.664068255422551,,,
WORKER_RELOC,,2,8,7,,0.8796201292313042,,,
WORKER_RELOC,,2,8,8,,0.0,,,
WORKER_RELOC,,2,8,9,,1.136869285752825,,,
WORKER_RELOC,,2,8,10,,2.911448135383476,,,
WORKER_RELOC,,2,8,11,,2.460207940642757,,,
WORKER_RELOC,,2,8,12,,2.4910890233078566,,,
WORKER_RELOC,,2,8,13,,2.161636361752195,,,
WORKER_RELOC,,2,8,14,,2.7761033195166336,,,
WORKER_RELOC,,2,8,15,,2.082947898894539,,,
WORKER_RELOC,,2,8,16,,2.4401847695997265,,,
WORKER_RELOC,,2,8,17,,2.6017651565848334,,,
WORKER_RELOC,,2,9,0,,2.4023211052091717,,,
WORKER_RELOC,,2,9,1,,2.5669613540878937,,,
WORKER_RELOC,,2,9,2,,2.7663362725207223,,,
WORKER_RELOC,,2,9,3,,3.7830999448831455,,,
WORKER_RELOC,,2,9,4,,3.0463041464023757,,,
WORKER_RELOC,,2,9,5,,3.027312796140201,,,
WORKER_RELOC,,2,9,6,,2.0281966884963456,,,
WORKER_RELOC,,2,9,7,,0.6030892070025448,,,
WORKER_RELOC,,2,9,8,,0.5226372731213857,,,
WORKER_RELOC,,2,9,9,,0.0,,,
WORKER_RELOC,,2,9,10,,1.981590410677568,,,
WORKER_RELOC,,2,9,11,,2.9775133353286707,,,
WORKER_RELOC,,2,9,12,,3.077921462914067,,,
WORKER_RELOC,,2,9,13,,2.88258535909383,,,
WORKER_RELOC,,2,9,14,,3.3418048696402445,,,
WORKER_RELOC,,2,9,15,,3.268386831581572,,,
WORKER_RELOC,,2,9,16,,3.1042902188763186,,,
WORKER_RELOC,,2,9,17,,3.0574691841858823,,,
WORKER_RELOC,,2,10,0,,3.289853425154879,,,
WORKER_RELOC,,2,10,1,,2.2053245216173383,,,
WORKER_RELOC,,2,10,2,,1.6439152754042117,,,
WORKER_RELOC,,2,10,3,,1.9840484272691412,,,
WORKER_RELOC,,2,10,4,,3.7469385168947116,,,
WORKER_RELOC,,2,10,5,,1.5433143671538485,,,
WORKER_RELOC,,2,10,6,,3.094983333047992,,,
WORKER_RELOC,,2,10,7,,2.189472080557648,,,
WORKER_RELOC,,2,10,8,,1.6871806427912053,,,
WORKER_RELOC,,2,10,9,,3.131898572332496,,,
WORKER_RELOC,,2,10,10,,0.0,,,
WORKER_RELOC,,2,10,11,,1.2571407483443626,,,
WORKER_RELOC,,2,10,12,,1.2250447015910848,,,
WORKER_RELOC,,2,10,13,,2.9889107986341936,,,
WORKER_RELOC,,2,10,14,,3.889939079074405,,,
WORKER_RELOC,,2,10,15,,2.4970190802574788,,,
WORKER_RELOC,,2,10,16,,3.479473050639403,,,
WORKER_RELOC,,2,10,17,,3.4523246713661413,,,
WORKER_RELOC,,2,11,0,,3.066412508418649,,,
WORKER_RELOC,,2,11,1,,3.7238679896364926,,,
WORKER_RELOC,,2,11,2,,3.432328721263403,,,
WORKER_RELOC,,2,11,3,,1.6730515371499015,,,
WORKER_RELOC,,2,11,4,,3.841609887248293,,,
WORKER_RELOC,,2,11,5,,2.261095262133631,,,
WORKER_RELOC,,2,11,6,,2.7249109192516583,,,
WORKER_RELOC,,2,11,7,,1.5972171166269762,,,
WORKER_RELOC,,2,11,8,,1.6321147354042007,,,
WORKER_RELOC,,2,11,9,,1.649293342744751,,,
WORKER_RELOC,,2,11,10,,0.6738881607228054,,,
WORKER_RELOC,,2,11,11,,0.0,,,
WORKER_RELOC,,2,11,12,,1.2579346437583405,,,
WORKER_RELOC,,2,11,13,,3.9113597754361473,,,
WORKER_RELOC,,2,11,14,,3.851928670714325,,,
WORKER_RELOC,,2,11,15,,2.2969896293839276,,,
WORKER_RELOC,,2,11,16,,2.8527299741568406,,,
WORKER_RELOC,,2,11,17,,1.8644473588857744,,,
WORKER_RELOC,,2,12,0,,2.791808368499461,,,
WORKER_RELOC,,2,12,1,,1.7943495516234742,,,
WORKER_RELOC,,2,12,2,,2.8404238841959764,,,
WORKER_RELOC,,2,12,3,,3.333070612517984,,,
WORKER_RELOC,,2,12,4,,2.6258803792847827,,,
WORKER_RELOC,,2,12,5,,1.7338081179361353,,,
WORKER_RELOC,,2,12,6,,1.6184244306952484,,,
WORKER_RELOC,,2,12,7,,3.4805498804765005,,,
WORKER_RELOC,,2,12,8,,3.2397959531204394,,,
WORKER_RELOC,,2,12,9,,2.4375695906478887,,,
WORKER_RELOC,,2,12,10,,0.8409502033135455,,,
WORKER_RELOC,,2,12,11,,1.4605809726988435,,,
WORKER_RELOC,,2,12,12,,0.0,,,
WORKER_RELOC,,2,12,13,,3.1790526943186603,,,
WORKER_RELOC,,2,12,14,,2.8577526780200007,,,
WORKER_RELOC,,2,12,15,,2.3214892567416094,,,
WORKER_RELOC,,2,12,16,,3.15908193678213,,,
WORKER_RELOC,,2,12,17,,1.97670969702993,,,
WORKER_RELOC,,2,13,0,,2.7918272308852714,,,
WORKER_RELOC,,2,13,1,,3.935907287633018,,,
WORKER_RELOC,,2,13,2,,3.5770144918105076,,,
WORKER_RELOC,,2,13,3,,2.9795809961376696,,,
WORKER_RELOC,,2,13,4,,3.3103808811049036,,,
WORKER_RELOC,,2,13,5,,3.8978798201240883,,,
WORKER_RELOC,,2,13,6,,2.4747200231203923,,,
WORKER_RELOC,,2,13,7,,3.798728994795124,,,
WORKER_RELOC,,2,13,8,,2.7894806938879073,,,
WORKER_RELOC,,2,13,9,,1.6136659030777052,,,
WORKER_RELOC,,2,13,10,,2.741072420778867,,,
WORKER_RELOC,,2,13,11,,3.316235753496771,,,
WORKER_RELOC,,2,13,12,,3.5880567841663895,,,
WORKER_RELOC,,2,13,13,,0.0,,,
WORKER_RELOC,,2,13,14,,1.0305549029703975,,,
WORKER_RELOC,,2,13,15,,2.5704094082011357,,,
WORKER_RELOC,,2,13,16,,2.7910101979243707,,,
WORKER_RELOC,,2,13,17,,3.434082732627851,,,
WORKER_RELOC,,2,14,0,,3.0941967593479034,,,
WORKER_RELOC,,2,14,1,,3.91341446325587,,,
WORKER_RELOC,,2,14,2,,1.687497052170647,,,
WORKER_RELOC,,2,14,3,,2.880950705819603,,,
WORKER_RELOC,,2,14,4,,3.3472726257005005,,,
WORKER_RELOC,,2,14,5,,1.90748254015111,,,
WORKER_RELOC,,2,14,6,,1.702942189048472,,,
WORKER_RELOC,,2,14,7,,2.2219017462438764,,,
WORKER_RELOC,,2,14,8,,1.8121320965476548,,,
WORKER_RELOC,,2,14,9,,3.2069007841955353,,,
WORKER_RELOC,,2,14,10,,3.7151954476879623,,,
WORKER_RELOC,,2,14,11,,1.7690155213620928,,,
WORKER_RELOC,,2,14,12,,3.4699166742864787,,,
WORKER_RELOC,,2,14,13,,0.8576664763322666,,,
WORKER_RELOC,,2,14,14,,0.0,,,
WORKER_RELOC,,2,14,15,,2.6276015953978407,,,
WORKER_RELOC,,2,14,16,,3.0915449500732444,,,
WORKER_RELOC,,2,14,17,,3.935164215751075,,,
WORKER_RELOC,,2,15,0,,2.956811134268076,,,
WORKER_RELOC,,2,15,1,,1.5716279728861589,,,
WORKER_RELOC,,2,15,2,,2.6402743704698217,,,
WORKER_RELOC,,2,15,3,,3.81536541574872,,,
WORKER_RELOC,,2,15,4,,2.9261323862141944,,,
WORKER_RELOC,,2,15,5,,3.755226675907633,,,
WORKER_RELOC,,2,15,6,,3.269020452639709,,,
WORKER_RELOC,,2,15,7,,2.3786727500564417,,,
WORKER_RELOC,,2,15,8,,1.626029156363781,,,
WORKER_RELOC,,2,15,9,,3.3696952090181824,,,
WORKER_RELOC,,2,15,10,,1.6147098916854137,,,
WORKER_RELOC,,2,15,11,,1.5231816994126683,,,
WORKER_RELOC,,2,15,12,,2.1629432677539207,,,
WORKER_RELOC,,2,15,13,,3.766223679302005,,,
WORKER_RELOC,,2,15,14,,1.610954193179793,,,
WORKER_RELOC,,2,15,15,,0.0,,,
WORKER_RELOC,,2,15,16,,1.3495600681829956,,,
WORKER_RELOC,,2,15,17,,0.6983299182858826,,,
WORKER_RELOC,,2,16,0,,3.6791988612811934,,,
WORKER_RELOC,,2,16,1,,1.6994809424758692,,,
WORKER_RELOC,,2,16,2,,3.6837509601455345,,,
WORKER_RELOC,,2,16,3,,2.5173447623897864,,,
WORKER_RELOC,,2,16,4,,1.9567562357141999,,,
WORKER_RELOC,,2,16,5,,2.526511191751623,,,
WORKER_RELOC,,2,16,6,,1.7377502404325988,,,
WORKER_RELOC,,2,16,7,,2.2860086883712745,,,
WORKER_RELOC,,2,16,8,,2.3391594688616046,,,
WORKER_RELOC,,2,16,9,,2.4634821283207007,,,
WORKER_RELOC,,2,16,10,,3.1600164340972916,,,
WORKER_RELOC,,2,16,11,,3.436981685148421,,,
WORKER_RELOC,,2,16,12,,1.8902815484393198,,,
WORKER_RELOC,,2,16,13,,2.895220436062442,,,
WORKER_RELOC,,2,16,14,,2.5241035467208137,,,
WORKER_RELOC,,2,16,15,,1.1231486253530067,,,
WORKER_RELOC,,2,16,16,,0.0,,,
WORKER_RELOC,,2,16,17,,1.3119897901288482,,,
WORKER_RELOC,,2,17,0,,1.9427115093085154,,,
WORKER_RELOC,,2,17,1,,1.5979492520017917,,,
WORKER_RELOC,,2,17,2,,2.085741032260004,,,
WORKER_RELOC,,2,17,3,,1.7752836087424002,,,
WORKER_RELOC,,2,17,4,,3.244166780942164,,,
WORKER_RELOC,,2,17,5,,1.9349256502753391,,,
WORKER_RELOC,,2,17,6,,1.5032126439045181,,,
WORKER_RELOC,,2,17,7,,1.5882994609290275,,,
WORKER_RELOC,,2,17,8,,2.245631353967654,,,
WORKER_RELOC,,2,17,9,,3.2795330582031035,,,
WORKER_RELOC,,2,17,10,,2.422611212397223,,,
WORKER_RELOC,,2,17,11,,2.8713076717804427,,,
WORKER_RELOC,,2,17,12,,3.340113868226056,,,
WORKER_RELOC,,2,17,13,,2.1471655145279445,,,
WORKER_RELOC,,2,17,14,,3.7753967453499326,,,
WORKER_RELOC,,2,17,15,,0.6871717285128096,,,
WORKER_RELOC,,2,17,16,,0.6485593279052514,,,
WORKER_RELOC,,2,17,17,,0.0,,,
WORKER_RELOC,,3,0,0,,0.0,,,
WORKER_RELOC,,3,0,1,,0.7623717591307791,,,
WORKER_RELOC,,3,0,2,,2.1556378733467003,,,
WORKER_RELOC,,3,0,3,,2.708299437449808,,,
WORKER_RELOC,,3,0,4,,2.7094440044116217,,,
WORKER_RELOC,,3,0,5,,1.8537939498703704,,,
WORKER_RELOC,,3,0,6,,3.0439664313016705,,,
WORKER_RELOC,,3,0,7,,3.5923444653620784,,,
WORKER_RELOC,,3,0,8,,3.814850850576348,,,
WORKER_RELOC,,3,0,9,,3.601434316683644,,,
WORKER_RELOC,,3,0,10,,2.4867589839200614,,,
WORKER_RELOC,,3,0,11,,1.6721599581583955,,,
WORKER_RELOC,,3,0,12,,3.8928428176760526,,,
WORKER_RELOC,,3,0,13,,2.8122345133960467,,,
WORKER_RELOC,,3,0,14,,3.1504306072116472,,,
WORKER_RELOC,,3,0,15,,2.5499682045074894,,,
WORKER_RELOC,,3,0,16,,3.6882456700317676,,,
WORKER_RELOC,,3,0,17,,2.7082220540058626,,,
WORKER_RELOC,,3,1,0,,1.3332403650604872,,,
WORKER_RELOC,,3,1,1,,0.0,,,
WORKER_RELOC,,3,1,2,,2.0053274376196066,,,
WORKER_RELOC,,3,1,3,,3.1308735400243837,,,
WORKER_RELOC,,3,1,4,,3.9693978301049353,,,
WORKER_RELOC,,3,1,5,,3.210252730048435,,,
WORKER_RELOC,,3,1,6,,1.8657700808481177,,,
WORKER_RELOC,,3,1,7,,3.697135930738712,,,
WORKER_RELOC,,3,1,8,,3.691500205996594,,,
WORKER_RELOC,,3,1,9,,2.0458046467368387,,,
WORKER_RELOC,,3,1,10,,2.3061484418079914,,,
WORKER_RELOC,,3,1,11,,1.7549368212335108,,,
WORKER_RELOC,,3,1,12,,2.043620128115995,,,
WORKER_RELOC,,3,1,13,,3.9843944385465346,,,
WORKER_RELOC,,3,1,14,,2.5326944385771837,,,
WORKER_RELOC,,3,1,15,,3.3300192792609886,,,
WORKER_RELOC,,3,1,16,,1.6315708658711428,,,
WORKER_RELOC,,3,1,17,,2.9068412923047346,,,
WORKER_RELOC,,3,2,0,,2.8866020968877586,,,
WORKER_RELOC,,3,2,1,,2.0882368502592885,,,
WORKER_RELOC,,3,2,2,,0.0,,,
WORKER_RELOC,,3,2,3,,2.959473017211417,,,
WORKER_RELOC,,3,2,4,,2.8599821042038522,,,
WORKER_RELOC,,3,2,5,,2.410264646816673,,,
WORKER_RELOC,,3,2,6,,2.8352056588224075,,,
WORKER_RELOC,,3,2,7,,2.3254379967187027,,,
WORKER_RELOC,,3,2,8,,2.5738298927868906,,,
WORKER_RELOC,,3,2,9,,3.7421103715106776,,,
WORKER_RELOC,,3,2,10,,3.210938341905341,,,
WORKER_RELOC,,3,2,11,,3.618253313476937,,,
WORKER_RELOC,,3,2,12,,1.5168629073394535,,,
WORKER_RELOC,,3,2,13,,2.72813903288905,,,
WORKER_RELOC,,3,2,14,,3.5016908591561355,,,
WORKER_RELOC,,3,2,15,,2.8863396185860903,,,
WORKER_RELOC,,3,2,16,,1.810390552588883,,,
WORKER_RELOC,,3,2,17,,2.457149543380244,,,
WORKER_RELOC,,3,3,0,,2.73304765128052,,,
WORKER_RELOC,,3,3,1,,1.9733272366996066,,,
WORKER_RELOC,,3,3,2,,1.7671500705431507,,,
WORKER_RELOC,,3,3,3,,0.0,,,
WORKER_RELOC,,3,3,4,,1.3204315682843064,,,
WORKER_RELOC,,3,3,5,,1.3335618389629802,,,
WORKER_RELOC,,3,3,6,,1.8835755625840764,,,
WORKER_RELOC,,3,3,7,,2.667300162175577,,,
WORKER_RELOC,,3,3,8,,2.3908101207424743,,,
WORKER_RELOC,,3,3,9,,2.047066910024333,,,
WORKER_RELOC,,3,3,10,,2.1775129260180868,,,
WORKER_RELOC,,3,3,11,,2.3175169907255984,,,
WORKER_RELOC,,3,3,12,,1.7852759867289358,,,
WORKER_RELOC,,3,3,13,,3.7614183399198593,,,
WORKER_RELOC,,3,3,14,,2.223874460198507,,,
WORKER_RELOC,,3,3,15,,3.0273297410297744,,,
WORKER_RELOC,,3,3,16,,2.826225016676098,,,
WORKER_RELOC,,3,3,17,,2.7180785353241856,,,
WORKER_RELOC,,3,4,0,,1.596030615220781,,,
WORKER_RELOC,,3,4,1,,2.5184313207128968,,,
WORKER_RELOC,,3,4,2,,2.231818825650223,,,
WORKER_RELOC,,3,4,3,,1.0463973775404116,,,
WORKER_RELOC,,3,4,4,,0.0,,,
WORKER_RELOC,,3,4,5,,1.1449439552454197,,,
WORKER_RELOC,,3,4,6,,3.7308772651600597,,,
WORKER_RELOC,,3,4,7,,3.457943336135013,,,
WORKER_RELOC,,3,4,8,,3.615089567554128,,,
WORKER_RELOC,,3,4,9,,3.253628592063904,,,
WORKER_RELOC,,3,4,10,,2.223055512148987,,,
WORKER_RELOC,,3,4,11,,2.750592668355565,,,
WORKER_RELOC,,3,4,12,,3.930253343769598,,,
WORKER_RELOC,,3,4,13,,2.691054526138716,,,
WORKER_RELOC,,3,4,14,,1.682808817677143,,,
WORKER_RELOC,,3,4,15,,3.5970270905159385,,,
WORKER_RELOC,,3,4,16,,3.34880771788382,,,
WORKER_RELOC,,3,4,17,,2.7312071919122656,,,
WORKER_RELOC,,3,5,0,,2.9765246711578013,,,
WORKER_RELOC,,3,5,1,,1.7938654289588731,,,
WORKER_RELOC,,3,5,2,,3.57424073062967,,,
WORKER_RELOC,,3,5,3,,1.2962520235637516,,,
WORKER_RELOC,,3,5,4,,0.7133288908118696,,,
WORKER_RELOC,,3,5,5,,0.0,,,
WORKER_RELOC,,3,5,6,,2.2587717941360337,,,
WORKER_RELOC,,3,5,7,,3.9156851838387823,,,
WORKER_RELOC,,3,5,8,,3.24478630382382,,,
WORKER_RELOC,,3,5,9,,3.02128442264246,,,
WORKER_RELOC,,3,5,10,,3.9494820516312252,,,
WORKER_RELOC,,3,5,11,,1.6834225886797793,,,
WORKER_RELOC,,3,5,12,,3.6305347759367375,,,
WORKER_RELOC,,3,5,13,,3.352866283313831,,,
WORKER_RELOC,,3,5,14,,3.2655569420163166,,,
WORKER_RELOC,,3,5,15,,3.365272415294714,,,
WORKER_RELOC,,3,5,16,,1.7176731057074088,,,
WORKER_RELOC,,3,5,17,,1.7862509665913895,,,
WORKER_RELOC,,3,6,0,,3.0054100564682455,,,
WORKER_RELOC,,3,6,1,,3.246576385847951,,,
WORKER_RELOC,,3,6,2,,3.3284260085310753,,,
WORKER_RELOC,,3,6,3,,3.8227502945323533,,,
WORKER_RELOC,,3,6,4,,2.837951060502001,,,
WORKER_RELOC,,3,6,5,,2.6647910566514312,,,
WORKER_RELOC,,3,6,6,,0.0,,,
WORKER_RELOC,,3,6,7,,3.264308520865929,,,
WORKER_RELOC,,3,6,8,,3.6370391772142154,,,
WORKER_RELOC,,3,6,9,,2.5229994527346022,,,
WORKER_RELOC,,3,6,10,,2.9633103529076386,,,
WORKER_RELOC,,3,6,11,,1.7908040612324116,,,
WORKER_RELOC,,3,6,12,,3.999758716605148,,,
WORKER_RELOC,,3,6,13,,1.878994074440934,,,
WORKER_RELOC,,3,6,14,,3.053273173121017,,,
WORKER_RELOC,,3,6,15,,3.09004017168855,,,
WORKER_RELOC,,3,6,16,,3.2385278878157693,,,
WORKER_RELOC,,3,6,17,,3.879614685086183,,,
WORKER_RELOC,,3,7,0,,1.685092784800959,,,
WORKER_RELOC,,3,7,1,,3.416084494593564,,,
WORKER_RELOC,,3,7,2,,2.8347673904604314,,,
WORKER_RELOC,,3,7,3,,2.1359137822400873,,,
WORKER_RELOC,,3,7,4,,2.6531800502732343,,,
WORKER_RELOC,,3,7,5,,3.66075265477633,,,
WORKER_RELOC,,3,7,6,,3.8179598790859792,,,
WORKER_RELOC,,3,7,7,,0.0,,,
WORKER_RELOC,,3,7,8,,0.8476421047826991,,,
WORKER_RELOC,,3,7,9,,1.2058186792795995,,,
WORKER_RELOC,,3,7,10,,1.9640347035168784,,,
WORKER_RELOC,,3,7,11,,3.3543119397599885,,,
WORKER_RELOC,,3,7,12,,1.9978241559645837,,,
WORKER_RELOC,,3,7,13,,2.6546688533368705,,,
WORKER_RELOC,,3,7,14,,3.857808044448168,,,
WORKER_RELOC,,3,7,15,,3.6043156044408504,,,
WORKER_RELOC,,3,7,16,,3.694829021089216,,,
WORKER_RELOC,,3,7,17,,3.654221967083218,,,
WORKER_RELOC,,3,8,0,,2.9943327776031285,,,
WORKER_RELOC,,3,8,1,,1.7593873135694436,,,
WORKER_RELOC,,3,8,2,,3.4248497582893673,,,
WORKER_RELOC,,3,8,3,,3.2237295267445356,,,
WORKER_RELOC,,3,8,4,,2.3582146659209915,,,
WORKER_RELOC,,3,8,5,,2.869790887067651,,,
WORKER_RELOC,,3,8,6,,2.7930152224655633,,,
WORKER_RELOC,,3,8,7,,0.8023238511867354,,,
WORKER_RELOC,,3,8,8,,0.0,,,
WORKER_RELOC,,3,8,9,,0.7902589788652312,,,
WORKER_RELOC,,3,8,10,,3.537841714797593,,,
WORKER_RELOC,,3,8,11,,1.8814962987399562,,,
WORKER_RELOC,,3,8,12,,1.7163284423629648,,,
WORKER_RELOC,,3,8,13,,3.8575926301033987,,,
WORKER_RELOC,,3,8,14,,3.0555773897101455,,,
WORKER_RELOC,,3,8,15,,2.491134632888226,,,
WORKER_RELOC,,3,8,16,,1.8919701259703552,,,
WORKER_RELOC,,3,8,17,,2.2489038665809313,,,
WORKER_RELOC,,3,9,0,,3.8947129120471167,,,
WORKER_RELOC,,3,9,1,,2.491966316524148,,,
WORKER_RELOC,,3,9,2,,1.758971202056558,,,
WORKER_RELOC,,3,9,3,,2.862864267670137,,,
WORKER_RELOC,,3,9,4,,3.525432515508545,,,
WORKER_RELOC,,3,9,5,,2.4070454900957854,,,
WORKER_RELOC,,3,9,6,,2.7916119564474524,,,
WORKER_RELOC,,3,9,7,,0.9805871790424096,,,
WORKER_RELOC,,3,9,8,,1.1627164183884073,,,
WORKER_RELOC,,3,9,9,,0.0,,,
WORKER_RELOC,,3,9,10,,3.9689977258358544,,,
WORKER_RELOC,,3,9,11,,2.623211930553523,,,
WORKER_RELOC,,3,9,12,,1.9112392558922346,,,
WORKER_RELOC,,3,9,13,,3.445177198880396,,,
WORKER_RELOC,,3,9,14,,1.622577252318452,,,
WORKER_RELOC,,3,9,15,,3.5164050153138238,,,
WORKER_RELOC,,3,9,16,,3.7300558691224075,,,
WORKER_RELOC,,3,9,17,,3.5572529219918754,,,
WORKER_RELOC,,3,10,0,,3.0957079071893947,,,
WORKER_RELOC,,3,10,1,,1.7210219822857216,,,
WORKER_RELOC,,3,10,2,,1.9523436994486174,,,
WORKER_RELOC,,3,10,3,,2.376500610405695,,,
WORKER_RELOC,,3,10,4,,2.6090038596751723,,,
WORKER_RELOC,,3,10,5,,2.5859936055637593,,,
WORKER_RELOC,,3,10,6,,2.467078577982391,,,
WORKER_RELOC,,3,10,7,,3.935851645181568,,,
WORKER_RELOC,,3,10,8,,1.7577949555340546,,,
WORKER_RELOC,,3,10,9,,2.460150964376154,,,
WORKER_RELOC,,3,10,10,,0.0,,,
WORKER_RELOC,,3,10,11,,0.5888659264767406,,,
WORKER_RELOC,,3,10,12,,0.6194897495873621,,,
WORKER_RELOC,,3,10,13,,2.1245079988341917,,,
WORKER_RELOC,,3,10,14,,2.5637438257610334,,,
WORKER_RELOC,,3,10,15,,2.312566784861332,,,
WORKER_RELOC,,3,10,16,,1.5077562911247124,,,
WORKER_RELOC,,3,10,17,,2.034527262766852,,,
WORKER_RELOC,,3,11,0,,3.5883197109967906,,,
WORKER_RELOC,,3,11,1,,2.4841687741731975,,,
WORKER_RELOC,,3,11,2,,2.301477812586196,,,
WORKER_RELOC,,3,11,3,,1.7514761020678866,,,
WORKER_RELOC,,3,11,4,,1.7842850280552136,,,
WORKER_RELOC,,3,11,5,,2.4263075172889597,,,
WORKER_RELOC,,3,11,6,,1.5570502323118307,,,
WORKER_RELOC,,3,11,7,,1.87238919095305,,,
WORKER_RELOC,,3,11,8,,2.9016418707495957,,,
WORKER_RELOC,,3,11,9,,3.5568248028123155,,,
WORKER_RELOC,,3,11,10,,1.4452359206691299,,,
WORKER_RELOC,,3,11,11,,0.0,,,
WORKER_RELOC,,3,11,12,,0.5149969797685546,,,
WORKER_RELOC,,3,11,13,,2.022754554008502,,,
WORKER_RELOC,,3,11,14,,3.81815792017357,,,
WORKER_RELOC,,3,11,15,,3.438125229974805,,,
WORKER_RELOC,,3,11,16,,3.964531257629819,,,
WORKER_RELOC,,3,11,17,,3.3343433094654475,,,
WORKER_RELOC,,3,12,0,,1.5657894918140642,,,
WORKER_RELOC,,3,12,1,,3.323252010346386,,,
WORKER_RELOC,,3,12,2,,3.0751375640546295,,,
WORKER_RELOC,,3,12,3,,2.499677243971032,,,
WORKER_RELOC,,3,12,4,,1.9166601477906418,,,
WORKER_RELOC,,3,12,5,,1.7252190217233467,,,
WORKER_RELOC,,3,12,6,,2.4173038040745167,,,
WORKER_RELOC,,3,12,7,,2.6060473511999924,,,
WORKER_RELOC,,3,12,8,,2.4835608952161006,,,
WORKER_RELOC,,3,12,9,,1.9586165367966701,,,
WORKER_RELOC,,3,12,10,,0.956038304372613,,,
WORKER_RELOC,,3,12,11,,1.019600772256247,,,
WORKER_RELOC,,3,12,12,,0.0,,,
WORKER_RELOC,,3,12,13,,1.7326669529260792,,,
WORKER_RELOC,,3,12,14,,3.6261715361278553,,,
WORKER_RELOC,,3,12,15,,1.8611828205493794,,,
WORKER_RELOC,,3,12,16,,3.3391256031119183,,,
WORKER_RELOC,,3,12,17,,2.959659311143971,,,
WORKER_RELOC,,3,13,0,,2.0735056694325875,,,
WORKER_RELOC,,3,13,1,,2.1070995754974495,,,
WORKER_RELOC,,3,13,2,,2.0485385630411255,,,
WORKER_RELOC,,3,13,3,,2.1067493455796735,,,
WORKER_RELOC,,3,13,4,,3.024599236340625,,,
WORKER_RELOC,,3,13,5,,3.5119514084957406,,,
WORKER_RELOC,,3,13,6,,2.0883513536679548,,,
WORKER_RELOC,,3,13,7,,2.963857819909616,,,
WORKER_RELOC,,3,13,8,,2.998973872090116,,,
WORKER_RELOC,,3,13,9,,3.0918122444489864,,,
WORKER_RELOC,,3,13,10,,2.5749409741788876,,,
WORKER_RELOC,,3,13,11,,3.888874641378005,,,
WORKER_RELOC,,3,13,12,,2.581075576231724,,,
WORKER_RELOC,,3,13,13,,0.0,,,
WORKER_RELOC,,3,13,14,,0.8308731450733176,,,
WORKER_RELOC,,3,13,15,,1.881495236693847,,,
WORKER_RELOC,,3,13,16,,2.0251684788682365,,,
WORKER_RELOC,,3,13,17,,1.731412161188413,,,
WORKER_RELOC,,3,14,0,,3.5271349899533018,,,
WORKER_RELOC,,3,14,1,,2.40001205823895,,,
WORKER_RELOC,,3,14,2,,3.6216379568356536,,,
WORKER_RELOC,,3,14,3,,3.7621763524323204,,,
WORKER_RELOC,,3,14,4,,2.0359155182113406,,,
WORKER_RELOC,,3,14,5,,3.6574616425924953,,,
WORKER_RELOC,,3,14,6,,1.7617801007178333,,,
WORKER_RELOC,,3,14,7,,3.7623405804755143,,,
WORKER_RELOC,,3,14,8,,3.4135282214722764,,,
WORKER_RELOC,,3,14,9,,2.9807793592149343,,,
WORKER_RELOC,,3,14,10,,2.4280942191839774,,,
WORKER_RELOC,,3,14,11,,2.098509484540593,,,
WORKER_RELOC,,3,14,12,,2.7218622226790297,,,
WORKER_RELOC,,3,14,13,,1.057862789066819,,,
WORKER_RELOC,,3,14,14,,0.0,,,
WORKER_RELOC,,3,14,15,,1.662021761326003,,,
WORKER_RELOC,,3,14,16,,3.975407134229312,,,
WORKER_RELOC,,3,14,17,,2.2935583727906907,,,
WORKER_RELOC,,3,15,0,,2.059204060810946,,,
WORKER_RELOC,,3,15,1,,2.2313306655689926,,,
WORKER_RELOC,,3,15,2,,2.8932738570934937,,,
WORKER_RELOC,,3,15,3,,1.530635641863619,,,
WORKER_RELOC,,3,15,4,,2.539653499844227,,,
WORKER_RELOC,,3,15,5,,3.280387082934367,,,
WORKER_RELOC,,3,15,6,,2.0093311892736994,,,
WORKER_RELOC,,3,15,7,,2.3583257075445827,,,
WORKER_RELOC,,3,15,8,,2.9566460198926263,,,
WORKER_RELOC,,3,15,9,,3.5547725052278523,,,
WORKER_RELOC,,3,15,10,,1.810945315387721,,,
WORKER_RELOC,,3,15,11,,2.1185263462704116,,,
WORKER_RELOC,,3,15,12,,3.193061943121618,,,
WORKER_RELOC,,3,15,13,,2.831098179775798,,,
WORKER_RELOC,,3,15,14,,1.8046347077439968,,,
WORKER_RELOC,,3,15,15,,0.0,,,
WORKER_RELOC,,3,15,16,,0.6974378389959996,,,
WORKER_RELOC,,3,15,17,,1.3364487698261396,,,
WORKER_RELOC,,3,16,0,,1.7098400208507933,,,
WORKER_RELOC,,3,16,1,,2.547396274311936,,,
WORKER_RELOC,,3,16,2,,3.641601747646477,,,
WORKER_RELOC,,3,16,3,,2.509475319705202,,,
WORKER_RELOC,,3,16,4,,1.7256624956406093,,,
WORKER_RELOC,,3,16,5,,3.5546389817830613,,,
WORKER_RELOC,,3,16,6,,2.2546099484558413,,,
WORKER_RELOC,,3,16,7,,2.383640168701042,,,
WORKER_RELOC,,3,16,8,,2.1218860367749057,,,
WORKER_RELOC,,3,16,9,,3.9630859155444202,,,
WORKER_RELOC,,3,16,10,,2.9505554169700536,,,
WORKER_RELOC,,3,16,11,,1.950034575159267,,,
WORKER_RELOC,,3,16,12,,3.720343704531987,,,
WORKER_RELOC,,3,16,13,,2.651598703620036,,,
WORKER_RELOC,,3,16,14,,3.0237067705084586,,,
WORKER_RELOC,,3,16,15,,0.9841929535498133,,,
WORKER_RELOC,,3,16,16,,0.0,,,
WORKER_RELOC,,3,16,17,,1.107216807714336,,,
WORKER_RELOC,,3,17,0,,3.0187546672538863,,,
WORKER_RELOC,,3,17,1,,2.748957239869555,,,
WORKER_RELOC,,3,17,2,,3.884925289078007,,,
WORKER_RELOC,,3,17,3,,3.3344683586348745,,,
WORKER_RELOC,,3,17,4,,2.8642012886163553,,,
WORKER_RELOC,,3,17,5,,3.0480567798964273,,,
WORKER_RELOC,,3,17,6,,3.881969805857592,,,
WORKER_RELOC,,3,17,7,,3.6587333847484604,,,
WORKER_RELOC,,3,17,8,,3.649167478203303,,,
WORKER_RELOC,,3,17,9,,3.6528268977608813,,,
WORKER_RELOC,,3,17,10,,2.6246240588572887,,,
WORKER_RELOC,,3,17,11,,3.190328321767916,,,
WORKER_RELOC,,3,17,12,,2.653669896954415,,,
WORKER_RELOC,,3,17,13,,3.808768660455108,,,
WORKER_RELOC,,3,17,14,,3.491915624278178,,,
WORKER_RELOC,,3,17,15,,0.6915303379055407,,,
WORKER_RELOC,,3,17,16,,1.2811537092107574,,,
WORKER_RELOC,,3,17,17,,0.0,,,
WORKER_RELOC,,4,0,0,,0.0,,,
WORKER_RELOC,,4,0,1,,1.297206766312855,,,
WORKER_RELOC,,4,0,2,,2.9815291607809895,,,
WORKER_RELOC,,4,0,3,,3.82463787441569,,,
WORKER_RELOC,,4,0,4,,2.7604999252947415,,,
WORKER_RELOC,,4,0,5,,3.6759269495947655,,,
WORKER_RELOC,,4,0,6,,1.8011214107784093,,,
WORKER_RELOC,,4,0,7,,3.280007160483023,,,
WORKER_RELOC,,4,0,8,,3.420482008253882,,,
WORKER_RELOC,,4,0,9,,3.2139610125901683,,,
WORKER_RELOC,,4,0,10,,1.6878284600674238,,,
WORKER_RELOC,,4,0,11,,2.9633314873594507,,,
WORKER_RELOC,,4,0,12,,2.6328614239377663,,,
WORKER_RELOC,,4,0,13,,3.680159990115874,,,
WORKER_RELOC,,4,0,14,,1.7532991487578873,,,
WORKER_RELOC,,4,0,15,,2.466902504817771,,,
WORKER_RELOC,,4,0,16,,3.7528433902983265,,,
WORKER_RELOC,,4,0,17,,2.444158273360492,,,
WORKER_RELOC,,4,1,0,,1.4394163187464695,,,
WORKER_RELOC,,4,1,1,,0.0,,,
WORKER_RELOC,,4,1,2,,2.65823000688465,,,
WORKER_RELOC,,4,1,3,,3.863015471191197,,,
WORKER_RELOC,,4,1,4,,2.041320805788291,,,
WORKER_RELOC,,4,1,5,,3.3267321503386547,,,
WORKER_RELOC,,4,1,6,,2.8462104370369676,,,
WORKER_RELOC,,4,1,7,,3.5656262865288215,,,
WORKER_RELOC,,4,1,8,,3.131840581158876,,,
WORKER_RELOC,,4,1,9,,2.4486471986682368,,,
WORKER_RELOC,,4,1,10,,3.018578389915676,,,
WORKER_RELOC,,4,1,11,,3.714765192864205,,,
WORKER_RELOC,,4,1,12,,3.198589195190487,,,
WORKER_RELOC,,4,1,13,,2.8866254186288423,,,
WORKER_RELOC,,4,1,14,,1.5177954060064955,,,
WORKER_RELOC,,4,1,15,,2.0459752295493736,,,
WORKER_RELOC,,4,1,16,,1.5679518547634985,,,
WORKER_RELOC,,4,1,17,,3.1766966679921884,,,
WORKER_RELOC,,4,2,0,,2.3465381413839106,,,
WORKER_RELOC,,4,2,1,,3.3757080671254305,,,
WORKER_RELOC,,4,2,2,,0.0,,,
WORKER_RELOC,,4,2,3,,2.7203305425191897,,,
WORKER_RELOC,,4,2,4,,3.513918964728675,,,
WORKER_RELOC,,4,2,5,,2.9015622176789453,,,
WORKER_RELOC,,4,2,6,,2.120497465067281,,,
WORKER_RELOC,,4,2,7,,1.7812238167787688,,,
WORKER_RELOC,,4,2,8,,1.644599559275661,,,
WORKER_RELOC,,4,2,9,,3.540588016747771,,,
WORKER_RELOC,,4,2,10,,3.1432104633989666,,,
WORKER_RELOC,,4,2,11,,2.227415630288928,,,
WORKER_RELOC,,4,2,12,,3.847170715790258,,,
WORKER_RELOC,,4,2,13,,2.7211549002369813,,,
WORKER_RELOC,,4,2,14,,2.0212157444632437,,,
WORKER_RELOC,,4,2,15,,2.671434225672887,,,
WORKER_RELOC,,4,2,16,,2.0607492986433376,,,
WORKER_RELOC,,4,2,17,,2.7918138309425586,,,
WORKER_RELOC,,4,3,0,,2.92751861889434,,,
WORKER_RELOC,,4,3,1,,3.0862245701993887,,,
WORKER_RELOC,,4,3,2,,1.9153386348193142,,,
WORKER_RELOC,,4,3,3,,0.0,,,
WORKER_RELOC,,4,3,4,,0.6656891203888176,,,
WORKER_RELOC,,4,3,5,,1.374660761775662,,,
WORKER_RELOC,,4,3,6,,3.607946678015605,,,
WORKER_RELOC,,4,3,7,,2.911967426935351,,,
WORKER_RELOC,,4,3,8,,3.9708002885680496,,,
WORKER_RELOC,,4,3,9,,1.9588854343120277,,,
WORKER_RELOC,,4,3,10,,1.7889101566147851,,,
WORKER_RELOC,,4,3,11,,1.5113444924320492,,,
WORKER_RELOC,,4,3,12,,2.754648603861584,,,
WORKER_RELOC,,4,3,13,,3.168450113141922,,,
WORKER_RELOC,,4,3,14,,2.2987703193206253,,,
WORKER_RELOC,,4,3,15,,2.407787973525979,,,
WORKER_RELOC,,4,3,16,,2.6871336806621313,,,
WORKER_RELOC,,4,3,17,,2.033356351547778,,,
WORKER_RELOC,,4,4,0,,2.7368394767075603,,,
WORKER_RELOC,,4,4,1,,3.6223044665327087,,,
WORKER_RELOC,,4,4,2,,2.2851771308962294,,,
WORKER_RELOC,,4,4,3,,0.5604538884325546,,,
WORKER_RELOC,,4,4,4,,0.0,,,
WORKER_RELOC,,4,4,5,,0.9261728601834203,,,
WORKER_RELOC,,4,4,6,,3.7036516840529643,,,
WORKER_RELOC,,4,4,7,,2.056170281527579,,,
WORKER_RELOC,,4,4,8,,3.0747035351411016,,,
WORKER_RELOC,,4,4,9,,1.6973024923619842,,,
WORKER_RELOC,,4,4,10,,2.2903992984974835,,,
WORKER_RELOC,,4,4,11,,2.600277687279445,,,
WORKER_RELOC,,4,4,12,,2.5295483507420706,,,
WORKER_RELOC,,4,4,13,,1.8342375857558546,,,
WORKER_RELOC,,4,4,14,,2.5491535556180818,,,
WORKER_RELOC,,4,4,15,,1.6990404654542288,,,
WORKER_RELOC,,4,4,16,,1.850625606091617,,,
WORKER_RELOC,,4,4,17,,3.214703395000123,,,
WORKER_RELOC,,4,5,0,,3.915020828985778,,,
WORKER_RELOC,,4,5,1,,3.668054845715389,,,
WORKER_RELOC,,4,5,2,,1.7272104055444162,,,
WORKER_RELOC,,4,5,3,,1.0790146544779837,,,
WORKER_RELOC,,4,5,4,,0.9298297687571551,,,
WORKER_RELOC,,4,5,5,,0.0,,,
WORKER_RELOC,,4,5,6,,2.5403919269787654,,,
WORKER_RELOC,,4,5,7,,2.5839730103388208,,,
WORKER_RELOC,,4,5,8,,1.5714731437046068,,,
WORKER_RELOC,,4,5,9,,1.8140038405143244,,,
WORKER_RELOC,,4,5,10,,3.073617544266158,,,
WORKER_RELOC,,4,5,11,,3.2325016713405192,,,
WORKER_RELOC,,4,5,12,,1.7302355359223671,,,
WORKER_RELOC,,4,5,13,,2.1888224193052355,,,
WORKER_RELOC,,4,5,14,,2.32097251839222,,,
WORKER_RELOC,,4,5,15,,1.614488007166404,,,
WORKER_RELOC,,4,5,16,,2.380244616723478,,,
WORKER_RELOC,,4,5,17,,2.757560421942822,,,
WORKER_RELOC,,4,6,0,,3.5928226870916222,,,
WORKER_RELOC,,4,6,1,,3.91940967074129,,,
WORKER_RELOC,,4,6,2,,2.0069641140080607,,,
WORKER_RELOC,,4,6,3,,3.552224241211407,,,
WORKER_RELOC,,4,6,4,,2.4969957590259204,,,
WORKER_RELOC,,4,6,5,,3.530201553171192,,,
WORKER_RELOC,,4,6,6,,0.0,,,
WORKER_RELOC,,4,6,7,,3.806080325588413,,,
WORKER_RELOC,,4,6,8,,2.198448486404975,,,
WORKER_RELOC,,4,6,9,,3.1505337998540295,,,
WORKER_RELOC,,4,6,10,,1.9689398673155112,,,
WORKER_RELOC,,4,6,11,,1.7104417271747092,,,
WORKER_RELOC,,4,6,12,,3.5723944792534827,,,
WORKER_RELOC,,4,6,13,,2.130606751287327,,,
WORKER_RELOC,,4,6,14,,3.2769842482114755,,,
WORKER_RELOC,,4,6,15,,2.9771795613168814,,,
WORKER_RELOC,,4,6,16,,3.9454259514221555,,,
WORKER_RELOC,,4,6,17,,3.243763534862007,,,
WORKER_RELOC,,4,7,0,,2.8392106735173197,,,
WORKER_RELOC,,4,7,1,,3.852446903098004,,,
WORKER_RELOC,,4,7,2,,2.3552029019443363,,,
WORKER_RELOC,,4,7,3,,3.053597962838593,,,
WORKER_RELOC,,4,7,4,,2.865773455824132,,,
WORKER_RELOC,,4,7,5,,3.157166052097235,,,
WORKER_RELOC,,4,7,6,,3.824807389992845,,,
WORKER_RELOC,,4,7,7,,0.0,,,
WORKER_RELOC,,4,7,8,,1.1634132455246986,,,
WORKER_RELOC,,4,7,9,,1.102342797353007,,,
WORKER_RELOC,,4,7,10,,2.9661103738670915,,,
WORKER_RELOC,,4,7,11,,1.723279593198511,,,
WORKER_RELOC,,4,7,12,,3.9406574310725144,,,
WORKER_RELOC,,4,7,13,,2.474290224558718,,,
WORKER_RELOC,,4,7,14,,3.2886011734050307,,,
WORKER_RELOC,,4,7,15,,1.686846611928074,,,
WORKER_RELOC,,4,7,16,,1.9465725770867963,,,
WORKER_RELOC,,4,7,17,,3.106744789728644,,,
WORKER_RELOC,,4,8,0,,3.690655412575116,,,
WORKER_RELOC,,4,8,1,,1.5908975655669462,,,
WORKER_RELOC,,4,8,2,,1.6887891996675195,,,
WORKER_RELOC,,4,8,3,,3.2270417093896873,,,
WORKER_RELOC,,4,8,4,,1.6392772966223008,,,
WORKER_RELOC,,4,8,5,,1.79563303072621,,,
WORKER_RELOC,,4,8,6,,1.8633581199773102,,,
WORKER_RELOC,,4,8,7,,1.4604300755781505,,,
WORKER_RELOC,,4,8,8,,0.0,,,
WORKER_RELOC,,4,8,9,,1.2993157472763737,,,
WORKER_RELOC,,4,8,10,,3.040252228284527,,,
WORKER_RELOC,,4,8,11,,1.7986333209635896,,,
WORKER_RELOC,,4,8,12,,2.0743902774481437,,,
WORKER_RELOC,,4,8,13,,3.336584407823889,,,
WORKER_RELOC,,4,8,14,,1.985536249624049,,,
WORKER_RELOC,,4,8,15,,3.6522663824844597,,,
WORKER_RELOC,,4,8,16,,3.1057814494814364,,,
WORKER_RELOC,,4,8,17,,2.669548144253092,,,
WORKER_RELOC,,4,9,0,,3.10067162166176,,,
WORKER_RELOC,,4,9,1,,2.6910894446441596,,,
WORKER_RELOC,,4,9,2,,3.728184232940526,,,
WORKER_RELOC,,4,9,3,,1.7124130848205912,,,
WORKER_RELOC,,4,9,4,,3.4659103018332957,,,
WORKER_RELOC,,4,9,5,,2.959275543966064,,,
WORKER_RELOC,,4,9,6,,3.61127589127964,,,
WORKER_RELOC,,4,9,7,,1.0840971127482324,,,
WORKER_RELOC,,4,9,8,,1.1998555033246738,,,
WORKER_RELOC,,4,9,9,,0.0,,,
WORKER_RELOC,,4,9,10,,2.788801500553943,,,
WORKER_RELOC,,4,9,11,,3.268549984608085,,,
WORKER_RELOC,,4,9,12,,3.388108838707167,,,
WORKER_RELOC,,4,9,13,,1.8603017178820638,,,
WORKER_RELOC,,4,9,14,,3.8873242235304195,,,
WORKER_RELOC,,4,9,15,,3.162588210947953,,,
WORKER_RELOC,,4,9,16,,1.7072366980482347,,,
WORKER_RELOC,,4,9,17,,2.544236579858615,,,
WORKER_RELOC,,4,10,0,,1.7716897930550946,,,
WORKER_RELOC,,4,10,1,,2.0916572036548793,,,
WORKER_RELOC,,4,10,2,,2.764527313769579,,,
WORKER_RELOC,,4,10,3,,1.7895587772421784,,,
WORKER_RELOC,,4,10,4,,1.7673643129288523,,,
WORKER_RELOC,,4,10,5,,1.7524055776319174,,,
WORKER_RELOC,,4,10,6,,1.8323925779532677,,,
WORKER_RELOC,,4,10,7,,3.5836579712339365,,,
WORKER_RELOC,,4,10,8,,2.6537699331516373,,,
WORKER_RELOC,,4,10,9,,1.951684767489179,,,
WORKER_RELOC,,4,10,10,,0.0,,,
WORKER_RELOC,,4,10,11,,0.8536372120648829,,,
WORKER_RELOC,,4,10,12,,1.4868687916636993,,,
WORKER_RELOC,,4,10,13,,1.914093453568194,,,
WORKER_RELOC,,4,10,14,,3.9914442646621024,,,
WORKER_RELOC,,4,10,15,,1.5876125382653348,,,
WORKER_RELOC,,4,10,16,,2.94751200596001,,,
WORKER_RELOC,,4,10,17,,2.4893301074328154,,,
WORKER_RELOC,,4,11,0,,2.839860501504518,,,
WORKER_RELOC,,4,11,1,,2.30813431500643,,,
WORKER_RELOC,,4,11,2,,2.099254257914663,,,
WORKER_RELOC,,4,11,3,,2.0106580913499625,,,
WORKER_RELOC,,4,11,4,,3.45604017333408,,,
WORKER_RELOC,,4,11,5,,3.5792464584626797,,,
WORKER_RELOC,,4,11,6,,3.580881195972803,,,
WORKER_RELOC,,4,11,7,,3.3078080428444148,,,
WORKER_RELOC,,4,11,8,,3.674903903628608,,,
WORKER_RELOC,,4,11,9,,2.021590021754667,,,
WORKER_RELOC,,4,11,10,,0.8928763594952841,,,
WORKER_RELOC,,4,11,11,,0.0,,,
WORKER_RELOC,,4,11,12,,1.378256167852464,,,
WORKER_RELOC,,4,11,13,,2.4899823429356984,,,
WORKER_RELOC,,4,11,14,,2.58190389695631,,,
WORKER_RELOC,,4,11,15,,2.922391905542506,,,
WORKER_RELOC,,4,11,16,,2.482467915891655,,,
WORKER_RELOC,,4,11,17,,1.9567586102475094,,,
WORKER_RELOC,,4,12,0,,2.221040423017113,,,
WORKER_RELOC,,4,12,1,,1.9267271896570213,,,
WORKER_RELOC,,4,12,2,,1.5112054916388336,,,
WORKER_RELOC,,4,12,3,,2.657747198912074,,,
WORKER_RELOC,,4,12,4,,2.634789841675997,,,
WORKER_RELOC,,4,12,5,,2.5905378074010894,,,
WORKER_RELOC,,4,12,6,,3.7519569715760652,,,
WORKER_RELOC,,4,12,7,,2.1945797615530287,,,
WORKER_RELOC,,4,12,8,,3.89709098039045,,,
WORKER_RELOC,,4,12,9,,2.8512737731560103,,,
WORKER_RELOC,,4,12,10,,0.8502809648248869,,,
WORKER_RELOC,,4,12,11,,0.9383332378812412,,,
WORKER_RELOC,,4,12,12,,0.0,,,
WORKER_RELOC,,4,12,13,,3.4158817426834016,,,
WORKER_RELOC,,4,12,14,,2.2771034548795597,,,
WORKER_RELOC,,4,12,15,,2.4569077967525943,,,
WORKER_RELOC,,4,12,16,,3.8502656029388334,,,
WORKER_RELOC,,4,12,17,,3.1379802575752014,,,
WORKER_RELOC,,4,13,0,,2.588172109088946,,,
WORKER_RELOC,,4,13,1,,3.527242720620139,,,
WORKER_RELOC,,4,13,2,,2.3379069568325814,,,
WORKER_RELOC,,4,13,3,,2.4049149560570173,,,
WORKER_RELOC,,4,13,4,,2.984098220800054,,,
WORKER_RELOC,,4,13,5,,2.3608464037228956,,,
WORKER_RELOC,,4,13,6,,2.6299339678986207,,,
WORKER_RELOC,,4,13,7,,1.5166755197431714,,,
WORKER_RELOC,,4,13,8,,2.0272810660328795,,,
WORKER_RELOC,,4,13,9,,3.260188311953106,,,
WORKER_RELOC,,4,13,10,,2.400534071137324,,,
WORKER_RELOC,,4,13,11,,3.810143447023972,,,
WORKER_RELOC,,4,13,12,,3.8893969938249033,,,
WORKER_RELOC,,4,13,13,,0.0,,,
WORKER_RELOC,,4,13,14,,1.3589735066473199,,,
WORKER_RELOC,,4,13,15,,3.2251220448255506,,,
WORKER_RELOC,,4,13,16,,3.672161559561668,,,
WORKER_RELOC,,4,13,17,,3.664090788360112,,,
WORKER_RELOC,,4,14,0,,1.9535292352271547,,,
WORKER_RELOC,,4,14,1,,1.7362473761133044,,,
WORKER_RELOC,,4,14,2,,3.1715522141741976,,,
WORKER_RELOC,,4,14,3,,3.563880794764235,,,
WORKER_RELOC,,4,14,4,,2.513541432175501,,,
WORKER_RELOC,,4,14,5,,2.3286050790905524,,,
WORKER_RELOC,,4,14,6,,2.762472944264826,,,
WORKER_RELOC,,4,14,7,,1.6430919243883317,,,
WORKER_RELOC,,4,14,8,,2.732533809214444,,,
WORKER_RELOC,,4,14,9,,3.534646941144444,,,
WORKER_RELOC,,4,14,10,,2.4081955412421423,,,
WORKER_RELOC,,4,14,11,,2.535042445689894,,,
WORKER_RELOC,,4,14,12,,3.578698958728191,,,
WORKER_RELOC,,4,14,13,,0.7002132084214967,,,
WORKER_RELOC,,4,14,14,,0.0,,,
WORKER_RELOC,,4,14,15,,1.7574744551085149,,,
WORKER_RELOC,,4,14,16,,1.8907128628502186,,,
WORKER_RELOC,,4,14,17,,1.8749926349414214,,,
WORKER_RELOC,,4,15,0,,3.275007773937011,,,
WORKER_RELOC,,4,15,1,,3.2707693975118346,,,
WORKER_RELOC,,4,15,2,,3.6710724976277813,,,
WORKER_RELOC,,4,15,3,,3.485684987740287,,,
WORKER_RELOC,,4,15,4,,1.7017107737590138,,,
WORKER_RELOC,,4,15,5,,2.3349332504673046,,,
WORKER_RELOC,,4,15,6,,1.6446089644430386,,,
WORKER_RELOC,,4,15,7,,3.053246146839975,,,
WORKER_RELOC,,4,15,8,,1.9335310487959636,,,
WORKER_RELOC,,4,15,9,,3.7541963310369324,,,
WORKER_RELOC,,4,15,10,,2.3570033728969406,,,
WORKER_RELOC,,4,15,11,,2.784458318242997,,,
WORKER_RELOC,,4,15,12,,3.4124885851920204,,,
WORKER_RELOC,,4,15,13,,3.579277134719017,,,
WORKER_RELOC,,4,15,14,,3.150448713107208,,,
WORKER_RELOC,,4,15,15,,0.0,,,
WORKER_RELOC,,4,15,16,,0.7121153617826249,,,
WORKER_RELOC,,4,15,17,,0.9807612875375641,,,
WORKER_RELOC,,4,16,0,,2.1616899201964674,,,
WORKER_RELOC,,4,16,1,,2.765199592812145,,,
WORKER_RELOC,,4,16,2,,1.7263189157688945,,,
WORKER_RELOC,,4,16,3,,3.285655696489993,,,
WORKER_RELOC,,4,16,4,,3.058164494702587,,,
WORKER_RELOC,,4,16,5,,3.0922440687262114,,,
WORKER_RELOC,,4,16,6,,2.881942685066733,,,
WORKER_RELOC,,4,16,7,,3.811351036505351,,,
WORKER_RELOC,,4,16,8,,1.9144232319651575,,,
WORKER_RELOC,,4,16,9,,1.840379629639771,,,
WORKER_RELOC,,4,16,10,,2.9862620270093543,,,
WORKER_RELOC,,4,16,11,,3.3024018725859974,,,
WORKER_RELOC,,4,16,12,,2.7213914376480313,,,
WORKER_RELOC,,4,16,13,,2.6006511063071924,,,
WORKER_RELOC,,4,16,14,,2.160198344255001,,,
WORKER_RELOC,,4,16,15,,1.2141082034072528,,,
WORKER_RELOC,,4,16,16,,0.0,,,
WORKER_RELOC,,4,16,17,,1.2298867967692801,,,
WORKER_RELOC,,4,17,0,,3.414422959820095,,,
WORKER_RELOC,,4,17,1,,1.6886757605030667,,,
WORKER_RELOC,,4,17,2,,2.2185114704274644,,,
WORKER_RELOC,,4,17,3,,3.218773790553219,,,
WORKER_RELOC,,4,17,4,,3.872629230822128,,,
WORKER_RELOC,,4,17,5,,2.440759083505993,,,
WORKER_RELOC,,4,17,6,,1.9545427266709328,,,
WORKER_RELOC,,4,17,7,,3.4558402171715166,,,
WORKER_RELOC,,4,17,8,,3.253525151150538,,,
WORKER_RELOC,,4,17,9,,2.182801017797922,,,
WORKER_RELOC,,4,17,10,,2.1328686575223417,,,
WORKER_RELOC,,4,17,11,,3.839017513162825,,,
WORKER_RELOC,,4,17,12,,3.2842657494567926,,,
WORKER_RELOC,,4,17,13,,3.689701797486503,,,
WORKER_RELOC,,4,17,14,,2.9865897135281303,,,
WORKER_RELOC,,4,17,15,,1.2668081970428202,,,
WORKER_RELOC,,4,17,16,,0.5942739123060874,,,
WORKER_RELOC,,4,17,17,,0.0,,,
WORKER_RELOC,,5,0,0,,0.0,,,
WORKER_RELOC,,5,0,1,,0.615304121861618,,,
WORKER_RELOC,,5,0,2,,3.1007837510144274,,,
WORKER_RELOC,,5,0,3,,1.5306069092672399,,,
WORKER_RELOC,,5,0,4,,3.5144323129640593,,,
WORKER_RELOC,,5,0,5,,3.8354844850123078,,,
WORKER_RELOC,,5,0,6,,2.2564058113086314,,,
WORKER_RELOC,,5,0,7,,3.123348575525621,,,
WORKER_RELOC,,5,0,8,,3.92044782250319,,,
WORKER_RELOC,,5,0,9,,3.0121651570793553,,,
WORKER_RELOC,,5,0,10,,3.811007764391719,,,
WORKER_RELOC,,5,0,11,,3.517184530628047,,,
WORKER_RELOC,,5,0,12,,3.9517157209578784,,,
WORKER_RELOC,,5,0,13,,1.6472307035087483,,,
WORKER_RELOC,,5,0,14,,3.0113902395588057,,,
WORKER_RELOC,,5,0,15,,2.716193338274614,,,
WORKER_RELOC,,5,0,16,,2.2990517116659874,,,
WORKER_RELOC,,5,0,17,,2.016385088674993,,,
WORKER_RELOC,,5,1,0,,0.801151819871728,,,
WORKER_RELOC,,5,1,1,,0.0,,,
WORKER_RELOC,,5,1,2,,2.7007706787601102,,,
WORKER_RELOC,,5,1,3,,1.838583588153398,,,
WORKER_RELOC,,5,1,4,,2.0036395175579287,,,
WORKER_RELOC,,5,1,5,,2.3702882764106503,,,
WORKER_RELOC,,5,1,6,,2.8281068993006007,,,
WORKER_RELOC,,5,1,7,,3.908162632140434,,,
WORKER_RELOC,,5,1,8,,2.995753153598966,,,
WORKER_RELOC,,5,1,9,,3.0306943940812863,,,
WORKER_RELOC,,5,1,10,,3.0145354440258396,,,
WORKER_RELOC,,5,1,11,,3.9403952486674267,,,
WORKER_RELOC,,5,1,12,,2.640275386826021,,,
WORKER_RELOC,,5,1,13,,3.116353253019925,,,
WORKER_RELOC,,5,1,14,,1.8886368869681478,,,
WORKER_RELOC,,5,1,15,,1.923892590451185,,,
WORKER_RELOC,,5,1,16,,2.7178992883074535,,,
WORKER_RELOC,,5,1,17,,2.166687545418359,,,
WORKER_RELOC,,5,2,0,,1.8804041856729203,,,
WORKER_RELOC,,5,2,1,,3.2440476413887422,,,
WORKER_RELOC,,5,2,2,,0.0,,,
WORKER_RELOC,,5,2,3,,3.934973435841591,,,
WORKER_RELOC,,5,2,4,,2.1663497239016563,,,
WORKER_RELOC,,5,2,5,,2.308720917336043,,,
WORKER_RELOC,,5,2,6,,2.116806661132688,,,
WORKER_RELOC,,5,2,7,,2.390438443719271,,,
WORKER_RELOC,,5,2,8,,2.2624487906125204,,,
WORKER_RELOC,,5,2,9,,3.7401463002339392,,,
WORKER_RELOC,,5,2,10,,3.9985553717879845,,,
WORKER_RELOC,,5,2,11,,3.863653720916021,,,
WORKER_RELOC,,5,2,12,,3.3142731086862156,,,
WORKER_RELOC,,5,2,13,,2.3765540641924723,,,
WORKER_RELOC,,5,2,14,,3.0334460896949595,,,
WORKER_RELOC,,5,2,15,,3.897238508574479,,,
WORKER_RELOC,,5,2,16,,3.060988265912992,,,
WORKER_RELOC,,5,2,17,,3.146605753472183,,,
WORKER_RELOC,,5,3,0,,2.3897392451654493,,,
WORKER_RELOC,,5,3,1,,2.494853527876943,,,
WORKER_RELOC,,5,3,2,,2.4690747852653416,,,
WORKER_RELOC,,5,3,3,,0.0,,,
WORKER_RELOC,,5,3,4,,1.2670684155208196,,,
WORKER_RELOC,,5,3,5,,1.494687430762617,,,
WORKER_RELOC,,5,3,6,,1.7233569663963775,,,
WORKER_RELOC,,5,3,7,,3.7671595844930006,,,
WORKER_RELOC,,5,3,8,,2.423982330393171,,,
WORKER_RELOC,,5,3,9,,3.0520576260520476,,,
WORKER_RELOC,,5,3,10,,2.340902801815521,,,
WORKER_RELOC,,5,3,11,,2.034245307836434,,,
WORKER_RELOC,,5,3,12,,2.145324692657872,,,
WORKER_RELOC,,5,3,13,,2.812555157917086,,,
WORKER_RELOC,,5,3,14,,2.5599670308730023,,,
WORKER_RELOC,,5,3,15,,2.0744854390337633,,,
WORKER_RELOC,,5,3,16,,1.9148215747668036,,,
WORKER_RELOC,,5,3,17,,1.608418325370328,,,
WORKER_RELOC,,5,4,0,,2.6273849540771232,,,
WORKER_RELOC,,5,4,1,,3.3456515035573875,,,
WORKER_RELOC,,5,4,2,,3.598687325260083,,,
WORKER_RELOC,,5,4,3,,0.6810824490226641,,,
WORKER_RELOC,,5,4,4,,0.0,,,
WORKER_RELOC,,5,4,5,,0.8687641659512862,,,
WORKER_RELOC,,5,4,6,,1.8263135155377537,,,
WORKER_RELOC,,5,4,7,,3.2029203873195247,,,
WORKER_RELOC,,5,4,8,,1.5822034909910796,,,
WORKER_RELOC,,5,4,9,,2.5838701225979417,,,
WORKER_RELOC,,5,4,10,,2.446225336143509,,,
WORKER_RELOC,,5,4,11,,1.9007201317177198,,,
WORKER_RELOC,,5,4,12,,3.072192136750048,,,
WORKER_RELOC,,5,4,13,,2.952536726149316,,,
WORKER_RELOC,,5,4,14,,2.544680173215034,,,
WORKER_RELOC,,5,4,15,,2.7560885978618677,,,
WORKER_RELOC,,5,4,16,,3.7190279786977727,,,
WORKER_RELOC,,5,4,17,,3.1193297323778504,,,
WORKER_RELOC,,5,5,0,,1.6015285522283818,,,
WORKER_RELOC,,5,5,1,,2.0538545017163177,,,
WORKER_RELOC,,5,5,2,,2.234740975668977,,,
WORKER_RELOC,,5,5,3,,0.6960688850369167,,,
WORKER_RELOC,,5,5,4,,1.4625246845251656,,,
WORKER_RELOC,,5,5,5,,0.0,,,
WORKER_RELOC,,5,5,6,,2.673010332800986,,,
WORKER_RELOC,,5,5,7,,2.706589593735187,,,
WORKER_RELOC,,5,5,8,,2.5487139020995784,,,
WORKER_RELOC,,5,5,9,,2.175383253293465,,,
WORKER_RELOC,,5,5,10,,2.679688213703791,,,
WORKER_RELOC,,5,5,11,,2.8842002262039594,,,
WORKER_RELOC,,5,5,12,,1.5144169802571543,,,
WORKER_RELOC,,5,5,13,,3.4356954703602414,,,
WORKER_RELOC,,5,5,14,,3.8152198498496728,,,
WORKER_RELOC,,5,5,15,,3.2824211263335545,,,
WORKER_RELOC,,5,5,16,,2.2627683357685098,,,
WORKER_RELOC,,5,5,17,,1.7968574564053745,,,
WORKER_RELOC,,5,6,0,,1.5139790717978863,,,
WORKER_RELOC,,5,6,1,,3.1575881299360367,,,
WORKER_RELOC,,5,6,2,,1.9884253382978951,,,
WORKER_RELOC,,5,6,3,,1.7683302485716756,,,
WORKER_RELOC,,5,6,4,,3.3478708682747302,,,
WORKER_RELOC,,5,6,5,,3.5762805780047198,,,
WORKER_RELOC,,5,6,6,,0.0,,,
WORKER_RELOC,,5,6,7,,1.5889809586125414,,,
WORKER_RELOC,,5,6,8,,2.503046954567462,,,
WORKER_RELOC,,5,6,9,,3.808750716871947,,,
WORKER_RELOC,,5,6,10,,3.913508957360558,,,
WORKER_RELOC,,5,6,11,,3.5637555402467282,,,
WORKER_RELOC,,5,6,12,,1.8695255411154617,,,
WORKER_RELOC,,5,6,13,,3.0823199811149724,,,
WORKER_RELOC,,5,6,14,,2.4577121251631038,,,
WORKER_RELOC,,5,6,15,,3.5414144009630153,,,
WORKER_RELOC,,5,6,16,,3.0559645578751398,,,
WORKER_RELOC,,5,6,17,,3.9304447952100294,,,
WORKER_RELOC,,5,7,0,,3.995701226442433,,,
WORKER_RELOC,,5,7,1,,2.146539511284451,,,
WORKER_RELOC,,5,7,2,,2.6407569601480327,,,
WORKER_RELOC,,5,7,3,,2.7434989719239447,,,
WORKER_RELOC,,5,7,4,,3.612531200172047,,,
WORKER_RELOC,,5,7,5,,1.7530244704027922,,,
WORKER_RELOC,,5,7,6,,1.7783790331479188,,,
WORKER_RELOC,,5,7,7,,0.0,,,
WORKER_RELOC,,5,7,8,,1.4443368050183134,,,
WORKER_RELOC,,5,7,9,,1.3105251973318588,,,
WORKER_RELOC,,5,7,10,,2.6816230407899244,,,
WORKER_RELOC,,5,7,11,,1.5018375176743222,,,
WORKER_RELOC,,5,7,12,,2.2708278069894554,,,
WORKER_RELOC,,5,7,13,,2.4470560787685027,,,
WORKER_RELOC,,5,7,14,,2.745015463556955,,,
WORKER_RELOC,,5,7,15,,1.9518898956258501,,,
WORKER_RELOC,,5,7,16,,2.723031511734688,,,
WORKER_RELOC,,5,7,17,,2.09235897087197,,,
WORKER_RELOC,,5,8,0,,1.515092370542808,,,
WORKER_RELOC,,5,8,1,,1.7359746276453956,,,
WORKER_RELOC,,5,8,2,,3.1260876281670864,,,
WORKER_RELOC,,5,8,3,,1.699219730857563,,,
WORKER_RELOC,,5,8,4,,2.471247139210134,,,
WORKER_RELOC,,5,8,5,,1.6627858300823213,,,
WORKER_RELOC,,5,8,6,,2.5614033761090127,,,
WORKER_RELOC,,5,8,7,,0.8902341521666977,,,
WORKER_RELOC,,5,8,8,,0.0,,,
WORKER_RELOC,,5,8,9,,0.8968261612879961,,,
WORKER_RELOC,,5,8,10,,3.6259647824274706,,,
WORKER_RELOC,,5,8,11,,3.5760301476814083,,,
WORKER_RELOC,,5,8,12,,3.78190798190937,,,
WORKER_RELOC,,5,8,13,,2.3113288910278724,,,
WORKER_RELOC,,5,8,14,,2.5511572266756044,,,
WORKER_RELOC,,5,8,15,,2.107478614018058,,,
WORKER_RELOC,,5,8,16,,3.511125796140041,,,
WORKER_RELOC,,5,8,17,,1.9464276995887717,,,
WORKER_RELOC,,5,9,0,,3.039373902740686,,,
WORKER_RELOC,,5,9,1,,2.3818882498086937,,,
WORKER_RELOC,,5,9,2,,2.2936397189779987,,,
WORKER_RELOC,,5,9,3,,3.6000655483476,,,
WORKER_RELOC,,5,9,4,,1.8423778410604066,,,
WORKER_RELOC,,5,9,5,,2.606544279127889,,,
WORKER_RELOC,,5,9,6,,2.561237204969641,,,
WORKER_RELOC,,5,9,7,,0.6869308655814548,,,
WORKER_RELOC,,5,9,8,,0.6239364946832067,,,
WORKER_RELOC,,5,9,9,,0.0,,,
WORKER_RELOC,,5,9,10,,1.5342688599589127,,,
WORKER_RELOC,,5,9,11,,2.2551085833418547,,,
WORKER_RELOC,,5,9,12,,2.511179100304804,,,
WORKER_RELOC,,5,9,13,,2.4640942850351184,,,
WORKER_RELOC,,5,9,14,,3.2767538669190404,,,
WORKER_RELOC,,5,9,15,,1.6793410173675636,,,
WORKER_RELOC,,5,9,16,,2.2724517448918005,,,
WORKER_RELOC,,5,9,17,,3.323140704922255,,,
WORKER_RELOC,,5,10,0,,1.9967215120656685,,,
WORKER_RELOC,,5,10,1,,3.4755245216914528,,,
WORKER_RELOC,,5,10,2,,1.7867550249250952,,,
WORKER_RELOC,,5,10,3,,2.234168033578262,,,
WORKER_RELOC,,5,10,4,,2.4182071116444877,,,
WORKER_RELOC,,5,10,5,,2.8193693809970144,,,
WORKER_RELOC,,5,10,6,,3.8513822357889618,,,
WORKER_RELOC,,5,10,7,,3.2271531236296336,,,
WORKER_RELOC,,5,10,8,,1.7879684838964647,,,
WORKER_RELOC,,5,10,9,,2.018187724587316,,,
WORKER_RELOC,,5,10,10,,0.0,,,
WORKER_RELOC,,5,10,11,,1.2635256463000348,,,
WORKER_RELOC,,5,10,12,,0.5646586116257367,,,
WORKER_RELOC,,5,10,13,,2.1658103782780884,,,
WORKER_RELOC,,5,10,14,,2.292771729034575,,,
WORKER_RELOC,,5,10,15,,2.602296308095201,,,
WORKER_RELOC,,5,10,16,,2.5277353310234405,,,
WORKER_RELOC,,5,10,17,,1.5660601879266633,,,
WORKER_RELOC,,5,11,0,,3.085752257841289,,,
WORKER_RELOC,,5,11,1,,3.4949695801172243,,,
WORKER_RELOC,,5,11,2,,2.8381616335199227,,,
WORKER_RELOC,,5,11,3,,2.6684456101757412,,,
WORKER_RELOC,,5,11,4,,3.6139720513898506,,,
WORKER_RELOC,,5,11,5,,2.852356987914927,,,
WORKER_RELOC,,5,11,6,,1.845338485759736,,,
WORKER_RELOC,,5,11,7,,1.8277000915577466,,,
WORKER_RELOC,,5,11,8,,3.898159988219239,,,
WORKER_RELOC,,5,11,9,,2.8758048150109503,,,
WORKER_RELOC,,5,11,10,,0.9524250044818907,,,
WORKER_RELOC,,5,11,11,,0.0,,,
WORKER_RELOC,,5,11,12,,1.0294598412054399,,,
WORKER_RELOC,,5,11,13,,3.5589584782825314,,,
WORKER_RELOC,,5,11,14,,1.8704392740501659,,,
WORKER_RELOC,,5,11,15,,3.1332003883350943,,,
WORKER_RELOC,,5,11,16,,3.1602336979903125,,,
WORKER_RELOC,,5,11,17,,1.9740053269138864,,,
WORKER_RELOC,,5,12,0,,2.0474009265271196,,,
WORKER_RELOC,,5,12,1,,3.418689455129391,,,
WORKER_RELOC,,5,12,2,,1.7561075977549845,,,
WORKER_RELOC,,5,12,3,,2.0069258817407674,,,
WORKER_RELOC,,5,12,4,,1.817182748669858,,,
WORKER_RELOC,,5,12,5,,1.810428818654517,,,
WORKER_RELOC,,5,12,6,,2.218645706786508,,,
WORKER_RELOC,,5,12,7,,2.277128705440363,,,
WORKER_RELOC,,5,12,8,,3.501947434883118,,,
WORKER_RELOC,,5,12,9,,2.545563893937092,,,
WORKER_RELOC,,5,12,10,,0.944826774884709,,,
WORKER_RELOC,,5,12,11,,0.8818399152404967,,,
WORKER_RELOC,,5,12,12,,0.0,,,
WORKER_RELOC,,5,12,13,,2.239292065848404,,,
WORKER_RELOC,,5,12,14,,1.724253602293454,,,
WORKER_RELOC,,5,12,15,,2.255872616280695,,,
WORKER_RELOC,,5,12,16,,1.5999257902053947,,,
WORKER_RELOC,,5,12,17,,2.5345854480218897,,,
WORKER_RELOC,,5,13,0,,2.146881861424655,,,
WORKER_RELOC,,5,13,1,,1.5130957033650982,,,
WORKER_RELOC,,5,13,2,,2.3723769827279457,,,
WORKER_RELOC,,5,13,3,,2.4498617288317734,,,
WORKER_RELOC,,5,13,4,,1.6578158757064658,,,
WORKER_RELOC,,5,13,5,,2.433493736742972,,,
WORKER_RELOC,,5,13,6,,2.392923680248865,,,
WORKER_RELOC,,5,13,7,,3.1614145768115107,,,
WORKER_RELOC,,5,13,8,,3.824792514659197,,,
WORKER_RELOC,,5,13,9,,2.8004983891879256,,,
WORKER_RELOC,,5,13,10,,3.163045986892084,,,
WORKER_RELOC,,5,13,11,,2.555437036239797,,,
WORKER_RELOC,,5,13,12,,3.852696571082248,,,
WORKER_RELOC,,5,13,13,,0.0,,,
WORKER_RELOC,,5,13,14,,0.7753717585731245,,,
WORKER_RELOC,,5,13,15,,2.033071873237277,,,
WORKER_RELOC,,5,13,16,,2.5861792087884767,,,
WORKER_RELOC,,5,13,17,,3.2335200980670114,,,
WORKER_RELOC,,5,14,0,,2.0454938950386516,,,
WORKER_RELOC,,5,14,1,,3.331258895290021,,,
WORKER_RELOC,,5,14,2,,3.8006261788663442,,,
WORKER_RELOC,,5,14,3,,3.994709517857629,,,
WORKER_RELOC,,5,14,4,,2.086356813551392,,,
WORKER_RELOC,,5,14,5,,3.9624927587117975,,,
WORKER_RELOC,,5,14,6,,1.6424003279284822,,,
WORKER_RELOC,,5,14,7,,2.242454442812021,,,
WORKER_RELOC,,5,14,8,,2.091150394094167,,,
WORKER_RELOC,,5,14,9,,1.745470806088418,,,
WORKER_RELOC,,5,14,10,,2.3919221408346645,,,
WORKER_RELOC,,5,14,11,,3.7752340605094186,,,
WORKER_RELOC,,5,14,12,,1.6006334455852798,,,
WORKER_RELOC,,5,14,13,,0.7063112082443882,,,
WORKER_RELOC,,5,14,14,,0.0,,,
WORKER_RELOC,,5,14,15,,1.812788859233566,,,
WORKER_RELOC,,5,14,16,,1.5071358795232799,,,
WORKER_RELOC,,5,14,17,,3.627923845531379,,,
WORKER_RELOC,,5,15,0,,1.8364788821274731,,,
WORKER_RELOC,,5,15,1,,1.952749230098051,,,
WORKER_RELOC,,5,15,2,,3.8032221844322462,,,
WORKER_RELOC,,5,15,3,,3.9100577524977536,,,
WORKER_RELOC,,5,15,4,,3.7424321934396603,,,
WORKER_RELOC,,5,15,5,,2.8196619165286885,,,
WORKER_RELOC,,5,15,6,,3.4079096793414134,,,
WORKER_RELOC,,5,15,7,,1.6069704424697897,,,
WORKER_RELOC,,5,15,8,,3.2189656917849585,,,
WORKER_RELOC,,5,15,9,,2.067870940737255,,,
WORKER_RELOC,,5,15,10,,2.291144073109066,,,
WORKER_RELOC,,5,15,11,,1.7489504815154273,,,
WORKER_RELOC,,5,15,12,,3.60437357456637,,,
WORKER_RELOC,,5,15,13,,2.35805178699509,,,
WORKER_RELOC,,5,15,14,,2.493824755504625,,,
WORKER_RELOC,,5,15,15,,0.0,,,
WORKER_RELOC,,5,15,16,,0.691273546342274,,,
WORKER_RELOC,,5,15,17,,1.116834080964069,,,
WORKER_RELOC,,5,16,0,,2.6140687045742466,,,
WORKER_RELOC,,5,16,1,,1.5856078607613078,,,
WORKER_RELOC,,5,16,2,,3.4926923426040952,,,
WORKER_RELOC,,5,16,3,,2.5480531978894017,,,
WORKER_RELOC,,5,16,4,,1.9873591007330613,,,
WORKER_RELOC,,5,16,5,,3.077976036575883,,,
WORKER_RELOC,,5,16,6,,2.081182389059708,,,
WORKER_RELOC,,5,16,7,,1.679571978692508,,,
WORKER_RELOC,,5,16,8,,3.08946260019511,,,
WORKER_RELOC,,5,16,9,,2.8930692606902024,,,
WORKER_RELOC,,5,16,10,,1.8543255533904242,,,
WORKER_RELOC,,5,16,11,,1.8208330616897073,,,
WORKER_RELOC,,5,16,12,,2.3251091734809783,,,
WORKER_RELOC,,5,16,13,,2.0473576309835684,,,
WORKER_RELOC,,5,16,14,,1.987596868182425,,,
WORKER_RELOC,,5,16,15,,0.7519002592754849,,,
WORKER_RELOC,,5,16,16,,0.0,,,
WORKER_RELOC,,5,16,17,,0.7615522000359572,,,
WORKER_RELOC,,5,17,0,,3.5671873618291507,,,
WORKER_RELOC,,5,17,1,,3.266334561613452,,,
WORKER_RELOC,,5,17,2,,3.35141678458144,,,
WORKER_RELOC,,5,17,3,,1.6932373399817453,,,
WORKER_RELOC,,5,17,4,,3.2801183228402717,,,
WORKER_RELOC,,5,17,5,,2.61688059058757,,,
WORKER_RELOC,,5,17,6,,3.9598037403633417,,,
WORKER_RELOC,,5,17,7,,3.5645647139529757,,,
WORKER_RELOC,,5,17,8,,3.2317337033294193,,,
WORKER_RELOC,,5,17,9,,2.798505535705415,,,
WORKER_RELOC,,5,17,10,,2.1918223494189837,,,
WORKER_RELOC,,5,17,11,,2.216336950835501,,,
WORKER_RELOC,,5,17,12,,3.1026545687882674,,,
WORKER_RELOC,,5,17,13,,2.549390552071606,,,
WORKER_RELOC,,5,17,14,,3.3781448684486284,,,
WORKER_RELOC,,5,17,15,,1.2981489338955328,,,
WORKER_RELOC,,5,17,16,,0.7501619283815495,,,
WORKER_RELOC,,5,17,17,,0.0,,,
WORKER_RELOC,,6,0,0,,0.0,,,
WORKER_RELOC,,6,0,1,,0.7724298180049664,,,
WORKER_RELOC,,6,0,2,,2.510875345971348,,,
WORKER_RELOC,,6,0,3,,3.8123735714540623,,,
WORKER_RELOC,,6,0,4,,3.3817140232155607,,,
WORKER_RELOC,,6,0,5,,2.907744702271911,,,
WORKER_RELOC,,6,0,6,,3.1144586940047865,,,
WORKER_RELOC,,6,0,7,,3.148415338341045,,,
WORKER_RELOC,,6,0,8,,2.329636516985171,,,
WORKER_RELOC,,6,0,9,,2.1038130900891905,,,
WORKER_RELOC,,6,0,10,,1.9666218181798267,,,
WORKER_RELOC,,6,0,11,,1.6728590493904634,,,
WORKER_RELOC,,6,0,12,,3.548995556785985,,,
WORKER_RELOC,,6,0,13,,3.383860997622527,,,
WORKER_RELOC,,6,0,14,,2.942691695889433,,,
WORKER_RELOC,,6,0,15,,3.9656426215503555,,,
WORKER_RELOC,,6,0,16,,2.207329043757658,,,
WORKER_RELOC,,6,0,17,,1.5790217116255745,,,
WORKER_RELOC,,6,1,0,,0.709063689809429,,,
WORKER_RELOC,,6,1,1,,0.0,,,
WORKER_RELOC,,6,1,2,,1.9713522065155344,,,
WORKER_RELOC,,6,1,3,,3.1074148909861994,,,
WORKER_RELOC,,6,1,4,,1.691957918142052,,,
WORKER_RELOC,,6,1,5,,1.517858251309043,,,
WORKER_RELOC,,6,1,6,,2.411493411086148,,,
WORKER_RELOC,,6,1,7,,3.407215239786082,,,
WORKER_RELOC,,6,1,8,,2.7580085634925524,,,
WORKER_RELOC,,6,1,9,,2.5848947277002594,,,
WORKER_RELOC,,6,1,10,,2.26223258188546,,,
WORKER_RELOC,,6,1,11,,3.7726669458658795,,,
WORKER_RELOC,,6,1,12,,3.0096488588564396,,,
WORKER_RELOC,,6,1,13,,3.96400835024129,,,
WORKER_RELOC,,6,1,14,,2.575080822423305,,,
WORKER_RELOC,,6,1,15,,1.7435359963597459,,,
WORKER_RELOC,,6,1,16,,3.968480578822142,,,
WORKER_RELOC,,6,1,17,,1.933150118582003,,,
WORKER_RELOC,,6,2,0,,3.5901847832935876,,,
WORKER_RELOC,,6,2,1,,3.6726156657307545,,,
WORKER_RELOC,,6,2,2,,0.0,,,
WORKER_RELOC,,6,2,3,,3.752568855982119,,,
WORKER_RELOC,,6,2,4,,3.922122095022309,,,
WORKER_RELOC,,6,2,5,,2.530082584393105,,,
WORKER_RELOC,,6,2,6,,1.8630288585269459,,,
WORKER_RELOC,,6,2,7,,1.640664761867987,,,
WORKER_RELOC,,6,2,8,,3.7887119692135736,,,
WORKER_RELOC,,6,2,9,,3.349150184802177,,,
WORKER_RELOC,,6,2,10,,1.5867776350904084,,,
WORKER_RELOC,,6,2,11,,3.168328022963225,,,
WORKER_RELOC,,6,2,12,,2.421715482876529,,,
WORKER_RELOC,,6,2,13,,2.013628667895034,,,
WORKER_RELOC,,6,2,14,,3.8277891661140897,,,
WORKER_RELOC,,6,2,15,,2.1881726861071913,,,
WORKER_RELOC,,6,2,16,,2.8039983949862317,,,
WORKER_RELOC,,6,2,17,,3.8085300242853335,,,
WORKER_RELOC,,6,3,0,,2.492439464712248,,,
WORKER_RELOC,,6,3,1,,2.5782567243487797,,,
WORKER_RELOC,,6,3,2,,1.8671405949245794,,,
WORKER_RELOC,,6,3,3,,0.0,,,
WORKER_RELOC,,6,3,4,,1.1132382501483369,,,
WORKER_RELOC,,6,3,5,,1.1288092569885255,,,
WORKER_RELOC,,6,3,6,,2.945204769902241,,,
WORKER_RELOC,,6,3,7,,2.0535163796631313,,,
WORKER_RELOC,,6,3,8,,3.1529368044909747,,,
WORKER_RELOC,,6,3,9,,2.8395186152563934,,,
WORKER_RELOC,,6,3,10,,2.370424705576074,,,
WORKER_RELOC,,6,3,11,,3.0468079810437487,,,
WORKER_RELOC,,6,3,12,,2.52061764411057,,,
WORKER_RELOC,,6,3,13,,2.7463075038614653,,,
WORKER_RELOC,,6,3,14,,1.9709939229454405,,,
WORKER_RELOC,,6,3,15,,3.3716544895832516,,,
WORKER_RELOC,,6,3,16,,3.478448180796034,,,
WORKER_RELOC,,6,3,17,,2.8480911927541723,,,
WORKER_RELOC,,6,4,0,,2.299896405273994,,,
WORKER_RELOC,,6,4,1,,2.300829904200577,,,
WORKER_RELOC,,6,4,2,,2.9717150049029626,,,
WORKER_RELOC,,6,4,3,,0.673942564238695,,,
WORKER_RELOC,,6,4,4,,0.0,,,
WORKER_RELOC,,6,4,5,,1.405570971448153,,,
WORKER_RELOC,,6,4,6,,2.9149827976786318,,,
WORKER_RELOC,,6,4,7,,2.237177259321049,,,
WORKER_RELOC,,6,4,8,,2.6371377132670446,,,
WORKER_RELOC,,6,4,9,,3.729633325426637,,,
WORKER_RELOC,,6,4,10,,1.746854081561265,,,
WORKER_RELOC,,6,4,11,,2.943617618365421,,,
WORKER_RELOC,,6,4,12,,3.152947845415775,,,
WORKER_RELOC,,6,4,13,,3.3223041262273734,,,
WORKER_RELOC,,6,4,14,,1.7148432426999503,,,
WORKER_RELOC,,6,4,15,,1.513222428199714,,,
WORKER_RELOC,,6,4,16,,3.961813265611526,,,
WORKER_RELOC,,6,4,17,,2.2469076646144597,,,
WORKER_RELOC,,6,5,0,,1.651948342225787,,,
WORKER_RELOC,,6,5,1,,2.1930634942441793,,,
WORKER_RELOC,,6,5,2,,3.0400126680544046,,,
WORKER_RELOC,,6,5,3,,1.3551742350318212,,,
WORKER_RELOC,,6,5,4,,0.5676782068472466,,,
WORKER_RELOC,,6,5,5,,0.0,,,
WORKER_RELOC,,6,5,6,,3.6244050181816214,,,
WORKER_RELOC,,6,5,7,,3.994717333118959,,,
WORKER_RELOC,,6,5,8,,2.9501029559260408,,,
WORKER_RELOC,,6,5,9,,3.41850992640515,,,
WORKER_RELOC,,6,5,10,,2.634273414289958,,,
WORKER_RELOC,,6,5,11,,1.8815708312356918,,,
WORKER_RELOC,,6,5,12,,3.674791161305965,,,
WORKER_RELOC,,6,5,13,,2.0152596576103523,,,
WORKER_RELOC,,6,5,14,,2.8317740896423245,,,
WORKER_RELOC,,6,5,15,,2.981316419621819,,,
WORKER_RELOC,,6,5,16,,2.4296856304693586,,,
WORKER_RELOC,,6,5,17,,3.763629300486488,,,
WORKER_RELOC,,6,6,0,,1.5749943771158168,,,
WORKER_RELOC,,6,6,1,,1.6809142726909696,,,
WORKER_RELOC,,6,6,2,,3.100611351377248,,,
WORKER_RELOC,,6,6,3,,3.3605140478439353,,,
WORKER_RELOC,,6,6,4,,2.1323494519309456,,,
WORKER_RELOC,,6,6,5,,3.978621279534276,,,
WORKER_RELOC,,6,6,6,,0.0,,,
WORKER_RELOC,,6,6,7,,1.8489469576822766,,,
WORKER_RELOC,,6,6,8,,1.9236910775877178,,,
WORKER_RELOC,,6,6,9,,2.9039634890855197,,,
WORKER_RELOC,,6,6,10,,3.1214656187405163,,,
WORKER_RELOC,,6,6,11,,1.634601281146284,,,
WORKER_RELOC,,6,6,12,,3.249931054304511,,,
WORKER_RELOC,,6,6,13,,3.361577564283129,,,
WORKER_RELOC,,6,6,14,,1.592739925170333,,,
WORKER_RELOC,,6,6,15,,3.7271793226871512,,,
WORKER_RELOC,,6,6,16,,3.2561016458666385,,,
WORKER_RELOC,,6,6,17,,2.416845189980985,,,
WORKER_RELOC,,6,7,0,,3.0245401962745144,,,
WORKER_RELOC,,6,7,1,,2.9077459484639343,,,
WORKER_RELOC,,6,7,2,,2.3744687805303952,,,
WORKER_RELOC,,6,7,3,,3.5910158399846606,,,
WORKER_RELOC,,6,7,4,,3.7336987253397216,,,
WORKER_RELOC,,6,7,5,,2.4515200780195356,,,
WORKER_RELOC,,6,7,6,,1.5207553417649535,,,
WORKER_RELOC,,6,7,7,,0.0,,,
WORKER_RELOC,,6,7,8,,0.6314069790320062,,,
WORKER_RELOC,,6,7,9,,0.8425784537398421,,,
WORKER_RELOC,,6,7,10,,3.6773592980131484,,,
WORKER_RELOC,,6,7,11,,2.477740676419212,,,
WORKER_RELOC,,6,7,12,,2.3831137256673056,,,
WORKER_RELOC,,6,7,13,,3.889169034298682,,,
WORKER_RELOC,,6,7,14,,3.835212296762524,,,
WORKER_RELOC,,6,7,15,,3.791517091521924,,,
WORKER_RELOC,,6,7,16,,2.021284103383188,,,
WORKER_RELOC,,6,7,17,,2.854137868461912,,,
WORKER_RELOC,,6,8,0,,2.896366677505339,,,
WORKER_RELOC,,6,8,1,,3.3779091927964955,,,
WORKER_RELOC,,6,8,2,,1.6910670991913508,,,
WORKER_RELOC,,6,8,3,,2.9440134616272093,,,
WORKER_RELOC,,6,8,4,,3.8776027183390087,,,
WORKER_RELOC,,6,8,5,,1.7486083318591055,,,
WORKER_RELOC,,6,8,6,,1.7040891982543522,,,
WORKER_RELOC,,6,8,7,,1.1871787681469055,,,
WORKER_RELOC,,6,8,8,,0.0,,,
WORKER_RELOC,,6,8,9,,0.644785690903482,,,
WORKER_RELOC,,6,8,10,,2.801568039926767,,,
WORKER_RELOC,,6,8,11,,2.1257388335770644,,,
WORKER_RELOC,,6,8,12,,2.4690934587788096,,,
WORKER_RELOC,,6,8,13,,2.31910414994018,,,
WORKER_RELOC,,6,8,14,,3.286957752398367,,,
WORKER_RELOC,,6,8,15,,1.629900148651843,,,
WORKER_RELOC,,6,8,16,,3.2729460944509645,,,
WORKER_RELOC,,6,8,17,,1.615548795083698,,,
WORKER_RELOC,,6,9,0,,2.7074983935147747,,,
WORKER_RELOC,,6,9,1,,2.263885397236811,,,
WORKER_RELOC,,6,9,2,,1.8832201108927435,,,
WORKER_RELOC,,6,9,3,,3.075326806636941,,,
WORKER_RELOC,,6,9,4,,1.582432398353841,,,
WORKER_RELOC,,6,9,5,,1.9595179563118812,,,
WORKER_RELOC,,6,9,6,,3.448375058898753,,,
WORKER_RELOC,,6,9,7,,1.4475125086380942,,,
WORKER_RELOC,,6,9,8,,1.414803873699516,,,
WORKER_RELOC,,6,9,9,,0.0,,,
WORKER_RELOC,,6,9,10,,3.257168799139832,,,
WORKER_RELOC,,6,9,11,,3.394503406162163,,,
WORKER_RELOC,,6,9,12,,3.1354866074119756,,,
WORKER_RELOC,,6,9,13,,3.0396749686547704,,,
WORKER_RELOC,,6,9,14,,2.039627877423013,,,
WORKER_RELOC,,6,9,15,,2.2604836321746755,,,
WORKER_RELOC,,6,9,16,,1.8687343580714517,,,
WORKER_RELOC,,6,9,17,,1.6995096706600685,,,
WORKER_RELOC,,6,10,0,,3.488804366339941,,,
WORKER_RELOC,,6,10,1,,2.419920913471494,,,
WORKER_RELOC,,6,10,2,,2.4168400064965043,,,
WORKER_RELOC,,6,10,3,,3.8026518021763396,,,
WORKER_RELOC,,6,10,4,,3.8747504904725982,,,
WORKER_RELOC,,6,10,5,,2.630427697811133,,,
WORKER_RELOC,,6,10,6,,2.7969990092411057,,,
WORKER_RELOC,,6,10,7,,1.803086396239904,,,
WORKER_RELOC,,6,10,8,,3.7856947762564066,,,
WORKER_RELOC,,6,10,9,,2.9470310507148825,,,
WORKER_RELOC,,6,10,10,,0.0,,,
WORKER_RELOC,,6,10,11,,0.9322209739706853,,,
WORKER_RELOC,,6,10,12,,0.7514940616480367,,,
WORKER_RELOC,,6,10,13,,3.8072253405675007,,,
WORKER_RELOC,,6,10,14,,3.8528434472271216,,,
WORKER_RELOC,,6,10,15,,3.586054001459436,,,
WORKER_RELOC,,6,10,16,,2.896421999100847,,,
WORKER_RELOC,,6,10,17,,2.2501552546871952,,,
WORKER_RELOC,,6,11,0,,3.06361625683011,,,
WORKER_RELOC,,6,11,1,,1.5605504722261991,,,
WORKER_RELOC,,6,11,2,,1.9716327642415605,,,
WORKER_RELOC,,6,11,3,,2.1640950826313596,,,
WORKER_RELOC,,6,11,4,,2.0473275045359918,,,
WORKER_RELOC,,6,11,5,,3.414381994176728,,,
WORKER_RELOC,,6,11,6,,2.3856140926226126,,,
WORKER_RELOC,,6,11,7,,2.1204433622157657,,,
WORKER_RELOC,,6,11,8,,3.6686957351035305,,,
WORKER_RELOC,,6,11,9,,2.2199145496710098,,,
WORKER_RELOC,,6,11,10,,1.259110655917605,,,
WORKER_RELOC,,6,11,11,,0.0,,,
WORKER_RELOC,,6,11,12,,0.8969775521554261,,,
WORKER_RELOC,,6,11,13,,3.861436703037466,,,
WORKER_RELOC,,6,11,14,,2.185210295498657,,,
WORKER_RELOC,,6,11,15,,3.4071204006749003,,,
WORKER_RELOC,,6,11,16,,1.8146999078419257,,,
WORKER_RELOC,,6,11,17,,3.8064615471909984,,,
WORKER_RELOC,,6,12,0,,2.299814280745962,,,
WORKER_RELOC,,6,12,1,,2.827252643020608,,,
WORKER_RELOC,,6,12,2,,3.9805578576820904,,,
WORKER_RELOC,,6,12,3,,3.190095409484668,,,
WORKER_RELOC,,6,12,4,,3.378557733747506,,,
WORKER_RELOC,,6,12,5,,3.5434817446836373,,,
WORKER_RELOC,,6,12,6,,1.6140227770149802,,,
WORKER_RELOC,,6,12,7,,1.689854229067812,,,
WORKER_RELOC,,6,12,8,,2.01805730148582,,,
WORKER_RELOC,,6,12,9,,3.604100229394876,,,
WORKER_RELOC,,6,12,10,,0.9232695039451978,,,
WORKER_RELOC,,6,12,11,,0.6066248595289262,,,
WORKER_RELOC,,6,12,12,,0.0,,,
WORKER_RELOC,,6,12,13,,2.420300508268765,,,
WORKER_RELOC,,6,12,14,,2.3473077501973636,,,
WORKER_RELOC,,6,12,15,,1.9660985750794053,,,
WORKER_RELOC,,6,12,16,,3.0704444217121063,,,
WORKER_RELOC,,6,12,17,,2.9576236814633354,,,
WORKER_RELOC,,6,13,0,,2.641777529868107,,,
WORKER_RELOC,,6,13,1,,2.7709741393211305,,,
WORKER_RELOC,,6,13,2,,3.7141577662487752,,,
WORKER_RELOC,,6,13,3,,1.8184677358496277,,,
WORKER_RELOC,,6,13,4,,3.170075284622787,,,
WORKER_RELOC,,6,13,5,,1.6993644902568859,,,
WORKER_RELOC,,6,13,6,,3.1894535839814786,,,
WORKER_RELOC,,6,13,7,,3.604477204287569,,,
WORKER_RELOC,,6,13,8,,3.2769934362965576,,,
WORKER_RELOC,,6,13,9,,3.9255945849216203,,,
WORKER_RELOC,,6,13,10,,3.033433771322752,,,
WORKER_RELOC,,6,13,11,,3.5447593514763027,,,
WORKER_RELOC,,6,13,12,,3.4016074771258498,,,
WORKER_RELOC,,6,13,13,,0.0,,,
WORKER_RELOC,,6,13,14,,0.8130622229120071,,,
WORKER_RELOC,,6,13,15,,2.09681884616202,,,
WORKER_RELOC,,6,13,16,,3.078046180964111,,,
WORKER_RELOC,,6,13,17,,2.826094418831234,,,
WORKER_RELOC,,6,14,0,,3.7787069456811553,,,
WORKER_RELOC,,6,14,1,,3.4600501027726858,,,
WORKER_RELOC,,6,14,2,,2.988214430377641,,,
WORKER_RELOC,,6,14,3,,2.4447969885486356,,,
WORKER_RELOC,,6,14,4,,3.8068970176792165,,,
WORKER_RELOC,,6,14,5,,2.274762351438588,,,
WORKER_RELOC,,6,14,6,,2.5224760398959774,,,
WORKER_RELOC,,6,14,7,,3.6104789706444995,,,
WORKER_RELOC,,6,14,8,,1.9551191957741096,,,
WORKER_RELOC,,6,14,9,,3.4920613809487056,,,
WORKER_RELOC,,6,14,10,,3.2089457907194596,,,
WORKER_RELOC,,6,14,11,,2.0384398186569612,,,
WORKER_RELOC,,6,14,12,,1.558399369707013,,,
WORKER_RELOC,,6,14,13,,0.7445194211522073,,,
WORKER_RELOC,,6,14,14,,0.0,,,
WORKER_RELOC,,6,14,15,,1.9530088125646514,,,
WORKER_RELOC,,6,14,16,,3.0243754844186324,,,
WORKER_RELOC,,6,14,17,,3.810253611798951,,,
WORKER_RELOC,,6,15,0,,2.5015228400127185,,,
WORKER_RELOC,,6,15,1,,2.87928308380914,,,
WORKER_RELOC,,6,15,2,,2.1677926905095326,,,
WORKER_RELOC,,6,15,3,,2.775440759407856,,,
WORKER_RELOC,,6,15,4,,2.462556593331862,,,
WORKER_RELOC,,6,15,5,,2.0166806800935153,,,
WORKER_RELOC,,6,15,6,,3.456321872116038,,,
WORKER_RELOC,,6,15,7,,3.6293085244599324,,,
WORKER_RELOC,,6,15,8,,3.629777772243885,,,
WORKER_RELOC,,6,15,9,,2.3542547170894164,,,
WORKER_RELOC,,6,15,10,,1.9218951843475756,,,
WORKER_RELOC,,6,15,11,,2.62875902368905,,,
WORKER_RELOC,,6,15,12,,3.273156126265893,,,
WORKER_RELOC,,6,15,13,,1.8042490443258352,,,
WORKER_RELOC,,6,15,14,,2.577943516875688,,,
WORKER_RELOC,,6,15,15,,0.0,,,
WORKER_RELOC,,6,15,16,,0.790012762639568,,,
WORKER_RELOC,,6,15,17,,1.2836165493773493,,,
WORKER_RELOC,,6,16,0,,1.81212395602921,,,
WORKER_RELOC,,6,16,1,,3.8611749434644915,,,
WORKER_RELOC,,6,16,2,,3.070352879851957,,,
WORKER_RELOC,,6,16,3,,1.8392276665542295,,,
WORKER_RELOC,,6,16,4,,2.3597754171082252,,,
WORKER_RELOC,,6,16,5,,2.2045611072993525,,,
WORKER_RELOC,,6,16,6,,1.532654985993748,,,
WORKER_RELOC,,6,16,7,,2.38334732628251,,,
WORKER_RELOC,,6,16,8,,3.23300717482788,,,
WORKER_RELOC,,6,16,9,,2.0219019401862335,,,
WORKER_RELOC,,6,16,10,,2.403114133447359,,,
WORKER_RELOC,,6,16,11,,3.763528140052082,,,
WORKER_RELOC,,6,16,12,,3.6641503525586607,,,
WORKER_RELOC,,6,16,13,,2.7419334052346174,,,
WORKER_RELOC,,6,16,14,,3.8161390715661385,,,
WORKER_RELOC,,6,16,15,,0.5425395941483311,,,
WORKER_RELOC,,6,16,16,,0.0,,,
WORKER_RELOC,,6,16,17,,0.8617494022969399,,,
WORKER_RELOC,,6,17,0,,1.502918495545726,,,
WORKER_RELOC,,6,17,1,,2.3790435188332912,,,
WORKER_RELOC,,6,17,2,,3.9563379107449146,,,
WORKER_RELOC,,6,17,3,,3.3062432564733175,,,
WORKER_RELOC,,6,17,4,,2.6604338246441177,,,
WORKER_RELOC,,6,17,5,,2.508046545644203,,,
WORKER_RELOC,,6,17,6,,3.041049785798762,,,
WORKER_RELOC,,6,17,7,,3.349697968404395,,,
WORKER_RELOC,,6,17,8,,1.776129729835681,,,
WORKER_RELOC,,6,17,9,,1.9621507716988529,,,
WORKER_RELOC,,6,17,10,,2.5378952821317506,,,
WORKER_RELOC,,6,17,11,,2.9230059984042596,,,
WORKER_RELOC,,6,17,12,,2.3237347587426003,,,
WORKER_RELOC,,6,17,13,,2.7225023259933843,,,
WORKER_RELOC,,6,17,14,,2.6616986499924664,,,
WORKER_RELOC,,6,17,15,,1.3358123118400989,,,
WORKER_RELOC,,6,17,16,,0.6215626459183277,,,
WORKER_RELOC,,6,17,17,,0.0,,,
WORKER_RELOC,,7,0,0,,0.0,,,
WORKER_RELOC,,7,0,1,,0.6656537024580299,,,
WORKER_RELOC,,7,0,2,,1.6002036296681883,,,
WORKER_RELOC,,7,0,3,,2.905476874625216,,,
WORKER_RELOC,,7,0,4,,2.6610018556974686,,,
WORKER_RELOC,,7,0,5,,3.2725594995273326,,,
WORKER_RELOC,,7,0,6,,3.385598878542755,,,
WORKER_RELOC,,7,0,7,,3.2602035337673745,,,
WORKER_RELOC,,7,0,8,,3.052590219425027,,,
WORKER_RELOC,,7,0,9,,3.735290454399184,,,
WORKER_RELOC,,7,0,10,,3.3035600148111195,,,
WORKER_RELOC,,7,0,11,,2.8075137831023413,,,
WORKER_RELOC,,7,0,12,,3.564336435514587,,,
WORKER_RELOC,,7,0,13,,2.2091610524054754,,,
WORKER_RELOC,,7,0,14,,3.0842918933000583,,,
WORKER_RELOC,,7,0,15,,3.34385488316893,,,
WORKER_RELOC,,7,0,16,,3.1773241094042666,,,
WORKER_RELOC,,7,0,17,,2.2562002271876924,,,
WORKER_RELOC,,7,1,0,,0.6663572570435361,,,
WORKER_RELOC,,7,1,1,,0.0,,,
WORKER_RELOC,,7,1,2,,2.842504262007523,,,
WORKER_RELOC,,7,1,3,,3.336852109681661,,,
WORKER_RELOC,,7,1,4,,3.7377870351750606,,,
WORKER_RELOC,,7,1,5,,3.057671702169446,,,
WORKER_RELOC,,7,1,6,,2.877130843945493,,,
WORKER_RELOC,,7,1,7,,2.721986708127719,,,
WORKER_RELOC,,7,1,8,,3.4306433987030256,,,
WORKER_RELOC,,7,1,9,,1.5343653555670012,,,
WORKER_RELOC,,7,1,10,,2.7993054026143414,,,
WORKER_RELOC,,7,1,11,,3.690070680859221,,,
WORKER_RELOC,,7,1,12,,3.02704049389912,,,
WORKER_RELOC,,7,1,13,,3.820901847703027,,,
WORKER_RELOC,,7,1,14,,3.3881820821642177,,,
WORKER_RELOC,,7,1,15,,3.937516605301497,,,
WORKER_RELOC,,7,1,16,,3.432848263648285,,,
WORKER_RELOC,,7,1,17,,1.8982390040047135,,,
WORKER_RELOC,,7,2,0,,2.6071191590568024,,,
WORKER_RELOC,,7,2,1,,2.005686233437852,,,
WORKER_RELOC,,7,2,2,,0.0,,,
WORKER_RELOC,,7,2,3,,1.703484836801785,,,
WORKER_RELOC,,7,2,4,,3.9310007548536676,,,
WORKER_RELOC,,7,2,5,,3.000946460033748,,,
WORKER_RELOC,,7,2,6,,3.9454547719840405,,,
WORKER_RELOC,,7,2,7,,3.1961344271567844,,,
WORKER_RELOC,,7,2,8,,1.7211488259435856,,,
WORKER_RELOC,,7,2,9,,1.817570367534862,,,
WORKER_RELOC,,7,2,10,,2.448356591671354,,,
WORKER_RELOC,,7,2,11,,1.840672880614441,,,
WORKER_RELOC,,7,2,12,,3.6490251021760605,,,
WORKER_RELOC,,7,2,13,,2.5085206467173826,,,
WORKER_RELOC,,7,2,14,,2.5440598782721016,,,
WORKER_RELOC,,7,2,15,,3.806188628427066,,,
WORKER_RELOC,,7,2,16,,2.4847080972941575,,,
WORKER_RELOC,,7,2,17,,3.637194408983763,,,
WORKER_RELOC,,7,3,0,,3.2515769373069006,,,
WORKER_RELOC,,7,3,1,,3.8664663262189602,,,
WORKER_RELOC,,7,3,2,,2.977236883439872,,,
WORKER_RELOC,,7,3,3,,0.0,,,
WORKER_RELOC,,7,3,4,,0.8563727291650461,,,
WORKER_RELOC,,7,3,5,,0.6074635790500055,,,
WORKER_RELOC,,7,3,6,,2.644269185027735,,,
WORKER_RELOC,,7,3,7,,3.218263138902329,,,
WORKER_RELOC,,7,3,8,,2.2550458255346815,,,
WORKER_RELOC,,7,3,9,,2.839874391434914,,,
WORKER_RELOC,,7,3,10,,1.8353325108521232,,,
WORKER_RELOC,,7,3,11,,3.481815415168966,,,
WORKER_RELOC,,7,3,12,,3.2854888538677773,,,
WORKER_RELOC,,7,3,13,,2.4367410493266224,,,
WORKER_RELOC,,7,3,14,,3.9367900014497943,,,
WORKER_RELOC,,7,3,15,,1.8560940518319533,,,
WORKER_RELOC,,7,3,16,,2.9933835315557116,,,
WORKER_RELOC,,7,3,17,,3.1302880827694586,,,
WORKER_RELOC,,7,4,0,,2.1938524774824613,,,
WORKER_RELOC,,7,4,1,,1.5566180705318742,,,
WORKER_RELOC,,7,4,2,,3.7102519017428732,,,
WORKER_RELOC,,7,4,3,,0.7838673538882907,,,
WORKER_RELOC,,7,4,4,,0.0,,,
WORKER_RELOC,,7,4,5,,0.7071929581971401,,,
WORKER_RELOC,,7,4,6,,3.318595549699278,,,
WORKER_RELOC,,7,4,7,,3.898121377524369,,,
WORKER_RELOC,,7,4,8,,3.660467422242738,,,
WORKER_RELOC,,7,4,9,,3.910137100566843,,,
WORKER_RELOC,,7,4,10,,2.24837754517175,,,
WORKER_RELOC,,7,4,11,,2.039992167161329,,,
WORKER_RELOC,,7,4,12,,2.270727528620533,,,
WORKER_RELOC,,7,4,13,,2.604206905948704,,,
WORKER_RELOC,,7,4,14,,1.5515869042911656,,,
WORKER_RELOC,,7,4,15,,3.018054705993146,,,
WORKER_RELOC,,7,4,16,,2.110183934718897,,,
WORKER_RELOC,,7,4,17,,3.690161478524978,,,
WORKER_RELOC,,7,5,0,,3.798827528883804,,,
WORKER_RELOC,,7,5,1,,3.5498203118110365,,,
WORKER_RELOC,,7,5,2,,3.398352736711999,,,
WORKER_RELOC,,7,5,3,,0.527453125305948,,,
WORKER_RELOC,,7,5,4,,0.8134196855778248,,,
WORKER_RELOC,,7,5,5,,0.0,,,
WORKER_RELOC,,7,5,6,,2.1277232655831004,,,
WORKER_RELOC,,7,5,7,,2.350200635991472,,,
WORKER_RELOC,,7,5,8,,3.74413761634417,,,
WORKER_RELOC,,7,5,9,,2.5968519764075646,,,
WORKER_RELOC,,7,5,10,,2.360633564165898,,,
WORKER_RELOC,,7,5,11,,1.7508219499142843,,,
WORKER_RELOC,,7,5,12,,2.7329937636286683,,,
WORKER_RELOC,,7,5,13,,3.4081303911760013,,,
WORKER_RELOC,,7,5,14,,2.4939019387785324,,,
WORKER_RELOC,,7,5,15,,2.9314024304153814,,,
WORKER_RELOC,,7,5,16,,3.734654016878348,,,
WORKER_RELOC,,7,5,17,,1.7894537623783706,,,
WORKER_RELOC,,7,6,0,,3.9675842346859196,,,
WORKER_RELOC,,7,6,1,,1.8361782206533492,,,
WORKER_RELOC,,7,6,2,,3.0690660334817514,,,
WORKER_RELOC,,7,6,3,,3.905098514006646,,,
WORKER_RELOC,,7,6,4,,2.5230829077454704,,,
WORKER_RELOC,,7,6,5,,2.227918238980453,,,
WORKER_RELOC,,7,6,6,,0.0,,,
WORKER_RELOC,,7,6,7,,2.994867434374676,,,
WORKER_RELOC,,7,6,8,,1.9286169877638615,,,
WORKER_RELOC,,7,6,9,,3.327529483164354,,,
WORKER_RELOC,,7,6,10,,1.6226477961907844,,,
WORKER_RELOC,,7,6,11,,3.2302805192214388,,,
WORKER_RELOC,,7,6,12,,2.5051772651239106,,,
WORKER_RELOC,,7,6,13,,2.34331194248052,,,
WORKER_RELOC,,7,6,14,,3.3362330860211062,,,
WORKER_RELOC,,7,6,15,,2.9413645961227695,,,
WORKER_RELOC,,7,6,16,,2.0552009127120376,,,
WORKER_RELOC,,7,6,17,,1.8930656829611365,,,
WORKER_RELOC,,7,7,0,,2.9761284623371815,,,
WORKER_RELOC,,7,7,1,,3.3364347852020098,,,
WORKER_RELOC,,7,7,2,,3.453628219500871,,,
WORKER_RELOC,,7,7,3,,2.5982812602519867,,,
WORKER_RELOC,,7,7,4,,3.8264675492603057,,,
WORKER_RELOC,,7,7,5,,3.9340493601283337,,,
WORKER_RELOC,,7,7,6,,3.587087205353228,,,
WORKER_RELOC,,7,7,7,,0.0,,,
WORKER_RELOC,,7,7,8,,0.827107601281419,,,
WORKER_RELOC,,7,7,9,,0.8216713622737061,,,
WORKER_RELOC,,7,7,10,,3.4979981481474036,,,
WORKER_RELOC,,7,7,11,,2.693327456485851,,,
WORKER_RELOC,,7,7,12,,2.3360151468383643,,,
WORKER_RELOC,,7,7,13,,3.2554392292827714,,,
WORKER_RELOC,,7,7,14,,3.3043605582493814,,,
WORKER_RELOC,,7,7,15,,3.1768738636676006,,,
WORKER_RELOC,,7,7,16,,3.0130097418562585,,,
WORKER_RELOC,,7,7,17,,3.0313509760850215,,,
WORKER_RELOC,,7,8,0,,2.3555898104707653,,,
WORKER_RELOC,,7,8,1,,3.958042464082241,,,
WORKER_RELOC,,7,8,2,,2.386736067722629,,,
WORKER_RELOC,,7,8,3,,2.604769782151976,,,
WORKER_RELOC,,7,8,4,,3.407237754221394,,,
WORKER_RELOC,,7,8,5,,2.876335023891185,,,
WORKER_RELOC,,7,8,6,,3.131581006874077,,,
WORKER_RELOC,,7,8,7,,1.3652591984680762,,,
WORKER_RELOC,,7,8,8,,0.0,,,
WORKER_RELOC,,7,8,9,,0.7958836282346596,,,
WORKER_RELOC,,7,8,10,,2.1413511300666124,,,
WORKER_RELOC,,7,8,11,,3.782525695289915,,,
WORKER_RELOC,,7,8,12,,2.738799956261724,,,
WORKER_RELOC,,7,8,13,,3.320075534258475,,,
WORKER_RELOC,,7,8,14,,3.750782745851248,,,
WORKER_RELOC,,7,8,15,,2.4048060337570076,,,
WORKER_RELOC,,7,8,16,,2.4902969640306063,,,
WORKER_RELOC,,7,8,17,,3.3664297612402425,,,
WORKER_RELOC,,7,9,0,,3.406656646153204,,,
WORKER_RELOC,,7,9,1,,2.0468704581251984,,,
WORKER_RELOC,,7,9,2,,3.145186401902965,,,
WORKER_RELOC,,7,9,3,,1.5005544154720698,,,
WORKER_RELOC,,7,9,4,,2.1832923167845477,,,
WORKER_RELOC,,7,9,5,,1.555664727225067,,,
WORKER_RELOC,,7,9,6,,2.9281631659069216,,,
WORKER_RELOC,,7,9,7,,0.7312255743437096,,,
WORKER_RELOC,,7,9,8,,0.7375211710644578,,,
WORKER_RELOC,,7,9,9,,0.0,,,
WORKER_RELOC,,7,9,10,,3.337905415495533,,,
WORKER_RELOC,,7,9,11,,1.7251594526857503,,,
WORKER_RELOC,,7,9,12,,2.921552687255385,,,
WORKER_RELOC,,7,9,13,,2.877612578763293,,,
WORKER_RELOC,,7,9,14,,3.366506242530509,,,
WORKER_RELOC,,7,9,15,,2.7653348469826655,,,
WORKER_RELOC,,7,9,16,,2.4396537719495557,,,
WORKER_RELOC,,7,9,17,,1.5802969590001725,,,
WORKER_RELOC,,7,10,0,,2.984085921447599,,,
WORKER_RELOC,,7,10,1,,1.594715375755088,,,
WORKER_RELOC,,7,10,2,,2.340615022592645,,,
WORKER_RELOC,,7,10,3,,2.42967894022475,,,
WORKER_RELOC,,7,10,4,,3.8034717243463563,,,
WORKER_RELOC,,7,10,5,,1.530369964301066,,,
WORKER_RELOC,,7,10,6,,3.1535277290498476,,,
WORKER_RELOC,,7,10,7,,3.257218025324991,,,
WORKER_RELOC,,7,10,8,,3.2001367285724474,,,
WORKER_RELOC,,7,10,9,,3.550851592102437,,,
WORKER_RELOC,,7,10,10,,0.0,,,
WORKER_RELOC,,7,10,11,,1.088664591997235,,,
WORKER_RELOC,,7,10,12,,1.4868927473072078,,,
WORKER_RELOC,,7,10,13,,2.712621492624738,,,
WORKER_RELOC,,7,10,14,,3.060472822475431,,,
WORKER_RELOC,,7,10,15,,2.4470602917182402,,,
WORKER_RELOC,,7,10,16,,3.3187752164583957,,,
WORKER_RELOC,,7,10,17,,3.820778911495814,,,
WORKER_RELOC,,7,11,0,,1.674535334679873,,,
WORKER_RELOC,,7,11,1,,3.6364092657930915,,,
WORKER_RELOC,,7,11,2,,1.859011266593941,,,
WORKER_RELOC,,7,11,3,,1.9995655308909428,,,
WORKER_RELOC,,7,11,4,,3.988407474009566,,,
WORKER_RELOC,,7,11,5,,3.494686146908986,,,
WORKER_RELOC,,7,11,6,,2.9163297631874494,,,
WORKER_RELOC,,7,11,7,,2.3188743524770103,,,
WORKER_RELOC,,7,11,8,,2.1676034024088766,,,
WORKER_RELOC,,7,11,9,,3.167221525756446,,,
WORKER_RELOC,,7,11,10,,0.8474700117353924,,,
WORKER_RELOC,,7,11,11,,0.0,,,
WORKER_RELOC,,7,11,12,,1.423002665063723,,,
WORKER_RELOC,,7,11,13,,2.810158170492864,,,
WORKER_RELOC,,7,11,14,,1.732808988926664,,,
WORKER_RELOC,,7,11,15,,2.1518252344423763,,,
WORKER_RELOC,,7,11,16,,3.7813309884115887,,,
WORKER_RELOC,,7,11,17,,1.8905178416291668,,,
WORKER_RELOC,,7,12,0,,2.1117613940451294,,,
WORKER_RELOC,,7,12,1,,1.885427026581851,,,
WORKER_RELOC,,7,12,2,,2.160022466084451,,,
WORKER_RELOC,,7,12,3,,2.7408724440361296,,,
WORKER_RELOC,,7,12,4,,2.217128407712665,,,
WORKER_RELOC,,7,12,5,,1.6543940830602355,,,
WORKER_RELOC,,7,12,6,,1.829391218951374,,,
WORKER_RELOC,,7,12,7,,3.480146500219808,,,
WORKER_RELOC,,7,12,8,,1.9336310070350378,,,
WORKER_RELOC,,7,12,9,,2.6170194685482793,,,
WORKER_RELOC,,7,12,10,,1.1728709287192227,,,
WORKER_RELOC,,7,12,11,,1.4779396413042154,,,
WORKER_RELOC,,7,12,12,,0.0,,,
WORKER_RELOC,,7,12,13,,1.6388250728305949,,,
WORKER_RELOC,,7,12,14,,3.057660179837145,,,
WORKER_RELOC,,7,12,15,,3.9178177181929787,,,
WORKER_RELOC,,7,12,16,,3.8040510710553326,,,
WORKER_RELOC,,7,12,17,,2.8129169670332765,,,
WORKER_RELOC,,7,13,0,,3.750595368917294,,,
WORKER_RELOC,,7,13,1,,2.3247876887760355,,,
WORKER_RELOC,,7,13,2,,2.010454059794534,,,
WORKER_RELOC,,7,13,3,,2.9862179422658492,,,
WORKER_RELOC,,7,13,4,,3.646198933305361,,,
WORKER_RELOC,,7,13,5,,3.480568349823561,,,
WORKER_RELOC,,7,13,6,,2.125546120680176,,,
WORKER_RELOC,,7,13,7,,3.5490793109681555,,,
WORKER_RELOC,,7,13,8,,2.723962008701239,,,
WORKER_RELOC,,7,13,9,,3.425201526255873,,,
WORKER_RELOC,,7,13,10,,3.9963768219883873,,,
WORKER_RELOC,,7,13,11,,3.322258326643958,,,
WORKER_RELOC,,7,13,12,,3.817496232924135,,,
WORKER_RELOC,,7,13,13,,0.0,,,
WORKER_RELOC,,7,13,14,,1.1644205330950772,,,
WORKER_RELOC,,7,13,15,,3.6676875021426474,,,
WORKER_RELOC,,7,13,16,,2.1105229749535095,,,
WORKER_RELOC,,7,13,17,,3.1883089878259243,,,
WORKER_RELOC,,7,14,0,,3.8637102620224386,,,
WORKER_RELOC,,7,14,1,,1.6629009482968513,,,
WORKER_RELOC,,7,14,2,,1.7891602755857732,,,
WORKER_RELOC,,7,14,3,,3.446506034506875,,,
WORKER_RELOC,,7,14,4,,1.5802854914867117,,,
WORKER_RELOC,,7,14,5,,3.316011782237534,,,
WORKER_RELOC,,7,14,6,,2.093536643606899,,,
WORKER_RELOC,,7,14,7,,1.8003196793163851,,,
WORKER_RELOC,,7,14,8,,2.578363567597005,,,
WORKER_RELOC,,7,14,9,,2.5246709902366558,,,
WORKER_RELOC,,7,14,10,,2.9637729187891217,,,
WORKER_RELOC,,7,14,11,,3.315961027188558,,,
WORKER_RELOC,,7,14,12,,2.4568245883736006,,,
WORKER_RELOC,,7,14,13,,1.376395753880461,,,
WORKER_RELOC,,7,14,14,,0.0,,,
WORKER_RELOC,,7,14,15,,3.0838249801440583,,,
WORKER_RELOC,,7,14,16,,2.5191677851159096,,,
WORKER_RELOC,,7,14,17,,2.4092098280470626,,,
WORKER_RELOC,,7,15,0,,3.7773129680221653,,,
WORKER_RELOC,,7,15,1,,2.3315443101435442,,,
WORKER_RELOC,,7,15,2,,2.198617324669616,,,
WORKER_RELOC,,7,15,3,,2.8269672968083555,,,
WORKER_RELOC,,7,15,4,,1.625695976240592,,,
WORKER_RELOC,,7,15,5,,3.0263956670884,,,
WORKER_RELOC,,7,15,6,,3.3480850042421397,,,
WORKER_RELOC,,7,15,7,,3.780100602655887,,,
WORKER_RELOC,,7,15,8,,2.4821972322882666,,,
WORKER_RELOC,,7,15,9,,2.4294545272423465,,,
WORKER_RELOC,,7,15,10,,2.0511307686639553,,,
WORKER_RELOC,,7,15,11,,3.720510392303415,,,
WORKER_RELOC,,7,15,12,,2.682767849073308,,,
WORKER_RELOC,,7,15,13,,2.6042439496028473,,,
WORKER_RELOC,,7,15,14,,2.9846599259764166,,,
WORKER_RELOC,,7,15,15,,0.0,,,
WORKER_RELOC,,7,15,16,,1.252951350202013,,,
WORKER_RELOC,,7,15,17,,0.7739103587713838,,,
WORKER_RELOC,,7,16,0,,2.8171032381909167,,,
WORKER_RELOC,,7,16,1,,1.8979728723427671,,,
WORKER_RELOC,,7,16,2,,2.3319541425296935,,,
WORKER_RELOC,,7,16,3,,3.278170756519212,,,
WORKER_RELOC,,7,16,4,,2.8666100333619413,,,
WORKER_RELOC,,7,16,5,,1.5057163089623544,,,
WORKER_RELOC,,7,16,6,,2.488816105010256,,,
WORKER_RELOC,,7,16,7,,3.0331442355947287,,,
WORKER_RELOC,,7,16,8,,1.7616839204507624,,,
WORKER_RELOC,,7,16,9,,3.182969361751905,,,
WORKER_RELOC,,7,16,10,,3.9631626541218923,,,
WORKER_RELOC,,7,16,11,,3.0803676499860564,,,
WORKER_RELOC,,7,16,12,,1.9491375059351135,,,
WORKER_RELOC,,7,16,13,,3.2833613263403825,,,
WORKER_RELOC,,7,16,14,,3.807967549081037,,,
WORKER_RELOC,,7,16,15,,1.3105659541636996,,,
WORKER_RELOC,,7,16,16,,0.0,,,
WORKER_RELOC,,7,16,17,,0.8405970130532754,,,
WORKER_RELOC,,7,17,0,,2.55190570533853,,,
WORKER_RELOC,,7,17,1,,3.681060492107205,,,
WORKER_RELOC,,7,17,2,,2.823280476489539,,,
WORKER_RELOC,,7,17,3,,3.5803259962283134,,,
WORKER_RELOC,,7,17,4,,3.451622755174652,,,
WORKER_RELOC,,7,17,5,,3.1143165455739386,,,
WORKER_RELOC,,7,17,6,,2.7686255929323025,,,
WORKER_RELOC,,7,17,7,,2.8933092571292005,,,
WORKER_RELOC,,7,17,8,,1.9167588788869288,,,
WORKER_RELOC,,7,17,9,,2.2804252409171704,,,
WORKER_RELOC,,7,17,10,,2.2322169174181434,,,
WORKER_RELOC,,7,17,11,,3.2831939972428725,,,
WORKER_RELOC,,7,17,12,,3.8232354282371785,,,
WORKER_RELOC,,7,17,13,,1.7257633760106659,,,
WORKER_RELOC,,7,17,14,,3.652797308189231,,,
WORKER_RELOC,,7,17,15,,1.1210036338625033,,,
WORKER_RELOC,,7,17,16,,0.7753146481107143,,,
WORKER_RELOC,,7,17,17,,0.0,,,
WORKER_RELOC,,8,0,0,,0.0,,,
WORKER_RELOC,,8,0,1,,1.107025235581684,,,
WORKER_RELOC,,8,0,2,,2.860520079608941,,,
WORKER_RELOC,,8,0,3,,3.7861650290929427,,,
WORKER_RELOC,,8,0,4,,2.1866210247209645,,,
WORKER_RELOC,,8,0,5,,3.373552392881832,,,
WORKER_RELOC,,8,0,6,,3.0639171013620574,,,
WORKER_RELOC,,8,0,7,,3.916770700773608,,,
WORKER_RELOC,,8,0,8,,2.0940702879756516,,,
WORKER_RELOC,,8,0,9,,2.734945980956276,,,
WORKER_RELOC,,8,0,10,,2.816870213502572,,,
WORKER_RELOC,,8,0,11,,1.8610791192977694,,,
WORKER_RELOC,,8,0,12,,2.0155288811663046,,,
WORKER_RELOC,,8,0,13,,2.454487073412743,,,
WORKER_RELOC,,8,0,14,,3.2665782935793066,,,
WORKER_RELOC,,8,0,15,,2.769274348896386,,,
WORKER_RELOC,,8,0,16,,3.731233751135409,,,
WORKER_RELOC,,8,0,17,,2.6976367701234825,,,
WORKER_RELOC,,8,1,0,,1.229260644314647,,,
WORKER_RELOC,,8,1,1,,0.0,,,
WORKER_RELOC,,8,1,2,,3.2653968501433797,,,
WORKER_RELOC,,8,1,3,,3.2300299543836224,,,
WORKER_RELOC,,8,1,4,,3.2191726803281027,,,
WORKER_RELOC,,8,1,5,,3.7830997386638034,,,
WORKER_RELOC,,8,1,6,,2.2044267596396994,,,
WORKER_RELOC,,8,1,7,,1.5590012907843853,,,
WORKER_RELOC,,8,1,8,,1.5610968903520581,,,
WORKER_RELOC,,8,1,9,,2.4367633206382613,,,
WORKER_RELOC,,8,1,10,,2.625776257629819,,,
WORKER_RELOC,,8,1,11,,2.0104129492849063,,,
WORKER_RELOC,,8,1,12,,1.7470678953939154,,,
WORKER_RELOC,,8,1,13,,1.564993224176059,,,
WORKER_RELOC,,8,1,14,,3.960590778329074,,,
WORKER_RELOC,,8,1,15,,1.5153211037656447,,,
WORKER_RELOC,,8,1,16,,3.88290558305047,,,
WORKER_RELOC,,8,1,17,,2.8927607410991154,,,
WORKER_RELOC,,8,2,0,,2.237619024808533,,,
WORKER_RELOC,,8,2,1,,2.828835522695641,,,
WORKER_RELOC,,8,2,2,,0.0,,,
WORKER_RELOC,,8,2,3,,2.027715855182658,,,
WORKER_RELOC,,8,2,4,,2.763668729504701,,,
WORKER_RELOC,,8,2,5,,2.4156758109059777,,,
WORKER_RELOC,,8,2,6,,2.6380279205282102,,,
WORKER_RELOC,,8,2,7,,2.1897272728232937,,,
WORKER_RELOC,,8,2,8,,1.6467989761046775,,,
WORKER_RELOC,,8,2,9,,3.5093694889485736,,,
WORKER_RELOC,,8,2,10,,2.967852328240714,,,
WORKER_RELOC,,8,2,11,,3.7281834138718883,,,
WORKER_RELOC,,8,2,12,,1.5321518489084158,,,
WORKER_RELOC,,8,2,13,,3.938432306429941,,,
WORKER_RELOC,,8,2,14,,3.0472162805466314,,,
WORKER_RELOC,,8,2,15,,3.431087959247667,,,
WORKER_RELOC,,8,2,16,,2.542629012046777,,,
WORKER_RELOC,,8,2,17,,2.96243805437235,,,
WORKER_RELOC,,8,3,0,,3.99969362577573,,,
WORKER_RELOC,,8,3,1,,3.371990779938928,,,
WORKER_RELOC,,8,3,2,,3.379079573290051,,,
WORKER_RELOC,,8,3,3,,0.0,,,
WORKER_RELOC,,8,3,4,,1.0615251707779456,,,
WORKER_RELOC,,8,3,5,,1.2537542539070503,,,
WORKER_RELOC,,8,3,6,,3.8987894484368737,,,
WORKER_RELOC,,8,3,7,,3.900980277455114,,,
WORKER_RELOC,,8,3,8,,2.557119337705257,,,
WORKER_RELOC,,8,3,9,,2.004601106709346,,,
WORKER_RELOC,,8,3,10,,2.085890320976408,,,
WORKER_RELOC,,8,3,11,,1.5017220520701946,,,
WORKER_RELOC,,8,3,12,,3.239605432900367,,,
WORKER_RELOC,,8,3,13,,3.5277867515637684,,,
WORKER_RELOC,,8,3,14,,2.824118310253845,,,
WORKER_RELOC,,8,3,15,,3.7601351492999973,,,
WORKER_RELOC,,8,3,16,,3.8361008596742074,,,
WORKER_RELOC,,8,3,17,,2.7441771200853946,,,
WORKER_RELOC,,8,4,0,,3.4557922310642954,,,
WORKER_RELOC,,8,4,1,,3.0399815571307283,,,
WORKER_RELOC,,8,4,2,,2.121980465743981,,,
WORKER_RELOC,,8,4,3,,1.2806840879604044,,,
WORKER_RELOC,,8,4,4,,0.0,,,
WORKER_RELOC,,8,4,5,,0.6204453467925568,,,
WORKER_RELOC,,8,4,6,,3.5379617639560523,,,
WORKER_RELOC,,8,4,7,,3.750673702448839,,,
WORKER_RELOC,,8,4,8,,2.1821439713938546,,,
WORKER_RELOC,,8,4,9,,1.5224647595264436,,,
WORKER_RELOC,,8,4,10,,2.589082539605033,,,
WORKER_RELOC,,8,4,11,,3.272270975745532,,,
WORKER_RELOC,,8,4,12,,2.3641770171663827,,,
WORKER_RELOC,,8,4,13,,3.377222943182166,,,
WORKER_RELOC,,8,4,14,,3.750132530750583,,,
WORKER_RELOC,,8,4,15,,3.078584692347338,,,
WORKER_RELOC,,8,4,16,,3.5795176011769807,,,
WORKER_RELOC,,8,4,17,,2.9581587612925953,,,
WORKER_RELOC,,8,5,0,,1.8200247541646173,,,
WORKER_RELOC,,8,5,1,,2.3900220084584873,,,
WORKER_RELOC,,8,5,2,,2.0715389335848498,,,
WORKER_RELOC,,8,5,3,,1.0801453503468124,,,
WORKER_RELOC,,8,5,4,,0.5320605725169142,,,
WORKER_RELOC,,8,5,5,,0.0,,,
WORKER_RELOC,,8,5,6,,2.8541076624553385,,,
WORKER_RELOC,,8,5,7,,1.8901365871471294,,,
WORKER_RELOC,,8,5,8,,2.387295993945225,,,
WORKER_RELOC,,8,5,9,,2.5803024485339803,,,
WORKER_RELOC,,8,5,10,,1.7654257683592958,,,
WORKER_RELOC,,8,5,11,,2.6273943246443627,,,
WORKER_RELOC,,8,5,12,,3.629778565179867,,,
WORKER_RELOC,,8,5,13,,1.5762055271085238,,,
WORKER_RELOC,,8,5,14,,2.7290619538788614,,,
WORKER_RELOC,,8,5,15,,3.273185809711589,,,
WORKER_RELOC,,8,5,16,,2.737389502055751,,,
WORKER_RELOC,,8,5,17,,3.9080171500442304,,,
WORKER_RELOC,,8,6,0,,1.9081911486260668,,,
WORKER_RELOC,,8,6,1,,3.9121021538845913,,,
WORKER_RELOC,,8,6,2,,2.8931062922817112,,,
WORKER_RELOC,,8,6,3,,3.5020888483258155,,,
WORKER_RELOC,,8,6,4,,3.680847783533306,,,
WORKER_RELOC,,8,6,5,,1.8671005128907592,,,
WORKER_RELOC,,8,6,6,,0.0,,,
WORKER_RELOC,,8,6,7,,3.6647006501727875,,,
WORKER_RELOC,,8,6,8,,2.8816686317529623,,,
WORKER_RELOC,,8,6,9,,2.805245449102002,,,
WORKER_RELOC,,8,6,10,,2.082479617437471,,,
WORKER_RELOC,,8,6,11,,3.60175619525046,,,
WORKER_RELOC,,8,6,12,,2.689243540035408,,,
WORKER_RELOC,,8,6,13,,3.477273424570602,,,
WORKER_RELOC,,8,6,14,,1.6395268832741992,,,
WORKER_RELOC,,8,6,15,,1.511122759322889,,,
WORKER_RELOC,,8,6,16,,3.489455043183918,,,
WORKER_RELOC,,8,6,17,,2.8745826079328043,,,
WORKER_RELOC,,8,7,0,,2.5549987329415043,,,
WORKER_RELOC,,8,7,1,,3.820679704256675,,,
WORKER_RELOC,,8,7,2,,3.791522254811363,,,
WORKER_RELOC,,8,7,3,,3.954776301812331,,,
WORKER_RELOC,,8,7,4,,2.9868217774084225,,,
WORKER_RELOC,,8,7,5,,3.5424121385470775,,,
WORKER_RELOC,,8,7,6,,2.7935309755525584,,,
WORKER_RELOC,,8,7,7,,0.0,,,
WORKER_RELOC,,8,7,8,,1.1385987328809812,,,
WORKER_RELOC,,8,7,9,,1.0546984482842559,,,
WORKER_RELOC,,8,7,10,,3.7699606847083738,,,
WORKER_RELOC,,8,7,11,,2.036237206689445,,,
WORKER_RELOC,,8,7,12,,3.0376407570020323,,,
WORKER_RELOC,,8,7,13,,1.800705890419698,,,
WORKER_RELOC,,8,7,14,,1.871449579914461,,,
WORKER_RELOC,,8,7,15,,2.7726792959635014,,,
WORKER_RELOC,,8,7,16,,2.206355398764604,,,
WORKER_RELOC,,8,7,17,,2.543962072502702,,,
WORKER_RELOC,,8,8,0,,3.718724472691447,,,
WORKER_RELOC,,8,8,1,,3.2199071713845084,,,
WORKER_RELOC,,8,8,2,,2.962744319232039,,,
WORKER_RELOC,,8,8,3,,2.7033324082092056,,,
WORKER_RELOC,,8,8,4,,3.6270021000446753,,,
WORKER_RELOC,,8,8,5,,2.4008272679018354,,,
WORKER_RELOC,,8,8,6,,2.1127428787464333,,,
WORKER_RELOC,,8,8,7,,1.4460337311682854,,,
WORKER_RELOC,,8,8,8,,0.0,,,
WORKER_RELOC,,8,8,9,,0.9482098554648918,,,
WORKER_RELOC,,8,8,10,,3.056875127849712,,,
WORKER_RELOC,,8,8,11,,2.656244419917206,,,
WORKER_RELOC,,8,8,12,,2.532739762673541,,,
WORKER_RELOC,,8,8,13,,2.038217924692238,,,
WORKER_RELOC,,8,8,14,,2.381104788096514,,,
WORKER_RELOC,,8,8,15,,2.7624821691245796,,,
WORKER_RELOC,,8,8,16,,1.966245505458494,,,
WORKER_RELOC,,8,8,17,,3.466075227239905,,,
WORKER_RELOC,,8,9,0,,3.363407388818148,,,
WORKER_RELOC,,8,9,1,,1.525249298343188,,,
WORKER_RELOC,,8,9,2,,1.7585657709674676,,,
WORKER_RELOC,,8,9,3,,3.4430519233361094,,,
WORKER_RELOC,,8,9,4,,1.9713221314932794,,,
WORKER_RELOC,,8,9,5,,3.139891375448081,,,
WORKER_RELOC,,8,9,6,,2.120210727208708,,,
WORKER_RELOC,,8,9,7,,1.2266587582571693,,,
WORKER_RELOC,,8,9,8,,1.4782479745051476,,,
WORKER_RELOC,,8,9,9,,0.0,,,
WORKER_RELOC,,8,9,10,,2.221288006970665,,,
WORKER_RELOC,,8,9,11,,3.4726248422125905,,,
WORKER_RELOC,,8,9,12,,2.497402714189697,,,
WORKER_RELOC,,8,9,13,,2.170565271154949,,,
WORKER_RELOC,,8,9,14,,2.7210638313932516,,,
WORKER_RELOC,,8,9,15,,1.6189875113514907,,,
WORKER_RELOC,,8,9,16,,2.633093779427371,,,
WORKER_RELOC,,8,9,17,,3.5191485297724743,,,
WORKER_RELOC,,8,10,0,,1.6393965727006086,,,
WORKER_RELOC,,8,10,1,,2.607152752615446,,,
WORKER_RELOC,,8,10,2,,2.336214000634065,,,
WORKER_RELOC,,8,10,3,,1.7828595087824133,,,
WORKER_RELOC,,8,10,4,,1.5084360300815063,,,
WORKER_RELOC,,8,10,5,,2.2024933164962004,,,
WORKER_RELOC,,8,10,6,,3.744934186298622,,,
WORKER_RELOC,,8,10,7,,1.9790423678895235,,,
WORKER_RELOC,,8,10,8,,3.281895347302876,,,
WORKER_RELOC,,8,10,9,,3.8267076585775643,,,
WORKER_RELOC,,8,10,10,,0.0,,,
WORKER_RELOC,,8,10,11,,0.7085650570309461,,,
WORKER_RELOC,,8,10,12,,0.670392300608121,,,
WORKER_RELOC,,8,10,13,,2.886410801415635,,,
WORKER_RELOC,,8,10,14,,1.8593727329645733,,,
WORKER_RELOC,,8,10,15,,3.423492224077578,,,
WORKER_RELOC,,8,10,16,,2.2427471967191446,,,
WORKER_RELOC,,8,10,17,,2.529113587347596,,,
WORKER_RELOC,,8,11,0,,3.9283535394595304,,,
WORKER_RELOC,,8,11,1,,2.85752578194536,,,
WORKER_RELOC,,8,11,2,,2.984020017297227,,,
WORKER_RELOC,,8,11,3,,2.2368486466618336,,,
WORKER_RELOC,,8,11,4,,2.533725594533127,,,
WORKER_RELOC,,8,11,5,,3.8245055019165375,,,
WORKER_RELOC,,8,11,6,,2.8781473729047504,,,
WORKER_RELOC,,8,11,7,,2.400238289662166,,,
WORKER_RELOC,,8,11,8,,1.5501120998952436,,,
WORKER_RELOC,,8,11,9,,2.3077778924377417,,,
WORKER_RELOC,,8,11,10,,1.3103458856864716,,,
WORKER_RELOC,,8,11,11,,0.0,,,
WORKER_RELOC,,8,11,12,,0.8556206521051756,,,
WORKER_RELOC,,8,11,13,,1.6214545214147964,,,
WORKER_RELOC,,8,11,14,,2.4974963859074837,,,
WORKER_RELOC,,8,11,15,,2.1625937111412092,,,
WORKER_RELOC,,8,11,16,,3.7399647548497206,,,
WORKER_RELOC,,8,11,17,,2.4990685040918077,,,
WORKER_RELOC,,8,12,0,,1.6757972953404952,,,
WORKER_RELOC,,8,12,1,,2.4449809600910193,,,
WORKER_RELOC,,8,12,2,,3.5932985577381187,,,
WORKER_RELOC,,8,12,3,,1.9811148012363453,,,
WORKER_RELOC,,8,12,4,,3.0337393309013843,,,
WORKER_RELOC,,8,12,5,,3.5624543509906452,,,
WORKER_RELOC,,8,12,6,,3.284235813637896,,,
WORKER_RELOC,,8,12,7,,2.686546228576138,,,
WORKER_RELOC,,8,12,8,,2.5050102244715626,,,
WORKER_RELOC,,8,12,9,,1.8921673918597115,,,
WORKER_RELOC,,8,12,10,,1.2653720847934358,,,
WORKER_RELOC,,8,12,11,,1.1966699488936638,,,
WORKER_RELOC,,8,12,12,,0.0,,,
WORKER_RELOC,,8,12,13,,1.5820372367430546,,,
WORKER_RELOC,,8,12,14,,3.551034729446288,,,
WORKER_RELOC,,8,12,15,,3.5952522853319904,,,
WORKER_RELOC,,8,12,16,,3.8980590855834696,,,
WORKER_RELOC,,8,12,17,,2.2765199738551534,,,
WORKER_RELOC,,8,13,0,,3.5698814189861268,,,
WORKER_RELOC,,8,13,1,,3.4836087346387132,,,
WORKER_RELOC,,8,13,2,,3.4958871627285015,,,
WORKER_RELOC,,8,13,3,,3.2883463606305345,,,
WORKER_RELOC,,8,13,4,,3.754367093000379,,,
WORKER_RELOC,,8,13,5,,1.506356951974684,,,
WORKER_RELOC,,8,13,6,,2.5317874781760152,,,
WORKER_RELOC,,8,13,7,,2.6339320702312863,,,
WORKER_RELOC,,8,13,8,,3.447150625028308,,,
WORKER_RELOC,,8,13,9,,2.9843158402362544,,,
WORKER_RELOC,,8,13,10,,1.5424859546761123,,,
WORKER_RELOC,,8,13,11,,3.396975512675467,,,
WORKER_RELOC,,8,13,12,,1.9934672524643446,,,
WORKER_RELOC,,8,13,13,,0.0,,,
WORKER_RELOC,,8,13,14,,1.2530995852106521,,,
WORKER_RELOC,,8,13,15,,2.781738335995164,,,
WORKER_RELOC,,8,13,16,,2.3678927597556845,,,
WORKER_RELOC,,8,13,17,,3.496825745959452,,,
WORKER_RELOC,,8,14,0,,3.209579484636265,,,
WORKER_RELOC,,8,14,1,,1.7955592562206206,,,
WORKER_RELOC,,8,14,2,,2.74194696346224,,,
WORKER_RELOC,,8,14,3,,2.6912977988309015,,,
WORKER_RELOC,,8,14,4,,2.385054375836405,,,
WORKER_RELOC,,8,14,5,,2.444023337565616,,,
WORKER_RELOC,,8,14,6,,2.94120310181554,,,
WORKER_RELOC,,8,14,7,,2.358459018652709,,,
WORKER_RELOC,,8,14,8,,3.5392194539746304,,,
WORKER_RELOC,,8,14,9,,2.867756672570349,,,
WORKER_RELOC,,8,14,10,,2.624259105148335,,,
WORKER_RELOC,,8,14,11,,3.0098723763344664,,,
WORKER_RELOC,,8,14,12,,3.481886467224298,,,
WORKER_RELOC,,8,14,13,,1.482410618020547,,,
WORKER_RELOC,,8,14,14,,0.0,,,
WORKER_RELOC,,8,14,15,,3.415984897155525,,,
WORKER_RELOC,,8,14,16,,3.947542006572807,,,
WORKER_RELOC,,8,14,17,,2.3047455388853555,,,
WORKER_RELOC,,8,15,0,,2.2627539946664434,,,
WORKER_RELOC,,8,15,1,,3.617927409210142,,,
WORKER_RELOC,,8,15,2,,2.4964550201002056,,,
WORKER_RELOC,,8,15,3,,3.2093648123439733,,,
WORKER_RELOC,,8,15,4,,3.82425611129271,,,
WORKER_RELOC,,8,15,5,,3.815971678874868,,,
WORKER_RELOC,,8,15,6,,2.6559004502869117,,,
WORKER_RELOC,,8,15,7,,1.5018973520680554,,,
WORKER_RELOC,,8,15,8,,2.713725820683255,,,
WORKER_RELOC,,8,15,9,,2.261498501380818,,,
WORKER_RELOC,,8,15,10,,3.932351889228597,,,
WORKER_RELOC,,8,15,11,,2.1946942655443524,,,
WORKER_RELOC,,8,15,12,,2.5855498659609704,,,
WORKER_RELOC,,8,15,13,,2.157728870505384,,,
WORKER_RELOC,,8,15,14,,1.7929729092308986,,,
WORKER_RELOC,,8,15,15,,0.0,,,
WORKER_RELOC,,8,15,16,,1.2263634429842405,,,
WORKER_RELOC,,8,15,17,,1.198450848764066,,,
WORKER_RELOC,,8,16,0,,3.609306087361799,,,
WORKER_RELOC,,8,16,1,,1.6959966898183108,,,
WORKER_RELOC,,8,16,2,,2.540502206437907,,,
WORKER_RELOC,,8,16,3,,3.499298988847738,,,
WORKER_RELOC,,8,16,4,,1.71032791072046,,,
WORKER_RELOC,,8,16,5,,3.6868863401395373,,,
WORKER_RELOC,,8,16,6,,2.710877100596081,,,
WORKER_RELOC,,8,16,7,,3.1572923888815985,,,
WORKER_RELOC,,8,16,8,,3.871890022250787,,,
WORKER_RELOC,,8,16,9,,2.7456988149970334,,,
WORKER_RELOC,,8,16,10,,2.476709269462215,,,
WORKER_RELOC,,8,16,11,,3.764380188641592,,,
WORKER_RELOC,,8,16,12,,3.201085673551585,,,
WORKER_RELOC,,8,16,13,,2.510033566339835,,,
WORKER_RELOC,,8,16,14,,3.0242958672604203,,,
WORKER_RELOC,,8,16,15,,0.8470449894827753,,,
WORKER_RELOC,,8,16,16,,0.0,,,
WORKER_RELOC,,8,16,17,,1.398068086574734,,,
WORKER_RELOC,,8,17,0,,2.4557993627583325,,,
WORKER_RELOC,,8,17,1,,3.118853329717235,,,
WORKER_RELOC,,8,17,2,,3.8950311272681732,,,
WORKER_RELOC,,8,17,3,,2.7273510541648402,,,
WORKER_RELOC,,8,17,4,,3.914049306808862,,,
WORKER_RELOC,,8,17,5,,3.3568586814545434,,,
WORKER_RELOC,,8,17,6,,2.5508633706973534,,,
WORKER_RELOC,,8,17,7,,2.8558196105118503,,,
WORKER_RELOC,,8,17,8,,2.145828899940021,,,
WORKER_RELOC,,8,17,9,,1.8210577647103765,,,
WORKER_RELOC,,8,17,10,,1.9538399894546017,,,
WORKER_RELOC,,8,17,11,,1.8240479848825286,,,
WORKER_RELOC,,8,17,12,,2.316948064761334,,,
WORKER_RELOC,,8,17,13,,1.9688430716919294,,,
WORKER_RELOC,,8,17,14,,1.6431123995903538,,,
WORKER_RELOC,,8,17,15,,1.4839482270013953,,,
WORKER_RELOC,,8,17,16,,1.4500437691591017,,,
WORKER_RELOC,,8,17,17,,0.0,,,
WORKER_RELOC,,9,0,0,,0.0,,,
WORKER_RELOC,,9,0,1,,0.5719748279121614,,,
WORKER_RELOC,,9,0,2,,2.439131427973985,,,
WORKER_RELOC,,9,0,3,,3.4702855202098695,,,
WORKER_RELOC,,9,0,4,,3.5725138196304247,,,
WORKER_RELOC,,9,0,5,,3.2952420157416857,,,
WORKER_RELOC,,9,0,6,,3.626151092167246,,,
WORKER_RELOC,,9,0,7,,2.2399838173519946,,,
WORKER_RELOC,,9,0,8,,3.6062891853321917,,,
WORKER_RELOC,,9,0,9,,3.759242476834355,,,
WORKER_RELOC,,9,0,10,,2.6033019555775296,,,
WORKER_RELOC,,9,0,11,,3.212846425704379,,,
WORKER_RELOC,,9,0,12,,3.0021562895674894,,,
WORKER_RELOC,,9,0,13,,1.947230968812429,,,
WORKER_RELOC,,9,0,14,,2.1178659527481862,,,
WORKER_RELOC,,9,0,15,,2.298917946246653,,,
WORKER_RELOC,,9,0,16,,3.057355375751877,,,
WORKER_RELOC,,9,0,17,,3.327505462664342,,,
WORKER_RELOC,,9,1,0,,1.1922166491552832,,,
WORKER_RELOC,,9,1,1,,0.0,,,
WORKER_RELOC,,9,1,2,,2.96701524063959,,,
WORKER_RELOC,,9,1,3,,3.8130011557790686,,,
WORKER_RELOC,,9,1,4,,3.1359229318400788,,,
WORKER_RELOC,,9,1,5,,2.979751600863467,,,
WORKER_RELOC,,9,1,6,,2.5302193913380533,,,
WORKER_RELOC,,9,1,7,,3.446869254068651,,,
WORKER_RELOC,,9,1,8,,2.4320489205030866,,,
WORKER_RELOC,,9,1,9,,2.549189840170027,,,
WORKER_RELOC,,9,1,10,,1.6172480890295549,,,
WORKER_RELOC,,9,1,11,,1.5660940718834264,,,
WORKER_RELOC,,9,1,12,,1.9137369752989413,,,
WORKER_RELOC,,9,1,13,,2.5767064735774743,,,
WORKER_RELOC,,9,1,14,,1.5413347429922117,,,
WORKER_RELOC,,9,1,15,,1.9018506217654825,,,
WORKER_RELOC,,9,1,16,,1.9913096807903963,,,
WORKER_RELOC,,9,1,17,,2.6535370869928485,,,
WORKER_RELOC,,9,2,0,,2.663184758581498,,,
WORKER_RELOC,,9,2,1,,1.9118148027674997,,,
WORKER_RELOC,,9,2,2,,0.0,,,
WORKER_RELOC,,9,2,3,,2.1395603033999997,,,
WORKER_RELOC,,9,2,4,,1.7737859140164924,,,
WORKER_RELOC,,9,2,5,,1.7791153986219108,,,
WORKER_RELOC,,9,2,6,,2.1846702355539684,,,
WORKER_RELOC,,9,2,7,,1.796195716949028,,,
WORKER_RELOC,,9,2,8,,2.6936591464290234,,,
WORKER_RELOC,,9,2,9,,3.222736600749862,,,
WORKER_RELOC,,9,2,10,,2.7774643376465193,,,
WORKER_RELOC,,9,2,11,,3.4399079252558864,,,
WORKER_RELOC,,9,2,12,,2.301777684726558,,,
WORKER_RELOC,,9,2,13,,1.759333794858663,,,
WORKER_RELOC,,9,2,14,,3.9877442612979586,,,
WORKER_RELOC,,9,2,15,,2.594445607926071,,,
WORKER_RELOC,,9,2,16,,2.7461115482361116,,,
WORKER_RELOC,,9,2,17,,3.5490920481555253,,,
WORKER_RELOC,,9,3,0,,3.773949293222924,,,
WORKER_RELOC,,9,3,1,,3.496428080826688,,,
WORKER_RELOC,,9,3,2,,1.9619415588367635,,,
WORKER_RELOC,,9,3,3,,0.0,,,
WORKER_RELOC,,9,3,4,,0.7898341419437108,,,
WORKER_RELOC,,9,3,5,,0.6812594957853487,,,
WORKER_RELOC,,9,3,6,,3.822134915720496,,,
WORKER_RELOC,,9,3,7,,2.4323547292259837,,,
WORKER_RELOC,,9,3,8,,1.5747780375521039,,,
WORKER_RELOC,,9,3,9,,3.8733032385215242,,,
WORKER_RELOC,,9,3,10,,2.6320497186526812,,,
WORKER_RELOC,,9,3,11,,1.543328001876404,,,
WORKER_RELOC,,9,3,12,,2.172031297724744,,,
WORKER_RELOC,,9,3,13,,3.280927825701637,,,
WORKER_RELOC,,9,3,14,,3.0058986629973043,,,
WORKER_RELOC,,9,3,15,,3.4125440011559567,,,
WORKER_RELOC,,9,3,16,,3.2431180939662374,,,
WORKER_RELOC,,9,3,17,,1.90654076134994,,,
WORKER_RELOC,,9,4,0,,3.5163451922456597,,,
WORKER_RELOC,,9,4,1,,2.4499003413561544,,,
WORKER_RELOC,,9,4,2,,1.851975121906025,,,
WORKER_RELOC,,9,4,3,,0.9956074375101764,,,
WORKER_RELOC,,9,4,4,,0.0,,,
WORKER_RELOC,,9,4,5,,1.2588558011466686,,,
WORKER_RELOC,,9,4,6,,2.760627894576788,,,
WORKER_RELOC,,9,4,7,,1.8255638782621793,,,
WORKER_RELOC,,9,4,8,,2.729089824840779,,,
WORKER_RELOC,,9,4,9,,3.566701708540839,,,
WORKER_RELOC,,9,4,10,,3.025755756558498,,,
WORKER_RELOC,,9,4,11,,1.815813225178492,,,
WORKER_RELOC,,9,4,12,,2.820856913802938,,,
WORKER_RELOC,,9,4,13,,2.0762055228462843,,,
WORKER_RELOC,,9,4,14,,3.250016127933762,,,
WORKER_RELOC,,9,4,15,,3.1621860417749605,,,
WORKER_RELOC,,9,4,16,,2.6792523520919795,,,
WORKER_RELOC,,9,4,17,,2.4763850097721716,,,
WORKER_RELOC,,9,5,0,,2.655655442252156,,,
WORKER_RELOC,,9,5,1,,3.300121074159448,,,
WORKER_RELOC,,9,5,2,,2.2855644823025454,,,
WORKER_RELOC,,9,5,3,,1.2162561041823885,,,
WORKER_RELOC,,9,5,4,,0.5018970588198094,,,
WORKER_RELOC,,9,5,5,,0.0,,,
WORKER_RELOC,,9,5,6,,3.641774470004592,,,
WORKER_RELOC,,9,5,7,,3.4061985185671646,,,
WORKER_RELOC,,9,5,8,,3.754537810384189,,,
WORKER_RELOC,,9,5,9,,2.828107340825915,,,
WORKER_RELOC,,9,5,10,,3.638353526832152,,,
WORKER_RELOC,,9,5,11,,2.2387363873841983,,,
WORKER_RELOC,,9,5,12,,2.5420865256463423,,,
WORKER_RELOC,,9,5,13,,1.6202847140657672,,,
WORKER_RELOC,,9,5,14,,3.310048156745146,,,
WORKER_RELOC,,9,5,15,,1.7986228217790226,,,
WORKER_RELOC,,9,5,16,,3.365023813599681,,,
WORKER_RELOC,,9,5,17,,1.824353035099631,,,
WORKER_RELOC,,9,6,0,,2.4690754223953135,,,
WORKER_RELOC,,9,6,1,,3.8962592425008316,,,
WORKER_RELOC,,9,6,2,,3.684497230781544,,,
WORKER_RELOC,,9,6,3,,2.843230031899989,,,
WORKER_RELOC,,9,6,4,,3.4103652065443404,,,
WORKER_RELOC,,9,6,5,,1.5313456648818156,,,
WORKER_RELOC,,9,6,6,,0.0,,,
WORKER_RELOC,,9,6,7,,2.079402195398151,,,
WORKER_RELOC,,9,6,8,,2.159787547193196,,,
WORKER_RELOC,,9,6,9,,1.99965571997461,,,
WORKER_RELOC,,9,6,10,,3.7725904505037033,,,
WORKER_RELOC,,9,6,11,,2.603637343845481,,,
WORKER_RELOC,,9,6,12,,3.2234365445870976,,,
WORKER_RELOC,,9,6,13,,3.1366160211022356,,,
WORKER_RELOC,,9,6,14,,2.749054215614419,,,
WORKER_RELOC,,9,6,15,,2.163524524285349,,,
WORKER_RELOC,,9,6,16,,3.3749683771761796,,,
WORKER_RELOC,,9,6,17,,1.7221945355176116,,,
WORKER_RELOC,,9,7,0,,3.340204939956668,,,
WORKER_RELOC,,9,7,1,,2.978741583684371,,,
WORKER_RELOC,,9,7,2,,3.613355200231613,,,
WORKER_RELOC,,9,7,3,,3.4037970297312015,,,
WORKER_RELOC,,9,7,4,,2.1133218958269744,,,
WORKER_RELOC,,9,7,5,,2.0585408239066805,,,
WORKER_RELOC,,9,7,6,,3.5391354220093243,,,
WORKER_RELOC,,9,7,7,,0.0,,,
WORKER_RELOC,,9,7,8,,0.6835874782509035,,,
WORKER_RELOC,,9,7,9,,1.249818598894386,,,
WORKER_RELOC,,9,7,10,,1.7937496641055288,,,
WORKER_RELOC,,9,7,11,,3.684350663906598,,,
WORKER_RELOC,,9,7,12,,2.240943727999077,,,
WORKER_RELOC,,9,7,13,,2.581505612761948,,,
WORKER_RELOC,,9,7,14,,3.9197028131183522,,,
WORKER_RELOC,,9,7,15,,3.8174481913035416,,,
WORKER_RELOC,,9,7,16,,2.681013821061036,,,
WORKER_RELOC,,9,7,17,,3.1897149503525433,,,
WORKER_RELOC,,9,8,0,,2.0976214453209874,,,
WORKER_RELOC,,9,8,1,,2.1611084182028804,,,
WORKER_RELOC,,9,8,2,,1.760106874920878,,,
WORKER_RELOC,,9,8,3,,2.367965904106566,,,
WORKER_RELOC,,9,8,4,,1.9240895473938049,,,
WORKER_RELOC,,9,8,5,,2.3415987853444253,,,
WORKER_RELOC,,9,8,6,,2.7352750351800506,,,
WORKER_RELOC,,9,8,7,,0.751679369961497,,,
WORKER_RELOC,,9,8,8,,0.0,,,
WORKER_RELOC,,9,8,9,,1.2320261063899465,,,
WORKER_RELOC,,9,8,10,,3.3175538479038984,,,
WORKER_RELOC,,9,8,11,,1.7093178376661773,,,
WORKER_RELOC,,9,8,12,,3.0167609384060623,,,
WORKER_RELOC,,9,8,13,,2.5104092823504027,,,
WORKER_RELOC,,9,8,14,,2.6890100217297768,,,
WORKER_RELOC,,9,8,15,,1.9217621210963152,,,
WORKER_RELOC,,9,8,16,,3.511667489734343,,,
WORKER_RELOC,,9,8,17,,2.7122408266455764,,,
WORKER_RELOC,,9,9,0,,3.951362063617625,,,
WORKER_RELOC,,9,9,1,,3.4766192006644987,,,
WORKER_RELOC,,9,9,2,,2.764530360841927,,,
WORKER_RELOC,,9,9,3,,3.4661079291725447,,,
WORKER_RELOC,,9,9,4,,1.7467271990119546,,,
WORKER_RELOC,,9,9,5,,3.7355705302654036,,,
WORKER_RELOC,,9,9,6,,2.0719979192374742,,,
WORKER_RELOC,,9,9,7,,0.8125574575396316,,,
WORKER_RELOC,,9,9,8,,1.4285405636119117,,,
WORKER_RELOC,,9,9,9,,0.0,,,
WORKER_RELOC,,9,9,10,,1.8047434856797766,,,
WORKER_RELOC,,9,9,11,,3.70117320639401,,,
WORKER_RELOC,,9,9,12,,3.2345253332563972,,,
WORKER_RELOC,,9,9,13,,3.273981875395834,,,
WORKER_RELOC,,9,9,14,,3.307304116150652,,,
WORKER_RELOC,,9,9,15,,2.947856021959889,,,
WORKER_RELOC,,9,9,16,,1.785536006835065,,,
WORKER_RELOC,,9,9,17,,1.875691525539053,,,
WORKER_RELOC,,9,10,0,,2.1032008403504534,,,
WORKER_RELOC,,9,10,1,,1.7840704114415495,,,
WORKER_RELOC,,9,10,2,,2.3410248270700604,,,
WORKER_RELOC,,9,10,3,,3.2187898337237906,,,
WORKER_RELOC,,9,10,4,,3.189129709667255,,,
WORKER_RELOC,,9,10,5,,3.8358864743453003,,,
WORKER_RELOC,,9,10,6,,2.9891032932655786,,,
WORKER_RELOC,,9,10,7,,3.9812909151791684,,,
WORKER_RELOC,,9,10,8,,3.085972159534364,,,
WORKER_RELOC,,9,10,9,,3.0234229922128746,,,
WORKER_RELOC,,9,10,10,,0.0,,,
WORKER_RELOC,,9,10,11,,1.4259386749844536,,,
WORKER_RELOC,,9,10,12,,0.5210585883048141,,,
WORKER_RELOC,,9,10,13,,1.860794613515282,,,
WORKER_RELOC,,9,10,14,,2.3518004650591315,,,
WORKER_RELOC,,9,10,15,,3.2358973410880374,,,
WORKER_RELOC,,9,10,16,,1.9876245185936727,,,
WORKER_RELOC,,9,10,17,,2.2437592639283572,,,
WORKER_RELOC,,9,11,0,,2.6592594837791728,,,
WORKER_RELOC,,9,11,1,,3.8958260957107287,,,
WORKER_RELOC,,9,11,2,,3.4955031941664743,,,
WORKER_RELOC,,9,11,3,,3.9252921400479734,,,
WORKER_RELOC,,9,11,4,,3.9764974282433188,,,
WORKER_RELOC,,9,11,5,,2.8256111285660555,,,
WORKER_RELOC,,9,11,6,,2.946990140453572,,,
WORKER_RELOC,,9,11,7,,3.972538569549492,,,
WORKER_RELOC,,9,11,8,,1.9794369846203492,,,
WORKER_RELOC,,9,11,9,,3.31790998891406,,,
WORKER_RELOC,,9,11,10,,1.250159794753664,,,
WORKER_RELOC,,9,11,11,,0.0,,,
WORKER_RELOC,,9,11,12,,1.127488081546133,,,
WORKER_RELOC,,9,11,13,,2.408609737166172,,,
WORKER_RELOC,,9,11,14,,3.9149539595773413,,,
WORKER_RELOC,,9,11,15,,3.1784249584771285,,,
WORKER_RELOC,,9,11,16,,2.3463161357042246,,,
WORKER_RELOC,,9,11,17,,2.3654023060918012,,,
WORKER_RELOC,,9,12,0,,2.6586307764388515,,,
WORKER_RELOC,,9,12,1,,1.6314659373533098,,,
WORKER_RELOC,,9,12,2,,3.8300721548882612,,,
WORKER_RELOC,,9,12,3,,2.45480109631921,,,
WORKER_RELOC,,9,12,4,,2.4380289093628216,,,
WORKER_RELOC,,9,12,5,,2.6291151954647987,,,
WORKER_RELOC,,9,12,6,,2.1499001951550496,,,
WORKER_RELOC,,9,12,7,,3.8298798112473222,,,
WORKER_RELOC,,9,12,8,,3.820409266097539,,,
WORKER_RELOC,,9,12,9,,3.93820727765844,,,
WORKER_RELOC,,9,12,10,,1.4547599323891651,,,
WORKER_RELOC,,9,12,11,,1.1191783952423318,,,
WORKER_RELOC,,9,12,12,,0.0,,,
WORKER_RELOC,,9,12,13,,2.8943786365340713,,,
WORKER_RELOC,,9,12,14,,1.5951482559565995,,,
WORKER_RELOC,,9,12,15,,2.3309644377620513,,,
WORKER_RELOC,,9,12,16,,3.3077444286448583,,,
WORKER_RELOC,,9,12,17,,2.814364905178651,,,
WORKER_RELOC,,9,13,0,,2.3043007893211325,,,
WORKER_RELOC,,9,13,1,,3.596449978525263,,,
WORKER_RELOC,,9,13,2,,3.747944932151654,,,
WORKER_RELOC,,9,13,3,,3.5783692224047825,,,
WORKER_RELOC,,9,13,4,,1.9497619359801985,,,
WORKER_RELOC,,9,13,5,,3.694930773803192,,,
WORKER_RELOC,,9,13,6,,3.5444846552279765,,,
WORKER_RELOC,,9,13,7,,3.5294185470161747,,,
WORKER_RELOC,,9,13,8,,3.885240225940264,,,
WORKER_RELOC,,9,13,9,,3.17546867634012,,,
WORKER_RELOC,,9,13,10,,2.8683912554862196,,,
WORKER_RELOC,,9,13,11,,2.141445461826275,,,
WORKER_RELOC,,9,13,12,,1.707387705722133,,,
WORKER_RELOC,,9,13,13,,0.0,,,
WORKER_RELOC,,9,13,14,,0.7741382612608914,,,
WORKER_RELOC,,9,13,15,,1.969715990894293,,,
WORKER_RELOC,,9,13,16,,2.6885907554872457,,,
WORKER_RELOC,,9,13,17,,3.2298341133491704,,,
WORKER_RELOC,,9,14,0,,2.8873570421705006,,,
WORKER_RELOC,,9,14,1,,1.6283333897012653,,,
WORKER_RELOC,,9,14,2,,3.9940975900456595,,,
WORKER_RELOC,,9,14,3,,2.230333590390609,,,
WORKER_RELOC,,9,14,4,,2.74686675379805,,,
WORKER_RELOC,,9,14,5,,3.6352909760915306,,,
WORKER_RELOC,,9,14,6,,2.778527708291679,,,
WORKER_RELOC,,9,14,7,,1.9144923986595208,,,
WORKER_RELOC,,9,14,8,,3.754865883942437,,,
WORKER_RELOC,,9,14,9,,2.5354501937476885,,,
WORKER_RELOC,,9,14,10,,2.8453757157984696,,,
WORKER_RELOC,,9,14,11,,3.620431179460681,,,
WORKER_RELOC,,9,14,12,,3.939470593729801,,,
WORKER_RELOC,,9,14,13,,0.6423392754454933,,,
WORKER_RELOC,,9,14,14,,0.0,,,
WORKER_RELOC,,9,14,15,,1.6613768222838643,,,
WORKER_RELOC,,9,14,16,,2.261733918152936,,,
WORKER_RELOC,,9,14,17,,3.0307483370269193,,,
WORKER_RELOC,,9,15,0,,2.4444077150188512,,,
WORKER_RELOC,,9,15,1,,2.098657660247296,,,
WORKER_RELOC,,9,15,2,,2.380823004088973,,,
WORKER_RELOC,,9,15,3,,2.73113824407411,,,
WORKER_RELOC,,9,15,4,,2.454167966174868,,,
WORKER_RELOC,,9,15,5,,1.8141345641355255,,,
WORKER_RELOC,,9,15,6,,3.241807344989816,,,
WORKER_RELOC,,9,15,7,,3.3133375078858274,,,
WORKER_RELOC,,9,15,8,,3.3173303182860376,,,
WORKER_RELOC,,9,15,9,,3.2932388549865204,,,
WORKER_RELOC,,9,15,10,,3.445716609122516,,,
WORKER_RELOC,,9,15,11,,2.0553242754906784,,,
WORKER_RELOC,,9,15,12,,1.6919045885514943,,,
WORKER_RELOC,,9,15,13,,3.547326323453627,,,
WORKER_RELOC,,9,15,14,,2.6534497797634335,,,
WORKER_RELOC,,9,15,15,,0.0,,,
WORKER_RELOC,,9,15,16,,1.128670727468708,,,
WORKER_RELOC,,9,15,17,,0.9444071242058334,,,
WORKER_RELOC,,9,16,0,,3.5929163968974147,,,
WORKER_RELOC,,9,16,1,,1.5141025321963641,,,
WORKER_RELOC,,9,16,2,,1.5784090277041785,,,
WORKER_RELOC,,9,16,3,,3.5458205163481824,,,
WORKER_RELOC,,9,16,4,,2.9596183688895223,,,
WORKER_RELOC,,9,16,5,,3.5614747203886834,,,
WORKER_RELOC,,9,16,6,,1.8552080714702175,,,
WORKER_RELOC,,9,16,7,,2.797309376711847,,,
WORKER_RELOC,,9,16,8,,3.658038622126853,,,
WORKER_RELOC,,9,16,9,,1.9172545806961783,,,
WORKER_RELOC,,9,16,10,,3.467326137175359,,,
WORKER_RELOC,,9,16,11,,3.8020152958366644,,,
WORKER_RELOC,,9,16,12,,2.9631783691522764,,,
WORKER_RELOC,,9,16,13,,1.9939843424973431,,,
WORKER_RELOC,,9,16,14,,2.4347980478972984,,,
WORKER_RELOC,,9,16,15,,0.9445344176607313,,,
WORKER_RELOC,,9,16,16,,0.0,,,
WORKER_RELOC,,9,16,17,,1.2440731037257797,,,
WORKER_RELOC,,9,17,0,,3.215464114810438,,,
WORKER_RELOC,,9,17,1,,3.7911563757181366,,,
WORKER_RELOC,,9,17,2,,3.2972943167759885,,,
WORKER_RELOC,,9,17,3,,2.0080654450343065,,,
WORKER_RELOC,,9,17,4,,2.84261236299995,,,
WORKER_RELOC,,9,17,5,,1.718026468069986,,,
WORKER_RELOC,,9,17,6,,3.586996205958812,,,
WORKER_RELOC,,9,17,7,,2.7852035115265066,,,
WORKER_RELOC,,9,17,8,,3.0306275742995634,,,
WORKER_RELOC,,9,17,9,,2.255768590308809,,,
WORKER_RELOC,,9,17,10,,1.5382626951313922,,,
WORKER_RELOC,,9,17,11,,3.7817312374754373,,,
WORKER_RELOC,,9,17,12,,3.5316134986405334,,,
WORKER_RELOC,,9,17,13,,2.8941975176106465,,,
WORKER_RELOC,,9,17,14,,2.3955561849480462,,,
WORKER_RELOC,,9,17,15,,0.612238227691288,,,
WORKER_RELOC,,9,17,16,,1.1233970415746988,,,
WORKER_RELOC,,9,17,17,,0.0,,,
WORKER_RELOC,,10,0,0,,0.0,,,
WORKER_RELOC,,10,0,1,,1.371107615219044,,,
WORKER_RELOC,,10,0,2,,2.158746124649827,,,
WORKER_RELOC,,10,0,3,,3.8804062259931875,,,
WORKER_RELOC,,10,0,4,,2.22251985709698,,,
WORKER_RELOC,,10,0,5,,2.2219370464257002,,,
WORKER_RELOC,,10,0,6,,1.5228108361900898,,,
WORKER_RELOC,,10,0,7,,3.4065364596270573,,,
WORKER_RELOC,,10,0,8,,3.107313039929839,,,
WORKER_RELOC,,10,0,9,,3.1111517368407506,,,
WORKER_RELOC,,10,0,10,,3.229098654075422,,,
WORKER_RELOC,,10,0,11,,3.874679643662742,,,
WORKER_RELOC,,10,0,12,,2.897165176026686,,,
WORKER_RELOC,,10,0,13,,2.0690565532346143,,,
WORKER_RELOC,,10,0,14,,2.146074437925776,,,
WORKER_RELOC,,10,0,15,,3.2091931766764326,,,
WORKER_RELOC,,10,0,16,,2.7708816962332112,,,
WORKER_RELOC,,10,0,17,,3.1022348400613113,,,
WORKER_RELOC,,10,1,0,,1.495982832619176,,,
WORKER_RELOC,,10,1,1,,0.0,,,
WORKER_RELOC,,10,1,2,,2.28164027779224,,,
WORKER_RELOC,,10,1,3,,1.7767470144305206,,,
WORKER_RELOC,,10,1,4,,3.668015270024694,,,
WORKER_RELOC,,10,1,5,,1.669925206219206,,,
WORKER_RELOC,,10,1,6,,1.5868038101012705,,,
WORKER_RELOC,,10,1,7,,1.6169587915241532,,,
WORKER_RELOC,,10,1,8,,3.3540494628994857,,,
WORKER_RELOC,,10,1,9,,2.8209938039131863,,,
WORKER_RELOC,,10,1,10,,3.5049409900498167,,,
WORKER_RELOC,,10,1,11,,2.5446668282049334,,,
WORKER_RELOC,,10,1,12,,3.5990320330266496,,,
WORKER_RELOC,,10,1,13,,3.98779716732544,,,
WORKER_RELOC,,10,1,14,,3.508767347856339,,,
WORKER_RELOC,,10,1,15,,3.6080711060708692,,,
WORKER_RELOC,,10,1,16,,2.156400818954106,,,
WORKER_RELOC,,10,1,17,,3.4456918883912273,,,
WORKER_RELOC,,10,2,0,,3.3989110853642788,,,
WORKER_RELOC,,10,2,1,,2.01127812356909,,,
WORKER_RELOC,,10,2,2,,0.0,,,
WORKER_RELOC,,10,2,3,,2.556137982731882,,,
WORKER_RELOC,,10,2,4,,3.4338335390319843,,,
WORKER_RELOC,,10,2,5,,2.7918939404209366,,,
WORKER_RELOC,,10,2,6,,1.7962053804610525,,,
WORKER_RELOC,,10,2,7,,3.712421158905645,,,
WORKER_RELOC,,10,2,8,,3.585353193577762,,,
WORKER_RELOC,,10,2,9,,2.624481271592004,,,
WORKER_RELOC,,10,2,10,,1.6984976123617286,,,
WORKER_RELOC,,10,2,11,,1.5175534354680535,,,
WORKER_RELOC,,10,2,12,,1.8916562288568133,,,
WORKER_RELOC,,10,2,13,,2.9097103835362486,,,
WORKER_RELOC,,10,2,14,,2.0458462064826097,,,
WORKER_RELOC,,10,2,15,,2.803516400678341,,,
WORKER_RELOC,,10,2,16,,3.7570745848627665,,,
WORKER_RELOC,,10,2,17,,2.890788866503345,,,
WORKER_RELOC,,10,3,0,,1.5751516353567319,,,
WORKER_RELOC,,10,3,1,,3.3854700945752247,,,
WORKER_RELOC,,10,3,2,,3.1288181292467785,,,
WORKER_RELOC,,10,3,3,,0.0,,,
WORKER_RELOC,,10,3,4,,1.487835496964757,,,
WORKER_RELOC,,10,3,5,,0.6191312920450482,,,
WORKER_RELOC,,10,3,6,,3.1089534252532847,,,
WORKER_RELOC,,10,3,7,,1.798608367833864,,,
WORKER_RELOC,,10,3,8,,1.5029547346693293,,,
WORKER_RELOC,,10,3,9,,3.5652450116531686,,,
WORKER_RELOC,,10,3,10,,3.720974131609557,,,
WORKER_RELOC,,10,3,11,,1.767836363198687,,,
WORKER_RELOC,,10,3,12,,2.2303825348412865,,,
WORKER_RELOC,,10,3,13,,2.759810675986683,,,
WORKER_RELOC,,10,3,14,,3.083439793372309,,,
WORKER_RELOC,,10,3,15,,2.399185401368597,,,
WORKER_RELOC,,10,3,16,,2.720424764922093,,,
WORKER_RELOC,,10,3,17,,2.3886863365573214,,,
WORKER_RELOC,,10,4,0,,2.0947875294669283,,,
WORKER_RELOC,,10,4,1,,2.90739109017714,,,
WORKER_RELOC,,10,4,2,,2.1593532631615777,,,
WORKER_RELOC,,10,4,3,,0.7263210030836416,,,
WORKER_RELOC,,10,4,4,,0.0,,,
WORKER_RELOC,,10,4,5,,1.3852707469426235,,,
WORKER_RELOC,,10,4,6,,2.4183390592105507,,,
WORKER_RELOC,,10,4,7,,3.156749560925979,,,
WORKER_RELOC,,10,4,8,,3.267570242996732,,,
WORKER_RELOC,,10,4,9,,3.781200413109758,,,
WORKER_RELOC,,10,4,10,,2.2700020937963843,,,
WORKER_RELOC,,10,4,11,,2.1409618889672295,,,
WORKER_RELOC,,10,4,12,,2.4193797167564126,,,
WORKER_RELOC,,10,4,13,,3.065238743229367,,,
WORKER_RELOC,,10,4,14,,3.131822884912338,,,
WORKER_RELOC,,10,4,15,,3.0980592631645445,,,
WORKER_RELOC,,10,4,16,,3.6988723170462006,,,
WORKER_RELOC,,10,4,17,,3.8947168539513424,,,
WORKER_RELOC,,10,5,0,,1.8539740081617277,,,
WORKER_RELOC,,10,5,1,,3.2501610782156085,,,
WORKER_RELOC,,10,5,2,,1.6590767167399776,,,
WORKER_RELOC,,10,5,3,,0.6954523934035102,,,
WORKER_RELOC,,10,5,4,,1.307472868099353,,,
WORKER_RELOC,,10,5,5,,0.0,,,
WORKER_RELOC,,10,5,6,,3.465212160789184,,,
WORKER_RELOC,,10,5,7,,3.383429506508504,,,
WORKER_RELOC,,10,5,8,,1.8584612761185868,,,
WORKER_RELOC,,10,5,9,,2.961914455971858,,,
WORKER_RELOC,,10,5,10,,3.8503622182294657,,,
WORKER_RELOC,,10,5,11,,3.7511332327174243,,,
WORKER_RELOC,,10,5,12,,2.514355157255041,,,
WORKER_RELOC,,10,5,13,,3.8327924288454307,,,
WORKER_RELOC,,10,5,14,,2.983766757936971,,,
WORKER_RELOC,,10,5,15,,1.9171852341233353,,,
WORKER_RELOC,,10,5,16,,2.9465010744937743,,,
WORKER_RELOC,,10,5,17,,2.3100148053948777,,,
WORKER_RELOC,,10,6,0,,2.918261704836607,,,
WORKER_RELOC,,10,6,1,,2.3986657331551338,,,
WORKER_RELOC,,10,6,2,,2.692049578825773,,,
WORKER_RELOC,,10,6,3,,1.593925832115269,,,
WORKER_RELOC,,10,6,4,,2.492944274834614,,,
WORKER_RELOC,,10,6,5,,1.9561181644774661,,,
WORKER_RELOC,,10,6,6,,0.0,,,
WORKER_RELOC,,10,6,7,,1.9792669067859756,,,
WORKER_RELOC,,10,6,8,,1.9517907420068452,,,
WORKER_RELOC,,10,6,9,,2.1181563462104753,,,
WORKER_RELOC,,10,6,10,,1.941233584750306,,,
WORKER_RELOC,,10,6,11,,2.9910234746928124,,,
WORKER_RELOC,,10,6,12,,3.393925201319339,,,
WORKER_RELOC,,10,6,13,,3.3193038390246947,,,
WORKER_RELOC,,10,6,14,,2.8806787966937906,,,
WORKER_RELOC,,10,6,15,,1.742579712238027,,,
WORKER_RELOC,,10,6,16,,2.879480442005335,,,
WORKER_RELOC,,10,6,17,,3.4863082513761046,,,
WORKER_RELOC,,10,7,0,,2.905252592272393,,,
WORKER_RELOC,,10,7,1,,2.1481300823556286,,,
WORKER_RELOC,,10,7,2,,3.8193664510543894,,,
WORKER_RELOC,,10,7,3,,3.510443600448986,,,
WORKER_RELOC,,10,7,4,,2.7578557752043205,,,
WORKER_RELOC,,10,7,5,,3.06564691608472,,,
WORKER_RELOC,,10,7,6,,1.6544466464122194,,,
WORKER_RELOC,,10,7,7,,0.0,,,
WORKER_RELOC,,10,7,8,,0.5949024484416187,,,
WORKER_RELOC,,10,7,9,,0.5679708019156047,,,
WORKER_RELOC,,10,7,10,,3.2056083473267423,,,
WORKER_RELOC,,10,7,11,,1.7484985019739283,,,
WORKER_RELOC,,10,7,12,,3.699640896379795,,,
WORKER_RELOC,,10,7,13,,1.8381157744062362,,,
WORKER_RELOC,,10,7,14,,3.87909166545461,,,
WORKER_RELOC,,10,7,15,,3.457180389431578,,,
WORKER_RELOC,,10,7,16,,3.851154384793179,,,
WORKER_RELOC,,10,7,17,,3.67302790691786,,,
WORKER_RELOC,,10,8,0,,3.1103632717619156,,,
WORKER_RELOC,,10,8,1,,2.305560995964486,,,
WORKER_RELOC,,10,8,2,,3.8037986819149276,,,
WORKER_RELOC,,10,8,3,,3.3728175232039295,,,
WORKER_RELOC,,10,8,4,,2.9569548761195135,,,
WORKER_RELOC,,10,8,5,,1.8589746043112392,,,
WORKER_RELOC,,10,8,6,,3.4377625309677025,,,
WORKER_RELOC,,10,8,7,,0.8567597597874556,,,
WORKER_RELOC,,10,8,8,,0.0,,,
WORKER_RELOC,,10,8,9,,0.8080660645819228,,,
WORKER_RELOC,,10,8,10,,2.6882976827075034,,,
WORKER_RELOC,,10,8,11,,3.8832194140665344,,,
WORKER_RELOC,,10,8,12,,3.215634788705853,,,
WORKER_RELOC,,10,8,13,,2.4160073409137497,,,
WORKER_RELOC,,10,8,14,,3.4718284369293526,,,
WORKER_RELOC,,10,8,15,,2.1326269561492532,,,
WORKER_RELOC,,10,8,16,,1.8323862090997978,,,
WORKER_RELOC,,10,8,17,,1.994988374845461,,,
WORKER_RELOC,,10,9,0,,1.7147282828819017,,,
WORKER_RELOC,,10,9,1,,1.7776838069887368,,,
WORKER_RELOC,,10,9,2,,1.8462755221125908,,,
WORKER_RELOC,,10,9,3,,2.9760213950366134,,,
WORKER_RELOC,,10,9,4,,3.1057637628670034,,,
WORKER_RELOC,,10,9,5,,1.704230711620741,,,
WORKER_RELOC,,10,9,6,,2.3855843254269113,,,
WORKER_RELOC,,10,9,7,,0.5969368008588853,,,
WORKER_RELOC,,10,9,8,,1.273569681639486,,,
WORKER_RELOC,,10,9,9,,0.0,,,
WORKER_RELOC,,10,9,10,,1.6068433889235911,,,
WORKER_RELOC,,10,9,11,,2.2264053878856283,,,
WORKER_RELOC,,10,9,12,,3.4790593677836052,,,
WORKER_RELOC,,10,9,13,,3.792517525718451,,,
WORKER_RELOC,,10,9,14,,3.4552816253529715,,,
WORKER_RELOC,,10,9,15,,1.525267128234766,,,
WORKER_RELOC,,10,9,16,,1.947297698355964,,,
WORKER_RELOC,,10,9,17,,2.457965310598027,,,
WORKER_RELOC,,10,10,0,,3.2397810080543152,,,
WORKER_RELOC,,10,10,1,,2.3800299175935957,,,
WORKER_RELOC,,10,10,2,,3.9871345536424445,,,
WORKER_RELOC,,10,10,3,,2.235777015180135,,,
WORKER_RELOC,,10,10,4,,3.454547512396229,,,
WORKER_RELOC,,10,10,5,,2.1332803781220995,,,
WORKER_RELOC,,10,10,6,,2.6113168784883096,,,
WORKER_RELOC,,10,10,7,,3.5256147605954506,,,
WORKER_RELOC,,10,10,8,,2.7039308988104818,,,
WORKER_RELOC,,10,10,9,,2.8717633162731975,,,
WORKER_RELOC,,10,10,10,,0.0,,,
WORKER_RELOC,,10,10,11,,0.9596712118425849,,,
WORKER_RELOC,,10,10,12,,0.7217495493572478,,,
WORKER_RELOC,,10,10,13,,1.53144881043438,,,
WORKER_RELOC,,10,10,14,,2.6141046127508436,,,
WORKER_RELOC,,10,10,15,,3.3149943281451746,,,
WORKER_RELOC,,10,10,16,,1.874724168520496,,,
WORKER_RELOC,,10,10,17,,2.682339211749721,,,
WORKER_RELOC,,10,11,0,,3.4060573662300575,,,
WORKER_RELOC,,10,11,1,,2.083856019620086,,,
WORKER_RELOC,,10,11,2,,2.3032561524221316,,,
WORKER_RELOC,,10,11,3,,2.070016612588942,,,
WORKER_RELOC,,10,11,4,,2.2713855109603305,,,
WORKER_RELOC,,10,11,5,,3.2660333657176857,,,
WORKER_RELOC,,10,11,6,,2.3691684455622717,,,
WORKER_RELOC,,10,11,7,,3.156775814099801,,,
WORKER_RELOC,,10,11,8,,3.635748463933746,,,
WORKER_RELOC,,10,11,9,,2.102545406376118,,,
WORKER_RELOC,,10,11,10,,1.1519229826916324,,,
WORKER_RELOC,,10,11,11,,0.0,,,
WORKER_RELOC,,10,11,12,,1.2506731063202585,,,
WORKER_RELOC,,10,11,13,,2.5311257543195214,,,
WORKER_RELOC,,10,11,14,,3.1232490784817686,,,
WORKER_RELOC,,10,11,15,,1.5582038448188495,,,
WORKER_RELOC,,10,11,16,,1.7652653947879133,,,
WORKER_RELOC,,10,11,17,,1.5637537752085726,,,
WORKER_RELOC,,10,12,0,,3.2259629140725505,,,
WORKER_RELOC,,10,12,1,,3.499229562415175,,,
WORKER_RELOC,,10,12,2,,3.487032252896525,,,
WORKER_RELOC,,10,12,3,,2.3610661137172952,,,
WORKER_RELOC,,10,12,4,,2.5735219612761027,,,
WORKER_RELOC,,10,12,5,,2.214270954290181,,,
WORKER_RELOC,,10,12,6,,2.669917441301025,,,
WORKER_RELOC,,10,12,7,,3.62457425860903,,,
WORKER_RELOC,,10,12,8,,3.2594978797370215,,,
WORKER_RELOC,,10,12,9,,3.626295557895632,,,
WORKER_RELOC,,10,12,10,,0.7137697804731504,,,
WORKER_RELOC,,10,12,11,,0.6156362537285943,,,
WORKER_RELOC,,10,12,12,,0.0,,,
WORKER_RELOC,,10,12,13,,1.8000248886267824,,,
WORKER_RELOC,,10,12,14,,2.6881013224172996,,,
WORKER_RELOC,,10,12,15,,1.8635108867658046,,,
WORKER_RELOC,,10,12,16,,3.2483384061728744,,,
WORKER_RELOC,,10,12,17,,3.0471760776016223,,,
WORKER_RELOC,,10,13,0,,2.4718163658108754,,,
WORKER_RELOC,,10,13,1,,1.8499305929564966,,,
WORKER_RELOC,,10,13,2,,2.0982362640893117,,,
WORKER_RELOC,,10,13,3,,3.9170210744986913,,,
WORKER_RELOC,,10,13,4,,1.7215270128490934,,,
WORKER_RELOC,,10,13,5,,3.6600611381894104,,,
WORKER_RELOC,,10,13,6,,3.4099519298084453,,,
WORKER_RELOC,,10,13,7,,1.8745335453257974,,,
WORKER_RELOC,,10,13,8,,2.451001898916428,,,
WORKER_RELOC,,10,13,9,,1.9382978844949776,,,
WORKER_RELOC,,10,13,10,,3.1366523635871,,,
WORKER_RELOC,,10,13,11,,2.0117611848149193,,,
WORKER_RELOC,,10,13,12,,2.2714463952955084,,,
WORKER_RELOC,,10,13,13,,0.0,,,
WORKER_RELOC,,10,13,14,,0.5281329293106589,,,
WORKER_RELOC,,10,13,15,,2.9450104651256614,,,
WORKER_RELOC,,10,13,16,,1.8484007600797292,,,
WORKER_RELOC,,10,13,17,,3.08504890979601,,,
WORKER_RELOC,,10,14,0,,3.1366475892116457,,,
WORKER_RELOC,,10,14,1,,3.384419508505874,,,
WORKER_RELOC,,10,14,2,,2.2060647698562885,,,
WORKER_RELOC,,10,14,3,,3.980247681308731,,,
WORKER_RELOC,,10,14,4,,3.4363096900003782,,,
WORKER_RELOC,,10,14,5,,3.415890094254836,,,
WORKER_RELOC,,10,14,6,,3.1649845003582633,,,
WORKER_RELOC,,10,14,7,,3.245252641885756,,,
WORKER_RELOC,,10,14,8,,2.5381999096000376,,,
WORKER_RELOC,,10,14,9,,1.937101119106797,,,
WORKER_RELOC,,10,14,10,,3.235281586219705,,,
WORKER_RELOC,,10,14,11,,1.7588508695987992,,,
WORKER_RELOC,,10,14,12,,3.0195111823964957,,,
WORKER_RELOC,,10,14,13,,0.9706854907205428,,,
WORKER_RELOC,,10,14,14,,0.0,,,
WORKER_RELOC,,10,14,15,,2.4509654137809944,,,
WORKER_RELOC,,10,14,16,,3.486002730874669,,,
WORKER_RELOC,,10,14,17,,2.2791949815868433,,,
WORKER_RELOC,,10,15,0,,2.44652458101091,,,
WORKER_RELOC,,10,15,1,,2.194802010629375,,,
WORKER_RELOC,,10,15,2,,3.6621712268788613,,,
WORKER_RELOC,,10,15,3,,1.8228055227983895,,,
WORKER_RELOC,,10,15,4,,3.946271722731517,,,
WORKER_RELOC,,10,15,5,,3.8766205700836847,,,
WORKER_RELOC,,10,15,6,,2.1202185810704983,,,
WORKER_RELOC,,10,15,7,,3.3576424145180095,,,
WORKER_RELOC,,10,15,8,,3.1265973585626954,,,
WORKER_RELOC,,10,15,9,,3.449787342592133,,,
WORKER_RELOC,,10,15,10,,3.0510633030591956,,,
WORKER_RELOC,,10,15,11,,2.659827086617732,,,
WORKER_RELOC,,10,15,12,,2.973422201156608,,,
WORKER_RELOC,,10,15,13,,3.0163443093623687,,,
WORKER_RELOC,,10,15,14,,3.9131820095914986,,,
WORKER_RELOC,,10,15,15,,0.0,,,
WORKER_RELOC,,10,15,16,,0.6325968536059597,,,
WORKER_RELOC,,10,15,17,,1.4461862965656882,,,
WORKER_RELOC,,10,16,0,,2.1025524178831665,,,
WORKER_RELOC,,10,16,1,,3.928852532470623,,,
WORKER_RELOC,,10,16,2,,1.8081410993582478,,,
WORKER_RELOC,,10,16,3,,3.4684223700854333,,,
WORKER_RELOC,,10,16,4,,3.0938773361238847,,,
WORKER_RELOC,,10,16,5,,3.7971198111555284,,,
WORKER_RELOC,,10,16,6,,1.590415698726611,,,
WORKER_RELOC,,10,16,7,,2.6883513849245513,,,
WORKER_RELOC,,10,16,8,,2.17045234690216,,,
WORKER_RELOC,,10,16,9,,3.1089451956638827,,,
WORKER_RELOC,,10,16,10,,1.6421631278704778,,,
WORKER_RELOC,,10,16,11,,1.6487692139561145,,,
WORKER_RELOC,,10,16,12,,3.455059938678704,,,
WORKER_RELOC,,10,16,13,,3.90755485263889,,,
WORKER_RELOC,,10,16,14,,3.341929949168508,,,
WORKER_RELOC,,10,16,15,,0.8944774787958901,,,
WORKER_RELOC,,10,16,16,,0.0,,,
WORKER_RELOC,,10,16,17,,1.3654536382558056,,,
WORKER_RELOC,,10,17,0,,2.2342627041543324,,,
WORKER_RELOC,,10,17,1,,3.993441829498118,,,
WORKER_RELOC,,10,17,2,,3.193536489349105,,,
WORKER_RELOC,,10,17,3,,1.9850536517465742,,,
WORKER_RELOC,,10,17,4,,3.5586102947324507,,,
WORKER_RELOC,,10,17,5,,1.8369365822586898,,,
WORKER_RELOC,,10,17,6,,2.223213697513817,,,
WORKER_RELOC,,10,17,7,,3.4272377231354367,,,
WORKER_RELOC,,10,17,8,,2.48191985300185,,,
WORKER_RELOC,,10,17,9,,3.240143233674523,,,
WORKER_RELOC,,10,17,10,,2.7413175560834713,,,
WORKER_RELOC,,10,17,11,,3.4974383070075534,,,
WORKER_RELOC,,10,17,12,,2.3553386596457404,,,
WORKER_RELOC,,10,17,13,,3.7376784401016763,,,
WORKER_RELOC,,10,17,14,,1.511790277423123,,,
WORKER_RELOC,,10,17,15,,1.08138056269418,,,
WORKER_RELOC,,10,17,16,,1.2756326900275434,,,
WORKER_RELOC,,10,17,17,,0.0,,,
WORKER_RELOC,,11,0,0,,0.0,,,
WORKER_RELOC,,11,0,1,,1.1126679489980729,,,
WORKER_RELOC,,11,0,2,,2.5844113604369046,,,
WORKER_RELOC,,11,0,3,,3.7567722476761456,,,
WORKER_RELOC,,11,0,4,,1.779981834314463,,,
WORKER_RELOC,,11,0,5,,3.1382093980233567,,,
WORKER_RELOC,,11,0,6,,2.9547850300938454,,,
WORKER_RELOC,,11,0,7,,3.1718077283334147,,,
WORKER_RELOC,,11,0,8,,3.9558295965369252,,,
WORKER_RELOC,,11,0,9,,1.5898300611300715,,,
WORKER_RELOC,,11,0,10,,2.3468969025357347,,,
WORKER_RELOC,,11,0,11,,2.552338935899825,,,
WORKER_RELOC,,11,0,12,,3.449950582999794,,,
WORKER_RELOC,,11,0,13,,2.839965901769002,,,
WORKER_RELOC,,11,0,14,,1.7062556227394585,,,
WORKER_RELOC,,11,0,15,,1.8554319038270597,,,
WORKER_RELOC,,11,0,16,,3.708863275158492,,,
WORKER_RELOC,,11,0,17,,2.8041440816556493,,,
WORKER_RELOC,,11,1,0,,1.3126700359830967,,,
WORKER_RELOC,,11,1,1,,0.0,,,
WORKER_RELOC,,11,1,2,,1.9668392333933418,,,
WORKER_RELOC,,11,1,3,,3.7298333605208835,,,
WORKER_RELOC,,11,1,4,,2.5872876604524246,,,
WORKER_RELOC,,11,1,5,,1.6063434917295498,,,
WORKER_RELOC,,11,1,6,,3.9163076636831873,,,
WORKER_RELOC,,11,1,7,,3.142776375167654,,,
WORKER_RELOC,,11,1,8,,3.570175229085949,,,
WORKER_RELOC,,11,1,9,,3.495322367320272,,,
WORKER_RELOC,,11,1,10,,2.088075025869269,,,
WORKER_RELOC,,11,1,11,,2.0729165028949192,,,
WORKER_RELOC,,11,1,12,,3.0237284846530175,,,
WORKER_RELOC,,11,1,13,,2.8500691338507393,,,
WORKER_RELOC,,11,1,14,,3.6155443384250514,,,
WORKER_RELOC,,11,1,15,,1.9945130405124312,,,
WORKER_RELOC,,11,1,16,,2.267355560708496,,,
WORKER_RELOC,,11,1,17,,3.399893165542596,,,
WORKER_RELOC,,11,2,0,,1.6994078124849494,,,
WORKER_RELOC,,11,2,1,,3.389935142252039,,,
WORKER_RELOC,,11,2,2,,0.0,,,
WORKER_RELOC,,11,2,3,,1.7891423002222244,,,
WORKER_RELOC,,11,2,4,,1.5203259673118883,,,
WORKER_RELOC,,11,2,5,,3.732270529451026,,,
WORKER_RELOC,,11,2,6,,1.8912730458841907,,,
WORKER_RELOC,,11,2,7,,2.1841930127670444,,,
WORKER_RELOC,,11,2,8,,1.5089516829721559,,,
WORKER_RELOC,,11,2,9,,3.3527858823286403,,,
WORKER_RELOC,,11,2,10,,1.603054077883458,,,
WORKER_RELOC,,11,2,11,,3.9509957201754355,,,
WORKER_RELOC,,11,2,12,,3.277967723053543,,,
WORKER_RELOC,,11,2,13,,2.0674421671117718,,,
WORKER_RELOC,,11,2,14,,3.3470775925815497,,,
WORKER_RELOC,,11,2,15,,1.8869076537350524,,,
WORKER_RELOC,,11,2,16,,2.2300481422824587,,,
WORKER_RELOC,,11,2,17,,2.136023437983395,,,
WORKER_RELOC,,11,3,0,,2.1405849641674592,,,
WORKER_RELOC,,11,3,1,,3.574527047402972,,,
WORKER_RELOC,,11,3,2,,2.9070931998556744,,,
WORKER_RELOC,,11,3,3,,0.0,,,
WORKER_RELOC,,11,3,4,,1.0459100307655693,,,
WORKER_RELOC,,11,3,5,,0.9151958453785737,,,
WORKER_RELOC,,11,3,6,,1.7995704414142575,,,
WORKER_RELOC,,11,3,7,,1.6793483011118497,,,
WORKER_RELOC,,11,3,8,,3.177133677716889,,,
WORKER_RELOC,,11,3,9,,2.792744633425012,,,
WORKER_RELOC,,11,3,10,,1.9243245071233597,,,
WORKER_RELOC,,11,3,11,,2.6659941866375356,,,
WORKER_RELOC,,11,3,12,,3.837638491888927,,,
WORKER_RELOC,,11,3,13,,2.2272292815006454,,,
WORKER_RELOC,,11,3,14,,1.5753122502636367,,,
WORKER_RELOC,,11,3,15,,1.7177351992878485,,,
WORKER_RELOC,,11,3,16,,3.9652359150879826,,,
WORKER_RELOC,,11,3,17,,1.5509381070428665,,,
WORKER_RELOC,,11,4,0,,3.923271799601621,,,
WORKER_RELOC,,11,4,1,,2.0287120211151968,,,
WORKER_RELOC,,11,4,2,,2.574004014991017,,,
WORKER_RELOC,,11,4,3,,1.0816314360597685,,,
WORKER_RELOC,,11,4,4,,0.0,,,
WORKER_RELOC,,11,4,5,,1.3159865564656479,,,
WORKER_RELOC,,11,4,6,,2.3227583802389278,,,
WORKER_RELOC,,11,4,7,,2.0934062333398367,,,
WORKER_RELOC,,11,4,8,,1.563221214594362,,,
WORKER_RELOC,,11,4,9,,3.1058321077988476,,,
WORKER_RELOC,,11,4,10,,2.052976744781135,,,
WORKER_RELOC,,11,4,11,,2.6910967986234184,,,
WORKER_RELOC,,11,4,12,,2.228139260887348,,,
WORKER_RELOC,,11,4,13,,1.5016776461864132,,,
WORKER_RELOC,,11,4,14,,3.529602775100124,,,
WORKER_RELOC,,11,4,15,,1.5998805818031867,,,
WORKER_RELOC,,11,4,16,,1.9112213329576266,,,
WORKER_RELOC,,11,4,17,,3.9452204100722845,,,
WORKER_RELOC,,11,5,0,,2.075968496908268,,,
WORKER_RELOC,,11,5,1,,2.870227071685333,,,
WORKER_RELOC,,11,5,2,,2.794411978131409,,,
WORKER_RELOC,,11,5,3,,1.4198100845848602,,,
WORKER_RELOC,,11,5,4,,1.1790318790320582,,,
WORKER_RELOC,,11,5,5,,0.0,,,
WORKER_RELOC,,11,5,6,,3.206577065040702,,,
WORKER_RELOC,,11,5,7,,3.0334938757581966,,,
WORKER_RELOC,,11,5,8,,3.481871116093504,,,
WORKER_RELOC,,11,5,9,,3.8034205194651665,,,
WORKER_RELOC,,11,5,10,,2.6564441108757295,,,
WORKER_RELOC,,11,5,11,,2.240787504861808,,,
WORKER_RELOC,,11,5,12,,2.8584274150054356,,,
WORKER_RELOC,,11,5,13,,2.6175069401198106,,,
WORKER_RELOC,,11,5,14,,1.8757362439329577,,,
WORKER_RELOC,,11,5,15,,2.6869546356469596,,,
WORKER_RELOC,,11,5,16,,3.1906639234040757,,,
WORKER_RELOC,,11,5,17,,3.7793181493307766,,,
WORKER_RELOC,,11,6,0,,3.9289960646425217,,,
WORKER_RELOC,,11,6,1,,1.9474828077624482,,,
WORKER_RELOC,,11,6,2,,3.277547691489832,,,
WORKER_RELOC,,11,6,3,,3.554308879875055,,,
WORKER_RELOC,,11,6,4,,3.915885110113586,,,
WORKER_RELOC,,11,6,5,,3.8062573169849503,,,
WORKER_RELOC,,11,6,6,,0.0,,,
WORKER_RELOC,,11,6,7,,1.6357219308480793,,,
WORKER_RELOC,,11,6,8,,3.451114542006046,,,
WORKER_RELOC,,11,6,9,,3.671169105153334,,,
WORKER_RELOC,,11,6,10,,2.9149507311971323,,,
WORKER_RELOC,,11,6,11,,3.9650832623311874,,,
WORKER_RELOC,,11,6,12,,2.96747167808533,,,
WORKER_RELOC,,11,6,13,,3.829640032599802,,,
WORKER_RELOC,,11,6,14,,2.651978996433641,,,
WORKER_RELOC,,11,6,15,,1.5245861817001143,,,
WORKER_RELOC,,11,6,16,,1.586468920027846,,,
WORKER_RELOC,,11,6,17,,3.048189736330839,,,
WORKER_RELOC,,11,7,0,,2.0954880155803557,,,
WORKER_RELOC,,11,7,1,,2.8750250903869925,,,
WORKER_RELOC,,11,7,2,,2.5020578698817477,,,
WORKER_RELOC,,11,7,3,,2.231578182603632,,,
WORKER_RELOC,,11,7,4,,3.2789974260947248,,,
WORKER_RELOC,,11,7,5,,2.2126423173405616,,,
WORKER_RELOC,,11,7,6,,2.526998206643295,,,
WORKER_RELOC,,11,7,7,,0.0,,,
WORKER_RELOC,,11,7,8,,1.1923991556501314,,,
WORKER_RELOC,,11,7,9,,0.5998665573150521,,,
WORKER_RELOC,,11,7,10,,3.855876345089757,,,
WORKER_RELOC,,11,7,11,,2.1424137886841312,,,
WORKER_RELOC,,11,7,12,,1.968294685812651,,,
WORKER_RELOC,,11,7,13,,2.5136782657520707,,,
WORKER_RELOC,,11,7,14,,2.4511480980692104,,,
WORKER_RELOC,,11,7,15,,1.9009889662010142,,,
WORKER_RELOC,,11,7,16,,2.9646625594030755,,,
WORKER_RELOC,,11,7,17,,3.2791798365876614,,,
WORKER_RELOC,,11,8,0,,2.0725101771294048,,,
WORKER_RELOC,,11,8,1,,3.0615558514784826,,,
WORKER_RELOC,,11,8,2,,3.51446885558207,,,
WORKER_RELOC,,11,8,3,,3.9038136881357306,,,
WORKER_RELOC,,11,8,4,,2.235967400455064,,,
WORKER_RELOC,,11,8,5,,2.746605447145828,,,
WORKER_RELOC,,11,8,6,,3.062381513911192,,,
WORKER_RELOC,,11,8,7,,1.2562406594470092,,,
WORKER_RELOC,,11,8,8,,0.0,,,
WORKER_RELOC,,11,8,9,,0.9583234687027307,,,
WORKER_RELOC,,11,8,10,,2.9780617131233225,,,
WORKER_RELOC,,11,8,11,,3.5473260385393774,,,
WORKER_RELOC,,11,8,12,,3.2749523490038115,,,
WORKER_RELOC,,11,8,13,,3.2075700198817856,,,
WORKER_RELOC,,11,8,14,,3.655429752937659,,,
WORKER_RELOC,,11,8,15,,1.924883184749059,,,
WORKER_RELOC,,11,8,16,,3.598038101914274,,,
WORKER_RELOC,,11,8,17,,3.144105422838332,,,
WORKER_RELOC,,11,9,0,,2.7513886221296957,,,
WORKER_RELOC,,11,9,1,,2.530022446826327,,,
WORKER_RELOC,,11,9,2,,3.9419097926133975,,,
WORKER_RELOC,,11,9,3,,1.7485948019857784,,,
WORKER_RELOC,,11,9,4,,3.3595735719412847,,,
WORKER_RELOC,,11,9,5,,1.5722907013367537,,,
WORKER_RELOC,,11,9,6,,1.8848105450144597,,,
WORKER_RELOC,,11,9,7,,0.7248362679615585,,,
WORKER_RELOC,,11,9,8,,0.6702522798945443,,,
WORKER_RELOC,,11,9,9,,0.0,,,
WORKER_RELOC,,11,9,10,,2.4264651274654505,,,
WORKER_RELOC,,11,9,11,,3.5580715174289437,,,
WORKER_RELOC,,11,9,12,,3.230632301161928,,,
WORKER_RELOC,,11,9,13,,3.8432125240116655,,,
WORKER_RELOC,,11,9,14,,2.526433873347747,,,
WORKER_RELOC,,11,9,15,,2.0710895033640773,,,
WORKER_RELOC,,11,9,16,,3.92225382404323,,,
WORKER_RELOC,,11,9,17,,1.7887959715638135,,,
WORKER_RELOC,,11,10,0,,1.7761169795018472,,,
WORKER_RELOC,,11,10,1,,3.9081763079080387,,,
WORKER_RELOC,,11,10,2,,3.3353011871925355,,,
WORKER_RELOC,,11,10,3,,1.665091057819953,,,
WORKER_RELOC,,11,10,4,,1.7364423664179838,,,
WORKER_RELOC,,11,10,5,,2.384442765642481,,,
WORKER_RELOC,,11,10,6,,2.5465313310748856,,,
WORKER_RELOC,,11,10,7,,2.358135355127607,,,
WORKER_RELOC,,11,10,8,,3.8561721087537086,,,
WORKER_RELOC,,11,10,9,,3.4289794933897553,,,
WORKER_RELOC,,11,10,10,,0.0,,,
WORKER_RELOC,,11,10,11,,0.8859245374674781,,,
WORKER_RELOC,,11,10,12,,0.6185782866771228,,,
WORKER_RELOC,,11,10,13,,1.847229845248183,,,
WORKER_RELOC,,11,10,14,,1.9079386056509446,,,
WORKER_RELOC,,11,10,15,,1.8084627660717996,,,
WORKER_RELOC,,11,10,16,,2.227318200754174,,,
WORKER_RELOC,,11,10,17,,3.9877009371094267,,,
WORKER_RELOC,,11,11,0,,3.997594049941747,,,
WORKER_RELOC,,11,11,1,,1.8145905786777656,,,
WORKER_RELOC,,11,11,2,,2.59643994271757,,,
WORKER_RELOC,,11,11,3,,3.8036061213602417,,,
WORKER_RELOC,,11,11,4,,3.4456629117743462,,,
WORKER_RELOC,,11,11,5,,2.1270182187990248,,,
WORKER_RELOC,,11,11,6,,2.3323005805822175,,,
WORKER_RELOC,,11,11,7,,2.497967314962107,,,
WORKER_RELOC,,11,11,8,,1.8209483315959272,,,
WORKER_RELOC,,11,11,9,,1.69769633660231,,,
WORKER_RELOC,,11,11,10,,1.1270711865861043,,,
WORKER_RELOC,,11,11,11,,0.0,,,
WORKER_RELOC,,11,11,12,,1.1052843891289057,,,
WORKER_RELOC,,11,11,13,,3.532469768568646,,,
WORKER_RELOC,,11,11,14,,3.283802159855223,,,
WORKER_RELOC,,11,11,15,,1.5634152890521587,,,
WORKER_RELOC,,11,11,16,,1.809190501574562,,,
WORKER_RELOC,,11,11,17,,3.335537127055714,,,
WORKER_RELOC,,11,12,0,,3.01644001525137,,,
WORKER_RELOC,,11,12,1,,2.0725116361002884,,,
WORKER_RELOC,,11,12,2,,1.5260450499425393,,,
WORKER_RELOC,,11,12,3,,1.8097911615477016,,,
WORKER_RELOC,,11,12,4,,3.4315865425095446,,,
WORKER_RELOC,,11,12,5,,3.6166567975411175,,,
WORKER_RELOC,,11,12,6,,1.702070148603849,,,
WORKER_RELOC,,11,12,7,,2.0815537592139637,,,
WORKER_RELOC,,11,12,8,,2.9911823201232037,,,
WORKER_RELOC,,11,12,9,,1.9063109968081466,,,
WORKER_RELOC,,11,12,10,,1.1202438527205052,,,
WORKER_RELOC,,11,12,11,,1.0737048763775903,,,
WORKER_RELOC,,11,12,12,,0.0,,,
WORKER_RELOC,,11,12,13,,2.7020488276702954,,,
WORKER_RELOC,,11,12,14,,2.2586788501930064,,,
WORKER_RELOC,,11,12,15,,3.362509626559013,,,
WORKER_RELOC,,11,12,16,,2.74901818817894,,,
WORKER_RELOC,,11,12,17,,1.9380922657730504,,,
WORKER_RELOC,,11,13,0,,3.65304961789507,,,
WORKER_RELOC,,11,13,1,,1.7486582907665993,,,
WORKER_RELOC,,11,13,2,,1.736590377189054,,,
WORKER_RELOC,,11,13,3,,1.8021635361897168,,,
WORKER_RELOC,,11,13,4,,2.603824993352612,,,
WORKER_RELOC,,11,13,5,,1.980343465999172,,,
WORKER_RELOC,,11,13,6,,2.6589914611813015,,,
WORKER_RELOC,,11,13,7,,2.8677422316980543,,,
WORKER_RELOC,,11,13,8,,2.199902948283725,,,
WORKER_RELOC,,11,13,9,,1.5595312690604934,,,
WORKER_RELOC,,11,13,10,,1.5396349097182334,,,
WORKER_RELOC,,11,13,11,,3.8217793982030885,,,
WORKER_RELOC,,11,13,12,,2.5623101036321483,,,
WORKER_RELOC,,11,13,13,,0.0,,,
WORKER_RELOC,,11,13,14,,1.1766461711289398,,,
WORKER_RELOC,,11,13,15,,2.8597057993572426,,,
WORKER_RELOC,,11,13,16,,3.962986712260698,,,
WORKER_RELOC,,11,13,17,,3.3338215357512384,,,
WORKER_RELOC,,11,14,0,,1.739339490361685,,,
WORKER_RELOC,,11,14,1,,2.8372204305639204,,,
WORKER_RELOC,,11,14,2,,1.5464441803414337,,,
WORKER_RELOC,,11,14,3,,2.564718934585158,,,
WORKER_RELOC,,11,14,4,,3.249562295362022,,,
WORKER_RELOC,,11,14,5,,1.977814959294696,,,
WORKER_RELOC,,11,14,6,,1.578017188696045,,,
WORKER_RELOC,,11,14,7,,1.710541635477596,,,
WORKER_RELOC,,11,14,8,,2.298120028992046,,,
WORKER_RELOC,,11,14,9,,3.105316095330446,,,
WORKER_RELOC,,11,14,10,,3.0993308913796556,,,
WORKER_RELOC,,11,14,11,,1.979030241267262,,,
WORKER_RELOC,,11,14,12,,1.9878911886365862,,,
WORKER_RELOC,,11,14,13,,1.3410957680804554,,,
WORKER_RELOC,,11,14,14,,0.0,,,
WORKER_RELOC,,11,14,15,,2.2149011452863117,,,
WORKER_RELOC,,11,14,16,,3.6066611094745573,,,
WORKER_RELOC,,11,14,17,,2.2148908101921845,,,
WORKER_RELOC,,11,15,0,,2.7405122697306616,,,
WORKER_RELOC,,11,15,1,,3.488089854674228,,,
WORKER_RELOC,,11,15,2,,2.495975751095787,,,
WORKER_RELOC,,11,15,3,,2.218655554709952,,,
WORKER_RELOC,,11,15,4,,3.253065546859227,,,
WORKER_RELOC,,11,15,5,,2.958707420771354,,,
WORKER_RELOC,,11,15,6,,1.7207174198751736,,,
WORKER_RELOC,,11,15,7,,1.5410181487238994,,,
WORKER_RELOC,,11,15,8,,2.8897662136306055,,,
WORKER_RELOC,,11,15,9,,2.1713641615397954,,,
WORKER_RELOC,,11,15,10,,3.975727325320026,,,
WORKER_RELOC,,11,15,11,,1.8817425215753347,,,
WORKER_RELOC,,11,15,12,,2.3416314083257284,,,
WORKER_RELOC,,11,15,13,,2.2724183549200765,,,
WORKER_RELOC,,11,15,14,,2.890676516754472,,,
WORKER_RELOC,,11,15,15,,0.0,,,
WORKER_RELOC,,11,15,16,,1.3420169431669202,,,
WORKER_RELOC,,11,15,17,,0.6446435756002618,,,
WORKER_RELOC,,11,16,0,,2.5806349898087424,,,
WORKER_RELOC,,11,16,1,,3.376223656616353,,,
WORKER_RELOC,,11,16,2,,2.173556945256259,,,
WORKER_RELOC,,11,16,3,,1.6613458169361761,,,
WORKER_RELOC,,11,16,4,,3.928970268025175,,,
WORKER_RELOC,,11,16,5,,1.5629824909861176,,,
WORKER_RELOC,,11,16,6,,3.4437745253944985,,,
WORKER_RELOC,,11,16,7,,3.93152547891538,,,
WORKER_RELOC,,11,16,8,,3.8007455834660897,,,
WORKER_RELOC,,11,16,9,,3.321959923388259,,,
WORKER_RELOC,,11,16,10,,2.034132846005571,,,
WORKER_RELOC,,11,16,11,,2.1187712901654447,,,
WORKER_RELOC,,11,16,12,,1.8000790514364566,,,
WORKER_RELOC,,11,16,13,,3.7617570750205607,,,
WORKER_RELOC,,11,16,14,,2.6467790009245915,,,
WORKER_RELOC,,11,16,15,,1.1432025656355262,,,
WORKER_RELOC,,11,16,16,,0.0,,,
WORKER_RELOC,,11,16,17,,0.545180803060405,,,
WORKER_RELOC,,11,17,0,,3.496149366670119,,,
WORKER_RELOC,,11,17,1,,3.71441580850546,,,
WORKER_RELOC,,11,17,2,,2.0123729065871507,,,
WORKER_RELOC,,11,17,3,,3.591315733700739,,,
WORKER_RELOC,,11,17,4,,2.845618144558784,,,
WORKER_RELOC,,11,17,5,,1.8884576179442023,,,
WORKER_RELOC,,11,17,6,,1.824923692190944,,,
WORKER_RELOC,,11,17,7,,2.285805744480929,,,
WORKER_RELOC,,11,17,8,,3.5616121867912147,,,
WORKER_RELOC,,11,17,9,,3.33299248114991,,,
WORKER_RELOC,,11,17,10,,3.9210430601090236,,,
WORKER_RELOC,,11,17,11,,2.1884365306429086,,,
WORKER_RELOC,,11,17,12,,1.8359004244752524,,,
WORKER_RELOC,,11,17,13,,2.391897625311482,,,
WORKER_RELOC,,11,17,14,,2.7596312157575715,,,
WORKER_RELOC,,11,17,15,,1.1794262435951974,,,
WORKER_RELOC,,11,17,16,,1.1030413813110418,,,
WORKER_RELOC,,11,17,17,,0.0,,,
ROBOT_RELOC,,0,0,0,,0.0,,,
ROBOT_RELOC,,0,0,1,,1.0241987049855985,,,
ROBOT_RELOC,,0,0,2,,3.146230572431782,,,
ROBOT_RELOC,,0,0,3,,2.755027103478141,,,
ROBOT_RELOC,,0,0,4,,1.8995905022561441,,,
ROBOT_RELOC,,0,0,5,,1.604032963994376,,,
ROBOT_RELOC,,0,0,6,,2.9048541349860555,,,
ROBOT_RELOC,,0,0,7,,2.0225176958241433,,,
ROBOT_RELOC,,0,0,8,,3.725099029231421,,,
ROBOT_RELOC,,0,0,9,,2.461447181521753,,,
ROBOT_RELOC,,0,0,10,,2.260228729382262,,,
ROBOT_RELOC,,0,0,11,,2.8878099948176246,,,
ROBOT_RELOC,,0,0,12,,1.9017136147005176,,,
ROBOT_RELOC,,0,0,13,,3.401016940839846,,,
ROBOT_RELOC,,0,0,14,,3.167896876583995,,,
ROBOT_RELOC,,0,0,15,,2.575172443067065,,,
ROBOT_RELOC,,0,0,16,,1.621526697959071,,,
ROBOT_RELOC,,0,0,17,,1.9596218294820533,,,
ROBOT_RELOC,,0,1,0,,0.8231705900119921,,,
ROBOT_RELOC,,0,1,1,,0.0,,,
ROBOT_RELOC,,0,1,2,,2.2548862545033908,,,
ROBOT_RELOC,,0,1,3,,2.8107887105100384,,,
ROBOT_RELOC,,0,1,4,,3.0378050094279163,,,
ROBOT_RELOC,,0,1,5,,3.8203908002216904,,,
ROBOT_RELOC,,0,1,6,,2.6694221677573062,,,
ROBOT_RELOC,,0,1,7,,3.496187161003684,,,
ROBOT_RELOC,,0,1,8,,2.9670566471203648,,,
ROBOT_RELOC,,0,1,9,,3.009619075471937,,,
ROBOT_RELOC,,0,1,10,,3.3001899544455204,,,
ROBOT_RELOC,,0,1,11,,3.2180347286559154,,,
ROBOT_RELOC,,0,1,12,,3.1312414408141835,,,
ROBOT_RELOC,,0,1,13,,1.9770357961638394,,,
ROBOT_RELOC,,0,1,14,,3.3808718906557216,,,
ROBOT_RELOC,,0,1,15,,2.289714468013674,,,
ROBOT_RELOC,,0,1,16,,3.2771718792987645,,,
ROBOT_RELOC,,0,1,17,,3.74007799542022,,,
ROBOT_RELOC,,0,2,0,,2.9358683219094903,,,
ROBOT_RELOC,,0,2,1,,3.970725169677309,,,
ROBOT_RELOC,,0,2,2,,0.0,,,
ROBOT_RELOC,,0,2,3,,1.7800170664222397,,,
ROBOT_RELOC,,0,2,4,,1.8363044095039167,,,
ROBOT_RELOC,,0,2,5,,1.5608848056525941,,,
ROBOT_RELOC,,0,2,6,,1.5932281412547753,,,
ROBOT_RELOC,,0,2,7,,2.1479689889537648,,,
ROBOT_RELOC,,0,2,8,,3.289180977258406,,,
ROBOT_RELOC,,0,2,9,,1.7610106212110441,,,
ROBOT_RELOC,,0,2,10,,1.572345323336064,,,
ROBOT_RELOC,,0,2,11,,1.8191919269016177,,,
ROBOT_RELOC,,0,2,12,,3.336346467836812,,,
ROBOT_RELOC,,0,2,13,,2.494369562162094,,,
ROBOT_RELOC,,0,2,14,,2.6451260797734357,,,
ROBOT_RELOC,,0,2,15,,3.634938648980668,,,
ROBOT_RELOC,,0,2,16,,2.917408617965922,,,
ROBOT_RELOC,,0,2,17,,2.899298864267231,,,
ROBOT_RELOC,,0,3,0,,3.7625639795600594,,,
ROBOT_RELOC,,0,3,1,,3.3439977491981296,,,
ROBOT_RELOC,,0,3,2,,2.193123615712768,,,
ROBOT_RELOC,,0,3,3,,0.0,,,
ROBOT_RELOC,,0,3,4,,1.1978232161333797,,,
ROBOT_RELOC,,0,3,5,,0.7382447120631913,,,
ROBOT_RELOC,,0,3,6,,3.464168089157342,,,
ROBOT_RELOC,,0,3,7,,2.3796426926989067,,,
ROBOT_RELOC,,0,3,8,,3.5493036582190927,,,
ROBOT_RELOC,,0,3,9,,2.961466107767283,,,
ROBOT_RELOC,,0,3,10,,3.4953843678295535,,,
ROBOT_RELOC,,0,3,11,,2.0220165000269783,,,
ROBOT_RELOC,,0,3,12,,1.9451245771058505,,,
ROBOT_RELOC,,0,3,13,,2.3485623807095206,,,
ROBOT_RELOC,,0,3,14,,3.4738655435389307,,,
ROBOT_RELOC,,0,3,15,,3.712205407078645,,,
ROBOT_RELOC,,0,3,16,,2.581864328705531,,,
ROBOT_RELOC,,0,3,17,,3.1673958501376847,,,
ROBOT_RELOC,,0,4,0,,2.484737834723486,,,
ROBOT_RELOC,,0,4,1,,3.5953433472440883,,,
ROBOT_RELOC,,0,4,2,,3.1839739224932657,,,
ROBOT_RELOC,,0,4,3,,1.45762509016481,,,
ROBOT_RELOC,,0,4,4,,0.0,,,
ROBOT_RELOC,,0,4,5,,1.1993779302495935,,,
ROBOT_RELOC,,0,4,6,,3.0812025265552396,,,
ROBOT_RELOC,,0,4,7,,1.8405577816808811,,,
ROBOT_RELOC,,0,4,8,,2.839041891124361,,,
ROBOT_RELOC,,0,4,9,,3.9914018643832274,,,
ROBOT_RELOC,,0,4,10,,1.9505091582830532,,,
ROBOT_RELOC,,0,4,11,,2.23577917383144,,,
ROBOT_RELOC,,0,4,12,,2.8662717842256433,,,
ROBOT_RELOC,,0,4,13,,2.8900486883120973,,,
ROBOT_RELOC,,0,4,14,,2.244887639084488,,,
ROBOT_RELOC,,0,4,15,,3.3989973033762757,,,
ROBOT_RELOC,,0,4,16,,3.6059428544572594,,,
ROBOT_RELOC,,0,4,17,,3.3460144230863236,,,
ROBOT_RELOC,,0,5,0,,2.7985611866609106,,,
ROBOT_RELOC,,0,5,1,,2.49405256878931,,,
ROBOT_RELOC,,0,5,2,,2.847512842388225,,,
ROBOT_RELOC,,0,5,3,,1.0448611137314314,,,
ROBOT_RELOC,,0,5,4,,1.129112537788712,,,
ROBOT_RELOC,,0,5,5,,0.0,,,
ROBOT_RELOC,,0,5,6,,3.7452050760154427,,,
ROBOT_RELOC,,0,5,7,,2.7997520728279097,,,
ROBOT_RELOC,,0,5,8,,3.858116027389039,,,
ROBOT_RELOC,,0,5,9,,2.0390158824822744,,,
ROBOT_RELOC,,0,5,10,,1.5734593686145417,,,
ROBOT_RELOC,,0,5,11,,1.6813984512092126,,,
ROBOT_RELOC,,0,5,12,,3.597896078692768,,,
ROBOT_RELOC,,0,5,13,,2.171614207863664,,,
ROBOT_RELOC,,0,5,14,,3.028392498769316,,,
ROBOT_RELOC,,0,5,15,,2.9656945232033385,,,
ROBOT_RELOC,,0,5,16,,3.5889665180254995,,,
ROBOT_RELOC,,0,5,17,,3.41035822554647,,,
ROBOT_RELOC,,0,6,0,,3.4599000536407347,,,
ROBOT_RELOC,,0,6,1,,3.3444594375762717,,,
ROBOT_RELOC,,0,6,2,,2.4613794340044635,,,
ROBOT_RELOC,,0,6,3,,3.366317010892553,,,
ROBOT_RELOC,,0,6,4,,1.7082495729791713,,,
ROBOT_RELOC,,0,6,5,,2.321882256764539,,,
ROBOT_RELOC,,0,6,6,,0.0,,,
ROBOT_RELOC,,0,6,7,,2.229418157556892,,,
ROBOT_RELOC,,0,6,8,,1.7969518798051731,,,
ROBOT_RELOC,,0,6,9,,2.4141231882249876,,,
ROBOT_RELOC,,0,6,10,,1.634237826668742,,,
ROBOT_RELOC,,0,6,11,,2.1734818920034127,,,
ROBOT_RELOC,,0,6,12,,2.6904137403628114,,,
ROBOT_RELOC,,0,6,13,,2.823240091930628,,,
ROBOT_RELOC,,0,6,14,,2.3227187908770768,,,
ROBOT_RELOC,,0,6,15,,2.8076978823151446,,,
ROBOT_RELOC,,0,6,16,,2.457521150148,,,
ROBOT_RELOC,,0,6,17,,1.8397388391801468,,,
ROBOT_RELOC,,0,7,0,,2.9663498164332243,,,
ROBOT_RELOC,,0,7,1,,3.089233269842574,,,
ROBOT_RELOC,,0,7,2,,2.5296648369331916,,,
ROBOT_RELOC,,0,7,3,,3.5836323998814175,,,
ROBOT_RELOC,,0,7,4,,1.5726948325601984,,,
ROBOT_RELOC,,0,7,5,,3.4907517250623714,,,
ROBOT_RELOC,,0,7,6,,2.422306396256498,,,
ROBOT_RELOC,,0,7,7,,0.0,,,
ROBOT_RELOC,,0,7,8,,0.5226877416302901,,,
ROBOT_RELOC,,0,7,9,,0.8479399994565799,,,
ROBOT_RELOC,,0,7,10,,3.24805125940171,,,
ROBOT_RELOC,,0,7,11,,2.7065479707627365,,,
ROBOT_RELOC,,0,7,12,,1.9681688288346078,,,
ROBOT_RELOC,,0,7,13,,2.0718997336640674,,,
ROBOT_RELOC,,0,7,14,,3.765393861516523,,,
ROBOT_RELOC,,0,7,15,,1.7164776953288527,,,
ROBOT_RELOC,,0,7,16,,3.8969498277093613,,,
ROBOT_RELOC,,0,7,17,,3.083898500497945,,,
ROBOT_RELOC,,0,8,0,,3.133722229645028,,,
ROBOT_RELOC,,0,8,1,,3.361317320166429,,,
ROBOT_RELOC,,0,8,2,,3.730636666321691,,,
ROBOT_RELOC,,0,8,3,,3.1200376305415785,,,
ROBOT_RELOC,,0,8,4,,3.417517212053473,,,
ROBOT_RELOC,,0,8,5,,3.0907865739744422,,,
ROBOT_RELOC,,0,8,6,,2.5361400004999455,,,
ROBOT_RELOC,,0,8,7,,1.139319573027957,,,
ROBOT_RELOC,,0,8,8,,0.0,,,
ROBOT_RELOC,,0,8,9,,1.1148807068602624,,,
ROBOT_RELOC,,0,8,10,,2.174610166355345,,,
ROBOT_RELOC,,0,8,11,,3.8495405178483595,,,
ROBOT_RELOC,,0,8,12,,3.3936553950364288,,,
ROBOT_RELOC,,0,8,13,,1.8846802040045212,,,
ROBOT_RELOC,,0,8,14,,1.8345075975108311,,,
ROBOT_RELOC,,0,8,15,,3.210247828621657,,,
ROBOT_RELOC,,0,8,16,,1.8753029289634715,,,
ROBOT_RELOC,,0,8,17,,3.2705272858586616,,,
ROBOT_RELOC,,0,9,0,,2.1237195820691177,,,
ROBOT_RELOC,,0,9,1,,2.6241163509480288,,,
ROBOT_RELOC,,0,9,2,,2.7892861585143978,,,
ROBOT_RELOC,,0,9,3,,1.6253158565792847,,,
ROBOT_RELOC,,0,9,4,,3.687594008986074,,,
ROBOT_RELOC,,0,9,5,,1.925760113234224,,,
ROBOT_RELOC,,0,9,6,,3.4864454351884904,,,
ROBOT_RELOC,,0,9,7,,1.1111316305493544,,,
ROBOT_RELOC,,0,9,8,,0.597835752949377,,,
ROBOT_RELOC,,0,9,9,,0.0,,,
ROBOT_RELOC,,0,9,10,,1.6766210245347646,,,
ROBOT_RELOC,,0,9,11,,3.4709352471829082,,,
ROBOT_RELOC,,0,9,12,,2.8248721912035424,,,
ROBOT_RELOC,,0,9,13,,2.4783321637306273,,,
ROBOT_RELOC,,0,9,14,,3.734173196346338,,,
ROBOT_RELOC,,0,9,15,,1.6672408885197805,,,
ROBOT_RELOC,,0,9,16,,1.782587627996703,,,
ROBOT_RELOC,,0,9,17,,2.623450967382796,,,
ROBOT_RELOC,,0,10,0,,2.220850899735158,,,
ROBOT_RELOC,,0,10,1,,2.3976304306107616,,,
ROBOT_RELOC,,0,10,2,,2.252138264153884,,,
ROBOT_RELOC,,0,10,3,,3.0505729939650945,,,
ROBOT_RELOC,,0,10,4,,3.277204103047421,,,
ROBOT_RELOC,,0,10,5,,3.6560384570324613,,,
ROBOT_RELOC,,0,10,6,,2.5098344808771467,,,
ROBOT_RELOC,,0,10,7,,1.6365363416333136,,,
ROBOT_RELOC,,0,10,8,,1.6118224212667611,,,
ROBOT_RELOC,,0,10,9,,2.0616467888777965,,,
ROBOT_RELOC,,0,10,10,,0.0,,,
ROBOT_RELOC,,0,10,11,,1.0724319288527049,,,
ROBOT_RELOC,,0,10,12,,0.7895217131986058,,,
ROBOT_RELOC,,0,10,13,,2.699630341447599,,,
ROBOT_RELOC,,0,10,14,,2.290311597845186,,,
ROBOT_RELOC,,0,10,15,,1.6404369319584609,,,
ROBOT_RELOC,,0,10,16,,2.9609042677416126,,,
ROBOT_RELOC,,0,10,17,,1.850601958119764,,,
ROBOT_RELOC,,0,11,0,,2.4809169852153294,,,
ROBOT_RELOC,,0,11,1,,3.780985838267206,,,
ROBOT_RELOC,,0,11,2,,3.9243236828389243,,,
ROBOT_RELOC,,0,11,3,,3.2544276859549197,,,
ROBOT_RELOC,,0,11,4,,1.8024532035186887,,,
ROBOT_RELOC,,0,11,5,,2.556814912862546,,,
ROBOT_RELOC,,0,11,6,,2.2935194920934743,,,
ROBOT_RELOC,,0,11,7,,1.5961976314946267,,,
ROBOT_RELOC,,0,11,8,,2.725374724570646,,,
ROBOT_RELOC,,0,11,9,,2.863748406407673,,,
ROBOT_RELOC,,0,11,10,,1.2535330186233433,,,
ROBOT_RELOC,,0,11,11,,0.0,,,
ROBOT_RELOC,,0,11,12,,1.3798603725685679,,,
ROBOT_RELOC,,0,11,13,,3.034431878939733,,,
ROBOT_RELOC,,0,11,14,,2.5917768501016214,,,
ROBOT_RELOC,,0,11,15,,1.8032786658410163,,,
ROBOT_RELOC,,0,11,16,,2.3387953859383006,,,
ROBOT_RELOC,,0,11,17,,2.250961785222135,,,
ROBOT_RELOC,,0,12,0,,2.0989243209053887,,,
ROBOT_RELOC,,0,12,1,,1.9115221545091805,,,
ROBOT_RELOC,,0,12,2,,2.0821543481195404,,,
ROBOT_RELOC,,0,12,3,,2.4064294814524265,,,
ROBOT_RELOC,,0,12,4,,1.5409005245765894,,,
ROBOT_RELOC,,0,12,5,,3.9919051326272323,,,
ROBOT_RELOC,,0,12,6,,2.4353157899842923,,,
ROBOT_RELOC,,0,12,7,,3.156597673403373,,,
ROBOT_RELOC,,0,12,8,,1.743938585466759,,,
ROBOT_RELOC,,0,12,9,,3.423798413699913,,,
ROBOT_RELOC,,0,12,10,,0.8144064229441189,,,
ROBOT_RELOC,,0,12,11,,0.9931052044049132,,,
ROBOT_RELOC,,0,12,12,,0.0,,,
ROBOT_RELOC,,0,12,13,,3.897020884107897,,,
ROBOT_RELOC,,0,12,14,,2.1700935254823515,,,
ROBOT_RELOC,,0,12,15,,2.2423163680614193,,,
ROBOT_RELOC,,0,12,16,,3.0225487484555655,,,
ROBOT_RELOC,,0,12,17,,2.2603652570722366,,,
ROBOT_RELOC,,0,13,0,,2.0017179487261814,,,
ROBOT_RELOC,,0,13,1,,3.465867136514067,,,
ROBOT_RELOC,,0,13,2,,2.9644327416448624,,,
ROBOT_RELOC,,0,13,3,,3.199203140695862,,,
ROBOT_RELOC,,0,13,4,,2.4508083146223623,,,
ROBOT_RELOC,,0,13,5,,3.036526781080983,,,
ROBOT_RELOC,,0,13,6,,1.5813372082741515,,,
ROBOT_RELOC,,0,13,7,,3.7127918691139694,,,
ROBOT_RELOC,,0,13,8,,1.8085583882791396,,,
ROBOT_RELOC,,0,13,9,,1.8181984296041471,,,
ROBOT_RELOC,,0,13,10,,3.8094351269395332,,,
ROBOT_RELOC,,0,13,11,,2.7388726453926737,,,
ROBOT_RELOC,,0,13,12,,3.468136277622277,,,
ROBOT_RELOC,,0,13,13,,0.0,,,
ROBOT_RELOC,,0,13,14,,0.728192392062796,,,
ROBOT_RELOC,,0,13,15,,2.1451690848463274,,,
ROBOT_RELOC,,0,13,16,,2.0944888874829704,,,
ROBOT_RELOC,,0,13,17,,3.373759349235889,,,
ROBOT_RELOC,,0,14,0,,3.8331137499382986,,,
ROBOT_RELOC,,0,14,1,,2.1302722972837063,,,
ROBOT_RELOC,,0,14,2,,3.373689153382854,,,
ROBOT_RELOC,,0,14,3,,3.3230514957146733,,,
ROBOT_RELOC,,0,14,4,,2.2169160455119563,,,
ROBOT_RELOC,,0,14,5,,2.83173686417335,,,
ROBOT_RELOC,,0,14,6,,3.9225516516749694,,,
ROBOT_RELOC,,0,14,7,,3.195056969277471,,,
ROBOT_RELOC,,0,14,8,,3.0605034348645397,,,
ROBOT_RELOC,,0,14,9,,2.956463333724105,,,
ROBOT_RELOC,,0,14,10,,3.877718885364616,,,
ROBOT_RELOC,,0,14,11,,2.270704261474892,,,
ROBOT_RELOC,,0,14,12,,2.8430790705460978,,,
ROBOT_RELOC,,0,14,13,,1.4247881650550032,,,
ROBOT_RELOC,,0,14,14,,0.0,,,
ROBOT_RELOC,,0,14,15,,2.2220777577825688,,,
ROBOT_RELOC,,0,14,16,,3.9446353809950345,,,
ROBOT_RELOC,,0,14,17,,2.5299216663945696,,,
ROBOT_RELOC,,0,15,0,,3.50500459533407,,,
ROBOT_RELOC,,0,15,1,,2.2181769530937476,,,
ROBOT_RELOC,,0,15,2,,1.7109466616573308,,,
ROBOT_RELOC,,0,15,3,,2.8552624108518883,,,
ROBOT_RELOC,,0,15,4,,3.5270562034496145,,,
ROBOT_RELOC,,0,15,5,,3.403906144360522,,,
ROBOT_RELOC,,0,15,6,,3.6381371676675958,,,
ROBOT_RELOC,,0,15,7,,3.2016623087866334,,,
ROBOT_RELOC,,0,15,8,,2.111371280059352,,,
ROBOT_RELOC,,0,15,9,,3.901088544356808,,,
ROBOT_RELOC,,0,15,10,,2.696878266008504,,,
ROBOT_RELOC,,0,15,11,,2.380668676321732,,,
ROBOT_RELOC,,0,15,12,,2.41045540589554,,,
ROBOT_RELOC,,0,15,13,,1.7540424593138655,,,
ROBOT_RELOC,,0,15,14,,2.491188308203861,,,
ROBOT_RELOC,,0,15,15,,0.0,,,
ROBOT_RELOC,,0,15,16,,0.9304144397315302,,,
ROBOT_RELOC,,0,15,17,,1.2720970378846246,,,
ROBOT_RELOC,,0,16,0,,3.606385913582188,,,
ROBOT_RELOC,,0,16,1,,2.029855630907379,,,
ROBOT_RELOC,,0,16,2,,2.2212512252959145,,,
ROBOT_RELOC,,0,16,3,,1.7576984942282614,,,
ROBOT_RELOC,,0,16,4,,2.289740208578362,,,
ROBOT_RELOC,,0,16,5,,1.9085645017030184,,,
ROBOT_RELOC,,0,16,6,,2.250160405051859,,,
ROBOT_RELOC,,0,16,7,,2.266457790681599,,,
ROBOT_RELOC,,0,16,8,,2.5408394926277604,,,
ROBOT_RELOC,,0,16,9,,2.4333426375729603,,,
ROBOT_RELOC,,0,16,10,,1.5200424441468494,,,
ROBOT_RELOC,,0,16,11,,3.094827054060599,,,
ROBOT_RELOC,,0,16,12,,3.608307854314692,,,
ROBOT_RELOC,,0,16,13,,3.0994163107249717,,,
ROBOT_RELOC,,0,16,14,,3.55758278055685,,,
ROBOT_RELOC,,0,16,15,,0.897880036569073,,,
ROBOT_RELOC,,0,16,16,,0.0,,,
ROBOT_RELOC,,0,16,17,,1.3877704255827252,,,
ROBOT_RELOC,,0,17,0,,1.9593820361394974,,,
ROBOT_RELOC,,0,17,1,,3.831437499455259,,,
ROBOT_RELOC,,0,17,2,,2.737386460706162,,,
ROBOT_RELOC,,0,17,3,,3.101386233954121,,,
ROBOT_RELOC,,0,17,4,,3.2903267623866874,,,
ROBOT_RELOC,,0,17,5,,3.8207595970510577,,,
ROBOT_RELOC,,0,17,6,,2.468782903247522,,,
ROBOT_RELOC,,0,17,7,,3.2524569169940882,,,
ROBOT_RELOC,,0,17,8,,3.12406619189157,,,
ROBOT_RELOC,,0,17,9,,2.5868384791988186,,,
ROBOT_RELOC,,0,17,10,,3.2462466444918157,,,
ROBOT_RELOC,,0,17,11,,2.874826022794527,,,
ROBOT_RELOC,,0,17,12,,2.930463641177448,,,
ROBOT_RELOC,,0,17,13,,3.3565988043681663,,,
ROBOT_RELOC,,0,17,14,,2.331288588243206,,,
ROBOT_RELOC,,0,17,15,,1.4826501395545466,,,
ROBOT_RELOC,,0,17,16,,1.0100530070306277,,,
ROBOT_RELOC,,0,17,17,,0.0,,,
ROBOT_RELOC,,1,0,0,,0.0,,,
ROBOT_RELOC,,1,0,1,,1.3630427046745766,,,
ROBOT_RELOC,,1,0,2,,2.824760258492013,,,
ROBOT_RELOC,,1,0,3,,2.216126029447876,,,
ROBOT_RELOC,,1,0,4,,2.015795174650472,,,
ROBOT_RELOC,,1,0,5,,2.70641339509532,,,
ROBOT_RELOC,,1,0,6,,3.767269742187277,,,
ROBOT_RELOC,,1,0,7,,1.6714323622077918,,,
ROBOT_RELOC,,1,0,8,,3.7523114969717044,,,
ROBOT_RELOC,,1,0,9,,3.07591378064743,,,
ROBOT_RELOC,,1,0,10,,3.6992796036245714,,,
ROBOT_RELOC,,1,0,11,,3.0507752287227285,,,
ROBOT_RELOC,,1,0,12,,3.5447516575596953,,,
ROBOT_RELOC,,1,0,13,,3.7561009703395745,,,
ROBOT_RELOC,,1,0,14,,1.6198440749361651,,,
ROBOT_RELOC,,1,0,15,,3.158286828578963,,,
ROBOT_RELOC,,1,0,16,,3.9596215002175716,,,
ROBOT_RELOC,,1,0,17,,2.2525654778450384,,,
ROBOT_RELOC,,1,1,0,,1.3138732513813751,,,
ROBOT_RELOC,,1,1,1,,0.0,,,
ROBOT_RELOC,,1,1,2,,3.721966591028344,,,
ROBOT_RELOC,,1,1,3,,2.1581151428842498,,,
ROBOT_RELOC,,1,1,4,,3.0493566153963485,,,
ROBOT_RELOC,,1,1,5,,2.9523577648926986,,,
ROBOT_RELOC,,1,1,6,,2.593264653013801,,,
ROBOT_RELOC,,1,1,7,,3.617234330135404,,,
ROBOT_RELOC,,1,1,8,,2.152200151553577,,,
ROBOT_RELOC,,1,1,9,,2.118018113973945,,,
ROBOT_RELOC,,1,1,10,,3.6092077060059107,,,
ROBOT_RELOC,,1,1,11,,2.3382809117715158,,,
ROBOT_RELOC,,1,1,12,,3.9527982764985916,,,
ROBOT_RELOC,,1,1,13,,1.794245452779254,,,
ROBOT_RELOC,,1,1,14,,1.5434056055071907,,,
ROBOT_RELOC,,1,1,15,,3.344840287428537,,,
ROBOT_RELOC,,1,1,16,,3.474841794398058,,,
ROBOT_RELOC,,1,1,17,,2.714052290857497,,,
ROBOT_RELOC,,1,2,0,,2.7605572595451706,,,
ROBOT_RELOC,,1,2,1,,1.6926457532910657,,,
ROBOT_RELOC,,1,2,2,,0.0,,,
ROBOT_RELOC,,1,2,3,,3.1817807987689224,,,
ROBOT_RELOC,,1,2,4,,1.7634991180881128,,,
ROBOT_RELOC,,1,2,5,,3.3744814964371885,,,
ROBOT_RELOC,,1,2,6,,2.9535732186797987,,,
ROBOT_RELOC,,1,2,7,,2.8106521587886784,,,
ROBOT_RELOC,,1,2,8,,2.1065339255416875,,,
ROBOT_RELOC,,1,2,9,,3.6195124845118736,,,
ROBOT_RELOC,,1,2,10,,1.5152609107924948,,,
ROBOT_RELOC,,1,2,11,,2.1750787582881976,,,
ROBOT_RELOC,,1,2,12,,3.858469435336751,,,
ROBOT_RELOC,,1,2,13,,2.890114844485374,,,
ROBOT_RELOC,,1,2,14,,1.6228723986733105,,,
ROBOT_RELOC,,1,2,15,,1.632037791706425,,,
ROBOT_RELOC,,1,2,16,,3.668079469358069,,,
ROBOT_RELOC,,1,2,17,,2.9181484036397567,,,
ROBOT_RELOC,,1,3,0,,3.8036875657617664,,,
ROBOT_RELOC,,1,3,1,,3.962400002322474,,,
ROBOT_RELOC,,1,3,2,,3.0630129641546398,,,
ROBOT_RELOC,,1,3,3,,0.0,,,
ROBOT_RELOC,,1,3,4,,1.1781288440669706,,,
ROBOT_RELOC,,1,3,5,,0.6930696052187412,,,
ROBOT_RELOC,,1,3,6,,3.181099588700417,,,
ROBOT_RELOC,,1,3,7,,3.1140797352030143,,,
ROBOT_RELOC,,1,3,8,,2.520785456414326,,,
ROBOT_RELOC,,1,3,9,,3.1091090569624873,,,
ROBOT_RELOC,,1,3,10,,3.0446893589968544,,,
ROBOT_RELOC,,1,3,11,,2.588702501031126,,,
ROBOT_RELOC,,1,3,12,,2.003283512798027,,,
ROBOT_RELOC,,1,3,13,,2.7372769657376406,,,
ROBOT_RELOC,,1,3,14,,1.7906937858851386,,,
ROBOT_RELOC,,1,3,15,,1.955488688238634,,,
ROBOT_RELOC,,1,3,16,,2.954547778804886,,,
ROBOT_RELOC,,1,3,17,,1.660070677729984,,,
ROBOT_RELOC,,1,4,0,,2.7110567163737205,,,
ROBOT_RELOC,,1,4,1,,2.1387082511957556,,,
ROBOT_RELOC,,1,4,2,,1.571684518137235,,,
ROBOT_RELOC,,1,4,3,,1.416634826890288,,,
ROBOT_RELOC,,1,4,4,,0.0,,,
ROBOT_RELOC,,1,4,5,,0.850544784426401,,,
ROBOT_RELOC,,1,4,6,,2.3410095600777088,,,
ROBOT_RELOC,,1,4,7,,3.8706060622645713,,,
ROBOT_RELOC,,1,4,8,,2.0864741954431567,,,
ROBOT_RELOC,,1,4,9,,2.4164795919817106,,,
ROBOT_RELOC,,1,4,10,,2.49532863644608,,,
ROBOT_RELOC,,1,4,11,,3.736689410925475,,,
ROBOT_RELOC,,1,4,12,,2.7922830831860592,,,
ROBOT_RELOC,,1,4,13,,2.55118904463577,,,
ROBOT_RELOC,,1,4,14,,1.9974735883719235,,,
ROBOT_RELOC,,1,4,15,,2.3141805869726406,,,
ROBOT_RELOC,,1,4,16,,3.0016458499683307,,,
ROBOT_RELOC,,1,4,17,,2.6731348215367663,,,
ROBOT_RELOC,,1,5,0,,2.237977666941651,,,
ROBOT_RELOC,,1,5,1,,2.4498035451670677,,,
ROBOT_RELOC,,1,5,2,,2.0725591790833344,,,
ROBOT_RELOC,,1,5,3,,0.9846759180267779,,,
ROBOT_RELOC,,1,5,4,,0.9707138888831564,,,
ROBOT_RELOC,,1,5,5,,0.0,,,
ROBOT_RELOC,,1,5,6,,3.2127534990089455,,,
ROBOT_RELOC,,1,5,7,,3.976751673348396,,,
ROBOT_RELOC,,1,5,8,,3.8077877893092245,,,
ROBOT_RELOC,,1,5,9,,2.8961085461315434,,,
ROBOT_RELOC,,1,5,10,,3.0438823859206066,,,
ROBOT_RELOC,,1,5,11,,1.5783001259492113,,,
ROBOT_RELOC,,1,5,12,,2.1440794822721716,,,
ROBOT_RELOC,,1,5,13,,3.930946489860242,,,
ROBOT_RELOC,,1,5,14,,3.362025025853523,,,
ROBOT_RELOC,,1,5,15,,2.2537282796118596,,,
ROBOT_RELOC,,1,5,16,,3.27153185589583,,,
ROBOT_RELOC,,1,5,17,,3.300785198250915,,,
ROBOT_RELOC,,1,6,0,,2.926480258217104,,,
ROBOT_RELOC,,1,6,1,,1.909307593616176,,,
ROBOT_RELOC,,1,6,2,,2.0260190306820793,,,
ROBOT_RELOC,,1,6,3,,1.7015039028749641,,,
ROBOT_RELOC,,1,6,4,,2.8483824750953164,,,
ROBOT_RELOC,,1,6,5,,2.6042395809989514,,,
ROBOT_RELOC,,1,6,6,,0.0,,,
ROBOT_RELOC,,1,6,7,,1.7078363124257199,,,
ROBOT_RELOC,,1,6,8,,1.8249692924830063,,,
ROBOT_RELOC,,1,6,9,,1.7466386924898654,,,
ROBOT_RELOC,,1,6,10,,1.9290174811860281,,,
ROBOT_RELOC,,1,6,11,,1.7115570071261776,,,
ROBOT_RELOC,,1,6,12,,2.624398686431694,,,
ROBOT_RELOC,,1,6,13,,2.942624098467158,,,
ROBOT_RELOC,,1,6,14,,3.11447526355923,,,
ROBOT_RELOC,,1,6,15,,1.9427492386629037,,,
ROBOT_RELOC,,1,6,16,,3.4755413842958904,,,
ROBOT_RELOC,,1,6,17,,2.8326712166105477,,,
ROBOT_RELOC,,1,7,0,,3.240939800081488,,,
ROBOT_RELOC,,1,7,1,,3.2793340621622007,,,
ROBOT_RELOC,,1,7,2,,1.7545102475000414,,,
ROBOT_RELOC,,1,7,3,,3.806405489873496,,,
ROBOT_RELOC,,1,7,4,,2.9547651771680856,,,
ROBOT_RELOC,,1,7,5,,2.086246910540639,,,
ROBOT_RELOC,,1,7,6,,1.5631083863877546,,,
ROBOT_RELOC,,1,7,7,,0.0,,,
ROBOT_RELOC,,1,7,8,,0.9555674534517299,,,
ROBOT_RELOC,,1,7,9,,0.5906313542454029,,,
ROBOT_RELOC,,1,7,10,,2.083379851410463,,,
ROBOT_RELOC,,1,7,11,,3.7032770615177606,,,
ROBOT_RELOC,,1,7,12,,3.471811058517051,,,
ROBOT_RELOC,,1,7,13,,3.619267582724036,,,
ROBOT_RELOC,,1,7,14,,1.9628413370197995,,,
ROBOT_RELOC,,1,7,15,,1.84213629002043,,,
ROBOT_RELOC,,1,7,16,,2.22430404394674,,,
ROBOT_RELOC,,1,7,17,,3.8864590901856726,,,
ROBOT_RELOC,,1,8,0,,1.9624264345215834,,,
ROBOT_RELOC,,1,8,1,,2.5421830730188284,,,
ROBOT_RELOC,,1,8,2,,2.2103928033757345,,,
ROBOT_RELOC,,1,8,3,,2.061459195080537,,,
ROBOT_RELOC,,1,8,4,,3.6568783260726727,,,
ROBOT_RELOC,,1,8,5,,3.5915922967510605,,,
ROBOT_RELOC,,1,8,6,,1.6223998359339962,,,
ROBOT_RELOC,,1,8,7,,0.9980195703093216,,,
ROBOT_RELOC,,1,8,8,,0.0,,,
ROBOT_RELOC,,1,8,9,,1.1084796820441216,,,
ROBOT_RELOC,,1,8,10,,2.76934308013629,,,
ROBOT_RELOC,,1,8,11,,2.0623387948613954,,,
ROBOT_RELOC,,1,8,12,,3.8864328585604393,,,
ROBOT_RELOC,,1,8,13,,2.724301919504319,,,
ROBOT_RELOC,,1,8,14,,3.232440392072776,,,
ROBOT_RELOC,,1,8,15,,2.021676946842866,,,
ROBOT_RELOC,,1,8,16,,2.3582578352550634,,,
ROBOT_RELOC,,1,8,17,,1.558584743977308,,,
ROBOT_RELOC,,1,9,0,,1.5393259453756865,,,
ROBOT_RELOC,,1,9,1,,2.412261586324907,,,
ROBOT_RELOC,,1,9,2,,1.793309638540342,,,
ROBOT_RELOC,,1,9,3,,2.3137641275329006,,,
ROBOT_RELOC,,1,9,4,,3.4171994819377156,,,
ROBOT_RELOC,,1,9,5,,1.9216323536669018,,,
ROBOT_RELOC,,1,9,6,,2.683389513436383,,,
ROBOT_RELOC,,1,9,7,,1.4129981307358768,,,
ROBOT_RELOC,,1,9,8,,0.9170094150415913,,,
ROBOT_RELOC,,1,9,9,,0.0,,,
ROBOT_RELOC,,1,9,10,,3.5633578337437357,,,
ROBOT_RELOC,,1,9,11,,1.801271971081917,,,
ROBOT_RELOC,,1,9,12,,3.1331589490628007,,,
ROBOT_RELOC,,1,9,13,,1.5012018872496604,,,
ROBOT_RELOC,,1,9,14,,2.0455353594947665,,,
ROBOT_RELOC,,1,9,15,,3.2140072168800744,,,
ROBOT_RELOC,,1,9,16,,2.9325707401459926,,,
ROBOT_RELOC,,1,9,17,,1.849509324678241,,,
ROBOT_RELOC,,1,10,0,,2.236521770843835,,,
ROBOT_RELOC,,1,10,1,,1.5125247711178045,,,
ROBOT_RELOC,,1,10,2,,2.615394893269073,,,
ROBOT_RELOC,,1,10,3,,3.0707904882821704,,,
ROBOT_RELOC,,1,10,4,,3.257149252040887,,,
ROBOT_RELOC,,1,10,5,,2.7839058359679876,,,
ROBOT_RELOC,,1,10,6,,2.873243973700956,,,
ROBOT_RELOC,,1,10,7,,2.7209216184009195,,,
ROBOT_RELOC,,1,10,8,,2.9088047079199075,,,
ROBOT_RELOC,,1,10,9,,2.3537142993007643,,,
ROBOT_RELOC,,1,10,10,,0.0,,,
ROBOT_RELOC,,1,10,11,,1.1886288780852339,,,
ROBOT_RELOC,,1,10,12,,1.3503255858369654,,,
ROBOT_RELOC,,1,10,13,,2.655841229407253,,,
ROBOT_RELOC,,1,10,14,,2.743249488839642,,,
ROBOT_RELOC,,1,10,15,,2.4369713371866073,,,
ROBOT_RELOC,,1,10,16,,3.5214268653723524,,,
ROBOT_RELOC,,1,10,17,,3.9829612850153246,,,
ROBOT_RELOC,,1,11,0,,3.751430343808391,,,
ROBOT_RELOC,,1,11,1,,3.7598042060272614,,,
ROBOT_RELOC,,1,11,2,,3.131276284490095,,,
ROBOT_RELOC,,1,11,3,,3.236213960020293,,,
ROBOT_RELOC,,1,11,4,,2.9818548077909046,,,
ROBOT_RELOC,,1,11,5,,2.55925306382579,,,
ROBOT_RELOC,,1,11,6,,3.349252937523301,,,
ROBOT_RELOC,,1,11,7,,2.9495146008165394,,,
ROBOT_RELOC,,1,11,8,,3.6035559419458467,,,
ROBOT_RELOC,,1,11,9,,3.637701896328454,,,
ROBOT_RELOC,,1,11,10,,0.9342716720498458,,,
ROBOT_RELOC,,1,11,11,,0.0,,,
ROBOT_RELOC,,1,11,12,,0.8816941434886021,,,
ROBOT_RELOC,,1,11,13,,2.64939400362044,,,
ROBOT_RELOC,,1,11,14,,1.7953862646645473,,,
ROBOT_RELOC,,1,11,15,,2.8377110420135803,,,
ROBOT_RELOC,,1,11,16,,2.196078060898787,,,
ROBOT_RELOC,,1,11,17,,1.7656024656358364,,,
ROBOT_RELOC,,1,12,0,,2.394990874191821,,,
ROBOT_RELOC,,1,12,1,,1.7081014520892468,,,
ROBOT_RELOC,,1,12,2,,3.07416550850984,,,
ROBOT_RELOC,,1,12,3,,3.061949021711034,,,
ROBOT_RELOC,,1,12,4,,3.1592388412690124,,,
ROBOT_RELOC,,1,12,5,,2.469907899742865,,,
ROBOT_RELOC,,1,12,6,,1.9094797715874454,,,
ROBOT_RELOC,,1,12,7,,1.8529204251980471,,,
ROBOT_RELOC,,1,12,8,,3.7086825767469245,,,
ROBOT_RELOC,,1,12,9,,3.071108285492278,,,
ROBOT_RELOC,,1,12,10,,0.7462224419663558,,,
ROBOT_RELOC,,1,12,11,,1.0617827829039816,,,
ROBOT_RELOC,,1,12,12,,0.0,,,
ROBOT_RELOC,,1,12,13,,2.7881860567017016,,,
ROBOT_RELOC,,1,12,14,,3.5906168729813692,,,
ROBOT_RELOC,,1,12,15,,3.2035164742108346,,,
ROBOT_RELOC,,1,12,16,,2.9600193557408905,,,
ROBOT_RELOC,,1,12,17,,2.094017251053763,,,
ROBOT_RELOC,,1,13,0,,3.716864512058493,,,
ROBOT_RELOC,,1,13,1,,3.05640580945488,,,
ROBOT_RELOC,,1,13,2,,2.5964211531131585,,,
ROBOT_RELOC,,1,13,3,,1.957603500628606,,,
ROBOT_RELOC,,1,13,4,,3.203255092421393,,,
ROBOT_RELOC,,1,13,5,,3.3697128546178687,,,
ROBOT_RELOC,,1,13,6,,3.5624394370411983,,,
ROBOT_RELOC,,1,13,7,,1.8157448329502364,,,
ROBOT_RELOC,,1,13,8,,3.4864482278099604,,,
ROBOT_RELOC,,1,13,9,,2.118159627973002,,,
ROBOT_RELOC,,1,13,10,,3.163566732915583,,,
ROBOT_RELOC,,1,13,11,,3.0545143995342845,,,
ROBOT_RELOC,,1,13,12,,2.3146226638283744,,,
ROBOT_RELOC,,1,13,13,,0.0,,,
ROBOT_RELOC,,1,13,14,,0.9234763707195006,,,
ROBOT_RELOC,,1,13,15,,2.459681683223415,,,
ROBOT_RELOC,,1,13,16,,3.296920805053718,,,
ROBOT_RELOC,,1,13,17,,2.29218783592545,,,
ROBOT_RELOC,,1,14,0,,1.955997644064492,,,
ROBOT_RELOC,,1,14,1,,2.1533495636513926,,,
ROBOT_RELOC,,1,14,2,,3.708549064014854,,,
ROBOT_RELOC,,1,14,3,,3.0069010608985067,,,
ROBOT_RELOC,,1,14,4,,3.3992102692879413,,,
ROBOT_RELOC,,1,14,5,,1.8173610577627384,,,
ROBOT_RELOC,,1,14,6,,3.3894446759999806,,,
ROBOT_RELOC,,1,14,7,,2.0548804786821293,,,
ROBOT_RELOC,,1,14,8,,1.6959726820957126,,,
ROBOT_RELOC,,1,14,9,,1.9117974817203516,,,
ROBOT_RELOC,,1,14,10,,3.809479503453433,,,
ROBOT_RELOC,,1,14,11,,1.6881085720572286,,,
ROBOT_RELOC,,1,14,12,,1.849191757860565,,,
ROBOT_RELOC,,1,14,13,,1.4551592858660265,,,
ROBOT_RELOC,,1,14,14,,0.0,,,
ROBOT_RELOC,,1,14,15,,2.747950379006551,,,
ROBOT_RELOC,,1,14,16,,3.5467999036236035,,,
ROBOT_RELOC,,1,14,17,,2.0456223234235473,,,
ROBOT_RELOC,,1,15,0,,3.539324073708218,,,
ROBOT_RELOC,,1,15,1,,1.7373933686276521,,,
ROBOT_RELOC,,1,15,2,,3.3983774274611314,,,
ROBOT_RELOC,,1,15,3,,2.717839594958469,,,
ROBOT_RELOC,,1,15,4,,2.8056636165465467,,,
ROBOT_RELOC,,1,15,5,,2.7247129783397335,,,
ROBOT_RELOC,,1,15,6,,3.3018710725556377,,,
ROBOT_RELOC,,1,15,7,,2.157412179550456,,,
ROBOT_RELOC,,1,15,8,,1.7806950588610544,,,
ROBOT_RELOC,,1,15,9,,2.6287593735431893,,,
ROBOT_RELOC,,1,15,10,,3.122652187856957,,,
ROBOT_RELOC,,1,15,11,,3.0600667767183665,,,
ROBOT_RELOC,,1,15,12,,2.8207523379839157,,,
ROBOT_RELOC,,1,15,13,,2.700602922291848,,,
ROBOT_RELOC,,1,15,14,,2.4961940419734656,,,
ROBOT_RELOC,,1,15,15,,0.0,,,
ROBOT_RELOC,,1,15,16,,1.2275281179897028,,,
ROBOT_RELOC,,1,15,17,,1.373896149303711,,,
ROBOT_RELOC,,1,16,0,,3.825657288923153,,,
ROBOT_RELOC,,1,16,1,,3.0302957330645377,,,
ROBOT_RELOC,,1,16,2,,2.399782422583211,,,
ROBOT_RELOC,,1,16,3,,3.309969149954309,,,
ROBOT_RELOC,,1,16,4,,2.5440534151026295,,,
ROBOT_RELOC,,1,16,5,,2.185857673463243,,,
ROBOT_RELOC,,1,16,6,,2.009282335846901,,,
ROBOT_RELOC,,1,16,7,,1.7399479940783975,,,
ROBOT_RELOC,,1,16,8,,3.5542191943690664,,,
ROBOT_RELOC,,1,16,9,,3.793520661927409,,,
ROBOT_RELOC,,1,16,10,,2.440165646090945,,,
ROBOT_RELOC,,1,16,11,,2.8132200797560802,,,
ROBOT_RELOC,,1,16,12,,3.800285982138028,,,
ROBOT_RELOC,,1,16,13,,2.970475033772084,,,
ROBOT_RELOC,,1,16,14,,2.4067574630447686,,,
ROBOT_RELOC,,1,16,15,,0.6724059573924008,,,
ROBOT_RELOC,,1,16,16,,0.0,,,
ROBOT_RELOC,,1,16,17,,0.6532897818801003,,,
ROBOT_RELOC,,1,17,0,,3.1003586852589655,,,
ROBOT_RELOC,,1,17,1,,2.5372571692067387,,,
ROBOT_RELOC,,1,17,2,,2.0504318134105,,,
ROBOT_RELOC,,1,17,3,,2.185123579273217,,,
ROBOT_RELOC,,1,17,4,,1.8885024745944556,,,
ROBOT_RELOC,,1,17,5,,2.487400170424671,,,
ROBOT_RELOC,,1,17,6,,3.850127950388481,,,
ROBOT_RELOC,,1,17,7,,2.2771420875292314,,,
ROBOT_RELOC,,1,17,8,,3.4741486165051967,,,
ROBOT_RELOC,,1,17,9,,2.1744461409386586,,,
ROBOT_RELOC,,1,17,10,,2.313660170289892,,,
ROBOT_RELOC,,1,17,11,,3.4731287744788166,,,
ROBOT_RELOC,,1,17,12,,3.97624519714157,,,
ROBOT_RELOC,,1,17,13,,2.757630821721846,,,
ROBOT_RELOC,,1,17,14,,2.9206767922596883,,,
ROBOT_RELOC,,1,17,15,,0.9393784170546055,,,
ROBOT_RELOC,,1,17,16,,1.1114941166374182,,,
ROBOT_RELOC,,1,17,17,,0.0,,,
ROBOT_RELOC,,2,0,0,,0.0,,,
ROBOT_RELOC,,2,0,1,,0.7103592162408988,,,
ROBOT_RELOC,,2,0,2,,2.2091362406817767,,,
ROBOT_RELOC,,2,0,3,,2.440171898841036,,,
ROBOT_RELOC,,2,0,4,,3.355836512795575,,,
ROBOT_RELOC,,2,0,5,,2.7280826927508306,,,
ROBOT_RELOC,,2,0,6,,3.2903024759504333,,,
ROBOT_RELOC,,2,0,7,,3.5771179145733942,,,
ROBOT_RELOC,,2,0,8,,1.7749173813955752,,,
ROBOT_RELOC,,2,0,9,,3.178643548387876,,,
ROBOT_RELOC,,2,0,10,,2.701063547583945,,,
ROBOT_RELOC,,2,0,11,,3.5844630971372355,,,
ROBOT_RELOC,,2,0,12,,2.6302594834634014,,,
ROBOT_RELOC,,2,0,13,,2.6354124860901194,,,
ROBOT_RELOC,,2,0,14,,2.0171599189320877,,,
ROBOT_RELOC,,2,0,15,,3.4647719885596056,,,
ROBOT_RELOC,,2,0,16,,2.3863757211028003,,,
ROBOT_RELOC,,2,0,17,,2.4874731257487133,,,
ROBOT_RELOC,,2,1,0,,0.5217076675149684,,,
ROBOT_RELOC,,2,1,1,,0.0,,,
ROBOT_RELOC,,2,1,2,,3.2088258404110652,,,
ROBOT_RELOC,,2,1,3,,2.3018196060006995,,,
ROBOT_RELOC,,2,1,4,,1.685802903179688,,,
ROBOT_RELOC,,2,1,5,,2.0483888714507517,,,
ROBOT_RELOC,,2,1,6,,3.052112265730837,,,
ROBOT_RELOC,,2,1,7,,1.9894462992110258,,,
ROBOT_RELOC,,2,1,8,,2.659727031742447,,,
ROBOT_RELOC,,2,1,9,,1.7094335741497066,,,
ROBOT_RELOC,,2,1,10,,2.5708627679814677,,,
ROBOT_RELOC,,2,1,11,,1.5090706400546001,,,
ROBOT_RELOC,,2,1,12,,1.7438615764967613,,,
ROBOT_RELOC,,2,1,13,,2.882320766320626,,,
ROBOT_RELOC,,2,1,14,,2.693724048094329,,,
ROBOT_RELOC,,2,1,15,,3.296282741698073,,,
ROBOT_RELOC,,2,1,16,,2.155551168413235,,,
ROBOT_RELOC,,2,1,17,,3.202276548367999,,,
ROBOT_RELOC,,2,2,0,,3.853911694942915,,,
ROBOT_RELOC,,2,2,1,,1.8193108281668444,,,
ROBOT_RELOC,,2,2,2,,0.0,,,
ROBOT_RELOC,,2,2,3,,2.8418530417275596,,,
ROBOT_RELOC,,2,2,4,,2.2411804820464085,,,
ROBOT_RELOC,,2,2,5,,2.9977107991348584,,,
ROBOT_RELOC,,2,2,6,,3.4245830753167548,,,
ROBOT_RELOC,,2,2,7,,3.4137579506578684,,,
ROBOT_RELOC,,2,2,8,,2.8036096338391476,,,
ROBOT_RELOC,,2,2,9,,2.6612671151236524,,,
ROBOT_RELOC,,2,2,10,,3.4819262907883823,,,
ROBOT_RELOC,,2,2,11,,1.578060345943495,,,
ROBOT_RELOC,,2,2,12,,1.8699642600854025,,,
ROBOT_RELOC,,2,2,13,,3.7313804649542606,,,
ROBOT_RELOC,,2,2,14,,2.5013227767250434,,,
ROBOT_RELOC,,2,2,15,,2.9493881601577256,,,
ROBOT_RELOC,,2,2,16,,1.7818550318667152,,,
ROBOT_RELOC,,2,2,17,,1.5564771929333476,,,
ROBOT_RELOC,,2,3,0,,3.5296421612690287,,,
ROBOT_RELOC,,2,3,1,,3.6118549641369104,,,
ROBOT_RELOC,,2,3,2,,1.6066410325565719,,,
ROBOT_RELOC,,2,3,3,,0.0,,,
ROBOT_RELOC,,2,3,4,,1.0139221460785917,,,
ROBOT_RELOC,,2,3,5,,1.0846545461780372,,,
ROBOT_RELOC,,2,3,6,,3.0879710573622914,,,
ROBOT_RELOC,,2,3,7,,1.6332713200144087,,,
ROBOT_RELOC,,2,3,8,,2.0519903222741105,,,
ROBOT_RELOC,,2,3,9,,3.9595757432271683,,,
ROBOT_RELOC,,2,3,10,,3.88127814548943,,,
ROBOT_RELOC,,2,3,11,,3.0580872971108017,,,
ROBOT_RELOC,,2,3,12,,2.0028565312753708,,,
ROBOT_RELOC,,2,3,13,,2.9572677229611255,,,
ROBOT_RELOC,,2,3,14,,2.0505401288208622,,,
ROBOT_RELOC,,2,3,15,,3.582493230430903,,,
ROBOT_RELOC,,2,3,16,,3.7847206980712658,,,
ROBOT_RELOC,,2,3,17,,2.7697853687809126,,,
ROBOT_RELOC,,2,4,0,,3.9310943894582864,,,
ROBOT_RELOC,,2,4,1,,2.0066686801811553,,,
ROBOT_RELOC,,2,4,2,,3.8561469520250418,,,
ROBOT_RELOC,,2,4,3,,0.5257838684075128,,,
ROBOT_RELOC,,2,4,4,,0.0,,,
ROBOT_RELOC,,2,4,5,,0.9506224923877308,,,
ROBOT_RELOC,,2,4,6,,3.703677272642977,,,
ROBOT_RELOC,,2,4,7,,3.040471131020797,,,
ROBOT_RELOC,,2,4,8,,2.202519755693818,,,
ROBOT_RELOC,,2,4,9,,2.805693109732453,,,
ROBOT_RELOC,,2,4,10,,1.7961391466463716,,,
ROBOT_RELOC,,2,4,11,,2.875631346416001,,,
ROBOT_RELOC,,2,4,12,,3.4912293235755927,,,
ROBOT_RELOC,,2,4,13,,2.7770344887326845,,,
ROBOT_RELOC,,2,4,14,,3.433147714001213,,,
ROBOT_RELOC,,2,4,15,,2.344066132915217,,,
ROBOT_RELOC,,2,4,16,,1.542082121177318,,,
ROBOT_RELOC,,2,4,17,,2.9725158199939385,,,
ROBOT_RELOC,,2,5,0,,3.6395880261462534,,,
ROBOT_RELOC,,2,5,1,,3.123544996664047,,,
ROBOT_RELOC,,2,5,2,,3.496430389503507,,,
ROBOT_RELOC,,2,5,3,,0.6969332880558193,,,
ROBOT_RELOC,,2,5,4,,0.8148380929164621,,,
ROBOT_RELOC,,2,5,5,,0.0,,,
ROBOT_RELOC,,2,5,6,,1.5994023010231373,,,
ROBOT_RELOC,,2,5,7,,2.8336530030892755,,,
ROBOT_RELOC,,2,5,8,,2.6848086050676008,,,
ROBOT_RELOC,,2,5,9,,2.3520838138691884,,,
ROBOT_RELOC,,2,5,10,,2.844738185753158,,,
ROBOT_RELOC,,2,5,11,,2.305986436873958,,,
ROBOT_RELOC,,2,5,12,,3.5096106161859844,,,
ROBOT_RELOC,,2,5,13,,1.8854873037665305,,,
ROBOT_RELOC,,2,5,14,,2.062169271569015,,,
ROBOT_RELOC,,2,5,15,,3.0755584225051766,,,
ROBOT_RELOC,,2,5,16,,2.6142856862912787,,,
ROBOT_RELOC,,2,5,17,,1.7377375224052056,,,
ROBOT_RELOC,,2,6,0,,3.659405575993273,,,
ROBOT_RELOC,,2,6,1,,1.5381597543523222,,,
ROBOT_RELOC,,2,6,2,,2.53692178573678,,,
ROBOT_RELOC,,2,6,3,,3.2101517945400015,,,
ROBOT_RELOC,,2,6,4,,3.233397514813835,,,
ROBOT_RELOC,,2,6,5,,2.883710318677349,,,
ROBOT_RELOC,,2,6,6,,0.0,,,
ROBOT_RELOC,,2,6,7,,3.9855504229470347,,,
ROBOT_RELOC,,2,6,8,,2.0845465706039246,,,
ROBOT_RELOC,,2,6,9,,3.4029660172906437,,,
ROBOT_RELOC,,2,6,10,,3.0026096746225823,,,
ROBOT_RELOC,,2,6,11,,2.8821184687434207,,,
ROBOT_RELOC,,2,6,12,,2.2955050315320493,,,
ROBOT_RELOC,,2,6,13,,2.097871332449511,,,
ROBOT_RELOC,,2,6,14,,1.7445834556375979,,,
ROBOT_RELOC,,2,6,15,,1.9169120439117298,,,
ROBOT_RELOC,,2,6,16,,3.2657315259324093,,,
ROBOT_RELOC,,2,6,17,,2.8162092880543526,,,
ROBOT_RELOC,,2,7,0,,3.2770629968150886,,,
ROBOT_RELOC,,2,7,1,,3.3476260798591255,,,
ROBOT_RELOC,,2,7,2,,3.347970801063007,,,
ROBOT_RELOC,,2,7,3,,3.9291407658330124,,,
ROBOT_RELOC,,2,7,4,,2.83911536771161,,,
ROBOT_RELOC,,2,7,5,,2.646842615518163,,,
ROBOT_RELOC,,2,7,6,,3.9740090137957993,,,
ROBOT_RELOC,,2,7,7,,0.0,,,
ROBOT_RELOC,,2,7,8,,1.021362647408079,,,
ROBOT_RELOC,,2,7,9,,0.6614429673833682,,,
ROBOT_RELOC,,2,7,10,,1.5988044634087826,,,
ROBOT_RELOC,,2,7,11,,2.527504357516598,,,
ROBOT_RELOC,,2,7,12,,3.0017106015123085,,,
ROBOT_RELOC,,2,7,13,,3.015501534815778,,,
ROBOT_RELOC,,2,7,14,,3.617853098022387,,,
ROBOT_RELOC,,2,7,15,,3.9333173083922253,,,
ROBOT_RELOC,,2,7,16,,1.6492513872288914,,,
ROBOT_RELOC,,2,7,17,,3.3023264263577667,,,
ROBOT_RELOC,,2,8,0,,3.2086418362957527,,,
ROBOT_RELOC,,2,8,1,,1.7979828392332786,,,
ROBOT_RELOC,,2,8,2,,3.2476680405392244,,,
ROBOT_RELOC,,2,8,3,,1.5970543909439123,,,
ROBOT_RELOC,,2,8,4,,1.756528643294556,,,
ROBOT_RELOC,,2,8,5,,2.241959594566345,,,
ROBOT_RELOC,,2,8,6,,2.647775170378936,,,
ROBOT_RELOC,,2,8,7,,1.2043577648238157,,,
ROBOT_RELOC,,2,8,8,,0.0,,,
ROBOT_RELOC,,2,8,9,,1.4941639887808729,,,
ROBOT_RELOC,,2,8,10,,3.4662643672090283,,,
ROBOT_RELOC,,2,8,11,,2.3604411769499065,,,
ROBOT_RELOC,,2,8,12,,2.133851319226846,,,
ROBOT_RELOC,,2,8,13,,2.340853664303251,,,
ROBOT_RELOC,,2,8,14,,2.035071603616273,,,
ROBOT_RELOC,,2,8,15,,2.3675255271583318,,,
ROBOT_RELOC,,2,8,16,,2.3162601960106466,,,
ROBOT_RELOC,,2,8,17,,2.7195186053122287,,,
ROBOT_RELOC,,2,9,0,,3.319573700806597,,,
ROBOT_RELOC,,2,9,1,,2.7560303280118847,,,
ROBOT_RELOC,,2,9,2,,1.5548760265055794,,,
ROBOT_RELOC,,2,9,3,,3.187636064639952,,,
ROBOT_RELOC,,2,9,4,,3.815447471594811,,,
ROBOT_RELOC,,2,9,5,,3.3882363032972718,,,
ROBOT_RELOC,,2,9,6,,3.1547699661322604,,,
ROBOT_RELOC,,2,9,7,,0.6027480056911247,,,
ROBOT_RELOC,,2,9,8,,1.4549741387189963,,,
ROBOT_RELOC,,2,9,9,,0.0,,,
ROBOT_RELOC,,2,9,10,,1.5422871300817949,,,
ROBOT_RELOC,,2,9,11,,2.7582754147861483,,,
ROBOT_RELOC,,2,9,12,,3.229527922972177,,,
ROBOT_RELOC,,2,9,13,,1.7980897830080447,,,
ROBOT_RELOC,,2,9,14,,3.6312895380899786,,,
ROBOT_RELOC,,2,9,15,,1.830958716038758,,,
ROBOT_RELOC,,2,9,16,,1.9711495342265293,,,
ROBOT_RELOC,,2,9,17,,3.1364532996225174,,,
ROBOT_RELOC,,2,10,0,,2.3203606793483758,,,
ROBOT_RELOC,,2,10,1,,3.9295150785287007,,,
ROBOT_RELOC,,2,10,2,,2.018342307937632,,,
ROBOT_RELOC,,2,10,3,,3.480950487612506,,,
ROBOT_RELOC,,2,10,4,,1.8513796557611766,,,
ROBOT_RELOC,,2,10,5,,3.6577367335273707,,,
ROBOT_RELOC,,2,10,6,,1.5506814921716081,,,
ROBOT_RELOC,,2,10,7,,3.888721700512773,,,
ROBOT_RELOC,,2,10,8,,2.734977288065976,,,
ROBOT_RELOC,,2,10,9,,3.748276522718821,,,
ROBOT_RELOC,,2,10,10,,0.0,,,
ROBOT_RELOC,,2,10,11,,0.8242055540342552,,,
ROBOT_RELOC,,2,10,12,,0.547355568105922,,,
ROBOT_RELOC,,2,10,13,,2.064442351003703,,,
ROBOT_RELOC,,2,10,14,,2.063572050154061,,,
ROBOT_RELOC,,2,10,15,,2.4394980545953766,,,
ROBOT_RELOC,,2,10,16,,2.125350249867055,,,
ROBOT_RELOC,,2,10,17,,3.889319320636208,,,
ROBOT_RELOC,,2,11,0,,2.3366781352334933,,,
ROBOT_RELOC,,2,11,1,,1.6984187443220844,,,
ROBOT_RELOC,,2,11,2,,2.022218771915247,,,
ROBOT_RELOC,,2,11,3,,3.9513258783608842,,,
ROBOT_RELOC,,2,11,4,,3.8833258835698734,,,
ROBOT_RELOC,,2,11,5,,3.673925784304633,,,
ROBOT_RELOC,,2,11,6,,1.995428937152347,,,
ROBOT_RELOC,,2,11,7,,3.507451847727605,,,
ROBOT_RELOC,,2,11,8,,1.849969101260657,,,
ROBOT_RELOC,,2,11,9,,1.5527452522410337,,,
ROBOT_RELOC,,2,11,10,,1.188748938000968,,,
ROBOT_RELOC,,2,11,11,,0.0,,,
ROBOT_RELOC,,2,11,12,,1.4025870924629533,,,
ROBOT_RELOC,,2,11,13,,3.845064371581623,,,
ROBOT_RELOC,,2,11,14,,2.407861926829481,,,
ROBOT_RELOC,,2,11,15,,3.356539637854929,,,
ROBOT_RELOC,,2,11,16,,1.7948299050845324,,,
ROBOT_RELOC,,2,11,17,,3.8264681050682676,,,
ROBOT_RELOC,,2,12,0,,1.5874396490158702,,,
ROBOT_RELOC,,2,12,1,,2.902129172715354,,,
ROBOT_RELOC,,2,12,2,,3.414804911825147,,,
ROBOT_RELOC,,2,12,3,,1.8919129617924137,,,
ROBOT_RELOC,,2,12,4,,3.231070918767166,,,
ROBOT_RELOC,,2,12,5,,3.434322023378696,,,
ROBOT_RELOC,,2,12,6,,2.2780246595151192,,,
ROBOT_RELOC,,2,12,7,,3.534421921898773,,,
ROBOT_RELOC,,2,12,8,,3.8475843501850346,,,
ROBOT_RELOC,,2,12,9,,2.136393809546429,,,
ROBOT_RELOC,,2,12,10,,1.3604832233553328,,,
ROBOT_RELOC,,2,12,11,,0.5637312762056194,,,
ROBOT_RELOC,,2,12,12,,0.0,,,
ROBOT_RELOC,,2,12,13,,2.055192419246672,,,
ROBOT_RELOC,,2,12,14,,1.7455970787894455,,,
ROBOT_RELOC,,2,12,15,,2.308662163968798,,,
ROBOT_RELOC,,2,12,16,,2.297637322454845,,,
ROBOT_RELOC,,2,12,17,,1.5920642303735741,,,
ROBOT_RELOC,,2,13,0,,3.4602896174263353,,,
ROBOT_RELOC,,2,13,1,,3.4841835450644885,,,
ROBOT_RELOC,,2,13,2,,3.6812356753638715,,,
ROBOT_RELOC,,2,13,3,,1.8034845327340487,,,
ROBOT_RELOC,,2,13,4,,2.1771853311762324,,,
ROBOT_RELOC,,2,13,5,,1.7410058462316869,,,
ROBOT_RELOC,,2,13,6,,2.5734708938289232,,,
ROBOT_RELOC,,2,13,7,,2.423069725616604,,,
ROBOT_RELOC,,2,13,8,,2.170059368140742,,,
ROBOT_RELOC,,2,13,9,,2.2185965804950296,,,
ROBOT_RELOC,,2,13,10,,2.0160021133593915,,,
ROBOT_RELOC,,2,13,11,,2.7705314116708193,,,
ROBOT_RELOC,,2,13,12,,2.626646300479478,,,
ROBOT_RELOC,,2,13,13,,0.0,,,
ROBOT_RELOC,,2,13,14,,1.4179868673482754,,,
ROBOT_RELOC,,2,13,15,,2.6967020539721474,,,
ROBOT_RELOC,,2,13,16,,2.8090330308641773,,,
ROBOT_RELOC,,2,13,17,,1.9627722856435925,,,
ROBOT_RELOC,,2,14,0,,3.7838616854164004,,,
ROBOT_RELOC,,2,14,1,,2.8485593563991287,,,
ROBOT_RELOC,,2,14,2,,3.3108236970008837,,,
ROBOT_RELOC,,2,14,3,,2.5450486462357653,,,
ROBOT_RELOC,,2,14,4,,3.257071694146887,,,
ROBOT_RELOC,,2,14,5,,3.22348804327354,,,
ROBOT_RELOC,,2,14,6,,2.5501215808758055,,,
ROBOT_RELOC,,2,14,7,,3.8991919422358494,,,
ROBOT_RELOC,,2,14,8,,2.3343298406211934,,,
ROBOT_RELOC,,2,14,9,,3.280344291052068,,,
ROBOT_RELOC,,2,14,10,,2.4843658834904656,,,
ROBOT_RELOC,,2,14,11,,3.350072685111639,,,
ROBOT_RELOC,,2,14,12,,2.147844097979778,,,
ROBOT_RELOC,,2,14,13,,1.199702957254352,,,
ROBOT_RELOC,,2,14,14,,0.0,,,
ROBOT_RELOC,,2,14,15,,2.3204170544628893,,,
ROBOT_RELOC,,2,14,16,,2.5928229984236073,,,
ROBOT_RELOC,,2,14,17,,2.2298773869904043,,,
ROBOT_RELOC,,2,15,0,,3.8046555703851808,,,
ROBOT_RELOC,,2,15,1,,3.7745851288606422,,,
ROBOT_RELOC,,2,15,2,,2.8050817292205057,,,
ROBOT_RELOC,,2,15,3,,3.264700020293752,,,
ROBOT_RELOC,,2,15,4,,3.8780423916157813,,,
ROBOT_RELOC,,2,15,5,,2.534871560231145,,,
ROBOT_RELOC,,2,15,6,,3.1914353262966833,,,
ROBOT_RELOC,,2,15,7,,1.5360857881263126,,,
ROBOT_RELOC,,2,15,8,,2.5749196140747213,,,
ROBOT_RELOC,,2,15,9,,3.257414550807563,,,
ROBOT_RELOC,,2,15,10,,2.0871180384359747,,,
ROBOT_RELOC,,2,15,11,,1.895209573234578,,,
ROBOT_RELOC,,2,15,12,,3.241354355570814,,,
ROBOT_RELOC,,2,15,13,,3.09976583185427,,,
ROBOT_RELOC,,2,15,14,,1.6100173614752245,,,
ROBOT_RELOC,,2,15,15,,0.0,,,
ROBOT_RELOC,,2,15,16,,0.6910486220651937,,,
ROBOT_RELOC,,2,15,17,,1.2680812654875044,,,
ROBOT_RELOC,,2,16,0,,2.7240195073531135,,,
ROBOT_RELOC,,2,16,1,,2.652106753710163,,,
ROBOT_RELOC,,2,16,2,,1.5887935998278842,,,
ROBOT_RELOC,,2,16,3,,2.891823937375576,,,
ROBOT_RELOC,,2,16,4,,3.7041613486500102,,,
ROBOT_RELOC,,2,16,5,,3.3207779511785915,,,
ROBOT_RELOC,,2,16,6,,2.785076714159958,,,
ROBOT_RELOC,,2,16,7,,2.9915827395785755,,,
ROBOT_RELOC,,2,16,8,,3.1351134876335163,,,
ROBOT_RELOC,,2,16,9,,2.5834807068438517,,,
ROBOT_RELOC,,2,16,10,,3.2819449689555253,,,
ROBOT_RELOC,,2,16,11,,1.5412836381778312,,,
ROBOT_RELOC,,2,16,12,,1.5975137975354037,,,
ROBOT_RELOC,,2,16,13,,2.240090158447498,,,
ROBOT_RELOC,,2,16,14,,3.3314516631358404,,,
ROBOT_RELOC,,2,16,15,,1.0762489877883228,,,
ROBOT_RELOC,,2,16,16,,0.0,,,
ROBOT_RELOC,,2,16,17,,0.7581451990488678,,,
ROBOT_RELOC,,2,17,0,,3.9483322548810555,,,
ROBOT_RELOC,,2,17,1,,3.4692157939128663,,,
ROBOT_RELOC,,2,17,2,,3.522393073604115,,,
ROBOT_RELOC,,2,17,3,,2.5304102372572794,,,
ROBOT_RELOC,,2,17,4,,3.7703433236635955,,,
ROBOT_RELOC,,2,17,5,,1.7842927790929406,,,
ROBOT_RELOC,,2,17,6,,2.2463808035127233,,,
ROBOT_RELOC,,2,17,7,,3.3007144233548855,,,
ROBOT_RELOC,,2,17,8,,1.6724361764427158,,,
ROBOT_RELOC,,2,17,9,,2.2359435144407085,,,
ROBOT_RELOC,,2,17,10,,2.2465947071433066,,,
ROBOT_RELOC,,2,17,11,,3.438225281600397,,,
ROBOT_RELOC,,2,17,12,,1.5933256928903325,,,
ROBOT_RELOC,,2,17,13,,1.8492518555195732,,,
ROBOT_RELOC,,2,17,14,,2.1720902441490857,,,
ROBOT_RELOC,,2,17,15,,1.2658134583577207,,,
ROBOT_RELOC,,2,17,16,,1.4481353317128614,,,
ROBOT_RELOC,,2,17,17,,0.0,,,
ROBOT_RELOC,,3,0,0,,0.0,,,
ROBOT_RELOC,,3,0,1,,0.6076434547558945,,,
ROBOT_RELOC,,3,0,2,,3.401470728472826,,,
ROBOT_RELOC,,3,0,3,,1.8315811326797202,,,
ROBOT_RELOC,,3,0,4,,3.120436926486505,,,
ROBOT_RELOC,,3,0,5,,2.489521679236576,,,
ROBOT_RELOC,,3,0,6,,3.4421515420868847,,,
ROBOT_RELOC,,3,0,7,,3.559116322515295,,,
ROBOT_RELOC,,3,0,8,,3.4860803821222017,,,
ROBOT_RELOC,,3,0,9,,3.1829630389703407,,,
ROBOT_RELOC,,3,0,10,,2.83642156687971,,,
ROBOT_RELOC,,3,0,11,,3.671240370005415,,,
ROBOT_RELOC,,3,0,12,,2.8576269150681752,,,
ROBOT_RELOC,,3,0,13,,2.4212397347245997,,,
ROBOT_RELOC,,3,0,14,,2.414516649019553,,,
ROBOT_RELOC,,3,0,15,,2.440223508322003,,,
ROBOT_RELOC,,3,0,16,,2.2047158749395517,,,
ROBOT_RELOC,,3,0,17,,3.0527039723956513,,,
ROBOT_RELOC,,3,1,0,,0.53240914937878,,,
ROBOT_RELOC,,3,1,1,,0.0,,,
ROBOT_RELOC,,3,1,2,,2.696549398098819,,,
ROBOT_RELOC,,3,1,3,,3.7726178251771314,,,
ROBOT_RELOC,,3,1,4,,3.938991564432988,,,
ROBOT_RELOC,,3,1,5,,3.589462690512692,,,
ROBOT_RELOC,,3,1,6,,2.700944834038339,,,
ROBOT_RELOC,,3,1,7,,2.9087604137112337,,,
ROBOT_RELOC,,3,1,8,,3.5027084453295405,,,
ROBOT_RELOC,,3,1,9,,3.269566774994492,,,
ROBOT_RELOC,,3,1,10,,3.4012458085354305,,,
ROBOT_RELOC,,3,1,11,,3.908470929960909,,,
ROBOT_RELOC,,3,1,12,,3.7935268165515534,,,
ROBOT_RELOC,,3,1,13,,1.7818422757927785,,,
ROBOT_RELOC,,3,1,14,,2.937198180472631,,,
ROBOT_RELOC,,3,1,15,,2.2340003917509277,,,
ROBOT_RELOC,,3,1,16,,2.185384335930277,,,
ROBOT_RELOC,,3,1,17,,3.852941380893465,,,
ROBOT_RELOC,,3,2,0,,3.647254284159742,,,
ROBOT_RELOC,,3,2,1,,3.7297431780594748,,,
ROBOT_RELOC,,3,2,2,,0.0,,,
ROBOT_RELOC,,3,2,3,,3.0623804091449127,,,
ROBOT_RELOC,,3,2,4,,2.958448724103434,,,
ROBOT_RELOC,,3,2,5,,3.292814722466263,,,
ROBOT_RELOC,,3,2,6,,2.589050359552752,,,
ROBOT_RELOC,,3,2,7,,3.364861093282493,,,
ROBOT_RELOC,,3,2,8,,2.6504506058136243,,,
ROBOT_RELOC,,3,2,9,,1.890086216154924,,,
ROBOT_RELOC,,3,2,10,,2.6778258896720835,,,
ROBOT_RELOC,,3,2,11,,2.284530746058307,,,
ROBOT_RELOC,,3,2,12,,3.4135428059347817,,,
ROBOT_RELOC,,3,2,13,,2.197198053919024,,,
ROBOT_RELOC,,3,2,14,,3.7479154023859054,,,
ROBOT_RELOC,,3,2,15,,1.5781922552099334,,,
ROBOT_RELOC,,3,2,16,,2.195877759115528,,,
ROBOT_RELOC,,3,2,17,,3.4247971402625894,,,
ROBOT_RELOC,,3,3,0,,3.6230172797864637,,,
ROBOT_RELOC,,3,3,1,,2.9767860505901256,,,
ROBOT_RELOC,,3,3,2,,1.817619436919705,,,
ROBOT_RELOC,,3,3,3,,0.0,,,
ROBOT_RELOC,,3,3,4,,0.9120679122646742,,,
ROBOT_RELOC,,3,3,5,,1.141833940598492,,,
ROBOT_RELOC,,3,3,6,,3.0459029119556655,,,
ROBOT_RELOC,,3,3,7,,2.9193842000743313,,,
ROBOT_RELOC,,3,3,8,,2.7862614559117764,,,
ROBOT_RELOC,,3,3,9,,3.7181751862684944,,,
ROBOT_RELOC,,3,3,10,,3.978303940347872,,,
ROBOT_RELOC,,3,3,11,,2.1922358594692684,,,
ROBOT_RELOC,,3,3,12,,3.4645970096219423,,,
ROBOT_RELOC,,3,3,13,,1.836782377291553,,,
ROBOT_RELOC,,3,3,14,,2.663386535850683,,,
ROBOT_RELOC,,3,3,15,,1.755914957739207,,,
ROBOT_RELOC,,3,3,16,,1.547303900583101,,,
ROBOT_RELOC,,3,3,17,,2.864712147410433,,,
ROBOT_RELOC,,3,4,0,,1.652481212003239,,,
ROBOT_RELOC,,3,4,1,,3.061931266312848,,,
ROBOT_RELOC,,3,4,2,,3.25933070115015,,,
ROBOT_RELOC,,3,4,3,,1.2865402350559987,,,
ROBOT_RELOC,,3,4,4,,0.0,,,
ROBOT_RELOC,,3,4,5,,1.2415017110863742,,,
ROBOT_RELOC,,3,4,6,,2.8569634521593756,,,
ROBOT_RELOC,,3,4,7,,2.2654911178584243,,,
ROBOT_RELOC,,3,4,8,,3.848164478543961,,,
ROBOT_RELOC,,3,4,9,,3.9915143829003004,,,
ROBOT_RELOC,,3,4,10,,2.963291317293308,,,
ROBOT_RELOC,,3,4,11,,3.05293931165823,,,
ROBOT_RELOC,,3,4,12,,2.3528629648210027,,,
ROBOT_RELOC,,3,4,13,,2.0891685400985724,,,
ROBOT_RELOC,,3,4,14,,2.232792868827604,,,
ROBOT_RELOC,,3,4,15,,3.3258990671266924,,,
ROBOT_RELOC,,3,4,16,,3.142138790190508,,,
ROBOT_RELOC,,3,4,17,,2.8001176693316148,,,
ROBOT_RELOC,,3,5,0,,3.5146301959548922,,,
ROBOT_RELOC,,3,5,1,,1.6945904778581073,,,
ROBOT_RELOC,,3,5,2,,3.9243037527178255,,,
ROBOT_RELOC,,3,5,3,,0.6650460189256213,,,
ROBOT_RELOC,,3,5,4,,1.1270888613662189,,,
ROBOT_RELOC,,3,5,5,,0.0,,,
ROBOT_RELOC,,3,5,6,,2.2433780082438415,,,
ROBOT_RELOC,,3,5,7,,3.849354634738358,,,
ROBOT_RELOC,,3,5,8,,3.3651649407825457,,,
ROBOT_RELOC,,3,5,9,,2.402861830284552,,,
ROBOT_RELOC,,3,5,10,,1.9334705307426123,,,
ROBOT_RELOC,,3,5,11,,3.2994167206478995,,,
ROBOT_RELOC,,3,5,12,,1.858438002576199,,,
ROBOT_RELOC,,3,5,13,,3.923581332669464,,,
ROBOT_RELOC,,3,5,14,,3.3928285707928763,,,
ROBOT_RELOC,,3,5,15,,3.846456031894605,,,
ROBOT_RELOC,,3,5,16,,3.6194614448551183,,,
ROBOT_RELOC,,3,5,17,,3.3301341538256244,,,
ROBOT_RELOC,,3,6,0,,1.5261233811449664,,,
ROBOT_RELOC,,3,6,1,,3.0921012454586703,,,
ROBOT_RELOC,,3,6,2,,3.7878963791308995,,,
ROBOT_RELOC,,3,6,3,,1.8264875484168903,,,
ROBOT_RELOC,,3,6,4,,3.589320118836717,,,
ROBOT_RELOC,,3,6,5,,2.9534184902363894,,,
ROBOT_RELOC,,3,6,6,,0.0,,,
ROBOT_RELOC,,3,6,7,,1.7797672745512232,,,
ROBOT_RELOC,,3,6,8,,3.096349789787298,,,
ROBOT_RELOC,,3,6,9,,2.7290263216520563,,,
ROBOT_RELOC,,3,6,10,,2.361787160832557,,,
ROBOT_RELOC,,3,6,11,,2.818689892432717,,,
ROBOT_RELOC,,3,6,12,,3.8760488647126916,,,
ROBOT_RELOC,,3,6,13,,3.54204114768857,,,
ROBOT_RELOC,,3,6,14,,1.5865203557843786,,,
ROBOT_RELOC,,3,6,15,,3.4296451289658885,,,
ROBOT_RELOC,,3,6,16,,3.4671248915364536,,,
ROBOT_RELOC,,3,6,17,,2.166366769012803,,,
ROBOT_RELOC,,3,7,0,,3.0283335655809047,,,
ROBOT_RELOC,,3,7,1,,3.261835031703184,,,
ROBOT_RELOC,,3,7,2,,2.6185162982735855,,,
ROBOT_RELOC,,3,7,3,,1.8048741595375983,,,
ROBOT_RELOC,,3,7,4,,3.45241294498934,,,
ROBOT_RELOC,,3,7,5,,3.46275019836785,,,
ROBOT_RELOC,,3,7,6,,2.8722189801748614,,,
ROBOT_RELOC,,3,7,7,,0.0,,,
ROBOT_RELOC,,3,7,8,,0.8206705697718703,,,
ROBOT_RELOC,,3,7,9,,0.9620804819817164,,,
ROBOT_RELOC,,3,7,10,,3.7088070022131787,,,
ROBOT_RELOC,,3,7,11,,2.7413382366586214,,,
ROBOT_RELOC,,3,7,12,,3.980739226799123,,,
ROBOT_RELOC,,3,7,13,,3.2486592576520925,,,
ROBOT_RELOC,,3,7,14,,3.4527723225783196,,,
ROBOT_RELOC,,3,7,15,,3.714352703777914,,,
ROBOT_RELOC,,3,7,16,,2.256241552869591,,,
ROBOT_RELOC,,3,7,17,,2.0321322101428665,,,
ROBOT_RELOC,,3,8,0,,2.615661203396691,,,
ROBOT_RELOC,,3,8,1,,3.9215202722371485,,,
ROBOT_RELOC,,3,8,2,,1.9879030375397413,,,
ROBOT_RELOC,,3,8,3,,3.1766683964081506,,,
ROBOT_RELOC,,3,8,4,,3.6410641095023917,,,
ROBOT_RELOC,,3,8,5,,3.958894385604167,,,
ROBOT_RELOC,,3,8,6,,2.11353037763355,,,
ROBOT_RELOC,,3,8,7,,0.8966998653220185,,,
ROBOT_RELOC,,3,8,8,,0.0,,,
ROBOT_RELOC,,3,8,9,,1.062287646047625,,,
ROBOT_RELOC,,3,8,10,,2.4670769163611173,,,
ROBOT_RELOC,,3,8,11,,2.3288084931320965,,,
ROBOT_RELOC,,3,8,12,,3.801577754653508,,,
ROBOT_RELOC,,3,8,13,,2.0943358457016443,,,
ROBOT_RELOC,,3,8,14,,2.857059283530546,,,
ROBOT_RELOC,,3,8,15,,2.2136065705277805,,,
ROBOT_RELOC,,3,8,16,,3.0807196229142844,,,
ROBOT_RELOC,,3,8,17,,2.691607640234312,,,
ROBOT_RELOC,,3,9,0,,2.731858751807907,,,
ROBOT_RELOC,,3,9,1,,3.7098355785302557,,,
ROBOT_RELOC,,3,9,2,,1.6808702616505893,,,
ROBOT_RELOC,,3,9,3,,2.8284411634228706,,,
ROBOT_RELOC,,3,9,4,,3.6094203214588045,,,
ROBOT_RELOC,,3,9,5,,2.4585971809927636,,,
ROBOT_RELOC,,3,9,6,,3.4530662896836684,,,
ROBOT_RELOC,,3,9,7,,1.45208785801894,,,
ROBOT_RELOC,,3,9,8,,1.1049813670093123,,,
ROBOT_RELOC,,3,9,9,,0.0,,,
ROBOT_RELOC,,3,9,10,,1.642667455532871,,,
ROBOT_RELOC,,3,9,11,,2.1655510322204883,,,
ROBOT_RELOC,,3,9,12,,1.7117836718394972,,,
ROBOT_RELOC,,3,9,13,,3.5830276190209336,,,
ROBOT_RELOC,,3,9,14,,2.0919069192363864,,,
ROBOT_RELOC,,3,9,15,,3.1749341250286482,,,
ROBOT_RELOC,,3,9,16,,1.9405554389012427,,,
ROBOT_RELOC,,3,9,17,,3.3453839195000246,,,
ROBOT_RELOC,,3,10,0,,3.27922506472812,,,
ROBOT_RELOC,,3,10,1,,3.2041401684427617,,,
ROBOT_RELOC,,3,10,2,,2.403138175852658,,,
ROBOT_RELOC,,3,10,3,,3.2102221019850363,,,
ROBOT_RELOC,,3,10,4,,2.785162781680264,,,
ROBOT_RELOC,,3,10,5,,3.382152672814604,,,
ROBOT_RELOC,,3,10,6,,2.831187765790295,,,
ROBOT_RELOC,,3,10,7,,2.062172687283221,,,
ROBOT_RELOC,,3,10,8,,3.9829940675025357,,,
ROBOT_RELOC,,3,10,9,,2.4491396144988022,,,
ROBOT_RELOC,,3,10,10,,0.0,,,
ROBOT_RELOC,,3,10,11,,0.6071771418312183,,,
ROBOT_RELOC,,3,10,12,,1.4621820278736064,,,
ROBOT_RELOC,,3,10,13,,3.1456929484880978,,,
ROBOT_RELOC,,3,10,14,,3.569366187071008,,,
ROBOT_RELOC,,3,10,15,,1.5908516916460713,,,
ROBOT_RELOC,,3,10,16,,2.12900446290041,,,
ROBOT_RELOC,,3,10,17,,2.290832494827109,,,
ROBOT_RELOC,,3,11,0,,3.0250339282416725,,,
ROBOT_RELOC,,3,11,1,,3.104757012655048,,,
ROBOT_RELOC,,3,11,2,,2.1915528263151556,,,
ROBOT_RELOC,,3,11,3,,2.8489422494429135,,,
ROBOT_RELOC,,3,11,4,,3.2952003803046903,,,
ROBOT_RELOC,,3,11,5,,2.849830990255393,,,
ROBOT_RELOC,,3,11,6,,2.4286303666884166,,,
ROBOT_RELOC,,3,11,7,,3.081666650713428,,,
ROBOT_RELOC,,3,11,8,,2.4435240617462624,,,
ROBOT_RELOC,,3,11,9,,1.9988441493781108,,,
ROBOT_RELOC,,3,11,10,,1.2136013269941808,,,
ROBOT_RELOC,,3,11,11,,0.0,,,
ROBOT_RELOC,,3,11,12,,0.9149174858448985,,,
ROBOT_RELOC,,3,11,13,,3.005736923306337,,,
ROBOT_RELOC,,3,11,14,,2.3891007543993537,,,
ROBOT_RELOC,,3,11,15,,1.714291547929676,,,
ROBOT_RELOC,,3,11,16,,2.264814191422873,,,
ROBOT_RELOC,,3,11,17,,2.387449129329596,,,
ROBOT_RELOC,,3,12,0,,2.039934774375001,,,
ROBOT_RELOC,,3,12,1,,1.6464289608232325,,,
ROBOT_RELOC,,3,12,2,,2.6623406003463055,,,
ROBOT_RELOC,,3,12,3,,1.8031895216636562,,,
ROBOT_RELOC,,3,12,4,,2.9980641047690564,,,
ROBOT_RELOC,,3,12,5,,3.671361945694217,,,
ROBOT_RELOC,,3,12,6,,3.906625964564681,,,
ROBOT_RELOC,,3,12,7,,3.346758409539512,,,
ROBOT_RELOC,,3,12,8,,2.80685388335994,,,
ROBOT_RELOC,,3,12,9,,3.1745555413217312,,,
ROBOT_RELOC,,3,12,10,,1.3380983412260665,,,
ROBOT_RELOC,,3,12,11,,0.6340536674434489,,,
ROBOT_RELOC,,3,12,12,,0.0,,,
ROBOT_RELOC,,3,12,13,,3.9584992956206273,,,
ROBOT_RELOC,,3,12,14,,3.614896114222427,,,
ROBOT_RELOC,,3,12,15,,3.6563366983977406,,,
ROBOT_RELOC,,3,12,16,,2.74514406542861,,,
ROBOT_RELOC,,3,12,17,,1.9487574675191197,,,
ROBOT_RELOC,,3,13,0,,2.050060554285543,,,
ROBOT_RELOC,,3,13,1,,2.473625760884101,,,
ROBOT_RELOC,,3,13,2,,2.6589258692588835,,,
ROBOT_RELOC,,3,13,3,,2.3117430013309366,,,
ROBOT_RELOC,,3,13,4,,3.633638293518498,,,
ROBOT_RELOC,,3,13,5,,2.819607781228339,,,
ROBOT_RELOC,,3,13,6,,2.594191192004822,,,
ROBOT_RELOC,,3,13,7,,3.4093087511500704,,,
ROBOT_RELOC,,3,13,8,,1.9894409551491292,,,
ROBOT_RELOC,,3,13,9,,2.9644533818668557,,,
ROBOT_RELOC,,3,13,10,,2.887741481770699,,,
ROBOT_RELOC,,3,13,11,,2.406815550908812,,,
ROBOT_RELOC,,3,13,12,,3.148775539482898,,,
ROBOT_RELOC,,3,13,13,,0.0,,,
ROBOT_RELOC,,3,13,14,,0.5425237987471792,,,
ROBOT_RELOC,,3,13,15,,2.3232786464358113,,,
ROBOT_RELOC,,3,13,16,,1.6325508146903078,,,
ROBOT_RELOC,,3,13,17,,2.990546985148192,,,
ROBOT_RELOC,,3,14,0,,3.840234396271571,,,
ROBOT_RELOC,,3,14,1,,3.0574219857979603,,,
ROBOT_RELOC,,3,14,2,,3.0414612585310037,,,
ROBOT_RELOC,,3,14,3,,1.8887206499577678,,,
ROBOT_RELOC,,3,14,4,,1.6267376107571225,,,
ROBOT_RELOC,,3,14,5,,3.670880752756546,,,
ROBOT_RELOC,,3,14,6,,3.1544603317487203,,,
ROBOT_RELOC,,3,14,7,,1.7143261014485467,,,
ROBOT_RELOC,,3,14,8,,1.9635032356043505,,,
ROBOT_RELOC,,3,14,9,,3.4528909293514527,,,
ROBOT_RELOC,,3,14,10,,3.6754812763712583,,,
ROBOT_RELOC,,3,14,11,,2.4596905132433466,,,
ROBOT_RELOC,,3,14,12,,3.041177658895522,,,
ROBOT_RELOC,,3,14,13,,1.0822786214803737,,,
ROBOT_RELOC,,3,14,14,,0.0,,,
ROBOT_RELOC,,3,14,15,,2.2960607991150175,,,
ROBOT_RELOC,,3,14,16,,3.5064954221825198,,,
ROBOT_RELOC,,3,14,17,,1.7078429519596316,,,
ROBOT_RELOC,,3,15,0,,1.6411541114391608,,,
ROBOT_RELOC,,3,15,1,,3.2608942172065056,,,
ROBOT_RELOC,,3,15,2,,1.7101432090117086,,,
ROBOT_RELOC,,3,15,3,,3.1769841514501094,,,
ROBOT_RELOC,,3,15,4,,1.5678912028261944,,,
ROBOT_RELOC,,3,15,5,,3.412018055127996,,,
ROBOT_RELOC,,3,15,6,,3.9595639809363234,,,
ROBOT_RELOC,,3,15,7,,3.6107125260692756,,,
ROBOT_RELOC,,3,15,8,,3.999264233974082,,,
ROBOT_RELOC,,3,15,9,,3.410236703277497,,,
ROBOT_RELOC,,3,15,10,,1.9677895311721065,,,
ROBOT_RELOC,,3,15,11,,1.976902422930713,,,
ROBOT_RELOC,,3,15,12,,1.9257028151171394,,,
ROBOT_RELOC,,3,15,13,,2.203485562742832,,,
ROBOT_RELOC,,3,15,14,,1.9330176512938446,,,
ROBOT_RELOC,,3,15,15,,0.0,,,
ROBOT_RELOC,,3,15,16,,1.1175496195885417,,,
ROBOT_RELOC,,3,15,17,,0.7892547056863374,,,
ROBOT_RELOC,,3,16,0,,3.9092318546815488,,,
ROBOT_RELOC,,3,16,1,,2.917765264888822,,,
ROBOT_RELOC,,3,16,2,,2.2980947491835866,,,
ROBOT_RELOC,,3,16,3,,3.107518828943179,,,
ROBOT_RELOC,,3,16,4,,1.594809560371659,,,
ROBOT_RELOC,,3,16,5,,2.643790586732553,,,
ROBOT_RELOC,,3,16,6,,1.5392684487204167,,,
ROBOT_RELOC,,3,16,7,,1.8426206209053795,,,
ROBOT_RELOC,,3,16,8,,2.685311987151586,,,
ROBOT_RELOC,,3,16,9,,1.7791723657125882,,,
ROBOT_RELOC,,3,16,10,,3.5973233072346527,,,
ROBOT_RELOC,,3,16,11,,3.477248029283601,,,
ROBOT_RELOC,,3,16,12,,2.9493969403053697,,,
ROBOT_RELOC,,3,16,13,,2.1121610764583467,,,
ROBOT_RELOC,,3,16,14,,3.766775211869421,,,
ROBOT_RELOC,,3,16,15,,0.9759455814981459,,,
ROBOT_RELOC,,3,16,16,,0.0,,,
ROBOT_RELOC,,3,16,17,,1.0958261052369442,,,
ROBOT_RELOC,,3,17,0,,2.600663373730857,,,
ROBOT_RELOC,,3,17,1,,1.583810914724376,,,
ROBOT_RELOC,,3,17,2,,3.7743677663646737,,,
ROBOT_RELOC,,3,17,3,,1.7319687644465198,,,
ROBOT_RELOC,,3,17,4,,1.9417397751006922,,,
ROBOT_RELOC,,3,17,5,,2.1523790846702404,,,
ROBOT_RELOC,,3,17,6,,2.073128249160949,,,
ROBOT_RELOC,,3,17,7,,3.506094197910326,,,
ROBOT_RELOC,,3,17,8,,2.034944314185173,,,
ROBOT_RELOC,,3,17,9,,2.459420381983586,,,
ROBOT_RELOC,,3,17,10,,2.558240379222285,,,
ROBOT_RELOC,,3,17,11,,3.083553647823663,,,
ROBOT_RELOC,,3,17,12,,3.981557171793256,,,
ROBOT_RELOC,,3,17,13,,1.8512130255021373,,,
ROBOT_RELOC,,3,17,14,,1.6245746407195552,,,
ROBOT_RELOC,,3,17,15,,0.8866341749832937,,,
ROBOT_RELOC,,3,17,16,,0.6961120139639011,,,
ROBOT_RELOC,,3,17,17,,0.0,,,
ROBOT_RELOC,,4,0,0,,0.0,,,
ROBOT_RELOC,,4,0,1,,0.9299192943798272,,,
ROBOT_RELOC,,4,0,2,,2.8432387319057373,,,
ROBOT_RELOC,,4,0,3,,1.5655076060832813,,,
ROBOT_RELOC,,4,0,4,,2.362788740216621,,,
ROBOT_RELOC,,4,0,5,,2.771564209431641,,,
ROBOT_RELOC,,4,0,6,,1.549392756981865,,,
ROBOT_RELOC,,4,0,7,,2.061530245102958,,,
ROBOT_RELOC,,4,0,8,,3.141981794100776,,,
ROBOT_RELOC,,4,0,9,,3.9883649326924835,,,
ROBOT_RELOC,,4,0,10,,1.715229166614769,,,
ROBOT_RELOC,,4,0,11,,2.7220540603460988,,,
ROBOT_RELOC,,4,0,12,,2.0406012740377326,,,
ROBOT_RELOC,,4,0,13,,3.6956437476182082,,,
ROBOT_RELOC,,4,0,14,,1.784843685160564,,,
ROBOT_RELOC,,4,0,15,,2.4222684085070796,,,
ROBOT_RELOC,,4,0,16,,3.7759213316522784,,,
ROBOT_RELOC,,4,0,17,,3.218006009697064,,,
ROBOT_RELOC,,4,1,0,,0.9726654366089217,,,
ROBOT_RELOC,,4,1,1,,0.0,,,
ROBOT_RELOC,,4,1,2,,2.2340170778196624,,,
ROBOT_RELOC,,4,1,3,,3.919256388583719,,,
ROBOT_RELOC,,4,1,4,,2.490364864262223,,,
ROBOT_RELOC,,4,1,5,,3.1634061971703624,,,
ROBOT_RELOC,,4,1,6,,3.9138356484290964,,,
ROBOT_RELOC,,4,1,7,,3.422973635959086,,,
ROBOT_RELOC,,4,1,8,,1.7368052738529147,,,
ROBOT_RELOC,,4,1,9,,3.5731108738225013,,,
ROBOT_RELOC,,4,1,10,,2.7174969993126936,,,
ROBOT_RELOC,,4,1,11,,2.5434988409893746,,,
ROBOT_RELOC,,4,1,12,,1.5986743748199612,,,
ROBOT_RELOC,,4,1,13,,2.782489910274863,,,
ROBOT_RELOC,,4,1,14,,3.8368073073334026,,,
ROBOT_RELOC,,4,1,15,,3.872788367793791,,,
ROBOT_RELOC,,4,1,16,,1.7590028289467272,,,
ROBOT_RELOC,,4,1,17,,2.503590966009803,,,
ROBOT_RELOC,,4,2,0,,2.614355886044123,,,
ROBOT_RELOC,,4,2,1,,2.366125489538681,,,
ROBOT_RELOC,,4,2,2,,0.0,,,
ROBOT_RELOC,,4,2,3,,3.248458480087306,,,
ROBOT_RELOC,,4,2,4,,2.7388835391313138,,,
ROBOT_RELOC,,4,2,5,,3.980559859351704,,,
ROBOT_RELOC,,4,2,6,,2.968350847404283,,,
ROBOT_RELOC,,4,2,7,,1.6347890648533598,,,
ROBOT_RELOC,,4,2,8,,2.9870406102826523,,,
ROBOT_RELOC,,4,2,9,,2.913433570878758,,,
ROBOT_RELOC,,4,2,10,,3.232112557717973,,,
ROBOT_RELOC,,4,2,11,,1.7192684630618973,,,
ROBOT_RELOC,,4,2,12,,2.6754746715486175,,,
ROBOT_RELOC,,4,2,13,,3.1086194059012104,,,
ROBOT_RELOC,,4,2,14,,3.4244808987529742,,,
ROBOT_RELOC,,4,2,15,,3.899126621428012,,,
ROBOT_RELOC,,4,2,16,,2.1848048859755913,,,
ROBOT_RELOC,,4,2,17,,3.9846786509880197,,,
ROBOT_RELOC,,4,3,0,,3.760598898785819,,,
ROBOT_RELOC,,4,3,1,,1.6917523631110332,,,
ROBOT_RELOC,,4,3,2,,3.0745520948156044,,,
ROBOT_RELOC,,4,3,3,,0.0,,,
ROBOT_RELOC,,4,3,4,,0.7971854845078812,,,
ROBOT_RELOC,,4,3,5,,1.4359290858337752,,,
ROBOT_RELOC,,4,3,6,,3.835261867003406,,,
ROBOT_RELOC,,4,3,7,,3.8001409338810332,,,
ROBOT_RELOC,,4,3,8,,3.9940558610781487,,,
ROBOT_RELOC,,4,3,9,,2.580755984151333,,,
ROBOT_RELOC,,4,3,10,,3.059017199539396,,,
ROBOT_RELOC,,4,3,11,,2.779465245385327,,,
ROBOT_RELOC,,4,3,12,,3.831853086446914,,,
ROBOT_RELOC,,4,3,13,,1.7854208438213988,,,
ROBOT_RELOC,,4,3,14,,3.9080154719425044,,,
ROBOT_RELOC,,4,3,15,,3.135953258509897,,,
ROBOT_RELOC,,4,3,16,,2.821291503711027,,,
ROBOT_RELOC,,4,3,17,,2.1775290966414476,,,
ROBOT_RELOC,,4,4,0,,1.807129290258702,,,
ROBOT_RELOC,,4,4,1,,3.3522603782610343,,,
ROBOT_RELOC,,4,4,2,,2.855798766038826,,,
ROBOT_RELOC,,4,4,3,,0.5079707448635222,,,
ROBOT_RELOC,,4,4,4,,0.0,,,
ROBOT_RELOC,,4,4,5,,0.8314581091254528,,,
ROBOT_RELOC,,4,4,6,,2.5437637284907,,,
ROBOT_RELOC,,4,4,7,,1.810919994473367,,,
ROBOT_RELOC,,4,4,8,,1.9244363331363203,,,
ROBOT_RELOC,,4,4,9,,2.387463795464637,,,
ROBOT_RELOC,,4,4,10,,2.5989359818712874,,,
ROBOT_RELOC,,4,4,11,,3.4953665554670565,,,
ROBOT_RELOC,,4,4,12,,2.4510523701551605,,,
ROBOT_RELOC,,4,4,13,,2.542371629543646,,,
ROBOT_RELOC,,4,4,14,,2.9491393310183933,,,
ROBOT_RELOC,,4,4,15,,2.227962638407437,,,
ROBOT_RELOC,,4,4,16,,2.7299897488706457,,,
ROBOT_RELOC,,4,4,17,,1.614398308196234,,,
ROBOT_RELOC,,4,5,0,,2.490925794330744,,,
ROBOT_RELOC,,4,5,1,,1.9235545243102232,,,
ROBOT_RELOC,,4,5,2,,2.4007626659643853,,,
ROBOT_RELOC,,4,5,3,,0.7579656938756381,,,
ROBOT_RELOC,,4,5,4,,1.419036761799516,,,
ROBOT_RELOC,,4,5,5,,0.0,,,
ROBOT_RELOC,,4,5,6,,3.26577122632479,,,
ROBOT_RELOC,,4,5,7,,2.203914118383857,,,
ROBOT_RELOC,,4,5,8,,3.203676827882188,,,
ROBOT_RELOC,,4,5,9,,1.7119147374893542,,,
ROBOT_RELOC,,4,5,10,,2.2642158130573007,,,
ROBOT_RELOC,,4,5,11,,1.74621498629153,,,
ROBOT_RELOC,,4,5,12,,1.9741727790849946,,,
ROBOT_RELOC,,4,5,13,,2.5123913265712963,,,
ROBOT_RELOC,,4,5,14,,3.089803364979519,,,
ROBOT_RELOC,,4,5,15,,2.7737733659585464,,,
ROBOT_RELOC,,4,5,16,,3.9052180530386487,,,
ROBOT_RELOC,,4,5,17,,1.8591401380335535,,,
ROBOT_RELOC,,4,6,0,,3.4473911475056296,,,
ROBOT_RELOC,,4,6,1,,3.7866638084284583,,,
ROBOT_RELOC,,4,6,2,,2.231270966292241,,,
ROBOT_RELOC,,4,6,3,,3.2781369530507662,,,
ROBOT_RELOC,,4,6,4,,2.5082788676098633,,,
ROBOT_RELOC,,4,6,5,,3.0468301731555405,,,
ROBOT_RELOC,,4,6,6,,0.0,,,
ROBOT_RELOC,,4,6,7,,2.475194743238869,,,
ROBOT_RELOC,,4,6,8,,1.8673937664049765,,,
ROBOT_RELOC,,4,6,9,,3.319924841499799,,,
ROBOT_RELOC,,4,6,10,,3.2702464015063653,,,
ROBOT_RELOC,,4,6,11,,3.4611791439922355,,,
ROBOT_RELOC,,4,6,12,,3.1325569494870997,,,
ROBOT_RELOC,,4,6,13,,2.559328060673117,,,
ROBOT_RELOC,,4,6,14,,2.7472162764473538,,,
ROBOT_RELOC,,4,6,15,,3.8433980120535134,,,
ROBOT_RELOC,,4,6,16,,3.0614606184280206,,,
ROBOT_RELOC,,4,6,17,,2.6071960320339236,,,
ROBOT_RELOC,,4,7,0,,2.5834262798436054,,,
ROBOT_RELOC,,4,7,1,,1.8850731756891166,,,
ROBOT_RELOC,,4,7,2,,2.8443318719616704,,,
ROBOT_RELOC,,4,7,3,,3.596678612587813,,,
ROBOT_RELOC,,4,7,4,,2.483031883953995,,,
ROBOT_RELOC,,4,7,5,,3.2207218707119107,,,
ROBOT_RELOC,,4,7,6,,2.4707082520022974,,,
ROBOT_RELOC,,4,7,7,,0.0,,,
ROBOT_RELOC,,4,7,8,,0.8921765957761627,,,
ROBOT_RELOC,,4,7,9,,0.8054695560740532,,,
ROBOT_RELOC,,4,7,10,,2.4305209623018493,,,
ROBOT_RELOC,,4,7,11,,2.3144164219210803,,,
ROBOT_RELOC,,4,7,12,,3.9446141054478385,,,
ROBOT_RELOC,,4,7,13,,1.7020608696481672,,,
ROBOT_RELOC,,4,7,14,,3.581466178626753,,,
ROBOT_RELOC,,4,7,15,,3.959603373118408,,,
ROBOT_RELOC,,4,7,16,,1.876950266478147,,,
ROBOT_RELOC,,4,7,17,,2.614393881839947,,,
ROBOT_RELOC,,4,8,0,,2.618712299757717,,,
ROBOT_RELOC,,4,8,1,,3.460465172410426,,,
ROBOT_RELOC,,4,8,2,,2.4548693970876116,,,
ROBOT_RELOC,,4,8,3,,2.0716603110986496,,,
ROBOT_RELOC,,4,8,4,,3.0010800145968677,,,
ROBOT_RELOC,,4,8,5,,2.1064961301807292,,,
ROBOT_RELOC,,4,8,6,,2.0173572158926576,,,
ROBOT_RELOC,,4,8,7,,0.9607965284903086,,,
ROBOT_RELOC,,4,8,8,,0.0,,,
ROBOT_RELOC,,4,8,9,,1.2141309491768657,,,
ROBOT_RELOC,,4,8,10,,3.3714304271859623,,,
ROBOT_RELOC,,4,8,11,,3.466471109425597,,,
ROBOT_RELOC,,4,8,12,,2.2065542536028513,,,
ROBOT_RELOC,,4,8,13,,2.716391388352099,,,
ROBOT_RELOC,,4,8,14,,3.8927926040012713,,,
ROBOT_RELOC,,4,8,15,,2.344606579175087,,,
ROBOT_RELOC,,4,8,16,,3.2489745549175755,,,
ROBOT_RELOC,,4,8,17,,2.5800846306597167,,,
ROBOT_RELOC,,4,9,0,,3.833810706466629,,,
ROBOT_RELOC,,4,9,1,,3.377985330652103,,,
ROBOT_RELOC,,4,9,2,,3.6631193462682154,,,
ROBOT_RELOC,,4,9,3,,3.6490528393341837,,,
ROBOT_RELOC,,4,9,4,,2.5229523894495482,,,
ROBOT_RELOC,,4,9,5,,1.6013222775006541,,,
ROBOT_RELOC,,4,9,6,,3.819073547867733,,,
ROBOT_RELOC,,4,9,7,,0.7722700206401605,,,
ROBOT_RELOC,,4,9,8,,1.1886081989908934,,,
ROBOT_RELOC,,4,9,9,,0.0,,,
ROBOT_RELOC,,4,9,10,,3.1564370991428525,,,
ROBOT_RELOC,,4,9,11,,3.4010223045252728,,,
ROBOT_RELOC,,4,9,12,,2.2723255127661006,,,
ROBOT_RELOC,,4,9,13,,1.8717597598495062,,,
ROBOT_RELOC,,4,9,14,,3.2719362008251016,,,
ROBOT_RELOC,,4,9,15,,3.2492756622955103,,,
ROBOT_RELOC,,4,9,16,,3.2631981993738184,,,
ROBOT_RELOC,,4,9,17,,2.978921134575443,,,
ROBOT_RELOC,,4,10,0,,1.7226504076525972,,,
ROBOT_RELOC,,4,10,1,,3.653557042391037,,,
ROBOT_RELOC,,4,10,2,,1.7866012830081242,,,
ROBOT_RELOC,,4,10,3,,3.3172064365738674,,,
ROBOT_RELOC,,4,10,4,,2.9147486447156057,,,
ROBOT_RELOC,,4,10,5,,3.502866559749006,,,
ROBOT_RELOC,,4,10,6,,1.8128935005313285,,,
ROBOT_RELOC,,4,10,7,,3.78685502213378,,,
ROBOT_RELOC,,4,10,8,,3.614904991585283,,,
ROBOT_RELOC,,4,10,9,,3.7685685188764544,,,
ROBOT_RELOC,,4,10,10,,0.0,,,
ROBOT_RELOC,,4,10,11,,1.337209578497251,,,
ROBOT_RELOC,,4,10,12,,0.508366283473857,,,
ROBOT_RELOC,,4,10,13,,3.8572846414149917,,,
ROBOT_RELOC,,4,10,14,,2.2383398450183734,,,
ROBOT_RELOC,,4,10,15,,3.3814949911705323,,,
ROBOT_RELOC,,4,10,16,,2.099909316999053,,,
ROBOT_RELOC,,4,10,17,,1.5779210690943568,,,
ROBOT_RELOC,,4,11,0,,1.8031257699202194,,,
ROBOT_RELOC,,4,11,1,,2.900279130128839,,,
ROBOT_RELOC,,4,11,2,,1.9754217830729437,,,
ROBOT_RELOC,,4,11,3,,2.469138552734088,,,
ROBOT_RELOC,,4,11,4,,3.767620704862594,,,
ROBOT_RELOC,,4,11,5,,2.8330030401277417,,,
ROBOT_RELOC,,4,11,6,,2.170819046212655,,,
ROBOT_RELOC,,4,11,7,,2.6109309762913346,,,
ROBOT_RELOC,,4,11,8,,2.3822432279748154,,,
ROBOT_RELOC,,4,11,9,,3.5739456872328375,,,
ROBOT_RELOC,,4,11,10,,1.4169817174485266,,,
ROBOT_RELOC,,4,11,11,,0.0,,,
ROBOT_RELOC,,4,11,12,,1.0399749161637604,,,
ROBOT_RELOC,,4,11,13,,3.4790314115305447,,,
ROBOT_RELOC,,4,11,14,,2.9346348084872895,,,
ROBOT_RELOC,,4,11,15,,1.6624310465087795,,,
ROBOT_RELOC,,4,11,16,,1.574854455266885,,,
ROBOT_RELOC,,4,11,17,,2.10521711115409,,,
ROBOT_RELOC,,4,12,0,,2.693804938305847,,,
ROBOT_RELOC,,4,12,1,,2.182119191895025,,,
ROBOT_RELOC,,4,12,2,,3.3567299054100173,,,
ROBOT_RELOC,,4,12,3,,2.6344165244817317,,,
ROBOT_RELOC,,4,12,4,,2.2016877132223116,,,
ROBOT_RELOC,,4,12,5,,3.728140049315685,,,
ROBOT_RELOC,,4,12,6,,3.846283857500853,,,
ROBOT_RELOC,,4,12,7,,3.9743679568753643,,,
ROBOT_RELOC,,4,12,8,,2.7720714070080037,,,
ROBOT_RELOC,,4,12,9,,3.5966677148391137,,,
ROBOT_RELOC,,4,12,10,,1.3273755443439292,,,
ROBOT_RELOC,,4,12,11,,0.8925467440835453,,,
ROBOT_RELOC,,4,12,12,,0.0,,,
ROBOT_RELOC,,4,12,13,,2.718045965627012,,,
ROBOT_RELOC,,4,12,14,,3.1821307422085257,,,
ROBOT_RELOC,,4,12,15,,1.5317600383695418,,,
ROBOT_RELOC,,4,12,16,,2.18615836543293,,,
ROBOT_RELOC,,4,12,17,,2.316588869764094,,,
ROBOT_RELOC,,4,13,0,,1.6347214213422876,,,
ROBOT_RELOC,,4,13,1,,3.097982079495992,,,
ROBOT_RELOC,,4,13,2,,1.8757102186138717,,,
ROBOT_RELOC,,4,13,3,,1.9430824077036113,,,
ROBOT_RELOC,,4,13,4,,2.1949327256416735,,,
ROBOT_RELOC,,4,13,5,,2.319464641724681,,,
ROBOT_RELOC,,4,13,6,,1.861950475850217,,,
ROBOT_RELOC,,4,13,7,,2.384412806045451,,,
ROBOT_RELOC,,4,13,8,,2.4703260192234757,,,
ROBOT_RELOC,,4,13,9,,2.149926875983396,,,
ROBOT_RELOC,,4,13,10,,1.9631235807046339,,,
ROBOT_RELOC,,4,13,11,,2.18919455655196,,,
ROBOT_RELOC,,4,13,12,,1.824433030717537,,,
ROBOT_RELOC,,4,13,13,,0.0,,,
ROBOT_RELOC,,4,13,14,,1.2595264874890852,,,
ROBOT_RELOC,,4,13,15,,2.8697864845154495,,,
ROBOT_RELOC,,4,13,16,,3.4630534096643526,,,
ROBOT_RELOC,,4,13,17,,2.6976184540018426,,,
ROBOT_RELOC,,4,14,0,,2.497656631248552,,,
ROBOT_RELOC,,4,14,1,,3.097092411766173,,,
ROBOT_RELOC,,4,14,2,,3.248959890875486,,,
ROBOT_RELOC,,4,14,3,,3.712630839219149,,,
ROBOT_RELOC,,4,14,4,,2.3842016203390486,,,
ROBOT_RELOC,,4,14,5,,3.9404397947136856,,,
ROBOT_RELOC,,4,14,6,,3.84414577259694,,,
ROBOT_RELOC,,4,14,7,,2.112923473036419,,,
ROBOT_RELOC,,4,14,8,,1.89453292111268,,,
ROBOT_RELOC,,4,14,9,,2.2681307246405753,,,
ROBOT_RELOC,,4,14,10,,3.7281097020101717,,,
ROBOT_RELOC,,4,14,11,,3.0761231925227652,,,
ROBOT_RELOC,,4,14,12,,1.5805823089931876,,,
ROBOT_RELOC,,4,14,13,,0.9601351450116096,,,
ROBOT_RELOC,,4,14,14,,0.0,,,
ROBOT_RELOC,,4,14,15,,3.554884446504398,,,
ROBOT_RELOC,,4,14,16,,3.4541750319460904,,,
ROBOT_RELOC,,4,14,17,,3.0956777453685795,,,
ROBOT_RELOC,,4,15,0,,2.044625006549023,,,
ROBOT_RELOC,,4,15,1,,2.3559241162949727,,,
ROBOT_RELOC,,4,15,2,,1.7634097750583375,,,
ROBOT_RELOC,,4,15,3,,3.4528013567673925,,,
ROBOT_RELOC,,4,15,4,,3.3969634101357826,,,
ROBOT_RELOC,,4,15,5,,2.3968983977028526,,,
ROBOT_RELOC,,4,15,6,,3.867178613447391,,,
ROBOT_RELOC,,4,15,7,,1.8405007458089568,,,
ROBOT_RELOC,,4,15,8,,1.9370403571756096,,,
ROBOT_RELOC,,4,15,9,,2.9413861492110747,,,
ROBOT_RELOC,,4,15,10,,2.0153882590144456,,,
ROBOT_RELOC,,4,15,11,,3.8355030016513476,,,
ROBOT_RELOC,,4,15,12,,3.1433497402576664,,,
ROBOT_RELOC,,4,15,13,,2.8364830835624923,,,
ROBOT_RELOC,,4,15,14,,3.4231992351425307,,,
ROBOT_RELOC,,4,15,15,,0.0,,,
ROBOT_RELOC,,4,15,16,,0.9258125875318809,,,
ROBOT_RELOC,,4,15,17,,0.9839772950185436,,,
ROBOT_RELOC,,4,16,0,,1.5806534686097995,,,
ROBOT_RELOC,,4,16,1,,3.769510986204743,,,
ROBOT_RELOC,,4,16,2,,2.514512109552697,,,
ROBOT_RELOC,,4,16,3,,2.9352769441114006,,,
ROBOT_RELOC,,4,16,4,,2.254037382911097,,,
ROBOT_RELOC,,4,16,5,,1.9065563662820466,,,
ROBOT_RELOC,,4,16,6,,2.755402875887548,,,
ROBOT_RELOC,,4,16,7,,3.8040666670934837,,,
ROBOT_RELOC,,4,16,8,,1.7272811140752429,,,
ROBOT_RELOC,,4,16,9,,1.9139064415625255,,,
ROBOT_RELOC,,4,16,10,,3.605576741680121,,,
ROBOT_RELOC,,4,16,11,,3.475318975068503,,,
ROBOT_RELOC,,4,16,12,,2.2730583215661992,,,
ROBOT_RELOC,,4,16,13,,3.6150231800501853,,,
ROBOT_RELOC,,4,16,14,,3.349979708390407,,,
ROBOT_RELOC,,4,16,15,,0.8690163776781941,,,
ROBOT_RELOC,,4,16,16,,0.0,,,
ROBOT_RELOC,,4,16,17,,0.6660118047212229,,,
ROBOT_RELOC,,4,17,0,,2.068931350858862,,,
ROBOT_RELOC,,4,17,1,,2.1116640950844667,,,
ROBOT_RELOC,,4,17,2,,1.569085220343002,,,
ROBOT_RELOC,,4,17,3,,2.68603453068602,,,
ROBOT_RELOC,,4,17,4,,3.950061433706201,,,
ROBOT_RELOC,,4,17,5,,3.7247554139746013,,,
ROBOT_RELOC,,4,17,6,,3.4417097522731934,,,
ROBOT_RELOC,,4,17,7,,2.6858394089305486,,,
ROBOT_RELOC,,4,17,8,,2.5619055860854525,,,
ROBOT_RELOC,,4,17,9,,2.045665276556551,,,
ROBOT_RELOC,,4,17,10,,2.7374691365936066,,,
ROBOT_RELOC,,4,17,11,,3.7060671818262065,,,
ROBOT_RELOC,,4,17,12,,3.185147211922589,,,
ROBOT_RELOC,,4,17,13,,3.3610275732670694,,,
ROBOT_RELOC,,4,17,14,,2.282207643400626,,,
ROBOT_RELOC,,4,17,15,,0.7016906545382156,,,
ROBOT_RELOC,,4,17,16,,0.7568510791253324,,,
ROBOT_RELOC,,4,17,17,,0.0,,,
ROBOT_RELOC,,5,0,0,,0.0,,,
ROBOT_RELOC,,5,0,1,,0.9188903350830513,,,
ROBOT_RELOC,,5,0,2,,3.8570199207162834,,,
ROBOT_RELOC,,5,0,3,,1.7274226306608749,,,
ROBOT_RELOC,,5,0,4,,2.926606434571616,,,
ROBOT_RELOC,,5,0,5,,3.4903913632367027,,,
ROBOT_RELOC,,5,0,6,,3.1020643514026167,,,
ROBOT_RELOC,,5,0,7,,2.4387133146655304,,,
ROBOT_RELOC,,5,0,8,,2.9769826403428308,,,
ROBOT_RELOC,,5,0,9,,2.761527058520664,,,
ROBOT_RELOC,,5,0,10,,2.6659441378097344,,,
ROBOT_RELOC,,5,0,11,,2.6633787243711646,,,
ROBOT_RELOC,,5,0,12,,1.6737004397296082,,,
ROBOT_RELOC,,5,0,13,,3.058342770823156,,,
ROBOT_RELOC,,5,0,14,,2.363905343841907,,,
ROBOT_RELOC,,5,0,15,,2.141631399654717,,,
ROBOT_RELOC,,5,0,16,,3.4592508406612863,,,
ROBOT_RELOC,,5,0,17,,1.57529860114678,,,
ROBOT_RELOC,,5,1,0,,1.1152312342098556,,,
ROBOT_RELOC,,5,1,1,,0.0,,,
ROBOT_RELOC,,5,1,2,,2.8714297260362334,,,
ROBOT_RELOC,,5,1,3,,1.8986098748334175,,,
ROBOT_RELOC,,5,1,4,,2.5532323643579833,,,
ROBOT_RELOC,,5,1,5,,2.4721057959017627,,,
ROBOT_RELOC,,5,1,6,,2.456635691813383,,,
ROBOT_RELOC,,5,1,7,,2.9287763437916494,,,
ROBOT_RELOC,,5,1,8,,1.5636144051536125,,,
ROBOT_RELOC,,5,1,9,,2.9233415196293384,,,
ROBOT_RELOC,,5,1,10,,1.6104441550457427,,,
ROBOT_RELOC,,5,1,11,,2.6217472145377627,,,
ROBOT_RELOC,,5,1,12,,3.790399040652438,,,
ROBOT_RELOC,,5,1,13,,3.839132562322501,,,
ROBOT_RELOC,,5,1,14,,2.5564125487211253,,,
ROBOT_RELOC,,5,1,15,,3.0919432440569152,,,
ROBOT_RELOC,,5,1,16,,3.818269579908598,,,
ROBOT_RELOC,,5,1,17,,3.7080750172415833,,,
ROBOT_RELOC,,5,2,0,,3.536180170474347,,,
ROBOT_RELOC,,5,2,1,,1.736373230034943,,,
ROBOT_RELOC,,5,2,2,,0.0,,,
ROBOT_RELOC,,5,2,3,,3.0831474004825408,,,
ROBOT_RELOC,,5,2,4,,3.884099402604774,,,
ROBOT_RELOC,,5,2,5,,1.9578072008253555,,,
ROBOT_RELOC,,5,2,6,,2.8971660554092704,,,
ROBOT_RELOC,,5,2,7,,3.380309868518424,,,
ROBOT_RELOC,,5,2,8,,1.768272947638344,,,
ROBOT_RELOC,,5,2,9,,2.6936000937843083,,,
ROBOT_RELOC,,5,2,10,,3.706559655599198,,,
ROBOT_RELOC,,5,2,11,,3.21425369905047,,,
ROBOT_RELOC,,5,2,12,,3.4880636007367394,,,
ROBOT_RELOC,,5,2,13,,1.9829536910332597,,,
ROBOT_RELOC,,5,2,14,,2.7705328223803405,,,
ROBOT_RELOC,,5,2,15,,1.5230905110324242,,,
ROBOT_RELOC,,5,2,16,,3.5848824043426593,,,
ROBOT_RELOC,,5,2,17,,1.6624052491391927,,,
ROBOT_RELOC,,5,3,0,,3.74242692960554,,,
ROBOT_RELOC,,5,3,1,,3.332846585036069,,,
ROBOT_RELOC,,5,3,2,,3.5467145188703655,,,
ROBOT_RELOC,,5,3,3,,0.0,,,
ROBOT_RELOC,,5,3,4,,1.1427538125244354,,,
ROBOT_RELOC,,5,3,5,,1.1119934604830775,,,
ROBOT_RELOC,,5,3,6,,2.14962969809697,,,
ROBOT_RELOC,,5,3,7,,3.0815286828405197,,,
ROBOT_RELOC,,5,3,8,,3.117625529856872,,,
ROBOT_RELOC,,5,3,9,,3.614223479335612,,,
ROBOT_RELOC,,5,3,10,,3.2073781126096375,,,
ROBOT_RELOC,,5,3,11,,2.51192499969107,,,
ROBOT_RELOC,,5,3,12,,3.905718124072927,,,
ROBOT_RELOC,,5,3,13,,2.599782738319228,,,
ROBOT_RELOC,,5,3,14,,2.7365739881325624,,,
ROBOT_RELOC,,5,3,15,,1.5317313134426758,,,
ROBOT_RELOC,,5,3,16,,2.7274965537730615,,,
ROBOT_RELOC,,5,3,17,,3.1443501226016224,,,
ROBOT_RELOC,,5,4,0,,1.5778495976767488,,,
ROBOT_RELOC,,5,4,1,,3.7266329588299243,,,
ROBOT_RELOC,,5,4,2,,3.1094622993023027,,,
ROBOT_RELOC,,5,4,3,,0.9312235231358692,,,
ROBOT_RELOC,,5,4,4,,0.0,,,
ROBOT_RELOC,,5,4,5,,1.0324698760772466,,,
ROBOT_RELOC,,5,4,6,,2.6474649050916415,,,
ROBOT_RELOC,,5,4,7,,2.7648936663031463,,,
ROBOT_RELOC,,5,4,8,,2.342730474798378,,,
ROBOT_RELOC,,5,4,9,,3.3369021918816593,,,
ROBOT_RELOC,,5,4,10,,2.222424254139465,,,
ROBOT_RELOC,,5,4,11,,3.0803396395526343,,,
ROBOT_RELOC,,5,4,12,,2.5289193009845476,,,
ROBOT_RELOC,,5,4,13,,3.7417283550622162,,,
ROBOT_RELOC,,5,4,14,,2.956686617709674,,,
ROBOT_RELOC,,5,4,15,,1.7626066054518499,,,
ROBOT_RELOC,,5,4,16,,3.8019188042691066,,,
ROBOT_RELOC,,5,4,17,,3.679548965055083,,,
ROBOT_RELOC,,5,5,0,,2.7885507540477925,,,
ROBOT_RELOC,,5,5,1,,2.0867976550603595,,,
ROBOT_RELOC,,5,5,2,,2.2305872655023373,,,
ROBOT_RELOC,,5,5,3,,0.5343749894209405,,,
ROBOT_RELOC,,5,5,4,,0.5439851327827762,,,
ROBOT_RELOC,,5,5,5,,0.0,,,
ROBOT_RELOC,,5,5,6,,2.3378589029003427,,,
ROBOT_RELOC,,5,5,7,,3.214732678089407,,,
ROBOT_RELOC,,5,5,8,,1.583469831779284,,,
ROBOT_RELOC,,5,5,9,,3.7008739135833975,,,
ROBOT_RELOC,,5,5,10,,3.313736592646046,,,
ROBOT_RELOC,,5,5,11,,3.5081253960245236,,,
ROBOT_RELOC,,5,5,12,,3.304701793529897,,,
ROBOT_RELOC,,5,5,13,,3.1049032747625143,,,
ROBOT_RELOC,,5,5,14,,1.7901635682984038,,,
ROBOT_RELOC,,5,5,15,,1.990993150603145,,,
ROBOT_RELOC,,5,5,16,,2.8943548872029257,,,
ROBOT_RELOC,,5,5,17,,3.7275281632062898,,,
ROBOT_RELOC,,5,6,0,,3.4847699348732837,,,
ROBOT_RELOC,,5,6,1,,2.6394624845907244,,,
ROBOT_RELOC,,5,6,2,,1.6502019339486285,,,
ROBOT_RELOC,,5,6,3,,2.2225724201435866,,,
ROBOT_RELOC,,5,6,4,,3.9611975686252756,,,
ROBOT_RELOC,,5,6,5,,3.5626921419086672,,,
ROBOT_RELOC,,5,6,6,,0.0,,,
ROBOT_RELOC,,5,6,7,,2.447054678624272,,,
ROBOT_RELOC,,5,6,8,,1.5458501444454322,,,
ROBOT_RELOC,,5,6,9,,2.2780036297522375,,,
ROBOT_RELOC,,5,6,10,,2.2088634856158182,,,
ROBOT_RELOC,,5,6,11,,3.3719519498542647,,,
ROBOT_RELOC,,5,6,12,,2.8414092165234153,,,
ROBOT_RELOC,,5,6,13,,2.3362443338969867,,,
ROBOT_RELOC,,5,6,14,,3.271218341439318,,,
ROBOT_RELOC,,5,6,15,,2.9627357496956943,,,
ROBOT_RELOC,,5,6,16,,2.55942449039546,,,
ROBOT_RELOC,,5,6,17,,1.7777968956639565,,,
ROBOT_RELOC,,5,7,0,,3.2004759120634234,,,
ROBOT_RELOC,,5,7,1,,1.5933026793202827,,,
ROBOT_RELOC,,5,7,2,,3.986730052909615,,,
ROBOT_RELOC,,5,7,3,,2.3554207412470287,,,
ROBOT_RELOC,,5,7,4,,1.9518582006464567,,,
ROBOT_RELOC,,5,7,5,,2.0085425656321134,,,
ROBOT_RELOC,,5,7,6,,3.9339404183064413,,,
ROBOT_RELOC,,5,7,7,,0.0,,,
ROBOT_RELOC,,5,7,8,,1.3817941960378841,,,
ROBOT_RELOC,,5,7,9,,1.1120826109191058,,,
ROBOT_RELOC,,5,7,10,,1.8160781390720182,,,
ROBOT_RELOC,,5,7,11,,2.198111115511947,,,
ROBOT_RELOC,,5,7,12,,3.337387867366193,,,
ROBOT_RELOC,,5,7,13,,3.3278072664130534,,,
ROBOT_RELOC,,5,7,14,,3.2290527034353294,,,
ROBOT_RELOC,,5,7,15,,2.4290120197569522,,,
ROBOT_RELOC,,5,7,16,,1.6730014618881628,,,
ROBOT_RELOC,,5,7,17,,1.5340989915061631,,,
ROBOT_RELOC,,5,8,0,,2.8694969009451343,,,
ROBOT_RELOC,,5,8,1,,2.324441137702014,,,
ROBOT_RELOC,,5,8,2,,2.2789881596786605,,,
ROBOT_RELOC,,5,8,3,,2.0859823533303548,,,
ROBOT_RELOC,,5,8,4,,2.9069705742492564,,,
ROBOT_RELOC,,5,8,5,,2.076390549139169,,,
ROBOT_RELOC,,5,8,6,,2.6036588994638774,,,
ROBOT_RELOC,,5,8,7,,1.1662015415440576,,,
ROBOT_RELOC,,5,8,8,,0.0,,,
ROBOT_RELOC,,5,8,9,,1.0824176436765236,,,
ROBOT_RELOC,,5,8,10,,3.9729240607963225,,,
ROBOT_RELOC,,5,8,11,,3.040056881150898,,,
ROBOT_RELOC,,5,8,12,,2.039530206065574,,,
ROBOT_RELOC,,5,8,13,,1.8081962514664047,,,
ROBOT_RELOC,,5,8,14,,3.7139322596025415,,,
ROBOT_RELOC,,5,8,15,,3.9825556259781303,,,
ROBOT_RELOC,,5,8,16,,2.3937039261169497,,,
ROBOT_RELOC,,5,8,17,,2.851270407133498,,,
ROBOT_RELOC,,5,9,0,,1.6539306528876137,,,
ROBOT_RELOC,,5,9,1,,3.869040678822971,,,
ROBOT_RELOC,,5,9,2,,2.1378744861053898,,,
ROBOT_RELOC,,5,9,3,,2.624486456273652,,,
ROBOT_RELOC,,5,9,4,,2.46830411240282,,,
ROBOT_RELOC,,5,9,5,,1.9750038913949772,,,
ROBOT_RELOC,,5,9,6,,3.5244817690649857,,,
ROBOT_RELOC,,5,9,7,,1.241422296284158,,,
ROBOT_RELOC,,5,9,8,,0.6755578929718115,,,
ROBOT_RELOC,,5,9,9,,0.0,,,
ROBOT_RELOC,,5,9,10,,2.5270613240902753,,,
ROBOT_RELOC,,5,9,11,,2.1694477149044324,,,
ROBOT_RELOC,,5,9,12,,2.2825464681669803,,,
ROBOT_RELOC,,5,9,13,,1.7940786508876094,,,
ROBOT_RELOC,,5,9,14,,2.4998653162798883,,,
ROBOT_RELOC,,5,9,15,,3.183221453716434,,,
ROBOT_RELOC,,5,9,16,,3.895131352691401,,,
ROBOT_RELOC,,5,9,17,,3.2607695094029627,,,
ROBOT_RELOC,,5,10,0,,2.4245038967455455,,,
ROBOT_RELOC,,5,10,1,,1.7394506776592906,,,
ROBOT_RELOC,,5,10,2,,1.6335079408339745,,,
ROBOT_RELOC,,5,10,3,,1.7545579175543164,,,
ROBOT_RELOC,,5,10,4,,2.0008460404213766,,,
ROBOT_RELOC,,5,10,5,,2.8909579934571203,,,
ROBOT_RELOC,,5,10,6,,3.169145313631108,,,
ROBOT_RELOC,,5,10,7,,1.6965662782310018,,,
ROBOT_RELOC,,5,10,8,,1.7435195423228884,,,
ROBOT_RELOC,,5,10,9,,1.677078938540462,,,
ROBOT_RELOC,,5,10,10,,0.0,,,
ROBOT_RELOC,,5,10,11,,1.0172430626845843,,,
ROBOT_RELOC,,5,10,12,,0.9471861926578865,,,
ROBOT_RELOC,,5,10,13,,3.115285629609975,,,
ROBOT_RELOC,,5,10,14,,2.7445264529146414,,,
ROBOT_RELOC,,5,10,15,,1.5506343080813076,,,
ROBOT_RELOC,,5,10,16,,2.068568650218611,,,
ROBOT_RELOC,,5,10,17,,1.545874045590311,,,
ROBOT_RELOC,,5,11,0,,2.2987618596606483,,,
ROBOT_RELOC,,5,11,1,,1.7270535378627891,,,
ROBOT_RELOC,,5,11,2,,2.830573953465626,,,
ROBOT_RELOC,,5,11,3,,3.3654746153374573,,,
ROBOT_RELOC,,5,11,4,,1.6530317745669232,,,
ROBOT_RELOC,,5,11,5,,3.204817972056246,,,
ROBOT_RELOC,,5,11,6,,3.5695107533236587,,,
ROBOT_RELOC,,5,11,7,,1.6108458137176616,,,
ROBOT_RELOC,,5,11,8,,1.8925586583769045,,,
ROBOT_RELOC,,5,11,9,,1.966936542142906,,,
ROBOT_RELOC,,5,11,10,,1.317378187428877,,,
ROBOT_RELOC,,5,11,11,,0.0,,,
ROBOT_RELOC,,5,11,12,,1.1532484851591946,,,
ROBOT_RELOC,,5,11,13,,2.7196978228573756,,,
ROBOT_RELOC,,5,11,14,,1.6134099621209173,,,
ROBOT_RELOC,,5,11,15,,3.056295224964116,,,
ROBOT_RELOC,,5,11,16,,3.712847000404446,,,
ROBOT_RELOC,,5,11,17,,2.4450465129935646,,,
ROBOT_RELOC,,5,12,0,,1.6246277386913412,,,
ROBOT_RELOC,,5,12,1,,2.0161675672461827,,,
ROBOT_RELOC,,5,12,2,,3.0894508341340448,,,
ROBOT_RELOC,,5,12,3,,1.857740220461732,,,
ROBOT_RELOC,,5,12,4,,2.85866258870958,,,
ROBOT_RELOC,,5,12,5,,1.8934240059703387,,,
ROBOT_RELOC,,5,12,6,,1.654229426404,,,
ROBOT_RELOC,,5,12,7,,1.745703442869292,,,
ROBOT_RELOC,,5,12,8,,2.3202685727454657,,,
ROBOT_RELOC,,5,12,9,,2.694260055502488,,,
ROBOT_RELOC,,5,12,10,,1.0330735823851174,,,
ROBOT_RELOC,,5,12,11,,1.2013659625049788,,,
ROBOT_RELOC,,5,12,12,,0.0,,,
ROBOT_RELOC,,5,12,13,,3.0129070060169534,,,
ROBOT_RELOC,,5,12,14,,1.6123706582956288,,,
ROBOT_RELOC,,5,12,15,,3.1028216812274247,,,
ROBOT_RELOC,,5,12,16,,3.763027262862832,,,
ROBOT_RELOC,,5,12,17,,2.1092184814587718,,,
ROBOT_RELOC,,5,13,0,,2.428555743832055,,,
ROBOT_RELOC,,5,13,1,,3.5131940527537426,,,
ROBOT_RELOC,,5,13,2,,3.4897295828860697,,,
ROBOT_RELOC,,5,13,3,,2.628187921315451,,,
ROBOT_RELOC,,5,13,4,,3.757230014715944,,,
ROBOT_RELOC,,5,13,5,,2.4317019021660022,,,
ROBOT_RELOC,,5,13,6,,3.966723430207711,,,
ROBOT_RELOC,,5,13,7,,1.9157503074198086,,,
ROBOT_RELOC,,5,13,8,,3.0651279661518385,,,
ROBOT_RELOC,,5,13,9,,1.8282109891296179,,,
ROBOT_RELOC,,5,13,10,,3.20783800862682,,,
ROBOT_RELOC,,5,13,11,,3.050406270622644,,,
ROBOT_RELOC,,5,13,12,,2.7266409182937683,,,
ROBOT_RELOC,,5,13,13,,0.0,,,
ROBOT_RELOC,,5,13,14,,0.9332286719017772,,,
ROBOT_RELOC,,5,13,15,,2.2162704407275786,,,
ROBOT_RELOC,,5,13,16,,2.2366401222905203,,,
ROBOT_RELOC,,5,13,17,,1.8409678590791645,,,
ROBOT_RELOC,,5,14,0,,3.2534192854745876,,,
ROBOT_RELOC,,5,14,1,,3.4354136505691364,,,
ROBOT_RELOC,,5,14,2,,2.0204142109571253,,,
ROBOT_RELOC,,5,14,3,,3.1628449813906494,,,
ROBOT_RELOC,,5,14,4,,1.807906901412088,,,
ROBOT_RELOC,,5,14,5,,2.572264354375638,,,
ROBOT_RELOC,,5,14,6,,2.441871038529829,,,
ROBOT_RELOC,,5,14,7,,2.5534255817742126,,,
ROBOT_RELOC,,5,14,8,,3.9002708260170675,,,
ROBOT_RELOC,,5,14,9,,3.416457015817162,,,
ROBOT_RELOC,,5,14,10,,2.5877754192759266,,,
ROBOT_RELOC,,5,14,11,,3.3688749647368486,,,
ROBOT_RELOC,,5,14,12,,2.4501086444476914,,,
ROBOT_RELOC,,5,14,13,,1.3370073620827103,,,
ROBOT_RELOC,,5,14,14,,0.0,,,
ROBOT_RELOC,,5,14,15,,2.5593579936185455,,,
ROBOT_RELOC,,5,14,16,,1.6510763701554607,,,
ROBOT_RELOC,,5,14,17,,3.2464322170773188,,,
ROBOT_RELOC,,5,15,0,,3.8965459254393675,,,
ROBOT_RELOC,,5,15,1,,2.2302332311590427,,,
ROBOT_RELOC,,5,15,2,,3.6331283933035845,,,
ROBOT_RELOC,,5,15,3,,2.4962106439726526,,,
ROBOT_RELOC,,5,15,4,,3.743881133833895,,,
ROBOT_RELOC,,5,15,5,,2.028625803313041,,,
ROBOT_RELOC,,5,15,6,,3.5668721394685714,,,
ROBOT_RELOC,,5,15,7,,1.6248770469742118,,,
ROBOT_RELOC,,5,15,8,,2.910785202173547,,,
ROBOT_RELOC,,5,15,9,,3.879453909287081,,,
ROBOT_RELOC,,5,15,10,,2.4748156257805407,,,
ROBOT_RELOC,,5,15,11,,2.7741263245056595,,,
ROBOT_RELOC,,5,15,12,,2.203441492329335,,,
ROBOT_RELOC,,5,15,13,,1.6799493937400487,,,
ROBOT_RELOC,,5,15,14,,2.8534456542446778,,,
ROBOT_RELOC,,5,15,15,,0.0,,,
ROBOT_RELOC,,5,15,16,,0.9381234722473752,,,
ROBOT_RELOC,,5,15,17,,1.0419329735949954,,,
ROBOT_RELOC,,5,16,0,,3.6788326013890433,,,
ROBOT_RELOC,,5,16,1,,1.66592763325898,,,
ROBOT_RELOC,,5,16,2,,3.7398957893552063,,,
ROBOT_RELOC,,5,16,3,,3.172042509538883,,,
ROBOT_RELOC,,5,16,4,,1.8702376821483009,,,
ROBOT_RELOC,,5,16,5,,2.6841253036627197,,,
ROBOT_RELOC,,5,16,6,,3.9050142229943425,,,
ROBOT_RELOC,,5,16,7,,3.674703241991119,,,
ROBOT_RELOC,,5,16,8,,3.563859225867965,,,
ROBOT_RELOC,,5,16,9,,3.1830828962953897,,,
ROBOT_RELOC,,5,16,10,,3.3129086821749967,,,
ROBOT_RELOC,,5,16,11,,3.819239938579884,,,
ROBOT_RELOC,,5,16,12,,2.2690401932337245,,,
ROBOT_RELOC,,5,16,13,,2.905982750436036,,,
ROBOT_RELOC,,5,16,14,,2.2291912905215057,,,
ROBOT_RELOC,,5,16,15,,1.116748147907037,,,
ROBOT_RELOC,,5,16,16,,0.0,,,
ROBOT_RELOC,,5,16,17,,0.7187649954696542,,,
ROBOT_RELOC,,5,17,0,,2.7925469429157914,,,
ROBOT_RELOC,,5,17,1,,1.7389754999580527,,,
ROBOT_RELOC,,5,17,2,,3.0455645315620115,,,
ROBOT_RELOC,,5,17,3,,2.300765815596922,,,
ROBOT_RELOC,,5,17,4,,2.6166276030747513,,,
ROBOT_RELOC,,5,17,5,,2.623100153496213,,,
ROBOT_RELOC,,5,17,6,,1.545658451833332,,,
ROBOT_RELOC,,5,17,7,,2.5456193508035114,,,
ROBOT_RELOC,,5,17,8,,3.3909700585268094,,,
ROBOT_RELOC,,5,17,9,,3.011073041398798,,,
ROBOT_RELOC,,5,17,10,,3.49078770868722,,,
ROBOT_RELOC,,5,17,11,,2.325985858683934,,,
ROBOT_RELOC,,5,17,12,,3.8931941818483784,,,
ROBOT_RELOC,,5,17,13,,1.784863371614648,,,
ROBOT_RELOC,,5,17,14,,3.3434542873368898,,,
ROBOT_RELOC,,5,17,15,,0.8462929970602411,,,
ROBOT_RELOC,,5,17,16,,1.261815676704876,,,
ROBOT_RELOC,,5,17,17,,0.0,,,
ROBOT_RELOC,,6,0,0,,0.0,,,
ROBOT_RELOC,,6,0,1,,1.4256095642837154,,,
ROBOT_RELOC,,6,0,2,,3.5987255930311117,,,
ROBOT_RELOC,,6,0,3,,3.39082970705293,,,
ROBOT_RELOC,,6,0,4,,2.010661782586668,,,
ROBOT_RELOC,,6,0,5,,1.701662056458085,,,
ROBOT_RELOC,,6,0,6,,3.230464754777665,,,
ROBOT_RELOC,,6,0,7,,3.932232299772511,,,
ROBOT_RELOC,,6,0,8,,2.124687893734347,,,
ROBOT_RELOC,,6,0,9,,3.107128011979199,,,
ROBOT_RELOC,,6,0,10,,2.7151349821244493,,,
ROBOT_RELOC,,6,0,11,,2.886684841844113,,,
ROBOT_RELOC,,6,0,12,,2.513757354022662,,,
ROBOT_RELOC,,6,0,13,,3.9901637044594622,,,
ROBOT_RELOC,,6,0,14,,1.8386538697219161,,,
ROBOT_RELOC,,6,0,15,,3.330758086132889,,,
ROBOT_RELOC,,6,0,16,,3.9640135952609072,,,
ROBOT_RELOC,,6,0,17,,1.787078486764262,,,
ROBOT_RELOC,,6,1,0,,0.5282627457606605,,,
ROBOT_RELOC,,6,1,1,,0.0,,,
ROBOT_RELOC,,6,1,2,,3.6723702130948617,,,
ROBOT_RELOC,,6,1,3,,2.0149371361993023,,,
ROBOT_RELOC,,6,1,4,,1.668064321890349,,,
ROBOT_RELOC,,6,1,5,,3.163226923147678,,,
ROBOT_RELOC,,6,1,6,,3.6790648719112666,,,
ROBOT_RELOC,,6,1,7,,2.9577847293391346,,,
ROBOT_RELOC,,6,1,8,,1.938960205608999,,,
ROBOT_RELOC,,6,1,9,,2.7532520434281835,,,
ROBOT_RELOC,,6,1,10,,3.4262679465810675,,,
ROBOT_RELOC,,6,1,11,,1.7754704738238867,,,
ROBOT_RELOC,,6,1,12,,2.502516203391069,,,
ROBOT_RELOC,,6,1,13,,3.537610885073986,,,
ROBOT_RELOC,,6,1,14,,3.6508500797419625,,,
ROBOT_RELOC,,6,1,15,,3.9733860246579384,,,
ROBOT_RELOC,,6,1,16,,2.3191962416983154,,,
ROBOT_RELOC,,6,1,17,,3.5691401056667518,,,
ROBOT_RELOC,,6,2,0,,3.270066540809683,,,
ROBOT_RELOC,,6,2,1,,3.493768873693372,,,
ROBOT_RELOC,,6,2,2,,0.0,,,
ROBOT_RELOC,,6,2,3,,1.5912857054069884,,,
ROBOT_RELOC,,6,2,4,,3.9846441085829296,,,
ROBOT_RELOC,,6,2,5,,3.255637015904256,,,
ROBOT_RELOC,,6,2,6,,3.6289409446190257,,,
ROBOT_RELOC,,6,2,7,,2.934406046016034,,,
ROBOT_RELOC,,6,2,8,,3.6861625595261787,,,
ROBOT_RELOC,,6,2,9,,2.037361125089166,,,
ROBOT_RELOC,,6,2,10,,2.6615096110454495,,,
ROBOT_RELOC,,6,2,11,,2.080679806401851,,,
ROBOT_RELOC,,6,2,12,,1.5989843681121958,,,
ROBOT_RELOC,,6,2,13,,2.84715013505918,,,
ROBOT_RELOC,,6,2,14,,2.191820542859097,,,
ROBOT_RELOC,,6,2,15,,2.9347994690583494,,,
ROBOT_RELOC,,6,2,16,,3.2422004309484054,,,
ROBOT_RELOC,,6,2,17,,3.1738207623916446,,,
ROBOT_RELOC,,6,3,0,,2.8662594054874804,,,
ROBOT_RELOC,,6,3,1,,2.519765556060376,,,
ROBOT_RELOC,,6,3,2,,2.4019753126398156,,,
ROBOT_RELOC,,6,3,3,,0.0,,,
ROBOT_RELOC,,6,3,4,,1.2556536734580985,,,
ROBOT_RELOC,,6,3,5,,0.9177474048184744,,,
ROBOT_RELOC,,6,3,6,,3.563755456276833,,,
ROBOT_RELOC,,6,3,7,,1.5158537983800533,,,
ROBOT_RELOC,,6,3,8,,3.2830091357750164,,,
ROBOT_RELOC,,6,3,9,,3.910504459129694,,,
ROBOT_RELOC,,6,3,10,,3.7826609255764048,,,
ROBOT_RELOC,,6,3,11,,3.478715382240856,,,
ROBOT_RELOC,,6,3,12,,2.6663341910170355,,,
ROBOT_RELOC,,6,3,13,,3.6960505894290865,,,
ROBOT_RELOC,,6,3,14,,3.636681858264307,,,
ROBOT_RELOC,,6,3,15,,3.871546195027918,,,
ROBOT_RELOC,,6,3,16,,3.3238229438888998,,,
ROBOT_RELOC,,6,3,17,,3.0890953080942305,,,
ROBOT_RELOC,,6,4,0,,2.191907287942179,,,
ROBOT_RELOC,,6,4,1,,2.799559101327838,,,
ROBOT_RELOC,,6,4,2,,1.5268301539644114,,,
ROBOT_RELOC,,6,4,3,,0.5043864993300856,,,
ROBOT_RELOC,,6,4,4,,0.0,,,
ROBOT_RELOC,,6,4,5,,0.7477653065411967,,,
ROBOT_RELOC,,6,4,6,,2.193869346695206,,,
ROBOT_RELOC,,6,4,7,,1.9325087324855188,,,
ROBOT_RELOC,,6,4,8,,3.508341459944637,,,
ROBOT_RELOC,,6,4,9,,3.1013548738783694,,,
ROBOT_RELOC,,6,4,10,,3.7101929319081544,,,
ROBOT_RELOC,,6,4,11,,2.6492140725519833,,,
ROBOT_RELOC,,6,4,12,,3.3124729979023164,,,
ROBOT_RELOC,,6,4,13,,1.7132092664289535,,,
ROBOT_RELOC,,6,4,14,,1.9471235951891974,,,
ROBOT_RELOC,,6,4,15,,2.4882058201004593,,,
ROBOT_RELOC,,6,4,16,,1.5078924108729468,,,
ROBOT_RELOC,,6,4,17,,2.514482962404769,,,
ROBOT_RELOC,,6,5,0,,2.8888349908560462,,,
ROBOT_RELOC,,6,5,1,,2.2649313733309837,,,
ROBOT_RELOC,,6,5,2,,1.8078395603746786,,,
ROBOT_RELOC,,6,5,3,,0.6045240070130034,,,
ROBOT_RELOC,,6,5,4,,1.0537749217631036,,,
ROBOT_RELOC,,6,5,5,,0.0,,,
ROBOT_RELOC,,6,5,6,,3.9594152273740084,,,
ROBOT_RELOC,,6,5,7,,1.8795781502269766,,,
ROBOT_RELOC,,6,5,8,,1.971851764094204,,,
ROBOT_RELOC,,6,5,9,,1.8686160179793216,,,
ROBOT_RELOC,,6,5,10,,3.9352357397759383,,,
ROBOT_RELOC,,6,5,11,,2.787913586515563,,,
ROBOT_RELOC,,6,5,12,,1.979079799285818,,,
ROBOT_RELOC,,6,5,13,,3.2271811039712435,,,
ROBOT_RELOC,,6,5,14,,2.4113588196979574,,,
ROBOT_RELOC,,6,5,15,,1.5043241868476733,,,
ROBOT_RELOC,,6,5,16,,3.2840051533566834,,,
ROBOT_RELOC,,6,5,17,,2.3359303816131654,,,
ROBOT_RELOC,,6,6,0,,2.9201206725486206,,,
ROBOT_RELOC,,6,6,1,,3.425112450843904,,,
ROBOT_RELOC,,6,6,2,,3.3952179101700923,,,
ROBOT_RELOC,,6,6,3,,2.381950467536236,,,
ROBOT_RELOC,,6,6,4,,3.9709070475792063,,,
ROBOT_RELOC,,6,6,5,,2.2106879511705833,,,
ROBOT_RELOC,,6,6,6,,0.0,,,
ROBOT_RELOC,,6,6,7,,2.2926827644703374,,,
ROBOT_RELOC,,6,6,8,,2.7841775798189063,,,
ROBOT_RELOC,,6,6,9,,3.1581278590046757,,,
ROBOT_RELOC,,6,6,10,,2.863151848537311,,,
ROBOT_RELOC,,6,6,11,,1.8396716238018658,,,
ROBOT_RELOC,,6,6,12,,1.8723871594632815,,,
ROBOT_RELOC,,6,6,13,,1.507744481557804,,,
ROBOT_RELOC,,6,6,14,,3.3794661047732037,,,
ROBOT_RELOC,,6,6,15,,1.6936926201471771,,,
ROBOT_RELOC,,6,6,16,,3.046590055018052,,,
ROBOT_RELOC,,6,6,17,,3.7148747268035,,,
ROBOT_RELOC,,6,7,0,,3.4941300587761974,,,
ROBOT_RELOC,,6,7,1,,1.905438762128362,,,
ROBOT_RELOC,,6,7,2,,3.060650111321917,,,
ROBOT_RELOC,,6,7,3,,2.723024526013476,,,
ROBOT_RELOC,,6,7,4,,3.4248844993186394,,,
ROBOT_RELOC,,6,7,5,,1.8470414047565589,,,
ROBOT_RELOC,,6,7,6,,3.1300892281470243,,,
ROBOT_RELOC,,6,7,7,,0.0,,,
ROBOT_RELOC,,6,7,8,,0.8468122495721238,,,
ROBOT_RELOC,,6,7,9,,0.7475550390868768,,,
ROBOT_RELOC,,6,7,10,,2.987783328403312,,,
ROBOT_RELOC,,6,7,11,,2.4454905205429665,,,
ROBOT_RELOC,,6,7,12,,3.7070936494909024,,,
ROBOT_RELOC,,6,7,13,,3.4117781374889495,,,
ROBOT_RELOC,,6,7,14,,2.2029394922496124,,,
ROBOT_RELOC,,6,7,15,,1.6310704864452874,,,
ROBOT_RELOC,,6,7,16,,3.318359729438209,,,
ROBOT_RELOC,,6,7,17,,2.8338945085338345,,,
ROBOT_RELOC,,6,8,0,,3.361469635030243,,,
ROBOT_RELOC,,6,8,1,,3.1145446742290384,,,
ROBOT_RELOC,,6,8,2,,2.428006746063868,,,
ROBOT_RELOC,,6,8,3,,2.5825943191653513,,,
ROBOT_RELOC,,6,8,4,,1.8188758600396069,,,
ROBOT_RELOC,,6,8,5,,3.5067326968972656,,,
ROBOT_RELOC,,6,8,6,,3.212923484185085,,,
ROBOT_RELOC,,6,8,7,,0.6394654177072892,,,
ROBOT_RELOC,,6,8,8,,0.0,,,
ROBOT_RELOC,,6,8,9,,0.6856744607085423,,,
ROBOT_RELOC,,6,8,10,,1.9174359461985533,,,
ROBOT_RELOC,,6,8,11,,2.340645294992841,,,
ROBOT_RELOC,,6,8,12,,3.426291003713321,,,
ROBOT_RELOC,,6,8,13,,2.6865772855577936,,,
ROBOT_RELOC,,6,8,14,,3.4649984511327254,,,
ROBOT_RELOC,,6,8,15,,1.6274830415080366,,,
ROBOT_RELOC,,6,8,16,,2.33294196487282,,,
ROBOT_RELOC,,6,8,17,,1.534875731214322,,,
ROBOT_RELOC,,6,9,0,,2.9169572579949636,,,
ROBOT_RELOC,,6,9,1,,1.9367405218507718,,,
ROBOT_RELOC,,6,9,2,,1.747158233035116,,,
ROBOT_RELOC,,6,9,3,,3.6799534580178612,,,
ROBOT_RELOC,,6,9,4,,3.1732528356193472,,,
ROBOT_RELOC,,6,9,5,,3.5357900632883235,,,
ROBOT_RELOC,,6,9,6,,2.0016567289866005,,,
ROBOT_RELOC,,6,9,7,,1.0334016602599814,,,
ROBOT_RELOC,,6,9,8,,1.1592291020558358,,,
ROBOT_RELOC,,6,9,9,,0.0,,,
ROBOT_RELOC,,6,9,10,,2.0784612471681494,,,
ROBOT_RELOC,,6,9,11,,2.857167437684005,,,
ROBOT_RELOC,,6,9,12,,2.2429495767248517,,,
ROBOT_RELOC,,6,9,13,,3.5511100221504854,,,
ROBOT_RELOC,,6,9,14,,3.911572170759703,,,
ROBOT_RELOC,,6,9,15,,2.6261979220286182,,,
ROBOT_RELOC,,6,9,16,,3.6520585752428283,,,
ROBOT_RELOC,,6,9,17,,1.6541463799025267,,,
ROBOT_RELOC,,6,10,0,,2.5849714023622274,,,
ROBOT_RELOC,,6,10,1,,3.596158878033168,,,
ROBOT_RELOC,,6,10,2,,3.6659279247240963,,,
ROBOT_RELOC,,6,10,3,,3.0759633515770703,,,
ROBOT_RELOC,,6,10,4,,2.6913622290807346,,,
ROBOT_RELOC,,6,10,5,,1.933323154907035,,,
ROBOT_RELOC,,6,10,6,,3.1641304050869454,,,
ROBOT_RELOC,,6,10,7,,3.1280323218877055,,,
ROBOT_RELOC,,6,10,8,,2.857058242546371,,,
ROBOT_RELOC,,6,10,9,,3.626234786557956,,,
ROBOT_RELOC,,6,10,10,,0.0,,,
ROBOT_RELOC,,6,10,11,,1.2809490023619556,,,
ROBOT_RELOC,,6,10,12,,0.5144104705271128,,,
ROBOT_RELOC,,6,10,13,,3.0403220272704217,,,
ROBOT_RELOC,,6,10,14,,2.3399506512731065,,,
ROBOT_RELOC,,6,10,15,,3.163715637875198,,,
ROBOT_RELOC,,6,10,16,,3.2623791821011956,,,
ROBOT_RELOC,,6,10,17,,2.149270469831831,,,
ROBOT_RELOC,,6,11,0,,3.0772548074367823,,,
ROBOT_RELOC,,6,11,1,,2.617004709994987,,,
ROBOT_RELOC,,6,11,2,,2.5392144368351537,,,
ROBOT_RELOC,,6,11,3,,1.8342950517377576,,,
ROBOT_RELOC,,6,11,4,,2.678167219789205,,,
ROBOT_RELOC,,6,11,5,,1.9231260107453614,,,
ROBOT_RELOC,,6,11,6,,1.6645936338423128,,,
ROBOT_RELOC,,6,11,7,,3.41794397493525,,,
ROBOT_RELOC,,6,11,8,,3.814245399753285,,,
ROBOT_RELOC,,6,11,9,,1.6669629876082923,,,
ROBOT_RELOC,,6,11,10,,1.139029849920805,,,
ROBOT_RELOC,,6,11,11,,0.0,,,
ROBOT_RELOC,,6,11,12,,1.3478866384255528,,,
ROBOT_RELOC,,6,11,13,,3.664864485188832,,,
ROBOT_RELOC,,6,11,14,,2.136021094125896,,,
ROBOT_RELOC,,6,11,15,,3.582813508376823,,,
ROBOT_RELOC,,6,11,16,,2.192000182870618,,,
ROBOT_RELOC,,6,11,17,,3.9432410172348105,,,
ROBOT_RELOC,,6,12,0,,1.9496942989076624,,,
ROBOT_RELOC,,6,12,1,,3.941783985991857,,,
ROBOT_RELOC,,6,12,2,,3.1844396758701885,,,
ROBOT_RELOC,,6,12,3,,2.4698829820425443,,,
ROBOT_RELOC,,6,12,4,,3.7543612365481938,,,
ROBOT_RELOC,,6,12,5,,2.677557934863376,,,
ROBOT_RELOC,,6,12,6,,3.5788513384374943,,,
ROBOT_RELOC,,6,12,7,,3.680504268226263,,,
ROBOT_RELOC,,6,12,8,,2.786861044139264,,,
ROBOT_RELOC,,6,12,9,,1.6223565007486207,,,
ROBOT_RELOC,,6,12,10,,0.6831568934714939,,,
ROBOT_RELOC,,6,12,11,,0.9335033832710472,,,
ROBOT_RELOC,,6,12,12,,0.0,,,
ROBOT_RELOC,,6,12,13,,1.8839782875635773,,,
ROBOT_RELOC,,6,12,14,,3.358126378435123,,,
ROBOT_RELOC,,6,12,15,,3.2021731242087546,,,
ROBOT_RELOC,,6,12,16,,2.2292622839429175,,,
ROBOT_RELOC,,6,12,17,,3.0598252313349183,,,
ROBOT_RELOC,,6,13,0,,2.2700645577163403,,,
ROBOT_RELOC,,6,13,1,,2.2102675336466113,,,
ROBOT_RELOC,,6,13,2,,2.256581954081147,,,
ROBOT_RELOC,,6,13,3,,2.6581542493527923,,,
ROBOT_RELOC,,6,13,4,,2.325251513893652,,,
ROBOT_RELOC,,6,13,5,,1.8160459702688243,,,
ROBOT_RELOC,,6,13,6,,3.121389766828435,,,
ROBOT_RELOC,,6,13,7,,2.9074752337203953,,,
ROBOT_RELOC,,6,13,8,,2.102224451798753,,,
ROBOT_RELOC,,6,13,9,,1.779662205737863,,,
ROBOT_RELOC,,6,13,10,,2.4489959353094504,,,
ROBOT_RELOC,,6,13,11,,2.3868833312931317,,,
ROBOT_RELOC,,6,13,12,,2.9049828495676793,,,
ROBOT_RELOC,,6,13,13,,0.0,,,
ROBOT_RELOC,,6,13,14,,1.2372879716540441,,,
ROBOT_RELOC,,6,13,15,,1.9703198882351716,,,
ROBOT_RELOC,,6,13,16,,2.454906813520788,,,
ROBOT_RELOC,,6,13,17,,3.3210551720042067,,,
ROBOT_RELOC,,6,14,0,,3.3285947012683006,,,
ROBOT_RELOC,,6,14,1,,2.9341591987413786,,,
ROBOT_RELOC,,6,14,2,,3.367935822409661,,,
ROBOT_RELOC,,6,14,3,,3.252210847659007,,,
ROBOT_RELOC,,6,14,4,,3.6389961667184147,,,
ROBOT_RELOC,,6,14,5,,3.5038947222034302,,,
ROBOT_RELOC,,6,14,6,,3.362575897652129,,,
ROBOT_RELOC,,6,14,7,,3.9614613608728337,,,
ROBOT_RELOC,,6,14,8,,2.3044542752656065,,,
ROBOT_RELOC,,6,14,9,,2.952303257404183,,,
ROBOT_RELOC,,6,14,10,,1.6447695599366081,,,
ROBOT_RELOC,,6,14,11,,3.947427009810639,,,
ROBOT_RELOC,,6,14,12,,1.6419214883384674,,,
ROBOT_RELOC,,6,14,13,,0.8535579465990134,,,
ROBOT_RELOC,,6,14,14,,0.0,,,
ROBOT_RELOC,,6,14,15,,1.5150938157193512,,,
ROBOT_RELOC,,6,14,16,,3.3025753188848648,,,
ROBOT_RELOC,,6,14,17,,2.9163386350046006,,,
ROBOT_RELOC,,6,15,0,,1.5419335036638648,,,
ROBOT_RELOC,,6,15,1,,3.1846712750505484,,,
ROBOT_RELOC,,6,15,2,,3.3732748042356127,,,
ROBOT_RELOC,,6,15,3,,3.2665938299352515,,,
ROBOT_RELOC,,6,15,4,,1.9933079958992972,,,
ROBOT_RELOC,,6,15,5,,1.7142196933769154,,,
ROBOT_RELOC,,6,15,6,,2.8741337975123367,,,
ROBOT_RELOC,,6,15,7,,1.5260263716714286,,,
ROBOT_RELOC,,6,15,8,,1.6461705430730587,,,
ROBOT_RELOC,,6,15,9,,1.998258110841475,,,
ROBOT_RELOC,,6,15,10,,2.5534103460019093,,,
ROBOT_RELOC,,6,15,11,,3.351918613226757,,,
ROBOT_RELOC,,6,15,12,,2.726157073019949,,,
ROBOT_RELOC,,6,15,13,,2.572677471724848,,,
ROBOT_RELOC,,6,15,14,,1.8677703364774163,,,
ROBOT_RELOC,,6,15,15,,0.0,,,
ROBOT_RELOC,,6,15,16,,1.3084741949567298,,,
ROBOT_RELOC,,6,15,17,,0.7373202537160246,,,
ROBOT_RELOC,,6,16,0,,2.0696862438041483,,,
ROBOT_RELOC,,6,16,1,,1.616995967602834,,,
ROBOT_RELOC,,6,16,2,,2.4436271985932043,,,
ROBOT_RELOC,,6,16,3,,2.4788509281466,,,
ROBOT_RELOC,,6,16,4,,2.9696262130813604,,,
ROBOT_RELOC,,6,16,5,,3.204581555910021,,,
ROBOT_RELOC,,6,16,6,,2.8332633114480217,,,
ROBOT_RELOC,,6,16,7,,3.1389787920211476,,,
ROBOT_RELOC,,6,16,8,,1.9263462374621634,,,
ROBOT_RELOC,,6,16,9,,2.8039084205600107,,,
ROBOT_RELOC,,6,16,10,,1.7229112763529872,,,
ROBOT_RELOC,,6,16,11,,3.235887788144838,,,
ROBOT_RELOC,,6,16,12,,3.2210234407149736,,,
ROBOT_RELOC,,6,16,13,,3.114880985959534,,,
ROBOT_RELOC,,6,16,14,,1.6138287185391955,,,
ROBOT_RELOC,,6,16,15,,0.7682343757319056,,,
ROBOT_RELOC,,6,16,16,,0.0,,,
ROBOT_RELOC,,6,16,17,,0.724879277030936,,,
ROBOT_RELOC,,6,17,0,,3.064366567255986,,,
ROBOT_RELOC,,6,17,1,,3.384965635816458,,,
ROBOT_RELOC,,6,17,2,,3.8138250570647587,,,
ROBOT_RELOC,,6,17,3,,1.683524535465298,,,
ROBOT_RELOC,,6,17,4,,2.4872314801154065,,,
ROBOT_RELOC,,6,17,5,,1.6189256275674961,,,
ROBOT_RELOC,,6,17,6,,3.411037320762777,,,
ROBOT_RELOC,,6,17,7,,2.6954678930715885,,,
ROBOT_RELOC,,6,17,8,,2.118326144146319,,,
ROBOT_RELOC,,6,17,9,,3.932584618965546,,,
ROBOT_RELOC,,6,17,10,,2.07917415600131,,,
ROBOT_RELOC,,6,17,11,,3.4976995907978803,,,
ROBOT_RELOC,,6,17,12,,3.6274598017859705,,,
ROBOT_RELOC,,6,17,13,,3.1776546285395604,,,
ROBOT_RELOC,,6,17,14,,3.8454516541383033,,,
ROBOT_RELOC,,6,17,15,,0.9289318878424969,,,
ROBOT_RELOC,,6,17,16,,1.0257215477725627,,,
ROBOT_RELOC,,6,17,17,,0.0,,,
ROBOT_RELOC,,7,0,0,,0.0,,,
ROBOT_RELOC,,7,0,1,,0.5074643536482178,,,
ROBOT_RELOC,,7,0,2,,1.5394396243891486,,,
ROBOT_RELOC,,7,0,3,,1.8833277625125266,,,
ROBOT_RELOC,,7,0,4,,2.8078403590942975,,,
ROBOT_RELOC,,7,0,5,,2.010448864975734,,,
ROBOT_RELOC,,7,0,6,,3.8839463804838674,,,
ROBOT_RELOC,,7,0,7,,3.2863885284474534,,,
ROBOT_RELOC,,7,0,8,,3.292173644237067,,,
ROBOT_RELOC,,7,0,9,,2.3823723853468755,,,
ROBOT_RELOC,,7,0,10,,2.2154642774777735,,,
ROBOT_RELOC,,7,0,11,,2.713878681477264,,,
ROBOT_RELOC,,7,0,12,,3.983514533768861,,,
ROBOT_RELOC,,7,0,13,,1.8389000564079034,,,
ROBOT_RELOC,,7,0,14,,1.6872451053590274,,,
ROBOT_RELOC,,7,0,15,,2.186313909110152,,,
ROBOT_RELOC,,7,0,16,,2.416943142182142,,,
ROBOT_RELOC,,7,0,17,,3.430390028218448,,,
ROBOT_RELOC,,7,1,0,,0.5096618040086284,,,
ROBOT_RELOC,,7,1,1,,0.0,,,
ROBOT_RELOC,,7,1,2,,2.035705758938626,,,
ROBOT_RELOC,,7,1,3,,3.60124691492052,,,
ROBOT_RELOC,,7,1,4,,2.9001057456582937,,,
ROBOT_RELOC,,7,1,5,,3.9641448735508718,,,
ROBOT_RELOC,,7,1,6,,2.3765771740277275,,,
ROBOT_RELOC,,7,1,7,,1.5569541003651997,,,
ROBOT_RELOC,,7,1,8,,3.3730805847871888,,,
ROBOT_RELOC,,7,1,9,,3.64940694987948,,,
ROBOT_RELOC,,7,1,10,,3.2744657256327088,,,
ROBOT_RELOC,,7,1,11,,1.6197267668759188,,,
ROBOT_RELOC,,7,1,12,,3.513643921918116,,,
ROBOT_RELOC,,7,1,13,,2.5592175267467963,,,
ROBOT_RELOC,,7,1,14,,3.4295400511082894,,,
ROBOT_RELOC,,7,1,15,,2.622154656055103,,,
ROBOT_RELOC,,7,1,16,,3.3048479609260504,,,
ROBOT_RELOC,,7,1,17,,3.1734717082593535,,,
ROBOT_RELOC,,7,2,0,,1.7865250142718154,,,
ROBOT_RELOC,,7,2,1,,3.06635037323442,,,
ROBOT_RELOC,,7,2,2,,0.0,,,
ROBOT_RELOC,,7,2,3,,2.2313000774593856,,,
ROBOT_RELOC,,7,2,4,,3.462763778307635,,,
ROBOT_RELOC,,7,2,5,,3.4689587475772474,,,
ROBOT_RELOC,,7,2,6,,3.5695685958000047,,,
ROBOT_RELOC,,7,2,7,,3.139527992517264,,,
ROBOT_RELOC,,7,2,8,,2.379226473755537,,,
ROBOT_RELOC,,7,2,9,,3.216226327127042,,,
ROBOT_RELOC,,7,2,10,,3.7667148853829824,,,
ROBOT_RELOC,,7,2,11,,2.0648231797081564,,,
ROBOT_RELOC,,7,2,12,,3.626457259113739,,,
ROBOT_RELOC,,7,2,13,,3.124924603386994,,,
ROBOT_RELOC,,7,2,14,,2.2302221897228502,,,
ROBOT_RELOC,,7,2,15,,2.2547930578140494,,,
ROBOT_RELOC,,7,2,16,,2.994662474250037,,,
ROBOT_RELOC,,7,2,17,,1.959708625333921,,,
ROBOT_RELOC,,7,3,0,,2.221959407795708,,,
ROBOT_RELOC,,7,3,1,,3.999108133204586,,,
ROBOT_RELOC,,7,3,2,,1.9564729327878372,,,
ROBOT_RELOC,,7,3,3,,0.0,,,
ROBOT_RELOC,,7,3,4,,1.1956420541058543,,,
ROBOT_RELOC,,7,3,5,,1.10936217068317,,,
ROBOT_RELOC,,7,3,6,,3.073548162555908,,,
ROBOT_RELOC,,7,3,7,,2.519171367955442,,,
ROBOT_RELOC,,7,3,8,,1.7615264644042983,,,
ROBOT_RELOC,,7,3,9,,3.814647879488631,,,
ROBOT_RELOC,,7,3,10,,3.029132394639004,,,
ROBOT_RELOC,,7,3,11,,2.94218982583314,,,
ROBOT_RELOC,,7,3,12,,3.466247450741613,,,
ROBOT_RELOC,,7,3,13,,2.0284626836180624,,,
ROBOT_RELOC,,7,3,14,,3.492367054791867,,,
ROBOT_RELOC,,7,3,15,,3.870896458468012,,,
ROBOT_RELOC,,7,3,16,,1.9932024962292705,,,
ROBOT_RELOC,,7,3,17,,1.552874980520508,,,
ROBOT_RELOC,,7,4,0,,2.2261354728081493,,,
ROBOT_RELOC,,7,4,1,,2.1550713551309952,,,
ROBOT_RELOC,,7,4,2,,1.9015242073225755,,,
ROBOT_RELOC,,7,4,3,,0.7814525988073577,,,
ROBOT_RELOC,,7,4,4,,0.0,,,
ROBOT_RELOC,,7,4,5,,0.9270432801763351,,,
ROBOT_RELOC,,7,4,6,,2.9663663629835124,,,
ROBOT_RELOC,,7,4,7,,3.490420338494123,,,
ROBOT_RELOC,,7,4,8,,3.5589038823106725,,,
ROBOT_RELOC,,7,4,9,,3.4589063073270934,,,
ROBOT_RELOC,,7,4,10,,2.0456979417916887,,,
ROBOT_RELOC,,7,4,11,,3.2045418878374745,,,
ROBOT_RELOC,,7,4,12,,2.5247045199092297,,,
ROBOT_RELOC,,7,4,13,,3.757281505735131,,,
ROBOT_RELOC,,7,4,14,,1.8744773527642862,,,
ROBOT_RELOC,,7,4,15,,1.8368454829501655,,,
ROBOT_RELOC,,7,4,16,,3.499124684962474,,,
ROBOT_RELOC,,7,4,17,,2.3309246154619965,,,
ROBOT_RELOC,,7,5,0,,3.9760951451651985,,,
ROBOT_RELOC,,7,5,1,,3.9798638881922064,,,
ROBOT_RELOC,,7,5,2,,3.500061362685412,,,
ROBOT_RELOC,,7,5,3,,1.3679757505080854,,,
ROBOT_RELOC,,7,5,4,,0.9393535310638288,,,
ROBOT_RELOC,,7,5,5,,0.0,,,
ROBOT_RELOC,,7,5,6,,2.0438442552818628,,,
ROBOT_RELOC,,7,5,7,,3.988843042452266,,,
ROBOT_RELOC,,7,5,8,,2.8602278384628614,,,
ROBOT_RELOC,,7,5,9,,2.4102974011556046,,,
ROBOT_RELOC,,7,5,10,,1.747599835006538,,,
ROBOT_RELOC,,7,5,11,,2.663503946164195,,,
ROBOT_RELOC,,7,5,12,,3.3613001705372376,,,
ROBOT_RELOC,,7,5,13,,2.624691128918979,,,
ROBOT_RELOC,,7,5,14,,2.062493822011671,,,
ROBOT_RELOC,,7,5,15,,1.5269347516415916,,,
ROBOT_RELOC,,7,5,16,,2.2270073198670053,,,
ROBOT_RELOC,,7,5,17,,3.23670337400897,,,
ROBOT_RELOC,,7,6,0,,2.033197733279393,,,
ROBOT_RELOC,,7,6,1,,3.8952308761129535,,,
ROBOT_RELOC,,7,6,2,,2.739685470065715,,,
ROBOT_RELOC,,7,6,3,,1.7968592764999243,,,
ROBOT_RELOC,,7,6,4,,2.9058792184375823,,,
ROBOT_RELOC,,7,6,5,,2.9239828918871,,,
ROBOT_RELOC,,7,6,6,,0.0,,,
ROBOT_RELOC,,7,6,7,,3.677286212103043,,,
ROBOT_RELOC,,7,6,8,,2.142409173909958,,,
ROBOT_RELOC,,7,6,9,,2.2428557734342127,,,
ROBOT_RELOC,,7,6,10,,1.990857825248392,,,
ROBOT_RELOC,,7,6,11,,2.460446455749083,,,
ROBOT_RELOC,,7,6,12,,3.927252538010205,,,
ROBOT_RELOC,,7,6,13,,1.9273745099276458,,,
ROBOT_RELOC,,7,6,14,,1.8174430873051681,,,
ROBOT_RELOC,,7,6,15,,3.3890844569419687,,,
ROBOT_RELOC,,7,6,16,,1.7264254570207627,,,
ROBOT_RELOC,,7,6,17,,1.8028337330606146,,,
ROBOT_RELOC,,7,7,0,,2.3283246134765583,,,
ROBOT_RELOC,,7,7,1,,2.025968520205889,,,
ROBOT_RELOC,,7,7,2,,3.6972984245624945,,,
ROBOT_RELOC,,7,7,3,,2.2689151454057854,,,
ROBOT_RELOC,,7,7,4,,1.6332853649952839,,,
ROBOT_RELOC,,7,7,5,,2.5900179783400668,,,
ROBOT_RELOC,,7,7,6,,1.6348519032368831,,,
ROBOT_RELOC,,7,7,7,,0.0,,,
ROBOT_RELOC,,7,7,8,,1.090289777192029,,,
ROBOT_RELOC,,7,7,9,,0.9611023980125244,,,
ROBOT_RELOC,,7,7,10,,2.2299481388633073,,,
ROBOT_RELOC,,7,7,11,,2.4769184720423456,,,
ROBOT_RELOC,,7,7,12,,1.7892566861605683,,,
ROBOT_RELOC,,7,7,13,,2.335014235745235,,,
ROBOT_RELOC,,7,7,14,,3.919304744401333,,,
ROBOT_RELOC,,7,7,15,,3.604756120274351,,,
ROBOT_RELOC,,7,7,16,,1.8235098826947815,,,
ROBOT_RELOC,,7,7,17,,2.6580970598078903,,,
ROBOT_RELOC,,7,8,0,,1.8926286073298146,,,
ROBOT_RELOC,,7,8,1,,3.8247876916686647,,,
ROBOT_RELOC,,7,8,2,,1.8568331030540415,,,
ROBOT_RELOC,,7,8,3,,2.153910626193001,,,
ROBOT_RELOC,,7,8,4,,2.7370950173223783,,,
ROBOT_RELOC,,7,8,5,,2.1879954443386045,,,
ROBOT_RELOC,,7,8,6,,1.6402253089484031,,,
ROBOT_RELOC,,7,8,7,,0.5127614058197646,,,
ROBOT_RELOC,,7,8,8,,0.0,,,
ROBOT_RELOC,,7,8,9,,1.3499057473758294,,,
ROBOT_RELOC,,7,8,10,,3.0015407529168225,,,
ROBOT_RELOC,,7,8,11,,2.6563947694476315,,,
ROBOT_RELOC,,7,8,12,,3.5483548258520665,,,
ROBOT_RELOC,,7,8,13,,3.8294969201173705,,,
ROBOT_RELOC,,7,8,14,,3.5516008428486794,,,
ROBOT_RELOC,,7,8,15,,1.7545904514262711,,,
ROBOT_RELOC,,7,8,16,,3.806670841796192,,,
ROBOT_RELOC,,7,8,17,,3.676890658615564,,,
ROBOT_RELOC,,7,9,0,,1.7701982468810553,,,
ROBOT_RELOC,,7,9,1,,2.0784977562746416,,,
ROBOT_RELOC,,7,9,2,,3.929145072523042,,,
ROBOT_RELOC,,7,9,3,,3.110194396883542,,,
ROBOT_RELOC,,7,9,4,,2.583863991924617,,,
ROBOT_RELOC,,7,9,5,,3.178163080231104,,,
ROBOT_RELOC,,7,9,6,,3.1610777999596715,,,
ROBOT_RELOC,,7,9,7,,0.8720204912663466,,,
ROBOT_RELOC,,7,9,8,,0.8696756654179398,,,
ROBOT_RELOC,,7,9,9,,0.0,,,
ROBOT_RELOC,,7,9,10,,1.8186068737499443,,,
ROBOT_RELOC,,7,9,11,,1.6682419502352848,,,
ROBOT_RELOC,,7,9,12,,3.1202837139281714,,,
ROBOT_RELOC,,7,9,13,,1.943421829898124,,,
ROBOT_RELOC,,7,9,14,,1.7598455853158668,,,
ROBOT_RELOC,,7,9,15,,3.37409506303529,,,
ROBOT_RELOC,,7,9,16,,3.590195529293029,,,
ROBOT_RELOC,,7,9,17,,3.5566578863487575,,,
ROBOT_RELOC,,7,10,0,,2.8454832330070627,,,
ROBOT_RELOC,,7,10,1,,3.761293002239528,,,
ROBOT_RELOC,,7,10,2,,3.950131499916092,,,
ROBOT_RELOC,,7,10,3,,2.9079936350148783,,,
ROBOT_RELOC,,7,10,4,,1.8767642985788877,,,
ROBOT_RELOC,,7,10,5,,3.575643354509953,,,
ROBOT_RELOC,,7,10,6,,1.8638470622341088,,,
ROBOT_RELOC,,7,10,7,,3.2819861711399296,,,
ROBOT_RELOC,,7,10,8,,2.8167528181345283,,,
ROBOT_RELOC,,7,10,9,,2.8561975680718557,,,
ROBOT_RELOC,,7,10,10,,0.0,,,
ROBOT_RELOC,,7,10,11,,1.0084003982490608,,,
ROBOT_RELOC,,7,10,12,,1.297279664893236,,,
ROBOT_RELOC,,7,10,13,,2.5991196933209855,,,
ROBOT_RELOC,,7,10,14,,2.0904194730892462,,,
ROBOT_RELOC,,7,10,15,,2.0986645727224182,,,
ROBOT_RELOC,,7,10,16,,2.741973365464542,,,
ROBOT_RELOC,,7,10,17,,3.870753107506876,,,
ROBOT_RELOC,,7,11,0,,3.7746472180680373,,,
ROBOT_RELOC,,7,11,1,,2.797083010521707,,,
ROBOT_RELOC,,7,11,2,,3.892992488964874,,,
ROBOT_RELOC,,7,11,3,,2.089761418644901,,,
ROBOT_RELOC,,7,11,4,,3.4964957122508182,,,
ROBOT_RELOC,,7,11,5,,2.8653031390945327,,,
ROBOT_RELOC,,7,11,6,,2.3133995278740787,,,
ROBOT_RELOC,,7,11,7,,1.669859256575731,,,
ROBOT_RELOC,,7,11,8,,2.9117745789901437,,,
ROBOT_RELOC,,7,11,9,,3.4158521653090754,,,
ROBOT_RELOC,,7,11,10,,0.959355212352492,,,
ROBOT_RELOC,,7,11,11,,0.0,,,
ROBOT_RELOC,,7,11,12,,0.8298480808478957,,,
ROBOT_RELOC,,7,11,13,,1.5231043577751882,,,
ROBOT_RELOC,,7,11,14,,3.304808278767629,,,
ROBOT_RELOC,,7,11,15,,1.6874471635112538,,,
ROBOT_RELOC,,7,11,16,,1.810524768920156,,,
ROBOT_RELOC,,7,11,17,,2.6497181280118762,,,
ROBOT_RELOC,,7,12,0,,1.9766183781615254,,,
ROBOT_RELOC,,7,12,1,,3.608754708896161,,,
ROBOT_RELOC,,7,12,2,,2.521744932562501,,,
ROBOT_RELOC,,7,12,3,,3.8552736697894634,,,
ROBOT_RELOC,,7,12,4,,2.5573813193906454,,,
ROBOT_RELOC,,7,12,5,,3.322312208645303,,,
ROBOT_RELOC,,7,12,6,,3.439520613970704,,,
ROBOT_RELOC,,7,12,7,,2.556613672502991,,,
ROBOT_RELOC,,7,12,8,,3.275300250434726,,,
ROBOT_RELOC,,7,12,9,,3.29882811165101,,,
ROBOT_RELOC,,7,12,10,,1.2356919541226248,,,
ROBOT_RELOC,,7,12,11,,0.5442517308596871,,,
ROBOT_RELOC,,7,12,12,,0.0,,,
ROBOT_RELOC,,7,12,13,,2.8946733142392613,,,
ROBOT_RELOC,,7,12,14,,2.5461871586282667,,,
ROBOT_RELOC,,7,12,15,,2.3344025324211968,,,
ROBOT_RELOC,,7,12,16,,2.33656467431805,,,
ROBOT_RELOC,,7,12,17,,1.9587790393540474,,,
ROBOT_RELOC,,7,13,0,,1.9766176580380366,,,
ROBOT_RELOC,,7,13,1,,2.8692235052624375,,,
ROBOT_RELOC,,7,13,2,,3.969160521436274,,,
ROBOT_RELOC,,7,13,3,,1.8426267364307203,,,
ROBOT_RELOC,,7,13,4,,3.1592259286191,,,
ROBOT_RELOC,,7,13,5,,3.9877569372264334,,,
ROBOT_RELOC,,7,13,6,,3.065900575875898,,,
ROBOT_RELOC,,7,13,7,,2.0930393896578052,,,
ROBOT_RELOC,,7,13,8,,2.232905644400188,,,
ROBOT_RELOC,,7,13,9,,3.4208124314071617,,,
ROBOT_RELOC,,7,13,10,,2.801833352265768,,,
ROBOT_RELOC,,7,13,11,,2.9926938108758985,,,
ROBOT_RELOC,,7,13,12,,2.633204555413541,,,
ROBOT_RELOC,,7,13,13,,0.0,,,
ROBOT_RELOC,,7,13,14,,1.1895700938017688,,,
ROBOT_RELOC,,7,13,15,,3.2407050808011464,,,
ROBOT_RELOC,,7,13,16,,2.3245021006959505,,,
ROBOT_RELOC,,7,13,17,,3.493915336556566,,,
ROBOT_RELOC,,7,14,0,,2.168153439294818,,,
ROBOT_RELOC,,7,14,1,,1.956059640140283,,,
ROBOT_RELOC,,7,14,2,,1.5051331949870148,,,
ROBOT_RELOC,,7,14,3,,3.911960065696749,,,
ROBOT_RELOC,,7,14,4,,3.2476367098256285,,,
ROBOT_RELOC,,7,14,5,,2.227434544483951,,,
ROBOT_RELOC,,7,14,6,,3.515806898223225,,,
ROBOT_RELOC,,7,14,7,,3.447527410535793,,,
ROBOT_RELOC,,7,14,8,,3.5515917537013157,,,
ROBOT_RELOC,,7,14,9,,1.9799046019349482,,,
ROBOT_RELOC,,7,14,10,,1.9229452375909188,,,
ROBOT_RELOC,,7,14,11,,1.6936133360132941,,,
ROBOT_RELOC,,7,14,12,,1.6238205315496297,,,
ROBOT_RELOC,,7,14,13,,0.6195001341708544,,,
ROBOT_RELOC,,7,14,14,,0.0,,,
ROBOT_RELOC,,7,14,15,,2.310673378540603,,,
ROBOT_RELOC,,7,14,16,,1.772660058975415,,,
ROBOT_RELOC,,7,14,17,,1.928121862447829,,,
ROBOT_RELOC,,7,15,0,,3.8025663180624476,,,
ROBOT_RELOC,,7,15,1,,3.6795127049404517,,,
ROBOT_RELOC,,7,15,2,,2.495438222792735,,,
ROBOT_RELOC,,7,15,3,,2.3464097265760246,,,
ROBOT_RELOC,,7,15,4,,3.9327352314352475,,,
ROBOT_RELOC,,7,15,5,,3.6111575720509927,,,
ROBOT_RELOC,,7,15,6,,3.7480205568499665,,,
ROBOT_RELOC,,7,15,7,,2.6043027347692824,,,
ROBOT_RELOC,,7,15,8,,3.631523617393775,,,
ROBOT_RELOC,,7,15,9,,2.0064678804247347,,,
ROBOT_RELOC,,7,15,10,,3.1313899589517966,,,
ROBOT_RELOC,,7,15,11,,2.5154508933785653,,,
ROBOT_RELOC,,7,15,12,,1.9276549572507158,,,
ROBOT_RELOC,,7,15,13,,3.881008161063934,,,
ROBOT_RELOC,,7,15,14,,3.301850041236302,,,
ROBOT_RELOC,,7,15,15,,0.0,,,
ROBOT_RELOC,,7,15,16,,0.9567541282215162,,,
ROBOT_RELOC,,7,15,17,,1.1614616585343072,,,
ROBOT_RELOC,,7,16,0,,2.995597661856789,,,
ROBOT_RELOC,,7,16,1,,3.7234460390459567,,,
ROBOT_RELOC,,7,16,2,,2.815576156288815,,,
ROBOT_RELOC,,7,16,3,,3.1012708534420828,,,
ROBOT_RELOC,,7,16,4,,1.6075767773831928,,,
ROBOT_RELOC,,7,16,5,,3.681859230083782,,,
ROBOT_RELOC,,7,16,6,,3.4240407040486867,,,
ROBOT_RELOC,,7,16,7,,2.790908725680917,,,
ROBOT_RELOC,,7,16,8,,2.1334424502092073,,,
ROBOT_RELOC,,7,16,9,,3.815421385522089,,,
ROBOT_RELOC,,7,16,10,,3.9688476540363373,,,
ROBOT_RELOC,,7,16,11,,2.795311126554357,,,
ROBOT_RELOC,,7,16,12,,3.435805969426394,,,
ROBOT_RELOC,,7,16,13,,2.8868711612944766,,,
ROBOT_RELOC,,7,16,14,,3.948995302754469,,,
ROBOT_RELOC,,7,16,15,,1.475081772387946,,,
ROBOT_RELOC,,7,16,16,,0.0,,,
ROBOT_RELOC,,7,16,17,,1.0429735499825417,,,
ROBOT_RELOC,,7,17,0,,1.7168855694416938,,,
ROBOT_RELOC,,7,17,1,,2.0735871667888204,,,
ROBOT_RELOC,,7,17,2,,1.6133938810124668,,,
ROBOT_RELOC,,7,17,3,,3.283710075547022,,,
ROBOT_RELOC,,7,17,4,,2.8551047799511675,,,
ROBOT_RELOC,,7,17,5,,1.6924420315066466,,,
ROBOT_RELOC,,7,17,6,,3.73269092385173,,,
ROBOT_RELOC,,7,17,7,,3.6339017808974967,,,
ROBOT_RELOC,,7,17,8,,3.515989435048148,,,
ROBOT_RELOC,,7,17,9,,2.2348648783720044,,,
ROBOT_RELOC,,7,17,10,,3.523280729473752,,,
ROBOT_RELOC,,7,17,11,,2.499649939179254,,,
ROBOT_RELOC,,7,17,12,,2.8395279363507817,,,
ROBOT_RELOC,,7,17,13,,2.3837369590493394,,,
ROBOT_RELOC,,7,17,14,,2.5260924301354617,,,
ROBOT_RELOC,,7,17,15,,1.2758106703307504,,,
ROBOT_RELOC,,7,17,16,,1.471922211794301,,,
ROBOT_RELOC,,7,17,17,,0.0,,,
ROBOT_RELOC,,8,0,0,,0.0,,,
ROBOT_RELOC,,8,0,1,,1.1683083092180708,,,
ROBOT_RELOC,,8,0,2,,1.6344086621438525,,,
ROBOT_RELOC,,8,0,3,,2.191376844009707,,,
ROBOT_RELOC,,8,0,4,,3.3697872339043213,,,
ROBOT_RELOC,,8,0,5,,1.577410280396081,,,
ROBOT_RELOC,,8,0,6,,3.002631967265203,,,
ROBOT_RELOC,,8,0,7,,2.3707904207850437,,,
ROBOT_RELOC,,8,0,8,,2.320585088393445,,,
ROBOT_RELOC,,8,0,9,,2.6097475867592452,,,
ROBOT_RELOC,,8,0,10,,2.543000111422999,,,
ROBOT_RELOC,,8,0,11,,2.0113022380672647,,,
ROBOT_RELOC,,8,0,12,,3.5431273722920285,,,
ROBOT_RELOC,,8,0,13,,3.3599659928914614,,,
ROBOT_RELOC,,8,0,14,,3.5081097565515282,,,
ROBOT_RELOC,,8,0,15,,2.675971304854379,,,
ROBOT_RELOC,,8,0,16,,2.3955075258509178,,,
ROBOT_RELOC,,8,0,17,,3.2336996542761813,,,
ROBOT_RELOC,,8,1,0,,0.7217697723383207,,,
ROBOT_RELOC,,8,1,1,,0.0,,,
ROBOT_RELOC,,8,1,2,,3.707965730451726,,,
ROBOT_RELOC,,8,1,3,,2.5605073626126886,,,
ROBOT_RELOC,,8,1,4,,2.139703059081766,,,
ROBOT_RELOC,,8,1,5,,3.508930280905241,,,
ROBOT_RELOC,,8,1,6,,2.8468933373760033,,,
ROBOT_RELOC,,8,1,7,,2.4235938625113356,,,
ROBOT_RELOC,,8,1,8,,1.8146658758746295,,,
ROBOT_RELOC,,8,1,9,,2.3566789948502604,,,
ROBOT_RELOC,,8,1,10,,2.8122931914122145,,,
ROBOT_RELOC,,8,1,11,,2.1245659229123035,,,
ROBOT_RELOC,,8,1,12,,2.74223244794089,,,
ROBOT_RELOC,,8,1,13,,1.9962972657736453,,,
ROBOT_RELOC,,8,1,14,,1.8768219517389662,,,
ROBOT_RELOC,,8,1,15,,2.790595159233084,,,
ROBOT_RELOC,,8,1,16,,2.988683893625136,,,
ROBOT_RELOC,,8,1,17,,3.197844479726225,,,
ROBOT_RELOC,,8,2,0,,3.974937396986646,,,
ROBOT_RELOC,,8,2,1,,2.7098260139823798,,,
ROBOT_RELOC,,8,2,2,,0.0,,,
ROBOT_RELOC,,8,2,3,,3.0618890335759525,,,
ROBOT_RELOC,,8,2,4,,3.963773613006343,,,
ROBOT_RELOC,,8,2,5,,2.7593146773180455,,,
ROBOT_RELOC,,8,2,6,,2.378816996148,,,
ROBOT_RELOC,,8,2,7,,2.213141285249271,,,
ROBOT_RELOC,,8,2,8,,2.2378543056504667,,,
ROBOT_RELOC,,8,2,9,,3.6104720731519375,,,
ROBOT_RELOC,,8,2,10,,3.5064750889086356,,,
ROBOT_RELOC,,8,2,11,,2.336317650494811,,,
ROBOT_RELOC,,8,2,12,,3.859373541311511,,,
ROBOT_RELOC,,8,2,13,,2.2517217288490174,,,
ROBOT_RELOC,,8,2,14,,2.1720756501236735,,,
ROBOT_RELOC,,8,2,15,,2.9596794593187954,,,
ROBOT_RELOC,,8,2,16,,3.7177260717764504,,,
ROBOT_RELOC,,8,2,17,,3.681934786559525,,,
ROBOT_RELOC,,8,3,0,,1.8251087885935846,,,
ROBOT_RELOC,,8,3,1,,2.2450914567952873,,,
ROBOT_RELOC,,8,3,2,,2.754223707172663,,,
ROBOT_RELOC,,8,3,3,,0.0,,,
ROBOT_RELOC,,8,3,4,,0.8951567628250238,,,
ROBOT_RELOC,,8,3,5,,0.9575370709170388,,,
ROBOT_RELOC,,8,3,6,,2.999719524544993,,,
ROBOT_RELOC,,8,3,7,,3.993871207648265,,,
ROBOT_RELOC,,8,3,8,,3.8600141144169497,,,
ROBOT_RELOC,,8,3,9,,2.6556904702323374,,,
ROBOT_RELOC,,8,3,10,,1.9230016988947538,,,
ROBOT_RELOC,,8,3,11,,3.4049557399754455,,,
ROBOT_RELOC,,8,3,12,,3.9647473651862524,,,
ROBOT_RELOC,,8,3,13,,1.7191271845468714,,,
ROBOT_RELOC,,8,3,14,,1.9096028429609289,,,
ROBOT_RELOC,,8,3,15,,3.3857989883040736,,,
ROBOT_RELOC,,8,3,16,,2.208776052554795,,,
ROBOT_RELOC,,8,3,17,,2.3322985942147483,,,
ROBOT_RELOC,,8,4,0,,1.9354727478503069,,,
ROBOT_RELOC,,8,4,1,,3.570256901910958,,,
ROBOT_RELOC,,8,4,2,,3.100727590165323,,,
ROBOT_RELOC,,8,4,3,,0.5405076633823628,,,
ROBOT_RELOC,,8,4,4,,0.0,,,
ROBOT_RELOC,,8,4,5,,0.871131782082727,,,
ROBOT_RELOC,,8,4,6,,3.7529492059784735,,,
ROBOT_RELOC,,8,4,7,,2.6139650877485865,,,
ROBOT_RELOC,,8,4,8,,2.8198212328723624,,,
ROBOT_RELOC,,8,4,9,,3.5976475897522926,,,
ROBOT_RELOC,,8,4,10,,1.8695178829859476,,,
ROBOT_RELOC,,8,4,11,,3.7902244312847837,,,
ROBOT_RELOC,,8,4,12,,1.8938772927920766,,,
ROBOT_RELOC,,8,4,13,,3.218509715700387,,,
ROBOT_RELOC,,8,4,14,,3.2188305916369835,,,
ROBOT_RELOC,,8,4,15,,2.1757583946547343,,,
ROBOT_RELOC,,8,4,16,,2.3528668411520473,,,
ROBOT_RELOC,,8,4,17,,3.748814979656704,,,
ROBOT_RELOC,,8,5,0,,2.680977585578005,,,
ROBOT_RELOC,,8,5,1,,2.393486071186082,,,
ROBOT_RELOC,,8,5,2,,3.26462640763154,,,
ROBOT_RELOC,,8,5,3,,0.9456635582767896,,,
ROBOT_RELOC,,8,5,4,,1.367938922764137,,,
ROBOT_RELOC,,8,5,5,,0.0,,,
ROBOT_RELOC,,8,5,6,,2.5951883916823593,,,
ROBOT_RELOC,,8,5,7,,1.9098392959165378,,,
ROBOT_RELOC,,8,5,8,,3.9000595055001406,,,
ROBOT_RELOC,,8,5,9,,3.589315053284766,,,
ROBOT_RELOC,,8,5,10,,3.0151345027677907,,,
ROBOT_RELOC,,8,5,11,,2.938580933976547,,,
ROBOT_RELOC,,8,5,12,,3.294640988697598,,,
ROBOT_RELOC,,8,5,13,,2.100443972068567,,,
ROBOT_RELOC,,8,5,14,,1.6701922238339295,,,
ROBOT_RELOC,,8,5,15,,3.6784944300082736,,,
ROBOT_RELOC,,8,5,16,,2.2522154412846525,,,
ROBOT_RELOC,,8,5,17,,2.84547904171397,,,
ROBOT_RELOC,,8,6,0,,3.757162776434431,,,
ROBOT_RELOC,,8,6,1,,3.2626267906932496,,,
ROBOT_RELOC,,8,6,2,,2.7601091944228067,,,
ROBOT_RELOC,,8,6,3,,1.543710089008222,,,
ROBOT_RELOC,,8,6,4,,1.560150243906833,,,
ROBOT_RELOC,,8,6,5,,3.3359785871984253,,,
ROBOT_RELOC,,8,6,6,,0.0,,,
ROBOT_RELOC,,8,6,7,,3.433013345911366,,,
ROBOT_RELOC,,8,6,8,,2.790514618434037,,,
ROBOT_RELOC,,8,6,9,,3.3681225787465126,,,
ROBOT_RELOC,,8,6,10,,2.0602045448353437,,,
ROBOT_RELOC,,8,6,11,,2.084262170262745,,,
ROBOT_RELOC,,8,6,12,,2.274873884194035,,,
ROBOT_RELOC,,8,6,13,,1.8416857619746214,,,
ROBOT_RELOC,,8,6,14,,2.2630785420966557,,,
ROBOT_RELOC,,8,6,15,,1.5975165339991138,,,
ROBOT_RELOC,,8,6,16,,3.026041505997493,,,
ROBOT_RELOC,,8,6,17,,2.9589486207335893,,,
ROBOT_RELOC,,8,7,0,,2.7720478272154843,,,
ROBOT_RELOC,,8,7,1,,1.8063934099199357,,,
ROBOT_RELOC,,8,7,2,,3.4297114133312965,,,
ROBOT_RELOC,,8,7,3,,3.797753232370595,,,
ROBOT_RELOC,,8,7,4,,3.4817643965564797,,,
ROBOT_RELOC,,8,7,5,,2.115988396996097,,,
ROBOT_RELOC,,8,7,6,,3.263947987874765,,,
ROBOT_RELOC,,8,7,7,,0.0,,,
ROBOT_RELOC,,8,7,8,,1.4989449888166666,,,
ROBOT_RELOC,,8,7,9,,0.7353860072089624,,,
ROBOT_RELOC,,8,7,10,,3.845335142953989,,,
ROBOT_RELOC,,8,7,11,,3.406599371236533,,,
ROBOT_RELOC,,8,7,12,,3.3864741159242553,,,
ROBOT_RELOC,,8,7,13,,3.475780599857017,,,
ROBOT_RELOC,,8,7,14,,3.2578083194961556,,,
ROBOT_RELOC,,8,7,15,,2.435463625360402,,,
ROBOT_RELOC,,8,7,16,,2.8623166459088076,,,
ROBOT_RELOC,,8,7,17,,1.6537289628680971,,,
ROBOT_RELOC,,8,8,0,,2.3374614446444464,,,
ROBOT_RELOC,,8,8,1,,2.651790453455979,,,
ROBOT_RELOC,,8,8,2,,2.2101015682872034,,,
ROBOT_RELOC,,8,8,3,,2.6402706839558387,,,
ROBOT_RELOC,,8,8,4,,3.771464187880908,,,
ROBOT_RELOC,,8,8,5,,3.943348860095042,,,
ROBOT_RELOC,,8,8,6,,3.610756651983668,,,
ROBOT_RELOC,,8,8,7,,1.157962666996474,,,
ROBOT_RELOC,,8,8,8,,0.0,,,
ROBOT_RELOC,,8,8,9,,0.8951641960165942,,,
ROBOT_RELOC,,8,8,10,,1.866657962071872,,,
ROBOT_RELOC,,8,8,11,,2.279579536612952,,,
ROBOT_RELOC,,8,8,12,,3.689846415733277,,,
ROBOT_RELOC,,8,8,13,,3.4326196133447446,,,
ROBOT_RELOC,,8,8,14,,2.083268461824349,,,
ROBOT_RELOC,,8,8,15,,3.293103110849565,,,
ROBOT_RELOC,,8,8,16,,2.2949785013083557,,,
ROBOT_RELOC,,8,8,17,,3.6240343790865484,,,
ROBOT_RELOC,,8,9,0,,2.9027613666643903,,,
ROBOT_RELOC,,8,9,1,,3.6403698867846503,,,
ROBOT_RELOC,,8,9,2,,2.051880210156201,,,
ROBOT_RELOC,,8,9,3,,2.1769210993182457,,,
ROBOT_RELOC,,8,9,4,,2.740595672010037,,,
ROBOT_RELOC,,8,9,5,,3.9185194629983116,,,
ROBOT_RELOC,,8,9,6,,2.839288969404063,,,
ROBOT_RELOC,,8,9,7,,1.0314528587861904,,,
ROBOT_RELOC,,8,9,8,,1.4369146103535737,,,
ROBOT_RELOC,,8,9,9,,0.0,,,
ROBOT_RELOC,,8,9,10,,1.626527381202535,,,
ROBOT_RELOC,,8,9,11,,3.5970745469374856,,,
ROBOT_RELOC,,8,9,12,,1.7757234040085694,,,
ROBOT_RELOC,,8,9,13,,3.8126565785224495,,,
ROBOT_RELOC,,8,9,14,,2.863753064836541,,,
ROBOT_RELOC,,8,9,15,,2.4864430841810314,,,
ROBOT_RELOC,,8,9,16,,3.0668777960666,,,
ROBOT_RELOC,,8,9,17,,2.711988307540285,,,
ROBOT_RELOC,,8,10,0,,2.9905261399368124,,,
ROBOT_RELOC,,8,10,1,,1.8788968263348753,,,
ROBOT_RELOC,,8,10,2,,3.0601742478749023,,,
ROBOT_RELOC,,8,10,3,,1.8047642888678637,,,
ROBOT_RELOC,,8,10,4,,3.2970409201657507,,,
ROBOT_RELOC,,8,10,5,,2.9193554266222366,,,
ROBOT_RELOC,,8,10,6,,2.6272990179805125,,,
ROBOT_RELOC,,8,10,7,,3.76981346017428,,,
ROBOT_RELOC,,8,10,8,,2.8844087787950548,,,
ROBOT_RELOC,,8,10,9,,3.957217848084807,,,
ROBOT_RELOC,,8,10,10,,0.0,,,
ROBOT_RELOC,,8,10,11,,1.2137155326830715,,,
ROBOT_RELOC,,8,10,12,,0.596838249198819,,,
ROBOT_RELOC,,8,10,13,,3.0716364387606045,,,
ROBOT_RELOC,,8,10,14,,1.568562311843835,,,
ROBOT_RELOC,,8,10,15,,3.6515246007822095,,,
ROBOT_RELOC,,8,10,16,,2.660526447075651,,,
ROBOT_RELOC,,8,10,17,,2.1564023264945087,,,
ROBOT_RELOC,,8,11,0,,2.2934667583882415,,,
ROBOT_RELOC,,8,11,1,,3.5485501485994924,,,
ROBOT_RELOC,,8,11,2,,2.136837739405858,,,
ROBOT_RELOC,,8,11,3,,3.507522072079653,,,
ROBOT_RELOC,,8,11,4,,2.6530822397187683,,,
ROBOT_RELOC,,8,11,5,,3.585352646589697,,,
ROBOT_RELOC,,8,11,6,,3.7549488191214175,,,
ROBOT_RELOC,,8,11,7,,3.6316765077657083,,,
ROBOT_RELOC,,8,11,8,,2.035677107662811,,,
ROBOT_RELOC,,8,11,9,,3.302304503606277,,,
ROBOT_RELOC,,8,11,10,,0.742559516208438,,,
ROBOT_RELOC,,8,11,11,,0.0,,,
ROBOT_RELOC,,8,11,12,,0.7476443780964658,,,
ROBOT_RELOC,,8,11,13,,3.338478865168426,,,
ROBOT_RELOC,,8,11,14,,2.4615081091995163,,,
ROBOT_RELOC,,8,11,15,,2.9548040921785548,,,
ROBOT_RELOC,,8,11,16,,3.618293666613495,,,
ROBOT_RELOC,,8,11,17,,2.295289778423505,,,
ROBOT_RELOC,,8,12,0,,3.620429659814029,,,
ROBOT_RELOC,,8,12,1,,1.7293589019413318,,,
ROBOT_RELOC,,8,12,2,,1.612151182790496,,,
ROBOT_RELOC,,8,12,3,,2.191617151778553,,,
ROBOT_RELOC,,8,12,4,,3.324028266730817,,,
ROBOT_RELOC,,8,12,5,,3.3709268970083404,,,
ROBOT_RELOC,,8,12,6,,2.410913564897007,,,
ROBOT_RELOC,,8,12,7,,1.5135187205940093,,,
ROBOT_RELOC,,8,12,8,,3.444852417766353,,,
ROBOT_RELOC,,8,12,9,,3.2314923229344252,,,
ROBOT_RELOC,,8,12,10,,0.8176233979780535,,,
ROBOT_RELOC,,8,12,11,,0.9804540558523229,,,
ROBOT_RELOC,,8,12,12,,0.0,,,
ROBOT_RELOC,,8,12,13,,2.6189918289369993,,,
ROBOT_RELOC,,8,12,14,,3.1047729905621724,,,
ROBOT_RELOC,,8,12,15,,1.7756602590109634,,,
ROBOT_RELOC,,8,12,16,,3.1388766423862466,,,
ROBOT_RELOC,,8,12,17,,2.435390883633508,,,
ROBOT_RELOC,,8,13,0,,2.9132632873562,,,
ROBOT_RELOC,,8,13,1,,2.5685643075875326,,,
ROBOT_RELOC,,8,13,2,,2.9119512306608373,,,
ROBOT_RELOC,,8,13,3,,3.4786536020990466,,,
ROBOT_RELOC,,8,13,4,,1.7866741742820946,,,
ROBOT_RELOC,,8,13,5,,2.4379600085629565,,,
ROBOT_RELOC,,8,13,6,,2.626792109654923,,,
ROBOT_RELOC,,8,13,7,,3.4482263241274036,,,
ROBOT_RELOC,,8,13,8,,3.589524450104585,,,
ROBOT_RELOC,,8,13,9,,3.0369482889568116,,,
ROBOT_RELOC,,8,13,10,,1.9019113063394055,,,
ROBOT_RELOC,,8,13,11,,2.2964023856823816,,,
ROBOT_RELOC,,8,13,12,,3.8089715570603233,,,
ROBOT_RELOC,,8,13,13,,0.0,,,
ROBOT_RELOC,,8,13,14,,0.875995556121556,,,
ROBOT_RELOC,,8,13,15,,1.95948478513527,,,
ROBOT_RELOC,,8,13,16,,1.6814276931187524,,,
ROBOT_RELOC,,8,13,17,,2.3126733827188284,,,
ROBOT_RELOC,,8,14,0,,1.5520047713067238,,,
ROBOT_RELOC,,8,14,1,,3.8646024315487826,,,
ROBOT_RELOC,,8,14,2,,3.5697140545587276,,,
ROBOT_RELOC,,8,14,3,,3.7797098771065643,,,
ROBOT_RELOC,,8,14,4,,3.356532776765868,,,
ROBOT_RELOC,,8,14,5,,1.82520106205555,,,
ROBOT_RELOC,,8,14,6,,2.434605359763851,,,
ROBOT_RELOC,,8,14,7,,3.5813965397925656,,,
ROBOT_RELOC,,8,14,8,,2.8033949943060166,,,
ROBOT_RELOC,,8,14,9,,3.4883439782954575,,,
ROBOT_RELOC,,8,14,10,,2.481942388049405,,,
ROBOT_RELOC,,8,14,11,,3.2084428425592555,,,
ROBOT_RELOC,,8,14,12,,3.9547510270245123,,,
ROBOT_RELOC,,8,14,13,,0.6791499711537302,,,
ROBOT_RELOC,,8,14,14,,0.0,,,
ROBOT_RELOC,,8,14,15,,3.9078885125969918,,,
ROBOT_RELOC,,8,14,16,,1.8701098544787365,,,
ROBOT_RELOC,,8,14,17,,3.147332689368632,,,
ROBOT_RELOC,,8,15,0,,3.3735232773273154,,,
ROBOT_RELOC,,8,15,1,,2.0845276204876706,,,
ROBOT_RELOC,,8,15,2,,2.052723095301347,,,
ROBOT_RELOC,,8,15,3,,1.8291481576617419,,,
ROBOT_RELOC,,8,15,4,,3.7043379012952893,,,
ROBOT_RELOC,,8,15,5,,2.622123882740903,,,
ROBOT_RELOC,,8,15,6,,1.8134026108424115,,,
ROBOT_RELOC,,8,15,7,,2.8475491885419046,,,
ROBOT_RELOC,,8,15,8,,2.848440750974547,,,
ROBOT_RELOC,,8,15,9,,1.7823429263003916,,,
ROBOT_RELOC,,8,15,10,,2.641073253636436,,,
ROBOT_RELOC,,8,15,11,,3.489645196762731,,,
ROBOT_RELOC,,8,15,12,,2.3877921633169925,,,
ROBOT_RELOC,,8,15,13,,1.9821640718291162,,,
ROBOT_RELOC,,8,15,14,,3.5641455915156426,,,
ROBOT_RELOC,,8,15,15,,0.0,,,
ROBOT_RELOC,,8,15,16,,0.6690836714948445,,,
ROBOT_RELOC,,8,15,17,,1.126469920673727,,,
ROBOT_RELOC,,8,16,0,,3.2186926709906496,,,
ROBOT_RELOC,,8,16,1,,2.2755530582647654,,,
ROBOT_RELOC,,8,16,2,,3.010850143666359,,,
ROBOT_RELOC,,8,16,3,,2.7843228051191735,,,
ROBOT_RELOC,,8,16,4,,2.4757223605974916,,,
ROBOT_RELOC,,8,16,5,,2.1477936286682566,,,
ROBOT_RELOC,,8,16,6,,3.2853919096750266,,,
ROBOT_RELOC,,8,16,7,,3.2467167011606604,,,
ROBOT_RELOC,,8,16,8,,1.9383904280100515,,,
ROBOT_RELOC,,8,16,9,,2.7303704278581407,,,
ROBOT_RELOC,,8,16,10,,3.4950183612326993,,,
ROBOT_RELOC,,8,16,11,,2.5718350480071894,,,
ROBOT_RELOC,,8,16,12,,3.2947275298580183,,,
ROBOT_RELOC,,8,16,13,,2.8410144499867642,,,
ROBOT_RELOC,,8,16,14,,2.8388101760740976,,,
ROBOT_RELOC,,8,16,15,,1.379840766105369,,,
ROBOT_RELOC,,8,16,16,,0.0,,,
ROBOT_RELOC,,8,16,17,,1.2982595821664413,,,
ROBOT_RELOC,,8,17,0,,3.5822233992692265,,,
ROBOT_RELOC,,8,17,1,,3.3769143645782536,,,
ROBOT_RELOC,,8,17,2,,2.65760806047632,,,
ROBOT_RELOC,,8,17,3,,1.540760684519527,,,
ROBOT_RELOC,,8,17,4,,3.7917184048167156,,,
ROBOT_RELOC,,8,17,5,,2.2263594497354715,,,
ROBOT_RELOC,,8,17,6,,2.600989143541631,,,
ROBOT_RELOC,,8,17,7,,1.765029301230876,,,
ROBOT_RELOC,,8,17,8,,1.6862852504804722,,,
ROBOT_RELOC,,8,17,9,,1.6734181479790249,,,
ROBOT_RELOC,,8,17,10,,2.684886544251772,,,
ROBOT_RELOC,,8,17,11,,1.526193924562325,,,
ROBOT_RELOC,,8,17,12,,3.034630052228717,,,
ROBOT_RELOC,,8,17,13,,1.985496667207439,,,
ROBOT_RELOC,,8,17,14,,1.8158700875104605,,,
ROBOT_RELOC,,8,17,15,,0.700360857732227,,,
ROBOT_RELOC,,8,17,16,,1.0357610037749034,,,
ROBOT_RELOC,,8,17,17,,0.0,,,
ROBOT_RELOC,,9,0,0,,0.0,,,
ROBOT_RELOC,,9,0,1,,0.5355945354592022,,,
ROBOT_RELOC,,9,0,2,,1.7129682394550467,,,
ROBOT_RELOC,,9,0,3,,2.0743613636847034,,,
ROBOT_RELOC,,9,0,4,,2.3280758468735367,,,
ROBOT_RELOC,,9,0,5,,1.6116616510788335,,,
ROBOT_RELOC,,9,0,6,,1.789636963527557,,,
ROBOT_RELOC,,9,0,7,,2.952629412677254,,,
ROBOT_RELOC,,9,0,8,,2.0329782988749017,,,
ROBOT_RELOC,,9,0,9,,2.337048982758451,,,
ROBOT_RELOC,,9,0,10,,3.672189413002337,,,
ROBOT_RELOC,,9,0,11,,2.2811002430042997,,,
ROBOT_RELOC,,9,0,12,,3.2625821089598652,,,
ROBOT_RELOC,,9,0,13,,3.78515519852286,,,
ROBOT_RELOC,,9,0,14,,3.602303802612341,,,
ROBOT_RELOC,,9,0,15,,3.129330300259011,,,
ROBOT_RELOC,,9,0,16,,3.779567697032329,,,
ROBOT_RELOC,,9,0,17,,2.9195579716725204,,,
ROBOT_RELOC,,9,1,0,,0.7779595292914208,,,
ROBOT_RELOC,,9,1,1,,0.0,,,
ROBOT_RELOC,,9,1,2,,1.7443864952148518,,,
ROBOT_RELOC,,9,1,3,,3.553868098716766,,,
ROBOT_RELOC,,9,1,4,,2.674754469896256,,,
ROBOT_RELOC,,9,1,5,,1.855574472333643,,,
ROBOT_RELOC,,9,1,6,,2.628558476488144,,,
ROBOT_RELOC,,9,1,7,,1.5549135196471724,,,
ROBOT_RELOC,,9,1,8,,2.9931804378312914,,,
ROBOT_RELOC,,9,1,9,,2.5143882017063035,,,
ROBOT_RELOC,,9,1,10,,3.1438169365367203,,,
ROBOT_RELOC,,9,1,11,,2.64164569447807,,,
ROBOT_RELOC,,9,1,12,,3.536977391951743,,,
ROBOT_RELOC,,9,1,13,,3.0472970273910756,,,
ROBOT_RELOC,,9,1,14,,3.4494546482339077,,,
ROBOT_RELOC,,9,1,15,,3.7613000888430674,,,
ROBOT_RELOC,,9,1,16,,1.7379480687562592,,,
ROBOT_RELOC,,9,1,17,,2.03921418852798,,,
ROBOT_RELOC,,9,2,0,,3.7666224813920195,,,
ROBOT_RELOC,,9,2,1,,3.0442725384699862,,,
ROBOT_RELOC,,9,2,2,,0.0,,,
ROBOT_RELOC,,9,2,3,,2.234688529825828,,,
ROBOT_RELOC,,9,2,4,,1.6692834669949934,,,
ROBOT_RELOC,,9,2,5,,2.375550338402527,,,
ROBOT_RELOC,,9,2,6,,1.6466489770557933,,,
ROBOT_RELOC,,9,2,7,,2.7950456603664042,,,
ROBOT_RELOC,,9,2,8,,3.4959491350528284,,,
ROBOT_RELOC,,9,2,9,,2.847757663397568,,,
ROBOT_RELOC,,9,2,10,,3.367788054996846,,,
ROBOT_RELOC,,9,2,11,,3.101885419731719,,,
ROBOT_RELOC,,9,2,12,,3.724025038980717,,,
ROBOT_RELOC,,9,2,13,,3.290033233743873,,,
ROBOT_RELOC,,9,2,14,,3.304316402235632,,,
ROBOT_RELOC,,9,2,15,,2.8286105527272287,,,
ROBOT_RELOC,,9,2,16,,2.863197265142885,,,
ROBOT_RELOC,,9,2,17,,3.452433159319522,,,
ROBOT_RELOC,,9,3,0,,3.582516418998463,,,
ROBOT_RELOC,,9,3,1,,3.7311626588064435,,,
ROBOT_RELOC,,9,3,2,,2.124914689438848,,,
ROBOT_RELOC,,9,3,3,,0.0,,,
ROBOT_RELOC,,9,3,4,,1.1327653885526883,,,
ROBOT_RELOC,,9,3,5,,0.9359348713900202,,,
ROBOT_RELOC,,9,3,6,,1.5330844423631238,,,
ROBOT_RELOC,,9,3,7,,3.711947163561728,,,
ROBOT_RELOC,,9,3,8,,1.76952691804105,,,
ROBOT_RELOC,,9,3,9,,3.6120278849203125,,,
ROBOT_RELOC,,9,3,10,,3.803281850567591,,,
ROBOT_RELOC,,9,3,11,,3.2344495144108683,,,
ROBOT_RELOC,,9,3,12,,3.409690440285962,,,
ROBOT_RELOC,,9,3,13,,3.685824121345865,,,
ROBOT_RELOC,,9,3,14,,2.1633961366140806,,,
ROBOT_RELOC,,9,3,15,,3.6914848625843315,,,
ROBOT_RELOC,,9,3,16,,1.8799113230925952,,,
ROBOT_RELOC,,9,3,17,,3.1292882558839983,,,
ROBOT_RELOC,,9,4,0,,3.6631280038445775,,,
ROBOT_RELOC,,9,4,1,,3.8963797735379604,,,
ROBOT_RELOC,,9,4,2,,3.8315341242414744,,,
ROBOT_RELOC,,9,4,3,,1.2559371711610032,,,
ROBOT_RELOC,,9,4,4,,0.0,,,
ROBOT_RELOC,,9,4,5,,1.1617725441033235,,,
ROBOT_RELOC,,9,4,6,,2.8844212025140363,,,
ROBOT_RELOC,,9,4,7,,3.89059014810879,,,
ROBOT_RELOC,,9,4,8,,3.390649374346803,,,
ROBOT_RELOC,,9,4,9,,3.095048190256177,,,
ROBOT_RELOC,,9,4,10,,2.389422161738962,,,
ROBOT_RELOC,,9,4,11,,3.5117138939412222,,,
ROBOT_RELOC,,9,4,12,,3.6974979237293595,,,
ROBOT_RELOC,,9,4,13,,2.0030840733352964,,,
ROBOT_RELOC,,9,4,14,,2.006186479601485,,,
ROBOT_RELOC,,9,4,15,,3.5351447330033254,,,
ROBOT_RELOC,,9,4,16,,1.5619503536435935,,,
ROBOT_RELOC,,9,4,17,,1.912440249085824,,,
ROBOT_RELOC,,9,5,0,,1.866555846050207,,,
ROBOT_RELOC,,9,5,1,,1.9618766557735272,,,
ROBOT_RELOC,,9,5,2,,2.2098674746381453,,,
ROBOT_RELOC,,9,5,3,,1.1841277412024298,,,
ROBOT_RELOC,,9,5,4,,1.1845058285701016,,,
ROBOT_RELOC,,9,5,5,,0.0,,,
ROBOT_RELOC,,9,5,6,,2.918434065448111,,,
ROBOT_RELOC,,9,5,7,,2.336917912896804,,,
ROBOT_RELOC,,9,5,8,,3.610965984728295,,,
ROBOT_RELOC,,9,5,9,,2.9863577123901948,,,
ROBOT_RELOC,,9,5,10,,2.3883063567447107,,,
ROBOT_RELOC,,9,5,11,,2.4118682746791897,,,
ROBOT_RELOC,,9,5,12,,3.1259932805685042,,,
ROBOT_RELOC,,9,5,13,,2.712863072427937,,,
ROBOT_RELOC,,9,5,14,,3.9458139328387896,,,
ROBOT_RELOC,,9,5,15,,2.3963447575229897,,,
ROBOT_RELOC,,9,5,16,,1.8990059464471283,,,
ROBOT_RELOC,,9,5,17,,3.5771597614709063,,,
ROBOT_RELOC,,9,6,0,,3.125184477823336,,,
ROBOT_RELOC,,9,6,1,,2.7240123816198514,,,
ROBOT_RELOC,,9,6,2,,3.5639021194608302,,,
ROBOT_RELOC,,9,6,3,,1.9263636517951581,,,
ROBOT_RELOC,,9,6,4,,2.23653163338538,,,
ROBOT_RELOC,,9,6,5,,3.0216691328684178,,,
ROBOT_RELOC,,9,6,6,,0.0,,,
ROBOT_RELOC,,9,6,7,,3.2220161419674396,,,
ROBOT_RELOC,,9,6,8,,3.5191708953251912,,,
ROBOT_RELOC,,9,6,9,,2.3542305824606196,,,
ROBOT_RELOC,,9,6,10,,2.4768061321094486,,,
ROBOT_RELOC,,9,6,11,,2.05528512898631,,,
ROBOT_RELOC,,9,6,12,,3.420396472377716,,,
ROBOT_RELOC,,9,6,13,,3.0036755496909087,,,
ROBOT_RELOC,,9,6,14,,3.305282163711141,,,
ROBOT_RELOC,,9,6,15,,3.416194918477103,,,
ROBOT_RELOC,,9,6,16,,3.139305025100033,,,
ROBOT_RELOC,,9,6,17,,3.3536783810033555,,,
ROBOT_RELOC,,9,7,0,,2.0991479862364253,,,
ROBOT_RELOC,,9,7,1,,2.6515949539358044,,,
ROBOT_RELOC,,9,7,2,,3.5843394211083752,,,
ROBOT_RELOC,,9,7,3,,3.798722801588087,,,
ROBOT_RELOC,,9,7,4,,3.904329639156108,,,
ROBOT_RELOC,,9,7,5,,3.8803440759045387,,,
ROBOT_RELOC,,9,7,6,,2.40532733455251,,,
ROBOT_RELOC,,9,7,7,,0.0,,,
ROBOT_RELOC,,9,7,8,,1.409575884596883,,,
ROBOT_RELOC,,9,7,9,,0.6825027341438856,,,
ROBOT_RELOC,,9,7,10,,1.9700142130675693,,,
ROBOT_RELOC,,9,7,11,,3.531366397391596,,,
ROBOT_RELOC,,9,7,12,,1.828728433275275,,,
ROBOT_RELOC,,9,7,13,,2.1677942640930676,,,
ROBOT_RELOC,,9,7,14,,2.5058650537099023,,,
ROBOT_RELOC,,9,7,15,,3.2459500588643313,,,
ROBOT_RELOC,,9,7,16,,3.812816760399616,,,
ROBOT_RELOC,,9,7,17,,2.3685441170763464,,,
ROBOT_RELOC,,9,8,0,,2.716535072129751,,,
ROBOT_RELOC,,9,8,1,,1.6324897981916193,,,
ROBOT_RELOC,,9,8,2,,3.6943764140288575,,,
ROBOT_RELOC,,9,8,3,,2.784736411227713,,,
ROBOT_RELOC,,9,8,4,,3.5837403600306725,,,
ROBOT_RELOC,,9,8,5,,2.875215568293535,,,
ROBOT_RELOC,,9,8,6,,3.147657056557367,,,
ROBOT_RELOC,,9,8,7,,0.6717967605148272,,,
ROBOT_RELOC,,9,8,8,,0.0,,,
ROBOT_RELOC,,9,8,9,,1.2531809774559184,,,
ROBOT_RELOC,,9,8,10,,1.926062895601803,,,
ROBOT_RELOC,,9,8,11,,1.6389330901495494,,,
ROBOT_RELOC,,9,8,12,,1.5306403862789664,,,
ROBOT_RELOC,,9,8,13,,3.822526303892404,,,
ROBOT_RELOC,,9,8,14,,1.8399542551973156,,,
ROBOT_RELOC,,9,8,15,,3.9541218227013486,,,
ROBOT_RELOC,,9,8,16,,2.507554676005154,,,
ROBOT_RELOC,,9,8,17,,2.320029450588214,,,
ROBOT_RELOC,,9,9,0,,3.4724114737825875,,,
ROBOT_RELOC,,9,9,1,,3.2131226617217457,,,
ROBOT_RELOC,,9,9,2,,1.9928748538537453,,,
ROBOT_RELOC,,9,9,3,,2.3600024477401647,,,
ROBOT_RELOC,,9,9,4,,2.312901211755029,,,
ROBOT_RELOC,,9,9,5,,3.4756728909367993,,,
ROBOT_RELOC,,9,9,6,,2.3207859009459795,,,
ROBOT_RELOC,,9,9,7,,1.2756885923140033,,,
ROBOT_RELOC,,9,9,8,,1.2202703825957726,,,
ROBOT_RELOC,,9,9,9,,0.0,,,
ROBOT_RELOC,,9,9,10,,3.7978084914340497,,,
ROBOT_RELOC,,9,9,11,,3.118138414909051,,,
ROBOT_RELOC,,9,9,12,,3.3641324410700184,,,
ROBOT_RELOC,,9,9,13,,2.518869808406583,,,
ROBOT_RELOC,,9,9,14,,2.596494142278658,,,
ROBOT_RELOC,,9,9,15,,3.762618511876569,,,
ROBOT_RELOC,,9,9,16,,3.3412167025322717,,,
ROBOT_RELOC,,9,9,17,,2.359277108720856,,,
ROBOT_RELOC,,9,10,0,,1.8232705078758527,,,
ROBOT_RELOC,,9,10,1,,2.407603537949173,,,
ROBOT_RELOC,,9,10,2,,2.775853532652462,,,
ROBOT_RELOC,,9,10,3,,3.6281027450041643,,,
ROBOT_RELOC,,9,10,4,,2.9740662526938744,,,
ROBOT_RELOC,,9,10,5,,3.081654876631003,,,
ROBOT_RELOC,,9,10,6,,3.8857973455682484,,,
ROBOT_RELOC,,9,10,7,,2.591104076192906,,,
ROBOT_RELOC,,9,10,8,,3.2689080752184765,,,
ROBOT_RELOC,,9,10,9,,3.8507452572288074,,,
ROBOT_RELOC,,9,10,10,,0.0,,,
ROBOT_RELOC,,9,10,11,,0.9833928909993297,,,
ROBOT_RELOC,,9,10,12,,1.4682499793426242,,,
ROBOT_RELOC,,9,10,13,,2.0255479509971797,,,
ROBOT_RELOC,,9,10,14,,1.9419085212474094,,,
ROBOT_RELOC,,9,10,15,,2.3905613952678433,,,
ROBOT_RELOC,,9,10,16,,3.9297486607196865,,,
ROBOT_RELOC,,9,10,17,,1.7807754935076956,,,
ROBOT_RELOC,,9,11,0,,1.9171906150711477,,,
ROBOT_RELOC,,9,11,1,,2.0919112695125386,,,
ROBOT_RELOC,,9,11,2,,3.739673751362202,,,
ROBOT_RELOC,,9,11,3,,1.9098903048328606,,,
ROBOT_RELOC,,9,11,4,,3.098156904908249,,,
ROBOT_RELOC,,9,11,5,,3.5712018795550677,,,
ROBOT_RELOC,,9,11,6,,3.0033293175698863,,,
ROBOT_RELOC,,9,11,7,,1.8001010886618507,,,
ROBOT_RELOC,,9,11,8,,2.961045279838212,,,
ROBOT_RELOC,,9,11,9,,3.9159463466862636,,,
ROBOT_RELOC,,9,11,10,,1.0877326648524646,,,
ROBOT_RELOC,,9,11,11,,0.0,,,
ROBOT_RELOC,,9,11,12,,1.309077963359953,,,
ROBOT_RELOC,,9,11,13,,1.7740424968861157,,,
ROBOT_RELOC,,9,11,14,,3.6435599938026013,,,
ROBOT_RELOC,,9,11,15,,1.7870813583486878,,,
ROBOT_RELOC,,9,11,16,,2.914238791895235,,,
ROBOT_RELOC,,9,11,17,,1.9830276301129734,,,
ROBOT_RELOC,,9,12,0,,2.9387253341572457,,,
ROBOT_RELOC,,9,12,1,,2.7545884066845376,,,
ROBOT_RELOC,,9,12,2,,3.2076356855977037,,,
ROBOT_RELOC,,9,12,3,,1.8361547836327325,,,
ROBOT_RELOC,,9,12,4,,3.3123489079184756,,,
ROBOT_RELOC,,9,12,5,,2.70830720577728,,,
ROBOT_RELOC,,9,12,6,,3.373408792642919,,,
ROBOT_RELOC,,9,12,7,,1.8250041526251528,,,
ROBOT_RELOC,,9,12,8,,2.4129315760048247,,,
ROBOT_RELOC,,9,12,9,,1.9682484243351859,,,
ROBOT_RELOC,,9,12,10,,0.7355788385366719,,,
ROBOT_RELOC,,9,12,11,,0.695335587353516,,,
ROBOT_RELOC,,9,12,12,,0.0,,,
ROBOT_RELOC,,9,12,13,,2.290181621666979,,,
ROBOT_RELOC,,9,12,14,,3.9672645006757805,,,
ROBOT_RELOC,,9,12,15,,2.7824040906514864,,,
ROBOT_RELOC,,9,12,16,,3.074966060416747,,,
ROBOT_RELOC,,9,12,17,,3.2843014571542097,,,
ROBOT_RELOC,,9,13,0,,2.7199085752440926,,,
ROBOT_RELOC,,9,13,1,,1.9895688972691625,,,
ROBOT_RELOC,,9,13,2,,3.430989312390335,,,
ROBOT_RELOC,,9,13,3,,3.728945939208205,,,
ROBOT_RELOC,,9,13,4,,2.9273304785148744,,,
ROBOT_RELOC,,9,13,5,,1.9047581612466664,,,
ROBOT_RELOC,,9,13,6,,2.5638663987341745,,,
ROBOT_RELOC,,9,13,7,,1.9416031273139296,,,
ROBOT_RELOC,,9,13,8,,3.2117632273126597,,,
ROBOT_RELOC,,9,13,9,,2.3638192099329083,,,
ROBOT_RELOC,,9,13,10,,1.9492818224222952,,,
ROBOT_RELOC,,9,13,11,,1.7685805681096312,,,
ROBOT_RELOC,,9,13,12,,1.8381531120517374,,,
ROBOT_RELOC,,9,13,13,,0.0,,,
ROBOT_RELOC,,9,13,14,,0.817786625974351,,,
ROBOT_RELOC,,9,13,15,,1.7964615952429752,,,
ROBOT_RELOC,,9,13,16,,1.621691406380528,,,
ROBOT_RELOC,,9,13,17,,2.8607808628884577,,,
ROBOT_RELOC,,9,14,0,,3.1605557358010534,,,
ROBOT_RELOC,,9,14,1,,1.5133809687162836,,,
ROBOT_RELOC,,9,14,2,,3.9848889459499284,,,
ROBOT_RELOC,,9,14,3,,3.543357285371165,,,
ROBOT_RELOC,,9,14,4,,3.567422227262864,,,
ROBOT_RELOC,,9,14,5,,1.8707101158009118,,,
ROBOT_RELOC,,9,14,6,,2.2390599543932064,,,
ROBOT_RELOC,,9,14,7,,2.1204241108826674,,,
ROBOT_RELOC,,9,14,8,,2.0500710689616275,,,
ROBOT_RELOC,,9,14,9,,3.7217218166189627,,,
ROBOT_RELOC,,9,14,10,,2.2060043234933193,,,
ROBOT_RELOC,,9,14,11,,2.592629779201749,,,
ROBOT_RELOC,,9,14,12,,2.296164393368267,,,
ROBOT_RELOC,,9,14,13,,0.8905346271411216,,,
ROBOT_RELOC,,9,14,14,,0.0,,,
ROBOT_RELOC,,9,14,15,,3.447920690694076,,,
ROBOT_RELOC,,9,14,16,,3.920213488015055,,,
ROBOT_RELOC,,9,14,17,,3.7299204845993343,,,
ROBOT_RELOC,,9,15,0,,2.598048270349719,,,
ROBOT_RELOC,,9,15,1,,2.4451177312046433,,,
ROBOT_RELOC,,9,15,2,,2.7182138726680285,,,
ROBOT_RELOC,,9,15,3,,1.9294228129847022,,,
ROBOT_RELOC,,9,15,4,,2.7264798960014724,,,
ROBOT_RELOC,,9,15,5,,1.8767036304524716,,,
ROBOT_RELOC,,9,15,6,,2.5399456712498742,,,
ROBOT_RELOC,,9,15,7,,3.410064103516129,,,
ROBOT_RELOC,,9,15,8,,2.8913325893917587,,,
ROBOT_RELOC,,9,15,9,,3.942101098074095,,,
ROBOT_RELOC,,9,15,10,,3.585969295516214,,,
ROBOT_RELOC,,9,15,11,,3.077216065723772,,,
ROBOT_RELOC,,9,15,12,,3.959339637385228,,,
ROBOT_RELOC,,9,15,13,,3.1252818470424573,,,
ROBOT_RELOC,,9,15,14,,2.9966947793044056,,,
ROBOT_RELOC,,9,15,15,,0.0,,,
ROBOT_RELOC,,9,15,16,,0.791251121054379,,,
ROBOT_RELOC,,9,15,17,,1.3654663152811914,,,
ROBOT_RELOC,,9,16,0,,3.485172011674949,,,
ROBOT_RELOC,,9,16,1,,3.0695874533184373,,,
ROBOT_RELOC,,9,16,2,,2.379426027206815,,,
ROBOT_RELOC,,9,16,3,,3.7028339866263167,,,
ROBOT_RELOC,,9,16,4,,2.195020686230552,,,
ROBOT_RELOC,,9,16,5,,1.8070906606695847,,,
ROBOT_RELOC,,9,16,6,,2.40195748013148,,,
ROBOT_RELOC,,9,16,7,,2.4641232487543694,,,
ROBOT_RELOC,,9,16,8,,3.911832034523794,,,
ROBOT_RELOC,,9,16,9,,1.5735305553159737,,,
ROBOT_RELOC,,9,16,10,,2.8989069042817315,,,
ROBOT_RELOC,,9,16,11,,2.0469359784701715,,,
ROBOT_RELOC,,9,16,12,,2.381779473472292,,,
ROBOT_RELOC,,9,16,13,,3.5356490772502815,,,
ROBOT_RELOC,,9,16,14,,3.2173495868742217,,,
ROBOT_RELOC,,9,16,15,,1.323303053796152,,,
ROBOT_RELOC,,9,16,16,,0.0,,,
ROBOT_RELOC,,9,16,17,,1.4922775853887766,,,
ROBOT_RELOC,,9,17,0,,3.250684860969468,,,
ROBOT_RELOC,,9,17,1,,3.2731167071117673,,,
ROBOT_RELOC,,9,17,2,,3.529316758612271,,,
ROBOT_RELOC,,9,17,3,,1.7301004809537321,,,
ROBOT_RELOC,,9,17,4,,3.1092417003165114,,,
ROBOT_RELOC,,9,17,5,,2.187332510169951,,,
ROBOT_RELOC,,9,17,6,,1.604335788952108,,,
ROBOT_RELOC,,9,17,7,,3.793310062496542,,,
ROBOT_RELOC,,9,17,8,,2.8571193216050035,,,
ROBOT_RELOC,,9,17,9,,3.600339429986561,,,
ROBOT_RELOC,,9,17,10,,2.786132958845153,,,
ROBOT_RELOC,,9,17,11,,2.2781139756214768,,,
ROBOT_RELOC,,9,17,12,,2.3131118249972484,,,
ROBOT_RELOC,,9,17,13,,3.0862805109303033,,,
ROBOT_RELOC,,9,17,14,,2.724408362135103,,,
ROBOT_RELOC,,9,17,15,,1.4362407475569832,,,
ROBOT_RELOC,,9,17,16,,1.0259181459907603,,,
ROBOT_RELOC,,9,17,17,,0.0,,,
INITIAL_WORKER,,0,2,,,,,,
INITIAL_WORKER,,1,0,,,,,,
INITIAL_WORKER,,2,10,,,,,,
INITIAL_WORKER,,3,17,,,,,,
INITIAL_WORKER,,4,6,,,,,,
INITIAL_WORKER,,5,13,,,,,,
INITIAL_WORKER,,6,16,,,,,,
INITIAL_WORKER,,7,9,,,,,,
INITIAL_WORKER,,8,14,,,,,,
INITIAL_WORKER,,9,7,,,,,,
INITIAL_WORKER,,10,1,,,,,,
INITIAL_WORKER,,11,15,,,,,,
INITIAL_ROBOT,,0,15,,,,,,
INITIAL_ROBOT,,1,7,,,,,,
INITIAL_ROBOT,,2,1,,,,,,
INITIAL_ROBOT,,3,17,,,,,,
INITIAL_ROBOT,,4,8,,,,,,
INITIAL_ROBOT,,5,11,,,,,,
INITIAL_ROBOT,,6,4,,,,,,
INITIAL_ROBOT,,7,12,,,,,,
INITIAL_ROBOT,,8,2,,,,,,
INITIAL_ROBOT,,9,3,,,,,,
ORDER,,0,5,2,,0.0,128.07480978998012,,
ORDER,,1,0,2,,0.038029433847670616,171.26010822957872,,
ORDER,,2,0,1,,1.576947213925152,189.83735451464605,,
ORDER,,3,5,1,,4.837653896743664,118.85978242125823,,
ORDER,,4,5,4,,5.553995973967957,135.50967844001735,,
ORDER,,5,4,1,,9.050860032399324,149.79559566847124,,
ORDER,,6,4,1,,9.079569783317009,151.99248525709,,
ORDER,,7,1,4,,12.719104000231713,148.76030729488383,,
ORDER,,8,6,1,,13.4702421766579,146.66714614244367,,
ORDER,,9,4,1,,23.56005446441278,172.60079617097387,,
ORDER,,10,1,2,,24.801537450513386,149.8015572311509,,
ORDER,,11,7,1,,29.417715720353044,135.53562713053017,,
ORDER,,12,2,1,,31.31727036623067,160.89284321679932,,
ORDER,,13,6,1,,33.92255755811382,169.07408218012887,,
ORDER,,14,0,1,,41.33122736291357,209.88296980286532,,
ORDER,,15,2,2,,44.958478186905474,176.76127617764385,,
ORDER,,16,3,1,,52.99977077713621,178.15810561331307,,
ORDER,,17,1,1,,60.5357698789508,187.42970661056395,,
ORDER,,18,2,4,,60.72221316480202,208.44645487168242,,
ORDER,,19,2,2,,66.44635090588562,206.9603198799295,,
ORDER,,20,6,2,,70.13967700629851,192.9068730860845,,
ORDER,,21,6,1,,75.43081138555486,219.4843686692928,,
ORDER,,22,6,1,,76.46120799105051,205.72354070666913,,
ORDER,,23,5,2,,79.60977192813435,195.91529111997016,,
ORDER,,24,0,1,,81.41814991438925,251.26361053367066,,
ORDER,,25,0,1,,88.53522552928152,270.6198952692122,,
ORDER,,26,3,1,,93.93386738564624,218.60351871047595,,
ORDER,,27,1,2,,103.01051884998327,230.41023685600766,,
ORDER,,28,5,1,,109.49873732263045,242.81246212231224,,
ORDER,,29,6,4,,110.02156282478757,248.3297157908854,,
ORDER,,30,7,1,,111.57078414509516,219.46997854021652,,
ORDER,,31,6,1,,111.64553147228965,234.41150670883871,,
ORDER,,32,0,2,,112.49525420552575,273.14778747471337,,
ORDER,,33,6,1,,113.20771321820784,237.05868971164045,,
ORDER,,34,7,1,,114.43941572495237,226.3913895146639,,
ORDER,,35,3,2,,116.7800525464875,244.1306027065628,,
ORDER,,36,1,1,,121.13056538496375,264.4360108532946,,
ORDER,,37,6,1,,121.96085506639186,249.87539190565388,,
ORDER,,38,5,2,,122.22224050092754,252.51747727202314,,
ORDER,,39,4,1,,123.27109669025702,271.7552662315342,,
ORDER,,40,1,1,,133.44868801619464,268.89128768934455,,
ORDER,,41,0,1,,140.87495506635418,323.35623252329515,,
ORDER,,42,2,2,,141.09957895928736,272.70420192764186,,
ORDER,,43,0,1,,145.25411761040155,309.2954568926416,,
ORDER,,44,6,2,,147.1689936699879,282.44860188529924,,
ORDER,,45,5,1,,149.06364982868558,269.39595943679205,,
ORDER,,46,2,4,,149.1119033866869,289.9283627558725,,
ORDER,,47,3,1,,152.0444689242613,270.7141103516225,,
ORDER,,48,2,1,,159.47317857428445,291.86196710802363,,
ORDER,,49,5,1,,167.9265607012362,303.0653632975187,,
ORDER,,50,0,2,,169.63550790561507,328.4795264289146,,
ORDER,,51,5,1,,170.7611907596445,295.4794486696569,,
ORDER,,52,0,1,,174.88522579314485,341.6033692476366,,
ORDER,,53,4,2,,179.20774026861542,335.02461531862104,,
ORDER,,54,2,1,,185.34025871922077,320.90566359676075,,
ORDER,,55,0,1,,192.17631596062284,377.90040219918,,
ORDER,,56,7,2,,194.05193129541314,322.9592769097577,,
ORDER,,57,0,1,,198.22339057794545,376.66984407294905,,
ORDER,,58,2,1,,203.621483552301,326.89718793586894,,
ORDER,,59,3,2,,204.75527031936005,339.017547708811,,
ORDER,,60,5,1,,207.3070885899402,330.70375278969095,,
ORDER,,61,7,1,,208.57659776076048,330.0913353885476,,
ORDER,,62,2,1,,209.7886220911405,339.68341815212443,,
ORDER,,63,4,2,,215.41111133570982,353.5638081233206,,
ORDER,,64,0,4,,215.83548432842392,385.1919066994442,,
ORDER,,65,5,1,,217.3411528016613,353.791106212313,,
ORDER,,66,2,1,,217.90459964754302,344.4054491896944,,
ORDER,,67,3,2,,218.37847175881265,341.22641941694803,,
ORDER,,68,3,1,,220.72769962631006,339.53224106038255,,
ORDER,,69,0,1,,224.08807348442207,412.3100208325835,,
ORDER,,70,3,4,,232.0191305937013,356.3090931572,,
ORDER,,71,7,1,,233.91034799984564,356.558055014592,,
ORDER,,72,0,2,,234.37480378521502,421.78834060611666,,
ORDER,,73,5,1,,236.1651187775171,349.17536517295207,,
ORDER,,74,0,4,,239.12764111132563,421.52742246371724,,
ORDER,,75,6,2,,240.19783275753775,384.33145872953924,,
ORDER,,76,0,2,,254.60030745499884,413.0476209681606,,
ORDER,,77,5,1,,265.74208219493505,380.2414901793053,,
ORDER,,78,7,2,,281.9677310629638,411.10363757492325,,
ORDER,,79,2,1,,285.10873358084683,420.89722686970424,,
ORDER,,80,4,1,,289.7354200493212,449.3836089518962,,
ORDER,,81,7,1,,294.3039540507966,413.35809072644884,,
ORDER,,82,4,2,,301.3143593342215,442.29025356605405,,
ORDER,,83,4,1,,301.88399193000004,467.6790869496248,,
ORDER,,84,3,1,,302.7803306513922,436.65596742327864,,
ORDER,,85,6,1,,308.1932066211589,455.8895189478839,,
ORDER,,86,4,4,,314.94970547895247,466.0912515652955,,
ORDER,,87,4,1,,315.39237046128386,464.81019862214305,,
ORDER,,88,2,2,,318.28435906137656,445.82406506891607,,
ORDER,,89,2,4,,319.0213890820929,445.59050671700317,,
ORDER,,90,1,2,,320.0091615672604,472.8485256912969,,
ORDER,,91,2,1,,323.7498776105026,459.4691390517761,,
ORDER,,92,5,1,,324.2220012308029,454.99013763673577,,
ORDER,,93,3,1,,329.1137260825403,449.45066280759124,,
ORDER,,94,1,1,,333.44779821821413,470.1221925878805,,
ORDER,,95,7,2,,338.4300505353842,458.9433660584838,,
ORDER,,96,2,1,,341.2430064122472,476.02160554604404,,
ORDER,,97,4,1,,344.04070050763926,508.1431451474425,,
ORDER,,98,5,1,,351.26992064398274,464.90468061375094,,
ORDER,,99,6,1,,356.18170422110063,484.12582709106545,,
ORDER,,100,7,2,,356.97680048554804,473.6566417117021,,
ORDER,,101,2,1,,358.91098955792773,508.0489464984628,,
ORDER,,102,3,1,,364.24363451575465,492.91213479220374,,
ORDER,,103,3,1,,365.90774102348337,497.9412716898174,,
ORDER,,104,0,1,,369.13407546046517,550.6030964221227,,
ORDER,,105,0,1,,374.9848735738875,544.9138221540018,,
ORDER,,106,7,2,,381.5260928953106,507.84890539448907,,
ORDER,,107,1,1,,385.8504243330711,532.8127484053269,,
ORDER,,108,4,1,,391.2819839319106,534.8715378777847,,
ORDER,,109,0,1,,394.64300076727125,576.588628365733,,
ORDER,,110,5,2,,403.3776669328622,535.2445028189024,,
ORDER,,111,1,2,,410.01360795781983,560.2387715499915,,
ORDER,,112,5,1,,412.62135798494324,527.1704378492575,,
ORDER,,113,4,1,,418.2950099602553,583.5153534713613,,
ORDER,,114,7,1,,427.21428917568875,552.0726377648849,,
ORDER,,115,4,1,,427.29014752874264,571.016174837176,,
ORDER,,116,2,2,,437.5697487232309,565.3345649956457,,
ORDER,,117,1,1,,437.7187503549605,581.0633482225029,,
ORDER,,118,3,1,,440.0256542707169,574.3624945027274,,
ORDER,,119,5,2,,440.74840614126896,565.2093069477743,,
ORDER,,120,1,1,,445.37123076884654,597.0633162107829,,
ORDER,,121,2,1,,452.79971926405324,589.1285919696936,,
ORDER,,122,4,1,,453.9409133902524,616.5786826006379,,
ORDER,,123,7,1,,454.73801083027456,584.6169707657906,,
ORDER,,124,2,2,,455.92909007180236,583.846716523039,,
ORDER,,125,6,1,,461.89781443971674,586.9262517784848,,
ORDER,,126,5,2,,465.96232175165807,601.2452209811224,,
ORDER,,127,7,2,,466.24999116563174,594.4612888142567,,
ORDER,,128,5,1,,472.3955869969487,609.1556018076278,,
ORDER,,129,1,1,,474.8693717772149,619.5127831486608,,
ORDER,,130,1,1,,475.4499493665123,610.7687501178151,,
ORDER,,131,0,1,,477.25448800363984,672.3302198653428,,
ORDER,,132,7,1,,483.4696202718125,592.0391145344956,,
ORDER,,133,4,1,,487.40636735151594,633.7786280742819,,
ORDER,,134,1,1,,487.9497619163659,613.0165661338167,,
ORDER,,135,7,1,,497.6625415234307,615.9557055692135,,
ORDER,,136,1,1,,502.12330654383885,643.2205386145426,,
ORDER,,137,1,2,,505.75307149492437,653.677716098971,,
ORDER,,138,3,2,,507.9539060892196,646.532250500261,,
ORDER,,139,2,1,,517.2424945279528,658.522649681915,,
ORDER,,140,0,1,,517.9418303239303,681.5435547430657,,
ORDER,,141,6,4,,521.1861993475919,642.4590626016025,,
ORDER,,142,2,2,,524.2493057341054,657.0231337126929,,
ORDER,,143,1,2,,526.1763598300319,669.3332759406504,,
ORDER,,144,3,2,,528.4758676409817,665.7693324103602,,
ORDER,,145,4,1,,538.0570362587298,695.5516783839912,,
ORDER,,146,5,1,,542.5951583019515,658.9359223554748,,
ORDER,,147,2,1,,544.8054757300549,676.5129449640715,,
ORDER,,148,0,1,,545.8794287598224,739.1313559556405,,
ORDER,,149,0,2,,549.7048409591415,715.8922142233973,,
ORDER,,150,6,1,,557.1831383876499,695.0530462786598,,
ORDER,,151,3,2,,558.2078845953955,684.1821989780149,,
ORDER,,152,6,1,,564.5930134585559,711.1940137590032,,
ORDER,,153,2,2,,565.7092253835438,691.5628722520144,,
ORDER,,154,2,1,,575.5809660630144,707.7804481346072,,
ORDER,,155,6,2,,578.5328850965004,700.6216965970187,,
ORDER,,156,7,1,,579.3075738395905,707.5708460552426,,
ORDER,,157,4,2,,581.7482235810025,740.5974478074827,,
ORDER,,158,2,1,,583.8737661889859,715.872428121276,,
ORDER,,159,7,1,,588.5420478611725,699.7147790099356,,
