record_type,key,i,j,k,l,value,value2,value3,text
META,instance_id,,,,,,,,"""sensitivity_M_12_06_07_80_D4_rho065_tight_000_rm1.5_wsd090_rcd065"""
META,scale,,,,,,,,"""M"""
META,scenario,,,,,,,,"""D4"""
META,generation_seed,,,,,,,,4103044651
META,target_load_ratio,,,,,,,,0.65
META,due_tightness,,,,,,,,"""tight"""
META,worker_skill_density,,,,,,,,0.9
META,robot_capability_density,,,,,,,,0.65
META,relocation_multiplier,,,,,,,,1.5
META,num_stages,,,,,,,,6
META,generation_meta,,,,,,,,"{""paper_vs_implementation"":{""paper_specified"":[""scale ranges"",""70-100% route coverage"",""processing/efficiency/synergy distributions"",""skill/capability density choices"",""D1-D5 qualitative scenario definitions"",""load-ratio choices"",""weight distribution"",""due-date-factor ranges"",""relocation-time ranges"",""load-balance initial configuration with random perturbation""],""implementation_choices"":{""arrival_rate_calibration"":""work_content_over_effective_parallel_servers"",""same_stage_cells_are_adjacent"":true,""initial_configuration_perturbation_rate"":0.15,""scenario_timing_basis"":""order_index_fraction"",""base_product_mix"":""uniform""}},""base_arrival_rate_orders_per_minute"":0.17952187977546635,""effective_parallel_servers_for_load_calibration"":12,""mean_minimum_route_work_minutes"":43.44874290396082,""actual_hr_compatibility_rate_parameter"":0.8959160712357305,""actual_worker_skill_density"":0.9375,""actual_robot_capability_density"":0.6904761904761905,""instance_parameter_table"":{""scale"":""M"",""M"":12,""S"":6,""R"":7,""J"":80,""H"":8,""V"":5,""parameter_case_id"":""M_12_06_07_80""},""parameter_case_id"":""M_12_06_07_80"",""dimensions"":{""S"":6,""M"":12,""J"":80,""H"":8,""R"":7,""V"":5},""scenario_parameters"":{""timing_basis"":""order_index_fraction"",""base_product_mix"":""uniform"",""d2_sampled_burst_multiplier"":null,""d2_burst_window"":[0.4,0.7],""d3_mix_switch_ratio"":0.5,""d3_dominant_product_sequence"":[0,1],""d4_change_ratios"":[0.33,0.67],""d4_arrival_rate_multipliers"":[1.0,1.75,1.25],""d4_dominant_product_sequence"":[0,1,2],""d5_urgent_index_window"":[36,44],""d5_urgent_arrival_rate_multiplier"":3.0,""d5_urgent_dominant_product"":1,""dominant_product_share"":0.7},""route_stage_coverage"":[0.7,1.0],""min_multi_cell_stage_ratio"":0.3}"
CELL,,0,0,,,,,,
CELL,,1,1,,,,,,
CELL,,2,1,,,,,,
CELL,,3,2,,,,,,
CELL,,4,2,,,,,,
CELL,,5,2,,,,,,
CELL,,6,3,,,,,,
CELL,,7,3,,,,,,
CELL,,8,4,,,,,,
CELL,,9,5,,,,,,
CELL,,10,5,,,,,,
CELL,,11,5,,,,,,
ROUTE,,0,0,0,,,,,
ROUTE,,0,1,1,,,,,
ROUTE,,0,2,3,,,,,
ROUTE,,0,3,4,,,,,
ROUTE,,0,4,5,,,,,
ROUTE,,1,0,0,,,,,
ROUTE,,1,1,1,,,,,
ROUTE,,1,2,2,,,,,
ROUTE,,1,3,3,,,,,
ROUTE,,1,4,4,,,,,
ROUTE,,1,5,5,,,,,
ROUTE,,2,0,1,,,,,
ROUTE,,2,1,2,,,,,
ROUTE,,2,2,3,,,,,
ROUTE,,2,3,4,,,,,
ROUTE,,2,4,5,,,,,
ROUTE,,3,0,0,,,,,
ROUTE,,3,1,1,,,,,
ROUTE,,3,2,2,,,,,
ROUTE,,3,3,3,,,,,
ROUTE,,3,4,4,,,,,
ROUTE,,3,5,5,,,,,
ROUTE,,4,0,0,,,,,
ROUTE,,4,1,1,,,,,
ROUTE,,4,2,2,,,,,
ROUTE,,4,3,4,,,,,
ROUTE,,4,4,5,,,,,
BASE_PROCESS,,0,0,,,22.96600716737354,,,
BASE_PROCESS,,0,1,,,10.976953997069458,,,
BASE_PROCESS,,0,2,,,9.234430251725694,,,
BASE_PROCESS,,0,3,,,11.306809982905303,,,
BASE_PROCESS,,0,4,,,8.147344868526098,,,
BASE_PROCESS,,0,5,,,10.383383803013402,,,
BASE_PROCESS,,1,0,,,16.426895187280746,,,
BASE_PROCESS,,1,1,,,14.232301589156384,,,
BASE_PROCESS,,1,2,,,16.246189094767267,,,
BASE_PROCESS,,1,3,,,10.38275558981137,,,
BASE_PROCESS,,1,4,,,14.731272968743005,,,
BASE_PROCESS,,1,5,,,14.9961560981276,,,
BASE_PROCESS,,2,0,,,19.815746765682707,,,
BASE_PROCESS,,2,1,,,8.55037903763121,,,
BASE_PROCESS,,2,2,,,23.283734964357706,,,
BASE_PROCESS,,2,3,,,18.578867596311564,,,
BASE_PROCESS,,2,4,,,10.013549112712107,,,
BASE_PROCESS,,2,5,,,14.159739886207905,,,
BASE_PROCESS,,3,0,,,23.685177487010755,,,
BASE_PROCESS,,3,1,,,16.983042929763045,,,
BASE_PROCESS,,3,2,,,16.81959342147145,,,
BASE_PROCESS,,3,3,,,8.36258909886464,,,
BASE_PROCESS,,3,4,,,11.55635819974406,,,
BASE_PROCESS,,3,5,,,21.496155257681966,,,
BASE_PROCESS,,4,0,,,14.086429524200135,,,
BASE_PROCESS,,4,1,,,11.107475124017402,,,
BASE_PROCESS,,4,2,,,17.56573719042268,,,
BASE_PROCESS,,4,3,,,22.16666862456318,,,
BASE_PROCESS,,4,4,,,12.649279022625795,,,
BASE_PROCESS,,4,5,,,14.712327524101886,,,
WORKER_SKILL,,0,0,,,1,,,
WORKER_SKILL,,0,1,,,1,,,
WORKER_SKILL,,0,2,,,1,,,
WORKER_SKILL,,0,3,,,1,,,
WORKER_SKILL,,0,4,,,1,,,
WORKER_SKILL,,0,5,,,1,,,
WORKER_SKILL,,1,0,,,1,,,
WORKER_SKILL,,1,1,,,1,,,
WORKER_SKILL,,1,2,,,1,,,
WORKER_SKILL,,1,3,,,1,,,
WORKER_SKILL,,1,4,,,0,,,
WORKER_SKILL,,1,5,,,1,,,
WORKER_SKILL,,2,0,,,0,,,
WORKER_SKILL,,2,1,,,1,,,
WORKER_SKILL,,2,2,,,1,,,
WORKER_SKILL,,2,3,,,1,,,
WORKER_SKILL,,2,4,,,1,,,
WORKER_SKILL,,2,5,,,1,,,
WORKER_SKILL,,3,0,,,1,,,
WORKER_SKILL,,3,1,,,1,,,
WORKER_SKILL,,3,2,,,1,,,
WORKER_SKILL,,3,3,,,1,,,
WORKER_SKILL,,3,4,,,1,,,
WORKER_SKILL,,3,5,,,1,,,
WORKER_SKILL,,4,0,,,1,,,
WORKER_SKILL,,4,1,,,1,,,
WORKER_SKILL,,4,2,,,1,,,
WORKER_SKILL,,4,3,,,1,,,
WORKER_SKILL,,4,4,,,1,,,
WORKER_SKILL,,4,5,,,1,,,
WORKER_SKILL,,5,0,,,1,,,
WORKER_SKILL,,5,1,,,1,,,
WORKER_SKILL,,5,2,,,1,,,
WORKER_SKILL,,5,3,,,1,,,
WORKER_SKILL,,5,4,,,1,,,
WORKER_SKILL,,5,5,,,0,,,
WORKER_SKILL,,6,0,,,1,,,
WORKER_SKILL,,6,1,,,1,,,
WORKER_SKILL,,6,2,,,1,,,
WORKER_SKILL,,6,3,,,1,,,
WORKER_SKILL,,6,4,,,1,,,
WORKER_SKILL,,6,5,,,1,,,
WORKER_SKILL,,7,0,,,1,,,
WORKER_SKILL,,7,1,,,1,,,
WORKER_SKILL,,7,2,,,1,,,
WORKER_SKILL,,7,3,,,1,,,
WORKER_SKILL,,7,4,,,1,,,
WORKER_SKILL,,7,5,,,1,,,
WORKER_EFF,,0,0,,,1.0482343656018955,,,
WORKER_EFF,,0,1,,,1.0146958278974116,,,
WORKER_EFF,,0,2,,,1.0378772537015428,,,
WORKER_EFF,,0,3,,,0.8960443588171223,,,
WORKER_EFF,,0,4,,,1.0436046497494698,,,
WORKER_EFF,,0,5,,,1.0565615085519011,,,
WORKER_EFF,,1,0,,,1.0030079594127699,,,
WORKER_EFF,,1,1,,,0.8159392928398088,,,
WORKER_EFF,,1,2,,,0.8446848511953411,,,
WORKER_EFF,,1,3,,,0.9035309996080855,,,
WORKER_EFF,,1,4,,,1.0001824825393595,,,
WORKER_EFF,,1,5,,,1.0835548750966224,,,
WORKER_EFF,,2,0,,,0.9909880827826352,,,
WORKER_EFF,,2,1,,,0.9016048301289417,,,
WORKER_EFF,,2,2,,,1.06188321566828,,,
WORKER_EFF,,2,3,,,0.8146694627438897,,,
WORKER_EFF,,2,4,,,1.069181543107857,,,
WORKER_EFF,,2,5,,,1.1070628693693514,,,
WORKER_EFF,,3,0,,,1.04278661686584,,,
WORKER_EFF,,3,1,,,1.1370959905104314,,,
WORKER_EFF,,3,2,,,1.1135537553769728,,,
WORKER_EFF,,3,3,,,1.0364795864315537,,,
WORKER_EFF,,3,4,,,0.8978803343073837,,,
WORKER_EFF,,3,5,,,1.0201914975551478,,,
WORKER_EFF,,4,0,,,1.1416467498070233,,,
WORKER_EFF,,4,1,,,0.910666621729708,,,
WORKER_EFF,,4,2,,,0.9328382055225307,,,
WORKER_EFF,,4,3,,,0.9571841326883337,,,
WORKER_EFF,,4,4,,,1.1669328392252412,,,
WORKER_EFF,,4,5,,,1.0616413711565218,,,
WORKER_EFF,,5,0,,,1.112959691945468,,,
WORKER_EFF,,5,1,,,1.1668839393409367,,,
WORKER_EFF,,5,2,,,1.0282244736831865,,,
WORKER_EFF,,5,3,,,1.066904984572633,,,
WORKER_EFF,,5,4,,,0.9613118788912682,,,
WORKER_EFF,,5,5,,,0.9503456680975194,,,
WORKER_EFF,,6,0,,,1.088362001271446,,,
WORKER_EFF,,6,1,,,0.8882621019184133,,,
WORKER_EFF,,6,2,,,0.8735118942777091,,,
WORKER_EFF,,6,3,,,0.9535224182678765,,,
WORKER_EFF,,6,4,,,1.0252507662673866,,,
WORKER_EFF,,6,5,,,0.921335753375245,,,
WORKER_EFF,,7,0,,,1.1897337183742243,,,
WORKER_EFF,,7,1,,,1.0894156501885361,,,
WORKER_EFF,,7,2,,,1.1830082756286653,,,
WORKER_EFF,,7,3,,,0.8537737736839318,,,
WORKER_EFF,,7,4,,,0.9730538799533524,,,
WORKER_EFF,,7,5,,,0.8189458325253712,,,
ROBOT_CAP,,0,0,,,1,,,
ROBOT_CAP,,0,1,,,1,,,
ROBOT_CAP,,0,2,,,0,,,
ROBOT_CAP,,0,3,,,1,,,
ROBOT_CAP,,0,4,,,0,,,
ROBOT_CAP,,0,5,,,0,,,
ROBOT_CAP,,1,0,,,1,,,
ROBOT_CAP,,1,1,,,1,,,
ROBOT_CAP,,1,2,,,0,,,
ROBOT_CAP,,1,3,,,0,,,
ROBOT_CAP,,1,4,,,1,,,
ROBOT_CAP,,1,5,,,1,,,
ROBOT_CAP,,2,0,,,1,,,
ROBOT_CAP,,2,1,,,1,,,
ROBOT_CAP,,2,2,,,0,,,
ROBOT_CAP,,2,3,,,1,,,
ROBOT_CAP,,2,4,,,0,,,
ROBOT_CAP,,2,5,,,0,,,
ROBOT_CAP,,3,0,,,0,,,
ROBOT_CAP,,3,1,,,1,,,
ROBOT_CAP,,3,2,,,1,,,
ROBOT_CAP,,3,3,,,1,,,
ROBOT_CAP,,3,4,,,1,,,
ROBOT_CAP,,3,5,,,1,,,
ROBOT_CAP,,4,0,,,0,,,
ROBOT_CAP,,4,1,,,1,,,
ROBOT_CAP,,4,2,,,0,,,
ROBOT_CAP,,4,3,,,1,,,
ROBOT_CAP,,4,4,,,1,,,
ROBOT_CAP,,4,5,,,0,,,
ROBOT_CAP,,5,0,,,1,,,
ROBOT_CAP,,5,1,,,1,,,
ROBOT_CAP,,5,2,,,1,,,
ROBOT_CAP,,5,3,,,1,,,
ROBOT_CAP,,5,4,,,1,,,
ROBOT_CAP,,5,5,,,1,,,
ROBOT_CAP,,6,0,,,1,,,
ROBOT_CAP,,6,1,,,0,,,
ROBOT_CAP,,6,2,,,1,,,
ROBOT_CAP,,6,3,,,1,,,
ROBOT_CAP,,6,4,,,1,,,
ROBOT_CAP,,6,5,,,1,,,
ROBOT_EFF,,0,0,,,1.0333524403816068,,,
ROBOT_EFF,,0,1,,,1.1834354089023231,,,
ROBOT_EFF,,0,2,,,1.0594463780618797,,,
ROBOT_EFF,,0,3,,,1.0038085828796577,,,
ROBOT_EFF,,0,4,,,1.0161693173238522,,,
ROBOT_EFF,,0,5,,,1.0960849095075869,,,
ROBOT_EFF,,1,0,,,1.2843621993806922,,,
ROBOT_EFF,,1,1,,,1.136930393810918,,,
ROBOT_EFF,,1,2,,,0.9929372934818284,,,
ROBOT_EFF,,1,3,,,1.07631013332345,,,
ROBOT_EFF,,1,4,,,0.9375731240681665,,,
ROBOT_EFF,,1,5,,,0.9372657735491798,,,
ROBOT_EFF,,2,0,,,1.0081592804237087,,,
ROBOT_EFF,,2,1,,,1.246609351663904,,,
ROBOT_EFF,,2,2,,,1.2951486329337467,,,
ROBOT_EFF,,2,3,,,1.2856089944339844,,,
ROBOT_EFF,,2,4,,,1.0478107203050477,,,
ROBOT_EFF,,2,5,,,1.2115453938070717,,,
ROBOT_EFF,,3,0,,,1.128029269694515,,,
ROBOT_EFF,,3,1,,,0.8747206008955487,,,
ROBOT_EFF,,3,2,,,1.0831993766634342,,,
ROBOT_EFF,,3,3,,,0.9582216447933175,,,
ROBOT_EFF,,3,4,,,1.1480239450140772,,,
ROBOT_EFF,,3,5,,,1.0579577411877827,,,
ROBOT_EFF,,4,0,,,0.8969641686587584,,,
ROBOT_EFF,,4,1,,,1.0880571196379567,,,
ROBOT_EFF,,4,2,,,1.192013696927204,,,
ROBOT_EFF,,4,3,,,1.1192687832273802,,,
ROBOT_EFF,,4,4,,,1.1402426251287523,,,
ROBOT_EFF,,4,5,,,1.1730316453246719,,,
ROBOT_EFF,,5,0,,,0.9921279379034958,,,
ROBOT_EFF,,5,1,,,1.1115555619405466,,,
ROBOT_EFF,,5,2,,,1.2747530622479908,,,
ROBOT_EFF,,5,3,,,1.0084402602886344,,,
ROBOT_EFF,,5,4,,,0.8646243147847291,,,
ROBOT_EFF,,5,5,,,1.2100317326181362,,,
ROBOT_EFF,,6,0,,,0.9477000813980077,,,
ROBOT_EFF,,6,1,,,1.2142344135776084,,,
ROBOT_EFF,,6,2,,,1.2638475666961424,,,
ROBOT_EFF,,6,3,,,1.2243010467441988,,,
ROBOT_EFF,,6,4,,,0.9087251767768156,,,
ROBOT_EFF,,6,5,,,0.8818782542482275,,,
HR_COMPAT,,0,0,0,,1,,,
HR_SYNERGY,,0,0,0,,0.7806431542771761,,,
HR_COMPAT,,0,0,1,,1,,,
HR_SYNERGY,,0,0,1,,0.747474230000087,,,
HR_COMPAT,,0,0,2,,0,,,
HR_SYNERGY,,0,0,2,,0.8264697954984822,,,
HR_COMPAT,,0,0,3,,1,,,
HR_SYNERGY,,0,0,3,,0.8695501369569992,,,
HR_COMPAT,,0,0,4,,0,,,
HR_SYNERGY,,0,0,4,,0.6737073173386245,,,
HR_COMPAT,,0,0,5,,0,,,
HR_SYNERGY,,0,0,5,,0.8258666901760076,,,
HR_COMPAT,,0,1,0,,1,,,
HR_SYNERGY,,0,1,0,,0.7363853366293229,,,
HR_COMPAT,,0,1,1,,1,,,
HR_SYNERGY,,0,1,1,,0.8088844851778005,,,
HR_COMPAT,,0,1,2,,0,,,
HR_SYNERGY,,0,1,2,,0.6554035265454848,,,
HR_COMPAT,,0,1,3,,0,,,
HR_SYNERGY,,0,1,3,,0.8247702891727652,,,
HR_COMPAT,,0,1,4,,1,,,
HR_SYNERGY,,0,1,4,,0.7625814644778532,,,
HR_COMPAT,,0,1,5,,1,,,
HR_SYNERGY,,0,1,5,,0.8097568053110376,,,
HR_COMPAT,,0,2,0,,1,,,
HR_SYNERGY,,0,2,0,,0.782096425639152,,,
HR_COMPAT,,0,2,1,,1,,,
HR_SYNERGY,,0,2,1,,0.6931916619960738,,,
HR_COMPAT,,0,2,2,,0,,,
HR_SYNERGY,,0,2,2,,0.8104638607915056,,,
HR_COMPAT,,0,2,3,,1,,,
HR_SYNERGY,,0,2,3,,0.8768465194514186,,,
HR_COMPAT,,0,2,4,,0,,,
HR_SYNERGY,,0,2,4,,0.7216665514801787,,,
HR_COMPAT,,0,2,5,,0,,,
HR_SYNERGY,,0,2,5,,0.6598020914279747,,,
HR_COMPAT,,0,3,0,,0,,,
HR_SYNERGY,,0,3,0,,0.7585525577430646,,,
HR_COMPAT,,0,3,1,,1,,,
HR_SYNERGY,,0,3,1,,0.8414666933072279,,,
HR_COMPAT,,0,3,2,,1,,,
HR_SYNERGY,,0,3,2,,0.8384254384964595,,,
HR_COMPAT,,0,3,3,,0,,,
HR_SYNERGY,,0,3,3,,0.8427390729591391,,,
HR_COMPAT,,0,3,4,,1,,,
HR_SYNERGY,,0,3,4,,0.8685156810556648,,,
HR_COMPAT,,0,3,5,,1,,,
HR_SYNERGY,,0,3,5,,0.8599731019440418,,,
HR_COMPAT,,0,4,0,,0,,,
HR_SYNERGY,,0,4,0,,0.84280127536001,,,
HR_COMPAT,,0,4,1,,1,,,
HR_SYNERGY,,0,4,1,,0.7312087292809974,,,
HR_COMPAT,,0,4,2,,0,,,
HR_SYNERGY,,0,4,2,,0.7739520441792374,,,
HR_COMPAT,,0,4,3,,1,,,
HR_SYNERGY,,0,4,3,,0.7088165246634742,,,
HR_COMPAT,,0,4,4,,1,,,
HR_SYNERGY,,0,4,4,,0.7802417405615181,,,
HR_COMPAT,,0,4,5,,0,,,
HR_SYNERGY,,0,4,5,,0.8677952424058597,,,
HR_COMPAT,,0,5,0,,1,,,
HR_SYNERGY,,0,5,0,,0.8474848401861892,,,
HR_COMPAT,,0,5,1,,1,,,
HR_SYNERGY,,0,5,1,,0.8613813406000546,,,
HR_COMPAT,,0,5,2,,1,,,
HR_SYNERGY,,0,5,2,,0.8496659994638238,,,
HR_COMPAT,,0,5,3,,0,,,
HR_SYNERGY,,0,5,3,,0.6868932098977709,,,
HR_COMPAT,,0,5,4,,1,,,
HR_SYNERGY,,0,5,4,,0.6731526765407837,,,
HR_COMPAT,,0,5,5,,1,,,
HR_SYNERGY,,0,5,5,,0.8721355812421118,,,
HR_COMPAT,,0,6,0,,1,,,
HR_SYNERGY,,0,6,0,,0.7022368608810124,,,
HR_COMPAT,,0,6,1,,0,,,
HR_SYNERGY,,0,6,1,,0.7478994189534904,,,
HR_COMPAT,,0,6,2,,1,,,
HR_SYNERGY,,0,6,2,,0.8224802772634647,,,
HR_COMPAT,,0,6,3,,0,,,
HR_SYNERGY,,0,6,3,,0.7566485768215024,,,
HR_COMPAT,,0,6,4,,1,,,
HR_SYNERGY,,0,6,4,,0.7768634787235053,,,
HR_COMPAT,,0,6,5,,0,,,
HR_SYNERGY,,0,6,5,,0.7144044534252229,,,
HR_COMPAT,,1,0,0,,1,,,
HR_SYNERGY,,1,0,0,,0.6654385938853958,,,
HR_COMPAT,,1,0,1,,1,,,
HR_SYNERGY,,1,0,1,,0.7993097233597921,,,
HR_COMPAT,,1,0,2,,0,,,
HR_SYNERGY,,1,0,2,,0.789401369945545,,,
HR_COMPAT,,1,0,3,,1,,,
HR_SYNERGY,,1,0,3,,0.8718904234966369,,,
HR_COMPAT,,1,0,4,,0,,,
HR_SYNERGY,,1,0,4,,0.7693062687105385,,,
HR_COMPAT,,1,0,5,,0,,,
HR_SYNERGY,,1,0,5,,0.7010209269717463,,,
HR_COMPAT,,1,1,0,,0,,,
HR_SYNERGY,,1,1,0,,0.8538794977246662,,,
HR_COMPAT,,1,1,1,,1,,,
HR_SYNERGY,,1,1,1,,0.8604871206990639,,,
HR_COMPAT,,1,1,2,,0,,,
HR_SYNERGY,,1,1,2,,0.6874332941391881,,,
HR_COMPAT,,1,1,3,,0,,,
HR_SYNERGY,,1,1,3,,0.8480019612511274,,,
HR_COMPAT,,1,1,4,,0,,,
HR_SYNERGY,,1,1,4,,0.740527892706741,,,
HR_COMPAT,,1,1,5,,1,,,
HR_SYNERGY,,1,1,5,,0.8316602624542431,,,
HR_COMPAT,,1,2,0,,1,,,
HR_SYNERGY,,1,2,0,,0.6991083317591854,,,
HR_COMPAT,,1,2,1,,1,,,
HR_SYNERGY,,1,2,1,,0.7054978068811172,,,
HR_COMPAT,,1,2,2,,0,,,
HR_SYNERGY,,1,2,2,,0.8072820285072854,,,
HR_COMPAT,,1,2,3,,1,,,
HR_SYNERGY,,1,2,3,,0.6524599285700551,,,
HR_COMPAT,,1,2,4,,0,,,
HR_SYNERGY,,1,2,4,,0.7961074961640543,,,
HR_COMPAT,,1,2,5,,0,,,
HR_SYNERGY,,1,2,5,,0.6787761313776028,,,
HR_COMPAT,,1,3,0,,0,,,
HR_SYNERGY,,1,3,0,,0.7561212592754363,,,
HR_COMPAT,,1,3,1,,1,,,
HR_SYNERGY,,1,3,1,,0.8254775561432224,,,
HR_COMPAT,,1,3,2,,1,,,
HR_SYNERGY,,1,3,2,,0.8036052937942815,,,
HR_COMPAT,,1,3,3,,1,,,
HR_SYNERGY,,1,3,3,,0.823483940840345,,,
HR_COMPAT,,1,3,4,,0,,,
HR_SYNERGY,,1,3,4,,0.670559989932573,,,
HR_COMPAT,,1,3,5,,1,,,
HR_SYNERGY,,1,3,5,,0.7646946587928043,,,
HR_COMPAT,,1,4,0,,0,,,
HR_SYNERGY,,1,4,0,,0.7977619396261445,,,
HR_COMPAT,,1,4,1,,1,,,
HR_SYNERGY,,1,4,1,,0.8030918584364046,,,
HR_COMPAT,,1,4,2,,0,,,
HR_SYNERGY,,1,4,2,,0.7873399689689204,,,
HR_COMPAT,,1,4,3,,1,,,
HR_SYNERGY,,1,4,3,,0.8006319618389174,,,
HR_COMPAT,,1,4,4,,0,,,
HR_SYNERGY,,1,4,4,,0.8082044663015642,,,
HR_COMPAT,,1,4,5,,0,,,
HR_SYNERGY,,1,4,5,,0.7666973746969467,,,
HR_COMPAT,,1,5,0,,1,,,
HR_SYNERGY,,1,5,0,,0.7393490505542892,,,
HR_COMPAT,,1,5,1,,0,,,
HR_SYNERGY,,1,5,1,,0.7297754800195798,,,
HR_COMPAT,,1,5,2,,1,,,
HR_SYNERGY,,1,5,2,,0.8327270164593691,,,
HR_COMPAT,,1,5,3,,1,,,
HR_SYNERGY,,1,5,3,,0.7788352656396506,,,
HR_COMPAT,,1,5,4,,0,,,
HR_SYNERGY,,1,5,4,,0.7061625023544537,,,
HR_COMPAT,,1,5,5,,1,,,
HR_SYNERGY,,1,5,5,,0.7992260338755286,,,
HR_COMPAT,,1,6,0,,1,,,
HR_SYNERGY,,1,6,0,,0.8692990990249371,,,
HR_COMPAT,,1,6,1,,0,,,
HR_SYNERGY,,1,6,1,,0.7745405930108192,,,
HR_COMPAT,,1,6,2,,1,,,
HR_SYNERGY,,1,6,2,,0.7014149778094279,,,
HR_COMPAT,,1,6,3,,1,,,
HR_SYNERGY,,1,6,3,,0.8299504361674261,,,
HR_COMPAT,,1,6,4,,0,,,
HR_SYNERGY,,1,6,4,,0.7629591419833309,,,
HR_COMPAT,,1,6,5,,1,,,
HR_SYNERGY,,1,6,5,,0.8143287136391324,,,
HR_COMPAT,,2,0,0,,0,,,
HR_SYNERGY,,2,0,0,,0.8649037914739017,,,
HR_COMPAT,,2,0,1,,1,,,
HR_SYNERGY,,2,0,1,,0.7927865402241244,,,
HR_COMPAT,,2,0,2,,0,,,
HR_SYNERGY,,2,0,2,,0.8894684916187794,,,
HR_COMPAT,,2,0,3,,1,,,
HR_SYNERGY,,2,0,3,,0.7762920675813325,,,
HR_COMPAT,,2,0,4,,0,,,
HR_SYNERGY,,2,0,4,,0.7758492454334738,,,
HR_COMPAT,,2,0,5,,0,,,
HR_SYNERGY,,2,0,5,,0.6629173851592014,,,
HR_COMPAT,,2,1,0,,0,,,
HR_SYNERGY,,2,1,0,,0.8911224994528122,,,
HR_COMPAT,,2,1,1,,1,,,
HR_SYNERGY,,2,1,1,,0.6530075432351086,,,
HR_COMPAT,,2,1,2,,0,,,
HR_SYNERGY,,2,1,2,,0.7576599884543644,,,
HR_COMPAT,,2,1,3,,0,,,
HR_SYNERGY,,2,1,3,,0.8064120336363183,,,
HR_COMPAT,,2,1,4,,1,,,
HR_SYNERGY,,2,1,4,,0.7853883567510886,,,
HR_COMPAT,,2,1,5,,0,,,
HR_SYNERGY,,2,1,5,,0.6675885707535893,,,
HR_COMPAT,,2,2,0,,0,,,
HR_SYNERGY,,2,2,0,,0.7648027481587272,,,
HR_COMPAT,,2,2,1,,1,,,
HR_SYNERGY,,2,2,1,,0.8164928290272185,,,
HR_COMPAT,,2,2,2,,0,,,
HR_SYNERGY,,2,2,2,,0.7672640447710906,,,
HR_COMPAT,,2,2,3,,1,,,
HR_SYNERGY,,2,2,3,,0.7088968720437636,,,
HR_COMPAT,,2,2,4,,0,,,
HR_SYNERGY,,2,2,4,,0.8189891179467256,,,
HR_COMPAT,,2,2,5,,0,,,
HR_SYNERGY,,2,2,5,,0.8091620598619889,,,
HR_COMPAT,,2,3,0,,0,,,
HR_SYNERGY,,2,3,0,,0.7548593963234639,,,
HR_COMPAT,,2,3,1,,1,,,
HR_SYNERGY,,2,3,1,,0.7303946495537673,,,
HR_COMPAT,,2,3,2,,1,,,
HR_SYNERGY,,2,3,2,,0.7110329100808157,,,
HR_COMPAT,,2,3,3,,1,,,
HR_SYNERGY,,2,3,3,,0.8968615240004374,,,
HR_COMPAT,,2,3,4,,1,,,
HR_SYNERGY,,2,3,4,,0.7022311766162639,,,
HR_COMPAT,,2,3,5,,1,,,
HR_SYNERGY,,2,3,5,,0.7182772208804908,,,
HR_COMPAT,,2,4,0,,0,,,
HR_SYNERGY,,2,4,0,,0.7873108144588793,,,
HR_COMPAT,,2,4,1,,1,,,
HR_SYNERGY,,2,4,1,,0.6891529841678091,,,
HR_COMPAT,,2,4,2,,0,,,
HR_SYNERGY,,2,4,2,,0.833378400666001,,,
HR_COMPAT,,2,4,3,,1,,,
HR_SYNERGY,,2,4,3,,0.7601418397280197,,,
HR_COMPAT,,2,4,4,,1,,,
HR_SYNERGY,,2,4,4,,0.8406918520727036,,,
HR_COMPAT,,2,4,5,,0,,,
HR_SYNERGY,,2,4,5,,0.8645408404569572,,,
HR_COMPAT,,2,5,0,,0,,,
HR_SYNERGY,,2,5,0,,0.7156150905276172,,,
HR_COMPAT,,2,5,1,,1,,,
HR_SYNERGY,,2,5,1,,0.7358506519984774,,,
HR_COMPAT,,2,5,2,,1,,,
HR_SYNERGY,,2,5,2,,0.7697301909458327,,,
HR_COMPAT,,2,5,3,,1,,,
HR_SYNERGY,,2,5,3,,0.8891312253754381,,,
HR_COMPAT,,2,5,4,,0,,,
HR_SYNERGY,,2,5,4,,0.8666815081111284,,,
HR_COMPAT,,2,5,5,,1,,,
HR_SYNERGY,,2,5,5,,0.8659536912559277,,,
HR_COMPAT,,2,6,0,,0,,,
HR_SYNERGY,,2,6,0,,0.8647591799025426,,,
HR_COMPAT,,2,6,1,,0,,,
HR_SYNERGY,,2,6,1,,0.7907727070135153,,,
HR_COMPAT,,2,6,2,,1,,,
HR_SYNERGY,,2,6,2,,0.661833424286953,,,
HR_COMPAT,,2,6,3,,1,,,
HR_SYNERGY,,2,6,3,,0.7138351828783714,,,
HR_COMPAT,,2,6,4,,1,,,
HR_SYNERGY,,2,6,4,,0.721199383805115,,,
HR_COMPAT,,2,6,5,,1,,,
HR_SYNERGY,,2,6,5,,0.7581504902529452,,,
HR_COMPAT,,3,0,0,,1,,,
HR_SYNERGY,,3,0,0,,0.7093273088055894,,,
HR_COMPAT,,3,0,1,,0,,,
HR_SYNERGY,,3,0,1,,0.7017666840314318,,,
HR_COMPAT,,3,0,2,,0,,,
HR_SYNERGY,,3,0,2,,0.7853785443204117,,,
HR_COMPAT,,3,0,3,,1,,,
HR_SYNERGY,,3,0,3,,0.8412024926541821,,,
HR_COMPAT,,3,0,4,,0,,,
HR_SYNERGY,,3,0,4,,0.7152359357899898,,,
HR_COMPAT,,3,0,5,,0,,,
HR_SYNERGY,,3,0,5,,0.6833727357925328,,,
HR_COMPAT,,3,1,0,,1,,,
HR_SYNERGY,,3,1,0,,0.7506595853598079,,,
HR_COMPAT,,3,1,1,,1,,,
HR_SYNERGY,,3,1,1,,0.8633552778867358,,,
HR_COMPAT,,3,1,2,,0,,,
HR_SYNERGY,,3,1,2,,0.7325365697503885,,,
HR_COMPAT,,3,1,3,,0,,,
HR_SYNERGY,,3,1,3,,0.7384658213024966,,,
HR_COMPAT,,3,1,4,,1,,,
HR_SYNERGY,,3,1,4,,0.7023307927964543,,,
HR_COMPAT,,3,1,5,,1,,,
HR_SYNERGY,,3,1,5,,0.8668438050262687,,,
HR_COMPAT,,3,2,0,,1,,,
HR_SYNERGY,,3,2,0,,0.8057119362638893,,,
HR_COMPAT,,3,2,1,,1,,,
HR_SYNERGY,,3,2,1,,0.852631894156773,,,
HR_COMPAT,,3,2,2,,0,,,
HR_SYNERGY,,3,2,2,,0.8169195057804102,,,
HR_COMPAT,,3,2,3,,1,,,
HR_SYNERGY,,3,2,3,,0.7321603108048234,,,
HR_COMPAT,,3,2,4,,0,,,
HR_SYNERGY,,3,2,4,,0.6695362283942488,,,
HR_COMPAT,,3,2,5,,0,,,
HR_SYNERGY,,3,2,5,,0.8214780651756752,,,
HR_COMPAT,,3,3,0,,0,,,
HR_SYNERGY,,3,3,0,,0.6750190631969843,,,
HR_COMPAT,,3,3,1,,1,,,
HR_SYNERGY,,3,3,1,,0.7342378527057357,,,
HR_COMPAT,,3,3,2,,0,,,
HR_SYNERGY,,3,3,2,,0.6817166223385095,,,
HR_COMPAT,,3,3,3,,1,,,
HR_SYNERGY,,3,3,3,,0.6937826690732081,,,
HR_COMPAT,,3,3,4,,1,,,
HR_SYNERGY,,3,3,4,,0.8173967004520388,,,
HR_COMPAT,,3,3,5,,1,,,
HR_SYNERGY,,3,3,5,,0.878860163432883,,,
HR_COMPAT,,3,4,0,,0,,,
HR_SYNERGY,,3,4,0,,0.6570219985760374,,,
HR_COMPAT,,3,4,1,,1,,,
HR_SYNERGY,,3,4,1,,0.7085174341922269,,,
HR_COMPAT,,3,4,2,,0,,,
HR_SYNERGY,,3,4,2,,0.7938727685549576,,,
HR_COMPAT,,3,4,3,,1,,,
HR_SYNERGY,,3,4,3,,0.6880650334885394,,,
HR_COMPAT,,3,4,4,,1,,,
HR_SYNERGY,,3,4,4,,0.8238485441833063,,,
HR_COMPAT,,3,4,5,,0,,,
HR_SYNERGY,,3,4,5,,0.6917939276464022,,,
HR_COMPAT,,3,5,0,,1,,,
HR_SYNERGY,,3,5,0,,0.8138556452990269,,,
HR_COMPAT,,3,5,1,,1,,,
HR_SYNERGY,,3,5,1,,0.835552084840719,,,
HR_COMPAT,,3,5,2,,1,,,
HR_SYNERGY,,3,5,2,,0.8842367568937971,,,
HR_COMPAT,,3,5,3,,1,,,
HR_SYNERGY,,3,5,3,,0.6511504440748133,,,
HR_COMPAT,,3,5,4,,1,,,
HR_SYNERGY,,3,5,4,,0.6707516422592408,,,
HR_COMPAT,,3,5,5,,1,,,
HR_SYNERGY,,3,5,5,,0.7277452044062926,,,
HR_COMPAT,,3,6,0,,1,,,
HR_SYNERGY,,3,6,0,,0.7055312943606469,,,
HR_COMPAT,,3,6,1,,0,,,
HR_SYNERGY,,3,6,1,,0.7729802922553219,,,
HR_COMPAT,,3,6,2,,1,,,
HR_SYNERGY,,3,6,2,,0.6845579514291857,,,
HR_COMPAT,,3,6,3,,0,,,
HR_SYNERGY,,3,6,3,,0.7161555705547091,,,
HR_COMPAT,,3,6,4,,1,,,
HR_SYNERGY,,3,6,4,,0.7901015905834967,,,
HR_COMPAT,,3,6,5,,1,,,
HR_SYNERGY,,3,6,5,,0.8041166933549113,,,
HR_COMPAT,,4,0,0,,1,,,
HR_SYNERGY,,4,0,0,,0.7978516785179588,,,
HR_COMPAT,,4,0,1,,1,,,
HR_SYNERGY,,4,0,1,,0.8812722940956149,,,
HR_COMPAT,,4,0,2,,0,,,
HR_SYNERGY,,4,0,2,,0.7250792749070947,,,
HR_COMPAT,,4,0,3,,1,,,
HR_SYNERGY,,4,0,3,,0.6996471886322162,,,
HR_COMPAT,,4,0,4,,0,,,
HR_SYNERGY,,4,0,4,,0.8892519820336424,,,
HR_COMPAT,,4,0,5,,0,,,
HR_SYNERGY,,4,0,5,,0.7196638416648488,,,
HR_COMPAT,,4,1,0,,1,,,
HR_SYNERGY,,4,1,0,,0.6997370600011193,,,
HR_COMPAT,,4,1,1,,1,,,
HR_SYNERGY,,4,1,1,,0.8662539010783419,,,
HR_COMPAT,,4,1,2,,0,,,
HR_SYNERGY,,4,1,2,,0.7672998336415146,,,
HR_COMPAT,,4,1,3,,0,,,
HR_SYNERGY,,4,1,3,,0.7706025464813098,,,
HR_COMPAT,,4,1,4,,1,,,
HR_SYNERGY,,4,1,4,,0.7774441097029344,,,
HR_COMPAT,,4,1,5,,1,,,
HR_SYNERGY,,4,1,5,,0.7658636739394271,,,
HR_COMPAT,,4,2,0,,1,,,
HR_SYNERGY,,4,2,0,,0.7856856284722853,,,
HR_COMPAT,,4,2,1,,1,,,
HR_SYNERGY,,4,2,1,,0.8931007948659146,,,
HR_COMPAT,,4,2,2,,0,,,
HR_SYNERGY,,4,2,2,,0.7512888351653928,,,
HR_COMPAT,,4,2,3,,1,,,
HR_SYNERGY,,4,2,3,,0.716288194781278,,,
HR_COMPAT,,4,2,4,,0,,,
HR_SYNERGY,,4,2,4,,0.769193507840631,,,
HR_COMPAT,,4,2,5,,0,,,
HR_SYNERGY,,4,2,5,,0.8295971581535655,,,
HR_COMPAT,,4,3,0,,0,,,
HR_SYNERGY,,4,3,0,,0.793476009819196,,,
HR_COMPAT,,4,3,1,,1,,,
HR_SYNERGY,,4,3,1,,0.6604673010628919,,,
HR_COMPAT,,4,3,2,,1,,,
HR_SYNERGY,,4,3,2,,0.7023507489284898,,,
HR_COMPAT,,4,3,3,,1,,,
HR_SYNERGY,,4,3,3,,0.8047759231416798,,,
HR_COMPAT,,4,3,4,,1,,,
HR_SYNERGY,,4,3,4,,0.8929962623370595,,,
HR_COMPAT,,4,3,5,,1,,,
HR_SYNERGY,,4,3,5,,0.8831375550284467,,,
HR_COMPAT,,4,4,0,,0,,,
HR_SYNERGY,,4,4,0,,0.796685935497339,,,
HR_COMPAT,,4,4,1,,1,,,
HR_SYNERGY,,4,4,1,,0.7384958170420366,,,
HR_COMPAT,,4,4,2,,0,,,
HR_SYNERGY,,4,4,2,,0.6899761535016071,,,
HR_COMPAT,,4,4,3,,1,,,
HR_SYNERGY,,4,4,3,,0.7074669362046841,,,
HR_COMPAT,,4,4,4,,1,,,
HR_SYNERGY,,4,4,4,,0.8810571654058506,,,
HR_COMPAT,,4,4,5,,0,,,
HR_SYNERGY,,4,4,5,,0.8035273529820177,,,
HR_COMPAT,,4,5,0,,1,,,
HR_SYNERGY,,4,5,0,,0.8584809021774141,,,
HR_COMPAT,,4,5,1,,1,,,
HR_SYNERGY,,4,5,1,,0.7860924015400821,,,
HR_COMPAT,,4,5,2,,1,,,
HR_SYNERGY,,4,5,2,,0.8547976338041261,,,
HR_COMPAT,,4,5,3,,1,,,
HR_SYNERGY,,4,5,3,,0.6690405587761656,,,
HR_COMPAT,,4,5,4,,0,,,
HR_SYNERGY,,4,5,4,,0.7909962329949034,,,
HR_COMPAT,,4,5,5,,1,,,
HR_SYNERGY,,4,5,5,,0.7453766132633801,,,
HR_COMPAT,,4,6,0,,1,,,
HR_SYNERGY,,4,6,0,,0.8975079483847851,,,
HR_COMPAT,,4,6,1,,0,,,
HR_SYNERGY,,4,6,1,,0.8916481228054813,,,
HR_COMPAT,,4,6,2,,1,,,
HR_SYNERGY,,4,6,2,,0.8934960413686672,,,
HR_COMPAT,,4,6,3,,1,,,
HR_SYNERGY,,4,6,3,,0.7643029168963217,,,
HR_COMPAT,,4,6,4,,1,,,
HR_SYNERGY,,4,6,4,,0.7407808098714082,,,
HR_COMPAT,,4,6,5,,1,,,
HR_SYNERGY,,4,6,5,,0.8371295557324931,,,
HR_COMPAT,,5,0,0,,1,,,
HR_SYNERGY,,5,0,0,,0.7908639609142044,,,
HR_COMPAT,,5,0,1,,1,,,
HR_SYNERGY,,5,0,1,,0.837690093305405,,,
HR_COMPAT,,5,0,2,,0,,,
HR_SYNERGY,,5,0,2,,0.816594907646968,,,
HR_COMPAT,,5,0,3,,1,,,
HR_SYNERGY,,5,0,3,,0.8567333387691161,,,
HR_COMPAT,,5,0,4,,0,,,
HR_SYNERGY,,5,0,4,,0.6752975196581653,,,
HR_COMPAT,,5,0,5,,0,,,
HR_SYNERGY,,5,0,5,,0.6682521041757851,,,
HR_COMPAT,,5,1,0,,1,,,
HR_SYNERGY,,5,1,0,,0.830087263362007,,,
HR_COMPAT,,5,1,1,,1,,,
HR_SYNERGY,,5,1,1,,0.6614098543512636,,,
HR_COMPAT,,5,1,2,,0,,,
HR_SYNERGY,,5,1,2,,0.7731325731868197,,,
HR_COMPAT,,5,1,3,,0,,,
HR_SYNERGY,,5,1,3,,0.8477648832580242,,,
HR_COMPAT,,5,1,4,,1,,,
HR_SYNERGY,,5,1,4,,0.7175316841204851,,,
HR_COMPAT,,5,1,5,,0,,,
HR_SYNERGY,,5,1,5,,0.8632916367971778,,,
HR_COMPAT,,5,2,0,,1,,,
HR_SYNERGY,,5,2,0,,0.8857327288858883,,,
HR_COMPAT,,5,2,1,,1,,,
HR_SYNERGY,,5,2,1,,0.8509093170080796,,,
HR_COMPAT,,5,2,2,,0,,,
HR_SYNERGY,,5,2,2,,0.7858225350123202,,,
HR_COMPAT,,5,2,3,,1,,,
HR_SYNERGY,,5,2,3,,0.8569540153692377,,,
HR_COMPAT,,5,2,4,,0,,,
HR_SYNERGY,,5,2,4,,0.8240912365215372,,,
HR_COMPAT,,5,2,5,,0,,,
HR_SYNERGY,,5,2,5,,0.7063784018312447,,,
HR_COMPAT,,5,3,0,,0,,,
HR_SYNERGY,,5,3,0,,0.6943068517053578,,,
HR_COMPAT,,5,3,1,,1,,,
HR_SYNERGY,,5,3,1,,0.6847198700568131,,,
HR_COMPAT,,5,3,2,,1,,,
HR_SYNERGY,,5,3,2,,0.6667045428519517,,,
HR_COMPAT,,5,3,3,,1,,,
HR_SYNERGY,,5,3,3,,0.8678813635601277,,,
HR_COMPAT,,5,3,4,,1,,,
HR_SYNERGY,,5,3,4,,0.7364225095213123,,,
HR_COMPAT,,5,3,5,,0,,,
HR_SYNERGY,,5,3,5,,0.8354880168032904,,,
HR_COMPAT,,5,4,0,,0,,,
HR_SYNERGY,,5,4,0,,0.6532469654755527,,,
HR_COMPAT,,5,4,1,,1,,,
HR_SYNERGY,,5,4,1,,0.7740252843586698,,,
HR_COMPAT,,5,4,2,,0,,,
HR_SYNERGY,,5,4,2,,0.6574135521180564,,,
HR_COMPAT,,5,4,3,,1,,,
HR_SYNERGY,,5,4,3,,0.6704181129221696,,,
HR_COMPAT,,5,4,4,,1,,,
HR_SYNERGY,,5,4,4,,0.8190625899797609,,,
HR_COMPAT,,5,4,5,,0,,,
HR_SYNERGY,,5,4,5,,0.662142942356293,,,
HR_COMPAT,,5,5,0,,1,,,
HR_SYNERGY,,5,5,0,,0.6805727482298379,,,
HR_COMPAT,,5,5,1,,1,,,
HR_SYNERGY,,5,5,1,,0.8531885368206419,,,
HR_COMPAT,,5,5,2,,0,,,
HR_SYNERGY,,5,5,2,,0.864745037870299,,,
HR_COMPAT,,5,5,3,,1,,,
HR_SYNERGY,,5,5,3,,0.855817008088306,,,
HR_COMPAT,,5,5,4,,1,,,
HR_SYNERGY,,5,5,4,,0.7763759078068913,,,
HR_COMPAT,,5,5,5,,0,,,
HR_SYNERGY,,5,5,5,,0.695335060027307,,,
HR_COMPAT,,5,6,0,,1,,,
HR_SYNERGY,,5,6,0,,0.7806380006782176,,,
HR_COMPAT,,5,6,1,,0,,,
HR_SYNERGY,,5,6,1,,0.7245112694973141,,,
HR_COMPAT,,5,6,2,,1,,,
HR_SYNERGY,,5,6,2,,0.7526115815210395,,,
HR_COMPAT,,5,6,3,,1,,,
HR_SYNERGY,,5,6,3,,0.7676070695080723,,,
HR_COMPAT,,5,6,4,,1,,,
HR_SYNERGY,,5,6,4,,0.7831660699652473,,,
HR_COMPAT,,5,6,5,,0,,,
HR_SYNERGY,,5,6,5,,0.8423784141892189,,,
HR_COMPAT,,6,0,0,,1,,,
HR_SYNERGY,,6,0,0,,0.7711208627873128,,,
HR_COMPAT,,6,0,1,,1,,,
HR_SYNERGY,,6,0,1,,0.8980380018270822,,,
HR_COMPAT,,6,0,2,,0,,,
HR_SYNERGY,,6,0,2,,0.8695765829813351,,,
HR_COMPAT,,6,0,3,,1,,,
HR_SYNERGY,,6,0,3,,0.8954099854758734,,,
HR_COMPAT,,6,0,4,,0,,,
HR_SYNERGY,,6,0,4,,0.8726890526079781,,,
HR_COMPAT,,6,0,5,,0,,,
HR_SYNERGY,,6,0,5,,0.7100668834890244,,,
HR_COMPAT,,6,1,0,,1,,,
HR_SYNERGY,,6,1,0,,0.8817109985982067,,,
HR_COMPAT,,6,1,1,,1,,,
HR_SYNERGY,,6,1,1,,0.8695407236161774,,,
HR_COMPAT,,6,1,2,,0,,,
HR_SYNERGY,,6,1,2,,0.8660182571530558,,,
HR_COMPAT,,6,1,3,,0,,,
HR_SYNERGY,,6,1,3,,0.8212903831609368,,,
HR_COMPAT,,6,1,4,,1,,,
HR_SYNERGY,,6,1,4,,0.844489817354484,,,
HR_COMPAT,,6,1,5,,1,,,
HR_SYNERGY,,6,1,5,,0.8961551454268195,,,
HR_COMPAT,,6,2,0,,1,,,
HR_SYNERGY,,6,2,0,,0.8859065066296389,,,
HR_COMPAT,,6,2,1,,1,,,
HR_SYNERGY,,6,2,1,,0.7471762734565115,,,
HR_COMPAT,,6,2,2,,0,,,
HR_SYNERGY,,6,2,2,,0.6822557253231543,,,
HR_COMPAT,,6,2,3,,1,,,
HR_SYNERGY,,6,2,3,,0.8705866221309534,,,
HR_COMPAT,,6,2,4,,0,,,
HR_SYNERGY,,6,2,4,,0.8778117799125794,,,
HR_COMPAT,,6,2,5,,0,,,
HR_SYNERGY,,6,2,5,,0.8757714439377318,,,
HR_COMPAT,,6,3,0,,0,,,
HR_SYNERGY,,6,3,0,,0.8448799099879437,,,
HR_COMPAT,,6,3,1,,1,,,
HR_SYNERGY,,6,3,1,,0.7528929706194383,,,
HR_COMPAT,,6,3,2,,1,,,
HR_SYNERGY,,6,3,2,,0.8022696267027142,,,
HR_COMPAT,,6,3,3,,1,,,
HR_SYNERGY,,6,3,3,,0.795559523867669,,,
HR_COMPAT,,6,3,4,,1,,,
HR_SYNERGY,,6,3,4,,0.6852097229225678,,,
HR_COMPAT,,6,3,5,,1,,,
HR_SYNERGY,,6,3,5,,0.7628072435432545,,,
HR_COMPAT,,6,4,0,,0,,,
HR_SYNERGY,,6,4,0,,0.8957499998006724,,,
HR_COMPAT,,6,4,1,,1,,,
HR_SYNERGY,,6,4,1,,0.7720632712357365,,,
HR_COMPAT,,6,4,2,,0,,,
HR_SYNERGY,,6,4,2,,0.8473309801948394,,,
HR_COMPAT,,6,4,3,,1,,,
HR_SYNERGY,,6,4,3,,0.7930952924547418,,,
HR_COMPAT,,6,4,4,,1,,,
HR_SYNERGY,,6,4,4,,0.6944147342229556,,,
HR_COMPAT,,6,4,5,,0,,,
HR_SYNERGY,,6,4,5,,0.7861442456027263,,,
HR_COMPAT,,6,5,0,,1,,,
HR_SYNERGY,,6,5,0,,0.6577520674309223,,,
HR_COMPAT,,6,5,1,,0,,,
HR_SYNERGY,,6,5,1,,0.7895206579222455,,,
HR_COMPAT,,6,5,2,,1,,,
HR_SYNERGY,,6,5,2,,0.8101270090132086,,,
HR_COMPAT,,6,5,3,,1,,,
HR_SYNERGY,,6,5,3,,0.6770545211189085,,,
HR_COMPAT,,6,5,4,,0,,,
HR_SYNERGY,,6,5,4,,0.7622514807746248,,,
HR_COMPAT,,6,5,5,,1,,,
HR_SYNERGY,,6,5,5,,0.7674973191539908,,,
HR_COMPAT,,6,6,0,,1,,,
HR_SYNERGY,,6,6,0,,0.8649777044054825,,,
HR_COMPAT,,6,6,1,,0,,,
HR_SYNERGY,,6,6,1,,0.7958347219960142,,,
HR_COMPAT,,6,6,2,,1,,,
HR_SYNERGY,,6,6,2,,0.6919095857650162,,,
HR_COMPAT,,6,6,3,,1,,,
HR_SYNERGY,,6,6,3,,0.8893652936665428,,,
HR_COMPAT,,6,6,4,,1,,,
HR_SYNERGY,,6,6,4,,0.7063239898698549,,,
HR_COMPAT,,6,6,5,,1,,,
HR_SYNERGY,,6,6,5,,0.8923316533094393,,,
HR_COMPAT,,7,0,0,,1,,,
HR_SYNERGY,,7,0,0,,0.7475993380140641,,,
HR_COMPAT,,7,0,1,,1,,,
HR_SYNERGY,,7,0,1,,0.8473216556725627,,,
HR_COMPAT,,7,0,2,,0,,,
HR_SYNERGY,,7,0,2,,0.7669859843994555,,,
HR_COMPAT,,7,0,3,,1,,,
HR_SYNERGY,,7,0,3,,0.8705712292114252,,,
HR_COMPAT,,7,0,4,,0,,,
HR_SYNERGY,,7,0,4,,0.760819055419164,,,
HR_COMPAT,,7,0,5,,0,,,
HR_SYNERGY,,7,0,5,,0.8236051089448103,,,
HR_COMPAT,,7,1,0,,1,,,
HR_SYNERGY,,7,1,0,,0.8890850118286318,,,
HR_COMPAT,,7,1,1,,1,,,
HR_SYNERGY,,7,1,1,,0.8641183806897282,,,
HR_COMPAT,,7,1,2,,0,,,
HR_SYNERGY,,7,1,2,,0.7742855906567064,,,
HR_COMPAT,,7,1,3,,0,,,
HR_SYNERGY,,7,1,3,,0.8451479543267062,,,
HR_COMPAT,,7,1,4,,1,,,
HR_SYNERGY,,7,1,4,,0.836785622622145,,,
HR_COMPAT,,7,1,5,,1,,,
HR_SYNERGY,,7,1,5,,0.8627297465217112,,,
HR_COMPAT,,7,2,0,,1,,,
HR_SYNERGY,,7,2,0,,0.8383361559740623,,,
HR_COMPAT,,7,2,1,,1,,,
HR_SYNERGY,,7,2,1,,0.7477822264285379,,,
HR_COMPAT,,7,2,2,,0,,,
HR_SYNERGY,,7,2,2,,0.7662686877697805,,,
HR_COMPAT,,7,2,3,,1,,,
HR_SYNERGY,,7,2,3,,0.7560453109487636,,,
HR_COMPAT,,7,2,4,,0,,,
HR_SYNERGY,,7,2,4,,0.8934927537064344,,,
HR_COMPAT,,7,2,5,,0,,,
HR_SYNERGY,,7,2,5,,0.7512870294554211,,,
HR_COMPAT,,7,3,0,,0,,,
HR_SYNERGY,,7,3,0,,0.6653972601535046,,,
HR_COMPAT,,7,3,1,,1,,,
HR_SYNERGY,,7,3,1,,0.8351447142425152,,,
HR_COMPAT,,7,3,2,,1,,,
HR_SYNERGY,,7,3,2,,0.8566060607719923,,,
HR_COMPAT,,7,3,3,,1,,,
HR_SYNERGY,,7,3,3,,0.7138849636536129,,,
HR_COMPAT,,7,3,4,,1,,,
HR_SYNERGY,,7,3,4,,0.8958165684444545,,,
HR_COMPAT,,7,3,5,,1,,,
HR_SYNERGY,,7,3,5,,0.7021101751921875,,,
HR_COMPAT,,7,4,0,,0,,,
HR_SYNERGY,,7,4,0,,0.8809600773462114,,,
HR_COMPAT,,7,4,1,,0,,,
HR_SYNERGY,,7,4,1,,0.7686480142353279,,,
HR_COMPAT,,7,4,2,,0,,,
HR_SYNERGY,,7,4,2,,0.7356111610560869,,,
HR_COMPAT,,7,4,3,,0,,,
HR_SYNERGY,,7,4,3,,0.7662907395413066,,,
HR_COMPAT,,7,4,4,,1,,,
HR_SYNERGY,,7,4,4,,0.7627155193307649,,,
HR_COMPAT,,7,4,5,,0,,,
HR_SYNERGY,,7,4,5,,0.7253511239555901,,,
HR_COMPAT,,7,5,0,,1,,,
HR_SYNERGY,,7,5,0,,0.8934493927710242,,,
HR_COMPAT,,7,5,1,,1,,,
HR_SYNERGY,,7,5,1,,0.7384490701567334,,,
HR_COMPAT,,7,5,2,,1,,,
HR_SYNERGY,,7,5,2,,0.8547196735121365,,,
HR_COMPAT,,7,5,3,,0,,,
HR_SYNERGY,,7,5,3,,0.762824823978824,,,
HR_COMPAT,,7,5,4,,1,,,
HR_SYNERGY,,7,5,4,,0.7976181345260314,,,
HR_COMPAT,,7,5,5,,1,,,
HR_SYNERGY,,7,5,5,,0.6923977933038665,,,
HR_COMPAT,,7,6,0,,1,,,
HR_SYNERGY,,7,6,0,,0.8308192409565154,,,
HR_COMPAT,,7,6,1,,0,,,
HR_SYNERGY,,7,6,1,,0.6577043075074346,,,
HR_COMPAT,,7,6,2,,1,,,
HR_SYNERGY,,7,6,2,,0.8878032645235001,,,
HR_COMPAT,,7,6,3,,1,,,
HR_SYNERGY,,7,6,3,,0.7617696788773051,,,
HR_COMPAT,,7,6,4,,1,,,
HR_SYNERGY,,7,6,4,,0.7587314050627115,,,
HR_COMPAT,,7,6,5,,1,,,
HR_SYNERGY,,7,6,5,,0.6698883269639758,,,
WORKER_RELOC,,0,0,0,,0.0,,,
WORKER_RELOC,,0,0,1,,8.3407567398379,,,
WORKER_RELOC,,0,0,2,,5.3303619484783695,,,
WORKER_RELOC,,0,0,3,,9.008919523590972,,,
WORKER_RELOC,,0,0,4,,5.685571685824046,,,
WORKER_RELOC,,0,0,5,,5.389882282889079,,,
WORKER_RELOC,,0,0,6,,9.337054876888343,,,
WORKER_RELOC,,0,0,7,,9.117737380438127,,,
WORKER_RELOC,,0,0,8,,8.357877315439683,,,
WORKER_RELOC,,0,0,9,,11.679566607452394,,,
WORKER_RELOC,,0,0,10,,7.07464372017795,,,
WORKER_RELOC,,0,0,11,,9.050843570536653,,,
WORKER_RELOC,,0,1,0,,5.206040431724417,,,
WORKER_RELOC,,0,1,1,,0.0,,,
WORKER_RELOC,,0,1,2,,3.5900963799787915,,,
WORKER_RELOC,,0,1,3,,8.957237807462114,,,
WORKER_RELOC,,0,1,4,,7.247224918905378,,,
WORKER_RELOC,,0,1,5,,10.16611124139586,,,
WORKER_RELOC,,0,1,6,,6.398270168411647,,,
WORKER_RELOC,,0,1,7,,7.916343084716139,,,
WORKER_RELOC,,0,1,8,,5.644063239249061,,,
WORKER_RELOC,,0,1,9,,9.386170899661396,,,
WORKER_RELOC,,0,1,10,,7.377706030979928,,,
WORKER_RELOC,,0,1,11,,5.851573627303294,,,
WORKER_RELOC,,0,2,0,,7.220119703619829,,,
WORKER_RELOC,,0,2,1,,1.6945505909537473,,,
WORKER_RELOC,,0,2,2,,0.0,,,
WORKER_RELOC,,0,2,3,,4.532148605530938,,,
WORKER_RELOC,,0,2,4,,9.392804963028695,,,
WORKER_RELOC,,0,2,5,,10.91153862531591,,,
WORKER_RELOC,,0,2,6,,7.527402126228813,,,
WORKER_RELOC,,0,2,7,,4.646694604863791,,,
WORKER_RELOC,,0,2,8,,7.389094589762859,,,
WORKER_RELOC,,0,2,9,,10.284714716932694,,,
WORKER_RELOC,,0,2,10,,4.911529217544716,,,
WORKER_RELOC,,0,2,11,,7.25954667338797,,,
WORKER_RELOC,,0,3,0,,9.537294936941374,,,
WORKER_RELOC,,0,3,1,,4.873624117748767,,,
WORKER_RELOC,,0,3,2,,10.146921303634004,,,
WORKER_RELOC,,0,3,3,,0.0,,,
WORKER_RELOC,,0,3,4,,3.887052580841359,,,
WORKER_RELOC,,0,3,5,,2.5681628026262286,,,
WORKER_RELOC,,0,3,6,,11.511589732510746,,,
WORKER_RELOC,,0,3,7,,5.3884942840585,,,
WORKER_RELOC,,0,3,8,,6.445089827861507,,,
WORKER_RELOC,,0,3,9,,5.894075553744553,,,
WORKER_RELOC,,0,3,10,,9.285479890912045,,,
WORKER_RELOC,,0,3,11,,11.034782118546726,,,
WORKER_RELOC,,0,4,0,,7.655865223332511,,,
WORKER_RELOC,,0,4,1,,11.78486923520696,,,
WORKER_RELOC,,0,4,2,,6.312679087796367,,,
WORKER_RELOC,,0,4,3,,1.6827617829036194,,,
WORKER_RELOC,,0,4,4,,0.0,,,
WORKER_RELOC,,0,4,5,,2.210202856262055,,,
WORKER_RELOC,,0,4,6,,5.2234240581661195,,,
WORKER_RELOC,,0,4,7,,6.400398691033141,,,
WORKER_RELOC,,0,4,8,,11.921827297441009,,,
WORKER_RELOC,,0,4,9,,8.28745948830478,,,
WORKER_RELOC,,0,4,10,,5.796121901323183,,,
WORKER_RELOC,,0,4,11,,6.661178049660525,,,
WORKER_RELOC,,0,5,0,,7.952122237924493,,,
WORKER_RELOC,,0,5,1,,6.488195495115906,,,
WORKER_RELOC,,0,5,2,,6.316884167279742,,,
WORKER_RELOC,,0,5,3,,2.406165081838774,,,
WORKER_RELOC,,0,5,4,,4.264879081424409,,,
WORKER_RELOC,,0,5,5,,0.0,,,
WORKER_RELOC,,0,5,6,,10.669680239296142,,,
WORKER_RELOC,,0,5,7,,9.914855544930777,,,
WORKER_RELOC,,0,5,8,,10.033232352546312,,,
WORKER_RELOC,,0,5,9,,9.155197601622781,,,
WORKER_RELOC,,0,5,10,,8.975669717108051,,,
WORKER_RELOC,,0,5,11,,8.78456198613774,,,
WORKER_RELOC,,0,6,0,,6.337663565908549,,,
WORKER_RELOC,,0,6,1,,5.868284899494902,,,
WORKER_RELOC,,0,6,2,,9.987456223707708,,,
WORKER_RELOC,,0,6,3,,4.85529544066722,,,
WORKER_RELOC,,0,6,4,,10.644362216296347,,,
WORKER_RELOC,,0,6,5,,9.699332457012172,,,
WORKER_RELOC,,0,6,6,,0.0,,,
WORKER_RELOC,,0,6,7,,2.083781656378997,,,
WORKER_RELOC,,0,6,8,,8.065660867292216,,,
WORKER_RELOC,,0,6,9,,8.558026497283098,,,
WORKER_RELOC,,0,6,10,,11.625061660961169,,,
WORKER_RELOC,,0,6,11,,8.798393499788828,,,
WORKER_RELOC,,0,7,0,,5.110119496264118,,,
WORKER_RELOC,,0,7,1,,8.436622950210841,,,
WORKER_RELOC,,0,7,2,,7.591738102664538,,,
WORKER_RELOC,,0,7,3,,8.1302869528767,,,
WORKER_RELOC,,0,7,4,,10.771278050857717,,,
WORKER_RELOC,,0,7,5,,8.574424836127275,,,
WORKER_RELOC,,0,7,6,,3.9636761603972386,,,
WORKER_RELOC,,0,7,7,,0.0,,,
WORKER_RELOC,,0,7,8,,5.427676885995377,,,
WORKER_RELOC,,0,7,9,,7.013971307649934,,,
WORKER_RELOC,,0,7,10,,9.245634175320088,,,
WORKER_RELOC,,0,7,11,,10.470568612480411,,,
WORKER_RELOC,,0,8,0,,5.123947264733124,,,
WORKER_RELOC,,0,8,1,,7.632885368123548,,,
WORKER_RELOC,,0,8,2,,11.413315312840895,,,
WORKER_RELOC,,0,8,3,,6.98417462179001,,,
WORKER_RELOC,,0,8,4,,5.041000408134684,,,
WORKER_RELOC,,0,8,5,,8.895972629314803,,,
WORKER_RELOC,,0,8,6,,11.817293407182015,,,
WORKER_RELOC,,0,8,7,,11.04567965363709,,,
WORKER_RELOC,,0,8,8,,0.0,,,
WORKER_RELOC,,0,8,9,,5.725612341693853,,,
WORKER_RELOC,,0,8,10,,6.776649685826052,,,
WORKER_RELOC,,0,8,11,,5.219110682323542,,,
WORKER_RELOC,,0,9,0,,11.095490861512719,,,
WORKER_RELOC,,0,9,1,,6.196173480091995,,,
WORKER_RELOC,,0,9,2,,10.82739862105231,,,
WORKER_RELOC,,0,9,3,,9.948886202046095,,,
WORKER_RELOC,,0,9,4,,10.497320495242661,,,
WORKER_RELOC,,0,9,5,,6.065416914138761,,,
WORKER_RELOC,,0,9,6,,8.479629051497128,,,
WORKER_RELOC,,0,9,7,,10.007199119006211,,,
WORKER_RELOC,,0,9,8,,5.701507112681494,,,
WORKER_RELOC,,0,9,9,,0.0,,,
WORKER_RELOC,,0,9,10,,3.591011274899168,,,
WORKER_RELOC,,0,9,11,,4.144639110216097,,,
WORKER_RELOC,,0,10,0,,8.738904287519517,,,
WORKER_RELOC,,0,10,1,,5.125645560575956,,,
WORKER_RELOC,,0,10,2,,7.39825215474606,,,
WORKER_RELOC,,0,10,3,,5.708873428959104,,,
WORKER_RELOC,,0,10,4,,9.902346204388017,,,
WORKER_RELOC,,0,10,5,,11.924122960672936,,,
WORKER_RELOC,,0,10,6,,11.497385514260902,,,
WORKER_RELOC,,0,10,7,,11.241495959666159,,,
WORKER_RELOC,,0,10,8,,7.41005561019828,,,
WORKER_RELOC,,0,10,9,,2.4223601795055205,,,
WORKER_RELOC,,0,10,10,,0.0,,,
WORKER_RELOC,,0,10,11,,1.9099946096114642,,,
WORKER_RELOC,,0,11,0,,6.981775300595643,,,
WORKER_RELOC,,0,11,1,,7.390621149643362,,,
WORKER_RELOC,,0,11,2,,11.899829297850204,,,
WORKER_RELOC,,0,11,3,,11.950809708901438,,,
WORKER_RELOC,,0,11,4,,8.014035169456498,,,
WORKER_RELOC,,0,11,5,,6.461316256961865,,,
WORKER_RELOC,,0,11,6,,7.370031488749302,,,
WORKER_RELOC,,0,11,7,,11.560999778369625,,,
WORKER_RELOC,,0,11,8,,4.680919869011769,,,
WORKER_RELOC,,0,11,9,,4.097721549703486,,,
WORKER_RELOC,,0,11,10,,2.9591171177461613,,,
WORKER_RELOC,,0,11,11,,0.0,,,
WORKER_RELOC,,1,0,0,,0.0,,,
WORKER_RELOC,,1,0,1,,8.032286475960927,,,
WORKER_RELOC,,1,0,2,,11.979334663086618,,,
WORKER_RELOC,,1,0,3,,8.57270836386305,,,
WORKER_RELOC,,1,0,4,,9.317163547110173,,,
WORKER_RELOC,,1,0,5,,11.051300477475742,,,
WORKER_RELOC,,1,0,6,,4.643839834252101,,,
WORKER_RELOC,,1,0,7,,5.291272291375483,,,
WORKER_RELOC,,1,0,8,,7.743214390786874,,,
WORKER_RELOC,,1,0,9,,11.510137669818327,,,
WORKER_RELOC,,1,0,10,,5.007197557191814,,,
WORKER_RELOC,,1,0,11,,10.060202179371315,,,
WORKER_RELOC,,1,1,0,,8.08556941623168,,,
WORKER_RELOC,,1,1,1,,0.0,,,
WORKER_RELOC,,1,1,2,,3.4436756599035134,,,
WORKER_RELOC,,1,1,3,,7.447413943785552,,,
WORKER_RELOC,,1,1,4,,11.203594999062961,,,
WORKER_RELOC,,1,1,5,,9.769532795004903,,,
WORKER_RELOC,,1,1,6,,7.949439885561432,,,
WORKER_RELOC,,1,1,7,,7.320747730543345,,,
WORKER_RELOC,,1,1,8,,8.48303981507436,,,
WORKER_RELOC,,1,1,9,,7.212698381715298,,,
WORKER_RELOC,,1,1,10,,8.890816507975043,,,
WORKER_RELOC,,1,1,11,,7.2480423955711615,,,
WORKER_RELOC,,1,2,0,,4.858776279212972,,,
WORKER_RELOC,,1,2,1,,3.49971093280706,,,
WORKER_RELOC,,1,2,2,,0.0,,,
WORKER_RELOC,,1,2,3,,11.383017249917405,,,
WORKER_RELOC,,1,2,4,,9.101601596024,,,
WORKER_RELOC,,1,2,5,,5.145743104375433,,,
WORKER_RELOC,,1,2,6,,9.331045151039893,,,
WORKER_RELOC,,1,2,7,,11.639437433084197,,,
WORKER_RELOC,,1,2,8,,7.261212440024172,,,
WORKER_RELOC,,1,2,9,,7.138865864113011,,,
WORKER_RELOC,,1,2,10,,10.366238516913164,,,
WORKER_RELOC,,1,2,11,,10.844007960290568,,,
WORKER_RELOC,,1,3,0,,11.036102672427104,,,
WORKER_RELOC,,1,3,1,,6.135977592358672,,,
WORKER_RELOC,,1,3,2,,6.689259920726118,,,
WORKER_RELOC,,1,3,3,,0.0,,,
WORKER_RELOC,,1,3,4,,1.9059955909861404,,,
WORKER_RELOC,,1,3,5,,1.5824068626315386,,,
WORKER_RELOC,,1,3,6,,4.6634979501190665,,,
WORKER_RELOC,,1,3,7,,5.68615154751873,,,
WORKER_RELOC,,1,3,8,,4.8146352857097305,,,
WORKER_RELOC,,1,3,9,,5.289509751182824,,,
WORKER_RELOC,,1,3,10,,5.9114213013498045,,,
WORKER_RELOC,,1,3,11,,8.92696377025549,,,
WORKER_RELOC,,1,4,0,,6.296840899250207,,,
WORKER_RELOC,,1,4,1,,5.187384739450853,,,
WORKER_RELOC,,1,4,2,,10.630682860722317,,,
WORKER_RELOC,,1,4,3,,1.7477633679450761,,,
WORKER_RELOC,,1,4,4,,0.0,,,
WORKER_RELOC,,1,4,5,,3.484068078829382,,,
WORKER_RELOC,,1,4,6,,9.731398992974349,,,
WORKER_RELOC,,1,4,7,,5.685495923569567,,,
WORKER_RELOC,,1,4,8,,10.365750147249244,,,
WORKER_RELOC,,1,4,9,,11.63325185341711,,,
WORKER_RELOC,,1,4,10,,5.839609441482441,,,
WORKER_RELOC,,1,4,11,,11.309646206025366,,,
WORKER_RELOC,,1,5,0,,10.862054159130304,,,
WORKER_RELOC,,1,5,1,,5.568110271985179,,,
WORKER_RELOC,,1,5,2,,4.924749237399176,,,
WORKER_RELOC,,1,5,3,,1.9578881035809048,,,
WORKER_RELOC,,1,5,4,,3.7841884011337896,,,
WORKER_RELOC,,1,5,5,,0.0,,,
WORKER_RELOC,,1,5,6,,11.414075392006279,,,
WORKER_RELOC,,1,5,7,,7.012577369780037,,,
WORKER_RELOC,,1,5,8,,6.249781941116804,,,
WORKER_RELOC,,1,5,9,,7.860812068314838,,,
WORKER_RELOC,,1,5,10,,10.427986002854063,,,
WORKER_RELOC,,1,5,11,,7.279995916382061,,,
WORKER_RELOC,,1,6,0,,11.735240065112164,,,
WORKER_RELOC,,1,6,1,,9.850291850340355,,,
WORKER_RELOC,,1,6,2,,5.837533523089414,,,
WORKER_RELOC,,1,6,3,,8.07556694835519,,,
WORKER_RELOC,,1,6,4,,10.095095075401991,,,
WORKER_RELOC,,1,6,5,,8.734719815408239,,,
WORKER_RELOC,,1,6,6,,0.0,,,
WORKER_RELOC,,1,6,7,,3.8996665329263784,,,
WORKER_RELOC,,1,6,8,,9.387982388357523,,,
WORKER_RELOC,,1,6,9,,8.533110244456708,,,
WORKER_RELOC,,1,6,10,,7.941345295392133,,,
WORKER_RELOC,,1,6,11,,6.2615803103124295,,,
WORKER_RELOC,,1,7,0,,6.167411828899832,,,
WORKER_RELOC,,1,7,1,,6.673031657619997,,,
WORKER_RELOC,,1,7,2,,6.382277350828252,,,
WORKER_RELOC,,1,7,3,,8.784996852601292,,,
WORKER_RELOC,,1,7,4,,9.182590222885173,,,
WORKER_RELOC,,1,7,5,,7.09957289916458,,,
WORKER_RELOC,,1,7,6,,3.405894256658553,,,
WORKER_RELOC,,1,7,7,,0.0,,,
WORKER_RELOC,,1,7,8,,10.406778596269003,,,
WORKER_RELOC,,1,7,9,,10.821234019775913,,,
WORKER_RELOC,,1,7,10,,4.875886461170557,,,
WORKER_RELOC,,1,7,11,,6.123439825941666,,,
WORKER_RELOC,,1,8,0,,10.60598851709133,,,
WORKER_RELOC,,1,8,1,,10.238726750981524,,,
WORKER_RELOC,,1,8,2,,6.740681724779765,,,
WORKER_RELOC,,1,8,3,,5.346832712853724,,,
WORKER_RELOC,,1,8,4,,7.692834847308013,,,
WORKER_RELOC,,1,8,5,,7.6701077893854634,,,
WORKER_RELOC,,1,8,6,,4.661350263532121,,,
WORKER_RELOC,,1,8,7,,11.88559922904788,,,
WORKER_RELOC,,1,8,8,,0.0,,,
WORKER_RELOC,,1,8,9,,6.425134509797188,,,
WORKER_RELOC,,1,8,10,,5.364524388664197,,,
WORKER_RELOC,,1,8,11,,8.631816471018038,,,
WORKER_RELOC,,1,9,0,,5.756728450843379,,,
WORKER_RELOC,,1,9,1,,5.90933700215388,,,
WORKER_RELOC,,1,9,2,,8.007813776618793,,,
WORKER_RELOC,,1,9,3,,11.575882791939321,,,
WORKER_RELOC,,1,9,4,,8.27500694376418,,,
WORKER_RELOC,,1,9,5,,4.724601675293816,,,
WORKER_RELOC,,1,9,6,,9.28070213048091,,,
WORKER_RELOC,,1,9,7,,10.112297863398155,,,
WORKER_RELOC,,1,9,8,,10.668730277987294,,,
WORKER_RELOC,,1,9,9,,0.0,,,
WORKER_RELOC,,1,9,10,,2.149742951900298,,,
WORKER_RELOC,,1,9,11,,1.684922652210362,,,
WORKER_RELOC,,1,10,0,,7.032745471390985,,,
WORKER_RELOC,,1,10,1,,10.485605442918212,,,
WORKER_RELOC,,1,10,2,,9.21997421343864,,,
WORKER_RELOC,,1,10,3,,5.045773627991085,,,
WORKER_RELOC,,1,10,4,,6.2575006077135304,,,
WORKER_RELOC,,1,10,5,,9.014039060279991,,,
WORKER_RELOC,,1,10,6,,10.843800740000663,,,
WORKER_RELOC,,1,10,7,,8.004016219518288,,,
WORKER_RELOC,,1,10,8,,8.123989817079638,,,
WORKER_RELOC,,1,10,9,,1.7058432196570519,,,
WORKER_RELOC,,1,10,10,,0.0,,,
WORKER_RELOC,,1,10,11,,3.9008806473260647,,,
WORKER_RELOC,,1,11,0,,11.675878102062308,,,
WORKER_RELOC,,1,11,1,,8.376559255147535,,,
WORKER_RELOC,,1,11,2,,11.91052252585735,,,
WORKER_RELOC,,1,11,3,,10.998232667933202,,,
WORKER_RELOC,,1,11,4,,10.70088042088242,,,
WORKER_RELOC,,1,11,5,,7.2572377232646,,,
WORKER_RELOC,,1,11,6,,6.713235238516589,,,
WORKER_RELOC,,1,11,7,,9.16702291323708,,,
WORKER_RELOC,,1,11,8,,11.624573429028583,,,
WORKER_RELOC,,1,11,9,,1.902838179223378,,,
WORKER_RELOC,,1,11,10,,3.640945584724899,,,
WORKER_RELOC,,1,11,11,,0.0,,,
WORKER_RELOC,,2,0,0,,0.0,,,
WORKER_RELOC,,2,0,1,,7.332932888657195,,,
WORKER_RELOC,,2,0,2,,8.014226695582348,,,
WORKER_RELOC,,2,0,3,,11.416024871450155,,,
WORKER_RELOC,,2,0,4,,6.361785399880312,,,
WORKER_RELOC,,2,0,5,,5.381822937470998,,,
WORKER_RELOC,,2,0,6,,5.346486340889069,,,
WORKER_RELOC,,2,0,7,,7.654372340983727,,,
WORKER_RELOC,,2,0,8,,7.447699651544886,,,
WORKER_RELOC,,2,0,9,,9.743109819574048,,,
WORKER_RELOC,,2,0,10,,4.864512917424537,,,
WORKER_RELOC,,2,0,11,,7.845250985362391,,,
WORKER_RELOC,,2,1,0,,6.1795195156862235,,,
WORKER_RELOC,,2,1,1,,0.0,,,
WORKER_RELOC,,2,1,2,,2.1133612420230863,,,
WORKER_RELOC,,2,1,3,,10.437473531544368,,,
WORKER_RELOC,,2,1,4,,9.4867509155828,,,
WORKER_RELOC,,2,1,5,,8.139212792724772,,,
WORKER_RELOC,,2,1,6,,9.201459383977188,,,
WORKER_RELOC,,2,1,7,,10.604679096540067,,,
WORKER_RELOC,,2,1,8,,6.117336702276917,,,
WORKER_RELOC,,2,1,9,,8.017640433423587,,,
WORKER_RELOC,,2,1,10,,10.107313840470042,,,
WORKER_RELOC,,2,1,11,,8.733320582259267,,,
WORKER_RELOC,,2,2,0,,9.739877415293849,,,
WORKER_RELOC,,2,2,1,,3.9849447507134625,,,
WORKER_RELOC,,2,2,2,,0.0,,,
WORKER_RELOC,,2,2,3,,6.068556881984217,,,
WORKER_RELOC,,2,2,4,,8.918753765249924,,,
WORKER_RELOC,,2,2,5,,10.250998490824482,,,
WORKER_RELOC,,2,2,6,,10.5954565457012,,,
WORKER_RELOC,,2,2,7,,7.00071914761291,,,
WORKER_RELOC,,2,2,8,,8.367472858228567,,,
WORKER_RELOC,,2,2,9,,5.809149399344717,,,
WORKER_RELOC,,2,2,10,,6.469701283874111,,,
WORKER_RELOC,,2,2,11,,10.407003511882806,,,
WORKER_RELOC,,2,3,0,,5.172284649037114,,,
WORKER_RELOC,,2,3,1,,5.020640366712739,,,
WORKER_RELOC,,2,3,2,,7.5443147496236485,,,
WORKER_RELOC,,2,3,3,,0.0,,,
WORKER_RELOC,,2,3,4,,3.8319470493866716,,,
WORKER_RELOC,,2,3,5,,3.328665346639222,,,
WORKER_RELOC,,2,3,6,,10.958289990070035,,,
WORKER_RELOC,,2,3,7,,8.370953980500955,,,
WORKER_RELOC,,2,3,8,,4.533836272803439,,,
WORKER_RELOC,,2,3,9,,11.162633603454989,,,
WORKER_RELOC,,2,3,10,,8.396776652948983,,,
WORKER_RELOC,,2,3,11,,10.121968976995507,,,
WORKER_RELOC,,2,4,0,,5.196870490799493,,,
WORKER_RELOC,,2,4,1,,10.618144405098878,,,
WORKER_RELOC,,2,4,2,,8.377853030722164,,,
WORKER_RELOC,,2,4,3,,2.3307355251240374,,,
WORKER_RELOC,,2,4,4,,0.0,,,
WORKER_RELOC,,2,4,5,,1.8973399173880985,,,
WORKER_RELOC,,2,4,6,,4.823336951367575,,,
WORKER_RELOC,,2,4,7,,4.5861867446781215,,,
WORKER_RELOC,,2,4,8,,6.986528945690726,,,
WORKER_RELOC,,2,4,9,,11.838789779665632,,,
WORKER_RELOC,,2,4,10,,5.360569497854548,,,
WORKER_RELOC,,2,4,11,,8.990165701068067,,,
WORKER_RELOC,,2,5,0,,5.7028097575077,,,
WORKER_RELOC,,2,5,1,,8.25149992839782,,,
WORKER_RELOC,,2,5,2,,5.277056039887931,,,
WORKER_RELOC,,2,5,3,,1.7094267209067049,,,
WORKER_RELOC,,2,5,4,,3.9986605388673757,,,
WORKER_RELOC,,2,5,5,,0.0,,,
WORKER_RELOC,,2,5,6,,10.256007262848236,,,
WORKER_RELOC,,2,5,7,,9.951436307579057,,,
WORKER_RELOC,,2,5,8,,10.008416306372304,,,
WORKER_RELOC,,2,5,9,,7.335758053782655,,,
WORKER_RELOC,,2,5,10,,6.322582517821951,,,
WORKER_RELOC,,2,5,11,,5.6327682750764865,,,
WORKER_RELOC,,2,6,0,,6.739950378881472,,,
WORKER_RELOC,,2,6,1,,5.296445403911475,,,
WORKER_RELOC,,2,6,2,,8.829917819716428,,,
WORKER_RELOC,,2,6,3,,10.502746896409612,,,
WORKER_RELOC,,2,6,4,,5.156204180039714,,,
WORKER_RELOC,,2,6,5,,9.65721925700506,,,
WORKER_RELOC,,2,6,6,,0.0,,,
WORKER_RELOC,,2,6,7,,2.979807611070817,,,
WORKER_RELOC,,2,6,8,,4.517916517392745,,,
WORKER_RELOC,,2,6,9,,6.939380948596497,,,
WORKER_RELOC,,2,6,10,,4.850680679239913,,,
WORKER_RELOC,,2,6,11,,8.902343042833845,,,
WORKER_RELOC,,2,7,0,,7.064348436796964,,,
WORKER_RELOC,,2,7,1,,6.5103634336520315,,,
WORKER_RELOC,,2,7,2,,10.445494059675159,,,
WORKER_RELOC,,2,7,3,,9.304625369654975,,,
WORKER_RELOC,,2,7,4,,9.32245326980434,,,
WORKER_RELOC,,2,7,5,,6.994373168674377,,,
WORKER_RELOC,,2,7,6,,3.891553288488175,,,
WORKER_RELOC,,2,7,7,,0.0,,,
WORKER_RELOC,,2,7,8,,11.491740546786886,,,
WORKER_RELOC,,2,7,9,,6.512972860001097,,,
WORKER_RELOC,,2,7,10,,8.970757088907792,,,
WORKER_RELOC,,2,7,11,,5.585703653586203,,,
WORKER_RELOC,,2,8,0,,6.566984752965071,,,
WORKER_RELOC,,2,8,1,,11.612725986305838,,,
WORKER_RELOC,,2,8,2,,9.70227586262775,,,
WORKER_RELOC,,2,8,3,,5.972507789463293,,,
WORKER_RELOC,,2,8,4,,5.482224284823193,,,
WORKER_RELOC,,2,8,5,,5.520598776233314,,,
WORKER_RELOC,,2,8,6,,10.790781683836595,,,
WORKER_RELOC,,2,8,7,,11.596934521854143,,,
WORKER_RELOC,,2,8,8,,0.0,,,
WORKER_RELOC,,2,8,9,,8.09215765805407,,,
WORKER_RELOC,,2,8,10,,6.609951503604082,,,
WORKER_RELOC,,2,8,11,,8.137557861825545,,,
WORKER_RELOC,,2,9,0,,4.530079313681362,,,
WORKER_RELOC,,2,9,1,,7.355920727715439,,,
WORKER_RELOC,,2,9,2,,8.335015351709965,,,
WORKER_RELOC,,2,9,3,,8.690437670749173,,,
WORKER_RELOC,,2,9,4,,9.140492178774265,,,
WORKER_RELOC,,2,9,5,,10.307649159733662,,,
WORKER_RELOC,,2,9,6,,9.157643009156143,,,
WORKER_RELOC,,2,9,7,,8.991913540856023,,,
WORKER_RELOC,,2,9,8,,8.307834316526957,,,
WORKER_RELOC,,2,9,9,,0.0,,,
WORKER_RELOC,,2,9,10,,3.9485394901344972,,,
WORKER_RELOC,,2,9,11,,4.150986360352812,,,
WORKER_RELOC,,2,10,0,,8.709164397105855,,,
WORKER_RELOC,,2,10,1,,8.895879639118471,,,
WORKER_RELOC,,2,10,2,,8.166534068119336,,,
WORKER_RELOC,,2,10,3,,5.802402804753271,,,
WORKER_RELOC,,2,10,4,,5.647726189347616,,,
WORKER_RELOC,,2,10,5,,6.140765334874601,,,
WORKER_RELOC,,2,10,6,,7.037854864501357,,,
WORKER_RELOC,,2,10,7,,10.75943887482154,,,
WORKER_RELOC,,2,10,8,,8.509754317991877,,,
WORKER_RELOC,,2,10,9,,1.8593341345018088,,,
WORKER_RELOC,,2,10,10,,0.0,,,
WORKER_RELOC,,2,10,11,,1.9029301143795467,,,
WORKER_RELOC,,2,11,0,,9.831827542636791,,,
WORKER_RELOC,,2,11,1,,8.410077659053115,,,
WORKER_RELOC,,2,11,2,,7.349198198837752,,,
WORKER_RELOC,,2,11,3,,8.08028671911894,,,
WORKER_RELOC,,2,11,4,,9.049166158757494,,,
WORKER_RELOC,,2,11,5,,9.721686767127007,,,
WORKER_RELOC,,2,11,6,,8.999417076557783,,,
WORKER_RELOC,,2,11,7,,8.49955096968764,,,
WORKER_RELOC,,2,11,8,,7.905640452494216,,,
WORKER_RELOC,,2,11,9,,4.470087444061029,,,
WORKER_RELOC,,2,11,10,,3.1656351442549626,,,
WORKER_RELOC,,2,11,11,,0.0,,,
WORKER_RELOC,,3,0,0,,0.0,,,
WORKER_RELOC,,3,0,1,,9.113149519653643,,,
WORKER_RELOC,,3,0,2,,9.0948268622366,,,
WORKER_RELOC,,3,0,3,,9.353520162766278,,,
WORKER_RELOC,,3,0,4,,4.744399382347918,,,
WORKER_RELOC,,3,0,5,,9.46869553388695,,,
WORKER_RELOC,,3,0,6,,5.440014881504355,,,
WORKER_RELOC,,3,0,7,,7.073883591451606,,,
WORKER_RELOC,,3,0,8,,5.165984379327415,,,
WORKER_RELOC,,3,0,9,,9.604268311437524,,,
WORKER_RELOC,,3,0,10,,9.186530391699922,,,
WORKER_RELOC,,3,0,11,,7.523749391248255,,,
WORKER_RELOC,,3,1,0,,6.562426775037509,,,
WORKER_RELOC,,3,1,1,,0.0,,,
WORKER_RELOC,,3,1,2,,4.20811904111374,,,
WORKER_RELOC,,3,1,3,,6.53084462390064,,,
WORKER_RELOC,,3,1,4,,10.438103850213757,,,
WORKER_RELOC,,3,1,5,,5.238642991180474,,,
WORKER_RELOC,,3,1,6,,6.6201794234190725,,,
WORKER_RELOC,,3,1,7,,9.094689270061385,,,
WORKER_RELOC,,3,1,8,,6.134019988247241,,,
WORKER_RELOC,,3,1,9,,8.705279838905712,,,
WORKER_RELOC,,3,1,10,,4.513644586369172,,,
WORKER_RELOC,,3,1,11,,6.686558751996473,,,
WORKER_RELOC,,3,2,0,,6.377205871828972,,,
WORKER_RELOC,,3,2,1,,4.233379229633672,,,
WORKER_RELOC,,3,2,2,,0.0,,,
WORKER_RELOC,,3,2,3,,8.852311684157938,,,
WORKER_RELOC,,3,2,4,,9.474047078359462,,,
WORKER_RELOC,,3,2,5,,10.832375866053049,,,
WORKER_RELOC,,3,2,6,,8.696823384474415,,,
WORKER_RELOC,,3,2,7,,6.757866819631149,,,
WORKER_RELOC,,3,2,8,,9.104599822059303,,,
WORKER_RELOC,,3,2,9,,8.61968199291703,,,
WORKER_RELOC,,3,2,10,,4.808347700025226,,,
WORKER_RELOC,,3,2,11,,7.880503764659218,,,
WORKER_RELOC,,3,3,0,,5.075757497692475,,,
WORKER_RELOC,,3,3,1,,5.120140709288953,,,
WORKER_RELOC,,3,3,2,,5.960918702672975,,,
WORKER_RELOC,,3,3,3,,0.0,,,
WORKER_RELOC,,3,3,4,,4.028662888010587,,,
WORKER_RELOC,,3,3,5,,2.0347444027954564,,,
WORKER_RELOC,,3,3,6,,6.931619652473666,,,
WORKER_RELOC,,3,3,7,,5.3709195922100115,,,
WORKER_RELOC,,3,3,8,,10.754775252629692,,,
WORKER_RELOC,,3,3,9,,7.812470165586885,,,
WORKER_RELOC,,3,3,10,,5.596056588449099,,,
WORKER_RELOC,,3,3,11,,5.720699564760265,,,
WORKER_RELOC,,3,4,0,,4.634843578694606,,,
WORKER_RELOC,,3,4,1,,5.881180934259743,,,
WORKER_RELOC,,3,4,2,,9.763697684077393,,,
WORKER_RELOC,,3,4,3,,3.568999461129075,,,
WORKER_RELOC,,3,4,4,,0.0,,,
WORKER_RELOC,,3,4,5,,2.141605838108786,,,
WORKER_RELOC,,3,4,6,,5.0022367861938175,,,
WORKER_RELOC,,3,4,7,,10.970552100242298,,,
WORKER_RELOC,,3,4,8,,5.087563662838871,,,
WORKER_RELOC,,3,4,9,,4.829732310691073,,,
WORKER_RELOC,,3,4,10,,7.821887940842357,,,
WORKER_RELOC,,3,4,11,,6.738297468719709,,,
WORKER_RELOC,,3,5,0,,8.898702809229599,,,
WORKER_RELOC,,3,5,1,,10.483232196243149,,,
WORKER_RELOC,,3,5,2,,7.521562991931434,,,
WORKER_RELOC,,3,5,3,,4.2706291281201905,,,
WORKER_RELOC,,3,5,4,,4.2183837953221675,,,
WORKER_RELOC,,3,5,5,,0.0,,,
WORKER_RELOC,,3,5,6,,7.759850076961569,,,
WORKER_RELOC,,3,5,7,,11.89921921299167,,,
WORKER_RELOC,,3,5,8,,6.155665050200457,,,
WORKER_RELOC,,3,5,9,,6.220176686973515,,,
WORKER_RELOC,,3,5,10,,5.223878167094836,,,
WORKER_RELOC,,3,5,11,,11.233861069090572,,,
WORKER_RELOC,,3,6,0,,4.96225307066187,,,
WORKER_RELOC,,3,6,1,,11.29927831842563,,,
WORKER_RELOC,,3,6,2,,4.795696708129019,,,
WORKER_RELOC,,3,6,3,,9.066166261468599,,,
WORKER_RELOC,,3,6,4,,11.106270116979397,,,
WORKER_RELOC,,3,6,5,,4.92146603656522,,,
WORKER_RELOC,,3,6,6,,0.0,,,
WORKER_RELOC,,3,6,7,,2.5838267232813306,,,
WORKER_RELOC,,3,6,8,,6.351580207797442,,,
WORKER_RELOC,,3,6,9,,10.115184044326146,,,
WORKER_RELOC,,3,6,10,,8.303016286575785,,,
WORKER_RELOC,,3,6,11,,5.455259997460762,,,
WORKER_RELOC,,3,7,0,,11.34011137245753,,,
WORKER_RELOC,,3,7,1,,5.514381305216101,,,
WORKER_RELOC,,3,7,2,,9.928922703842598,,,
WORKER_RELOC,,3,7,3,,6.559655706339711,,,
WORKER_RELOC,,3,7,4,,10.170486495535886,,,
WORKER_RELOC,,3,7,5,,7.353402208672937,,,
WORKER_RELOC,,3,7,6,,4.195278199225253,,,
WORKER_RELOC,,3,7,7,,0.0,,,
WORKER_RELOC,,3,7,8,,10.608553953002367,,,
WORKER_RELOC,,3,7,9,,4.990892920991465,,,
WORKER_RELOC,,3,7,10,,9.905836396386553,,,
WORKER_RELOC,,3,7,11,,7.428759122171332,,,
WORKER_RELOC,,3,8,0,,11.055550786429102,,,
WORKER_RELOC,,3,8,1,,7.431127108508083,,,
WORKER_RELOC,,3,8,2,,10.796372135154034,,,
WORKER_RELOC,,3,8,3,,9.587039920111216,,,
WORKER_RELOC,,3,8,4,,8.584419352216464,,,
WORKER_RELOC,,3,8,5,,6.980266783257148,,,
WORKER_RELOC,,3,8,6,,10.58632813534049,,,
WORKER_RELOC,,3,8,7,,6.725045771446493,,,
WORKER_RELOC,,3,8,8,,0.0,,,
WORKER_RELOC,,3,8,9,,10.559630646545191,,,
WORKER_RELOC,,3,8,10,,8.446920448426278,,,
WORKER_RELOC,,3,8,11,,5.601207814695991,,,
WORKER_RELOC,,3,9,0,,8.982094251808212,,,
WORKER_RELOC,,3,9,1,,11.578645177826814,,,
WORKER_RELOC,,3,9,2,,11.179541549542364,,,
WORKER_RELOC,,3,9,3,,10.519348812777562,,,
WORKER_RELOC,,3,9,4,,8.231616501321696,,,
WORKER_RELOC,,3,9,5,,6.149959458986032,,,
WORKER_RELOC,,3,9,6,,4.920969525908172,,,
WORKER_RELOC,,3,9,7,,10.81872838244753,,,
WORKER_RELOC,,3,9,8,,7.134095449545646,,,
WORKER_RELOC,,3,9,9,,0.0,,,
WORKER_RELOC,,3,9,10,,2.3825625744341625,,,
WORKER_RELOC,,3,9,11,,2.8214457133913036,,,
WORKER_RELOC,,3,10,0,,9.63211867903789,,,
WORKER_RELOC,,3,10,1,,8.922148862567372,,,
WORKER_RELOC,,3,10,2,,10.37553321833581,,,
WORKER_RELOC,,3,10,3,,10.504304600802326,,,
WORKER_RELOC,,3,10,4,,4.893905005873502,,,
WORKER_RELOC,,3,10,5,,6.603604159619859,,,
WORKER_RELOC,,3,10,6,,5.262267743906116,,,
WORKER_RELOC,,3,10,7,,8.258005581775073,,,
WORKER_RELOC,,3,10,8,,6.489763521773261,,,
WORKER_RELOC,,3,10,9,,3.204534571449833,,,
WORKER_RELOC,,3,10,10,,0.0,,,
WORKER_RELOC,,3,10,11,,3.157034543473014,,,
WORKER_RELOC,,3,11,0,,4.982347711915613,,,
WORKER_RELOC,,3,11,1,,11.573482875118925,,,
WORKER_RELOC,,3,11,2,,5.090750367432663,,,
WORKER_RELOC,,3,11,3,,9.214621975877895,,,
WORKER_RELOC,,3,11,4,,7.707783004342593,,,
WORKER_RELOC,,3,11,5,,9.685070227426953,,,
WORKER_RELOC,,3,11,6,,9.737255324760728,,,
WORKER_RELOC,,3,11,7,,9.5678234798382,,,
WORKER_RELOC,,3,11,8,,5.300329881011313,,,
WORKER_RELOC,,3,11,9,,1.6974863907959161,,,
WORKER_RELOC,,3,11,10,,3.960555385610145,,,
WORKER_RELOC,,3,11,11,,0.0,,,
WORKER_RELOC,,4,0,0,,0.0,,,
WORKER_RELOC,,4,0,1,,9.07242719858848,,,
WORKER_RELOC,,4,0,2,,6.659086619461702,,,
WORKER_RELOC,,4,0,3,,5.133119812560984,,,
WORKER_RELOC,,4,0,4,,9.884309638514095,,,
WORKER_RELOC,,4,0,5,,7.174611538829926,,,
WORKER_RELOC,,4,0,6,,8.352778332518204,,,
WORKER_RELOC,,4,0,7,,9.480574637623889,,,
WORKER_RELOC,,4,0,8,,8.904970888782145,,,
WORKER_RELOC,,4,0,9,,5.8274956039814905,,,
WORKER_RELOC,,4,0,10,,4.803901070654459,,,
WORKER_RELOC,,4,0,11,,10.525291796888204,,,
WORKER_RELOC,,4,1,0,,10.79766492974234,,,
WORKER_RELOC,,4,1,1,,0.0,,,
WORKER_RELOC,,4,1,2,,2.766317114149407,,,
WORKER_RELOC,,4,1,3,,6.398416993923523,,,
WORKER_RELOC,,4,1,4,,4.857618768262871,,,
WORKER_RELOC,,4,1,5,,5.744910015580939,,,
WORKER_RELOC,,4,1,6,,4.722821148861759,,,
WORKER_RELOC,,4,1,7,,7.319396449554465,,,
WORKER_RELOC,,4,1,8,,11.139078564079888,,,
WORKER_RELOC,,4,1,9,,8.861632530739588,,,
WORKER_RELOC,,4,1,10,,9.732213605419712,,,
WORKER_RELOC,,4,1,11,,7.076363884965638,,,
WORKER_RELOC,,4,2,0,,9.757507841700688,,,
WORKER_RELOC,,4,2,1,,4.301738320489797,,,
WORKER_RELOC,,4,2,2,,0.0,,,
WORKER_RELOC,,4,2,3,,5.1467124141637175,,,
WORKER_RELOC,,4,2,4,,11.362538325189156,,,
WORKER_RELOC,,4,2,5,,9.275626634200693,,,
WORKER_RELOC,,4,2,6,,9.406452194516984,,,
WORKER_RELOC,,4,2,7,,9.425546643247845,,,
WORKER_RELOC,,4,2,8,,4.715812667629237,,,
WORKER_RELOC,,4,2,9,,9.902185065137562,,,
WORKER_RELOC,,4,2,10,,8.639054143782555,,,
WORKER_RELOC,,4,2,11,,8.38824318831253,,,
WORKER_RELOC,,4,3,0,,7.295553005007051,,,
WORKER_RELOC,,4,3,1,,10.482411892581895,,,
WORKER_RELOC,,4,3,2,,6.52385024442783,,,
WORKER_RELOC,,4,3,3,,0.0,,,
WORKER_RELOC,,4,3,4,,2.566943273805676,,,
WORKER_RELOC,,4,3,5,,2.59908028166368,,,
WORKER_RELOC,,4,3,6,,5.203000042369704,,,
WORKER_RELOC,,4,3,7,,9.684044308925635,,,
WORKER_RELOC,,4,3,8,,8.815220550722717,,,
WORKER_RELOC,,4,3,9,,6.745110126969785,,,
WORKER_RELOC,,4,3,10,,7.610438094421056,,,
WORKER_RELOC,,4,3,11,,9.702281204820359,,,
WORKER_RELOC,,4,4,0,,9.595340119233455,,,
WORKER_RELOC,,4,4,1,,5.8731957698774835,,,
WORKER_RELOC,,4,4,2,,5.732644029386646,,,
WORKER_RELOC,,4,4,3,,2.289021429509302,,,
WORKER_RELOC,,4,4,4,,0.0,,,
WORKER_RELOC,,4,4,5,,3.349923408966694,,,
WORKER_RELOC,,4,4,6,,7.177307908913054,,,
WORKER_RELOC,,4,4,7,,11.844179747899096,,,
WORKER_RELOC,,4,4,8,,9.52145872610232,,,
WORKER_RELOC,,4,4,9,,5.642716630680392,,,
WORKER_RELOC,,4,4,10,,5.533365515484326,,,
WORKER_RELOC,,4,4,11,,7.611695688285643,,,
WORKER_RELOC,,4,5,0,,10.770173403660813,,,
WORKER_RELOC,,4,5,1,,9.249378459582942,,,
WORKER_RELOC,,4,5,2,,5.746482295477652,,,
WORKER_RELOC,,4,5,3,,1.8779198930274796,,,
WORKER_RELOC,,4,5,4,,2.1253041313396506,,,
WORKER_RELOC,,4,5,5,,0.0,,,
WORKER_RELOC,,4,5,6,,7.915326191042229,,,
WORKER_RELOC,,4,5,7,,6.503840317819077,,,
WORKER_RELOC,,4,5,8,,4.826860027150605,,,
WORKER_RELOC,,4,5,9,,6.6535004086012695,,,
WORKER_RELOC,,4,5,10,,10.402445108466068,,,
WORKER_RELOC,,4,5,11,,7.8107634916469735,,,
WORKER_RELOC,,4,6,0,,11.76710700635749,,,
WORKER_RELOC,,4,6,1,,10.73436168541211,,,
WORKER_RELOC,,4,6,2,,5.672071412634562,,,
WORKER_RELOC,,4,6,3,,11.875594933715776,,,
WORKER_RELOC,,4,6,4,,10.929766894600945,,,
WORKER_RELOC,,4,6,5,,4.737481474479468,,,
WORKER_RELOC,,4,6,6,,0.0,,,
WORKER_RELOC,,4,6,7,,1.7632468177569596,,,
WORKER_RELOC,,4,6,8,,11.211011619563848,,,
WORKER_RELOC,,4,6,9,,6.491220436261533,,,
WORKER_RELOC,,4,6,10,,11.597855370851706,,,
WORKER_RELOC,,4,6,11,,10.268402450586036,,,
WORKER_RELOC,,4,7,0,,7.871904166722208,,,
WORKER_RELOC,,4,7,1,,4.975346916691178,,,
WORKER_RELOC,,4,7,2,,10.701833563386995,,,
WORKER_RELOC,,4,7,3,,5.644034896858535,,,
WORKER_RELOC,,4,7,4,,9.220386007461183,,,
WORKER_RELOC,,4,7,5,,7.497692075371173,,,
WORKER_RELOC,,4,7,6,,4.2652893672351455,,,
WORKER_RELOC,,4,7,7,,0.0,,,
WORKER_RELOC,,4,7,8,,10.6099119947519,,,
WORKER_RELOC,,4,7,9,,8.568784301959933,,,
WORKER_RELOC,,4,7,10,,5.0132549894925695,,,
WORKER_RELOC,,4,7,11,,11.385404752507544,,,
WORKER_RELOC,,4,8,0,,9.831488850871695,,,
WORKER_RELOC,,4,8,1,,7.228161938638707,,,
WORKER_RELOC,,4,8,2,,6.160334697204291,,,
WORKER_RELOC,,4,8,3,,10.57295532217843,,,
WORKER_RELOC,,4,8,4,,9.719959070621032,,,
WORKER_RELOC,,4,8,5,,7.0039576690986385,,,
WORKER_RELOC,,4,8,6,,9.691331883876401,,,
WORKER_RELOC,,4,8,7,,10.073846092401647,,,
WORKER_RELOC,,4,8,8,,0.0,,,
WORKER_RELOC,,4,8,9,,6.271024718755443,,,
WORKER_RELOC,,4,8,10,,9.186479698879388,,,
WORKER_RELOC,,4,8,11,,5.660752862446325,,,
WORKER_RELOC,,4,9,0,,8.110717723545944,,,
WORKER_RELOC,,4,9,1,,5.809312696165222,,,
WORKER_RELOC,,4,9,2,,7.224289133921239,,,
WORKER_RELOC,,4,9,3,,6.3091435699799385,,,
WORKER_RELOC,,4,9,4,,10.336380926498869,,,
WORKER_RELOC,,4,9,5,,6.283922368183099,,,
WORKER_RELOC,,4,9,6,,11.28656281653933,,,
WORKER_RELOC,,4,9,7,,4.845265498347718,,,
WORKER_RELOC,,4,9,8,,10.136688122141864,,,
WORKER_RELOC,,4,9,9,,0.0,,,
WORKER_RELOC,,4,9,10,,2.6358597860532407,,,
WORKER_RELOC,,4,9,11,,3.324762279273314,,,
WORKER_RELOC,,4,10,0,,11.235702929675366,,,
WORKER_RELOC,,4,10,1,,7.01400244106976,,,
WORKER_RELOC,,4,10,2,,7.678904024927591,,,
WORKER_RELOC,,4,10,3,,10.58645840707123,,,
WORKER_RELOC,,4,10,4,,8.980510712666018,,,
WORKER_RELOC,,4,10,5,,10.657402534412576,,,
WORKER_RELOC,,4,10,6,,5.126356139922904,,,
WORKER_RELOC,,4,10,7,,9.618165564993422,,,
WORKER_RELOC,,4,10,8,,6.148641997758316,,,
WORKER_RELOC,,4,10,9,,3.4788559260067,,,
WORKER_RELOC,,4,10,10,,0.0,,,
WORKER_RELOC,,4,10,11,,4.126083285771788,,,
WORKER_RELOC,,4,11,0,,10.08067496758326,,,
WORKER_RELOC,,4,11,1,,7.958704888129926,,,
WORKER_RELOC,,4,11,2,,9.902818316886915,,,
WORKER_RELOC,,4,11,3,,7.809052546893319,,,
WORKER_RELOC,,4,11,4,,10.678919102795554,,,
WORKER_RELOC,,4,11,5,,7.204540466686419,,,
WORKER_RELOC,,4,11,6,,10.77566176449522,,,
WORKER_RELOC,,4,11,7,,5.1482629038280034,,,
WORKER_RELOC,,4,11,8,,5.444954474987244,,,
WORKER_RELOC,,4,11,9,,1.6672637357763362,,,
WORKER_RELOC,,4,11,10,,3.2490053884405383,,,
WORKER_RELOC,,4,11,11,,0.0,,,
WORKER_RELOC,,5,0,0,,0.0,,,
WORKER_RELOC,,5,0,1,,9.42813380397347,,,
WORKER_RELOC,,5,0,2,,10.576694625231484,,,
WORKER_RELOC,,5,0,3,,8.123730049461344,,,
WORKER_RELOC,,5,0,4,,9.619312419858504,,,
WORKER_RELOC,,5,0,5,,8.983457227119676,,,
WORKER_RELOC,,5,0,6,,10.75434240206262,,,
WORKER_RELOC,,5,0,7,,11.321256481333702,,,
WORKER_RELOC,,5,0,8,,9.6641292898178,,,
WORKER_RELOC,,5,0,9,,8.873617356484505,,,
WORKER_RELOC,,5,0,10,,11.058965145244736,,,
WORKER_RELOC,,5,0,11,,7.40847149427413,,,
WORKER_RELOC,,5,1,0,,7.133369348053835,,,
WORKER_RELOC,,5,1,1,,0.0,,,
WORKER_RELOC,,5,1,2,,2.610826266477222,,,
WORKER_RELOC,,5,1,3,,9.699937800071226,,,
WORKER_RELOC,,5,1,4,,10.137000000997581,,,
WORKER_RELOC,,5,1,5,,9.54241410183186,,,
WORKER_RELOC,,5,1,6,,7.97499180537359,,,
WORKER_RELOC,,5,1,7,,6.870201126554159,,,
WORKER_RELOC,,5,1,8,,7.170775804260374,,,
WORKER_RELOC,,5,1,9,,8.253272157334843,,,
WORKER_RELOC,,5,1,10,,9.336223762920406,,,
WORKER_RELOC,,5,1,11,,10.773513502674831,,,
WORKER_RELOC,,5,2,0,,11.437417290577764,,,
WORKER_RELOC,,5,2,1,,4.186029717845619,,,
WORKER_RELOC,,5,2,2,,0.0,,,
WORKER_RELOC,,5,2,3,,8.53630185012252,,,
WORKER_RELOC,,5,2,4,,5.66425408070608,,,
WORKER_RELOC,,5,2,5,,11.82991716875974,,,
WORKER_RELOC,,5,2,6,,9.44441059520616,,,
WORKER_RELOC,,5,2,7,,11.121028441776545,,,
WORKER_RELOC,,5,2,8,,11.160394082228661,,,
WORKER_RELOC,,5,2,9,,10.789526515518702,,,
WORKER_RELOC,,5,2,10,,8.995758769141785,,,
WORKER_RELOC,,5,2,11,,4.51575186375564,,,
WORKER_RELOC,,5,3,0,,6.362272241544746,,,
WORKER_RELOC,,5,3,1,,8.92374005709076,,,
WORKER_RELOC,,5,3,2,,11.145887368595396,,,
WORKER_RELOC,,5,3,3,,0.0,,,
WORKER_RELOC,,5,3,4,,2.23053803209788,,,
WORKER_RELOC,,5,3,5,,4.176004183999318,,,
WORKER_RELOC,,5,3,6,,6.0351535424366025,,,
WORKER_RELOC,,5,3,7,,6.755080245297743,,,
WORKER_RELOC,,5,3,8,,7.122472253330392,,,
WORKER_RELOC,,5,3,9,,5.549185697368333,,,
WORKER_RELOC,,5,3,10,,5.726274189365855,,,
WORKER_RELOC,,5,3,11,,9.183685204960739,,,
WORKER_RELOC,,5,4,0,,5.37628025035281,,,
WORKER_RELOC,,5,4,1,,11.537081392901273,,,
WORKER_RELOC,,5,4,2,,4.572268875806858,,,
WORKER_RELOC,,5,4,3,,1.7387770043777533,,,
WORKER_RELOC,,5,4,4,,0.0,,,
WORKER_RELOC,,5,4,5,,3.94133549904916,,,
WORKER_RELOC,,5,4,6,,5.761850565486414,,,
WORKER_RELOC,,5,4,7,,11.384802262675926,,,
WORKER_RELOC,,5,4,8,,10.562893620579889,,,
WORKER_RELOC,,5,4,9,,9.996466269847058,,,
WORKER_RELOC,,5,4,10,,9.023549081590707,,,
WORKER_RELOC,,5,4,11,,9.024207470759656,,,
WORKER_RELOC,,5,5,0,,11.96344681167152,,,
WORKER_RELOC,,5,5,1,,7.7703553166607175,,,
WORKER_RELOC,,5,5,2,,10.125528490651748,,,
WORKER_RELOC,,5,5,3,,3.0854191466777436,,,
WORKER_RELOC,,5,5,4,,3.47215695040269,,,
WORKER_RELOC,,5,5,5,,0.0,,,
WORKER_RELOC,,5,5,6,,5.164350140198435,,,
WORKER_RELOC,,5,5,7,,9.988004231760627,,,
WORKER_RELOC,,5,5,8,,9.953573021014481,,,
WORKER_RELOC,,5,5,9,,6.5987535563061765,,,
WORKER_RELOC,,5,5,10,,7.640341173779927,,,
WORKER_RELOC,,5,5,11,,9.444841500886106,,,
WORKER_RELOC,,5,6,0,,11.751954210381008,,,
WORKER_RELOC,,5,6,1,,9.750966196596075,,,
WORKER_RELOC,,5,6,2,,7.569772558174656,,,
WORKER_RELOC,,5,6,3,,10.732483616409755,,,
WORKER_RELOC,,5,6,4,,7.879348715259372,,,
WORKER_RELOC,,5,6,5,,9.867504974276212,,,
WORKER_RELOC,,5,6,6,,0.0,,,
WORKER_RELOC,,5,6,7,,3.1220915287907984,,,
WORKER_RELOC,,5,6,8,,6.2712198336382725,,,
WORKER_RELOC,,5,6,9,,5.776071932269538,,,
WORKER_RELOC,,5,6,10,,8.367332519345666,,,
WORKER_RELOC,,5,6,11,,5.890705497495138,,,
WORKER_RELOC,,5,7,0,,6.350078449550516,,,
WORKER_RELOC,,5,7,1,,10.781434103209925,,,
WORKER_RELOC,,5,7,2,,11.002506482133729,,,
WORKER_RELOC,,5,7,3,,8.606670699724523,,,
WORKER_RELOC,,5,7,4,,6.385204736848122,,,
WORKER_RELOC,,5,7,5,,6.203281142563414,,,
WORKER_RELOC,,5,7,6,,2.6621673439731683,,,
WORKER_RELOC,,5,7,7,,0.0,,,
WORKER_RELOC,,5,7,8,,6.283093323309906,,,
WORKER_RELOC,,5,7,9,,6.232024665832756,,,
WORKER_RELOC,,5,7,10,,5.903954880825864,,,
WORKER_RELOC,,5,7,11,,6.725393271458096,,,
WORKER_RELOC,,5,8,0,,9.247101504401044,,,
WORKER_RELOC,,5,8,1,,9.732992077105992,,,
WORKER_RELOC,,5,8,2,,9.47872214553448,,,
WORKER_RELOC,,5,8,3,,9.604861459037682,,,
WORKER_RELOC,,5,8,4,,10.28860899342184,,,
WORKER_RELOC,,5,8,5,,7.6221910559101085,,,
WORKER_RELOC,,5,8,6,,6.9658722598015865,,,
WORKER_RELOC,,5,8,7,,6.65118942653389,,,
WORKER_RELOC,,5,8,8,,0.0,,,
WORKER_RELOC,,5,8,9,,10.026039391434812,,,
WORKER_RELOC,,5,8,10,,9.207183304516938,,,
WORKER_RELOC,,5,8,11,,7.743380105595299,,,
WORKER_RELOC,,5,9,0,,9.475235552834821,,,
WORKER_RELOC,,5,9,1,,10.566509858491418,,,
WORKER_RELOC,,5,9,2,,5.732356610778227,,,
WORKER_RELOC,,5,9,3,,10.446860571332333,,,
WORKER_RELOC,,5,9,4,,6.451126750440527,,,
WORKER_RELOC,,5,9,5,,9.245839045988625,,,
WORKER_RELOC,,5,9,6,,7.499906219526994,,,
WORKER_RELOC,,5,9,7,,8.330960273997617,,,
WORKER_RELOC,,5,9,8,,4.9857949925022265,,,
WORKER_RELOC,,5,9,9,,0.0,,,
WORKER_RELOC,,5,9,10,,2.4385143311255737,,,
WORKER_RELOC,,5,9,11,,3.3648502976833528,,,
WORKER_RELOC,,5,10,0,,4.837406340984407,,,
WORKER_RELOC,,5,10,1,,7.616995036769016,,,
WORKER_RELOC,,5,10,2,,8.447572848759101,,,
WORKER_RELOC,,5,10,3,,9.979216841548967,,,
WORKER_RELOC,,5,10,4,,8.281742075851554,,,
WORKER_RELOC,,5,10,5,,8.723321353331205,,,
WORKER_RELOC,,5,10,6,,8.44011846199419,,,
WORKER_RELOC,,5,10,7,,9.578375638160043,,,
WORKER_RELOC,,5,10,8,,7.534129398902032,,,
WORKER_RELOC,,5,10,9,,3.2483426840735556,,,
WORKER_RELOC,,5,10,10,,0.0,,,
WORKER_RELOC,,5,10,11,,1.7879565587848725,,,
WORKER_RELOC,,5,11,0,,11.977361696554514,,,
WORKER_RELOC,,5,11,1,,11.233830862864579,,,
WORKER_RELOC,,5,11,2,,5.7014637637873875,,,
WORKER_RELOC,,5,11,3,,6.036925076833969,,,
WORKER_RELOC,,5,11,4,,9.900690739526501,,,
WORKER_RELOC,,5,11,5,,5.9011764393262585,,,
WORKER_RELOC,,5,11,6,,7.879962047331976,,,
WORKER_RELOC,,5,11,7,,9.012000843835908,,,
WORKER_RELOC,,5,11,8,,10.411182756563637,,,
WORKER_RELOC,,5,11,9,,3.9408771060973082,,,
WORKER_RELOC,,5,11,10,,4.008302669975172,,,
WORKER_RELOC,,5,11,11,,0.0,,,
WORKER_RELOC,,6,0,0,,0.0,,,
WORKER_RELOC,,6,0,1,,7.225033755078657,,,
WORKER_RELOC,,6,0,2,,5.788117062492508,,,
WORKER_RELOC,,6,0,3,,8.360918816363222,,,
WORKER_RELOC,,6,0,4,,8.881594154161874,,,
WORKER_RELOC,,6,0,5,,8.283569632781129,,,
WORKER_RELOC,,6,0,6,,8.289615389814337,,,
WORKER_RELOC,,6,0,7,,8.736234188561411,,,
WORKER_RELOC,,6,0,8,,6.332749237400306,,,
WORKER_RELOC,,6,0,9,,5.460684418680188,,,
WORKER_RELOC,,6,0,10,,6.355332451259031,,,
WORKER_RELOC,,6,0,11,,11.592797329654118,,,
WORKER_RELOC,,6,1,0,,7.234450440758357,,,
WORKER_RELOC,,6,1,1,,0.0,,,
WORKER_RELOC,,6,1,2,,2.054153138457634,,,
WORKER_RELOC,,6,1,3,,5.7334727936126,,,
WORKER_RELOC,,6,1,4,,11.19625927382172,,,
WORKER_RELOC,,6,1,5,,7.228779264687334,,,
WORKER_RELOC,,6,1,6,,11.581185872905376,,,
WORKER_RELOC,,6,1,7,,5.115644476898387,,,
WORKER_RELOC,,6,1,8,,7.053391099359796,,,
WORKER_RELOC,,6,1,9,,11.407960157532155,,,
WORKER_RELOC,,6,1,10,,5.381102241570991,,,
WORKER_RELOC,,6,1,11,,6.98769496291596,,,
WORKER_RELOC,,6,2,0,,7.52790751930819,,,
WORKER_RELOC,,6,2,1,,2.2549958122713867,,,
WORKER_RELOC,,6,2,2,,0.0,,,
WORKER_RELOC,,6,2,3,,6.168284461929899,,,
WORKER_RELOC,,6,2,4,,10.875016396855635,,,
WORKER_RELOC,,6,2,5,,5.753692959624534,,,
WORKER_RELOC,,6,2,6,,11.215399628298908,,,
WORKER_RELOC,,6,2,7,,11.214822238518575,,,
WORKER_RELOC,,6,2,8,,6.665718766219191,,,
WORKER_RELOC,,6,2,9,,4.763266567189154,,,
WORKER_RELOC,,6,2,10,,10.061763452362598,,,
WORKER_RELOC,,6,2,11,,8.250329973988968,,,
WORKER_RELOC,,6,3,0,,11.865816921365912,,,
WORKER_RELOC,,6,3,1,,9.444014139600654,,,
WORKER_RELOC,,6,3,2,,7.874636480120143,,,
WORKER_RELOC,,6,3,3,,0.0,,,
WORKER_RELOC,,6,3,4,,4.128292160674843,,,
WORKER_RELOC,,6,3,5,,3.4041562457863432,,,
WORKER_RELOC,,6,3,6,,8.636077046740663,,,
WORKER_RELOC,,6,3,7,,11.021048634407748,,,
WORKER_RELOC,,6,3,8,,11.90935143730792,,,
WORKER_RELOC,,6,3,9,,10.415859574274593,,,
WORKER_RELOC,,6,3,10,,9.54047647483197,,,
WORKER_RELOC,,6,3,11,,6.575633098200506,,,
WORKER_RELOC,,6,4,0,,8.809946585633382,,,
WORKER_RELOC,,6,4,1,,10.393480831590853,,,
WORKER_RELOC,,6,4,2,,5.241913668844971,,,
WORKER_RELOC,,6,4,3,,2.422086413063196,,,
WORKER_RELOC,,6,4,4,,0.0,,,
WORKER_RELOC,,6,4,5,,4.009053864910548,,,
WORKER_RELOC,,6,4,6,,10.760096254101917,,,
WORKER_RELOC,,6,4,7,,5.485240898674295,,,
WORKER_RELOC,,6,4,8,,7.641797287718667,,,
WORKER_RELOC,,6,4,9,,9.459753758979812,,,
WORKER_RELOC,,6,4,10,,4.6852807029153976,,,
WORKER_RELOC,,6,4,11,,9.297981464219468,,,
WORKER_RELOC,,6,5,0,,8.356646604155475,,,
WORKER_RELOC,,6,5,1,,10.914924070360332,,,
WORKER_RELOC,,6,5,2,,4.801819105163751,,,
WORKER_RELOC,,6,5,3,,4.020451324129312,,,
WORKER_RELOC,,6,5,4,,1.7969729919056054,,,
WORKER_RELOC,,6,5,5,,0.0,,,
WORKER_RELOC,,6,5,6,,6.6040789434941765,,,
WORKER_RELOC,,6,5,7,,11.702148359321725,,,
WORKER_RELOC,,6,5,8,,7.669935730511346,,,
WORKER_RELOC,,6,5,9,,7.4393345854877655,,,
WORKER_RELOC,,6,5,10,,5.6677588927822065,,,
WORKER_RELOC,,6,5,11,,8.438628666584254,,,
WORKER_RELOC,,6,6,0,,6.34424541630585,,,
WORKER_RELOC,,6,6,1,,4.859078114889405,,,
WORKER_RELOC,,6,6,2,,8.880574344159385,,,
WORKER_RELOC,,6,6,3,,6.886083091673381,,,
WORKER_RELOC,,6,6,4,,9.972738955337105,,,
WORKER_RELOC,,6,6,5,,5.708754651348404,,,
WORKER_RELOC,,6,6,6,,0.0,,,
WORKER_RELOC,,6,6,7,,2.1527980596234224,,,
WORKER_RELOC,,6,6,8,,7.490370005209389,,,
WORKER_RELOC,,6,6,9,,11.121319519698142,,,
WORKER_RELOC,,6,6,10,,7.980988954770692,,,
WORKER_RELOC,,6,6,11,,8.881482332167632,,,
WORKER_RELOC,,6,7,0,,9.465124892413353,,,
WORKER_RELOC,,6,7,1,,5.982434395855913,,,
WORKER_RELOC,,6,7,2,,11.589212202284806,,,
WORKER_RELOC,,6,7,3,,5.929812033297729,,,
WORKER_RELOC,,6,7,4,,4.7342184125331706,,,
WORKER_RELOC,,6,7,5,,7.518899138785889,,,
WORKER_RELOC,,6,7,6,,3.05353933778221,,,
WORKER_RELOC,,6,7,7,,0.0,,,
WORKER_RELOC,,6,7,8,,8.514862114273509,,,
WORKER_RELOC,,6,7,9,,9.22111546447896,,,
WORKER_RELOC,,6,7,10,,10.194972070666765,,,
WORKER_RELOC,,6,7,11,,6.6173689660519575,,,
WORKER_RELOC,,6,8,0,,9.959052946175332,,,
WORKER_RELOC,,6,8,1,,9.760524132594613,,,
WORKER_RELOC,,6,8,2,,7.553164645400586,,,
WORKER_RELOC,,6,8,3,,6.429068274522715,,,
WORKER_RELOC,,6,8,4,,6.983366010071244,,,
WORKER_RELOC,,6,8,5,,7.247858087013055,,,
WORKER_RELOC,,6,8,6,,8.329223010243547,,,
WORKER_RELOC,,6,8,7,,11.743586693597297,,,
WORKER_RELOC,,6,8,8,,0.0,,,
WORKER_RELOC,,6,8,9,,6.952748569271947,,,
WORKER_RELOC,,6,8,10,,10.820200376989623,,,
WORKER_RELOC,,6,8,11,,6.990207838382091,,,
WORKER_RELOC,,6,9,0,,8.845139001579238,,,
WORKER_RELOC,,6,9,1,,6.622505209109433,,,
WORKER_RELOC,,6,9,2,,9.704052398107017,,,
WORKER_RELOC,,6,9,3,,6.528714863844314,,,
WORKER_RELOC,,6,9,4,,10.330436940124661,,,
WORKER_RELOC,,6,9,5,,10.789623661255524,,,
WORKER_RELOC,,6,9,6,,8.133499381112689,,,
WORKER_RELOC,,6,9,7,,6.039265648400522,,,
WORKER_RELOC,,6,9,8,,11.506267505089934,,,
WORKER_RELOC,,6,9,9,,0.0,,,
WORKER_RELOC,,6,9,10,,1.6562544978050335,,,
WORKER_RELOC,,6,9,11,,4.331936833909955,,,
WORKER_RELOC,,6,10,0,,9.114892659914048,,,
WORKER_RELOC,,6,10,1,,6.0280060833178535,,,
WORKER_RELOC,,6,10,2,,8.188417297109735,,,
WORKER_RELOC,,6,10,3,,11.847262470831454,,,
WORKER_RELOC,,6,10,4,,11.462385296189886,,,
WORKER_RELOC,,6,10,5,,7.813173915612854,,,
WORKER_RELOC,,6,10,6,,8.96974614368814,,,
WORKER_RELOC,,6,10,7,,4.5454973665113485,,,
WORKER_RELOC,,6,10,8,,4.972451083324918,,,
WORKER_RELOC,,6,10,9,,1.8340767969221488,,,
WORKER_RELOC,,6,10,10,,0.0,,,
WORKER_RELOC,,6,10,11,,3.5343059183913668,,,
WORKER_RELOC,,6,11,0,,10.234560843883028,,,
WORKER_RELOC,,6,11,1,,10.898607296575628,,,
WORKER_RELOC,,6,11,2,,6.308555088841735,,,
WORKER_RELOC,,6,11,3,,9.774253655710446,,,
WORKER_RELOC,,6,11,4,,10.945259508149881,,,
WORKER_RELOC,,6,11,5,,5.526887248321332,,,
WORKER_RELOC,,6,11,6,,6.342074397909425,,,
WORKER_RELOC,,6,11,7,,7.527786868743127,,,
WORKER_RELOC,,6,11,8,,9.80391731912332,,,
WORKER_RELOC,,6,11,9,,4.34665330071258,,,
WORKER_RELOC,,6,11,10,,3.4270451514181053,,,
WORKER_RELOC,,6,11,11,,0.0,,,
WORKER_RELOC,,7,0,0,,0.0,,,
WORKER_RELOC,,7,0,1,,5.814166647124192,,,
WORKER_RELOC,,7,0,2,,11.386554484487052,,,
WORKER_RELOC,,7,0,3,,9.456450378736356,,,
WORKER_RELOC,,7,0,4,,5.353048150327541,,,
WORKER_RELOC,,7,0,5,,11.437747838360535,,,
WORKER_RELOC,,7,0,6,,6.0540560547515225,,,
WORKER_RELOC,,7,0,7,,10.020105293094801,,,
WORKER_RELOC,,7,0,8,,6.363892080870455,,,
WORKER_RELOC,,7,0,9,,4.856512680510299,,,
WORKER_RELOC,,7,0,10,,11.369566116378213,,,
WORKER_RELOC,,7,0,11,,7.473140472417833,,,
WORKER_RELOC,,7,1,0,,9.51932449565549,,,
WORKER_RELOC,,7,1,1,,0.0,,,
WORKER_RELOC,,7,1,2,,3.557352169880728,,,
WORKER_RELOC,,7,1,3,,9.207605556456478,,,
WORKER_RELOC,,7,1,4,,7.152243347388302,,,
WORKER_RELOC,,7,1,5,,9.193928557671942,,,
WORKER_RELOC,,7,1,6,,5.815301257996522,,,
WORKER_RELOC,,7,1,7,,5.59295364199628,,,
WORKER_RELOC,,7,1,8,,4.596263262694107,,,
WORKER_RELOC,,7,1,9,,11.168124003686744,,,
WORKER_RELOC,,7,1,10,,6.070241473601661,,,
WORKER_RELOC,,7,1,11,,5.262466919794366,,,
WORKER_RELOC,,7,2,0,,9.070645785328875,,,
WORKER_RELOC,,7,2,1,,4.077480690890118,,,
WORKER_RELOC,,7,2,2,,0.0,,,
WORKER_RELOC,,7,2,3,,8.678248660817063,,,
WORKER_RELOC,,7,2,4,,5.003501121535951,,,
WORKER_RELOC,,7,2,5,,9.309184559762524,,,
WORKER_RELOC,,7,2,6,,5.303954760576914,,,
WORKER_RELOC,,7,2,7,,5.14340292095461,,,
WORKER_RELOC,,7,2,8,,7.017228242079224,,,
WORKER_RELOC,,7,2,9,,8.318573991238756,,,
WORKER_RELOC,,7,2,10,,4.998379853984824,,,
WORKER_RELOC,,7,2,11,,8.141274946983664,,,
WORKER_RELOC,,7,3,0,,6.4479034967058,,,
WORKER_RELOC,,7,3,1,,10.685697256066952,,,
WORKER_RELOC,,7,3,2,,5.953720039441373,,,
WORKER_RELOC,,7,3,3,,0.0,,,
WORKER_RELOC,,7,3,4,,3.4656811863421644,,,
WORKER_RELOC,,7,3,5,,2.842053002700507,,,
WORKER_RELOC,,7,3,6,,9.071842095224568,,,
WORKER_RELOC,,7,3,7,,7.588286430362979,,,
WORKER_RELOC,,7,3,8,,4.529773273625228,,,
WORKER_RELOC,,7,3,9,,11.38768919891608,,,
WORKER_RELOC,,7,3,10,,7.109654546389611,,,
WORKER_RELOC,,7,3,11,,6.035479292230904,,,
WORKER_RELOC,,7,4,0,,4.8921020136780555,,,
WORKER_RELOC,,7,4,1,,11.869297893988147,,,
WORKER_RELOC,,7,4,2,,7.812083141022094,,,
WORKER_RELOC,,7,4,3,,2.519882241449352,,,
WORKER_RELOC,,7,4,4,,0.0,,,
WORKER_RELOC,,7,4,5,,2.198844328465795,,,
WORKER_RELOC,,7,4,6,,4.585780470549103,,,
WORKER_RELOC,,7,4,7,,10.997248102758352,,,
WORKER_RELOC,,7,4,8,,5.400234060806287,,,
WORKER_RELOC,,7,4,9,,8.246155239473634,,,
WORKER_RELOC,,7,4,10,,10.066157717911832,,,
WORKER_RELOC,,7,4,11,,8.423599795240007,,,
WORKER_RELOC,,7,5,0,,9.084781073459524,,,
WORKER_RELOC,,7,5,1,,11.003131271966746,,,
WORKER_RELOC,,7,5,2,,4.773978601321582,,,
WORKER_RELOC,,7,5,3,,4.113975976866154,,,
WORKER_RELOC,,7,5,4,,4.366352877920654,,,
WORKER_RELOC,,7,5,5,,0.0,,,
WORKER_RELOC,,7,5,6,,5.8641147154176245,,,
WORKER_RELOC,,7,5,7,,11.265495500341716,,,
WORKER_RELOC,,7,5,8,,4.812524341911715,,,
WORKER_RELOC,,7,5,9,,10.674363196346848,,,
WORKER_RELOC,,7,5,10,,9.19482787992884,,,
WORKER_RELOC,,7,5,11,,11.433162689960406,,,
WORKER_RELOC,,7,6,0,,9.840302624992482,,,
WORKER_RELOC,,7,6,1,,8.625606322745416,,,
WORKER_RELOC,,7,6,2,,7.586265251836995,,,
WORKER_RELOC,,7,6,3,,10.613258652005053,,,
WORKER_RELOC,,7,6,4,,8.006887280561816,,,
WORKER_RELOC,,7,6,5,,4.962709359969644,,,
WORKER_RELOC,,7,6,6,,0.0,,,
WORKER_RELOC,,7,6,7,,2.6698741331797238,,,
WORKER_RELOC,,7,6,8,,6.418870291868674,,,
WORKER_RELOC,,7,6,9,,8.304923425145319,,,
WORKER_RELOC,,7,6,10,,5.46600335194298,,,
WORKER_RELOC,,7,6,11,,9.481446793615177,,,
WORKER_RELOC,,7,7,0,,11.032112784978175,,,
WORKER_RELOC,,7,7,1,,9.712602469992213,,,
WORKER_RELOC,,7,7,2,,10.106364829818222,,,
WORKER_RELOC,,7,7,3,,7.881049619438457,,,
WORKER_RELOC,,7,7,4,,11.523616720211773,,,
WORKER_RELOC,,7,7,5,,8.97465414787026,,,
WORKER_RELOC,,7,7,6,,2.9416123885782985,,,
WORKER_RELOC,,7,7,7,,0.0,,,
WORKER_RELOC,,7,7,8,,7.850387080563799,,,
WORKER_RELOC,,7,7,9,,6.756346108404465,,,
WORKER_RELOC,,7,7,10,,9.427533345302454,,,
WORKER_RELOC,,7,7,11,,6.185141063446571,,,
WORKER_RELOC,,7,8,0,,7.804460030548179,,,
WORKER_RELOC,,7,8,1,,11.88452385633037,,,
WORKER_RELOC,,7,8,2,,7.646369177704103,,,
WORKER_RELOC,,7,8,3,,5.747349444714754,,,
WORKER_RELOC,,7,8,4,,7.659135449266106,,,
WORKER_RELOC,,7,8,5,,9.087877438252232,,,
WORKER_RELOC,,7,8,6,,9.008617087016297,,,
WORKER_RELOC,,7,8,7,,8.003167833070684,,,
WORKER_RELOC,,7,8,8,,0.0,,,
WORKER_RELOC,,7,8,9,,5.571683865696068,,,
WORKER_RELOC,,7,8,10,,7.712524989694073,,,
WORKER_RELOC,,7,8,11,,5.762502716386098,,,
WORKER_RELOC,,7,9,0,,5.921783158183011,,,
WORKER_RELOC,,7,9,1,,6.4815878834297695,,,
WORKER_RELOC,,7,9,2,,4.518434024606892,,,
WORKER_RELOC,,7,9,3,,5.809705539854138,,,
WORKER_RELOC,,7,9,4,,6.500064224860359,,,
WORKER_RELOC,,7,9,5,,8.662130904097893,,,
WORKER_RELOC,,7,9,6,,10.716953150697154,,,
WORKER_RELOC,,7,9,7,,11.944331876413038,,,
WORKER_RELOC,,7,9,8,,8.492518282654686,,,
WORKER_RELOC,,7,9,9,,0.0,,,
WORKER_RELOC,,7,9,10,,3.819753329432732,,,
WORKER_RELOC,,7,9,11,,2.2248990464965392,,,
WORKER_RELOC,,7,10,0,,9.237909038353369,,,
WORKER_RELOC,,7,10,1,,9.745532892414728,,,
WORKER_RELOC,,7,10,2,,5.755563699052264,,,
WORKER_RELOC,,7,10,3,,10.2539122063944,,,
WORKER_RELOC,,7,10,4,,7.2629766105277564,,,
WORKER_RELOC,,7,10,5,,8.634831139863923,,,
WORKER_RELOC,,7,10,6,,5.030226410289738,,,
WORKER_RELOC,,7,10,7,,9.414830756059903,,,
WORKER_RELOC,,7,10,8,,10.947493023096548,,,
WORKER_RELOC,,7,10,9,,4.14768284310046,,,
WORKER_RELOC,,7,10,10,,0.0,,,
WORKER_RELOC,,7,10,11,,3.7770639742052827,,,
WORKER_RELOC,,7,11,0,,4.9964218633360415,,,
WORKER_RELOC,,7,11,1,,5.435761173794651,,,
WORKER_RELOC,,7,11,2,,8.23612175441316,,,
WORKER_RELOC,,7,11,3,,6.184775856908729,,,
WORKER_RELOC,,7,11,4,,10.899260049608365,,,
WORKER_RELOC,,7,11,5,,5.749734998632319,,,
WORKER_RELOC,,7,11,6,,11.518028784789882,,,
WORKER_RELOC,,7,11,7,,8.28728896079081,,,
WORKER_RELOC,,7,11,8,,6.327105077673402,,,
WORKER_RELOC,,7,11,9,,3.226494270236887,,,
WORKER_RELOC,,7,11,10,,3.334256012218155,,,
WORKER_RELOC,,7,11,11,,0.0,,,
ROBOT_RELOC,,0,0,0,,0.0,,,
ROBOT_RELOC,,0,0,1,,11.390202096324245,,,
ROBOT_RELOC,,0,0,2,,8.822019130177486,,,
ROBOT_RELOC,,0,0,3,,9.07046614654243,,,
ROBOT_RELOC,,0,0,4,,9.934823246461733,,,
ROBOT_RELOC,,0,0,5,,11.272045465211963,,,
ROBOT_RELOC,,0,0,6,,6.759397099417938,,,
ROBOT_RELOC,,0,0,7,,11.123806705163327,,,
ROBOT_RELOC,,0,0,8,,6.08125803495752,,,
ROBOT_RELOC,,0,0,9,,9.276915169088811,,,
ROBOT_RELOC,,0,0,10,,11.886256282480314,,,
ROBOT_RELOC,,0,0,11,,11.674846732335853,,,
ROBOT_RELOC,,0,1,0,,9.11739953279633,,,
ROBOT_RELOC,,0,1,1,,0.0,,,
ROBOT_RELOC,,0,1,2,,2.7164433258561056,,,
ROBOT_RELOC,,0,1,3,,7.537492563942633,,,
ROBOT_RELOC,,0,1,4,,11.592748732842661,,,
ROBOT_RELOC,,0,1,5,,9.500893208425033,,,
ROBOT_RELOC,,0,1,6,,7.0431508313991245,,,
ROBOT_RELOC,,0,1,7,,8.98167204410117,,,
ROBOT_RELOC,,0,1,8,,7.820192970212341,,,
ROBOT_RELOC,,0,1,9,,8.857203387192875,,,
ROBOT_RELOC,,0,1,10,,5.700073703275123,,,
ROBOT_RELOC,,0,1,11,,9.752342054253937,,,
ROBOT_RELOC,,0,2,0,,5.496078230585653,,,
ROBOT_RELOC,,0,2,1,,2.330171163755711,,,
ROBOT_RELOC,,0,2,2,,0.0,,,
ROBOT_RELOC,,0,2,3,,5.7400640292614025,,,
ROBOT_RELOC,,0,2,4,,8.15682088276472,,,
ROBOT_RELOC,,0,2,5,,5.353879457174225,,,
ROBOT_RELOC,,0,2,6,,4.647924403174544,,,
ROBOT_RELOC,,0,2,7,,11.727304880713776,,,
ROBOT_RELOC,,0,2,8,,10.506961347766087,,,
ROBOT_RELOC,,0,2,9,,7.925994704085014,,,
ROBOT_RELOC,,0,2,10,,6.450667313609069,,,
ROBOT_RELOC,,0,2,11,,11.722135575311201,,,
ROBOT_RELOC,,0,3,0,,10.23184009473718,,,
ROBOT_RELOC,,0,3,1,,6.16603752124716,,,
ROBOT_RELOC,,0,3,2,,8.308090810813802,,,
ROBOT_RELOC,,0,3,3,,0.0,,,
ROBOT_RELOC,,0,3,4,,4.432714816888852,,,
ROBOT_RELOC,,0,3,5,,3.8710749494736154,,,
ROBOT_RELOC,,0,3,6,,9.33484195678174,,,
ROBOT_RELOC,,0,3,7,,11.705861580190803,,,
ROBOT_RELOC,,0,3,8,,11.82352325257257,,,
ROBOT_RELOC,,0,3,9,,9.456208971052947,,,
ROBOT_RELOC,,0,3,10,,4.817782590937316,,,
ROBOT_RELOC,,0,3,11,,5.715907705924101,,,
ROBOT_RELOC,,0,4,0,,8.676517671352535,,,
ROBOT_RELOC,,0,4,1,,11.517323243667406,,,
ROBOT_RELOC,,0,4,2,,9.572538487649943,,,
ROBOT_RELOC,,0,4,3,,3.4125213537211,,,
ROBOT_RELOC,,0,4,4,,0.0,,,
ROBOT_RELOC,,0,4,5,,2.725790073576297,,,
ROBOT_RELOC,,0,4,6,,8.945763751342513,,,
ROBOT_RELOC,,0,4,7,,8.956228602951514,,,
ROBOT_RELOC,,0,4,8,,5.899633592477935,,,
ROBOT_RELOC,,0,4,9,,6.4992331047605045,,,
ROBOT_RELOC,,0,4,10,,8.558106178299123,,,
ROBOT_RELOC,,0,4,11,,8.862873078021668,,,
ROBOT_RELOC,,0,5,0,,9.902365729761387,,,
ROBOT_RELOC,,0,5,1,,7.820600938219191,,,
ROBOT_RELOC,,0,5,2,,6.800303285167729,,,
ROBOT_RELOC,,0,5,3,,2.8468582659287334,,,
ROBOT_RELOC,,0,5,4,,3.701515989399905,,,
ROBOT_RELOC,,0,5,5,,0.0,,,
ROBOT_RELOC,,0,5,6,,10.679009222054976,,,
ROBOT_RELOC,,0,5,7,,6.695034774932498,,,
ROBOT_RELOC,,0,5,8,,8.205650209182956,,,
ROBOT_RELOC,,0,5,9,,10.946610532325572,,,
ROBOT_RELOC,,0,5,10,,10.19653945023674,,,
ROBOT_RELOC,,0,5,11,,11.768181007024525,,,
ROBOT_RELOC,,0,6,0,,7.463835211156994,,,
ROBOT_RELOC,,0,6,1,,11.096276594706039,,,
ROBOT_RELOC,,0,6,2,,11.128951532216405,,,
ROBOT_RELOC,,0,6,3,,11.133193733717851,,,
ROBOT_RELOC,,0,6,4,,8.80018653492315,,,
ROBOT_RELOC,,0,6,5,,4.509112613704716,,,
ROBOT_RELOC,,0,6,6,,0.0,,,
ROBOT_RELOC,,0,6,7,,3.196400764575583,,,
ROBOT_RELOC,,0,6,8,,7.1072726313376995,,,
ROBOT_RELOC,,0,6,9,,4.894977806683169,,,
ROBOT_RELOC,,0,6,10,,6.452502113246426,,,
ROBOT_RELOC,,0,6,11,,10.500874021475799,,,
ROBOT_RELOC,,0,7,0,,8.792609645798473,,,
ROBOT_RELOC,,0,7,1,,9.761537829885812,,,
ROBOT_RELOC,,0,7,2,,6.5029473783732925,,,
ROBOT_RELOC,,0,7,3,,7.888775982432765,,,
ROBOT_RELOC,,0,7,4,,6.2371936630662415,,,
ROBOT_RELOC,,0,7,5,,11.87535068254379,,,
ROBOT_RELOC,,0,7,6,,2.3780363924917958,,,
ROBOT_RELOC,,0,7,7,,0.0,,,
ROBOT_RELOC,,0,7,8,,8.828822359521446,,,
ROBOT_RELOC,,0,7,9,,8.708537276187297,,,
ROBOT_RELOC,,0,7,10,,5.585695986753064,,,
ROBOT_RELOC,,0,7,11,,5.322116923298578,,,
ROBOT_RELOC,,0,8,0,,11.240199804378378,,,
ROBOT_RELOC,,0,8,1,,8.458965008603656,,,
ROBOT_RELOC,,0,8,2,,8.362614784603373,,,
ROBOT_RELOC,,0,8,3,,7.823380013431402,,,
ROBOT_RELOC,,0,8,4,,9.666578124359303,,,
ROBOT_RELOC,,0,8,5,,6.4240521403317175,,,
ROBOT_RELOC,,0,8,6,,8.007809361155086,,,
ROBOT_RELOC,,0,8,7,,7.994571006400447,,,
ROBOT_RELOC,,0,8,8,,0.0,,,
ROBOT_RELOC,,0,8,9,,11.8392049015328,,,
ROBOT_RELOC,,0,8,10,,7.438578171169068,,,
ROBOT_RELOC,,0,8,11,,9.300997659216524,,,
ROBOT_RELOC,,0,9,0,,8.615443184556415,,,
ROBOT_RELOC,,0,9,1,,6.531924667912383,,,
ROBOT_RELOC,,0,9,2,,4.849389570244462,,,
ROBOT_RELOC,,0,9,3,,7.1383118304671145,,,
ROBOT_RELOC,,0,9,4,,9.135512330713473,,,
ROBOT_RELOC,,0,9,5,,9.043458153705853,,,
ROBOT_RELOC,,0,9,6,,9.241349056338915,,,
ROBOT_RELOC,,0,9,7,,8.470088357789344,,,
ROBOT_RELOC,,0,9,8,,6.351493946095719,,,
ROBOT_RELOC,,0,9,9,,0.0,,,
ROBOT_RELOC,,0,9,10,,4.2331154152804995,,,
ROBOT_RELOC,,0,9,11,,3.8393359266447846,,,
ROBOT_RELOC,,0,10,0,,9.364702378887204,,,
ROBOT_RELOC,,0,10,1,,4.643560112034894,,,
ROBOT_RELOC,,0,10,2,,5.054152619420797,,,
ROBOT_RELOC,,0,10,3,,8.454826722577854,,,
ROBOT_RELOC,,0,10,4,,6.754133638318507,,,
ROBOT_RELOC,,0,10,5,,7.737932093427293,,,
ROBOT_RELOC,,0,10,6,,11.830194626071144,,,
ROBOT_RELOC,,0,10,7,,4.902565390390682,,,
ROBOT_RELOC,,0,10,8,,11.163610618460588,,,
ROBOT_RELOC,,0,10,9,,2.960685796684173,,,
ROBOT_RELOC,,0,10,10,,0.0,,,
ROBOT_RELOC,,0,10,11,,2.460406051166407,,,
ROBOT_RELOC,,0,11,0,,9.891653643236449,,,
ROBOT_RELOC,,0,11,1,,9.532706585350393,,,
ROBOT_RELOC,,0,11,2,,5.4400236235963755,,,
ROBOT_RELOC,,0,11,3,,7.388485206125368,,,
ROBOT_RELOC,,0,11,4,,11.524494643171096,,,
ROBOT_RELOC,,0,11,5,,11.456192224515732,,,
ROBOT_RELOC,,0,11,6,,9.06584083955586,,,
ROBOT_RELOC,,0,11,7,,9.624168746875938,,,
ROBOT_RELOC,,0,11,8,,11.078453542905624,,,
ROBOT_RELOC,,0,11,9,,1.515941012856813,,,
ROBOT_RELOC,,0,11,10,,4.470267789840331,,,
ROBOT_RELOC,,0,11,11,,0.0,,,
ROBOT_RELOC,,1,0,0,,0.0,,,
ROBOT_RELOC,,1,0,1,,10.532363603207427,,,
ROBOT_RELOC,,1,0,2,,9.82441040769852,,,
ROBOT_RELOC,,1,0,3,,9.79016395599497,,,
ROBOT_RELOC,,1,0,4,,11.485278045079106,,,
ROBOT_RELOC,,1,0,5,,5.5056273352287395,,,
ROBOT_RELOC,,1,0,6,,5.011538105031621,,,
ROBOT_RELOC,,1,0,7,,11.640007624483012,,,
ROBOT_RELOC,,1,0,8,,10.404534613856626,,,
ROBOT_RELOC,,1,0,9,,6.3567589590461715,,,
ROBOT_RELOC,,1,0,10,,9.925084016685624,,,
ROBOT_RELOC,,1,0,11,,5.165863063256577,,,
ROBOT_RELOC,,1,1,0,,5.137758103731098,,,
ROBOT_RELOC,,1,1,1,,0.0,,,
ROBOT_RELOC,,1,1,2,,1.9636831043479939,,,
ROBOT_RELOC,,1,1,3,,5.541503423202876,,,
ROBOT_RELOC,,1,1,4,,8.724845570786982,,,
ROBOT_RELOC,,1,1,5,,9.798469861481092,,,
ROBOT_RELOC,,1,1,6,,10.900614095004826,,,
ROBOT_RELOC,,1,1,7,,11.86247219227306,,,
ROBOT_RELOC,,1,1,8,,10.155049180681772,,,
ROBOT_RELOC,,1,1,9,,8.388115946267853,,,
ROBOT_RELOC,,1,1,10,,6.794208762614659,,,
ROBOT_RELOC,,1,1,11,,10.65857133519577,,,
ROBOT_RELOC,,1,2,0,,4.6566340723863595,,,
ROBOT_RELOC,,1,2,1,,2.9589033938823195,,,
ROBOT_RELOC,,1,2,2,,0.0,,,
ROBOT_RELOC,,1,2,3,,6.6311946265899815,,,
ROBOT_RELOC,,1,2,4,,9.803047982916517,,,
ROBOT_RELOC,,1,2,5,,8.18058963355978,,,
ROBOT_RELOC,,1,2,6,,9.767874729895478,,,
ROBOT_RELOC,,1,2,7,,11.118823415718202,,,
ROBOT_RELOC,,1,2,8,,6.435955041250719,,,
ROBOT_RELOC,,1,2,9,,11.478833472252822,,,
ROBOT_RELOC,,1,2,10,,7.318361427662339,,,
ROBOT_RELOC,,1,2,11,,4.812828486123833,,,
ROBOT_RELOC,,1,3,0,,7.026884350128377,,,
ROBOT_RELOC,,1,3,1,,9.840780534179093,,,
ROBOT_RELOC,,1,3,2,,6.203589358200842,,,
ROBOT_RELOC,,1,3,3,,0.0,,,
ROBOT_RELOC,,1,3,4,,3.1046705083628874,,,
ROBOT_RELOC,,1,3,5,,4.455268073889357,,,
ROBOT_RELOC,,1,3,6,,9.663219304504295,,,
ROBOT_RELOC,,1,3,7,,5.674707807020193,,,
ROBOT_RELOC,,1,3,8,,5.999873734969235,,,
ROBOT_RELOC,,1,3,9,,8.433971498220028,,,
ROBOT_RELOC,,1,3,10,,4.7907502246108145,,,
ROBOT_RELOC,,1,3,11,,11.773875459002877,,,
ROBOT_RELOC,,1,4,0,,8.235860689041651,,,
ROBOT_RELOC,,1,4,1,,7.824153664753049,,,
ROBOT_RELOC,,1,4,2,,11.578204095880785,,,
ROBOT_RELOC,,1,4,3,,4.085007481005167,,,
ROBOT_RELOC,,1,4,4,,0.0,,,
ROBOT_RELOC,,1,4,5,,4.285813898575609,,,
ROBOT_RELOC,,1,4,6,,4.50330926951184,,,
ROBOT_RELOC,,1,4,7,,4.936086753232187,,,
ROBOT_RELOC,,1,4,8,,8.254995099101572,,,
ROBOT_RELOC,,1,4,9,,9.82489017918683,,,
ROBOT_RELOC,,1,4,10,,4.862251759684847,,,
ROBOT_RELOC,,1,4,11,,9.877674982076055,,,
ROBOT_RELOC,,1,5,0,,5.7738399499191555,,,
ROBOT_RELOC,,1,5,1,,11.123292731278994,,,
ROBOT_RELOC,,1,5,2,,7.673799907138312,,,
ROBOT_RELOC,,1,5,3,,3.0227787065514757,,,
ROBOT_RELOC,,1,5,4,,3.0910900487637396,,,
ROBOT_RELOC,,1,5,5,,0.0,,,
ROBOT_RELOC,,1,5,6,,4.605669971876262,,,
ROBOT_RELOC,,1,5,7,,11.025514213234167,,,
ROBOT_RELOC,,1,5,8,,5.840550508465318,,,
ROBOT_RELOC,,1,5,9,,5.29271095893691,,,
ROBOT_RELOC,,1,5,10,,11.334664806776956,,,
ROBOT_RELOC,,1,5,11,,6.267502567302923,,,
ROBOT_RELOC,,1,6,0,,5.291467445964941,,,
ROBOT_RELOC,,1,6,1,,11.0805373403177,,,
ROBOT_RELOC,,1,6,2,,9.603731112663173,,,
ROBOT_RELOC,,1,6,3,,7.291337243020095,,,
ROBOT_RELOC,,1,6,4,,5.543132836858444,,,
ROBOT_RELOC,,1,6,5,,8.909226614301415,,,
ROBOT_RELOC,,1,6,6,,0.0,,,
ROBOT_RELOC,,1,6,7,,4.373886322602881,,,
ROBOT_RELOC,,1,6,8,,9.119092198505179,,,
ROBOT_RELOC,,1,6,9,,5.264694364918267,,,
ROBOT_RELOC,,1,6,10,,11.523657921400906,,,
ROBOT_RELOC,,1,6,11,,8.813657835530648,,,
ROBOT_RELOC,,1,7,0,,8.602868424694362,,,
ROBOT_RELOC,,1,7,1,,4.506190667499447,,,
ROBOT_RELOC,,1,7,2,,8.080518713511545,,,
ROBOT_RELOC,,1,7,3,,9.912582480297178,,,
ROBOT_RELOC,,1,7,4,,4.941894841672958,,,
ROBOT_RELOC,,1,7,5,,5.709578909171773,,,
ROBOT_RELOC,,1,7,6,,3.7496475412505452,,,
ROBOT_RELOC,,1,7,7,,0.0,,,
ROBOT_RELOC,,1,7,8,,9.22953428148189,,,
ROBOT_RELOC,,1,7,9,,10.691303034799304,,,
ROBOT_RELOC,,1,7,10,,7.294002463666619,,,
ROBOT_RELOC,,1,7,11,,8.210756532322513,,,
ROBOT_RELOC,,1,8,0,,8.387671688027485,,,
ROBOT_RELOC,,1,8,1,,11.468822943379255,,,
ROBOT_RELOC,,1,8,2,,9.7091283229469,,,
ROBOT_RELOC,,1,8,3,,9.36151838208837,,,
ROBOT_RELOC,,1,8,4,,6.25184887612507,,,
ROBOT_RELOC,,1,8,5,,8.159456747595309,,,
ROBOT_RELOC,,1,8,6,,11.024906246291113,,,
ROBOT_RELOC,,1,8,7,,5.2834703029592935,,,
ROBOT_RELOC,,1,8,8,,0.0,,,
ROBOT_RELOC,,1,8,9,,8.181638481065129,,,
ROBOT_RELOC,,1,8,10,,5.84661637042633,,,
ROBOT_RELOC,,1,8,11,,5.37042008738544,,,
ROBOT_RELOC,,1,9,0,,9.617817011836173,,,
ROBOT_RELOC,,1,9,1,,11.13259370384451,,,
ROBOT_RELOC,,1,9,2,,9.782630777168396,,,
ROBOT_RELOC,,1,9,3,,8.987132443566823,,,
ROBOT_RELOC,,1,9,4,,10.654770559753157,,,
ROBOT_RELOC,,1,9,5,,7.2780635595555205,,,
ROBOT_RELOC,,1,9,6,,6.187785128049967,,,
ROBOT_RELOC,,1,9,7,,8.10625558244144,,,
ROBOT_RELOC,,1,9,8,,4.549611913119193,,,
ROBOT_RELOC,,1,9,9,,0.0,,,
ROBOT_RELOC,,1,9,10,,3.403014511579931,,,
ROBOT_RELOC,,1,9,11,,1.7251964052079918,,,
ROBOT_RELOC,,1,10,0,,11.794007141359831,,,
ROBOT_RELOC,,1,10,1,,5.790940837298212,,,
ROBOT_RELOC,,1,10,2,,8.035150865866136,,,
ROBOT_RELOC,,1,10,3,,8.282006661940693,,,
ROBOT_RELOC,,1,10,4,,9.46578528337634,,,
ROBOT_RELOC,,1,10,5,,5.369392893785117,,,
ROBOT_RELOC,,1,10,6,,9.256732876298766,,,
ROBOT_RELOC,,1,10,7,,5.426627525134671,,,
ROBOT_RELOC,,1,10,8,,7.862820118219634,,,
ROBOT_RELOC,,1,10,9,,1.905173831225197,,,
ROBOT_RELOC,,1,10,10,,0.0,,,
ROBOT_RELOC,,1,10,11,,3.901060796741647,,,
ROBOT_RELOC,,1,11,0,,9.54518306103871,,,
ROBOT_RELOC,,1,11,1,,10.753698168473225,,,
ROBOT_RELOC,,1,11,2,,11.310027056080902,,,
ROBOT_RELOC,,1,11,3,,4.810137837289708,,,
ROBOT_RELOC,,1,11,4,,5.145760280109437,,,
ROBOT_RELOC,,1,11,5,,7.659628838162034,,,
ROBOT_RELOC,,1,11,6,,10.143374796323208,,,
ROBOT_RELOC,,1,11,7,,8.568189123462451,,,
ROBOT_RELOC,,1,11,8,,11.61176975122716,,,
ROBOT_RELOC,,1,11,9,,1.5565945190777528,,,
ROBOT_RELOC,,1,11,10,,1.6201497835451024,,,
ROBOT_RELOC,,1,11,11,,0.0,,,
ROBOT_RELOC,,2,0,0,,0.0,,,
ROBOT_RELOC,,2,0,1,,8.259669417570624,,,
ROBOT_RELOC,,2,0,2,,5.521940919956804,,,
ROBOT_RELOC,,2,0,3,,10.657991708777129,,,
ROBOT_RELOC,,2,0,4,,8.656430455837357,,,
ROBOT_RELOC,,2,0,5,,7.958585046004893,,,
ROBOT_RELOC,,2,0,6,,7.192498709731995,,,
ROBOT_RELOC,,2,0,7,,8.24144302560289,,,
ROBOT_RELOC,,2,0,8,,5.421330272176656,,,
ROBOT_RELOC,,2,0,9,,11.674406266547933,,,
ROBOT_RELOC,,2,0,10,,8.460986623118602,,,
ROBOT_RELOC,,2,0,11,,10.859565868494064,,,
ROBOT_RELOC,,2,1,0,,8.204835706573114,,,
ROBOT_RELOC,,2,1,1,,0.0,,,
ROBOT_RELOC,,2,1,2,,2.7831761414062464,,,
ROBOT_RELOC,,2,1,3,,11.379715209841853,,,
ROBOT_RELOC,,2,1,4,,11.209136350790933,,,
ROBOT_RELOC,,2,1,5,,11.172540060428172,,,
ROBOT_RELOC,,2,1,6,,7.957122528160603,,,
ROBOT_RELOC,,2,1,7,,9.096344985406924,,,
ROBOT_RELOC,,2,1,8,,9.215242295637967,,,
ROBOT_RELOC,,2,1,9,,10.849785551232227,,,
ROBOT_RELOC,,2,1,10,,6.94850517147527,,,
ROBOT_RELOC,,2,1,11,,7.056805642380146,,,
ROBOT_RELOC,,2,2,0,,6.346711039632755,,,
ROBOT_RELOC,,2,2,1,,1.9070003893927927,,,
ROBOT_RELOC,,2,2,2,,0.0,,,
ROBOT_RELOC,,2,2,3,,9.761950136498683,,,
ROBOT_RELOC,,2,2,4,,4.940054891746957,,,
ROBOT_RELOC,,2,2,5,,8.928067488928022,,,
ROBOT_RELOC,,2,2,6,,7.879776169563884,,,
ROBOT_RELOC,,2,2,7,,8.234363844469822,,,
ROBOT_RELOC,,2,2,8,,9.953113666045958,,,
ROBOT_RELOC,,2,2,9,,7.307923777980925,,,
ROBOT_RELOC,,2,2,10,,8.240707536097815,,,
ROBOT_RELOC,,2,2,11,,10.85082444975102,,,
ROBOT_RELOC,,2,3,0,,7.740645157370687,,,
ROBOT_RELOC,,2,3,1,,7.094274744439295,,,
ROBOT_RELOC,,2,3,2,,5.123759227231746,,,
ROBOT_RELOC,,2,3,3,,0.0,,,
ROBOT_RELOC,,2,3,4,,3.301713862744742,,,
ROBOT_RELOC,,2,3,5,,2.7691776634369947,,,
ROBOT_RELOC,,2,3,6,,4.744409684176007,,,
ROBOT_RELOC,,2,3,7,,11.498927853920849,,,
ROBOT_RELOC,,2,3,8,,7.779307368090272,,,
ROBOT_RELOC,,2,3,9,,8.230241243091292,,,
ROBOT_RELOC,,2,3,10,,6.708525581804768,,,
ROBOT_RELOC,,2,3,11,,10.8544842880212,,,
ROBOT_RELOC,,2,4,0,,4.878877573081028,,,
ROBOT_RELOC,,2,4,1,,4.758647144046579,,,
ROBOT_RELOC,,2,4,2,,10.90405829225353,,,
ROBOT_RELOC,,2,4,3,,1.6202600158361382,,,
ROBOT_RELOC,,2,4,4,,0.0,,,
ROBOT_RELOC,,2,4,5,,1.5282431179953946,,,
ROBOT_RELOC,,2,4,6,,5.587672370829086,,,
ROBOT_RELOC,,2,4,7,,9.21315567109534,,,
ROBOT_RELOC,,2,4,8,,11.964481123413599,,,
ROBOT_RELOC,,2,4,9,,9.457519427696312,,,
ROBOT_RELOC,,2,4,10,,10.457923707349465,,,
ROBOT_RELOC,,2,4,11,,7.748818762109977,,,
ROBOT_RELOC,,2,5,0,,9.082590021298373,,,
ROBOT_RELOC,,2,5,1,,9.787223407097862,,,
ROBOT_RELOC,,2,5,2,,9.902132903313145,,,
ROBOT_RELOC,,2,5,3,,2.719190968686996,,,
ROBOT_RELOC,,2,5,4,,4.45604500263356,,,
ROBOT_RELOC,,2,5,5,,0.0,,,
ROBOT_RELOC,,2,5,6,,9.513302953001862,,,
ROBOT_RELOC,,2,5,7,,8.869750754792815,,,
ROBOT_RELOC,,2,5,8,,8.68298793521768,,,
ROBOT_RELOC,,2,5,9,,7.621238869910467,,,
ROBOT_RELOC,,2,5,10,,8.104041185561773,,,
ROBOT_RELOC,,2,5,11,,8.72625774154836,,,
ROBOT_RELOC,,2,6,0,,4.528323773245289,,,
ROBOT_RELOC,,2,6,1,,11.315084026837603,,,
ROBOT_RELOC,,2,6,2,,9.790728806862006,,,
ROBOT_RELOC,,2,6,3,,8.734062269560088,,,
ROBOT_RELOC,,2,6,4,,4.641858929530649,,,
ROBOT_RELOC,,2,6,5,,8.33799170413486,,,
ROBOT_RELOC,,2,6,6,,0.0,,,
ROBOT_RELOC,,2,6,7,,3.541515756384117,,,
ROBOT_RELOC,,2,6,8,,6.115521240878341,,,
ROBOT_RELOC,,2,6,9,,9.5922735815357,,,
ROBOT_RELOC,,2,6,10,,7.6024085365763865,,,
ROBOT_RELOC,,2,6,11,,6.343547675657237,,,
ROBOT_RELOC,,2,7,0,,6.8616081479636595,,,
ROBOT_RELOC,,2,7,1,,5.8511450481865825,,,
ROBOT_RELOC,,2,7,2,,5.869566106928244,,,
ROBOT_RELOC,,2,7,3,,10.392365228200344,,,
ROBOT_RELOC,,2,7,4,,6.684401154949349,,,
ROBOT_RELOC,,2,7,5,,9.292047707962263,,,
ROBOT_RELOC,,2,7,6,,3.457956628454853,,,
ROBOT_RELOC,,2,7,7,,0.0,,,
ROBOT_RELOC,,2,7,8,,5.077301556259538,,,
ROBOT_RELOC,,2,7,9,,9.50972529537111,,,
ROBOT_RELOC,,2,7,10,,6.449283738408226,,,
ROBOT_RELOC,,2,7,11,,5.305836135389723,,,
ROBOT_RELOC,,2,8,0,,8.500612257817446,,,
ROBOT_RELOC,,2,8,1,,8.03731476890214,,,
ROBOT_RELOC,,2,8,2,,8.71928770093859,,,
ROBOT_RELOC,,2,8,3,,11.64361002535404,,,
ROBOT_RELOC,,2,8,4,,6.558050597593358,,,
ROBOT_RELOC,,2,8,5,,9.533965365176263,,,
ROBOT_RELOC,,2,8,6,,5.766785613610956,,,
ROBOT_RELOC,,2,8,7,,10.578891789795287,,,
ROBOT_RELOC,,2,8,8,,0.0,,,
ROBOT_RELOC,,2,8,9,,8.56193627228971,,,
ROBOT_RELOC,,2,8,10,,10.04354049764989,,,
ROBOT_RELOC,,2,8,11,,8.128879839766448,,,
ROBOT_RELOC,,2,9,0,,11.726474018629913,,,
ROBOT_RELOC,,2,9,1,,10.910792557004477,,,
ROBOT_RELOC,,2,9,2,,9.283929463533418,,,
ROBOT_RELOC,,2,9,3,,7.451372230428903,,,
ROBOT_RELOC,,2,9,4,,11.75817446117634,,,
ROBOT_RELOC,,2,9,5,,6.8234143771432425,,,
ROBOT_RELOC,,2,9,6,,6.943274278778125,,,
ROBOT_RELOC,,2,9,7,,7.0229099738117196,,,
ROBOT_RELOC,,2,9,8,,5.902672931240589,,,
ROBOT_RELOC,,2,9,9,,0.0,,,
ROBOT_RELOC,,2,9,10,,2.8007602314166853,,,
ROBOT_RELOC,,2,9,11,,3.253348001186949,,,
ROBOT_RELOC,,2,10,0,,5.826934778367981,,,
ROBOT_RELOC,,2,10,1,,9.894267869185372,,,
ROBOT_RELOC,,2,10,2,,7.1413972258477845,,,
ROBOT_RELOC,,2,10,3,,4.534858801437422,,,
ROBOT_RELOC,,2,10,4,,4.930491806900655,,,
ROBOT_RELOC,,2,10,5,,11.344170215353056,,,
ROBOT_RELOC,,2,10,6,,11.464475851608322,,,
ROBOT_RELOC,,2,10,7,,11.320223528852491,,,
ROBOT_RELOC,,2,10,8,,10.274286924653463,,,
ROBOT_RELOC,,2,10,9,,4.215478703116283,,,
ROBOT_RELOC,,2,10,10,,0.0,,,
ROBOT_RELOC,,2,10,11,,1.53620018528994,,,
ROBOT_RELOC,,2,11,0,,9.809086327774985,,,
ROBOT_RELOC,,2,11,1,,9.792364221657062,,,
ROBOT_RELOC,,2,11,2,,8.741673279158324,,,
ROBOT_RELOC,,2,11,3,,11.491611993624645,,,
ROBOT_RELOC,,2,11,4,,10.951680223374954,,,
ROBOT_RELOC,,2,11,5,,7.659168657904514,,,
ROBOT_RELOC,,2,11,6,,6.332344563655723,,,
ROBOT_RELOC,,2,11,7,,8.84281411784217,,,
ROBOT_RELOC,,2,11,8,,7.093142580307196,,,
ROBOT_RELOC,,2,11,9,,3.355944275927812,,,
ROBOT_RELOC,,2,11,10,,3.6536841805097375,,,
ROBOT_RELOC,,2,11,11,,0.0,,,
ROBOT_RELOC,,3,0,0,,0.0,,,
ROBOT_RELOC,,3,0,1,,11.160380168116816,,,
ROBOT_RELOC,,3,0,2,,5.007289690547192,,,
ROBOT_RELOC,,3,0,3,,7.479591985870583,,,
ROBOT_RELOC,,3,0,4,,11.871096495074571,,,
ROBOT_RELOC,,3,0,5,,9.113931677691046,,,
ROBOT_RELOC,,3,0,6,,5.8337753277632824,,,
ROBOT_RELOC,,3,0,7,,9.810668844928557,,,
ROBOT_RELOC,,3,0,8,,5.4395007731445695,,,
ROBOT_RELOC,,3,0,9,,11.700743341442605,,,
ROBOT_RELOC,,3,0,10,,5.287260747991302,,,
ROBOT_RELOC,,3,0,11,,7.469875028163433,,,
ROBOT_RELOC,,3,1,0,,8.856372212922796,,,
ROBOT_RELOC,,3,1,1,,0.0,,,
ROBOT_RELOC,,3,1,2,,3.585896444095039,,,
ROBOT_RELOC,,3,1,3,,6.675636498952021,,,
ROBOT_RELOC,,3,1,4,,4.693049923663473,,,
ROBOT_RELOC,,3,1,5,,9.662194164622031,,,
ROBOT_RELOC,,3,1,6,,11.068201160289956,,,
ROBOT_RELOC,,3,1,7,,5.982621499337112,,,
ROBOT_RELOC,,3,1,8,,11.164316793706922,,,
ROBOT_RELOC,,3,1,9,,11.826838392644527,,,
ROBOT_RELOC,,3,1,10,,9.651812951900801,,,
ROBOT_RELOC,,3,1,11,,10.059541796731276,,,
ROBOT_RELOC,,3,2,0,,4.765954292499096,,,
ROBOT_RELOC,,3,2,1,,2.3934719560312647,,,
ROBOT_RELOC,,3,2,2,,0.0,,,
ROBOT_RELOC,,3,2,3,,6.981408423620841,,,
ROBOT_RELOC,,3,2,4,,5.145302679790694,,,
ROBOT_RELOC,,3,2,5,,7.529173053871434,,,
ROBOT_RELOC,,3,2,6,,6.39550404360447,,,
ROBOT_RELOC,,3,2,7,,5.754084938999983,,,
ROBOT_RELOC,,3,2,8,,6.562220989819203,,,
ROBOT_RELOC,,3,2,9,,9.748806830351477,,,
ROBOT_RELOC,,3,2,10,,5.729823875263486,,,
ROBOT_RELOC,,3,2,11,,10.056092061114608,,,
ROBOT_RELOC,,3,3,0,,10.100765658808896,,,
ROBOT_RELOC,,3,3,1,,8.04440996241726,,,
ROBOT_RELOC,,3,3,2,,5.079060808370176,,,
ROBOT_RELOC,,3,3,3,,0.0,,,
ROBOT_RELOC,,3,3,4,,2.2452987641033966,,,
ROBOT_RELOC,,3,3,5,,2.2080605496180645,,,
ROBOT_RELOC,,3,3,6,,6.9856721490170415,,,
ROBOT_RELOC,,3,3,7,,8.773834861253924,,,
ROBOT_RELOC,,3,3,8,,8.95860412661427,,,
ROBOT_RELOC,,3,3,9,,5.846155596739232,,,
ROBOT_RELOC,,3,3,10,,5.513417888731698,,,
ROBOT_RELOC,,3,3,11,,9.733203841317348,,,
ROBOT_RELOC,,3,4,0,,7.224839721676397,,,
ROBOT_RELOC,,3,4,1,,8.662027633591357,,,
ROBOT_RELOC,,3,4,2,,7.205762183151714,,,
ROBOT_RELOC,,3,4,3,,2.942408899041356,,,
ROBOT_RELOC,,3,4,4,,0.0,,,
ROBOT_RELOC,,3,4,5,,3.2875423270945117,,,
ROBOT_RELOC,,3,4,6,,6.626620388911928,,,
ROBOT_RELOC,,3,4,7,,11.144937193547634,,,
ROBOT_RELOC,,3,4,8,,7.856407301973041,,,
ROBOT_RELOC,,3,4,9,,7.318545360052553,,,
ROBOT_RELOC,,3,4,10,,5.527377955713938,,,
ROBOT_RELOC,,3,4,11,,8.769045466260918,,,
ROBOT_RELOC,,3,5,0,,10.197148466043403,,,
ROBOT_RELOC,,3,5,1,,6.636824409983567,,,
ROBOT_RELOC,,3,5,2,,9.24924255774929,,,
ROBOT_RELOC,,3,5,3,,4.3081849737402695,,,
ROBOT_RELOC,,3,5,4,,4.39598891610693,,,
ROBOT_RELOC,,3,5,5,,0.0,,,
ROBOT_RELOC,,3,5,6,,5.79953814445716,,,
ROBOT_RELOC,,3,5,7,,11.341731693774811,,,
ROBOT_RELOC,,3,5,8,,9.483383288576011,,,
ROBOT_RELOC,,3,5,9,,5.359249054798727,,,
ROBOT_RELOC,,3,5,10,,6.042542051499465,,,
ROBOT_RELOC,,3,5,11,,4.817763335244612,,,
ROBOT_RELOC,,3,6,0,,6.435521386662485,,,
ROBOT_RELOC,,3,6,1,,5.975878438545736,,,
ROBOT_RELOC,,3,6,2,,11.951164454117842,,,
ROBOT_RELOC,,3,6,3,,8.365796413631685,,,
ROBOT_RELOC,,3,6,4,,9.095046615759234,,,
ROBOT_RELOC,,3,6,5,,10.96813060063619,,,
ROBOT_RELOC,,3,6,6,,0.0,,,
ROBOT_RELOC,,3,6,7,,1.7732371541101761,,,
ROBOT_RELOC,,3,6,8,,7.813249555905109,,,
ROBOT_RELOC,,3,6,9,,11.092338392493154,,,
ROBOT_RELOC,,3,6,10,,5.6363602235461565,,,
ROBOT_RELOC,,3,6,11,,5.216045397933675,,,
ROBOT_RELOC,,3,7,0,,8.073886741977459,,,
ROBOT_RELOC,,3,7,1,,7.253324840647458,,,
ROBOT_RELOC,,3,7,2,,10.016570361098882,,,
ROBOT_RELOC,,3,7,3,,10.899027229101641,,,
ROBOT_RELOC,,3,7,4,,8.849400968826517,,,
ROBOT_RELOC,,3,7,5,,4.730316159478383,,,
ROBOT_RELOC,,3,7,6,,3.6543713573399934,,,
ROBOT_RELOC,,3,7,7,,0.0,,,
ROBOT_RELOC,,3,7,8,,6.368117781885392,,,
ROBOT_RELOC,,3,7,9,,5.6478732440599995,,,
ROBOT_RELOC,,3,7,10,,5.986287888297378,,,
ROBOT_RELOC,,3,7,11,,10.56065471676916,,,
ROBOT_RELOC,,3,8,0,,8.671691491535336,,,
ROBOT_RELOC,,3,8,1,,10.16444609765268,,,
ROBOT_RELOC,,3,8,2,,5.802996873319237,,,
ROBOT_RELOC,,3,8,3,,7.600377480709952,,,
ROBOT_RELOC,,3,8,4,,5.4907420526866915,,,
ROBOT_RELOC,,3,8,5,,8.517031109249793,,,
ROBOT_RELOC,,3,8,6,,5.570175100394888,,,
ROBOT_RELOC,,3,8,7,,4.596404000931768,,,
ROBOT_RELOC,,3,8,8,,0.0,,,
ROBOT_RELOC,,3,8,9,,10.577557005050602,,,
ROBOT_RELOC,,3,8,10,,10.379433626172364,,,
ROBOT_RELOC,,3,8,11,,5.677630432306749,,,
ROBOT_RELOC,,3,9,0,,8.802646330062505,,,
ROBOT_RELOC,,3,9,1,,11.522375416876852,,,
ROBOT_RELOC,,3,9,2,,6.919239806588692,,,
ROBOT_RELOC,,3,9,3,,11.021016397543441,,,
ROBOT_RELOC,,3,9,4,,11.579842974723112,,,
ROBOT_RELOC,,3,9,5,,9.695941627115568,,,
ROBOT_RELOC,,3,9,6,,11.022206685278372,,,
ROBOT_RELOC,,3,9,7,,10.109003150736157,,,
ROBOT_RELOC,,3,9,8,,5.063235262581847,,,
ROBOT_RELOC,,3,9,9,,0.0,,,
ROBOT_RELOC,,3,9,10,,2.125094300986438,,,
ROBOT_RELOC,,3,9,11,,2.853539131800588,,,
ROBOT_RELOC,,3,10,0,,4.594182438764411,,,
ROBOT_RELOC,,3,10,1,,8.790524137473714,,,
ROBOT_RELOC,,3,10,2,,5.258247893027525,,,
ROBOT_RELOC,,3,10,3,,6.9991696004130795,,,
ROBOT_RELOC,,3,10,4,,6.077656837147066,,,
ROBOT_RELOC,,3,10,5,,6.533131551395599,,,
ROBOT_RELOC,,3,10,6,,4.898356310841358,,,
ROBOT_RELOC,,3,10,7,,6.196725267959529,,,
ROBOT_RELOC,,3,10,8,,6.0769024195373404,,,
ROBOT_RELOC,,3,10,9,,2.1761555158398322,,,
ROBOT_RELOC,,3,10,10,,0.0,,,
ROBOT_RELOC,,3,10,11,,2.601576106820138,,,
ROBOT_RELOC,,3,11,0,,9.804603949799883,,,
ROBOT_RELOC,,3,11,1,,11.960472023472125,,,
ROBOT_RELOC,,3,11,2,,8.514102240197913,,,
ROBOT_RELOC,,3,11,3,,11.188539500755455,,,
ROBOT_RELOC,,3,11,4,,6.867637356226246,,,
ROBOT_RELOC,,3,11,5,,7.942352406099703,,,
ROBOT_RELOC,,3,11,6,,8.934255709279899,,,
ROBOT_RELOC,,3,11,7,,10.76602626839793,,,
ROBOT_RELOC,,3,11,8,,6.991965966680679,,,
ROBOT_RELOC,,3,11,9,,4.367189668745247,,,
ROBOT_RELOC,,3,11,10,,2.0535272917494076,,,
ROBOT_RELOC,,3,11,11,,0.0,,,
ROBOT_RELOC,,4,0,0,,0.0,,,
ROBOT_RELOC,,4,0,1,,5.585878436191375,,,
ROBOT_RELOC,,4,0,2,,10.505325079907474,,,
ROBOT_RELOC,,4,0,3,,8.599773743439233,,,
ROBOT_RELOC,,4,0,4,,9.744502486728166,,,
ROBOT_RELOC,,4,0,5,,6.184427822755671,,,
ROBOT_RELOC,,4,0,6,,6.140366193781589,,,
ROBOT_RELOC,,4,0,7,,11.46871905718322,,,
ROBOT_RELOC,,4,0,8,,11.111718146619825,,,
ROBOT_RELOC,,4,0,9,,7.670697472235495,,,
ROBOT_RELOC,,4,0,10,,11.053197736514036,,,
ROBOT_RELOC,,4,0,11,,6.012632911620845,,,
ROBOT_RELOC,,4,1,0,,7.188247922127478,,,
ROBOT_RELOC,,4,1,1,,0.0,,,
ROBOT_RELOC,,4,1,2,,2.201926784721089,,,
ROBOT_RELOC,,4,1,3,,8.303928101883363,,,
ROBOT_RELOC,,4,1,4,,10.010437020213011,,,
ROBOT_RELOC,,4,1,5,,5.11039477862122,,,
ROBOT_RELOC,,4,1,6,,8.311708669996163,,,
ROBOT_RELOC,,4,1,7,,10.544569821566407,,,
ROBOT_RELOC,,4,1,8,,8.082276503021834,,,
ROBOT_RELOC,,4,1,9,,8.865924864094058,,,
ROBOT_RELOC,,4,1,10,,8.625214702479408,,,
ROBOT_RELOC,,4,1,11,,9.20385842398099,,,
ROBOT_RELOC,,4,2,0,,11.556597165567943,,,
ROBOT_RELOC,,4,2,1,,4.15613600466665,,,
ROBOT_RELOC,,4,2,2,,0.0,,,
ROBOT_RELOC,,4,2,3,,7.6723191170189615,,,
ROBOT_RELOC,,4,2,4,,6.603764888042295,,,
ROBOT_RELOC,,4,2,5,,11.924163696300921,,,
ROBOT_RELOC,,4,2,6,,6.162633653292541,,,
ROBOT_RELOC,,4,2,7,,10.333962607014634,,,
ROBOT_RELOC,,4,2,8,,9.360573187641162,,,
ROBOT_RELOC,,4,2,9,,11.794460112191135,,,
ROBOT_RELOC,,4,2,10,,4.529802645272879,,,
ROBOT_RELOC,,4,2,11,,10.44002909458548,,,
ROBOT_RELOC,,4,3,0,,5.863692809726827,,,
ROBOT_RELOC,,4,3,1,,7.149516095024891,,,
ROBOT_RELOC,,4,3,2,,8.488555247411227,,,
ROBOT_RELOC,,4,3,3,,0.0,,,
ROBOT_RELOC,,4,3,4,,4.409510970677433,,,
ROBOT_RELOC,,4,3,5,,2.861441918706836,,,
ROBOT_RELOC,,4,3,6,,10.997541829504963,,,
ROBOT_RELOC,,4,3,7,,6.107629993010069,,,
ROBOT_RELOC,,4,3,8,,7.483293895571845,,,
ROBOT_RELOC,,4,3,9,,8.602300195422657,,,
ROBOT_RELOC,,4,3,10,,11.62914252162466,,,
ROBOT_RELOC,,4,3,11,,8.021343171196229,,,
ROBOT_RELOC,,4,4,0,,8.587946138203385,,,
ROBOT_RELOC,,4,4,1,,6.864906609111739,,,
ROBOT_RELOC,,4,4,2,,6.801536721098518,,,
ROBOT_RELOC,,4,4,3,,2.992158440365337,,,
ROBOT_RELOC,,4,4,4,,0.0,,,
ROBOT_RELOC,,4,4,5,,3.5553492154620705,,,
ROBOT_RELOC,,4,4,6,,5.464667430837055,,,
ROBOT_RELOC,,4,4,7,,9.408856430077208,,,
ROBOT_RELOC,,4,4,8,,7.628420413669941,,,
ROBOT_RELOC,,4,4,9,,5.050237630809781,,,
ROBOT_RELOC,,4,4,10,,6.237279207601482,,,
ROBOT_RELOC,,4,4,11,,4.850430181835268,,,
ROBOT_RELOC,,4,5,0,,6.7079963539090155,,,
ROBOT_RELOC,,4,5,1,,7.140206426410792,,,
ROBOT_RELOC,,4,5,2,,7.240952167181691,,,
ROBOT_RELOC,,4,5,3,,1.8809477135029944,,,
ROBOT_RELOC,,4,5,4,,3.65061776764312,,,
ROBOT_RELOC,,4,5,5,,0.0,,,
ROBOT_RELOC,,4,5,6,,6.4896719644550735,,,
ROBOT_RELOC,,4,5,7,,8.43670733111323,,,
ROBOT_RELOC,,4,5,8,,8.957500025528173,,,
ROBOT_RELOC,,4,5,9,,5.947918717256939,,,
ROBOT_RELOC,,4,5,10,,5.368526707717851,,,
ROBOT_RELOC,,4,5,11,,10.576047056612587,,,
ROBOT_RELOC,,4,6,0,,6.926254729568091,,,
ROBOT_RELOC,,4,6,1,,7.355738249387278,,,
ROBOT_RELOC,,4,6,2,,5.573907410783486,,,
ROBOT_RELOC,,4,6,3,,4.883222599391583,,,
ROBOT_RELOC,,4,6,4,,10.631366264357592,,,
ROBOT_RELOC,,4,6,5,,11.19068162544357,,,
ROBOT_RELOC,,4,6,6,,0.0,,,
ROBOT_RELOC,,4,6,7,,3.815424386283071,,,
ROBOT_RELOC,,4,6,8,,8.475343511829983,,,
ROBOT_RELOC,,4,6,9,,8.765112168709699,,,
ROBOT_RELOC,,4,6,10,,11.376361385292519,,,
ROBOT_RELOC,,4,6,11,,11.067422152950526,,,
ROBOT_RELOC,,4,7,0,,11.950645910635831,,,
ROBOT_RELOC,,4,7,1,,6.013308915577888,,,
ROBOT_RELOC,,4,7,2,,5.61030603735021,,,
ROBOT_RELOC,,4,7,3,,10.209568794130739,,,
ROBOT_RELOC,,4,7,4,,10.776973830584467,,,
ROBOT_RELOC,,4,7,5,,5.00479441658215,,,
ROBOT_RELOC,,4,7,6,,3.280187107487072,,,
ROBOT_RELOC,,4,7,7,,0.0,,,
ROBOT_RELOC,,4,7,8,,11.270740904641046,,,
ROBOT_RELOC,,4,7,9,,4.8805105692515784,,,
ROBOT_RELOC,,4,7,10,,11.756238419247696,,,
ROBOT_RELOC,,4,7,11,,6.845486755891355,,,
ROBOT_RELOC,,4,8,0,,10.902049780125246,,,
ROBOT_RELOC,,4,8,1,,6.4841095574543335,,,
ROBOT_RELOC,,4,8,2,,9.972290173617788,,,
ROBOT_RELOC,,4,8,3,,10.290778642760712,,,
ROBOT_RELOC,,4,8,4,,4.516976587821728,,,
ROBOT_RELOC,,4,8,5,,11.596288247569296,,,
ROBOT_RELOC,,4,8,6,,11.656587594155402,,,
ROBOT_RELOC,,4,8,7,,11.798957510730325,,,
ROBOT_RELOC,,4,8,8,,0.0,,,
ROBOT_RELOC,,4,8,9,,7.75418007279959,,,
ROBOT_RELOC,,4,8,10,,7.440868787634723,,,
ROBOT_RELOC,,4,8,11,,8.863263002321062,,,
ROBOT_RELOC,,4,9,0,,11.352789883054072,,,
ROBOT_RELOC,,4,9,1,,8.903294432375825,,,
ROBOT_RELOC,,4,9,2,,8.236803963240057,,,
ROBOT_RELOC,,4,9,3,,7.336254967420118,,,
ROBOT_RELOC,,4,9,4,,8.973816944647506,,,
ROBOT_RELOC,,4,9,5,,10.141489921833763,,,
ROBOT_RELOC,,4,9,6,,10.935105632145609,,,
ROBOT_RELOC,,4,9,7,,5.420825080363007,,,
ROBOT_RELOC,,4,9,8,,11.700199154098545,,,
ROBOT_RELOC,,4,9,9,,0.0,,,
ROBOT_RELOC,,4,9,10,,3.610171715679351,,,
ROBOT_RELOC,,4,9,11,,2.8876371977490556,,,
ROBOT_RELOC,,4,10,0,,9.038556408616726,,,
ROBOT_RELOC,,4,10,1,,8.874933708452428,,,
ROBOT_RELOC,,4,10,2,,6.24420473912595,,,
ROBOT_RELOC,,4,10,3,,11.125278718959326,,,
ROBOT_RELOC,,4,10,4,,5.721118684893977,,,
ROBOT_RELOC,,4,10,5,,11.469812408210618,,,
ROBOT_RELOC,,4,10,6,,4.848497380275218,,,
ROBOT_RELOC,,4,10,7,,7.002978370744122,,,
ROBOT_RELOC,,4,10,8,,11.206517156243407,,,
ROBOT_RELOC,,4,10,9,,2.9086985746769938,,,
ROBOT_RELOC,,4,10,10,,0.0,,,
ROBOT_RELOC,,4,10,11,,3.7993990588233166,,,
ROBOT_RELOC,,4,11,0,,8.890792252644179,,,
ROBOT_RELOC,,4,11,1,,6.719689152829978,,,
ROBOT_RELOC,,4,11,2,,6.154779018421546,,,
ROBOT_RELOC,,4,11,3,,8.54775481349761,,,
ROBOT_RELOC,,4,11,4,,8.966019583872686,,,
ROBOT_RELOC,,4,11,5,,5.444219866029272,,,
ROBOT_RELOC,,4,11,6,,8.58774369413595,,,
ROBOT_RELOC,,4,11,7,,11.412572388052517,,,
ROBOT_RELOC,,4,11,8,,11.783411464503567,,,
ROBOT_RELOC,,4,11,9,,1.7808787051467978,,,
ROBOT_RELOC,,4,11,10,,3.3098967912668313,,,
ROBOT_RELOC,,4,11,11,,0.0,,,
ROBOT_RELOC,,5,0,0,,0.0,,,
ROBOT_RELOC,,5,0,1,,9.60625827101662,,,
ROBOT_RELOC,,5,0,2,,9.427536912317363,,,
ROBOT_RELOC,,5,0,3,,8.17432266455893,,,
ROBOT_RELOC,,5,0,4,,7.042216125251702,,,
ROBOT_RELOC,,5,0,5,,11.74248008420869,,,
ROBOT_RELOC,,5,0,6,,9.206966149353173,,,
ROBOT_RELOC,,5,0,7,,7.310338590996821,,,
ROBOT_RELOC,,5,0,8,,4.681873360947786,,,
ROBOT_RELOC,,5,0,9,,7.155068616214755,,,
ROBOT_RELOC,,5,0,10,,10.647043273188439,,,
ROBOT_RELOC,,5,0,11,,5.627920741337897,,,
ROBOT_RELOC,,5,1,0,,7.379822368176571,,,
ROBOT_RELOC,,5,1,1,,0.0,,,
ROBOT_RELOC,,5,1,2,,2.8168927670677513,,,
ROBOT_RELOC,,5,1,3,,8.226282383361767,,,
ROBOT_RELOC,,5,1,4,,4.835386070529442,,,
ROBOT_RELOC,,5,1,5,,6.775672317728648,,,
ROBOT_RELOC,,5,1,6,,7.793419318729191,,,
ROBOT_RELOC,,5,1,7,,6.569043941241291,,,
ROBOT_RELOC,,5,1,8,,6.748314479190238,,,
ROBOT_RELOC,,5,1,9,,11.860527614430707,,,
ROBOT_RELOC,,5,1,10,,10.387092484181899,,,
ROBOT_RELOC,,5,1,11,,9.752077274405872,,,
ROBOT_RELOC,,5,2,0,,10.12680599829105,,,
ROBOT_RELOC,,5,2,1,,2.4255917206126862,,,
ROBOT_RELOC,,5,2,2,,0.0,,,
ROBOT_RELOC,,5,2,3,,10.821251370821233,,,
ROBOT_RELOC,,5,2,4,,11.844119292991474,,,
ROBOT_RELOC,,5,2,5,,8.592528894447778,,,
ROBOT_RELOC,,5,2,6,,6.377082478071426,,,
ROBOT_RELOC,,5,2,7,,9.763812613875388,,,
ROBOT_RELOC,,5,2,8,,10.951415012768908,,,
ROBOT_RELOC,,5,2,9,,10.170538014544308,,,
ROBOT_RELOC,,5,2,10,,6.934707029368549,,,
ROBOT_RELOC,,5,2,11,,5.378556084313496,,,
ROBOT_RELOC,,5,3,0,,11.486013410135044,,,
ROBOT_RELOC,,5,3,1,,10.983089901426293,,,
ROBOT_RELOC,,5,3,2,,4.892999565219616,,,
ROBOT_RELOC,,5,3,3,,0.0,,,
ROBOT_RELOC,,5,3,4,,3.9818221612480578,,,
ROBOT_RELOC,,5,3,5,,3.9577015687590285,,,
ROBOT_RELOC,,5,3,6,,7.228432675107708,,,
ROBOT_RELOC,,5,3,7,,10.875270830454435,,,
ROBOT_RELOC,,5,3,8,,10.035627759226589,,,
ROBOT_RELOC,,5,3,9,,7.107867283969952,,,
ROBOT_RELOC,,5,3,10,,8.138760826772767,,,
ROBOT_RELOC,,5,3,11,,5.311155259854354,,,
ROBOT_RELOC,,5,4,0,,8.725101128227934,,,
ROBOT_RELOC,,5,4,1,,9.716023602037456,,,
ROBOT_RELOC,,5,4,2,,11.72803306429164,,,
ROBOT_RELOC,,5,4,3,,3.7365874630653355,,,
ROBOT_RELOC,,5,4,4,,0.0,,,
ROBOT_RELOC,,5,4,5,,4.317962574841219,,,
ROBOT_RELOC,,5,4,6,,6.496802157574041,,,
ROBOT_RELOC,,5,4,7,,6.74752588090662,,,
ROBOT_RELOC,,5,4,8,,9.246438167177384,,,
ROBOT_RELOC,,5,4,9,,9.973040922310588,,,
ROBOT_RELOC,,5,4,10,,5.844477326278088,,,
ROBOT_RELOC,,5,4,11,,8.815027491809504,,,
ROBOT_RELOC,,5,5,0,,5.183010122945016,,,
ROBOT_RELOC,,5,5,1,,8.774600421370788,,,
ROBOT_RELOC,,5,5,2,,9.957478423475555,,,
ROBOT_RELOC,,5,5,3,,2.5719925129607892,,,
ROBOT_RELOC,,5,5,4,,2.8008478849012466,,,
ROBOT_RELOC,,5,5,5,,0.0,,,
ROBOT_RELOC,,5,5,6,,6.283230666695243,,,
ROBOT_RELOC,,5,5,7,,10.748373334434067,,,
ROBOT_RELOC,,5,5,8,,9.534201133397902,,,
ROBOT_RELOC,,5,5,9,,8.612823141725503,,,
ROBOT_RELOC,,5,5,10,,10.277597947341794,,,
ROBOT_RELOC,,5,5,11,,10.550604415211481,,,
ROBOT_RELOC,,5,6,0,,10.457473278204514,,,
ROBOT_RELOC,,5,6,1,,8.157845417518347,,,
ROBOT_RELOC,,5,6,2,,10.886548236473903,,,
ROBOT_RELOC,,5,6,3,,4.96283222463215,,,
ROBOT_RELOC,,5,6,4,,5.1603087939176095,,,
ROBOT_RELOC,,5,6,5,,5.457305098170641,,,
ROBOT_RELOC,,5,6,6,,0.0,,,
ROBOT_RELOC,,5,6,7,,2.463631550813166,,,
ROBOT_RELOC,,5,6,8,,4.945082883556586,,,
ROBOT_RELOC,,5,6,9,,5.135458968216309,,,
ROBOT_RELOC,,5,6,10,,10.54903385043693,,,
ROBOT_RELOC,,5,6,11,,4.876035355072954,,,
ROBOT_RELOC,,5,7,0,,6.618456260980188,,,
ROBOT_RELOC,,5,7,1,,7.526523950903268,,,
ROBOT_RELOC,,5,7,2,,6.895819237626093,,,
ROBOT_RELOC,,5,7,3,,11.787082855577793,,,
ROBOT_RELOC,,5,7,4,,10.16213216805416,,,
ROBOT_RELOC,,5,7,5,,7.409935366866399,,,
ROBOT_RELOC,,5,7,6,,3.481766703246547,,,
ROBOT_RELOC,,5,7,7,,0.0,,,
ROBOT_RELOC,,5,7,8,,9.66422858016849,,,
ROBOT_RELOC,,5,7,9,,5.39363456971709,,,
ROBOT_RELOC,,5,7,10,,6.425947022090203,,,
ROBOT_RELOC,,5,7,11,,5.929290186452057,,,
ROBOT_RELOC,,5,8,0,,11.095798255887274,,,
ROBOT_RELOC,,5,8,1,,6.8792406486403275,,,
ROBOT_RELOC,,5,8,2,,11.921219871511601,,,
ROBOT_RELOC,,5,8,3,,8.179531674265345,,,
ROBOT_RELOC,,5,8,4,,6.170315931522029,,,
ROBOT_RELOC,,5,8,5,,8.155758984922617,,,
ROBOT_RELOC,,5,8,6,,11.324991821346536,,,
ROBOT_RELOC,,5,8,7,,10.084732537141024,,,
ROBOT_RELOC,,5,8,8,,0.0,,,
ROBOT_RELOC,,5,8,9,,6.003517775023267,,,
ROBOT_RELOC,,5,8,10,,7.834451413968182,,,
ROBOT_RELOC,,5,8,11,,5.342495278424753,,,
ROBOT_RELOC,,5,9,0,,7.276034369082872,,,
ROBOT_RELOC,,5,9,1,,8.582722563233776,,,
ROBOT_RELOC,,5,9,2,,6.25027236641658,,,
ROBOT_RELOC,,5,9,3,,4.850001603773966,,,
ROBOT_RELOC,,5,9,4,,6.776766235996572,,,
ROBOT_RELOC,,5,9,5,,8.217967199590047,,,
ROBOT_RELOC,,5,9,6,,10.215332826662927,,,
ROBOT_RELOC,,5,9,7,,10.432878697713578,,,
ROBOT_RELOC,,5,9,8,,8.90190908893679,,,
ROBOT_RELOC,,5,9,9,,0.0,,,
ROBOT_RELOC,,5,9,10,,1.8920708044725356,,,
ROBOT_RELOC,,5,9,11,,2.7667223872720337,,,
ROBOT_RELOC,,5,10,0,,11.107163059835758,,,
ROBOT_RELOC,,5,10,1,,5.033272127849212,,,
ROBOT_RELOC,,5,10,2,,4.9294999451336965,,,
ROBOT_RELOC,,5,10,3,,7.96638951821044,,,
ROBOT_RELOC,,5,10,4,,10.477842677910605,,,
ROBOT_RELOC,,5,10,5,,11.366041591812756,,,
ROBOT_RELOC,,5,10,6,,5.765609613118378,,,
ROBOT_RELOC,,5,10,7,,8.37350773698684,,,
ROBOT_RELOC,,5,10,8,,6.754724605610752,,,
ROBOT_RELOC,,5,10,9,,4.353502475933362,,,
ROBOT_RELOC,,5,10,10,,0.0,,,
ROBOT_RELOC,,5,10,11,,4.315133958158762,,,
ROBOT_RELOC,,5,11,0,,9.244334305927994,,,
ROBOT_RELOC,,5,11,1,,9.954115187331107,,,
ROBOT_RELOC,,5,11,2,,5.45283018965136,,,
ROBOT_RELOC,,5,11,3,,10.551459239678334,,,
ROBOT_RELOC,,5,11,4,,8.678639186074662,,,
ROBOT_RELOC,,5,11,5,,7.699903827993834,,,
ROBOT_RELOC,,5,11,6,,10.197463079336014,,,
ROBOT_RELOC,,5,11,7,,7.8048670732983325,,,
ROBOT_RELOC,,5,11,8,,9.158521757560736,,,
ROBOT_RELOC,,5,11,9,,4.385450485198227,,,
ROBOT_RELOC,,5,11,10,,4.494113908305604,,,
ROBOT_RELOC,,5,11,11,,0.0,,,
ROBOT_RELOC,,6,0,0,,0.0,,,
ROBOT_RELOC,,6,0,1,,10.220046553023446,,,
ROBOT_RELOC,,6,0,2,,7.718950881051096,,,
ROBOT_RELOC,,6,0,3,,10.464218758242104,,,
ROBOT_RELOC,,6,0,4,,6.755094341755189,,,
ROBOT_RELOC,,6,0,5,,9.078659038772688,,,
ROBOT_RELOC,,6,0,6,,9.417732289578112,,,
ROBOT_RELOC,,6,0,7,,7.244524582815484,,,
ROBOT_RELOC,,6,0,8,,9.554349287148238,,,
ROBOT_RELOC,,6,0,9,,11.362288603217866,,,
ROBOT_RELOC,,6,0,10,,8.201725577879632,,,
ROBOT_RELOC,,6,0,11,,5.901397985698047,,,
ROBOT_RELOC,,6,1,0,,5.625403450659383,,,
ROBOT_RELOC,,6,1,1,,0.0,,,
ROBOT_RELOC,,6,1,2,,2.0795802280589397,,,
ROBOT_RELOC,,6,1,3,,7.580282643490654,,,
ROBOT_RELOC,,6,1,4,,10.10872306910336,,,
ROBOT_RELOC,,6,1,5,,11.60000263862283,,,
ROBOT_RELOC,,6,1,6,,8.577772889183873,,,
ROBOT_RELOC,,6,1,7,,9.564092607749366,,,
ROBOT_RELOC,,6,1,8,,9.311756557289609,,,
ROBOT_RELOC,,6,1,9,,9.526691917543463,,,
ROBOT_RELOC,,6,1,10,,11.677250125918723,,,
ROBOT_RELOC,,6,1,11,,10.242109484150193,,,
ROBOT_RELOC,,6,2,0,,10.427577351616122,,,
ROBOT_RELOC,,6,2,1,,4.422484787966159,,,
ROBOT_RELOC,,6,2,2,,0.0,,,
ROBOT_RELOC,,6,2,3,,9.244674408104819,,,
ROBOT_RELOC,,6,2,4,,6.023300169243145,,,
ROBOT_RELOC,,6,2,5,,5.968227508259305,,,
ROBOT_RELOC,,6,2,6,,5.060688196197809,,,
ROBOT_RELOC,,6,2,7,,11.492248394224854,,,
ROBOT_RELOC,,6,2,8,,9.742786671245304,,,
ROBOT_RELOC,,6,2,9,,10.005730782519459,,,
ROBOT_RELOC,,6,2,10,,10.418789171283752,,,
ROBOT_RELOC,,6,2,11,,11.011344226110518,,,
ROBOT_RELOC,,6,3,0,,7.762734367379807,,,
ROBOT_RELOC,,6,3,1,,10.962657722709379,,,
ROBOT_RELOC,,6,3,2,,5.057903033546966,,,
ROBOT_RELOC,,6,3,3,,0.0,,,
ROBOT_RELOC,,6,3,4,,2.797746073288683,,,
ROBOT_RELOC,,6,3,5,,3.068360874730896,,,
ROBOT_RELOC,,6,3,6,,4.84819100163198,,,
ROBOT_RELOC,,6,3,7,,11.972592866351574,,,
ROBOT_RELOC,,6,3,8,,6.810776318090461,,,
ROBOT_RELOC,,6,3,9,,8.871348277404136,,,
ROBOT_RELOC,,6,3,10,,6.293179722311038,,,
ROBOT_RELOC,,6,3,11,,8.17513043855216,,,
ROBOT_RELOC,,6,4,0,,7.005944261007729,,,
ROBOT_RELOC,,6,4,1,,4.532213985958622,,,
ROBOT_RELOC,,6,4,2,,9.49050000727434,,,
ROBOT_RELOC,,6,4,3,,1.5677764132620045,,,
ROBOT_RELOC,,6,4,4,,0.0,,,
ROBOT_RELOC,,6,4,5,,3.598683040105235,,,
ROBOT_RELOC,,6,4,6,,10.620499329920657,,,
ROBOT_RELOC,,6,4,7,,11.006177508914817,,,
ROBOT_RELOC,,6,4,8,,7.23049674618294,,,
ROBOT_RELOC,,6,4,9,,5.645646820863488,,,
ROBOT_RELOC,,6,4,10,,7.109325100419577,,,
ROBOT_RELOC,,6,4,11,,7.489807766597853,,,
ROBOT_RELOC,,6,5,0,,10.807289461244647,,,
ROBOT_RELOC,,6,5,1,,6.447936357984962,,,
ROBOT_RELOC,,6,5,2,,9.512259520078647,,,
ROBOT_RELOC,,6,5,3,,2.0694115380176705,,,
ROBOT_RELOC,,6,5,4,,3.9584078562873044,,,
ROBOT_RELOC,,6,5,5,,0.0,,,
ROBOT_RELOC,,6,5,6,,10.598355218902716,,,
ROBOT_RELOC,,6,5,7,,6.0086521225471134,,,
ROBOT_RELOC,,6,5,8,,10.814786255923508,,,
ROBOT_RELOC,,6,5,9,,6.346897697193918,,,
ROBOT_RELOC,,6,5,10,,11.12340738264801,,,
ROBOT_RELOC,,6,5,11,,7.408085698714698,,,
ROBOT_RELOC,,6,6,0,,9.722578859869362,,,
ROBOT_RELOC,,6,6,1,,7.828821246942548,,,
ROBOT_RELOC,,6,6,2,,6.109825775166044,,,
ROBOT_RELOC,,6,6,3,,7.848264502389073,,,
ROBOT_RELOC,,6,6,4,,9.274233024812577,,,
ROBOT_RELOC,,6,6,5,,7.289312728430904,,,
ROBOT_RELOC,,6,6,6,,0.0,,,
ROBOT_RELOC,,6,6,7,,3.6482586379764523,,,
ROBOT_RELOC,,6,6,8,,9.044837374751845,,,
ROBOT_RELOC,,6,6,9,,6.247508868558043,,,
ROBOT_RELOC,,6,6,10,,9.708322512673536,,,
ROBOT_RELOC,,6,6,11,,4.824967998039046,,,
ROBOT_RELOC,,6,7,0,,7.3549385278739585,,,
ROBOT_RELOC,,6,7,1,,4.680779914342573,,,
ROBOT_RELOC,,6,7,2,,10.853733752794357,,,
ROBOT_RELOC,,6,7,3,,6.306267662092544,,,
ROBOT_RELOC,,6,7,4,,6.668435244290997,,,
ROBOT_RELOC,,6,7,5,,10.551679055080937,,,
ROBOT_RELOC,,6,7,6,,2.666936275853269,,,
ROBOT_RELOC,,6,7,7,,0.0,,,
ROBOT_RELOC,,6,7,8,,7.489700810346536,,,
ROBOT_RELOC,,6,7,9,,6.778619038038706,,,
ROBOT_RELOC,,6,7,10,,6.173683291744128,,,
ROBOT_RELOC,,6,7,11,,7.428969597312029,,,
ROBOT_RELOC,,6,8,0,,7.599632948176387,,,
ROBOT_RELOC,,6,8,1,,11.768070624972081,,,
ROBOT_RELOC,,6,8,2,,4.522092501345733,,,
ROBOT_RELOC,,6,8,3,,7.638735870491534,,,
ROBOT_RELOC,,6,8,4,,6.680281705584659,,,
ROBOT_RELOC,,6,8,5,,7.429203956388651,,,
ROBOT_RELOC,,6,8,6,,10.581697831707388,,,
ROBOT_RELOC,,6,8,7,,5.979407903376364,,,
ROBOT_RELOC,,6,8,8,,0.0,,,
ROBOT_RELOC,,6,8,9,,9.20788809226823,,,
ROBOT_RELOC,,6,8,10,,6.060733791823748,,,
ROBOT_RELOC,,6,8,11,,10.47771325817119,,,
ROBOT_RELOC,,6,9,0,,6.047535292582307,,,
ROBOT_RELOC,,6,9,1,,5.47711802257173,,,
ROBOT_RELOC,,6,9,2,,5.901433873980036,,,
ROBOT_RELOC,,6,9,3,,4.50626595394074,,,
ROBOT_RELOC,,6,9,4,,11.46941299728472,,,
ROBOT_RELOC,,6,9,5,,5.876766251441436,,,
ROBOT_RELOC,,6,9,6,,9.538010902699781,,,
ROBOT_RELOC,,6,9,7,,9.607888794296265,,,
ROBOT_RELOC,,6,9,8,,11.513265858792,,,
ROBOT_RELOC,,6,9,9,,0.0,,,
ROBOT_RELOC,,6,9,10,,3.780856888146622,,,
ROBOT_RELOC,,6,9,11,,4.488429344752337,,,
ROBOT_RELOC,,6,10,0,,9.542308349353577,,,
ROBOT_RELOC,,6,10,1,,11.460737238412936,,,
ROBOT_RELOC,,6,10,2,,5.663210396619869,,,
ROBOT_RELOC,,6,10,3,,11.847503979189243,,,
ROBOT_RELOC,,6,10,4,,6.398841158107626,,,
ROBOT_RELOC,,6,10,5,,11.335141003694226,,,
ROBOT_RELOC,,6,10,6,,4.644741975726897,,,
ROBOT_RELOC,,6,10,7,,8.777572014512511,,,
ROBOT_RELOC,,6,10,8,,11.724488223929825,,,
ROBOT_RELOC,,6,10,9,,3.4271124212808175,,,
ROBOT_RELOC,,6,10,10,,0.0,,,
ROBOT_RELOC,,6,10,11,,2.9658559071271613,,,
ROBOT_RELOC,,6,11,0,,9.795818605031002,,,
ROBOT_RELOC,,6,11,1,,7.992664822177397,,,
ROBOT_RELOC,,6,11,2,,6.374645850130391,,,
ROBOT_RELOC,,6,11,3,,5.426047798518612,,,
ROBOT_RELOC,,6,11,4,,5.52937877295943,,,
ROBOT_RELOC,,6,11,5,,6.183089951053254,,,
ROBOT_RELOC,,6,11,6,,11.258846339444998,,,
ROBOT_RELOC,,6,11,7,,8.958926943485178,,,
ROBOT_RELOC,,6,11,8,,7.939850485046943,,,
ROBOT_RELOC,,6,11,9,,3.1806816343783115,,,
ROBOT_RELOC,,6,11,10,,2.5143978570190626,,,
ROBOT_RELOC,,6,11,11,,0.0,,,
INITIAL_WORKER,,0,0,,,,,,
INITIAL_WORKER,,1,11,,,,,,
INITIAL_WORKER,,2,9,,,,,,
INITIAL_WORKER,,3,10,,,,,,
INITIAL_WORKER,,4,4,,,,,,
INITIAL_WORKER,,5,3,,,,,,
INITIAL_WORKER,,6,1,,,,,,
INITIAL_WORKER,,7,6,,,,,,
INITIAL_ROBOT,,0,2,,,,,,
INITIAL_ROBOT,,1,10,,,,,,
INITIAL_ROBOT,,2,7,,,,,,
INITIAL_ROBOT,,3,11,,,,,,
INITIAL_ROBOT,,4,1,,,,,,
INITIAL_ROBOT,,5,8,,,,,,
INITIAL_ROBOT,,6,0,,,,,,
ORDER,,0,0,2,,0.0,53.23102029995553,,
ORDER,,1,0,1,,1.4584314816797916,53.54210083097214,,
ORDER,,2,0,2,,1.6089284753172324,50.56078416277874,,
ORDER,,3,0,1,,2.4499306752638326,56.292385244087384,,
ORDER,,4,0,1,,17.27079536110495,63.303806132489626,,
ORDER,,5,4,1,,20.90256795371139,85.15629557324522,,
ORDER,,6,0,1,,24.78977045112063,81.05076590486323,,
ORDER,,7,0,1,,31.60751652975868,90.45312359328065,,
ORDER,,8,0,1,,37.3566768332275,85.47004822247715,,
ORDER,,9,4,1,,39.32821845401078,92.00567472990885,,
ORDER,,10,1,1,,58.376905987461704,136.35430398158056,,
ORDER,,11,0,1,,60.86961376949666,118.24858730211517,,
ORDER,,12,0,4,,61.151540096584526,119.96019034977259,,
ORDER,,13,0,2,,62.09447742104038,116.1256622142289,,
ORDER,,14,0,1,,69.32391621496382,119.32626065873609,,
ORDER,,15,0,4,,102.89290827544903,158.20645243092193,,
ORDER,,16,0,1,,125.66107751705002,175.29874938748944,,
ORDER,,17,0,2,,127.57574173985441,177.19648528384582,,
ORDER,,18,0,2,,131.73926939414235,181.62135524833775,,
ORDER,,19,1,1,,132.49969173914943,202.7734377100171,,
ORDER,,20,0,2,,133.7739725598691,187.45933263814655,,
ORDER,,21,0,4,,134.63296074162275,183.62584160896762,,
ORDER,,22,0,4,,135.45866699449766,186.42482592560282,,
ORDER,,23,0,1,,142.03605434969757,198.815714240309,,
ORDER,,24,0,1,,144.76516328604868,201.70613214706873,,
ORDER,,25,4,1,,147.07602648034822,202.02072919312826,,
ORDER,,26,2,1,,160.33158672032883,214.0088052163612,,
ORDER,,27,1,1,,161.69054746939045,240.94789795385748,,
ORDER,,28,1,2,,162.08084890914174,224.75563054720692,,
ORDER,,29,1,1,,162.8450431318238,234.8775498095378,,
ORDER,,30,1,2,,168.89880496983042,236.93168816948895,,
ORDER,,31,1,4,,176.19435777070822,249.28615174568284,,
ORDER,,32,1,1,,180.72694826207717,247.87836540301697,,
ORDER,,33,4,1,,186.1105316355193,241.1530892124424,,
ORDER,,34,1,4,,187.26659848014393,262.0687475782666,,
ORDER,,35,1,4,,189.91945054960286,262.4167373959256,,
ORDER,,36,3,4,,194.01607656100762,268.3666413682629,,
ORDER,,37,1,1,,195.21659811575998,270.30556638916516,,
ORDER,,38,0,1,,198.66180070054332,254.4570687565461,,
ORDER,,39,4,2,,200.4500785746488,259.58939116947306,,
ORDER,,40,1,2,,202.6229752033326,268.2295920534201,,
ORDER,,41,1,1,,203.52179496486536,276.9441757568831,,
ORDER,,42,4,1,,204.01494811168388,261.5736019745246,,
ORDER,,43,3,4,,206.6492682524687,286.92797278851134,,
ORDER,,44,0,1,,207.29520807737353,255.18156525938846,,
ORDER,,45,3,2,,210.37266738561507,294.85055197663166,,
ORDER,,46,1,2,,214.7158920234476,291.5119215476641,,
ORDER,,47,2,1,,216.40427833928487,281.8593663852456,,
ORDER,,48,1,1,,221.2929435979015,291.8796154351373,,
ORDER,,49,1,4,,224.6363733879073,292.9865411032877,,
ORDER,,50,0,2,,227.8139942159961,279.86964053279564,,
ORDER,,51,2,1,,233.89512614096918,294.1390839763036,,
ORDER,,52,1,2,,235.08607266620632,310.63534583817545,,
ORDER,,53,2,1,,260.9110905452024,326.2129388122124,,
ORDER,,54,1,1,,270.64481096955336,337.74906842780894,,
ORDER,,55,2,1,,277.42638752290236,340.04996281593577,,
ORDER,,56,4,1,,283.18638007668255,336.29199935808447,,
ORDER,,57,2,1,,291.01318343492017,357.6115737576848,,
ORDER,,58,0,4,,292.2730476805422,343.74250643164976,,
ORDER,,59,2,1,,293.74427124837223,360.77342822660535,,
ORDER,,60,2,1,,297.35763907611465,363.75380796332087,,
ORDER,,61,0,2,,300.2696979889488,350.67189134669957,,
ORDER,,62,3,2,,303.8058782363032,392.7169605051669,,
ORDER,,63,2,4,,305.2126675094837,357.9042837550636,,
ORDER,,64,2,4,,305.531463077669,367.5547015647433,,
ORDER,,65,2,1,,309.84962900816544,364.5895636423485,,
ORDER,,66,2,1,,315.8632985611454,370.91786041621265,,
ORDER,,67,3,1,,318.8681865841624,401.3017217682415,,
ORDER,,68,3,2,,319.7046347295217,400.5956165804913,,
ORDER,,69,2,2,,324.15739594426805,383.4643880386577,,
ORDER,,70,0,1,,330.7691682887302,385.16594200592067,,
ORDER,,71,2,1,,333.8516783255953,392.6672647875674,,
ORDER,,72,2,1,,334.95655703529945,391.2673737900638,,
ORDER,,73,3,1,,341.1297221221557,425.27112448614156,,
ORDER,,74,0,1,,342.4098369598256,393.8838757203231,,
ORDER,,75,2,2,,347.0603703379379,403.08512941114947,,
ORDER,,76,2,4,,352.46229422868447,420.05408199564465,,
ORDER,,77,0,1,,353.27031946623686,399.1710730307924,,
ORDER,,78,2,4,,353.6307354667738,415.2579318847655,,
ORDER,,79,2,4,,359.27425610379345,424.48311375913516,,
