record_type,key,i,j,k,l,value,value2,value3,text
META,instance_id,,,,,,,,"""sensitivity_L_18_08_10_160_D1_rho095_loose_000_rm2_wsd060_rcd080"""
META,scale,,,,,,,,"""L"""
META,scenario,,,,,,,,"""D1"""
META,generation_seed,,,,,,,,3194321682
META,target_load_ratio,,,,,,,,0.95
META,due_tightness,,,,,,,,"""loose"""
META,worker_skill_density,,,,,,,,0.6
META,robot_capability_density,,,,,,,,0.8
META,relocation_multiplier,,,,,,,,2.0
META,num_stages,,,,,,,,8
META,generation_meta,,,,,,,,"{""paper_vs_implementation"":{""paper_specified"":[""scale ranges"",""70-100% route coverage"",""processing/efficiency/synergy distributions"",""skill/capability density choices"",""D1-D5 qualitative scenario definitions"",""load-ratio choices"",""weight distribution"",""due-date-factor ranges"",""relocation-time ranges"",""load-balance initial configuration with random perturbation""],""implementation_choices"":{""arrival_rate_calibration"":""work_content_over_effective_parallel_servers"",""same_stage_cells_are_adjacent"":true,""initial_configuration_perturbation_rate"":0.15,""scenario_timing_basis"":""order_index_fraction"",""base_product_mix"":""uniform""}},""base_arrival_rate_orders_per_minute"":0.28946046215112314,""effective_parallel_servers_for_load_calibration"":18,""mean_minimum_route_work_minutes"":59.07542561399053,""actual_hr_compatibility_rate_parameter"":0.8110968552785714,""actual_worker_skill_density"":0.5729166666666666,""actual_robot_capability_density"":0.8375,""instance_parameter_table"":{""scale"":""L"",""M"":18,""S"":8,""R"":10,""J"":160,""H"":12,""V"":8,""parameter_case_id"":""L_18_08_10_160""},""parameter_case_id"":""L_18_08_10_160"",""dimensions"":{""S"":8,""M"":18,""J"":160,""H"":12,""R"":10,""V"":8},""scenario_parameters"":{""timing_basis"":""order_index_fraction"",""base_product_mix"":""uniform"",""d2_sampled_burst_multiplier"":null,""d2_burst_window"":[0.4,0.7],""d3_mix_switch_ratio"":0.5,""d3_dominant_product_sequence"":[0,1],""d4_change_ratios"":[0.33,0.67],""d4_arrival_rate_multipliers"":[1.0,1.75,1.25],""d4_dominant_product_sequence"":[0,1,2],""d5_urgent_index_window"":[72,88],""d5_urgent_arrival_rate_multiplier"":3.0,""d5_urgent_dominant_product"":1,""dominant_product_share"":0.7},""route_stage_coverage"":[0.7,1.0],""min_multi_cell_stage_ratio"":0.3}"
CELL,,0,0,,,,,,
CELL,,1,0,,,,,,
CELL,,2,1,,,,,,
CELL,,3,2,,,,,,
CELL,,4,2,,,,,,
CELL,,5,2,,,,,,
CELL,,6,3,,,,,,
CELL,,7,4,,,,,,
CELL,,8,4,,,,,,
CELL,,9,4,,,,,,
CELL,,10,5,,,,,,
CELL,,11,5,,,,,,
CELL,,12,5,,,,,,
CELL,,13,6,,,,,,
CELL,,14,6,,,,,,
CELL,,15,7,,,,,,
CELL,,16,7,,,,,,
CELL,,17,7,,,,,,
ROUTE,,0,0,0,,,,,
ROUTE,,0,1,1,,,,,
ROUTE,,0,2,2,,,,,
ROUTE,,0,3,3,,,,,
ROUTE,,0,4,4,,,,,
ROUTE,,0,5,5,,,,,
ROUTE,,0,6,6,,,,,
ROUTE,,0,7,7,,,,,
ROUTE,,1,0,1,,,,,
ROUTE,,1,1,2,,,,,
ROUTE,,1,2,3,,,,,
ROUTE,,1,3,4,,,,,
ROUTE,,1,4,5,,,,,
ROUTE,,1,5,6,,,,,
ROUTE,,1,6,7,,,,,
ROUTE,,2,0,0,,,,,
ROUTE,,2,1,1,,,,,
ROUTE,,2,2,3,,,,,
ROUTE,,2,3,4,,,,,
ROUTE,,2,4,5,,,,,
ROUTE,,2,5,6,,,,,
ROUTE,,2,6,7,,,,,
ROUTE,,3,0,0,,,,,
ROUTE,,3,1,1,,,,,
ROUTE,,3,2,2,,,,,
ROUTE,,3,3,4,,,,,
ROUTE,,3,4,5,,,,,
ROUTE,,3,5,6,,,,,
ROUTE,,3,6,7,,,,,
ROUTE,,4,0,0,,,,,
ROUTE,,4,1,1,,,,,
ROUTE,,4,2,2,,,,,
ROUTE,,4,3,3,,,,,
ROUTE,,4,4,4,,,,,
ROUTE,,4,5,5,,,,,
ROUTE,,4,6,6,,,,,
ROUTE,,4,7,7,,,,,
ROUTE,,5,0,0,,,,,
ROUTE,,5,1,1,,,,,
ROUTE,,5,2,3,,,,,
ROUTE,,5,3,5,,,,,
ROUTE,,5,4,6,,,,,
ROUTE,,5,5,7,,,,,
ROUTE,,6,0,0,,,,,
ROUTE,,6,1,1,,,,,
ROUTE,,6,2,2,,,,,
ROUTE,,6,3,5,,,,,
ROUTE,,6,4,6,,,,,
ROUTE,,6,5,7,,,,,
ROUTE,,7,0,0,,,,,
ROUTE,,7,1,1,,,,,
ROUTE,,7,2,2,,,,,
ROUTE,,7,3,3,,,,,
ROUTE,,7,4,4,,,,,
ROUTE,,7,5,7,,,,,
BASE_PROCESS,,0,0,,,18.555148888957426,,,
BASE_PROCESS,,0,1,,,12.273946189434112,,,
BASE_PROCESS,,0,2,,,10.656612865065805,,,
BASE_PROCESS,,0,3,,,20.03391373473407,,,
BASE_PROCESS,,0,4,,,22.76434918758087,,,
BASE_PROCESS,,0,5,,,12.127298005115186,,,
BASE_PROCESS,,0,6,,,24.712294460779027,,,
BASE_PROCESS,,0,7,,,15.767106541872023,,,
BASE_PROCESS,,1,0,,,13.654921058179202,,,
BASE_PROCESS,,1,1,,,14.118800316828839,,,
BASE_PROCESS,,1,2,,,10.685987641970492,,,
BASE_PROCESS,,1,3,,,11.38257639543816,,,
BASE_PROCESS,,1,4,,,9.377863606346976,,,
BASE_PROCESS,,1,5,,,17.263044469602598,,,
BASE_PROCESS,,1,6,,,24.33490904833642,,,
BASE_PROCESS,,1,7,,,20.30417396517076,,,
BASE_PROCESS,,2,0,,,20.862597082673854,,,
BASE_PROCESS,,2,1,,,15.411523407217459,,,
BASE_PROCESS,,2,2,,,20.53607408536083,,,
BASE_PROCESS,,2,3,,,15.219595008993267,,,
BASE_PROCESS,,2,4,,,9.99569548606161,,,
BASE_PROCESS,,2,5,,,9.5854901853079,,,
BASE_PROCESS,,2,6,,,12.453296209185265,,,
BASE_PROCESS,,2,7,,,21.77795425658702,,,
BASE_PROCESS,,3,0,,,16.17124401417577,,,
BASE_PROCESS,,3,1,,,16.130954526770807,,,
BASE_PROCESS,,3,2,,,10.247746797261538,,,
BASE_PROCESS,,3,3,,,17.43436233778848,,,
BASE_PROCESS,,3,4,,,9.21592315378983,,,
BASE_PROCESS,,3,5,,,22.613464914797042,,,
BASE_PROCESS,,3,6,,,8.98772586446003,,,
BASE_PROCESS,,3,7,,,14.670814206950276,,,
BASE_PROCESS,,4,0,,,12.871794392242233,,,
BASE_PROCESS,,4,1,,,9.02421572738942,,,
BASE_PROCESS,,4,2,,,9.603594674606205,,,
BASE_PROCESS,,4,3,,,20.530227937174494,,,
BASE_PROCESS,,4,4,,,24.90384227835764,,,
BASE_PROCESS,,4,5,,,21.196570638816052,,,
BASE_PROCESS,,4,6,,,9.673964183639296,,,
BASE_PROCESS,,4,7,,,11.243564663656764,,,
BASE_PROCESS,,5,0,,,13.702966452736472,,,
BASE_PROCESS,,5,1,,,10.85741008016318,,,
BASE_PROCESS,,5,2,,,23.015458146767237,,,
BASE_PROCESS,,5,3,,,19.500324984493,,,
BASE_PROCESS,,5,4,,,18.429385139334382,,,
BASE_PROCESS,,5,5,,,15.818115544372906,,,
BASE_PROCESS,,5,6,,,15.341416931920346,,,
BASE_PROCESS,,5,7,,,20.41732580898741,,,
BASE_PROCESS,,6,0,,,21.456157874560624,,,
BASE_PROCESS,,6,1,,,14.705873265169965,,,
BASE_PROCESS,,6,2,,,16.516536131123534,,,
BASE_PROCESS,,6,3,,,18.371186848843735,,,
BASE_PROCESS,,6,4,,,17.256280671252433,,,
BASE_PROCESS,,6,5,,,21.451983745224716,,,
BASE_PROCESS,,6,6,,,11.316140867032935,,,
BASE_PROCESS,,6,7,,,19.051537407985915,,,
BASE_PROCESS,,7,0,,,20.45934042855629,,,
BASE_PROCESS,,7,1,,,15.918320155985212,,,
BASE_PROCESS,,7,2,,,17.62997842679145,,,
BASE_PROCESS,,7,3,,,9.211331693040345,,,
BASE_PROCESS,,7,4,,,19.699355762262655,,,
BASE_PROCESS,,7,5,,,23.55781374885641,,,
BASE_PROCESS,,7,6,,,8.822525899768454,,,
BASE_PROCESS,,7,7,,,8.507362981854282,,,
WORKER_SKILL,,0,0,,,0,,,
WORKER_SKILL,,0,1,,,1,,,
WORKER_SKILL,,0,2,,,0,,,
WORKER_SKILL,,0,3,,,1,,,
WORKER_SKILL,,0,4,,,0,,,
WORKER_SKILL,,0,5,,,1,,,
WORKER_SKILL,,0,6,,,0,,,
WORKER_SKILL,,0,7,,,0,,,
WORKER_SKILL,,1,0,,,1,,,
WORKER_SKILL,,1,1,,,1,,,
WORKER_SKILL,,1,2,,,1,,,
WORKER_SKILL,,1,3,,,0,,,
WORKER_SKILL,,1,4,,,1,,,
WORKER_SKILL,,1,5,,,0,,,
WORKER_SKILL,,1,6,,,0,,,
WORKER_SKILL,,1,7,,,1,,,
WORKER_SKILL,,2,0,,,1,,,
WORKER_SKILL,,2,1,,,0,,,
WORKER_SKILL,,2,2,,,0,,,
WORKER_SKILL,,2,3,,,1,,,
WORKER_SKILL,,2,4,,,1,,,
WORKER_SKILL,,2,5,,,1,,,
WORKER_SKILL,,2,6,,,1,,,
WORKER_SKILL,,2,7,,,0,,,
WORKER_SKILL,,3,0,,,1,,,
WORKER_SKILL,,3,1,,,0,,,
WORKER_SKILL,,3,2,,,1,,,
WORKER_SKILL,,3,3,,,1,,,
WORKER_SKILL,,3,4,,,0,,,
WORKER_SKILL,,3,5,,,1,,,
WORKER_SKILL,,3,6,,,0,,,
WORKER_SKILL,,3,7,,,1,,,
WORKER_SKILL,,4,0,,,1,,,
WORKER_SKILL,,4,1,,,1,,,
WORKER_SKILL,,4,2,,,1,,,
WORKER_SKILL,,4,3,,,1,,,
WORKER_SKILL,,4,4,,,1,,,
WORKER_SKILL,,4,5,,,1,,,
WORKER_SKILL,,4,6,,,0,,,
WORKER_SKILL,,4,7,,,1,,,
WORKER_SKILL,,5,0,,,1,,,
WORKER_SKILL,,5,1,,,0,,,
WORKER_SKILL,,5,2,,,0,,,
WORKER_SKILL,,5,3,,,0,,,
WORKER_SKILL,,5,4,,,1,,,
WORKER_SKILL,,5,5,,,1,,,
WORKER_SKILL,,5,6,,,1,,,
WORKER_SKILL,,5,7,,,0,,,
WORKER_SKILL,,6,0,,,1,,,
WORKER_SKILL,,6,1,,,0,,,
WORKER_SKILL,,6,2,,,1,,,
WORKER_SKILL,,6,3,,,1,,,
WORKER_SKILL,,6,4,,,0,,,
WORKER_SKILL,,6,5,,,0,,,
WORKER_SKILL,,6,6,,,0,,,
WORKER_SKILL,,6,7,,,1,,,
WORKER_SKILL,,7,0,,,0,,,
WORKER_SKILL,,7,1,,,0,,,
WORKER_SKILL,,7,2,,,0,,,
WORKER_SKILL,,7,3,,,1,,,
WORKER_SKILL,,7,4,,,1,,,
WORKER_SKILL,,7,5,,,0,,,
WORKER_SKILL,,7,6,,,0,,,
WORKER_SKILL,,7,7,,,1,,,
WORKER_SKILL,,8,0,,,0,,,
WORKER_SKILL,,8,1,,,1,,,
WORKER_SKILL,,8,2,,,0,,,
WORKER_SKILL,,8,3,,,0,,,
WORKER_SKILL,,8,4,,,1,,,
WORKER_SKILL,,8,5,,,0,,,
WORKER_SKILL,,8,6,,,1,,,
WORKER_SKILL,,8,7,,,1,,,
WORKER_SKILL,,9,0,,,0,,,
WORKER_SKILL,,9,1,,,1,,,
WORKER_SKILL,,9,2,,,1,,,
WORKER_SKILL,,9,3,,,0,,,
WORKER_SKILL,,9,4,,,1,,,
WORKER_SKILL,,9,5,,,0,,,
WORKER_SKILL,,9,6,,,1,,,
WORKER_SKILL,,9,7,,,1,,,
WORKER_SKILL,,10,0,,,1,,,
WORKER_SKILL,,10,1,,,1,,,
WORKER_SKILL,,10,2,,,0,,,
WORKER_SKILL,,10,3,,,0,,,
WORKER_SKILL,,10,4,,,1,,,
WORKER_SKILL,,10,5,,,1,,,
WORKER_SKILL,,10,6,,,1,,,
WORKER_SKILL,,10,7,,,1,,,
WORKER_SKILL,,11,0,,,1,,,
WORKER_SKILL,,11,1,,,0,,,
WORKER_SKILL,,11,2,,,1,,,
WORKER_SKILL,,11,3,,,0,,,
WORKER_SKILL,,11,4,,,1,,,
WORKER_SKILL,,11,5,,,0,,,
WORKER_SKILL,,11,6,,,0,,,
WORKER_SKILL,,11,7,,,1,,,
WORKER_EFF,,0,0,,,1.0529164784294018,,,
WORKER_EFF,,0,1,,,0.8306009475781176,,,
WORKER_EFF,,0,2,,,0.9029195603720487,,,
WORKER_EFF,,0,3,,,0.8486473658451695,,,
WORKER_EFF,,0,4,,,1.1417944399655442,,,
WORKER_EFF,,0,5,,,1.019236022311036,,,
WORKER_EFF,,0,6,,,1.072109564264787,,,
WORKER_EFF,,0,7,,,1.1119778827241333,,,
WORKER_EFF,,1,0,,,0.9773171151859593,,,
WORKER_EFF,,1,1,,,1.1530620472460498,,,
WORKER_EFF,,1,2,,,1.0090988525522406,,,
WORKER_EFF,,1,3,,,1.1979408588108718,,,
WORKER_EFF,,1,4,,,0.9123284626904352,,,
WORKER_EFF,,1,5,,,1.099016067686255,,,
WORKER_EFF,,1,6,,,1.0509759611711373,,,
WORKER_EFF,,1,7,,,1.0043373855660336,,,
WORKER_EFF,,2,0,,,0.8164178607380086,,,
WORKER_EFF,,2,1,,,0.8884393983828442,,,
WORKER_EFF,,2,2,,,0.8084868256839526,,,
WORKER_EFF,,2,3,,,1.1930919259474217,,,
WORKER_EFF,,2,4,,,0.9844115439508528,,,
WORKER_EFF,,2,5,,,0.947589901643146,,,
WORKER_EFF,,2,6,,,0.8448487855465108,,,
WORKER_EFF,,2,7,,,1.1255632644206206,,,
WORKER_EFF,,3,0,,,0.8479086649685406,,,
WORKER_EFF,,3,1,,,0.9659128647130453,,,
WORKER_EFF,,3,2,,,1.183643709280916,,,
WORKER_EFF,,3,3,,,1.1092159791941416,,,
WORKER_EFF,,3,4,,,0.8941918346651087,,,
WORKER_EFF,,3,5,,,0.9257379757077191,,,
WORKER_EFF,,3,6,,,1.0102217430475586,,,
WORKER_EFF,,3,7,,,1.1444145411108542,,,
WORKER_EFF,,4,0,,,1.121855487536062,,,
WORKER_EFF,,4,1,,,1.185364562045467,,,
WORKER_EFF,,4,2,,,1.117891913899874,,,
WORKER_EFF,,4,3,,,0.942391129328144,,,
WORKER_EFF,,4,4,,,0.9186900482273193,,,
WORKER_EFF,,4,5,,,1.0194238065764554,,,
WORKER_EFF,,4,6,,,0.9676687969962882,,,
WORKER_EFF,,4,7,,,1.1288869616193646,,,
WORKER_EFF,,5,0,,,1.0336957021161293,,,
WORKER_EFF,,5,1,,,1.170849276117238,,,
WORKER_EFF,,5,2,,,1.1456302272165624,,,
WORKER_EFF,,5,3,,,0.861250091608012,,,
WORKER_EFF,,5,4,,,0.9267823031241786,,,
WORKER_EFF,,5,5,,,0.9927474938988081,,,
WORKER_EFF,,5,6,,,0.9682509717390765,,,
WORKER_EFF,,5,7,,,1.16098988306286,,,
WORKER_EFF,,6,0,,,0.9669526033621454,,,
WORKER_EFF,,6,1,,,1.1661931041542932,,,
WORKER_EFF,,6,2,,,1.0531417493510293,,,
WORKER_EFF,,6,3,,,1.132845759899615,,,
WORKER_EFF,,6,4,,,1.107056980176504,,,
WORKER_EFF,,6,5,,,0.9982523873167031,,,
WORKER_EFF,,6,6,,,1.1497853656349148,,,
WORKER_EFF,,6,7,,,0.9799478166701335,,,
WORKER_EFF,,7,0,,,0.8157643229228588,,,
WORKER_EFF,,7,1,,,1.0479090788506866,,,
WORKER_EFF,,7,2,,,0.9172534941707859,,,
WORKER_EFF,,7,3,,,1.1349264221855149,,,
WORKER_EFF,,7,4,,,1.0113083469081916,,,
WORKER_EFF,,7,5,,,1.1347722279869168,,,
WORKER_EFF,,7,6,,,0.939720300962448,,,
WORKER_EFF,,7,7,,,1.0048081200346288,,,
WORKER_EFF,,8,0,,,0.8535905399499162,,,
WORKER_EFF,,8,1,,,1.1326178532842694,,,
WORKER_EFF,,8,2,,,1.1453873873534763,,,
WORKER_EFF,,8,3,,,1.0840693656983817,,,
WORKER_EFF,,8,4,,,0.8586371540551723,,,
WORKER_EFF,,8,5,,,0.8920743434977753,,,
WORKER_EFF,,8,6,,,0.8518820694713113,,,
WORKER_EFF,,8,7,,,1.0380783604286563,,,
WORKER_EFF,,9,0,,,1.0690579241086442,,,
WORKER_EFF,,9,1,,,1.0313181513409413,,,
WORKER_EFF,,9,2,,,1.004407167842558,,,
WORKER_EFF,,9,3,,,1.0677594537590864,,,
WORKER_EFF,,9,4,,,0.8880288761102023,,,
WORKER_EFF,,9,5,,,0.9322863922987368,,,
WORKER_EFF,,9,6,,,0.8445882708896731,,,
WORKER_EFF,,9,7,,,0.9308632799108891,,,
WORKER_EFF,,10,0,,,0.8514962067913088,,,
WORKER_EFF,,10,1,,,1.0372243492271385,,,
WORKER_EFF,,10,2,,,1.141686827206776,,,
WORKER_EFF,,10,3,,,1.169467801784643,,,
WORKER_EFF,,10,4,,,0.8996007103963208,,,
WORKER_EFF,,10,5,,,1.0564541445124425,,,
WORKER_EFF,,10,6,,,0.8112683702905003,,,
WORKER_EFF,,10,7,,,1.0946099430491278,,,
WORKER_EFF,,11,0,,,1.1103932751678767,,,
WORKER_EFF,,11,1,,,0.9726861520768395,,,
WORKER_EFF,,11,2,,,0.9254205006481597,,,
WORKER_EFF,,11,3,,,1.0031414423377014,,,
WORKER_EFF,,11,4,,,1.016627397665671,,,
WORKER_EFF,,11,5,,,0.9466960066893356,,,
WORKER_EFF,,11,6,,,0.8438453233064468,,,
WORKER_EFF,,11,7,,,1.1578795658948693,,,
ROBOT_CAP,,0,0,,,1,,,
ROBOT_CAP,,0,1,,,1,,,
ROBOT_CAP,,0,2,,,1,,,
ROBOT_CAP,,0,3,,,1,,,
ROBOT_CAP,,0,4,,,1,,,
ROBOT_CAP,,0,5,,,1,,,
ROBOT_CAP,,0,6,,,1,,,
ROBOT_CAP,,0,7,,,1,,,
ROBOT_CAP,,1,0,,,1,,,
ROBOT_CAP,,1,1,,,1,,,
ROBOT_CAP,,1,2,,,1,,,
ROBOT_CAP,,1,3,,,1,,,
ROBOT_CAP,,1,4,,,1,,,
ROBOT_CAP,,1,5,,,1,,,
ROBOT_CAP,,1,6,,,1,,,
ROBOT_CAP,,1,7,,,1,,,
ROBOT_CAP,,2,0,,,1,,,
ROBOT_CAP,,2,1,,,1,,,
ROBOT_CAP,,2,2,,,0,,,
ROBOT_CAP,,2,3,,,0,,,
ROBOT_CAP,,2,4,,,1,,,
ROBOT_CAP,,2,5,,,1,,,
ROBOT_CAP,,2,6,,,1,,,
ROBOT_CAP,,2,7,,,1,,,
ROBOT_CAP,,3,0,,,0,,,
ROBOT_CAP,,3,1,,,1,,,
ROBOT_CAP,,3,2,,,1,,,
ROBOT_CAP,,3,3,,,1,,,
ROBOT_CAP,,3,4,,,1,,,
ROBOT_CAP,,3,5,,,1,,,
ROBOT_CAP,,3,6,,,0,,,
ROBOT_CAP,,3,7,,,1,,,
ROBOT_CAP,,4,0,,,1,,,
ROBOT_CAP,,4,1,,,1,,,
ROBOT_CAP,,4,2,,,1,,,
ROBOT_CAP,,4,3,,,1,,,
ROBOT_CAP,,4,4,,,1,,,
ROBOT_CAP,,4,5,,,1,,,
ROBOT_CAP,,4,6,,,1,,,
ROBOT_CAP,,4,7,,,0,,,
ROBOT_CAP,,5,0,,,1,,,
ROBOT_CAP,,5,1,,,1,,,
ROBOT_CAP,,5,2,,,0,,,
ROBOT_CAP,,5,3,,,0,,,
ROBOT_CAP,,5,4,,,1,,,
ROBOT_CAP,,5,5,,,1,,,
ROBOT_CAP,,5,6,,,0,,,
ROBOT_CAP,,5,7,,,1,,,
ROBOT_CAP,,6,0,,,0,,,
ROBOT_CAP,,6,1,,,1,,,
ROBOT_CAP,,6,2,,,1,,,
ROBOT_CAP,,6,3,,,1,,,
ROBOT_CAP,,6,4,,,1,,,
ROBOT_CAP,,6,5,,,1,,,
ROBOT_CAP,,6,6,,,1,,,
ROBOT_CAP,,6,7,,,1,,,
ROBOT_CAP,,7,0,,,1,,,
ROBOT_CAP,,7,1,,,1,,,
ROBOT_CAP,,7,2,,,1,,,
ROBOT_CAP,,7,3,,,0,,,
ROBOT_CAP,,7,4,,,0,,,
ROBOT_CAP,,7,5,,,1,,,
ROBOT_CAP,,7,6,,,0,,,
ROBOT_CAP,,7,7,,,1,,,
ROBOT_CAP,,8,0,,,1,,,
ROBOT_CAP,,8,1,,,1,,,
ROBOT_CAP,,8,2,,,1,,,
ROBOT_CAP,,8,3,,,1,,,
ROBOT_CAP,,8,4,,,1,,,
ROBOT_CAP,,8,5,,,1,,,
ROBOT_CAP,,8,6,,,1,,,
ROBOT_CAP,,8,7,,,1,,,
ROBOT_CAP,,9,0,,,1,,,
ROBOT_CAP,,9,1,,,1,,,
ROBOT_CAP,,9,2,,,1,,,
ROBOT_CAP,,9,3,,,1,,,
ROBOT_CAP,,9,4,,,0,,,
ROBOT_CAP,,9,5,,,1,,,
ROBOT_CAP,,9,6,,,1,,,
ROBOT_CAP,,9,7,,,1,,,
ROBOT_EFF,,0,0,,,1.0712892516182317,,,
ROBOT_EFF,,0,1,,,0.8712209508650386,,,
ROBOT_EFF,,0,2,,,1.1668984499014154,,,
ROBOT_EFF,,0,3,,,1.1384287498467587,,,
ROBOT_EFF,,0,4,,,0.9715167610975849,,,
ROBOT_EFF,,0,5,,,1.2457990140712876,,,
ROBOT_EFF,,0,6,,,1.140344160682913,,,
ROBOT_EFF,,0,7,,,1.1978772541283806,,,
ROBOT_EFF,,1,0,,,1.1151422873895318,,,
ROBOT_EFF,,1,1,,,0.9942814038738076,,,
ROBOT_EFF,,1,2,,,0.9972171141624584,,,
ROBOT_EFF,,1,3,,,0.9779658908035116,,,
ROBOT_EFF,,1,4,,,0.852283746765022,,,
ROBOT_EFF,,1,5,,,1.0563608295964702,,,
ROBOT_EFF,,1,6,,,0.876634782969546,,,
ROBOT_EFF,,1,7,,,0.8714512708362803,,,
ROBOT_EFF,,2,0,,,0.9519198935425943,,,
ROBOT_EFF,,2,1,,,1.0757551637689855,,,
ROBOT_EFF,,2,2,,,1.2103877341256153,,,
ROBOT_EFF,,2,3,,,1.270110100947642,,,
ROBOT_EFF,,2,4,,,1.0431918661033548,,,
ROBOT_EFF,,2,5,,,0.871305740201021,,,
ROBOT_EFF,,2,6,,,1.1290920894978018,,,
ROBOT_EFF,,2,7,,,0.9702876369873632,,,
ROBOT_EFF,,3,0,,,0.9849347942829414,,,
ROBOT_EFF,,3,1,,,1.1275606202415482,,,
ROBOT_EFF,,3,2,,,1.1328929175647295,,,
ROBOT_EFF,,3,3,,,0.9721565875753464,,,
ROBOT_EFF,,3,4,,,1.1279973596902264,,,
ROBOT_EFF,,3,5,,,1.2225461393622803,,,
ROBOT_EFF,,3,6,,,1.1524685059022317,,,
ROBOT_EFF,,3,7,,,1.015577492220194,,,
ROBOT_EFF,,4,0,,,1.0342908540540534,,,
ROBOT_EFF,,4,1,,,1.0315293002448964,,,
ROBOT_EFF,,4,2,,,1.20010026701886,,,
ROBOT_EFF,,4,3,,,1.179791872293325,,,
ROBOT_EFF,,4,4,,,1.0261300673715779,,,
ROBOT_EFF,,4,5,,,0.938046267727525,,,
ROBOT_EFF,,4,6,,,0.9482678370692891,,,
ROBOT_EFF,,4,7,,,1.0585903342941652,,,
ROBOT_EFF,,5,0,,,1.2088191719433312,,,
ROBOT_EFF,,5,1,,,0.9496440734227634,,,
ROBOT_EFF,,5,2,,,1.01840029739551,,,
ROBOT_EFF,,5,3,,,0.9952329618619185,,,
ROBOT_EFF,,5,4,,,1.2905025720420535,,,
ROBOT_EFF,,5,5,,,0.906760426363121,,,
ROBOT_EFF,,5,6,,,1.2978026459292635,,,
ROBOT_EFF,,5,7,,,1.100777235443829,,,
ROBOT_EFF,,6,0,,,0.9973075238260962,,,
ROBOT_EFF,,6,1,,,1.1502775768100202,,,
ROBOT_EFF,,6,2,,,1.10057532881382,,,
ROBOT_EFF,,6,3,,,0.9475087909040041,,,
ROBOT_EFF,,6,4,,,1.1498838540538496,,,
ROBOT_EFF,,6,5,,,1.2502064686158116,,,
ROBOT_EFF,,6,6,,,0.9290778893051503,,,
ROBOT_EFF,,6,7,,,1.0926094788872376,,,
ROBOT_EFF,,7,0,,,1.004935314573574,,,
ROBOT_EFF,,7,1,,,1.0740943766094941,,,
ROBOT_EFF,,7,2,,,1.2494777624022047,,,
ROBOT_EFF,,7,3,,,0.9246286380676972,,,
ROBOT_EFF,,7,4,,,0.960408175939353,,,
ROBOT_EFF,,7,5,,,1.1896521590092242,,,
ROBOT_EFF,,7,6,,,1.0294807258478342,,,
ROBOT_EFF,,7,7,,,1.1522985338389606,,,
ROBOT_EFF,,8,0,,,1.0255531400403801,,,
ROBOT_EFF,,8,1,,,1.0502034025283509,,,
ROBOT_EFF,,8,2,,,1.1654084773050553,,,
ROBOT_EFF,,8,3,,,1.1674917941429994,,,
ROBOT_EFF,,8,4,,,1.1153376827918635,,,
ROBOT_EFF,,8,5,,,0.910637903916237,,,
ROBOT_EFF,,8,6,,,1.1719935774774384,,,
ROBOT_EFF,,8,7,,,0.9955365917492889,,,
ROBOT_EFF,,9,0,,,1.176386941221638,,,
ROBOT_EFF,,9,1,,,0.9261330071320034,,,
ROBOT_EFF,,9,2,,,1.1541355662140873,,,
ROBOT_EFF,,9,3,,,1.2055040144945144,,,
ROBOT_EFF,,9,4,,,1.1274026180306531,,,
ROBOT_EFF,,9,5,,,0.905400978308207,,,
ROBOT_EFF,,9,6,,,1.1595723657810904,,,
ROBOT_EFF,,9,7,,,1.1974657832228806,,,
HR_COMPAT,,0,0,0,,0,,,
HR_SYNERGY,,0,0,0,,0.7257079604745011,,,
HR_COMPAT,,0,0,1,,1,,,
HR_SYNERGY,,0,0,1,,0.8561442354276815,,,
HR_COMPAT,,0,0,2,,0,,,
HR_SYNERGY,,0,0,2,,0.8573369735956735,,,
HR_COMPAT,,0,0,3,,1,,,
HR_SYNERGY,,0,0,3,,0.724111192608536,,,
HR_COMPAT,,0,0,4,,0,,,
HR_SYNERGY,,0,0,4,,0.7968168381913592,,,
HR_COMPAT,,0,0,5,,1,,,
HR_SYNERGY,,0,0,5,,0.8298790769623466,,,
HR_COMPAT,,0,0,6,,0,,,
HR_SYNERGY,,0,0,6,,0.8243134182269016,,,
HR_COMPAT,,0,0,7,,0,,,
HR_SYNERGY,,0,0,7,,0.8652342092502925,,,
HR_COMPAT,,0,1,0,,0,,,
HR_SYNERGY,,0,1,0,,0.7863389397789583,,,
HR_COMPAT,,0,1,1,,1,,,
HR_SYNERGY,,0,1,1,,0.7534032935234065,,,
HR_COMPAT,,0,1,2,,0,,,
HR_SYNERGY,,0,1,2,,0.8322947282600798,,,
HR_COMPAT,,0,1,3,,1,,,
HR_SYNERGY,,0,1,3,,0.7763079408346396,,,
HR_COMPAT,,0,1,4,,0,,,
HR_SYNERGY,,0,1,4,,0.7018189178516767,,,
HR_COMPAT,,0,1,5,,1,,,
HR_SYNERGY,,0,1,5,,0.7881245406137066,,,
HR_COMPAT,,0,1,6,,0,,,
HR_SYNERGY,,0,1,6,,0.8296827683716529,,,
HR_COMPAT,,0,1,7,,0,,,
HR_SYNERGY,,0,1,7,,0.7352550798681701,,,
HR_COMPAT,,0,2,0,,0,,,
HR_SYNERGY,,0,2,0,,0.6747330953555655,,,
HR_COMPAT,,0,2,1,,0,,,
HR_SYNERGY,,0,2,1,,0.7482081054165232,,,
HR_COMPAT,,0,2,2,,0,,,
HR_SYNERGY,,0,2,2,,0.7257611966677944,,,
HR_COMPAT,,0,2,3,,0,,,
HR_SYNERGY,,0,2,3,,0.6705615630455075,,,
HR_COMPAT,,0,2,4,,0,,,
HR_SYNERGY,,0,2,4,,0.8973539517838203,,,
HR_COMPAT,,0,2,5,,1,,,
HR_SYNERGY,,0,2,5,,0.7297840138345348,,,
HR_COMPAT,,0,2,6,,0,,,
HR_SYNERGY,,0,2,6,,0.7560594620030184,,,
HR_COMPAT,,0,2,7,,0,,,
HR_SYNERGY,,0,2,7,,0.8126525043300102,,,
HR_COMPAT,,0,3,0,,0,,,
HR_SYNERGY,,0,3,0,,0.8103481973632742,,,
HR_COMPAT,,0,3,1,,1,,,
HR_SYNERGY,,0,3,1,,0.8987100641761923,,,
HR_COMPAT,,0,3,2,,0,,,
HR_SYNERGY,,0,3,2,,0.7045505097728182,,,
HR_COMPAT,,0,3,3,,1,,,
HR_SYNERGY,,0,3,3,,0.6837090381070585,,,
HR_COMPAT,,0,3,4,,0,,,
HR_SYNERGY,,0,3,4,,0.8006422823454348,,,
HR_COMPAT,,0,3,5,,1,,,
HR_SYNERGY,,0,3,5,,0.6749216166229912,,,
HR_COMPAT,,0,3,6,,0,,,
HR_SYNERGY,,0,3,6,,0.7280572999938549,,,
HR_COMPAT,,0,3,7,,0,,,
HR_SYNERGY,,0,3,7,,0.8815415782803975,,,
HR_COMPAT,,0,4,0,,0,,,
HR_SYNERGY,,0,4,0,,0.8292189089550469,,,
HR_COMPAT,,0,4,1,,1,,,
HR_SYNERGY,,0,4,1,,0.8930134064759622,,,
HR_COMPAT,,0,4,2,,0,,,
HR_SYNERGY,,0,4,2,,0.7838922645351007,,,
HR_COMPAT,,0,4,3,,1,,,
HR_SYNERGY,,0,4,3,,0.8953754796153577,,,
HR_COMPAT,,0,4,4,,0,,,
HR_SYNERGY,,0,4,4,,0.7503752305595809,,,
HR_COMPAT,,0,4,5,,1,,,
HR_SYNERGY,,0,4,5,,0.8285581059526884,,,
HR_COMPAT,,0,4,6,,0,,,
HR_SYNERGY,,0,4,6,,0.8079755186718343,,,
HR_COMPAT,,0,4,7,,0,,,
HR_SYNERGY,,0,4,7,,0.8762722332827233,,,
HR_COMPAT,,0,5,0,,0,,,
HR_SYNERGY,,0,5,0,,0.7810662833383989,,,
HR_COMPAT,,0,5,1,,0,,,
HR_SYNERGY,,0,5,1,,0.7825954840589906,,,
HR_COMPAT,,0,5,2,,0,,,
HR_SYNERGY,,0,5,2,,0.8820808570857179,,,
HR_COMPAT,,0,5,3,,0,,,
HR_SYNERGY,,0,5,3,,0.8691793130883124,,,
HR_COMPAT,,0,5,4,,0,,,
HR_SYNERGY,,0,5,4,,0.6647305866127678,,,
HR_COMPAT,,0,5,5,,1,,,
HR_SYNERGY,,0,5,5,,0.7160989261217976,,,
HR_COMPAT,,0,5,6,,0,,,
HR_SYNERGY,,0,5,6,,0.8242420909567497,,,
HR_COMPAT,,0,5,7,,0,,,
HR_SYNERGY,,0,5,7,,0.8788347410210765,,,
HR_COMPAT,,0,6,0,,0,,,
HR_SYNERGY,,0,6,0,,0.8908445478981617,,,
HR_COMPAT,,0,6,1,,1,,,
HR_SYNERGY,,0,6,1,,0.8747427543312956,,,
HR_COMPAT,,0,6,2,,0,,,
HR_SYNERGY,,0,6,2,,0.7507002018508557,,,
HR_COMPAT,,0,6,3,,1,,,
HR_SYNERGY,,0,6,3,,0.7209409968105615,,,
HR_COMPAT,,0,6,4,,0,,,
HR_SYNERGY,,0,6,4,,0.7859208859958279,,,
HR_COMPAT,,0,6,5,,1,,,
HR_SYNERGY,,0,6,5,,0.8163607072420642,,,
HR_COMPAT,,0,6,6,,0,,,
HR_SYNERGY,,0,6,6,,0.6817430554071249,,,
HR_COMPAT,,0,6,7,,0,,,
HR_SYNERGY,,0,6,7,,0.7024436650830197,,,
HR_COMPAT,,0,7,0,,0,,,
HR_SYNERGY,,0,7,0,,0.7569532401550871,,,
HR_COMPAT,,0,7,1,,1,,,
HR_SYNERGY,,0,7,1,,0.674246964797054,,,
HR_COMPAT,,0,7,2,,0,,,
HR_SYNERGY,,0,7,2,,0.658690925658111,,,
HR_COMPAT,,0,7,3,,0,,,
HR_SYNERGY,,0,7,3,,0.8370836155345892,,,
HR_COMPAT,,0,7,4,,0,,,
HR_SYNERGY,,0,7,4,,0.8783283226191203,,,
HR_COMPAT,,0,7,5,,1,,,
HR_SYNERGY,,0,7,5,,0.7197717244100553,,,
HR_COMPAT,,0,7,6,,0,,,
HR_SYNERGY,,0,7,6,,0.720331875066178,,,
HR_COMPAT,,0,7,7,,0,,,
HR_SYNERGY,,0,7,7,,0.8839233347477724,,,
HR_COMPAT,,0,8,0,,0,,,
HR_SYNERGY,,0,8,0,,0.8018907722552169,,,
HR_COMPAT,,0,8,1,,1,,,
HR_SYNERGY,,0,8,1,,0.7702746981506852,,,
HR_COMPAT,,0,8,2,,0,,,
HR_SYNERGY,,0,8,2,,0.8980109494712152,,,
HR_COMPAT,,0,8,3,,1,,,
HR_SYNERGY,,0,8,3,,0.8161097839262085,,,
HR_COMPAT,,0,8,4,,0,,,
HR_SYNERGY,,0,8,4,,0.661450023211621,,,
HR_COMPAT,,0,8,5,,1,,,
HR_SYNERGY,,0,8,5,,0.7241270922563519,,,
HR_COMPAT,,0,8,6,,0,,,
HR_SYNERGY,,0,8,6,,0.8505518013184811,,,
HR_COMPAT,,0,8,7,,0,,,
HR_SYNERGY,,0,8,7,,0.7494004455402672,,,
HR_COMPAT,,0,9,0,,0,,,
HR_SYNERGY,,0,9,0,,0.7558997597496878,,,
HR_COMPAT,,0,9,1,,0,,,
HR_SYNERGY,,0,9,1,,0.8681974822587957,,,
HR_COMPAT,,0,9,2,,0,,,
HR_SYNERGY,,0,9,2,,0.8360571421744263,,,
HR_COMPAT,,0,9,3,,1,,,
HR_SYNERGY,,0,9,3,,0.8180631804681884,,,
HR_COMPAT,,0,9,4,,0,,,
HR_SYNERGY,,0,9,4,,0.668292701783477,,,
HR_COMPAT,,0,9,5,,1,,,
HR_SYNERGY,,0,9,5,,0.8901788863964454,,,
HR_COMPAT,,0,9,6,,0,,,
HR_SYNERGY,,0,9,6,,0.7443345977007625,,,
HR_COMPAT,,0,9,7,,0,,,
HR_SYNERGY,,0,9,7,,0.6566190835506506,,,
HR_COMPAT,,1,0,0,,1,,,
HR_SYNERGY,,1,0,0,,0.7767281502482359,,,
HR_COMPAT,,1,0,1,,1,,,
HR_SYNERGY,,1,0,1,,0.828654480918678,,,
HR_COMPAT,,1,0,2,,0,,,
HR_SYNERGY,,1,0,2,,0.8876971766514585,,,
HR_COMPAT,,1,0,3,,0,,,
HR_SYNERGY,,1,0,3,,0.6739479716157888,,,
HR_COMPAT,,1,0,4,,1,,,
HR_SYNERGY,,1,0,4,,0.7742327953608792,,,
HR_COMPAT,,1,0,5,,0,,,
HR_SYNERGY,,1,0,5,,0.7774099545119528,,,
HR_COMPAT,,1,0,6,,0,,,
HR_SYNERGY,,1,0,6,,0.719975453090486,,,
HR_COMPAT,,1,0,7,,1,,,
HR_SYNERGY,,1,0,7,,0.7230185729928484,,,
HR_COMPAT,,1,1,0,,1,,,
HR_SYNERGY,,1,1,0,,0.7862718127964917,,,
HR_COMPAT,,1,1,1,,0,,,
HR_SYNERGY,,1,1,1,,0.8226343019482221,,,
HR_COMPAT,,1,1,2,,1,,,
HR_SYNERGY,,1,1,2,,0.766246517964521,,,
HR_COMPAT,,1,1,3,,0,,,
HR_SYNERGY,,1,1,3,,0.7812378194615581,,,
HR_COMPAT,,1,1,4,,0,,,
HR_SYNERGY,,1,1,4,,0.8167293198803431,,,
HR_COMPAT,,1,1,5,,0,,,
HR_SYNERGY,,1,1,5,,0.7332592730691364,,,
HR_COMPAT,,1,1,6,,0,,,
HR_SYNERGY,,1,1,6,,0.6539596570405432,,,
HR_COMPAT,,1,1,7,,1,,,
HR_SYNERGY,,1,1,7,,0.7950775878093608,,,
HR_COMPAT,,1,2,0,,0,,,
HR_SYNERGY,,1,2,0,,0.7948508340632334,,,
HR_COMPAT,,1,2,1,,1,,,
HR_SYNERGY,,1,2,1,,0.7245305765391583,,,
HR_COMPAT,,1,2,2,,0,,,
HR_SYNERGY,,1,2,2,,0.7355417182404096,,,
HR_COMPAT,,1,2,3,,0,,,
HR_SYNERGY,,1,2,3,,0.7254144744759891,,,
HR_COMPAT,,1,2,4,,1,,,
HR_SYNERGY,,1,2,4,,0.7034222339054367,,,
HR_COMPAT,,1,2,5,,0,,,
HR_SYNERGY,,1,2,5,,0.8875302198592786,,,
HR_COMPAT,,1,2,6,,0,,,
HR_SYNERGY,,1,2,6,,0.7076184216297637,,,
HR_COMPAT,,1,2,7,,1,,,
HR_SYNERGY,,1,2,7,,0.7553166752139835,,,
HR_COMPAT,,1,3,0,,0,,,
HR_SYNERGY,,1,3,0,,0.6834570579790233,,,
HR_COMPAT,,1,3,1,,1,,,
HR_SYNERGY,,1,3,1,,0.7879797526681653,,,
HR_COMPAT,,1,3,2,,1,,,
HR_SYNERGY,,1,3,2,,0.7090461802644984,,,
HR_COMPAT,,1,3,3,,0,,,
HR_SYNERGY,,1,3,3,,0.740332894708039,,,
HR_COMPAT,,1,3,4,,1,,,
HR_SYNERGY,,1,3,4,,0.793811164303369,,,
HR_COMPAT,,1,3,5,,0,,,
HR_SYNERGY,,1,3,5,,0.6625461494338478,,,
HR_COMPAT,,1,3,6,,0,,,
HR_SYNERGY,,1,3,6,,0.6591952475610503,,,
HR_COMPAT,,1,3,7,,1,,,
HR_SYNERGY,,1,3,7,,0.6702840525602896,,,
HR_COMPAT,,1,4,0,,1,,,
HR_SYNERGY,,1,4,0,,0.7549279579132913,,,
HR_COMPAT,,1,4,1,,1,,,
HR_SYNERGY,,1,4,1,,0.8153507290406341,,,
HR_COMPAT,,1,4,2,,1,,,
HR_SYNERGY,,1,4,2,,0.7300381779271263,,,
HR_COMPAT,,1,4,3,,0,,,
HR_SYNERGY,,1,4,3,,0.6823241634108879,,,
HR_COMPAT,,1,4,4,,1,,,
HR_SYNERGY,,1,4,4,,0.8872116193841124,,,
HR_COMPAT,,1,4,5,,0,,,
HR_SYNERGY,,1,4,5,,0.8081607944665707,,,
HR_COMPAT,,1,4,6,,0,,,
HR_SYNERGY,,1,4,6,,0.6972933728486244,,,
HR_COMPAT,,1,4,7,,0,,,
HR_SYNERGY,,1,4,7,,0.7135252790068369,,,
HR_COMPAT,,1,5,0,,1,,,
HR_SYNERGY,,1,5,0,,0.7333557366548638,,,
HR_COMPAT,,1,5,1,,1,,,
HR_SYNERGY,,1,5,1,,0.7686332299824724,,,
HR_COMPAT,,1,5,2,,0,,,
HR_SYNERGY,,1,5,2,,0.6536877615232934,,,
HR_COMPAT,,1,5,3,,0,,,
HR_SYNERGY,,1,5,3,,0.7922338988939028,,,
HR_COMPAT,,1,5,4,,1,,,
HR_SYNERGY,,1,5,4,,0.7238966209455611,,,
HR_COMPAT,,1,5,5,,0,,,
HR_SYNERGY,,1,5,5,,0.777452896393282,,,
HR_COMPAT,,1,5,6,,0,,,
HR_SYNERGY,,1,5,6,,0.889803940651813,,,
HR_COMPAT,,1,5,7,,1,,,
HR_SYNERGY,,1,5,7,,0.7609566361629266,,,
HR_COMPAT,,1,6,0,,0,,,
HR_SYNERGY,,1,6,0,,0.7207071601776333,,,
HR_COMPAT,,1,6,1,,0,,,
HR_SYNERGY,,1,6,1,,0.7884541530522706,,,
HR_COMPAT,,1,6,2,,1,,,
HR_SYNERGY,,1,6,2,,0.718213824190032,,,
HR_COMPAT,,1,6,3,,0,,,
HR_SYNERGY,,1,6,3,,0.7314707806555667,,,
HR_COMPAT,,1,6,4,,1,,,
HR_SYNERGY,,1,6,4,,0.7886981880175061,,,
HR_COMPAT,,1,6,5,,0,,,
HR_SYNERGY,,1,6,5,,0.7073325408368607,,,
HR_COMPAT,,1,6,6,,0,,,
HR_SYNERGY,,1,6,6,,0.7208074540985193,,,
HR_COMPAT,,1,6,7,,1,,,
HR_SYNERGY,,1,6,7,,0.7981754056113094,,,
HR_COMPAT,,1,7,0,,1,,,
HR_SYNERGY,,1,7,0,,0.6687310494781753,,,
HR_COMPAT,,1,7,1,,1,,,
HR_SYNERGY,,1,7,1,,0.7422352013409691,,,
HR_COMPAT,,1,7,2,,1,,,
HR_SYNERGY,,1,7,2,,0.738353781102297,,,
HR_COMPAT,,1,7,3,,0,,,
HR_SYNERGY,,1,7,3,,0.7033209192220069,,,
HR_COMPAT,,1,7,4,,0,,,
HR_SYNERGY,,1,7,4,,0.6935436029708248,,,
HR_COMPAT,,1,7,5,,0,,,
HR_SYNERGY,,1,7,5,,0.875885951435413,,,
HR_COMPAT,,1,7,6,,0,,,
HR_SYNERGY,,1,7,6,,0.7566662356890921,,,
HR_COMPAT,,1,7,7,,1,,,
HR_SYNERGY,,1,7,7,,0.7284702889264756,,,
HR_COMPAT,,1,8,0,,0,,,
HR_SYNERGY,,1,8,0,,0.74283670242891,,,
HR_COMPAT,,1,8,1,,1,,,
HR_SYNERGY,,1,8,1,,0.6944903960563802,,,
HR_COMPAT,,1,8,2,,0,,,
HR_SYNERGY,,1,8,2,,0.805853293735732,,,
HR_COMPAT,,1,8,3,,0,,,
HR_SYNERGY,,1,8,3,,0.6519153448949216,,,
HR_COMPAT,,1,8,4,,1,,,
HR_SYNERGY,,1,8,4,,0.6905894013245644,,,
HR_COMPAT,,1,8,5,,0,,,
HR_SYNERGY,,1,8,5,,0.858072281268846,,,
HR_COMPAT,,1,8,6,,0,,,
HR_SYNERGY,,1,8,6,,0.7244340098533757,,,
HR_COMPAT,,1,8,7,,1,,,
HR_SYNERGY,,1,8,7,,0.7597254178770484,,,
HR_COMPAT,,1,9,0,,1,,,
HR_SYNERGY,,1,9,0,,0.750494572252442,,,
HR_COMPAT,,1,9,1,,1,,,
HR_SYNERGY,,1,9,1,,0.7014606276871052,,,
HR_COMPAT,,1,9,2,,1,,,
HR_SYNERGY,,1,9,2,,0.7078636436652923,,,
HR_COMPAT,,1,9,3,,0,,,
HR_SYNERGY,,1,9,3,,0.8048620439688527,,,
HR_COMPAT,,1,9,4,,0,,,
HR_SYNERGY,,1,9,4,,0.8745087736855102,,,
HR_COMPAT,,1,9,5,,0,,,
HR_SYNERGY,,1,9,5,,0.8576993671383444,,,
HR_COMPAT,,1,9,6,,0,,,
HR_SYNERGY,,1,9,6,,0.7971397325888793,,,
HR_COMPAT,,1,9,7,,1,,,
HR_SYNERGY,,1,9,7,,0.6781349984179368,,,
HR_COMPAT,,2,0,0,,0,,,
HR_SYNERGY,,2,0,0,,0.850024363121787,,,
HR_COMPAT,,2,0,1,,0,,,
HR_SYNERGY,,2,0,1,,0.8177181704631186,,,
HR_COMPAT,,2,0,2,,0,,,
HR_SYNERGY,,2,0,2,,0.739306299846794,,,
HR_COMPAT,,2,0,3,,1,,,
HR_SYNERGY,,2,0,3,,0.8680550389493205,,,
HR_COMPAT,,2,0,4,,1,,,
HR_SYNERGY,,2,0,4,,0.7222382386426369,,,
HR_COMPAT,,2,0,5,,1,,,
HR_SYNERGY,,2,0,5,,0.7235755777116157,,,
HR_COMPAT,,2,0,6,,1,,,
HR_SYNERGY,,2,0,6,,0.7629983130699334,,,
HR_COMPAT,,2,0,7,,0,,,
HR_SYNERGY,,2,0,7,,0.7954383696695351,,,
HR_COMPAT,,2,1,0,,1,,,
HR_SYNERGY,,2,1,0,,0.8769364457582973,,,
HR_COMPAT,,2,1,1,,0,,,
HR_SYNERGY,,2,1,1,,0.8399091789661648,,,
HR_COMPAT,,2,1,2,,0,,,
HR_SYNERGY,,2,1,2,,0.8023479871822841,,,
HR_COMPAT,,2,1,3,,1,,,
HR_SYNERGY,,2,1,3,,0.6929967428475489,,,
HR_COMPAT,,2,1,4,,1,,,
HR_SYNERGY,,2,1,4,,0.8890124967268556,,,
HR_COMPAT,,2,1,5,,1,,,
HR_SYNERGY,,2,1,5,,0.8665618468780412,,,
HR_COMPAT,,2,1,6,,1,,,
HR_SYNERGY,,2,1,6,,0.818047566237389,,,
HR_COMPAT,,2,1,7,,0,,,
HR_SYNERGY,,2,1,7,,0.7149176234207848,,,
HR_COMPAT,,2,2,0,,0,,,
HR_SYNERGY,,2,2,0,,0.7474870465049033,,,
HR_COMPAT,,2,2,1,,0,,,
HR_SYNERGY,,2,2,1,,0.8596787994963142,,,
HR_COMPAT,,2,2,2,,0,,,
HR_SYNERGY,,2,2,2,,0.6717158654370539,,,
HR_COMPAT,,2,2,3,,0,,,
HR_SYNERGY,,2,2,3,,0.7468137598215349,,,
HR_COMPAT,,2,2,4,,1,,,
HR_SYNERGY,,2,2,4,,0.8050427119146589,,,
HR_COMPAT,,2,2,5,,1,,,
HR_SYNERGY,,2,2,5,,0.8813201344051748,,,
HR_COMPAT,,2,2,6,,1,,,
HR_SYNERGY,,2,2,6,,0.744912092689209,,,
HR_COMPAT,,2,2,7,,0,,,
HR_SYNERGY,,2,2,7,,0.8459109832666769,,,
HR_COMPAT,,2,3,0,,0,,,
HR_SYNERGY,,2,3,0,,0.7593582419629425,,,
HR_COMPAT,,2,3,1,,0,,,
HR_SYNERGY,,2,3,1,,0.8691703945237956,,,
HR_COMPAT,,2,3,2,,0,,,
HR_SYNERGY,,2,3,2,,0.7371754039005198,,,
HR_COMPAT,,2,3,3,,1,,,
HR_SYNERGY,,2,3,3,,0.7443697057176055,,,
HR_COMPAT,,2,3,4,,1,,,
HR_SYNERGY,,2,3,4,,0.7589184135564272,,,
HR_COMPAT,,2,3,5,,0,,,
HR_SYNERGY,,2,3,5,,0.7654339783739724,,,
HR_COMPAT,,2,3,6,,0,,,
HR_SYNERGY,,2,3,6,,0.7202333537616481,,,
HR_COMPAT,,2,3,7,,0,,,
HR_SYNERGY,,2,3,7,,0.8513574277466827,,,
HR_COMPAT,,2,4,0,,1,,,
HR_SYNERGY,,2,4,0,,0.7308539127507752,,,
HR_COMPAT,,2,4,1,,0,,,
HR_SYNERGY,,2,4,1,,0.7658125541190466,,,
HR_COMPAT,,2,4,2,,0,,,
HR_SYNERGY,,2,4,2,,0.7743692857429405,,,
HR_COMPAT,,2,4,3,,0,,,
HR_SYNERGY,,2,4,3,,0.762259907473498,,,
HR_COMPAT,,2,4,4,,1,,,
HR_SYNERGY,,2,4,4,,0.7518060248584321,,,
HR_COMPAT,,2,4,5,,1,,,
HR_SYNERGY,,2,4,5,,0.8258863792334221,,,
HR_COMPAT,,2,4,6,,1,,,
HR_SYNERGY,,2,4,6,,0.8436056882801943,,,
HR_COMPAT,,2,4,7,,0,,,
HR_SYNERGY,,2,4,7,,0.6685430105861883,,,
HR_COMPAT,,2,5,0,,1,,,
HR_SYNERGY,,2,5,0,,0.7662804042564264,,,
HR_COMPAT,,2,5,1,,0,,,
HR_SYNERGY,,2,5,1,,0.8154464898478962,,,
HR_COMPAT,,2,5,2,,0,,,
HR_SYNERGY,,2,5,2,,0.7974925281495766,,,
HR_COMPAT,,2,5,3,,0,,,
HR_SYNERGY,,2,5,3,,0.8427762147799945,,,
HR_COMPAT,,2,5,4,,1,,,
HR_SYNERGY,,2,5,4,,0.87835591868578,,,
HR_COMPAT,,2,5,5,,0,,,
HR_SYNERGY,,2,5,5,,0.7165715014308501,,,
HR_COMPAT,,2,5,6,,0,,,
HR_SYNERGY,,2,5,6,,0.6536370283807442,,,
HR_COMPAT,,2,5,7,,0,,,
HR_SYNERGY,,2,5,7,,0.7991611215050528,,,
HR_COMPAT,,2,6,0,,0,,,
HR_SYNERGY,,2,6,0,,0.8460155217112812,,,
HR_COMPAT,,2,6,1,,0,,,
HR_SYNERGY,,2,6,1,,0.7161443192035195,,,
HR_COMPAT,,2,6,2,,0,,,
HR_SYNERGY,,2,6,2,,0.7097747686986766,,,
HR_COMPAT,,2,6,3,,1,,,
HR_SYNERGY,,2,6,3,,0.7453829057127768,,,
HR_COMPAT,,2,6,4,,1,,,
HR_SYNERGY,,2,6,4,,0.6524920988041804,,,
HR_COMPAT,,2,6,5,,1,,,
HR_SYNERGY,,2,6,5,,0.7682389265322286,,,
HR_COMPAT,,2,6,6,,1,,,
HR_SYNERGY,,2,6,6,,0.6885231101188842,,,
HR_COMPAT,,2,6,7,,0,,,
HR_SYNERGY,,2,6,7,,0.8988781618540649,,,
HR_COMPAT,,2,7,0,,1,,,
HR_SYNERGY,,2,7,0,,0.6818733211847601,,,
HR_COMPAT,,2,7,1,,0,,,
HR_SYNERGY,,2,7,1,,0.8585039909420195,,,
HR_COMPAT,,2,7,2,,0,,,
HR_SYNERGY,,2,7,2,,0.7233604310709061,,,
HR_COMPAT,,2,7,3,,0,,,
HR_SYNERGY,,2,7,3,,0.7660231194750291,,,
HR_COMPAT,,2,7,4,,0,,,
HR_SYNERGY,,2,7,4,,0.7628923302421637,,,
HR_COMPAT,,2,7,5,,1,,,
HR_SYNERGY,,2,7,5,,0.6899709089750781,,,
HR_COMPAT,,2,7,6,,0,,,
HR_SYNERGY,,2,7,6,,0.7423497842669964,,,
HR_COMPAT,,2,7,7,,0,,,
HR_SYNERGY,,2,7,7,,0.7734943745660521,,,
HR_COMPAT,,2,8,0,,1,,,
HR_SYNERGY,,2,8,0,,0.8630823632532019,,,
HR_COMPAT,,2,8,1,,0,,,
HR_SYNERGY,,2,8,1,,0.8255807334356928,,,
HR_COMPAT,,2,8,2,,0,,,
HR_SYNERGY,,2,8,2,,0.6961984965845845,,,
HR_COMPAT,,2,8,3,,1,,,
HR_SYNERGY,,2,8,3,,0.749035826643508,,,
HR_COMPAT,,2,8,4,,1,,,
HR_SYNERGY,,2,8,4,,0.8140137323299006,,,
HR_COMPAT,,2,8,5,,1,,,
HR_SYNERGY,,2,8,5,,0.7832872726447383,,,
HR_COMPAT,,2,8,6,,1,,,
HR_SYNERGY,,2,8,6,,0.8514184170300543,,,
HR_COMPAT,,2,8,7,,0,,,
HR_SYNERGY,,2,8,7,,0.78644363726094,,,
HR_COMPAT,,2,9,0,,1,,,
HR_SYNERGY,,2,9,0,,0.8839413602804969,,,
HR_COMPAT,,2,9,1,,0,,,
HR_SYNERGY,,2,9,1,,0.7251765292364177,,,
HR_COMPAT,,2,9,2,,0,,,
HR_SYNERGY,,2,9,2,,0.6620306521673753,,,
HR_COMPAT,,2,9,3,,1,,,
HR_SYNERGY,,2,9,3,,0.6884078538883592,,,
HR_COMPAT,,2,9,4,,0,,,
HR_SYNERGY,,2,9,4,,0.7295665110924308,,,
HR_COMPAT,,2,9,5,,1,,,
HR_SYNERGY,,2,9,5,,0.889823165669487,,,
HR_COMPAT,,2,9,6,,1,,,
HR_SYNERGY,,2,9,6,,0.7803358201659502,,,
HR_COMPAT,,2,9,7,,0,,,
HR_SYNERGY,,2,9,7,,0.6683069234302136,,,
HR_COMPAT,,3,0,0,,1,,,
HR_SYNERGY,,3,0,0,,0.7153803921240176,,,
HR_COMPAT,,3,0,1,,0,,,
HR_SYNERGY,,3,0,1,,0.8753880545771449,,,
HR_COMPAT,,3,0,2,,1,,,
HR_SYNERGY,,3,0,2,,0.7659734978987202,,,
HR_COMPAT,,3,0,3,,0,,,
HR_SYNERGY,,3,0,3,,0.7015893844974511,,,
HR_COMPAT,,3,0,4,,0,,,
HR_SYNERGY,,3,0,4,,0.7314092922429958,,,
HR_COMPAT,,3,0,5,,1,,,
HR_SYNERGY,,3,0,5,,0.781632754064225,,,
HR_COMPAT,,3,0,6,,0,,,
HR_SYNERGY,,3,0,6,,0.8160310400948723,,,
HR_COMPAT,,3,0,7,,1,,,
HR_SYNERGY,,3,0,7,,0.8572723671786919,,,
HR_COMPAT,,3,1,0,,1,,,
HR_SYNERGY,,3,1,0,,0.8058563633838112,,,
HR_COMPAT,,3,1,1,,0,,,
HR_SYNERGY,,3,1,1,,0.8645615593921478,,,
HR_COMPAT,,3,1,2,,0,,,
HR_SYNERGY,,3,1,2,,0.7576611152864362,,,
HR_COMPAT,,3,1,3,,1,,,
HR_SYNERGY,,3,1,3,,0.6673921188852289,,,
HR_COMPAT,,3,1,4,,0,,,
HR_SYNERGY,,3,1,4,,0.7642736054338135,,,
HR_COMPAT,,3,1,5,,1,,,
HR_SYNERGY,,3,1,5,,0.6531498929501725,,,
HR_COMPAT,,3,1,6,,0,,,
HR_SYNERGY,,3,1,6,,0.698709268842223,,,
HR_COMPAT,,3,1,7,,1,,,
HR_SYNERGY,,3,1,7,,0.6982922915576766,,,
HR_COMPAT,,3,2,0,,1,,,
HR_SYNERGY,,3,2,0,,0.7405097851662439,,,
HR_COMPAT,,3,2,1,,0,,,
HR_SYNERGY,,3,2,1,,0.8677044295755504,,,
HR_COMPAT,,3,2,2,,0,,,
HR_SYNERGY,,3,2,2,,0.8533116084425085,,,
HR_COMPAT,,3,2,3,,0,,,
HR_SYNERGY,,3,2,3,,0.698708846141679,,,
HR_COMPAT,,3,2,4,,0,,,
HR_SYNERGY,,3,2,4,,0.7730486783670164,,,
HR_COMPAT,,3,2,5,,1,,,
HR_SYNERGY,,3,2,5,,0.8945550631908372,,,
HR_COMPAT,,3,2,6,,0,,,
HR_SYNERGY,,3,2,6,,0.8221489538043485,,,
HR_COMPAT,,3,2,7,,0,,,
HR_SYNERGY,,3,2,7,,0.6697736113741544,,,
HR_COMPAT,,3,3,0,,0,,,
HR_SYNERGY,,3,3,0,,0.8727878891072457,,,
HR_COMPAT,,3,3,1,,0,,,
HR_SYNERGY,,3,3,1,,0.8790246722939131,,,
HR_COMPAT,,3,3,2,,0,,,
HR_SYNERGY,,3,3,2,,0.834517523028502,,,
HR_COMPAT,,3,3,3,,1,,,
HR_SYNERGY,,3,3,3,,0.6789235184331189,,,
HR_COMPAT,,3,3,4,,0,,,
HR_SYNERGY,,3,3,4,,0.7931608887655435,,,
HR_COMPAT,,3,3,5,,1,,,
HR_SYNERGY,,3,3,5,,0.7662565736730906,,,
HR_COMPAT,,3,3,6,,0,,,
HR_SYNERGY,,3,3,6,,0.672570179756369,,,
HR_COMPAT,,3,3,7,,1,,,
HR_SYNERGY,,3,3,7,,0.7975909803887854,,,
HR_COMPAT,,3,4,0,,1,,,
HR_SYNERGY,,3,4,0,,0.8490255181651378,,,
HR_COMPAT,,3,4,1,,0,,,
HR_SYNERGY,,3,4,1,,0.6940827042778739,,,
HR_COMPAT,,3,4,2,,1,,,
HR_SYNERGY,,3,4,2,,0.7514083200700635,,,
HR_COMPAT,,3,4,3,,1,,,
HR_SYNERGY,,3,4,3,,0.753588971488936,,,
HR_COMPAT,,3,4,4,,0,,,
HR_SYNERGY,,3,4,4,,0.797929850124599,,,
HR_COMPAT,,3,4,5,,1,,,
HR_SYNERGY,,3,4,5,,0.7275145291198517,,,
HR_COMPAT,,3,4,6,,0,,,
HR_SYNERGY,,3,4,6,,0.8846714490321129,,,
HR_COMPAT,,3,4,7,,0,,,
HR_SYNERGY,,3,4,7,,0.8273948169116156,,,
HR_COMPAT,,3,5,0,,1,,,
HR_SYNERGY,,3,5,0,,0.716237909652346,,,
HR_COMPAT,,3,5,1,,0,,,
HR_SYNERGY,,3,5,1,,0.6826425057042216,,,
HR_COMPAT,,3,5,2,,0,,,
HR_SYNERGY,,3,5,2,,0.8570435921956634,,,
HR_COMPAT,,3,5,3,,0,,,
HR_SYNERGY,,3,5,3,,0.7858070926552557,,,
HR_COMPAT,,3,5,4,,0,,,
HR_SYNERGY,,3,5,4,,0.6970114939056095,,,
HR_COMPAT,,3,5,5,,0,,,
HR_SYNERGY,,3,5,5,,0.8697075118727251,,,
HR_COMPAT,,3,5,6,,0,,,
HR_SYNERGY,,3,5,6,,0.7227542888758325,,,
HR_COMPAT,,3,5,7,,1,,,
HR_SYNERGY,,3,5,7,,0.6608499806112031,,,
HR_COMPAT,,3,6,0,,0,,,
HR_SYNERGY,,3,6,0,,0.8411177483298132,,,
HR_COMPAT,,3,6,1,,0,,,
HR_SYNERGY,,3,6,1,,0.8469542560706167,,,
HR_COMPAT,,3,6,2,,1,,,
HR_SYNERGY,,3,6,2,,0.7905429188986403,,,
HR_COMPAT,,3,6,3,,1,,,
HR_SYNERGY,,3,6,3,,0.7723750782480522,,,
HR_COMPAT,,3,6,4,,0,,,
HR_SYNERGY,,3,6,4,,0.8334123093195321,,,
HR_COMPAT,,3,6,5,,1,,,
HR_SYNERGY,,3,6,5,,0.6703888174093795,,,
HR_COMPAT,,3,6,6,,0,,,
HR_SYNERGY,,3,6,6,,0.8618863284700364,,,
HR_COMPAT,,3,6,7,,0,,,
HR_SYNERGY,,3,6,7,,0.8979447691546409,,,
HR_COMPAT,,3,7,0,,1,,,
HR_SYNERGY,,3,7,0,,0.6613390702965006,,,
HR_COMPAT,,3,7,1,,0,,,
HR_SYNERGY,,3,7,1,,0.8369139602912855,,,
HR_COMPAT,,3,7,2,,1,,,
HR_SYNERGY,,3,7,2,,0.6698866934186891,,,
HR_COMPAT,,3,7,3,,0,,,
HR_SYNERGY,,3,7,3,,0.7752346465255305,,,
HR_COMPAT,,3,7,4,,0,,,
HR_SYNERGY,,3,7,4,,0.6681938282611859,,,
HR_COMPAT,,3,7,5,,1,,,
HR_SYNERGY,,3,7,5,,0.7375762157370283,,,
HR_COMPAT,,3,7,6,,0,,,
HR_SYNERGY,,3,7,6,,0.7287209318692237,,,
HR_COMPAT,,3,7,7,,1,,,
HR_SYNERGY,,3,7,7,,0.8361492840681597,,,
HR_COMPAT,,3,8,0,,1,,,
HR_SYNERGY,,3,8,0,,0.8536895350152495,,,
HR_COMPAT,,3,8,1,,0,,,
HR_SYNERGY,,3,8,1,,0.6642320655424871,,,
HR_COMPAT,,3,8,2,,1,,,
HR_SYNERGY,,3,8,2,,0.8820293087139042,,,
HR_COMPAT,,3,8,3,,1,,,
HR_SYNERGY,,3,8,3,,0.7809286061812838,,,
HR_COMPAT,,3,8,4,,0,,,
HR_SYNERGY,,3,8,4,,0.6508357493002302,,,
HR_COMPAT,,3,8,5,,1,,,
HR_SYNERGY,,3,8,5,,0.8746608287408961,,,
HR_COMPAT,,3,8,6,,0,,,
HR_SYNERGY,,3,8,6,,0.6660961470361296,,,
HR_COMPAT,,3,8,7,,1,,,
HR_SYNERGY,,3,8,7,,0.8449302851023607,,,
HR_COMPAT,,3,9,0,,1,,,
HR_SYNERGY,,3,9,0,,0.7268382090843888,,,
HR_COMPAT,,3,9,1,,0,,,
HR_SYNERGY,,3,9,1,,0.8812361204443235,,,
HR_COMPAT,,3,9,2,,1,,,
HR_SYNERGY,,3,9,2,,0.7183151618240063,,,
HR_COMPAT,,3,9,3,,1,,,
HR_SYNERGY,,3,9,3,,0.7213795316258838,,,
HR_COMPAT,,3,9,4,,0,,,
HR_SYNERGY,,3,9,4,,0.8455698413833846,,,
HR_COMPAT,,3,9,5,,1,,,
HR_SYNERGY,,3,9,5,,0.6942190004707914,,,
HR_COMPAT,,3,9,6,,0,,,
HR_SYNERGY,,3,9,6,,0.7709616209508188,,,
HR_COMPAT,,3,9,7,,1,,,
HR_SYNERGY,,3,9,7,,0.6824366440387583,,,
HR_COMPAT,,4,0,0,,1,,,
HR_SYNERGY,,4,0,0,,0.707951339883442,,,
HR_COMPAT,,4,0,1,,1,,,
HR_SYNERGY,,4,0,1,,0.8309819118391044,,,
HR_COMPAT,,4,0,2,,1,,,
HR_SYNERGY,,4,0,2,,0.7423092629194338,,,
HR_COMPAT,,4,0,3,,0,,,
HR_SYNERGY,,4,0,3,,0.800795075542676,,,
HR_COMPAT,,4,0,4,,0,,,
HR_SYNERGY,,4,0,4,,0.6632395254911707,,,
HR_COMPAT,,4,0,5,,1,,,
HR_SYNERGY,,4,0,5,,0.7868394888758488,,,
HR_COMPAT,,4,0,6,,0,,,
HR_SYNERGY,,4,0,6,,0.8127298090438916,,,
HR_COMPAT,,4,0,7,,0,,,
HR_SYNERGY,,4,0,7,,0.7474850992838145,,,
HR_COMPAT,,4,1,0,,1,,,
HR_SYNERGY,,4,1,0,,0.8239919111628674,,,
HR_COMPAT,,4,1,1,,1,,,
HR_SYNERGY,,4,1,1,,0.8000415286865833,,,
HR_COMPAT,,4,1,2,,1,,,
HR_SYNERGY,,4,1,2,,0.8512990062087796,,,
HR_COMPAT,,4,1,3,,1,,,
HR_SYNERGY,,4,1,3,,0.660386428363522,,,
HR_COMPAT,,4,1,4,,1,,,
HR_SYNERGY,,4,1,4,,0.7240228705857468,,,
HR_COMPAT,,4,1,5,,1,,,
HR_SYNERGY,,4,1,5,,0.7765739756527223,,,
HR_COMPAT,,4,1,6,,0,,,
HR_SYNERGY,,4,1,6,,0.8601430501116447,,,
HR_COMPAT,,4,1,7,,1,,,
HR_SYNERGY,,4,1,7,,0.8913660291374279,,,
HR_COMPAT,,4,2,0,,1,,,
HR_SYNERGY,,4,2,0,,0.8106804034786494,,,
HR_COMPAT,,4,2,1,,0,,,
HR_SYNERGY,,4,2,1,,0.8043656756772285,,,
HR_COMPAT,,4,2,2,,0,,,
HR_SYNERGY,,4,2,2,,0.8315532026968643,,,
HR_COMPAT,,4,2,3,,0,,,
HR_SYNERGY,,4,2,3,,0.8430275374960836,,,
HR_COMPAT,,4,2,4,,0,,,
HR_SYNERGY,,4,2,4,,0.8534168409659625,,,
HR_COMPAT,,4,2,5,,0,,,
HR_SYNERGY,,4,2,5,,0.7470827636141841,,,
HR_COMPAT,,4,2,6,,0,,,
HR_SYNERGY,,4,2,6,,0.887732871203929,,,
HR_COMPAT,,4,2,7,,1,,,
HR_SYNERGY,,4,2,7,,0.8463119870799274,,,
HR_COMPAT,,4,3,0,,0,,,
HR_SYNERGY,,4,3,0,,0.6684183224524398,,,
HR_COMPAT,,4,3,1,,1,,,
HR_SYNERGY,,4,3,1,,0.8168335799682838,,,
HR_COMPAT,,4,3,2,,1,,,
HR_SYNERGY,,4,3,2,,0.7652363262908433,,,
HR_COMPAT,,4,3,3,,1,,,
HR_SYNERGY,,4,3,3,,0.7322262982252021,,,
HR_COMPAT,,4,3,4,,1,,,
HR_SYNERGY,,4,3,4,,0.8543402952285553,,,
HR_COMPAT,,4,3,5,,0,,,
HR_SYNERGY,,4,3,5,,0.798330219406767,,,
HR_COMPAT,,4,3,6,,0,,,
HR_SYNERGY,,4,3,6,,0.6839417836063613,,,
HR_COMPAT,,4,3,7,,1,,,
HR_SYNERGY,,4,3,7,,0.8492184836990826,,,
HR_COMPAT,,4,4,0,,1,,,
HR_SYNERGY,,4,4,0,,0.850497886327886,,,
HR_COMPAT,,4,4,1,,1,,,
HR_SYNERGY,,4,4,1,,0.7777385900526775,,,
HR_COMPAT,,4,4,2,,1,,,
HR_SYNERGY,,4,4,2,,0.8264899236445842,,,
HR_COMPAT,,4,4,3,,0,,,
HR_SYNERGY,,4,4,3,,0.7376734794224711,,,
HR_COMPAT,,4,4,4,,1,,,
HR_SYNERGY,,4,4,4,,0.8813631643684572,,,
HR_COMPAT,,4,4,5,,1,,,
HR_SYNERGY,,4,4,5,,0.7862362115595501,,,
HR_COMPAT,,4,4,6,,0,,,
HR_SYNERGY,,4,4,6,,0.8388322075491261,,,
HR_COMPAT,,4,4,7,,0,,,
HR_SYNERGY,,4,4,7,,0.7986814610004692,,,
HR_COMPAT,,4,5,0,,1,,,
HR_SYNERGY,,4,5,0,,0.7769083008984595,,,
HR_COMPAT,,4,5,1,,1,,,
HR_SYNERGY,,4,5,1,,0.7254578868610849,,,
HR_COMPAT,,4,5,2,,0,,,
HR_SYNERGY,,4,5,2,,0.8391426824423572,,,
HR_COMPAT,,4,5,3,,0,,,
HR_SYNERGY,,4,5,3,,0.8081221966495998,,,
HR_COMPAT,,4,5,4,,1,,,
HR_SYNERGY,,4,5,4,,0.7832345706211856,,,
HR_COMPAT,,4,5,5,,1,,,
HR_SYNERGY,,4,5,5,,0.7028420274790872,,,
HR_COMPAT,,4,5,6,,0,,,
HR_SYNERGY,,4,5,6,,0.7447223465080715,,,
HR_COMPAT,,4,5,7,,1,,,
HR_SYNERGY,,4,5,7,,0.8779168978357081,,,
HR_COMPAT,,4,6,0,,0,,,
HR_SYNERGY,,4,6,0,,0.8411725478711786,,,
HR_COMPAT,,4,6,1,,0,,,
HR_SYNERGY,,4,6,1,,0.8719063377143917,,,
HR_COMPAT,,4,6,2,,1,,,
HR_SYNERGY,,4,6,2,,0.7114844677659855,,,
HR_COMPAT,,4,6,3,,1,,,
HR_SYNERGY,,4,6,3,,0.844306146663533,,,
HR_COMPAT,,4,6,4,,0,,,
HR_SYNERGY,,4,6,4,,0.8557398218043332,,,
HR_COMPAT,,4,6,5,,1,,,
HR_SYNERGY,,4,6,5,,0.860425698268742,,,
HR_COMPAT,,4,6,6,,0,,,
HR_SYNERGY,,4,6,6,,0.8659148018101429,,,
HR_COMPAT,,4,6,7,,0,,,
HR_SYNERGY,,4,6,7,,0.744642509359895,,,
HR_COMPAT,,4,7,0,,0,,,
HR_SYNERGY,,4,7,0,,0.652872295676811,,,
HR_COMPAT,,4,7,1,,1,,,
HR_SYNERGY,,4,7,1,,0.719151392472642,,,
HR_COMPAT,,4,7,2,,1,,,
HR_SYNERGY,,4,7,2,,0.7235254417050118,,,
HR_COMPAT,,4,7,3,,0,,,
HR_SYNERGY,,4,7,3,,0.725969186190343,,,
HR_COMPAT,,4,7,4,,0,,,
HR_SYNERGY,,4,7,4,,0.8586128917447824,,,
HR_COMPAT,,4,7,5,,1,,,
HR_SYNERGY,,4,7,5,,0.7478181344019394,,,
HR_COMPAT,,4,7,6,,0,,,
HR_SYNERGY,,4,7,6,,0.7425420374398432,,,
HR_COMPAT,,4,7,7,,1,,,
HR_SYNERGY,,4,7,7,,0.8237838132122002,,,
HR_COMPAT,,4,8,0,,1,,,
HR_SYNERGY,,4,8,0,,0.8329142452840554,,,
HR_COMPAT,,4,8,1,,1,,,
HR_SYNERGY,,4,8,1,,0.8308602680711927,,,
HR_COMPAT,,4,8,2,,1,,,
HR_SYNERGY,,4,8,2,,0.6614878618451554,,,
HR_COMPAT,,4,8,3,,1,,,
HR_SYNERGY,,4,8,3,,0.7293934658312775,,,
HR_COMPAT,,4,8,4,,1,,,
HR_SYNERGY,,4,8,4,,0.8324859913085814,,,
HR_COMPAT,,4,8,5,,1,,,
HR_SYNERGY,,4,8,5,,0.8126947088875311,,,
HR_COMPAT,,4,8,6,,0,,,
HR_SYNERGY,,4,8,6,,0.8828314562211825,,,
HR_COMPAT,,4,8,7,,0,,,
HR_SYNERGY,,4,8,7,,0.766372113497489,,,
HR_COMPAT,,4,9,0,,0,,,
HR_SYNERGY,,4,9,0,,0.7330035756159688,,,
HR_COMPAT,,4,9,1,,1,,,
HR_SYNERGY,,4,9,1,,0.8060464936579902,,,
HR_COMPAT,,4,9,2,,0,,,
HR_SYNERGY,,4,9,2,,0.7984573663542097,,,
HR_COMPAT,,4,9,3,,1,,,
HR_SYNERGY,,4,9,3,,0.675652799972216,,,
HR_COMPAT,,4,9,4,,0,,,
HR_SYNERGY,,4,9,4,,0.7808213476648759,,,
HR_COMPAT,,4,9,5,,0,,,
HR_SYNERGY,,4,9,5,,0.8588149243870794,,,
HR_COMPAT,,4,9,6,,0,,,
HR_SYNERGY,,4,9,6,,0.7378480572287639,,,
HR_COMPAT,,4,9,7,,1,,,
HR_SYNERGY,,4,9,7,,0.8889831664439339,,,
HR_COMPAT,,5,0,0,,1,,,
HR_SYNERGY,,5,0,0,,0.8380373717129274,,,
HR_COMPAT,,5,0,1,,0,,,
HR_SYNERGY,,5,0,1,,0.732988270208389,,,
HR_COMPAT,,5,0,2,,0,,,
HR_SYNERGY,,5,0,2,,0.8260980154682008,,,
HR_COMPAT,,5,0,3,,0,,,
HR_SYNERGY,,5,0,3,,0.7715548434346908,,,
HR_COMPAT,,5,0,4,,1,,,
HR_SYNERGY,,5,0,4,,0.8586703380743483,,,
HR_COMPAT,,5,0,5,,0,,,
HR_SYNERGY,,5,0,5,,0.8561592941727186,,,
HR_COMPAT,,5,0,6,,1,,,
HR_SYNERGY,,5,0,6,,0.7343065741814054,,,
HR_COMPAT,,5,0,7,,0,,,
HR_SYNERGY,,5,0,7,,0.8135493379308683,,,
HR_COMPAT,,5,1,0,,1,,,
HR_SYNERGY,,5,1,0,,0.7258525445912685,,,
HR_COMPAT,,5,1,1,,0,,,
HR_SYNERGY,,5,1,1,,0.6937399549037846,,,
HR_COMPAT,,5,1,2,,0,,,
HR_SYNERGY,,5,1,2,,0.8016233959240544,,,
HR_COMPAT,,5,1,3,,0,,,
HR_SYNERGY,,5,1,3,,0.719516794599966,,,
HR_COMPAT,,5,1,4,,1,,,
HR_SYNERGY,,5,1,4,,0.7235252229227345,,,
HR_COMPAT,,5,1,5,,0,,,
HR_SYNERGY,,5,1,5,,0.678197944576833,,,
HR_COMPAT,,5,1,6,,0,,,
HR_SYNERGY,,5,1,6,,0.7260005677073784,,,
HR_COMPAT,,5,1,7,,0,,,
HR_SYNERGY,,5,1,7,,0.726017161165397,,,
HR_COMPAT,,5,2,0,,1,,,
HR_SYNERGY,,5,2,0,,0.6578928272584224,,,
HR_COMPAT,,5,2,1,,0,,,
HR_SYNERGY,,5,2,1,,0.6907588393636085,,,
HR_COMPAT,,5,2,2,,0,,,
HR_SYNERGY,,5,2,2,,0.8993365212716148,,,
HR_COMPAT,,5,2,3,,0,,,
HR_SYNERGY,,5,2,3,,0.8257620206632186,,,
HR_COMPAT,,5,2,4,,1,,,
HR_SYNERGY,,5,2,4,,0.6999251795805335,,,
HR_COMPAT,,5,2,5,,1,,,
HR_SYNERGY,,5,2,5,,0.720761150605322,,,
HR_COMPAT,,5,2,6,,1,,,
HR_SYNERGY,,5,2,6,,0.8022614353514982,,,
HR_COMPAT,,5,2,7,,0,,,
HR_SYNERGY,,5,2,7,,0.8113888645119769,,,
HR_COMPAT,,5,3,0,,0,,,
HR_SYNERGY,,5,3,0,,0.8809457520377567,,,
HR_COMPAT,,5,3,1,,0,,,
HR_SYNERGY,,5,3,1,,0.7256844487123653,,,
HR_COMPAT,,5,3,2,,0,,,
HR_SYNERGY,,5,3,2,,0.7380174574155244,,,
HR_COMPAT,,5,3,3,,0,,,
HR_SYNERGY,,5,3,3,,0.8873598132789117,,,
HR_COMPAT,,5,3,4,,1,,,
HR_SYNERGY,,5,3,4,,0.7411979099168723,,,
HR_COMPAT,,5,3,5,,1,,,
HR_SYNERGY,,5,3,5,,0.8174370444014238,,,
HR_COMPAT,,5,3,6,,0,,,
HR_SYNERGY,,5,3,6,,0.8935386283917706,,,
HR_COMPAT,,5,3,7,,0,,,
HR_SYNERGY,,5,3,7,,0.7568173823164496,,,
HR_COMPAT,,5,4,0,,1,,,
HR_SYNERGY,,5,4,0,,0.8352684001317225,,,
HR_COMPAT,,5,4,1,,0,,,
HR_SYNERGY,,5,4,1,,0.7940624364106785,,,
HR_COMPAT,,5,4,2,,0,,,
HR_SYNERGY,,5,4,2,,0.8659018050312721,,,
HR_COMPAT,,5,4,3,,0,,,
HR_SYNERGY,,5,4,3,,0.8482163034581489,,,
HR_COMPAT,,5,4,4,,1,,,
HR_SYNERGY,,5,4,4,,0.7227285538269217,,,
HR_COMPAT,,5,4,5,,1,,,
HR_SYNERGY,,5,4,5,,0.8687174334585327,,,
HR_COMPAT,,5,4,6,,1,,,
HR_SYNERGY,,5,4,6,,0.8691735724606546,,,
HR_COMPAT,,5,4,7,,0,,,
HR_SYNERGY,,5,4,7,,0.7054396088852464,,,
HR_COMPAT,,5,5,0,,1,,,
HR_SYNERGY,,5,5,0,,0.7678015144883668,,,
HR_COMPAT,,5,5,1,,0,,,
HR_SYNERGY,,5,5,1,,0.8764587200345934,,,
HR_COMPAT,,5,5,2,,0,,,
HR_SYNERGY,,5,5,2,,0.8587815762305817,,,
HR_COMPAT,,5,5,3,,0,,,
HR_SYNERGY,,5,5,3,,0.6772527332257303,,,
HR_COMPAT,,5,5,4,,1,,,
HR_SYNERGY,,5,5,4,,0.6799259180882626,,,
HR_COMPAT,,5,5,5,,0,,,
HR_SYNERGY,,5,5,5,,0.8620456780174608,,,
HR_COMPAT,,5,5,6,,0,,,
HR_SYNERGY,,5,5,6,,0.6639221992584237,,,
HR_COMPAT,,5,5,7,,0,,,
HR_SYNERGY,,5,5,7,,0.8955949090776764,,,
HR_COMPAT,,5,6,0,,0,,,
HR_SYNERGY,,5,6,0,,0.8346167210435248,,,
HR_COMPAT,,5,6,1,,0,,,
HR_SYNERGY,,5,6,1,,0.8329856032554563,,,
HR_COMPAT,,5,6,2,,0,,,
HR_SYNERGY,,5,6,2,,0.6774538950233653,,,
HR_COMPAT,,5,6,3,,0,,,
HR_SYNERGY,,5,6,3,,0.7205974195203823,,,
HR_COMPAT,,5,6,4,,0,,,
HR_SYNERGY,,5,6,4,,0.677170375205089,,,
HR_COMPAT,,5,6,5,,1,,,
HR_SYNERGY,,5,6,5,,0.7462955446436256,,,
HR_COMPAT,,5,6,6,,0,,,
HR_SYNERGY,,5,6,6,,0.7354556914734885,,,
HR_COMPAT,,5,6,7,,0,,,
HR_SYNERGY,,5,6,7,,0.8142903338441547,,,
HR_COMPAT,,5,7,0,,1,,,
HR_SYNERGY,,5,7,0,,0.771828595396373,,,
HR_COMPAT,,5,7,1,,0,,,
HR_SYNERGY,,5,7,1,,0.8662614237152381,,,
HR_COMPAT,,5,7,2,,0,,,
HR_SYNERGY,,5,7,2,,0.8130400377349098,,,
HR_COMPAT,,5,7,3,,0,,,
HR_SYNERGY,,5,7,3,,0.6792367555571364,,,
HR_COMPAT,,5,7,4,,0,,,
HR_SYNERGY,,5,7,4,,0.6883071257568779,,,
HR_COMPAT,,5,7,5,,1,,,
HR_SYNERGY,,5,7,5,,0.7625181233292713,,,
HR_COMPAT,,5,7,6,,0,,,
HR_SYNERGY,,5,7,6,,0.7142576969954629,,,
HR_COMPAT,,5,7,7,,0,,,
HR_SYNERGY,,5,7,7,,0.8289313705690695,,,
HR_COMPAT,,5,8,0,,1,,,
HR_SYNERGY,,5,8,0,,0.6699934291631151,,,
HR_COMPAT,,5,8,1,,0,,,
HR_SYNERGY,,5,8,1,,0.6588723520479629,,,
HR_COMPAT,,5,8,2,,0,,,
HR_SYNERGY,,5,8,2,,0.6983850758739749,,,
HR_COMPAT,,5,8,3,,0,,,
HR_SYNERGY,,5,8,3,,0.8883885733599606,,,
HR_COMPAT,,5,8,4,,1,,,
HR_SYNERGY,,5,8,4,,0.8635284965507648,,,
HR_COMPAT,,5,8,5,,1,,,
HR_SYNERGY,,5,8,5,,0.7723640428292596,,,
HR_COMPAT,,5,8,6,,1,,,
HR_SYNERGY,,5,8,6,,0.7590324964924362,,,
HR_COMPAT,,5,8,7,,0,,,
HR_SYNERGY,,5,8,7,,0.8310757700265851,,,
HR_COMPAT,,5,9,0,,1,,,
HR_SYNERGY,,5,9,0,,0.8935614598252828,,,
HR_COMPAT,,5,9,1,,0,,,
HR_SYNERGY,,5,9,1,,0.6802157833371317,,,
HR_COMPAT,,5,9,2,,0,,,
HR_SYNERGY,,5,9,2,,0.6742987686937567,,,
HR_COMPAT,,5,9,3,,0,,,
HR_SYNERGY,,5,9,3,,0.7952352426459744,,,
HR_COMPAT,,5,9,4,,0,,,
HR_SYNERGY,,5,9,4,,0.8745355896828888,,,
HR_COMPAT,,5,9,5,,1,,,
HR_SYNERGY,,5,9,5,,0.8614989860577569,,,
HR_COMPAT,,5,9,6,,0,,,
HR_SYNERGY,,5,9,6,,0.8164068638690475,,,
HR_COMPAT,,5,9,7,,0,,,
HR_SYNERGY,,5,9,7,,0.8027028089802036,,,
HR_COMPAT,,6,0,0,,1,,,
HR_SYNERGY,,6,0,0,,0.6787714098434445,,,
HR_COMPAT,,6,0,1,,0,,,
HR_SYNERGY,,6,0,1,,0.7028402396135244,,,
HR_COMPAT,,6,0,2,,1,,,
HR_SYNERGY,,6,0,2,,0.7567096824824355,,,
HR_COMPAT,,6,0,3,,1,,,
HR_SYNERGY,,6,0,3,,0.7132232683334924,,,
HR_COMPAT,,6,0,4,,0,,,
HR_SYNERGY,,6,0,4,,0.7345210436457599,,,
HR_COMPAT,,6,0,5,,0,,,
HR_SYNERGY,,6,0,5,,0.70318745318092,,,
HR_COMPAT,,6,0,6,,0,,,
HR_SYNERGY,,6,0,6,,0.8903846056520275,,,
HR_COMPAT,,6,0,7,,1,,,
HR_SYNERGY,,6,0,7,,0.7626719405245113,,,
HR_COMPAT,,6,1,0,,1,,,
HR_SYNERGY,,6,1,0,,0.8696451075769533,,,
HR_COMPAT,,6,1,1,,0,,,
HR_SYNERGY,,6,1,1,,0.8752713905603257,,,
HR_COMPAT,,6,1,2,,1,,,
HR_SYNERGY,,6,1,2,,0.7252788800369885,,,
HR_COMPAT,,6,1,3,,1,,,
HR_SYNERGY,,6,1,3,,0.8099546588553113,,,
HR_COMPAT,,6,1,4,,0,,,
HR_SYNERGY,,6,1,4,,0.823377480507396,,,
HR_COMPAT,,6,1,5,,0,,,
HR_SYNERGY,,6,1,5,,0.7361656395341801,,,
HR_COMPAT,,6,1,6,,0,,,
HR_SYNERGY,,6,1,6,,0.8700948732976219,,,
HR_COMPAT,,6,1,7,,1,,,
HR_SYNERGY,,6,1,7,,0.7963568127330385,,,
HR_COMPAT,,6,2,0,,1,,,
HR_SYNERGY,,6,2,0,,0.7641160812163001,,,
HR_COMPAT,,6,2,1,,0,,,
HR_SYNERGY,,6,2,1,,0.797633555514906,,,
HR_COMPAT,,6,2,2,,0,,,
HR_SYNERGY,,6,2,2,,0.7632416230242103,,,
HR_COMPAT,,6,2,3,,0,,,
HR_SYNERGY,,6,2,3,,0.791632964738811,,,
HR_COMPAT,,6,2,4,,0,,,
HR_SYNERGY,,6,2,4,,0.8968869135545081,,,
HR_COMPAT,,6,2,5,,0,,,
HR_SYNERGY,,6,2,5,,0.8039396967489579,,,
HR_COMPAT,,6,2,6,,0,,,
HR_SYNERGY,,6,2,6,,0.724816639480806,,,
HR_COMPAT,,6,2,7,,0,,,
HR_SYNERGY,,6,2,7,,0.7828247218516545,,,
HR_COMPAT,,6,3,0,,0,,,
HR_SYNERGY,,6,3,0,,0.6889357559429049,,,
HR_COMPAT,,6,3,1,,0,,,
HR_SYNERGY,,6,3,1,,0.8461977227084791,,,
HR_COMPAT,,6,3,2,,0,,,
HR_SYNERGY,,6,3,2,,0.7202856240267737,,,
HR_COMPAT,,6,3,3,,0,,,
HR_SYNERGY,,6,3,3,,0.8576933228186816,,,
HR_COMPAT,,6,3,4,,0,,,
HR_SYNERGY,,6,3,4,,0.7822595091345539,,,
HR_COMPAT,,6,3,5,,0,,,
HR_SYNERGY,,6,3,5,,0.8174139035975997,,,
HR_COMPAT,,6,3,6,,0,,,
HR_SYNERGY,,6,3,6,,0.7120738980623256,,,
HR_COMPAT,,6,3,7,,1,,,
HR_SYNERGY,,6,3,7,,0.7718877266629566,,,
HR_COMPAT,,6,4,0,,1,,,
HR_SYNERGY,,6,4,0,,0.6960887014071646,,,
HR_COMPAT,,6,4,1,,0,,,
HR_SYNERGY,,6,4,1,,0.7554192266640889,,,
HR_COMPAT,,6,4,2,,1,,,
HR_SYNERGY,,6,4,2,,0.7464215434533262,,,
HR_COMPAT,,6,4,3,,1,,,
HR_SYNERGY,,6,4,3,,0.7717553746315774,,,
HR_COMPAT,,6,4,4,,0,,,
HR_SYNERGY,,6,4,4,,0.6651596201700233,,,
HR_COMPAT,,6,4,5,,0,,,
HR_SYNERGY,,6,4,5,,0.6794993099047352,,,
HR_COMPAT,,6,4,6,,0,,,
HR_SYNERGY,,6,4,6,,0.7633061750992378,,,
HR_COMPAT,,6,4,7,,0,,,
HR_SYNERGY,,6,4,7,,0.821377310440277,,,
HR_COMPAT,,6,5,0,,1,,,
HR_SYNERGY,,6,5,0,,0.6832848475921303,,,
HR_COMPAT,,6,5,1,,0,,,
HR_SYNERGY,,6,5,1,,0.7723715044682143,,,
HR_COMPAT,,6,5,2,,0,,,
HR_SYNERGY,,6,5,2,,0.6986216701115565,,,
HR_COMPAT,,6,5,3,,0,,,
HR_SYNERGY,,6,5,3,,0.7027471093812014,,,
HR_COMPAT,,6,5,4,,0,,,
HR_SYNERGY,,6,5,4,,0.7723583211438465,,,
HR_COMPAT,,6,5,5,,0,,,
HR_SYNERGY,,6,5,5,,0.800561043796667,,,
HR_COMPAT,,6,5,6,,0,,,
HR_SYNERGY,,6,5,6,,0.7423218423790146,,,
HR_COMPAT,,6,5,7,,1,,,
HR_SYNERGY,,6,5,7,,0.7949212871782871,,,
HR_COMPAT,,6,6,0,,0,,,
HR_SYNERGY,,6,6,0,,0.6580176839005959,,,
HR_COMPAT,,6,6,1,,0,,,
HR_SYNERGY,,6,6,1,,0.7666919215264927,,,
HR_COMPAT,,6,6,2,,0,,,
HR_SYNERGY,,6,6,2,,0.8252244190194344,,,
HR_COMPAT,,6,6,3,,0,,,
HR_SYNERGY,,6,6,3,,0.8401329909572081,,,
HR_COMPAT,,6,6,4,,0,,,
HR_SYNERGY,,6,6,4,,0.69113748978579,,,
HR_COMPAT,,6,6,5,,0,,,
HR_SYNERGY,,6,6,5,,0.8399921190671638,,,
HR_COMPAT,,6,6,6,,0,,,
HR_SYNERGY,,6,6,6,,0.7440259316144179,,,
HR_COMPAT,,6,6,7,,1,,,
HR_SYNERGY,,6,6,7,,0.6579630178222551,,,
HR_COMPAT,,6,7,0,,0,,,
HR_SYNERGY,,6,7,0,,0.8098791199708426,,,
HR_COMPAT,,6,7,1,,0,,,
HR_SYNERGY,,6,7,1,,0.8691952127490091,,,
HR_COMPAT,,6,7,2,,1,,,
HR_SYNERGY,,6,7,2,,0.7998290268060839,,,
HR_COMPAT,,6,7,3,,0,,,
HR_SYNERGY,,6,7,3,,0.6559183830741275,,,
HR_COMPAT,,6,7,4,,0,,,
HR_SYNERGY,,6,7,4,,0.7768485465769902,,,
HR_COMPAT,,6,7,5,,0,,,
HR_SYNERGY,,6,7,5,,0.6915712333019548,,,
HR_COMPAT,,6,7,6,,0,,,
HR_SYNERGY,,6,7,6,,0.737476998943712,,,
HR_COMPAT,,6,7,7,,0,,,
HR_SYNERGY,,6,7,7,,0.8541558766505954,,,
HR_COMPAT,,6,8,0,,1,,,
HR_SYNERGY,,6,8,0,,0.6557310979436644,,,
HR_COMPAT,,6,8,1,,0,,,
HR_SYNERGY,,6,8,1,,0.8635178422316308,,,
HR_COMPAT,,6,8,2,,1,,,
HR_SYNERGY,,6,8,2,,0.8683810525547658,,,
HR_COMPAT,,6,8,3,,1,,,
HR_SYNERGY,,6,8,3,,0.8078830616060617,,,
HR_COMPAT,,6,8,4,,0,,,
HR_SYNERGY,,6,8,4,,0.7552747680698869,,,
HR_COMPAT,,6,8,5,,0,,,
HR_SYNERGY,,6,8,5,,0.6980349995776023,,,
HR_COMPAT,,6,8,6,,0,,,
HR_SYNERGY,,6,8,6,,0.7864645117324057,,,
HR_COMPAT,,6,8,7,,1,,,
HR_SYNERGY,,6,8,7,,0.7523925323748281,,,
HR_COMPAT,,6,9,0,,0,,,
HR_SYNERGY,,6,9,0,,0.8823331228964236,,,
HR_COMPAT,,6,9,1,,0,,,
HR_SYNERGY,,6,9,1,,0.8612232679422285,,,
HR_COMPAT,,6,9,2,,1,,,
HR_SYNERGY,,6,9,2,,0.8142322716674889,,,
HR_COMPAT,,6,9,3,,1,,,
HR_SYNERGY,,6,9,3,,0.7093615308286337,,,
HR_COMPAT,,6,9,4,,0,,,
HR_SYNERGY,,6,9,4,,0.7243877278767729,,,
HR_COMPAT,,6,9,5,,0,,,
HR_SYNERGY,,6,9,5,,0.7324561300368145,,,
HR_COMPAT,,6,9,6,,0,,,
HR_SYNERGY,,6,9,6,,0.8723094332261805,,,
HR_COMPAT,,6,9,7,,1,,,
HR_SYNERGY,,6,9,7,,0.8195180964293348,,,
HR_COMPAT,,7,0,0,,0,,,
HR_SYNERGY,,7,0,0,,0.7227245815133236,,,
HR_COMPAT,,7,0,1,,0,,,
HR_SYNERGY,,7,0,1,,0.8470884110444266,,,
HR_COMPAT,,7,0,2,,0,,,
HR_SYNERGY,,7,0,2,,0.8283496457541348,,,
HR_COMPAT,,7,0,3,,1,,,
HR_SYNERGY,,7,0,3,,0.8830008871859458,,,
HR_COMPAT,,7,0,4,,1,,,
HR_SYNERGY,,7,0,4,,0.7170414322785469,,,
HR_COMPAT,,7,0,5,,0,,,
HR_SYNERGY,,7,0,5,,0.788308300555328,,,
HR_COMPAT,,7,0,6,,0,,,
HR_SYNERGY,,7,0,6,,0.830736621118146,,,
HR_COMPAT,,7,0,7,,1,,,
HR_SYNERGY,,7,0,7,,0.6887147424047058,,,
HR_COMPAT,,7,1,0,,0,,,
HR_SYNERGY,,7,1,0,,0.7921445970923541,,,
HR_COMPAT,,7,1,1,,0,,,
HR_SYNERGY,,7,1,1,,0.7676548321100258,,,
HR_COMPAT,,7,1,2,,0,,,
HR_SYNERGY,,7,1,2,,0.8363848832563181,,,
HR_COMPAT,,7,1,3,,1,,,
HR_SYNERGY,,7,1,3,,0.7696825099676263,,,
HR_COMPAT,,7,1,4,,1,,,
HR_SYNERGY,,7,1,4,,0.8670416446654032,,,
HR_COMPAT,,7,1,5,,0,,,
HR_SYNERGY,,7,1,5,,0.6823794688822407,,,
HR_COMPAT,,7,1,6,,0,,,
HR_SYNERGY,,7,1,6,,0.6792212291275008,,,
HR_COMPAT,,7,1,7,,1,,,
HR_SYNERGY,,7,1,7,,0.8440312369907557,,,
HR_COMPAT,,7,2,0,,0,,,
HR_SYNERGY,,7,2,0,,0.8802679507849838,,,
HR_COMPAT,,7,2,1,,0,,,
HR_SYNERGY,,7,2,1,,0.6580561360665147,,,
HR_COMPAT,,7,2,2,,0,,,
HR_SYNERGY,,7,2,2,,0.7141571070827735,,,
HR_COMPAT,,7,2,3,,0,,,
HR_SYNERGY,,7,2,3,,0.7112102514998851,,,
HR_COMPAT,,7,2,4,,1,,,
HR_SYNERGY,,7,2,4,,0.7712074223486035,,,
HR_COMPAT,,7,2,5,,0,,,
HR_SYNERGY,,7,2,5,,0.8003922139146975,,,
HR_COMPAT,,7,2,6,,0,,,
HR_SYNERGY,,7,2,6,,0.7598212759018119,,,
HR_COMPAT,,7,2,7,,0,,,
HR_SYNERGY,,7,2,7,,0.8336799071450007,,,
HR_COMPAT,,7,3,0,,0,,,
HR_SYNERGY,,7,3,0,,0.6939081395630049,,,
HR_COMPAT,,7,3,1,,0,,,
HR_SYNERGY,,7,3,1,,0.8473049587755783,,,
HR_COMPAT,,7,3,2,,0,,,
HR_SYNERGY,,7,3,2,,0.7485142938366146,,,
HR_COMPAT,,7,3,3,,1,,,
HR_SYNERGY,,7,3,3,,0.7153642369919097,,,
HR_COMPAT,,7,3,4,,0,,,
HR_SYNERGY,,7,3,4,,0.8289681116491502,,,
HR_COMPAT,,7,3,5,,0,,,
HR_SYNERGY,,7,3,5,,0.8489713114717679,,,
HR_COMPAT,,7,3,6,,0,,,
HR_SYNERGY,,7,3,6,,0.8078087671641012,,,
HR_COMPAT,,7,3,7,,1,,,
HR_SYNERGY,,7,3,7,,0.795482663477905,,,
HR_COMPAT,,7,4,0,,0,,,
HR_SYNERGY,,7,4,0,,0.7485297467080265,,,
HR_COMPAT,,7,4,1,,0,,,
HR_SYNERGY,,7,4,1,,0.6538018844070099,,,
HR_COMPAT,,7,4,2,,0,,,
HR_SYNERGY,,7,4,2,,0.8164519652751592,,,
HR_COMPAT,,7,4,3,,1,,,
HR_SYNERGY,,7,4,3,,0.8155017496233444,,,
HR_COMPAT,,7,4,4,,1,,,
HR_SYNERGY,,7,4,4,,0.8021835316863908,,,
HR_COMPAT,,7,4,5,,0,,,
HR_SYNERGY,,7,4,5,,0.8573666479296784,,,
HR_COMPAT,,7,4,6,,0,,,
HR_SYNERGY,,7,4,6,,0.6648678397780948,,,
HR_COMPAT,,7,4,7,,0,,,
HR_SYNERGY,,7,4,7,,0.8904880290636107,,,
HR_COMPAT,,7,5,0,,0,,,
HR_SYNERGY,,7,5,0,,0.7971071074684558,,,
HR_COMPAT,,7,5,1,,0,,,
HR_SYNERGY,,7,5,1,,0.8213173379662804,,,
HR_COMPAT,,7,5,2,,0,,,
HR_SYNERGY,,7,5,2,,0.6878768776470554,,,
HR_COMPAT,,7,5,3,,0,,,
HR_SYNERGY,,7,5,3,,0.6502177891418556,,,
HR_COMPAT,,7,5,4,,1,,,
HR_SYNERGY,,7,5,4,,0.7715684893960959,,,
HR_COMPAT,,7,5,5,,0,,,
HR_SYNERGY,,7,5,5,,0.7456702346709377,,,
HR_COMPAT,,7,5,6,,0,,,
HR_SYNERGY,,7,5,6,,0.7128190979397021,,,
HR_COMPAT,,7,5,7,,1,,,
HR_SYNERGY,,7,5,7,,0.7747254002659163,,,
HR_COMPAT,,7,6,0,,0,,,
HR_SYNERGY,,7,6,0,,0.8971660897469609,,,
HR_COMPAT,,7,6,1,,0,,,
HR_SYNERGY,,7,6,1,,0.8655100774636444,,,
HR_COMPAT,,7,6,2,,0,,,
HR_SYNERGY,,7,6,2,,0.7563287747574015,,,
HR_COMPAT,,7,6,3,,1,,,
HR_SYNERGY,,7,6,3,,0.6751052718157232,,,
HR_COMPAT,,7,6,4,,0,,,
HR_SYNERGY,,7,6,4,,0.7372878160806711,,,
HR_COMPAT,,7,6,5,,0,,,
HR_SYNERGY,,7,6,5,,0.7761076088763009,,,
HR_COMPAT,,7,6,6,,0,,,
HR_SYNERGY,,7,6,6,,0.791371554759334,,,
HR_COMPAT,,7,6,7,,1,,,
HR_SYNERGY,,7,6,7,,0.6954758669899427,,,
HR_COMPAT,,7,7,0,,0,,,
HR_SYNERGY,,7,7,0,,0.8265698692531698,,,
HR_COMPAT,,7,7,1,,0,,,
HR_SYNERGY,,7,7,1,,0.8957637498820621,,,
HR_COMPAT,,7,7,2,,0,,,
HR_SYNERGY,,7,7,2,,0.7848037522168626,,,
HR_COMPAT,,7,7,3,,0,,,
HR_SYNERGY,,7,7,3,,0.6937714026566595,,,
HR_COMPAT,,7,7,4,,0,,,
HR_SYNERGY,,7,7,4,,0.8380252194984505,,,
HR_COMPAT,,7,7,5,,0,,,
HR_SYNERGY,,7,7,5,,0.7037273186339343,,,
HR_COMPAT,,7,7,6,,0,,,
HR_SYNERGY,,7,7,6,,0.6633390623264662,,,
HR_COMPAT,,7,7,7,,0,,,
HR_SYNERGY,,7,7,7,,0.8232708239213464,,,
HR_COMPAT,,7,8,0,,0,,,
HR_SYNERGY,,7,8,0,,0.7479042639212761,,,
HR_COMPAT,,7,8,1,,0,,,
HR_SYNERGY,,7,8,1,,0.8457870932897391,,,
HR_COMPAT,,7,8,2,,0,,,
HR_SYNERGY,,7,8,2,,0.710249962365176,,,
HR_COMPAT,,7,8,3,,0,,,
HR_SYNERGY,,7,8,3,,0.7927972980354778,,,
HR_COMPAT,,7,8,4,,1,,,
HR_SYNERGY,,7,8,4,,0.8697040516009364,,,
HR_COMPAT,,7,8,5,,0,,,
HR_SYNERGY,,7,8,5,,0.6793347868349789,,,
HR_COMPAT,,7,8,6,,0,,,
HR_SYNERGY,,7,8,6,,0.836283902997458,,,
HR_COMPAT,,7,8,7,,0,,,
HR_SYNERGY,,7,8,7,,0.8084936484847309,,,
HR_COMPAT,,7,9,0,,0,,,
HR_SYNERGY,,7,9,0,,0.7880386130868754,,,
HR_COMPAT,,7,9,1,,0,,,
HR_SYNERGY,,7,9,1,,0.7975351183130605,,,
HR_COMPAT,,7,9,2,,0,,,
HR_SYNERGY,,7,9,2,,0.6691511785370129,,,
HR_COMPAT,,7,9,3,,1,,,
HR_SYNERGY,,7,9,3,,0.6594085430667305,,,
HR_COMPAT,,7,9,4,,0,,,
HR_SYNERGY,,7,9,4,,0.8543840185278071,,,
HR_COMPAT,,7,9,5,,0,,,
HR_SYNERGY,,7,9,5,,0.878569289943683,,,
HR_COMPAT,,7,9,6,,0,,,
HR_SYNERGY,,7,9,6,,0.7916006108371755,,,
HR_COMPAT,,7,9,7,,1,,,
HR_SYNERGY,,7,9,7,,0.8376735273271565,,,
HR_COMPAT,,8,0,0,,0,,,
HR_SYNERGY,,8,0,0,,0.7052165038817427,,,
HR_COMPAT,,8,0,1,,0,,,
HR_SYNERGY,,8,0,1,,0.725900290880135,,,
HR_COMPAT,,8,0,2,,0,,,
HR_SYNERGY,,8,0,2,,0.7406804989566731,,,
HR_COMPAT,,8,0,3,,0,,,
HR_SYNERGY,,8,0,3,,0.8081094593829967,,,
HR_COMPAT,,8,0,4,,1,,,
HR_SYNERGY,,8,0,4,,0.836316908160881,,,
HR_COMPAT,,8,0,5,,0,,,
HR_SYNERGY,,8,0,5,,0.779002402952168,,,
HR_COMPAT,,8,0,6,,1,,,
HR_SYNERGY,,8,0,6,,0.8804858734732905,,,
HR_COMPAT,,8,0,7,,1,,,
HR_SYNERGY,,8,0,7,,0.8496622155976019,,,
HR_COMPAT,,8,1,0,,0,,,
HR_SYNERGY,,8,1,0,,0.8215457905522433,,,
HR_COMPAT,,8,1,1,,1,,,
HR_SYNERGY,,8,1,1,,0.6947784829282095,,,
HR_COMPAT,,8,1,2,,0,,,
HR_SYNERGY,,8,1,2,,0.6762377537856034,,,
HR_COMPAT,,8,1,3,,0,,,
HR_SYNERGY,,8,1,3,,0.6605058926750063,,,
HR_COMPAT,,8,1,4,,1,,,
HR_SYNERGY,,8,1,4,,0.7135980495257752,,,
HR_COMPAT,,8,1,5,,0,,,
HR_SYNERGY,,8,1,5,,0.761940169438003,,,
HR_COMPAT,,8,1,6,,1,,,
HR_SYNERGY,,8,1,6,,0.7563092717193145,,,
HR_COMPAT,,8,1,7,,0,,,
HR_SYNERGY,,8,1,7,,0.8902090203490878,,,
HR_COMPAT,,8,2,0,,0,,,
HR_SYNERGY,,8,2,0,,0.7852361011230335,,,
HR_COMPAT,,8,2,1,,1,,,
HR_SYNERGY,,8,2,1,,0.6914794262699133,,,
HR_COMPAT,,8,2,2,,0,,,
HR_SYNERGY,,8,2,2,,0.6855209661562478,,,
HR_COMPAT,,8,2,3,,0,,,
HR_SYNERGY,,8,2,3,,0.6640200131352132,,,
HR_COMPAT,,8,2,4,,1,,,
HR_SYNERGY,,8,2,4,,0.8343726639790319,,,
HR_COMPAT,,8,2,5,,0,,,
HR_SYNERGY,,8,2,5,,0.8342979803267898,,,
HR_COMPAT,,8,2,6,,1,,,
HR_SYNERGY,,8,2,6,,0.8268385695195622,,,
HR_COMPAT,,8,2,7,,1,,,
HR_SYNERGY,,8,2,7,,0.8953107940425487,,,
HR_COMPAT,,8,3,0,,0,,,
HR_SYNERGY,,8,3,0,,0.842469697144474,,,
HR_COMPAT,,8,3,1,,1,,,
HR_SYNERGY,,8,3,1,,0.6758421945265843,,,
HR_COMPAT,,8,3,2,,0,,,
HR_SYNERGY,,8,3,2,,0.7148057396698463,,,
HR_COMPAT,,8,3,3,,0,,,
HR_SYNERGY,,8,3,3,,0.8512475428495793,,,
HR_COMPAT,,8,3,4,,1,,,
HR_SYNERGY,,8,3,4,,0.6779101313640765,,,
HR_COMPAT,,8,3,5,,0,,,
HR_SYNERGY,,8,3,5,,0.7725036358232401,,,
HR_COMPAT,,8,3,6,,0,,,
HR_SYNERGY,,8,3,6,,0.6869372912018099,,,
HR_COMPAT,,8,3,7,,0,,,
HR_SYNERGY,,8,3,7,,0.6938402681402136,,,
HR_COMPAT,,8,4,0,,0,,,
HR_SYNERGY,,8,4,0,,0.6600146215900635,,,
HR_COMPAT,,8,4,1,,1,,,
HR_SYNERGY,,8,4,1,,0.6796323517841074,,,
HR_COMPAT,,8,4,2,,0,,,
HR_SYNERGY,,8,4,2,,0.7017926731032578,,,
HR_COMPAT,,8,4,3,,0,,,
HR_SYNERGY,,8,4,3,,0.8675004602666161,,,
HR_COMPAT,,8,4,4,,1,,,
HR_SYNERGY,,8,4,4,,0.7770108371079337,,,
HR_COMPAT,,8,4,5,,0,,,
HR_SYNERGY,,8,4,5,,0.8296949551854975,,,
HR_COMPAT,,8,4,6,,1,,,
HR_SYNERGY,,8,4,6,,0.7622159158688324,,,
HR_COMPAT,,8,4,7,,0,,,
HR_SYNERGY,,8,4,7,,0.6650032186394552,,,
HR_COMPAT,,8,5,0,,0,,,
HR_SYNERGY,,8,5,0,,0.7473622908162507,,,
HR_COMPAT,,8,5,1,,0,,,
HR_SYNERGY,,8,5,1,,0.8898577019561319,,,
HR_COMPAT,,8,5,2,,0,,,
HR_SYNERGY,,8,5,2,,0.7161953919552035,,,
HR_COMPAT,,8,5,3,,0,,,
HR_SYNERGY,,8,5,3,,0.8486013349564278,,,
HR_COMPAT,,8,5,4,,1,,,
HR_SYNERGY,,8,5,4,,0.7457768004900602,,,
HR_COMPAT,,8,5,5,,0,,,
HR_SYNERGY,,8,5,5,,0.8895339866858232,,,
HR_COMPAT,,8,5,6,,0,,,
HR_SYNERGY,,8,5,6,,0.7262576586211907,,,
HR_COMPAT,,8,5,7,,0,,,
HR_SYNERGY,,8,5,7,,0.709488049373246,,,
HR_COMPAT,,8,6,0,,0,,,
HR_SYNERGY,,8,6,0,,0.7636932271581066,,,
HR_COMPAT,,8,6,1,,1,,,
HR_SYNERGY,,8,6,1,,0.7080819353117161,,,
HR_COMPAT,,8,6,2,,0,,,
HR_SYNERGY,,8,6,2,,0.6643405457922638,,,
HR_COMPAT,,8,6,3,,0,,,
HR_SYNERGY,,8,6,3,,0.781079266137673,,,
HR_COMPAT,,8,6,4,,1,,,
HR_SYNERGY,,8,6,4,,0.7218807692734351,,,
HR_COMPAT,,8,6,5,,0,,,
HR_SYNERGY,,8,6,5,,0.8943031116188148,,,
HR_COMPAT,,8,6,6,,0,,,
HR_SYNERGY,,8,6,6,,0.6589082060270874,,,
HR_COMPAT,,8,6,7,,1,,,
HR_SYNERGY,,8,6,7,,0.733062343423335,,,
HR_COMPAT,,8,7,0,,0,,,
HR_SYNERGY,,8,7,0,,0.8235659295812814,,,
HR_COMPAT,,8,7,1,,1,,,
HR_SYNERGY,,8,7,1,,0.6704761637606856,,,
HR_COMPAT,,8,7,2,,0,,,
HR_SYNERGY,,8,7,2,,0.8267988839292082,,,
HR_COMPAT,,8,7,3,,0,,,
HR_SYNERGY,,8,7,3,,0.8519455933587862,,,
HR_COMPAT,,8,7,4,,0,,,
HR_SYNERGY,,8,7,4,,0.7900405216725986,,,
HR_COMPAT,,8,7,5,,0,,,
HR_SYNERGY,,8,7,5,,0.7459736210002718,,,
HR_COMPAT,,8,7,6,,0,,,
HR_SYNERGY,,8,7,6,,0.6933002640499334,,,
HR_COMPAT,,8,7,7,,1,,,
HR_SYNERGY,,8,7,7,,0.8864239773806651,,,
HR_COMPAT,,8,8,0,,0,,,
HR_SYNERGY,,8,8,0,,0.8644429103180907,,,
HR_COMPAT,,8,8,1,,1,,,
HR_SYNERGY,,8,8,1,,0.7302488437257569,,,
HR_COMPAT,,8,8,2,,0,,,
HR_SYNERGY,,8,8,2,,0.8859723375167367,,,
HR_COMPAT,,8,8,3,,0,,,
HR_SYNERGY,,8,8,3,,0.7448706803085308,,,
HR_COMPAT,,8,8,4,,1,,,
HR_SYNERGY,,8,8,4,,0.8402707900166625,,,
HR_COMPAT,,8,8,5,,0,,,
HR_SYNERGY,,8,8,5,,0.7720788114896218,,,
HR_COMPAT,,8,8,6,,1,,,
HR_SYNERGY,,8,8,6,,0.8499304049273514,,,
HR_COMPAT,,8,8,7,,1,,,
HR_SYNERGY,,8,8,7,,0.8829311422053041,,,
HR_COMPAT,,8,9,0,,0,,,
HR_SYNERGY,,8,9,0,,0.8082564800771508,,,
HR_COMPAT,,8,9,1,,1,,,
HR_SYNERGY,,8,9,1,,0.6744957648161715,,,
HR_COMPAT,,8,9,2,,0,,,
HR_SYNERGY,,8,9,2,,0.7633721499017924,,,
HR_COMPAT,,8,9,3,,0,,,
HR_SYNERGY,,8,9,3,,0.7366395658108886,,,
HR_COMPAT,,8,9,4,,0,,,
HR_SYNERGY,,8,9,4,,0.7589484288498138,,,
HR_COMPAT,,8,9,5,,0,,,
HR_SYNERGY,,8,9,5,,0.658630856333337,,,
HR_COMPAT,,8,9,6,,1,,,
HR_SYNERGY,,8,9,6,,0.8914698856866055,,,
HR_COMPAT,,8,9,7,,0,,,
HR_SYNERGY,,8,9,7,,0.7621694270432136,,,
HR_COMPAT,,9,0,0,,0,,,
HR_SYNERGY,,9,0,0,,0.8466065510055794,,,
HR_COMPAT,,9,0,1,,1,,,
HR_SYNERGY,,9,0,1,,0.6632179209504989,,,
HR_COMPAT,,9,0,2,,1,,,
HR_SYNERGY,,9,0,2,,0.8169250390484646,,,
HR_COMPAT,,9,0,3,,0,,,
HR_SYNERGY,,9,0,3,,0.6948072206150205,,,
HR_COMPAT,,9,0,4,,0,,,
HR_SYNERGY,,9,0,4,,0.8831152981288133,,,
HR_COMPAT,,9,0,5,,0,,,
HR_SYNERGY,,9,0,5,,0.6703472307323575,,,
HR_COMPAT,,9,0,6,,0,,,
HR_SYNERGY,,9,0,6,,0.8513220820987564,,,
HR_COMPAT,,9,0,7,,1,,,
HR_SYNERGY,,9,0,7,,0.8065270584545523,,,
HR_COMPAT,,9,1,0,,0,,,
HR_SYNERGY,,9,1,0,,0.6517048040248556,,,
HR_COMPAT,,9,1,1,,1,,,
HR_SYNERGY,,9,1,1,,0.7832682480463073,,,
HR_COMPAT,,9,1,2,,1,,,
HR_SYNERGY,,9,1,2,,0.8308321233102264,,,
HR_COMPAT,,9,1,3,,0,,,
HR_SYNERGY,,9,1,3,,0.8101265445859791,,,
HR_COMPAT,,9,1,4,,1,,,
HR_SYNERGY,,9,1,4,,0.6597123602185677,,,
HR_COMPAT,,9,1,5,,0,,,
HR_SYNERGY,,9,1,5,,0.7345952019439987,,,
HR_COMPAT,,9,1,6,,1,,,
HR_SYNERGY,,9,1,6,,0.7361867605679466,,,
HR_COMPAT,,9,1,7,,1,,,
HR_SYNERGY,,9,1,7,,0.797549055614114,,,
HR_COMPAT,,9,2,0,,0,,,
HR_SYNERGY,,9,2,0,,0.7313230204279813,,,
HR_COMPAT,,9,2,1,,1,,,
HR_SYNERGY,,9,2,1,,0.8830804031355177,,,
HR_COMPAT,,9,2,2,,0,,,
HR_SYNERGY,,9,2,2,,0.8272293999816573,,,
HR_COMPAT,,9,2,3,,0,,,
HR_SYNERGY,,9,2,3,,0.6912902985204995,,,
HR_COMPAT,,9,2,4,,1,,,
HR_SYNERGY,,9,2,4,,0.7945596394014215,,,
HR_COMPAT,,9,2,5,,0,,,
HR_SYNERGY,,9,2,5,,0.6652514197639291,,,
HR_COMPAT,,9,2,6,,1,,,
HR_SYNERGY,,9,2,6,,0.8668113453687647,,,
HR_COMPAT,,9,2,7,,0,,,
HR_SYNERGY,,9,2,7,,0.7026664383423945,,,
HR_COMPAT,,9,3,0,,0,,,
HR_SYNERGY,,9,3,0,,0.7496748193542869,,,
HR_COMPAT,,9,3,1,,1,,,
HR_SYNERGY,,9,3,1,,0.8816756125723718,,,
HR_COMPAT,,9,3,2,,1,,,
HR_SYNERGY,,9,3,2,,0.8323542240965511,,,
HR_COMPAT,,9,3,3,,0,,,
HR_SYNERGY,,9,3,3,,0.7767900743873919,,,
HR_COMPAT,,9,3,4,,1,,,
HR_SYNERGY,,9,3,4,,0.8824471753526157,,,
HR_COMPAT,,9,3,5,,0,,,
HR_SYNERGY,,9,3,5,,0.7596814735914462,,,
HR_COMPAT,,9,3,6,,0,,,
HR_SYNERGY,,9,3,6,,0.746626551093415,,,
HR_COMPAT,,9,3,7,,1,,,
HR_SYNERGY,,9,3,7,,0.7081955256217534,,,
HR_COMPAT,,9,4,0,,0,,,
HR_SYNERGY,,9,4,0,,0.709114516773236,,,
HR_COMPAT,,9,4,1,,1,,,
HR_SYNERGY,,9,4,1,,0.7416779593416766,,,
HR_COMPAT,,9,4,2,,0,,,
HR_SYNERGY,,9,4,2,,0.6914176814517856,,,
HR_COMPAT,,9,4,3,,0,,,
HR_SYNERGY,,9,4,3,,0.692828521664704,,,
HR_COMPAT,,9,4,4,,1,,,
HR_SYNERGY,,9,4,4,,0.7854918218504964,,,
HR_COMPAT,,9,4,5,,0,,,
HR_SYNERGY,,9,4,5,,0.7289734685982284,,,
HR_COMPAT,,9,4,6,,1,,,
HR_SYNERGY,,9,4,6,,0.7847429887984004,,,
HR_COMPAT,,9,4,7,,0,,,
HR_SYNERGY,,9,4,7,,0.8463699083611406,,,
HR_COMPAT,,9,5,0,,0,,,
HR_SYNERGY,,9,5,0,,0.8199423167992206,,,
HR_COMPAT,,9,5,1,,1,,,
HR_SYNERGY,,9,5,1,,0.7652391099762825,,,
HR_COMPAT,,9,5,2,,0,,,
HR_SYNERGY,,9,5,2,,0.7722906356617826,,,
HR_COMPAT,,9,5,3,,0,,,
HR_SYNERGY,,9,5,3,,0.7846225491611927,,,
HR_COMPAT,,9,5,4,,1,,,
HR_SYNERGY,,9,5,4,,0.7124521522819973,,,
HR_COMPAT,,9,5,5,,0,,,
HR_SYNERGY,,9,5,5,,0.7895274901716882,,,
HR_COMPAT,,9,5,6,,0,,,
HR_SYNERGY,,9,5,6,,0.7040339024014518,,,
HR_COMPAT,,9,5,7,,0,,,
HR_SYNERGY,,9,5,7,,0.7834095714248689,,,
HR_COMPAT,,9,6,0,,0,,,
HR_SYNERGY,,9,6,0,,0.7973557043923878,,,
HR_COMPAT,,9,6,1,,1,,,
HR_SYNERGY,,9,6,1,,0.6746652476513412,,,
HR_COMPAT,,9,6,2,,0,,,
HR_SYNERGY,,9,6,2,,0.7025263461347563,,,
HR_COMPAT,,9,6,3,,0,,,
HR_SYNERGY,,9,6,3,,0.81860477192107,,,
HR_COMPAT,,9,6,4,,1,,,
HR_SYNERGY,,9,6,4,,0.7925548954984696,,,
HR_COMPAT,,9,6,5,,0,,,
HR_SYNERGY,,9,6,5,,0.8868876272943969,,,
HR_COMPAT,,9,6,6,,1,,,
HR_SYNERGY,,9,6,6,,0.6895829831076005,,,
HR_COMPAT,,9,6,7,,1,,,
HR_SYNERGY,,9,6,7,,0.8870983504752729,,,
HR_COMPAT,,9,7,0,,0,,,
HR_SYNERGY,,9,7,0,,0.8132648352541623,,,
HR_COMPAT,,9,7,1,,1,,,
HR_SYNERGY,,9,7,1,,0.8337419609599683,,,
HR_COMPAT,,9,7,2,,1,,,
HR_SYNERGY,,9,7,2,,0.8819237329298963,,,
HR_COMPAT,,9,7,3,,0,,,
HR_SYNERGY,,9,7,3,,0.8365316465897813,,,
HR_COMPAT,,9,7,4,,0,,,
HR_SYNERGY,,9,7,4,,0.7311721102344466,,,
HR_COMPAT,,9,7,5,,0,,,
HR_SYNERGY,,9,7,5,,0.6963633320205573,,,
HR_COMPAT,,9,7,6,,0,,,
HR_SYNERGY,,9,7,6,,0.7540360473701015,,,
HR_COMPAT,,9,7,7,,1,,,
HR_SYNERGY,,9,7,7,,0.8606076703169219,,,
HR_COMPAT,,9,8,0,,0,,,
HR_SYNERGY,,9,8,0,,0.7626182556381508,,,
HR_COMPAT,,9,8,1,,1,,,
HR_SYNERGY,,9,8,1,,0.8550435319569046,,,
HR_COMPAT,,9,8,2,,0,,,
HR_SYNERGY,,9,8,2,,0.684124794336008,,,
HR_COMPAT,,9,8,3,,0,,,
HR_SYNERGY,,9,8,3,,0.868177251031695,,,
HR_COMPAT,,9,8,4,,1,,,
HR_SYNERGY,,9,8,4,,0.7234396613598344,,,
HR_COMPAT,,9,8,5,,0,,,
HR_SYNERGY,,9,8,5,,0.8991786784726676,,,
HR_COMPAT,,9,8,6,,1,,,
HR_SYNERGY,,9,8,6,,0.6508968658377513,,,
HR_COMPAT,,9,8,7,,1,,,
HR_SYNERGY,,9,8,7,,0.6816910198421453,,,
HR_COMPAT,,9,9,0,,0,,,
HR_SYNERGY,,9,9,0,,0.6928743221036356,,,
HR_COMPAT,,9,9,1,,1,,,
HR_SYNERGY,,9,9,1,,0.8804017295524917,,,
HR_COMPAT,,9,9,2,,1,,,
HR_SYNERGY,,9,9,2,,0.8750659349504025,,,
HR_COMPAT,,9,9,3,,0,,,
HR_SYNERGY,,9,9,3,,0.7640932487504002,,,
HR_COMPAT,,9,9,4,,0,,,
HR_SYNERGY,,9,9,4,,0.8778140759614338,,,
HR_COMPAT,,9,9,5,,0,,,
HR_SYNERGY,,9,9,5,,0.7410193295742128,,,
HR_COMPAT,,9,9,6,,1,,,
HR_SYNERGY,,9,9,6,,0.8962979396247097,,,
HR_COMPAT,,9,9,7,,1,,,
HR_SYNERGY,,9,9,7,,0.8221825303241177,,,
HR_COMPAT,,10,0,0,,1,,,
HR_SYNERGY,,10,0,0,,0.7933730055852928,,,
HR_COMPAT,,10,0,1,,1,,,
HR_SYNERGY,,10,0,1,,0.7328417523065065,,,
HR_COMPAT,,10,0,2,,0,,,
HR_SYNERGY,,10,0,2,,0.8412131033517221,,,
HR_COMPAT,,10,0,3,,0,,,
HR_SYNERGY,,10,0,3,,0.7405145522706174,,,
HR_COMPAT,,10,0,4,,1,,,
HR_SYNERGY,,10,0,4,,0.8030078708775751,,,
HR_COMPAT,,10,0,5,,1,,,
HR_SYNERGY,,10,0,5,,0.706246428588508,,,
HR_COMPAT,,10,0,6,,1,,,
HR_SYNERGY,,10,0,6,,0.8862526529558803,,,
HR_COMPAT,,10,0,7,,1,,,
HR_SYNERGY,,10,0,7,,0.8113247931222363,,,
HR_COMPAT,,10,1,0,,1,,,
HR_SYNERGY,,10,1,0,,0.6789379490852876,,,
HR_COMPAT,,10,1,1,,1,,,
HR_SYNERGY,,10,1,1,,0.8196080514339861,,,
HR_COMPAT,,10,1,2,,0,,,
HR_SYNERGY,,10,1,2,,0.6938406303943135,,,
HR_COMPAT,,10,1,3,,0,,,
HR_SYNERGY,,10,1,3,,0.8418332940371137,,,
HR_COMPAT,,10,1,4,,1,,,
HR_SYNERGY,,10,1,4,,0.785296920867726,,,
HR_COMPAT,,10,1,5,,1,,,
HR_SYNERGY,,10,1,5,,0.6715489292749165,,,
HR_COMPAT,,10,1,6,,0,,,
HR_SYNERGY,,10,1,6,,0.7990300427345391,,,
HR_COMPAT,,10,1,7,,1,,,
HR_SYNERGY,,10,1,7,,0.8700753255152872,,,
HR_COMPAT,,10,2,0,,1,,,
HR_SYNERGY,,10,2,0,,0.7687367140912835,,,
HR_COMPAT,,10,2,1,,1,,,
HR_SYNERGY,,10,2,1,,0.7403210625656093,,,
HR_COMPAT,,10,2,2,,0,,,
HR_SYNERGY,,10,2,2,,0.7060912120902325,,,
HR_COMPAT,,10,2,3,,0,,,
HR_SYNERGY,,10,2,3,,0.7626283119945749,,,
HR_COMPAT,,10,2,4,,1,,,
HR_SYNERGY,,10,2,4,,0.8898141533493911,,,
HR_COMPAT,,10,2,5,,1,,,
HR_SYNERGY,,10,2,5,,0.8014997196667332,,,
HR_COMPAT,,10,2,6,,1,,,
HR_SYNERGY,,10,2,6,,0.7991534436133992,,,
HR_COMPAT,,10,2,7,,1,,,
HR_SYNERGY,,10,2,7,,0.6868311476520492,,,
HR_COMPAT,,10,3,0,,0,,,
HR_SYNERGY,,10,3,0,,0.7253797417881634,,,
HR_COMPAT,,10,3,1,,1,,,
HR_SYNERGY,,10,3,1,,0.8278287382266831,,,
HR_COMPAT,,10,3,2,,0,,,
HR_SYNERGY,,10,3,2,,0.8459076569268379,,,
HR_COMPAT,,10,3,3,,0,,,
HR_SYNERGY,,10,3,3,,0.7261706931855643,,,
HR_COMPAT,,10,3,4,,1,,,
HR_SYNERGY,,10,3,4,,0.7400078076968861,,,
HR_COMPAT,,10,3,5,,0,,,
HR_SYNERGY,,10,3,5,,0.8085463380071863,,,
HR_COMPAT,,10,3,6,,0,,,
HR_SYNERGY,,10,3,6,,0.7850293509286469,,,
HR_COMPAT,,10,3,7,,1,,,
HR_SYNERGY,,10,3,7,,0.7996044823672654,,,
HR_COMPAT,,10,4,0,,1,,,
HR_SYNERGY,,10,4,0,,0.8396947674776356,,,
HR_COMPAT,,10,4,1,,1,,,
HR_SYNERGY,,10,4,1,,0.7165156674981521,,,
HR_COMPAT,,10,4,2,,0,,,
HR_SYNERGY,,10,4,2,,0.8861454902554126,,,
HR_COMPAT,,10,4,3,,0,,,
HR_SYNERGY,,10,4,3,,0.8989950173946166,,,
HR_COMPAT,,10,4,4,,1,,,
HR_SYNERGY,,10,4,4,,0.7800117345869851,,,
HR_COMPAT,,10,4,5,,1,,,
HR_SYNERGY,,10,4,5,,0.7707341622829245,,,
HR_COMPAT,,10,4,6,,1,,,
HR_SYNERGY,,10,4,6,,0.8745838849551602,,,
HR_COMPAT,,10,4,7,,0,,,
HR_SYNERGY,,10,4,7,,0.6528145792828146,,,
HR_COMPAT,,10,5,0,,1,,,
HR_SYNERGY,,10,5,0,,0.7796164655472583,,,
HR_COMPAT,,10,5,1,,1,,,
HR_SYNERGY,,10,5,1,,0.7808852754384613,,,
HR_COMPAT,,10,5,2,,0,,,
HR_SYNERGY,,10,5,2,,0.7910658560948679,,,
HR_COMPAT,,10,5,3,,0,,,
HR_SYNERGY,,10,5,3,,0.7685078213389683,,,
HR_COMPAT,,10,5,4,,1,,,
HR_SYNERGY,,10,5,4,,0.7277880153223607,,,
HR_COMPAT,,10,5,5,,1,,,
HR_SYNERGY,,10,5,5,,0.754361047067834,,,
HR_COMPAT,,10,5,6,,0,,,
HR_SYNERGY,,10,5,6,,0.7391293350270447,,,
HR_COMPAT,,10,5,7,,1,,,
HR_SYNERGY,,10,5,7,,0.8475913332201668,,,
HR_COMPAT,,10,6,0,,0,,,
HR_SYNERGY,,10,6,0,,0.7542163203948447,,,
HR_COMPAT,,10,6,1,,1,,,
HR_SYNERGY,,10,6,1,,0.7740542082109109,,,
HR_COMPAT,,10,6,2,,0,,,
HR_SYNERGY,,10,6,2,,0.8560421541099146,,,
HR_COMPAT,,10,6,3,,0,,,
HR_SYNERGY,,10,6,3,,0.8989777829567138,,,
HR_COMPAT,,10,6,4,,1,,,
HR_SYNERGY,,10,6,4,,0.7185959127325938,,,
HR_COMPAT,,10,6,5,,1,,,
HR_SYNERGY,,10,6,5,,0.6778852831443006,,,
HR_COMPAT,,10,6,6,,1,,,
HR_SYNERGY,,10,6,6,,0.7928436965944416,,,
HR_COMPAT,,10,6,7,,1,,,
HR_SYNERGY,,10,6,7,,0.6968957388976506,,,
HR_COMPAT,,10,7,0,,0,,,
HR_SYNERGY,,10,7,0,,0.7570660340201578,,,
HR_COMPAT,,10,7,1,,1,,,
HR_SYNERGY,,10,7,1,,0.8877871009705894,,,
HR_COMPAT,,10,7,2,,0,,,
HR_SYNERGY,,10,7,2,,0.7017415567172804,,,
HR_COMPAT,,10,7,3,,0,,,
HR_SYNERGY,,10,7,3,,0.7519687906761049,,,
HR_COMPAT,,10,7,4,,0,,,
HR_SYNERGY,,10,7,4,,0.8331986183028448,,,
HR_COMPAT,,10,7,5,,1,,,
HR_SYNERGY,,10,7,5,,0.7142949612769545,,,
HR_COMPAT,,10,7,6,,0,,,
HR_SYNERGY,,10,7,6,,0.8300869018864102,,,
HR_COMPAT,,10,7,7,,1,,,
HR_SYNERGY,,10,7,7,,0.7538796110621908,,,
HR_COMPAT,,10,8,0,,1,,,
HR_SYNERGY,,10,8,0,,0.7745257130359359,,,
HR_COMPAT,,10,8,1,,0,,,
HR_SYNERGY,,10,8,1,,0.8950128025064379,,,
HR_COMPAT,,10,8,2,,0,,,
HR_SYNERGY,,10,8,2,,0.6576387221684687,,,
HR_COMPAT,,10,8,3,,0,,,
HR_SYNERGY,,10,8,3,,0.6718563975440479,,,
HR_COMPAT,,10,8,4,,1,,,
HR_SYNERGY,,10,8,4,,0.7077653955999015,,,
HR_COMPAT,,10,8,5,,1,,,
HR_SYNERGY,,10,8,5,,0.7623582748392645,,,
HR_COMPAT,,10,8,6,,0,,,
HR_SYNERGY,,10,8,6,,0.695686348347157,,,
HR_COMPAT,,10,8,7,,1,,,
HR_SYNERGY,,10,8,7,,0.7383956041453006,,,
HR_COMPAT,,10,9,0,,0,,,
HR_SYNERGY,,10,9,0,,0.7245732931803586,,,
HR_COMPAT,,10,9,1,,1,,,
HR_SYNERGY,,10,9,1,,0.7320301152470929,,,
HR_COMPAT,,10,9,2,,0,,,
HR_SYNERGY,,10,9,2,,0.8432461528873917,,,
HR_COMPAT,,10,9,3,,0,,,
HR_SYNERGY,,10,9,3,,0.6542978669496391,,,
HR_COMPAT,,10,9,4,,0,,,
HR_SYNERGY,,10,9,4,,0.7664476243494721,,,
HR_COMPAT,,10,9,5,,1,,,
HR_SYNERGY,,10,9,5,,0.825770141174128,,,
HR_COMPAT,,10,9,6,,1,,,
HR_SYNERGY,,10,9,6,,0.65211734154486,,,
HR_COMPAT,,10,9,7,,1,,,
HR_SYNERGY,,10,9,7,,0.8553954755072691,,,
HR_COMPAT,,11,0,0,,0,,,
HR_SYNERGY,,11,0,0,,0.8442032352661809,,,
HR_COMPAT,,11,0,1,,0,,,
HR_SYNERGY,,11,0,1,,0.7228181746826651,,,
HR_COMPAT,,11,0,2,,1,,,
HR_SYNERGY,,11,0,2,,0.8896169044027419,,,
HR_COMPAT,,11,0,3,,0,,,
HR_SYNERGY,,11,0,3,,0.8718004384582844,,,
HR_COMPAT,,11,0,4,,1,,,
HR_SYNERGY,,11,0,4,,0.7347280226784931,,,
HR_COMPAT,,11,0,5,,0,,,
HR_SYNERGY,,11,0,5,,0.7037613274799425,,,
HR_COMPAT,,11,0,6,,0,,,
HR_SYNERGY,,11,0,6,,0.7450868057681322,,,
HR_COMPAT,,11,0,7,,1,,,
HR_SYNERGY,,11,0,7,,0.7437859180569918,,,
HR_COMPAT,,11,1,0,,0,,,
HR_SYNERGY,,11,1,0,,0.8818091870802968,,,
HR_COMPAT,,11,1,1,,0,,,
HR_SYNERGY,,11,1,1,,0.8001385495223408,,,
HR_COMPAT,,11,1,2,,1,,,
HR_SYNERGY,,11,1,2,,0.830051697146921,,,
HR_COMPAT,,11,1,3,,0,,,
HR_SYNERGY,,11,1,3,,0.8638997804610986,,,
HR_COMPAT,,11,1,4,,1,,,
HR_SYNERGY,,11,1,4,,0.7922955720167812,,,
HR_COMPAT,,11,1,5,,0,,,
HR_SYNERGY,,11,1,5,,0.8849879452646976,,,
HR_COMPAT,,11,1,6,,0,,,
HR_SYNERGY,,11,1,6,,0.7484767751460771,,,
HR_COMPAT,,11,1,7,,1,,,
HR_SYNERGY,,11,1,7,,0.8493092476828586,,,
HR_COMPAT,,11,2,0,,1,,,
HR_SYNERGY,,11,2,0,,0.8458939123073731,,,
HR_COMPAT,,11,2,1,,0,,,
HR_SYNERGY,,11,2,1,,0.7619359982347664,,,
HR_COMPAT,,11,2,2,,0,,,
HR_SYNERGY,,11,2,2,,0.8229674468415364,,,
HR_COMPAT,,11,2,3,,0,,,
HR_SYNERGY,,11,2,3,,0.8869619384802738,,,
HR_COMPAT,,11,2,4,,1,,,
HR_SYNERGY,,11,2,4,,0.7892261937157823,,,
HR_COMPAT,,11,2,5,,0,,,
HR_SYNERGY,,11,2,5,,0.7951080459160051,,,
HR_COMPAT,,11,2,6,,0,,,
HR_SYNERGY,,11,2,6,,0.7820278624761766,,,
HR_COMPAT,,11,2,7,,1,,,
HR_SYNERGY,,11,2,7,,0.8128320354322199,,,
HR_COMPAT,,11,3,0,,0,,,
HR_SYNERGY,,11,3,0,,0.8381562213317698,,,
HR_COMPAT,,11,3,1,,0,,,
HR_SYNERGY,,11,3,1,,0.8845051770919933,,,
HR_COMPAT,,11,3,2,,1,,,
HR_SYNERGY,,11,3,2,,0.8894153344316844,,,
HR_COMPAT,,11,3,3,,0,,,
HR_SYNERGY,,11,3,3,,0.7314628190396778,,,
HR_COMPAT,,11,3,4,,0,,,
HR_SYNERGY,,11,3,4,,0.6638962910506966,,,
HR_COMPAT,,11,3,5,,0,,,
HR_SYNERGY,,11,3,5,,0.7361529856784645,,,
HR_COMPAT,,11,3,6,,0,,,
HR_SYNERGY,,11,3,6,,0.8844246299000527,,,
HR_COMPAT,,11,3,7,,1,,,
HR_SYNERGY,,11,3,7,,0.8007717920421814,,,
HR_COMPAT,,11,4,0,,1,,,
HR_SYNERGY,,11,4,0,,0.7992070196252306,,,
HR_COMPAT,,11,4,1,,0,,,
HR_SYNERGY,,11,4,1,,0.8648020456425382,,,
HR_COMPAT,,11,4,2,,1,,,
HR_SYNERGY,,11,4,2,,0.7180552098534789,,,
HR_COMPAT,,11,4,3,,0,,,
HR_SYNERGY,,11,4,3,,0.7627122474267279,,,
HR_COMPAT,,11,4,4,,0,,,
HR_SYNERGY,,11,4,4,,0.8694335705842412,,,
HR_COMPAT,,11,4,5,,0,,,
HR_SYNERGY,,11,4,5,,0.7081080847363743,,,
HR_COMPAT,,11,4,6,,0,,,
HR_SYNERGY,,11,4,6,,0.7244117379847841,,,
HR_COMPAT,,11,4,7,,0,,,
HR_SYNERGY,,11,4,7,,0.8159025968041953,,,
HR_COMPAT,,11,5,0,,1,,,
HR_SYNERGY,,11,5,0,,0.6556436591904653,,,
HR_COMPAT,,11,5,1,,0,,,
HR_SYNERGY,,11,5,1,,0.7713418590376355,,,
HR_COMPAT,,11,5,2,,0,,,
HR_SYNERGY,,11,5,2,,0.8864794535918477,,,
HR_COMPAT,,11,5,3,,0,,,
HR_SYNERGY,,11,5,3,,0.7975593901459295,,,
HR_COMPAT,,11,5,4,,0,,,
HR_SYNERGY,,11,5,4,,0.7339722760460897,,,
HR_COMPAT,,11,5,5,,0,,,
HR_SYNERGY,,11,5,5,,0.7090594197032818,,,
HR_COMPAT,,11,5,6,,0,,,
HR_SYNERGY,,11,5,6,,0.8200965448173165,,,
HR_COMPAT,,11,5,7,,0,,,
HR_SYNERGY,,11,5,7,,0.6687322182888161,,,
HR_COMPAT,,11,6,0,,0,,,
HR_SYNERGY,,11,6,0,,0.762485507549465,,,
HR_COMPAT,,11,6,1,,0,,,
HR_SYNERGY,,11,6,1,,0.6504119663124494,,,
HR_COMPAT,,11,6,2,,0,,,
HR_SYNERGY,,11,6,2,,0.6794871304154165,,,
HR_COMPAT,,11,6,3,,0,,,
HR_SYNERGY,,11,6,3,,0.8130966388973186,,,
HR_COMPAT,,11,6,4,,1,,,
HR_SYNERGY,,11,6,4,,0.7772254117818495,,,
HR_COMPAT,,11,6,5,,0,,,
HR_SYNERGY,,11,6,5,,0.7791942051761664,,,
HR_COMPAT,,11,6,6,,0,,,
HR_SYNERGY,,11,6,6,,0.8397001175819873,,,
HR_COMPAT,,11,6,7,,1,,,
HR_SYNERGY,,11,6,7,,0.8969635226537372,,,
HR_COMPAT,,11,7,0,,0,,,
HR_SYNERGY,,11,7,0,,0.6544648359139438,,,
HR_COMPAT,,11,7,1,,0,,,
HR_SYNERGY,,11,7,1,,0.8849796880454205,,,
HR_COMPAT,,11,7,2,,1,,,
HR_SYNERGY,,11,7,2,,0.7121169677219178,,,
HR_COMPAT,,11,7,3,,0,,,
HR_SYNERGY,,11,7,3,,0.7940128538368937,,,
HR_COMPAT,,11,7,4,,0,,,
HR_SYNERGY,,11,7,4,,0.7323245329764403,,,
HR_COMPAT,,11,7,5,,0,,,
HR_SYNERGY,,11,7,5,,0.8276092348713322,,,
HR_COMPAT,,11,7,6,,0,,,
HR_SYNERGY,,11,7,6,,0.6565692742781245,,,
HR_COMPAT,,11,7,7,,1,,,
HR_SYNERGY,,11,7,7,,0.823385715095298,,,
HR_COMPAT,,11,8,0,,1,,,
HR_SYNERGY,,11,8,0,,0.8843471894730891,,,
HR_COMPAT,,11,8,1,,0,,,
HR_SYNERGY,,11,8,1,,0.8393761230760792,,,
HR_COMPAT,,11,8,2,,1,,,
HR_SYNERGY,,11,8,2,,0.7688586063931248,,,
HR_COMPAT,,11,8,3,,0,,,
HR_SYNERGY,,11,8,3,,0.7025148923637791,,,
HR_COMPAT,,11,8,4,,1,,,
HR_SYNERGY,,11,8,4,,0.7257003301493639,,,
HR_COMPAT,,11,8,5,,0,,,
HR_SYNERGY,,11,8,5,,0.8595842171250961,,,
HR_COMPAT,,11,8,6,,0,,,
HR_SYNERGY,,11,8,6,,0.6573393431052272,,,
HR_COMPAT,,11,8,7,,1,,,
HR_SYNERGY,,11,8,7,,0.7224719213883318,,,
HR_COMPAT,,11,9,0,,1,,,
HR_SYNERGY,,11,9,0,,0.787407924801625,,,
HR_COMPAT,,11,9,1,,0,,,
HR_SYNERGY,,11,9,1,,0.8813188166388987,,,
HR_COMPAT,,11,9,2,,1,,,
HR_SYNERGY,,11,9,2,,0.8851105229957253,,,
HR_COMPAT,,11,9,3,,0,,,
HR_SYNERGY,,11,9,3,,0.8244169891206168,,,
HR_COMPAT,,11,9,4,,0,,,
HR_SYNERGY,,11,9,4,,0.8850515993855097,,,
HR_COMPAT,,11,9,5,,0,,,
HR_SYNERGY,,11,9,5,,0.8867322785393413,,,
HR_COMPAT,,11,9,6,,0,,,
HR_SYNERGY,,11,9,6,,0.8425445986233187,,,
HR_COMPAT,,11,9,7,,1,,,
HR_SYNERGY,,11,9,7,,0.8526413606047473,,,
WORKER_RELOC,,0,0,0,,0.0,,,
WORKER_RELOC,,0,0,1,,5.259910196400147,,,
WORKER_RELOC,,0,0,2,,7.400398492148483,,,
WORKER_RELOC,,0,0,3,,7.013847388347177,,,
WORKER_RELOC,,0,0,4,,7.811933103807839,,,
WORKER_RELOC,,0,0,5,,12.901832466135613,,,
WORKER_RELOC,,0,0,6,,7.390087483232993,,,
WORKER_RELOC,,0,0,7,,13.210348639471265,,,
WORKER_RELOC,,0,0,8,,14.167791567709697,,,
WORKER_RELOC,,0,0,9,,7.694130759507237,,,
WORKER_RELOC,,0,0,10,,14.20956667874132,,,
WORKER_RELOC,,0,0,11,,14.911020683816927,,,
WORKER_RELOC,,0,0,12,,14.17776727816317,,,
WORKER_RELOC,,0,0,13,,6.404060904634714,,,
WORKER_RELOC,,0,0,14,,12.478512981642695,,,
WORKER_RELOC,,0,0,15,,14.400477818290392,,,
WORKER_RELOC,,0,0,16,,11.221923672303458,,,
WORKER_RELOC,,0,0,17,,15.930968190498223,,,
WORKER_RELOC,,0,1,0,,2.1063584647606985,,,
WORKER_RELOC,,0,1,1,,0.0,,,
WORKER_RELOC,,0,1,2,,11.914213924718076,,,
WORKER_RELOC,,0,1,3,,9.699801680429049,,,
WORKER_RELOC,,0,1,4,,11.712279245417893,,,
WORKER_RELOC,,0,1,5,,15.382618239787286,,,
WORKER_RELOC,,0,1,6,,12.355574662733233,,,
WORKER_RELOC,,0,1,7,,8.96456396243339,,,
WORKER_RELOC,,0,1,8,,7.811370152989571,,,
WORKER_RELOC,,0,1,9,,11.711669212881388,,,
WORKER_RELOC,,0,1,10,,8.046020394785085,,,
WORKER_RELOC,,0,1,11,,8.256795530644476,,,
WORKER_RELOC,,0,1,12,,10.16193696785055,,,
WORKER_RELOC,,0,1,13,,13.691712855423376,,,
WORKER_RELOC,,0,1,14,,15.607617049644256,,,
WORKER_RELOC,,0,1,15,,8.394851381219375,,,
WORKER_RELOC,,0,1,16,,11.751632209336654,,,
WORKER_RELOC,,0,1,17,,13.784107257830346,,,
WORKER_RELOC,,0,2,0,,12.894527820304504,,,
WORKER_RELOC,,0,2,1,,15.230105640574916,,,
WORKER_RELOC,,0,2,2,,0.0,,,
WORKER_RELOC,,0,2,3,,8.382586456386859,,,
WORKER_RELOC,,0,2,4,,14.879087469053138,,,
WORKER_RELOC,,0,2,5,,15.881557900080422,,,
WORKER_RELOC,,0,2,6,,11.598615608316546,,,
WORKER_RELOC,,0,2,7,,6.628953945133364,,,
WORKER_RELOC,,0,2,8,,7.146416777087394,,,
WORKER_RELOC,,0,2,9,,6.490815692170351,,,
WORKER_RELOC,,0,2,10,,15.490600541912988,,,
WORKER_RELOC,,0,2,11,,8.983241951223974,,,
WORKER_RELOC,,0,2,12,,15.003761232614172,,,
WORKER_RELOC,,0,2,13,,14.188352953680633,,,
WORKER_RELOC,,0,2,14,,8.439825179707821,,,
WORKER_RELOC,,0,2,15,,11.998125442959093,,,
WORKER_RELOC,,0,2,16,,13.622448163372246,,,
WORKER_RELOC,,0,2,17,,12.439053775565535,,,
WORKER_RELOC,,0,3,0,,7.999842715962794,,,
WORKER_RELOC,,0,3,1,,11.191878098142226,,,
WORKER_RELOC,,0,3,2,,15.794255808005254,,,
WORKER_RELOC,,0,3,3,,0.0,,,
WORKER_RELOC,,0,3,4,,3.3891859590792537,,,
WORKER_RELOC,,0,3,5,,3.9903098301153244,,,
WORKER_RELOC,,0,3,6,,13.167152553256535,,,
WORKER_RELOC,,0,3,7,,7.045652072539724,,,
WORKER_RELOC,,0,3,8,,7.538342297583951,,,
WORKER_RELOC,,0,3,9,,14.044929290470586,,,
WORKER_RELOC,,0,3,10,,10.813113136330383,,,
WORKER_RELOC,,0,3,11,,15.522892744224816,,,
WORKER_RELOC,,0,3,12,,15.437687184584854,,,
WORKER_RELOC,,0,3,13,,11.922702599439614,,,
WORKER_RELOC,,0,3,14,,12.453502988061777,,,
WORKER_RELOC,,0,3,15,,15.041977236916965,,,
WORKER_RELOC,,0,3,16,,6.565412070457309,,,
WORKER_RELOC,,0,3,17,,14.375521468664612,,,
WORKER_RELOC,,0,4,0,,14.721640630646444,,,
WORKER_RELOC,,0,4,1,,14.338690432300293,,,
WORKER_RELOC,,0,4,2,,8.384013913234,,,
WORKER_RELOC,,0,4,3,,4.753773872131249,,,
WORKER_RELOC,,0,4,4,,0.0,,,
WORKER_RELOC,,0,4,5,,4.307334274153092,,,
WORKER_RELOC,,0,4,6,,12.970516640377486,,,
WORKER_RELOC,,0,4,7,,12.085750134886695,,,
WORKER_RELOC,,0,4,8,,14.260117506874927,,,
WORKER_RELOC,,0,4,9,,14.302393264069792,,,
WORKER_RELOC,,0,4,10,,7.927028548507589,,,
WORKER_RELOC,,0,4,11,,6.295504506563598,,,
WORKER_RELOC,,0,4,12,,13.469964212060415,,,
WORKER_RELOC,,0,4,13,,15.18939759866853,,,
WORKER_RELOC,,0,4,14,,13.54862758254378,,,
WORKER_RELOC,,0,4,15,,8.543075262916853,,,
WORKER_RELOC,,0,4,16,,6.278187896296579,,,
WORKER_RELOC,,0,4,17,,11.677563399974836,,,
WORKER_RELOC,,0,5,0,,9.377173128997635,,,
WORKER_RELOC,,0,5,1,,7.861945959975836,,,
WORKER_RELOC,,0,5,2,,6.992959193493869,,,
WORKER_RELOC,,0,5,3,,2.695727923567941,,,
WORKER_RELOC,,0,5,4,,2.965469526532002,,,
WORKER_RELOC,,0,5,5,,0.0,,,
WORKER_RELOC,,0,5,6,,12.942710022515255,,,
WORKER_RELOC,,0,5,7,,15.232602481256162,,,
WORKER_RELOC,,0,5,8,,8.211133658506359,,,
WORKER_RELOC,,0,5,9,,6.084159490525023,,,
WORKER_RELOC,,0,5,10,,14.279148046795026,,,
WORKER_RELOC,,0,5,11,,12.299347999350328,,,
WORKER_RELOC,,0,5,12,,13.799607983870565,,,
WORKER_RELOC,,0,5,13,,7.3403222759026825,,,
WORKER_RELOC,,0,5,14,,7.3892525176205295,,,
WORKER_RELOC,,0,5,15,,13.54717197929968,,,
WORKER_RELOC,,0,5,16,,12.527104179145649,,,
WORKER_RELOC,,0,5,17,,6.408452380488016,,,
WORKER_RELOC,,0,6,0,,13.764923331304878,,,
WORKER_RELOC,,0,6,1,,14.99702120323931,,,
WORKER_RELOC,,0,6,2,,11.401609099276529,,,
WORKER_RELOC,,0,6,3,,12.710071878073538,,,
WORKER_RELOC,,0,6,4,,12.783524524706877,,,
WORKER_RELOC,,0,6,5,,9.948655434761154,,,
WORKER_RELOC,,0,6,6,,0.0,,,
WORKER_RELOC,,0,6,7,,9.558522965580218,,,
WORKER_RELOC,,0,6,8,,15.41463004169837,,,
WORKER_RELOC,,0,6,9,,13.209202951899162,,,
WORKER_RELOC,,0,6,10,,13.230965481717536,,,
WORKER_RELOC,,0,6,11,,6.571759050905717,,,
WORKER_RELOC,,0,6,12,,9.230654473966107,,,
WORKER_RELOC,,0,6,13,,6.528238868328338,,,
WORKER_RELOC,,0,6,14,,12.588186906886573,,,
WORKER_RELOC,,0,6,15,,12.543077839182851,,,
WORKER_RELOC,,0,6,16,,10.716551439699181,,,
WORKER_RELOC,,0,6,17,,8.266339315486054,,,
WORKER_RELOC,,0,7,0,,10.37972320840959,,,
WORKER_RELOC,,0,7,1,,15.060070818744116,,,
WORKER_RELOC,,0,7,2,,11.866266261761162,,,
WORKER_RELOC,,0,7,3,,13.504056299602825,,,
WORKER_RELOC,,0,7,4,,14.618408422996914,,,
WORKER_RELOC,,0,7,5,,11.877248308804427,,,
WORKER_RELOC,,0,7,6,,6.010874680382446,,,
WORKER_RELOC,,0,7,7,,0.0,,,
WORKER_RELOC,,0,7,8,,2.561857311332139,,,
WORKER_RELOC,,0,7,9,,4.933863544334434,,,
WORKER_RELOC,,0,7,10,,15.840884242439692,,,
WORKER_RELOC,,0,7,11,,15.113894971836427,,,
WORKER_RELOC,,0,7,12,,10.545797561367385,,,
WORKER_RELOC,,0,7,13,,12.675130489130083,,,
WORKER_RELOC,,0,7,14,,10.769049642213599,,,
WORKER_RELOC,,0,7,15,,15.622713190048424,,,
WORKER_RELOC,,0,7,16,,12.128905910101409,,,
WORKER_RELOC,,0,7,17,,13.48529058069455,,,
WORKER_RELOC,,0,8,0,,11.82571429799502,,,
WORKER_RELOC,,0,8,1,,10.870965415606545,,,
WORKER_RELOC,,0,8,2,,12.91019550874461,,,
WORKER_RELOC,,0,8,3,,13.94493074935406,,,
WORKER_RELOC,,0,8,4,,8.530569442510238,,,
WORKER_RELOC,,0,8,5,,10.788356933318715,,,
WORKER_RELOC,,0,8,6,,15.615284686749863,,,
WORKER_RELOC,,0,8,7,,5.605811432523929,,,
WORKER_RELOC,,0,8,8,,0.0,,,
WORKER_RELOC,,0,8,9,,3.061022604570035,,,
WORKER_RELOC,,0,8,10,,10.41158077964754,,,
WORKER_RELOC,,0,8,11,,7.026153043911693,,,
WORKER_RELOC,,0,8,12,,12.08847639783562,,,
WORKER_RELOC,,0,8,13,,6.571824899188219,,,
WORKER_RELOC,,0,8,14,,8.711809611804767,,,
WORKER_RELOC,,0,8,15,,9.131304719832205,,,
WORKER_RELOC,,0,8,16,,12.671245155231947,,,
WORKER_RELOC,,0,8,17,,8.369231000805538,,,
WORKER_RELOC,,0,9,0,,11.302957425386738,,,
WORKER_RELOC,,0,9,1,,14.805703768268168,,,
WORKER_RELOC,,0,9,2,,11.973931119689047,,,
WORKER_RELOC,,0,9,3,,14.211220309358442,,,
WORKER_RELOC,,0,9,4,,8.40000155667699,,,
WORKER_RELOC,,0,9,5,,10.763091127010632,,,
WORKER_RELOC,,0,9,6,,8.701414473617188,,,
WORKER_RELOC,,0,9,7,,2.0004736712378275,,,
WORKER_RELOC,,0,9,8,,5.473489666020615,,,
WORKER_RELOC,,0,9,9,,0.0,,,
WORKER_RELOC,,0,9,10,,7.321074217174316,,,
WORKER_RELOC,,0,9,11,,12.44063295421498,,,
WORKER_RELOC,,0,9,12,,8.128775499518413,,,
WORKER_RELOC,,0,9,13,,15.768069381528935,,,
WORKER_RELOC,,0,9,14,,11.493565867818992,,,
WORKER_RELOC,,0,9,15,,7.997919084768713,,,
WORKER_RELOC,,0,9,16,,13.474594431453099,,,
WORKER_RELOC,,0,9,17,,9.91151334117751,,,
WORKER_RELOC,,0,10,0,,15.152324673402969,,,
WORKER_RELOC,,0,10,1,,13.755976293251653,,,
WORKER_RELOC,,0,10,2,,15.444816346974138,,,
WORKER_RELOC,,0,10,3,,10.215714916885467,,,
WORKER_RELOC,,0,10,4,,14.629107015866342,,,
WORKER_RELOC,,0,10,5,,7.50161017084197,,,
WORKER_RELOC,,0,10,6,,6.284204011996378,,,
WORKER_RELOC,,0,10,7,,8.584640148371982,,,
WORKER_RELOC,,0,10,8,,9.947180832998777,,,
WORKER_RELOC,,0,10,9,,9.214855742655587,,,
WORKER_RELOC,,0,10,10,,0.0,,,
WORKER_RELOC,,0,10,11,,4.6559783138566955,,,
WORKER_RELOC,,0,10,12,,4.792527257326764,,,
WORKER_RELOC,,0,10,13,,13.72607460279222,,,
WORKER_RELOC,,0,10,14,,13.744475078563546,,,
WORKER_RELOC,,0,10,15,,15.890354603626367,,,
WORKER_RELOC,,0,10,16,,13.53956335567991,,,
WORKER_RELOC,,0,10,17,,14.957870870608282,,,
WORKER_RELOC,,0,11,0,,8.72122897105016,,,
WORKER_RELOC,,0,11,1,,12.446947325809072,,,
WORKER_RELOC,,0,11,2,,8.161120742560493,,,
WORKER_RELOC,,0,11,3,,10.783514217334499,,,
WORKER_RELOC,,0,11,4,,13.11972672914932,,,
WORKER_RELOC,,0,11,5,,9.414267243311778,,,
WORKER_RELOC,,0,11,6,,14.374497502472977,,,
WORKER_RELOC,,0,11,7,,13.659161813284705,,,
WORKER_RELOC,,0,11,8,,15.047013381608085,,,
WORKER_RELOC,,0,11,9,,7.864003005154084,,,
WORKER_RELOC,,0,11,10,,3.2207883961616233,,,
WORKER_RELOC,,0,11,11,,0.0,,,
WORKER_RELOC,,0,11,12,,4.854952794705856,,,
WORKER_RELOC,,0,11,13,,13.938409592531627,,,
WORKER_RELOC,,0,11,14,,7.886521923975739,,,
WORKER_RELOC,,0,11,15,,9.442250118057224,,,
WORKER_RELOC,,0,11,16,,14.563357554683407,,,
WORKER_RELOC,,0,11,17,,6.4232726185848,,,
WORKER_RELOC,,0,12,0,,9.179532404620872,,,
WORKER_RELOC,,0,12,1,,14.160164331001106,,,
WORKER_RELOC,,0,12,2,,15.940892057359926,,,
WORKER_RELOC,,0,12,3,,9.725459802932612,,,
WORKER_RELOC,,0,12,4,,12.82335959492392,,,
WORKER_RELOC,,0,12,5,,8.209957058235254,,,
WORKER_RELOC,,0,12,6,,6.6876862399508,,,
WORKER_RELOC,,0,12,7,,11.888305292591928,,,
WORKER_RELOC,,0,12,8,,13.298960770921257,,,
WORKER_RELOC,,0,12,9,,15.220007723871671,,,
WORKER_RELOC,,0,12,10,,4.135231539650263,,,
WORKER_RELOC,,0,12,11,,4.180896991146988,,,
WORKER_RELOC,,0,12,12,,0.0,,,
WORKER_RELOC,,0,12,13,,8.451036052175665,,,
WORKER_RELOC,,0,12,14,,15.823080977161474,,,
WORKER_RELOC,,0,12,15,,8.816204704406523,,,
WORKER_RELOC,,0,12,16,,10.495420220873138,,,
WORKER_RELOC,,0,12,17,,11.528696481738384,,,
WORKER_RELOC,,0,13,0,,6.520393341163272,,,
WORKER_RELOC,,0,13,1,,15.530517073628621,,,
WORKER_RELOC,,0,13,2,,14.936391896139547,,,
WORKER_RELOC,,0,13,3,,14.514706918442137,,,
WORKER_RELOC,,0,13,4,,13.145731784795077,,,
WORKER_RELOC,,0,13,5,,7.433880443142579,,,
WORKER_RELOC,,0,13,6,,6.3891748629795195,,,
WORKER_RELOC,,0,13,7,,14.784424247676238,,,
WORKER_RELOC,,0,13,8,,6.1256148031202535,,,
WORKER_RELOC,,0,13,9,,14.218898016121797,,,
WORKER_RELOC,,0,13,10,,7.2788399270002815,,,
WORKER_RELOC,,0,13,11,,6.639664831744403,,,
WORKER_RELOC,,0,13,12,,11.415586012263287,,,
WORKER_RELOC,,0,13,13,,0.0,,,
WORKER_RELOC,,0,13,14,,5.164619094598038,,,
WORKER_RELOC,,0,13,15,,15.88350578319636,,,
WORKER_RELOC,,0,13,16,,8.027634629076768,,,
WORKER_RELOC,,0,13,17,,15.733696384345972,,,
WORKER_RELOC,,0,14,0,,14.622554161763842,,,
WORKER_RELOC,,0,14,1,,8.90764466951789,,,
WORKER_RELOC,,0,14,2,,10.379290728021111,,,
WORKER_RELOC,,0,14,3,,6.842429212180905,,,
WORKER_RELOC,,0,14,4,,15.289600153099665,,,
WORKER_RELOC,,0,14,5,,9.590422152775734,,,
WORKER_RELOC,,0,14,6,,15.60768259084375,,,
WORKER_RELOC,,0,14,7,,15.590204115071328,,,
WORKER_RELOC,,0,14,8,,6.03850622002478,,,
WORKER_RELOC,,0,14,9,,8.500193769034158,,,
WORKER_RELOC,,0,14,10,,8.0086972386292,,,
WORKER_RELOC,,0,14,11,,12.927616357895637,,,
WORKER_RELOC,,0,14,12,,14.032509019434483,,,
WORKER_RELOC,,0,14,13,,3.9280305306069025,,,
WORKER_RELOC,,0,14,14,,0.0,,,
WORKER_RELOC,,0,14,15,,9.115571304455807,,,
WORKER_RELOC,,0,14,16,,11.759468130435046,,,
WORKER_RELOC,,0,14,17,,11.875851403335599,,,
WORKER_RELOC,,0,15,0,,15.406624838520067,,,
WORKER_RELOC,,0,15,1,,8.11362241497059,,,
WORKER_RELOC,,0,15,2,,9.705711118290436,,,
WORKER_RELOC,,0,15,3,,11.90358184067676,,,
WORKER_RELOC,,0,15,4,,13.847740419079027,,,
WORKER_RELOC,,0,15,5,,11.519108484271399,,,
WORKER_RELOC,,0,15,6,,13.007675582634219,,,
WORKER_RELOC,,0,15,7,,6.521145854158212,,,
WORKER_RELOC,,0,15,8,,7.93833070048369,,,
WORKER_RELOC,,0,15,9,,6.6392128787041615,,,
WORKER_RELOC,,0,15,10,,14.668532466537801,,,
WORKER_RELOC,,0,15,11,,8.285834801914092,,,
WORKER_RELOC,,0,15,12,,12.872885307442498,,,
WORKER_RELOC,,0,15,13,,14.524369398285602,,,
WORKER_RELOC,,0,15,14,,7.812800598253909,,,
WORKER_RELOC,,0,15,15,,0.0,,,
WORKER_RELOC,,0,15,16,,3.9874051155573067,,,
WORKER_RELOC,,0,15,17,,5.1089995187999,,,
WORKER_RELOC,,0,16,0,,14.005699322121817,,,
WORKER_RELOC,,0,16,1,,7.16757458254526,,,
WORKER_RELOC,,0,16,2,,6.967225281800478,,,
WORKER_RELOC,,0,16,3,,10.388501806563703,,,
WORKER_RELOC,,0,16,4,,15.865845268279918,,,
WORKER_RELOC,,0,16,5,,12.043942938930147,,,
WORKER_RELOC,,0,16,6,,8.23606575677468,,,
WORKER_RELOC,,0,16,7,,7.12348670239504,,,
WORKER_RELOC,,0,16,8,,14.760744116254033,,,
WORKER_RELOC,,0,16,9,,12.01759895956991,,,
WORKER_RELOC,,0,16,10,,7.651713744391667,,,
WORKER_RELOC,,0,16,11,,9.736766212996631,,,
WORKER_RELOC,,0,16,12,,14.787718097634267,,,
WORKER_RELOC,,0,16,13,,9.777184163034836,,,
WORKER_RELOC,,0,16,14,,10.231786968537936,,,
WORKER_RELOC,,0,16,15,,2.0382831383235063,,,
WORKER_RELOC,,0,16,16,,0.0,,,
WORKER_RELOC,,0,16,17,,3.925150453398416,,,
WORKER_RELOC,,0,17,0,,15.279865221679458,,,
WORKER_RELOC,,0,17,1,,15.786651403459983,,,
WORKER_RELOC,,0,17,2,,11.60330923453174,,,
WORKER_RELOC,,0,17,3,,8.665683105115,,,
WORKER_RELOC,,0,17,4,,6.329286053703083,,,
WORKER_RELOC,,0,17,5,,14.492832489540286,,,
WORKER_RELOC,,0,17,6,,12.622722898538,,,
WORKER_RELOC,,0,17,7,,6.167638975672543,,,
WORKER_RELOC,,0,17,8,,14.19447881286356,,,
WORKER_RELOC,,0,17,9,,14.30202939197611,,,
WORKER_RELOC,,0,17,10,,12.24008711375797,,,
WORKER_RELOC,,0,17,11,,15.147103075900551,,,
WORKER_RELOC,,0,17,12,,7.674608150296667,,,
WORKER_RELOC,,0,17,13,,9.546713137999735,,,
WORKER_RELOC,,0,17,14,,14.823752497438408,,,
WORKER_RELOC,,0,17,15,,5.829512473995132,,,
WORKER_RELOC,,0,17,16,,4.893537498404026,,,
WORKER_RELOC,,0,17,17,,0.0,,,
WORKER_RELOC,,1,0,0,,0.0,,,
WORKER_RELOC,,1,0,1,,3.1540237463643885,,,
WORKER_RELOC,,1,0,2,,10.598565476269247,,,
WORKER_RELOC,,1,0,3,,14.158817778712802,,,
WORKER_RELOC,,1,0,4,,11.991572302031331,,,
WORKER_RELOC,,1,0,5,,6.8837674393508665,,,
WORKER_RELOC,,1,0,6,,14.917556623695043,,,
WORKER_RELOC,,1,0,7,,9.484996945698583,,,
WORKER_RELOC,,1,0,8,,15.641114955535588,,,
WORKER_RELOC,,1,0,9,,14.539398835365013,,,
WORKER_RELOC,,1,0,10,,8.60235669866561,,,
WORKER_RELOC,,1,0,11,,10.103263390160308,,,
WORKER_RELOC,,1,0,12,,13.124564918173222,,,
WORKER_RELOC,,1,0,13,,10.41312911181154,,,
WORKER_RELOC,,1,0,14,,8.411211504940482,,,
WORKER_RELOC,,1,0,15,,14.944924151219046,,,
WORKER_RELOC,,1,0,16,,7.581136951724272,,,
WORKER_RELOC,,1,0,17,,11.133578889112664,,,
WORKER_RELOC,,1,1,0,,2.9576531270866626,,,
WORKER_RELOC,,1,1,1,,0.0,,,
WORKER_RELOC,,1,1,2,,11.227956565256882,,,
WORKER_RELOC,,1,1,3,,11.919885808331204,,,
WORKER_RELOC,,1,1,4,,9.97498213964504,,,
WORKER_RELOC,,1,1,5,,11.92692338341535,,,
WORKER_RELOC,,1,1,6,,12.319751636253894,,,
WORKER_RELOC,,1,1,7,,6.825063497746461,,,
WORKER_RELOC,,1,1,8,,6.349050152182061,,,
WORKER_RELOC,,1,1,9,,12.90373132719581,,,
WORKER_RELOC,,1,1,10,,12.520608723570083,,,
WORKER_RELOC,,1,1,11,,12.352531329122472,,,
WORKER_RELOC,,1,1,12,,6.652620783418171,,,
WORKER_RELOC,,1,1,13,,6.481148375457168,,,
WORKER_RELOC,,1,1,14,,9.78738032314494,,,
WORKER_RELOC,,1,1,15,,15.868392294040616,,,
WORKER_RELOC,,1,1,16,,8.811757540784463,,,
WORKER_RELOC,,1,1,17,,13.451621504324763,,,
WORKER_RELOC,,1,2,0,,10.836908876115466,,,
WORKER_RELOC,,1,2,1,,10.18456499808796,,,
WORKER_RELOC,,1,2,2,,0.0,,,
WORKER_RELOC,,1,2,3,,12.958028629213324,,,
WORKER_RELOC,,1,2,4,,14.144099945781933,,,
WORKER_RELOC,,1,2,5,,12.983647486265715,,,
WORKER_RELOC,,1,2,6,,15.348354937851962,,,
WORKER_RELOC,,1,2,7,,10.644848505930728,,,
WORKER_RELOC,,1,2,8,,10.611328787258227,,,
WORKER_RELOC,,1,2,9,,6.303221111512575,,,
WORKER_RELOC,,1,2,10,,8.54784088115381,,,
WORKER_RELOC,,1,2,11,,14.953521335184979,,,
WORKER_RELOC,,1,2,12,,9.960618110912783,,,
WORKER_RELOC,,1,2,13,,12.45355495879733,,,
WORKER_RELOC,,1,2,14,,15.520503042158907,,,
WORKER_RELOC,,1,2,15,,7.223756124859349,,,
WORKER_RELOC,,1,2,16,,12.565916616419045,,,
WORKER_RELOC,,1,2,17,,13.59135538925267,,,
WORKER_RELOC,,1,3,0,,15.878704403120313,,,
WORKER_RELOC,,1,3,1,,14.580727824849873,,,
WORKER_RELOC,,1,3,2,,7.47095371862413,,,
WORKER_RELOC,,1,3,3,,0.0,,,
WORKER_RELOC,,1,3,4,,2.6874392213426974,,,
WORKER_RELOC,,1,3,5,,4.04139861296999,,,
WORKER_RELOC,,1,3,6,,14.178144133462196,,,
WORKER_RELOC,,1,3,7,,6.3239118801248155,,,
WORKER_RELOC,,1,3,8,,7.429373309063397,,,
WORKER_RELOC,,1,3,9,,14.867316073429903,,,
WORKER_RELOC,,1,3,10,,7.290254912555281,,,
WORKER_RELOC,,1,3,11,,15.68547304866675,,,
WORKER_RELOC,,1,3,12,,8.112526750596633,,,
WORKER_RELOC,,1,3,13,,8.238859196707917,,,
WORKER_RELOC,,1,3,14,,12.339221346327601,,,
WORKER_RELOC,,1,3,15,,6.36399641234925,,,
WORKER_RELOC,,1,3,16,,12.81795980889136,,,
WORKER_RELOC,,1,3,17,,11.972610432251424,,,
WORKER_RELOC,,1,4,0,,15.428996036410796,,,
WORKER_RELOC,,1,4,1,,15.218774747205726,,,
WORKER_RELOC,,1,4,2,,11.22851291884011,,,
WORKER_RELOC,,1,4,3,,4.0520076903979,,,
WORKER_RELOC,,1,4,4,,0.0,,,
WORKER_RELOC,,1,4,5,,3.7124671060706285,,,
WORKER_RELOC,,1,4,6,,10.767014928156119,,,
WORKER_RELOC,,1,4,7,,8.557068562068443,,,
WORKER_RELOC,,1,4,8,,7.005179327957374,,,
WORKER_RELOC,,1,4,9,,9.779358421112837,,,
WORKER_RELOC,,1,4,10,,13.890376312702024,,,
WORKER_RELOC,,1,4,11,,7.813297398849515,,,
WORKER_RELOC,,1,4,12,,7.0096016921023665,,,
WORKER_RELOC,,1,4,13,,10.884699425788277,,,
WORKER_RELOC,,1,4,14,,11.603269172199123,,,
WORKER_RELOC,,1,4,15,,14.492854939326298,,,
WORKER_RELOC,,1,4,16,,10.102816716073104,,,
WORKER_RELOC,,1,4,17,,15.636278392530983,,,
WORKER_RELOC,,1,5,0,,7.22068454848805,,,
WORKER_RELOC,,1,5,1,,12.1109031434603,,,
WORKER_RELOC,,1,5,2,,9.891256021859345,,,
WORKER_RELOC,,1,5,3,,2.613311487254144,,,
WORKER_RELOC,,1,5,4,,5.8129552151858395,,,
WORKER_RELOC,,1,5,5,,0.0,,,
WORKER_RELOC,,1,5,6,,10.10457197727439,,,
WORKER_RELOC,,1,5,7,,13.108579133082902,,,
WORKER_RELOC,,1,5,8,,6.63684063942886,,,
WORKER_RELOC,,1,5,9,,9.320580637486588,,,
WORKER_RELOC,,1,5,10,,10.283426664985477,,,
WORKER_RELOC,,1,5,11,,6.762268066445024,,,
WORKER_RELOC,,1,5,12,,13.302142559294357,,,
WORKER_RELOC,,1,5,13,,7.9137650457578985,,,
WORKER_RELOC,,1,5,14,,12.081669003457968,,,
WORKER_RELOC,,1,5,15,,13.855690161249889,,,
WORKER_RELOC,,1,5,16,,14.20094649803704,,,
WORKER_RELOC,,1,5,17,,15.09515804291313,,,
WORKER_RELOC,,1,6,0,,8.965099464165652,,,
WORKER_RELOC,,1,6,1,,7.6490738785112935,,,
WORKER_RELOC,,1,6,2,,14.462527452263021,,,
WORKER_RELOC,,1,6,3,,9.511220958953576,,,
WORKER_RELOC,,1,6,4,,9.448026049035223,,,
WORKER_RELOC,,1,6,5,,15.96931086656334,,,
WORKER_RELOC,,1,6,6,,0.0,,,
WORKER_RELOC,,1,6,7,,14.43970899357762,,,
WORKER_RELOC,,1,6,8,,6.60526581359353,,,
WORKER_RELOC,,1,6,9,,10.525050567223838,,,
WORKER_RELOC,,1,6,10,,12.206998699397268,,,
WORKER_RELOC,,1,6,11,,8.554739127253821,,,
WORKER_RELOC,,1,6,12,,11.515270772837587,,,
WORKER_RELOC,,1,6,13,,10.24138419513649,,,
WORKER_RELOC,,1,6,14,,12.353594532523227,,,
WORKER_RELOC,,1,6,15,,6.293062740800241,,,
WORKER_RELOC,,1,6,16,,14.131440387691395,,,
WORKER_RELOC,,1,6,17,,10.276066232043908,,,
WORKER_RELOC,,1,7,0,,11.292113272459614,,,
WORKER_RELOC,,1,7,1,,7.758229571822094,,,
WORKER_RELOC,,1,7,2,,12.548411193567084,,,
WORKER_RELOC,,1,7,3,,13.207925991305043,,,
WORKER_RELOC,,1,7,4,,13.250423891554183,,,
WORKER_RELOC,,1,7,5,,13.720141096877365,,,
WORKER_RELOC,,1,7,6,,15.977646196928902,,,
WORKER_RELOC,,1,7,7,,0.0,,,
WORKER_RELOC,,1,7,8,,3.002566647384148,,,
WORKER_RELOC,,1,7,9,,5.234660754827752,,,
WORKER_RELOC,,1,7,10,,9.585795291993675,,,
WORKER_RELOC,,1,7,11,,15.474558868265028,,,
WORKER_RELOC,,1,7,12,,14.246236617709432,,,
WORKER_RELOC,,1,7,13,,15.94535587124351,,,
WORKER_RELOC,,1,7,14,,7.655189573047176,,,
WORKER_RELOC,,1,7,15,,12.786800593364802,,,
WORKER_RELOC,,1,7,16,,13.293158133649891,,,
WORKER_RELOC,,1,7,17,,6.10214972491048,,,
WORKER_RELOC,,1,8,0,,6.780849791038515,,,
WORKER_RELOC,,1,8,1,,15.900103865258425,,,
WORKER_RELOC,,1,8,2,,12.493873402203945,,,
WORKER_RELOC,,1,8,3,,8.005558948972771,,,
WORKER_RELOC,,1,8,4,,13.600444849827545,,,
WORKER_RELOC,,1,8,5,,9.611085000637951,,,
WORKER_RELOC,,1,8,6,,15.977331536184623,,,
WORKER_RELOC,,1,8,7,,2.973361493999458,,,
WORKER_RELOC,,1,8,8,,0.0,,,
WORKER_RELOC,,1,8,9,,5.967366304930389,,,
WORKER_RELOC,,1,8,10,,11.545866810898598,,,
WORKER_RELOC,,1,8,11,,7.5625997187462835,,,
WORKER_RELOC,,1,8,12,,14.850682115049008,,,
WORKER_RELOC,,1,8,13,,14.069089144289435,,,
WORKER_RELOC,,1,8,14,,12.500531955616381,,,
WORKER_RELOC,,1,8,15,,11.327294165596022,,,
WORKER_RELOC,,1,8,16,,11.15594111899772,,,
WORKER_RELOC,,1,8,17,,13.37867827377485,,,
WORKER_RELOC,,1,9,0,,11.423805519579707,,,
WORKER_RELOC,,1,9,1,,12.845640868038883,,,
WORKER_RELOC,,1,9,2,,8.151240573373892,,,
WORKER_RELOC,,1,9,3,,13.320935567768894,,,
WORKER_RELOC,,1,9,4,,7.229543472836223,,,
WORKER_RELOC,,1,9,5,,13.943417410133645,,,
WORKER_RELOC,,1,9,6,,9.221941583006995,,,
WORKER_RELOC,,1,9,7,,5.87486470524216,,,
WORKER_RELOC,,1,9,8,,5.174496248473025,,,
WORKER_RELOC,,1,9,9,,0.0,,,
WORKER_RELOC,,1,9,10,,13.713555932916838,,,
WORKER_RELOC,,1,9,11,,6.268228967152993,,,
WORKER_RELOC,,1,9,12,,13.411462048840164,,,
WORKER_RELOC,,1,9,13,,11.66835819109766,,,
WORKER_RELOC,,1,9,14,,7.9726894950658656,,,
WORKER_RELOC,,1,9,15,,11.864722807651981,,,
WORKER_RELOC,,1,9,16,,13.272546024699574,,,
WORKER_RELOC,,1,9,17,,6.095304931472661,,,
WORKER_RELOC,,1,10,0,,6.3691269190942625,,,
WORKER_RELOC,,1,10,1,,15.154035236107529,,,
WORKER_RELOC,,1,10,2,,13.406042466698121,,,
WORKER_RELOC,,1,10,3,,6.205655688939751,,,
WORKER_RELOC,,1,10,4,,12.65949953635894,,,
WORKER_RELOC,,1,10,5,,11.536246856989436,,,
WORKER_RELOC,,1,10,6,,10.305201394974322,,,
WORKER_RELOC,,1,10,7,,6.261175194472097,,,
WORKER_RELOC,,1,10,8,,10.958801387916854,,,
WORKER_RELOC,,1,10,9,,12.455240940245805,,,
WORKER_RELOC,,1,10,10,,0.0,,,
WORKER_RELOC,,1,10,11,,3.258723135843818,,,
WORKER_RELOC,,1,10,12,,3.5809917399851217,,,
WORKER_RELOC,,1,10,13,,6.32003236799489,,,
WORKER_RELOC,,1,10,14,,12.96038124685917,,,
WORKER_RELOC,,1,10,15,,11.165649595058055,,,
WORKER_RELOC,,1,10,16,,7.213320195022294,,,
WORKER_RELOC,,1,10,17,,7.844219070008545,,,
WORKER_RELOC,,1,11,0,,12.660042251456105,,,
WORKER_RELOC,,1,11,1,,11.765461317609962,,,
WORKER_RELOC,,1,11,2,,13.251579953412232,,,
WORKER_RELOC,,1,11,3,,10.863666874928564,,,
WORKER_RELOC,,1,11,4,,14.633001470961068,,,
WORKER_RELOC,,1,11,5,,13.638034079279096,,,
WORKER_RELOC,,1,11,6,,6.302790854281227,,,
WORKER_RELOC,,1,11,7,,14.760357574138126,,,
WORKER_RELOC,,1,11,8,,7.58175968706871,,,
WORKER_RELOC,,1,11,9,,10.197106662600714,,,
WORKER_RELOC,,1,11,10,,4.809824222477214,,,
WORKER_RELOC,,1,11,11,,0.0,,,
WORKER_RELOC,,1,11,12,,5.26494257535215,,,
WORKER_RELOC,,1,11,13,,10.519088599882076,,,
WORKER_RELOC,,1,11,14,,6.154020321168593,,,
WORKER_RELOC,,1,11,15,,12.509243851505637,,,
WORKER_RELOC,,1,11,16,,7.96077257269503,,,
WORKER_RELOC,,1,11,17,,8.61700445272647,,,
WORKER_RELOC,,1,12,0,,8.710698330269754,,,
WORKER_RELOC,,1,12,1,,11.586208302158212,,,
WORKER_RELOC,,1,12,2,,8.943414400829674,,,
WORKER_RELOC,,1,12,3,,13.999746756834185,,,
WORKER_RELOC,,1,12,4,,7.437253200177974,,,
WORKER_RELOC,,1,12,5,,6.216700549629632,,,
WORKER_RELOC,,1,12,6,,10.772099246526764,,,
WORKER_RELOC,,1,12,7,,8.066808071594828,,,
WORKER_RELOC,,1,12,8,,6.253874631927102,,,
WORKER_RELOC,,1,12,9,,11.143532513971344,,,
WORKER_RELOC,,1,12,10,,3.1766313153069783,,,
WORKER_RELOC,,1,12,11,,4.2222925944900425,,,
WORKER_RELOC,,1,12,12,,0.0,,,
WORKER_RELOC,,1,12,13,,13.890917482592636,,,
WORKER_RELOC,,1,12,14,,7.455736987340708,,,
WORKER_RELOC,,1,12,15,,7.337533627330327,,,
WORKER_RELOC,,1,12,16,,10.067631339486207,,,
WORKER_RELOC,,1,12,17,,12.710182037640049,,,
WORKER_RELOC,,1,13,0,,7.53954937927507,,,
WORKER_RELOC,,1,13,1,,12.72336969336893,,,
WORKER_RELOC,,1,13,2,,14.495485070356125,,,
WORKER_RELOC,,1,13,3,,11.90097171554149,,,
WORKER_RELOC,,1,13,4,,10.106958066748765,,,
WORKER_RELOC,,1,13,5,,6.7422335907886985,,,
WORKER_RELOC,,1,13,6,,8.773391220577384,,,
WORKER_RELOC,,1,13,7,,15.561982852107773,,,
WORKER_RELOC,,1,13,8,,6.149854139885603,,,
WORKER_RELOC,,1,13,9,,8.606236817855562,,,
WORKER_RELOC,,1,13,10,,8.504671672291684,,,
WORKER_RELOC,,1,13,11,,9.26310840534987,,,
WORKER_RELOC,,1,13,12,,7.180447103665849,,,
WORKER_RELOC,,1,13,13,,0.0,,,
WORKER_RELOC,,1,13,14,,2.0516359962677497,,,
WORKER_RELOC,,1,13,15,,10.30743354302988,,,
WORKER_RELOC,,1,13,16,,15.572582549907352,,,
WORKER_RELOC,,1,13,17,,15.900070127294128,,,
WORKER_RELOC,,1,14,0,,13.06315049203637,,,
WORKER_RELOC,,1,14,1,,9.447167072398386,,,
WORKER_RELOC,,1,14,2,,7.376801643162404,,,
WORKER_RELOC,,1,14,3,,15.40977695613198,,,
WORKER_RELOC,,1,14,4,,7.226661874575825,,,
WORKER_RELOC,,1,14,5,,12.619258587373343,,,
WORKER_RELOC,,1,14,6,,14.719823248639797,,,
WORKER_RELOC,,1,14,7,,6.879467247735043,,,
WORKER_RELOC,,1,14,8,,10.421648765815002,,,
WORKER_RELOC,,1,14,9,,15.361366382459424,,,
WORKER_RELOC,,1,14,10,,7.459320670140851,,,
WORKER_RELOC,,1,14,11,,15.929084105600221,,,
WORKER_RELOC,,1,14,12,,14.483292020463587,,,
WORKER_RELOC,,1,14,13,,3.193688180282881,,,
WORKER_RELOC,,1,14,14,,0.0,,,
WORKER_RELOC,,1,14,15,,7.395435606620498,,,
WORKER_RELOC,,1,14,16,,15.888766778416707,,,
WORKER_RELOC,,1,14,17,,12.774117220203468,,,
WORKER_RELOC,,1,15,0,,13.056352081609276,,,
WORKER_RELOC,,1,15,1,,8.675777835711123,,,
WORKER_RELOC,,1,15,2,,6.151084962281168,,,
WORKER_RELOC,,1,15,3,,9.551165027899142,,,
WORKER_RELOC,,1,15,4,,11.280346457373305,,,
WORKER_RELOC,,1,15,5,,15.651874766567396,,,
WORKER_RELOC,,1,15,6,,10.322545719353746,,,
WORKER_RELOC,,1,15,7,,13.850296204393354,,,
WORKER_RELOC,,1,15,8,,12.907707211075813,,,
WORKER_RELOC,,1,15,9,,7.352951218965055,,,
WORKER_RELOC,,1,15,10,,11.708705817856568,,,
WORKER_RELOC,,1,15,11,,12.954462958506358,,,
WORKER_RELOC,,1,15,12,,9.482873499388015,,,
WORKER_RELOC,,1,15,13,,8.825795358976979,,,
WORKER_RELOC,,1,15,14,,6.977697227289727,,,
WORKER_RELOC,,1,15,15,,0.0,,,
WORKER_RELOC,,1,15,16,,5.1362973580211,,,
WORKER_RELOC,,1,15,17,,3.7241747350052394,,,
WORKER_RELOC,,1,16,0,,15.170617236091518,,,
WORKER_RELOC,,1,16,1,,10.688341764807806,,,
WORKER_RELOC,,1,16,2,,12.603277805523822,,,
WORKER_RELOC,,1,16,3,,6.474778504818581,,,
WORKER_RELOC,,1,16,4,,10.250096475219088,,,
WORKER_RELOC,,1,16,5,,14.956039862827184,,,
WORKER_RELOC,,1,16,6,,11.45098887992459,,,
WORKER_RELOC,,1,16,7,,8.926868604243465,,,
WORKER_RELOC,,1,16,8,,10.812271204746231,,,
WORKER_RELOC,,1,16,9,,10.390106568452644,,,
WORKER_RELOC,,1,16,10,,14.193459386324356,,,
WORKER_RELOC,,1,16,11,,8.86559342338624,,,
WORKER_RELOC,,1,16,12,,9.525821898851138,,,
WORKER_RELOC,,1,16,13,,9.223161457836493,,,
WORKER_RELOC,,1,16,14,,10.989964971249456,,,
WORKER_RELOC,,1,16,15,,5.5209353758015585,,,
WORKER_RELOC,,1,16,16,,0.0,,,
WORKER_RELOC,,1,16,17,,2.2453054688237786,,,
WORKER_RELOC,,1,17,0,,10.730546278052806,,,
WORKER_RELOC,,1,17,1,,12.02308112142897,,,
WORKER_RELOC,,1,17,2,,12.014637531012713,,,
WORKER_RELOC,,1,17,3,,8.699232123752957,,,
WORKER_RELOC,,1,17,4,,13.169581702706392,,,
WORKER_RELOC,,1,17,5,,9.06632001663705,,,
WORKER_RELOC,,1,17,6,,9.962365479886985,,,
WORKER_RELOC,,1,17,7,,11.553929013050542,,,
WORKER_RELOC,,1,17,8,,9.741162501286624,,,
WORKER_RELOC,,1,17,9,,10.760436392496265,,,
WORKER_RELOC,,1,17,10,,8.747577935024157,,,
WORKER_RELOC,,1,17,11,,6.027502385194101,,,
WORKER_RELOC,,1,17,12,,14.4172315877256,,,
WORKER_RELOC,,1,17,13,,13.200666254465613,,,
WORKER_RELOC,,1,17,14,,9.284423407700137,,,
WORKER_RELOC,,1,17,15,,5.881039928143527,,,
WORKER_RELOC,,1,17,16,,4.919753669938531,,,
WORKER_RELOC,,1,17,17,,0.0,,,
WORKER_RELOC,,2,0,0,,0.0,,,
WORKER_RELOC,,2,0,1,,5.353499335700427,,,
WORKER_RELOC,,2,0,2,,15.234397012653314,,,
WORKER_RELOC,,2,0,3,,7.328833509276015,,,
WORKER_RELOC,,2,0,4,,11.480230124403104,,,
WORKER_RELOC,,2,0,5,,13.588460449196319,,,
WORKER_RELOC,,2,0,6,,10.73071532022848,,,
WORKER_RELOC,,2,0,7,,9.7417189392886,,,
WORKER_RELOC,,2,0,8,,13.443479104591852,,,
WORKER_RELOC,,2,0,9,,13.324324240969226,,,
WORKER_RELOC,,2,0,10,,8.14370953405013,,,
WORKER_RELOC,,2,0,11,,12.932110735726162,,,
WORKER_RELOC,,2,0,12,,12.153125605537017,,,
WORKER_RELOC,,2,0,13,,15.551662089776872,,,
WORKER_RELOC,,2,0,14,,8.534569837504185,,,
WORKER_RELOC,,2,0,15,,9.314079348520941,,,
WORKER_RELOC,,2,0,16,,13.027317455055531,,,
WORKER_RELOC,,2,0,17,,15.985432947421316,,,
WORKER_RELOC,,2,1,0,,4.729404477766153,,,
WORKER_RELOC,,2,1,1,,0.0,,,
WORKER_RELOC,,2,1,2,,6.766466850104916,,,
WORKER_RELOC,,2,1,3,,11.171917169380883,,,
WORKER_RELOC,,2,1,4,,11.912102547383643,,,
WORKER_RELOC,,2,1,5,,6.862296911491702,,,
WORKER_RELOC,,2,1,6,,6.803703122370852,,,
WORKER_RELOC,,2,1,7,,8.478632977862787,,,
WORKER_RELOC,,2,1,8,,6.520693863117099,,,
WORKER_RELOC,,2,1,9,,13.671769042590226,,,
WORKER_RELOC,,2,1,10,,12.471486138902591,,,
WORKER_RELOC,,2,1,11,,6.2558935398504145,,,
WORKER_RELOC,,2,1,12,,6.114180972426691,,,
WORKER_RELOC,,2,1,13,,13.0846404791413,,,
WORKER_RELOC,,2,1,14,,12.719320012223925,,,
WORKER_RELOC,,2,1,15,,9.411252915908923,,,
WORKER_RELOC,,2,1,16,,12.547549749672745,,,
WORKER_RELOC,,2,1,17,,9.43640001904129,,,
WORKER_RELOC,,2,2,0,,11.304679035384208,,,
WORKER_RELOC,,2,2,1,,7.684257499202417,,,
WORKER_RELOC,,2,2,2,,0.0,,,
WORKER_RELOC,,2,2,3,,12.835028707794072,,,
WORKER_RELOC,,2,2,4,,11.246263778949693,,,
WORKER_RELOC,,2,2,5,,14.837080505849553,,,
WORKER_RELOC,,2,2,6,,14.37099433279877,,,
WORKER_RELOC,,2,2,7,,13.844990010589202,,,
WORKER_RELOC,,2,2,8,,12.300403618205586,,,
WORKER_RELOC,,2,2,9,,11.216199597665375,,,
WORKER_RELOC,,2,2,10,,8.084160344185825,,,
WORKER_RELOC,,2,2,11,,11.409007020261477,,,
WORKER_RELOC,,2,2,12,,6.925219214179489,,,
WORKER_RELOC,,2,2,13,,9.74923978057749,,,
WORKER_RELOC,,2,2,14,,14.704303663986584,,,
WORKER_RELOC,,2,2,15,,15.338724766017224,,,
WORKER_RELOC,,2,2,16,,15.083132797489498,,,
WORKER_RELOC,,2,2,17,,8.70349072294655,,,
WORKER_RELOC,,2,3,0,,6.776156149540357,,,
WORKER_RELOC,,2,3,1,,10.74238807871857,,,
WORKER_RELOC,,2,3,2,,11.672526436083544,,,
WORKER_RELOC,,2,3,3,,0.0,,,
WORKER_RELOC,,2,3,4,,2.373843066608622,,,
WORKER_RELOC,,2,3,5,,5.214637119302637,,,
WORKER_RELOC,,2,3,6,,10.750906609684957,,,
WORKER_RELOC,,2,3,7,,13.850832800454906,,,
WORKER_RELOC,,2,3,8,,11.730047550860284,,,
WORKER_RELOC,,2,3,9,,13.544450264438941,,,
WORKER_RELOC,,2,3,10,,12.209269922822285,,,
WORKER_RELOC,,2,3,11,,6.960550802797947,,,
WORKER_RELOC,,2,3,12,,12.884540703160486,,,
WORKER_RELOC,,2,3,13,,9.2932917427737,,,
WORKER_RELOC,,2,3,14,,7.763110722841727,,,
WORKER_RELOC,,2,3,15,,14.54134531708732,,,
WORKER_RELOC,,2,3,16,,6.580700897380738,,,
WORKER_RELOC,,2,3,17,,11.985801003247218,,,
WORKER_RELOC,,2,4,0,,10.792953049662259,,,
WORKER_RELOC,,2,4,1,,12.938709210805175,,,
WORKER_RELOC,,2,4,2,,6.079412452190654,,,
WORKER_RELOC,,2,4,3,,5.367902287433681,,,
WORKER_RELOC,,2,4,4,,0.0,,,
WORKER_RELOC,,2,4,5,,5.739377168580098,,,
WORKER_RELOC,,2,4,6,,9.191146260102073,,,
WORKER_RELOC,,2,4,7,,10.260510939011262,,,
WORKER_RELOC,,2,4,8,,12.14223378595166,,,
WORKER_RELOC,,2,4,9,,8.631847544998896,,,
WORKER_RELOC,,2,4,10,,6.63152348927348,,,
WORKER_RELOC,,2,4,11,,13.10758163935598,,,
WORKER_RELOC,,2,4,12,,9.692906705628783,,,
WORKER_RELOC,,2,4,13,,15.230113215440765,,,
WORKER_RELOC,,2,4,14,,11.462548028728044,,,
WORKER_RELOC,,2,4,15,,14.116551337419313,,,
WORKER_RELOC,,2,4,16,,6.781322562991138,,,
WORKER_RELOC,,2,4,17,,14.022439828593642,,,
WORKER_RELOC,,2,5,0,,6.416366921303522,,,
WORKER_RELOC,,2,5,1,,9.418350758601362,,,
WORKER_RELOC,,2,5,2,,11.220754281878849,,,
WORKER_RELOC,,2,5,3,,2.0855164017664625,,,
WORKER_RELOC,,2,5,4,,4.182545570657811,,,
WORKER_RELOC,,2,5,5,,0.0,,,
WORKER_RELOC,,2,5,6,,7.379023567754735,,,
WORKER_RELOC,,2,5,7,,15.919832222984644,,,
WORKER_RELOC,,2,5,8,,8.977584713420814,,,
WORKER_RELOC,,2,5,9,,15.112340362948773,,,
WORKER_RELOC,,2,5,10,,7.287103842423903,,,
WORKER_RELOC,,2,5,11,,9.704856872192595,,,
WORKER_RELOC,,2,5,12,,15.953716178902404,,,
WORKER_RELOC,,2,5,13,,11.370575479147208,,,
WORKER_RELOC,,2,5,14,,11.575617350374852,,,
WORKER_RELOC,,2,5,15,,8.630071631882922,,,
WORKER_RELOC,,2,5,16,,10.844128197396259,,,
WORKER_RELOC,,2,5,17,,12.39066325611689,,,
WORKER_RELOC,,2,6,0,,15.208478004617785,,,
WORKER_RELOC,,2,6,1,,13.201008113235815,,,
WORKER_RELOC,,2,6,2,,10.39475969177317,,,
WORKER_RELOC,,2,6,3,,7.143561550006012,,,
WORKER_RELOC,,2,6,4,,13.294562786176817,,,
WORKER_RELOC,,2,6,5,,14.231127807378,,,
WORKER_RELOC,,2,6,6,,0.0,,,
WORKER_RELOC,,2,6,7,,11.394139432446206,,,
WORKER_RELOC,,2,6,8,,13.780959524964034,,,
WORKER_RELOC,,2,6,9,,15.841071016036771,,,
WORKER_RELOC,,2,6,10,,7.0850748794297616,,,
WORKER_RELOC,,2,6,11,,14.74375316414573,,,
WORKER_RELOC,,2,6,12,,9.246975039492662,,,
WORKER_RELOC,,2,6,13,,6.748399384495777,,,
WORKER_RELOC,,2,6,14,,10.267603366453622,,,
WORKER_RELOC,,2,6,15,,6.108155983680625,,,
WORKER_RELOC,,2,6,16,,14.613788426806607,,,
WORKER_RELOC,,2,6,17,,8.79964280668959,,,
WORKER_RELOC,,2,7,0,,12.029246635026643,,,
WORKER_RELOC,,2,7,1,,11.017481557418082,,,
WORKER_RELOC,,2,7,2,,13.257433201724915,,,
WORKER_RELOC,,2,7,3,,15.868836116591572,,,
WORKER_RELOC,,2,7,4,,15.589257439980186,,,
WORKER_RELOC,,2,7,5,,9.857642674698448,,,
WORKER_RELOC,,2,7,6,,6.239761322262275,,,
WORKER_RELOC,,2,7,7,,0.0,,,
WORKER_RELOC,,2,7,8,,2.2701389493765496,,,
WORKER_RELOC,,2,7,9,,3.235858997802401,,,
WORKER_RELOC,,2,7,10,,12.173470692189978,,,
WORKER_RELOC,,2,7,11,,14.281052915787107,,,
WORKER_RELOC,,2,7,12,,14.65996000722359,,,
WORKER_RELOC,,2,7,13,,14.320628946331814,,,
WORKER_RELOC,,2,7,14,,14.610429408727661,,,
WORKER_RELOC,,2,7,15,,13.67679702043951,,,
WORKER_RELOC,,2,7,16,,12.750409568401047,,,
WORKER_RELOC,,2,7,17,,12.264565778457353,,,
WORKER_RELOC,,2,8,0,,8.561626761347908,,,
WORKER_RELOC,,2,8,1,,9.176312334128912,,,
WORKER_RELOC,,2,8,2,,9.406801277360389,,,
WORKER_RELOC,,2,8,3,,9.673248482878353,,,
WORKER_RELOC,,2,8,4,,8.222470468988602,,,
WORKER_RELOC,,2,8,5,,8.49092887505322,,,
WORKER_RELOC,,2,8,6,,6.656273021690204,,,
WORKER_RELOC,,2,8,7,,3.5184805169252167,,,
WORKER_RELOC,,2,8,8,,0.0,,,
WORKER_RELOC,,2,8,9,,4.5474771430113,,,
WORKER_RELOC,,2,8,10,,11.645792541533904,,,
WORKER_RELOC,,2,8,11,,9.840831762571028,,,
WORKER_RELOC,,2,8,12,,9.964356093231427,,,
WORKER_RELOC,,2,8,13,,8.64654544700878,,,
WORKER_RELOC,,2,8,14,,11.104413278066534,,,
WORKER_RELOC,,2,8,15,,8.331791595578157,,,
WORKER_RELOC,,2,8,16,,9.760739078398906,,,
WORKER_RELOC,,2,8,17,,10.407060626339334,,,
WORKER_RELOC,,2,9,0,,9.609284420836687,,,
WORKER_RELOC,,2,9,1,,10.267845416351575,,,
WORKER_RELOC,,2,9,2,,11.06534509008289,,,
WORKER_RELOC,,2,9,3,,15.132399779532582,,,
WORKER_RELOC,,2,9,4,,12.185216585609503,,,
WORKER_RELOC,,2,9,5,,12.109251184560804,,,
WORKER_RELOC,,2,9,6,,8.112786753985382,,,
WORKER_RELOC,,2,9,7,,2.412356828010179,,,
WORKER_RELOC,,2,9,8,,2.090549092485543,,,
WORKER_RELOC,,2,9,9,,0.0,,,
WORKER_RELOC,,2,9,10,,7.926361642710272,,,
WORKER_RELOC,,2,9,11,,11.910053341314683,,,
WORKER_RELOC,,2,9,12,,12.311685851656268,,,
WORKER_RELOC,,2,9,13,,11.53034143637532,,,
WORKER_RELOC,,2,9,14,,13.367219478560978,,,
WORKER_RELOC,,2,9,15,,13.073547326326288,,,
WORKER_RELOC,,2,9,16,,12.417160875505274,,,
WORKER_RELOC,,2,9,17,,12.22987673674353,,,
WORKER_RELOC,,2,10,0,,13.159413700619517,,,
WORKER_RELOC,,2,10,1,,8.821298086469353,,,
WORKER_RELOC,,2,10,2,,6.575661101616847,,,
WORKER_RELOC,,2,10,3,,7.936193709076565,,,
WORKER_RELOC,,2,10,4,,14.987754067578846,,,
WORKER_RELOC,,2,10,5,,6.173257468615394,,,
WORKER_RELOC,,2,10,6,,12.379933332191968,,,
WORKER_RELOC,,2,10,7,,8.757888322230592,,,
WORKER_RELOC,,2,10,8,,6.748722571164821,,,
WORKER_RELOC,,2,10,9,,12.527594289329985,,,
WORKER_RELOC,,2,10,10,,0.0,,,
WORKER_RELOC,,2,10,11,,5.0285629933774505,,,
WORKER_RELOC,,2,10,12,,4.900178806364339,,,
WORKER_RELOC,,2,10,13,,11.955643194536774,,,
WORKER_RELOC,,2,10,14,,15.55975631629762,,,
WORKER_RELOC,,2,10,15,,9.988076321029915,,,
WORKER_RELOC,,2,10,16,,13.917892202557612,,,
WORKER_RELOC,,2,10,17,,13.809298685464565,,,
WORKER_RELOC,,2,11,0,,12.265650033674596,,,
WORKER_RELOC,,2,11,1,,14.89547195854597,,,
WORKER_RELOC,,2,11,2,,13.729314885053611,,,
WORKER_RELOC,,2,11,3,,6.692206148599606,,,
WORKER_RELOC,,2,11,4,,15.366439548993172,,,
WORKER_RELOC,,2,11,5,,9.044381048534524,,,
WORKER_RELOC,,2,11,6,,10.899643677006633,,,
WORKER_RELOC,,2,11,7,,6.388868466507905,,,
WORKER_RELOC,,2,11,8,,6.528458941616803,,,
WORKER_RELOC,,2,11,9,,6.597173370979004,,,
WORKER_RELOC,,2,11,10,,2.6955526428912218,,,
WORKER_RELOC,,2,11,11,,0.0,,,
WORKER_RELOC,,2,11,12,,5.031738575033362,,,
WORKER_RELOC,,2,11,13,,15.64543910174459,,,
WORKER_RELOC,,2,11,14,,15.4077146828573,,,
WORKER_RELOC,,2,11,15,,9.18795851753571,,,
WORKER_RELOC,,2,11,16,,11.410919896627362,,,
WORKER_RELOC,,2,11,17,,7.457789435543098,,,
WORKER_RELOC,,2,12,0,,11.167233473997843,,,
WORKER_RELOC,,2,12,1,,7.177398206493897,,,
WORKER_RELOC,,2,12,2,,11.361695536783905,,,
WORKER_RELOC,,2,12,3,,13.332282450071936,,,
WORKER_RELOC,,2,12,4,,10.50352151713913,,,
WORKER_RELOC,,2,12,5,,6.935232471744541,,,
WORKER_RELOC,,2,12,6,,6.473697722780994,,,
WORKER_RELOC,,2,12,7,,13.922199521906002,,,
WORKER_RELOC,,2,12,8,,12.959183812481758,,,
WORKER_RELOC,,2,12,9,,9.750278362591555,,,
WORKER_RELOC,,2,12,10,,3.363800813254182,,,
WORKER_RELOC,,2,12,11,,5.842323890795374,,,
WORKER_RELOC,,2,12,12,,0.0,,,
WORKER_RELOC,,2,12,13,,12.716210777274641,,,
WORKER_RELOC,,2,12,14,,11.431010712080003,,,
WORKER_RELOC,,2,12,15,,9.285957026966438,,,
WORKER_RELOC,,2,12,16,,12.63632774712852,,,
WORKER_RELOC,,2,12,17,,7.90683878811972,,,
WORKER_RELOC,,2,13,0,,11.167308923541086,,,
WORKER_RELOC,,2,13,1,,15.743629150532072,,,
WORKER_RELOC,,2,13,2,,14.30805796724203,,,
WORKER_RELOC,,2,13,3,,11.918323984550678,,,
WORKER_RELOC,,2,13,4,,13.241523524419614,,,
WORKER_RELOC,,2,13,5,,15.591519280496353,,,
WORKER_RELOC,,2,13,6,,9.89888009248157,,,
WORKER_RELOC,,2,13,7,,15.194915979180497,,,
WORKER_RELOC,,2,13,8,,11.15792277555163,,,
WORKER_RELOC,,2,13,9,,6.454663612310821,,,
WORKER_RELOC,,2,13,10,,10.964289683115467,,,
WORKER_RELOC,,2,13,11,,13.264943013987084,,,
WORKER_RELOC,,2,13,12,,14.352227136665558,,,
WORKER_RELOC,,2,13,13,,0.0,,,
WORKER_RELOC,,2,13,14,,4.12221961188159,,,
WORKER_RELOC,,2,13,15,,10.281637632804543,,,
WORKER_RELOC,,2,13,16,,11.164040791697483,,,
WORKER_RELOC,,2,13,17,,13.736330930511404,,,
WORKER_RELOC,,2,14,0,,12.376787037391614,,,
WORKER_RELOC,,2,14,1,,15.65365785302348,,,
WORKER_RELOC,,2,14,2,,6.749988208682588,,,
WORKER_RELOC,,2,14,3,,11.523802823278412,,,
WORKER_RELOC,,2,14,4,,13.389090502802002,,,
WORKER_RELOC,,2,14,5,,7.62993016060444,,,
WORKER_RELOC,,2,14,6,,6.811768756193888,,,
WORKER_RELOC,,2,14,7,,8.887606984975505,,,
WORKER_RELOC,,2,14,8,,7.248528386190619,,,
WORKER_RELOC,,2,14,9,,12.827603136782141,,,
WORKER_RELOC,,2,14,10,,14.86078179075185,,,
WORKER_RELOC,,2,14,11,,7.076062085448371,,,
WORKER_RELOC,,2,14,12,,13.879666697145915,,,
WORKER_RELOC,,2,14,13,,3.4306659053290662,,,
WORKER_RELOC,,2,14,14,,0.0,,,
WORKER_RELOC,,2,14,15,,10.510406381591363,,,
WORKER_RELOC,,2,14,16,,12.366179800292977,,,
WORKER_RELOC,,2,14,17,,15.7406568630043,,,
WORKER_RELOC,,2,15,0,,11.827244537072303,,,
WORKER_RELOC,,2,15,1,,6.286511891544635,,,
WORKER_RELOC,,2,15,2,,10.561097481879287,,,
WORKER_RELOC,,2,15,3,,15.26146166299488,,,
WORKER_RELOC,,2,15,4,,11.704529544856777,,,
WORKER_RELOC,,2,15,5,,15.020906703630532,,,
WORKER_RELOC,,2,15,6,,13.076081810558836,,,
WORKER_RELOC,,2,15,7,,9.514691000225767,,,
WORKER_RELOC,,2,15,8,,6.504116625455124,,,
WORKER_RELOC,,2,15,9,,13.47878083607273,,,
WORKER_RELOC,,2,15,10,,6.458839566741655,,,
WORKER_RELOC,,2,15,11,,6.092726797650673,,,
WORKER_RELOC,,2,15,12,,8.651773071015683,,,
WORKER_RELOC,,2,15,13,,15.06489471720802,,,
WORKER_RELOC,,2,15,14,,6.443816772719172,,,
WORKER_RELOC,,2,15,15,,0.0,,,
WORKER_RELOC,,2,15,16,,5.398240272731982,,,
WORKER_RELOC,,2,15,17,,2.7933196731435306,,,
WORKER_RELOC,,2,16,0,,14.716795445124774,,,
WORKER_RELOC,,2,16,1,,6.797923769903477,,,
WORKER_RELOC,,2,16,2,,14.735003840582138,,,
WORKER_RELOC,,2,16,3,,10.069379049559146,,,
WORKER_RELOC,,2,16,4,,7.8270249428567995,,,
WORKER_RELOC,,2,16,5,,10.106044767006493,,,
WORKER_RELOC,,2,16,6,,6.951000961730395,,,
WORKER_RELOC,,2,16,7,,9.144034753485098,,,
WORKER_RELOC,,2,16,8,,9.356637875446419,,,
WORKER_RELOC,,2,16,9,,9.853928513282803,,,
WORKER_RELOC,,2,16,10,,12.640065736389166,,,
WORKER_RELOC,,2,16,11,,13.747926740593684,,,
WORKER_RELOC,,2,16,12,,7.561126193757279,,,
WORKER_RELOC,,2,16,13,,11.580881744249767,,,
WORKER_RELOC,,2,16,14,,10.096414186883255,,,
WORKER_RELOC,,2,16,15,,4.492594501412027,,,
WORKER_RELOC,,2,16,16,,0.0,,,
WORKER_RELOC,,2,16,17,,5.247959160515393,,,
WORKER_RELOC,,2,17,0,,7.770846037234062,,,
WORKER_RELOC,,2,17,1,,6.391797008007167,,,
WORKER_RELOC,,2,17,2,,8.342964129040016,,,
WORKER_RELOC,,2,17,3,,7.101134434969601,,,
WORKER_RELOC,,2,17,4,,12.976667123768657,,,
WORKER_RELOC,,2,17,5,,7.7397026011013565,,,
WORKER_RELOC,,2,17,6,,6.012850575618073,,,
WORKER_RELOC,,2,17,7,,6.35319784371611,,,
WORKER_RELOC,,2,17,8,,8.982525415870615,,,
WORKER_RELOC,,2,17,9,,13.118132232812414,,,
WORKER_RELOC,,2,17,10,,9.690444849588893,,,
WORKER_RELOC,,2,17,11,,11.48523068712177,,,
WORKER_RELOC,,2,17,12,,13.360455472904224,,,
WORKER_RELOC,,2,17,13,,8.588662058111778,,,
WORKER_RELOC,,2,17,14,,15.10158698139973,,,
WORKER_RELOC,,2,17,15,,2.7486869140512384,,,
WORKER_RELOC,,2,17,16,,2.5942373116210056,,,
WORKER_RELOC,,2,17,17,,0.0,,,
WORKER_RELOC,,3,0,0,,0.0,,,
WORKER_RELOC,,3,0,1,,3.0494870365231166,,,
WORKER_RELOC,,3,0,2,,8.622551493386801,,,
WORKER_RELOC,,3,0,3,,10.833197749799233,,,
WORKER_RELOC,,3,0,4,,10.837776017646487,,,
WORKER_RELOC,,3,0,5,,7.4151757994814815,,,
WORKER_RELOC,,3,0,6,,12.175865725206682,,,
WORKER_RELOC,,3,0,7,,14.369377861448314,,,
WORKER_RELOC,,3,0,8,,15.259403402305391,,,
WORKER_RELOC,,3,0,9,,14.405737266734576,,,
WORKER_RELOC,,3,0,10,,9.947035935680246,,,
WORKER_RELOC,,3,0,11,,6.688639832633582,,,
WORKER_RELOC,,3,0,12,,15.57137127070421,,,
WORKER_RELOC,,3,0,13,,11.248938053584187,,,
WORKER_RELOC,,3,0,14,,12.601722428846589,,,
WORKER_RELOC,,3,0,15,,10.199872818029958,,,
WORKER_RELOC,,3,0,16,,14.75298268012707,,,
WORKER_RELOC,,3,0,17,,10.83288821602345,,,
WORKER_RELOC,,3,1,0,,5.332961460241949,,,
WORKER_RELOC,,3,1,1,,0.0,,,
WORKER_RELOC,,3,1,2,,8.021309750478427,,,
WORKER_RELOC,,3,1,3,,12.523494160097535,,,
WORKER_RELOC,,3,1,4,,15.877591320419741,,,
WORKER_RELOC,,3,1,5,,12.84101092019374,,,
WORKER_RELOC,,3,1,6,,7.463080323392471,,,
WORKER_RELOC,,3,1,7,,14.788543722954849,,,
WORKER_RELOC,,3,1,8,,14.766000823986376,,,
WORKER_RELOC,,3,1,9,,8.183218586947355,,,
WORKER_RELOC,,3,1,10,,9.224593767231966,,,
WORKER_RELOC,,3,1,11,,7.019747284934043,,,
WORKER_RELOC,,3,1,12,,8.17448051246398,,,
WORKER_RELOC,,3,1,13,,15.937577754186139,,,
WORKER_RELOC,,3,1,14,,10.130777754308735,,,
WORKER_RELOC,,3,1,15,,13.320077117043954,,,
WORKER_RELOC,,3,1,16,,6.526283463484571,,,
WORKER_RELOC,,3,1,17,,11.627365169218939,,,
WORKER_RELOC,,3,2,0,,11.546408387551034,,,
WORKER_RELOC,,3,2,1,,8.352947401037154,,,
WORKER_RELOC,,3,2,2,,0.0,,,
WORKER_RELOC,,3,2,3,,11.837892068845669,,,
WORKER_RELOC,,3,2,4,,11.439928416815409,,,
WORKER_RELOC,,3,2,5,,9.641058587266691,,,
WORKER_RELOC,,3,2,6,,11.34082263528963,,,
WORKER_RELOC,,3,2,7,,9.30175198687481,,,
WORKER_RELOC,,3,2,8,,10.295319571147562,,,
WORKER_RELOC,,3,2,9,,14.96844148604271,,,
WORKER_RELOC,,3,2,10,,12.843753367621364,,,
WORKER_RELOC,,3,2,11,,14.473013253907748,,,
WORKER_RELOC,,3,2,12,,6.067451629357814,,,
WORKER_RELOC,,3,2,13,,10.9125561315562,,,
WORKER_RELOC,,3,2,14,,14.006763436624542,,,
WORKER_RELOC,,3,2,15,,11.545358474344361,,,
WORKER_RELOC,,3,2,16,,7.241562210355532,,,
WORKER_RELOC,,3,2,17,,9.828598173520977,,,
WORKER_RELOC,,3,3,0,,10.93219060512208,,,
WORKER_RELOC,,3,3,1,,7.8933089467984265,,,
WORKER_RELOC,,3,3,2,,7.068600282172603,,,
WORKER_RELOC,,3,3,3,,0.0,,,
WORKER_RELOC,,3,3,4,,5.281726273137226,,,
WORKER_RELOC,,3,3,5,,5.334247355851921,,,
WORKER_RELOC,,3,3,6,,7.534302250336306,,,
WORKER_RELOC,,3,3,7,,10.669200648702308,,,
WORKER_RELOC,,3,3,8,,9.563240482969897,,,
WORKER_RELOC,,3,3,9,,8.188267640097331,,,
WORKER_RELOC,,3,3,10,,8.710051704072347,,,
WORKER_RELOC,,3,3,11,,9.270067962902393,,,
WORKER_RELOC,,3,3,12,,7.141103946915743,,,
WORKER_RELOC,,3,3,13,,15.045673359679437,,,
WORKER_RELOC,,3,3,14,,8.895497840794029,,,
WORKER_RELOC,,3,3,15,,12.109318964119097,,,
WORKER_RELOC,,3,3,16,,11.304900066704391,,,
WORKER_RELOC,,3,3,17,,10.872314141296743,,,
WORKER_RELOC,,3,4,0,,6.384122460883124,,,
WORKER_RELOC,,3,4,1,,10.073725282851587,,,
WORKER_RELOC,,3,4,2,,8.927275302600892,,,
WORKER_RELOC,,3,4,3,,4.1855895101616465,,,
WORKER_RELOC,,3,4,4,,0.0,,,
WORKER_RELOC,,3,4,5,,4.579775820981679,,,
WORKER_RELOC,,3,4,6,,14.923509060640239,,,
WORKER_RELOC,,3,4,7,,13.831773344540052,,,
WORKER_RELOC,,3,4,8,,14.460358270216512,,,
WORKER_RELOC,,3,4,9,,13.014514368255616,,,
WORKER_RELOC,,3,4,10,,8.892222048595947,,,
WORKER_RELOC,,3,4,11,,11.00237067342226,,,
WORKER_RELOC,,3,4,12,,15.721013375078392,,,
WORKER_RELOC,,3,4,13,,10.764218104554864,,,
WORKER_RELOC,,3,4,14,,6.731235270708572,,,
WORKER_RELOC,,3,4,15,,14.388108362063754,,,
WORKER_RELOC,,3,4,16,,13.39523087153528,,,
WORKER_RELOC,,3,4,17,,10.924828767649062,,,
WORKER_RELOC,,3,5,0,,11.906098684631205,,,
WORKER_RELOC,,3,5,1,,7.1754617158354925,,,
WORKER_RELOC,,3,5,2,,14.29696292251868,,,
WORKER_RELOC,,3,5,3,,5.185008094255006,,,
WORKER_RELOC,,3,5,4,,2.8533155632474783,,,
WORKER_RELOC,,3,5,5,,0.0,,,
WORKER_RELOC,,3,5,6,,9.035087176544135,,,
WORKER_RELOC,,3,5,7,,15.66274073535513,,,
WORKER_RELOC,,3,5,8,,12.97914521529528,,,
WORKER_RELOC,,3,5,9,,12.08513769056984,,,
WORKER_RELOC,,3,5,10,,15.797928206524901,,,
WORKER_RELOC,,3,5,11,,6.733690354719117,,,
WORKER_RELOC,,3,5,12,,14.52213910374695,,,
WORKER_RELOC,,3,5,13,,13.411465133255325,,,
WORKER_RELOC,,3,5,14,,13.062227768065267,,,
WORKER_RELOC,,3,5,15,,13.461089661178857,,,
WORKER_RELOC,,3,5,16,,6.870692422829635,,,
WORKER_RELOC,,3,5,17,,7.145003866365558,,,
WORKER_RELOC,,3,6,0,,12.021640225872982,,,
WORKER_RELOC,,3,6,1,,12.986305543391804,,,
WORKER_RELOC,,3,6,2,,13.313704034124301,,,
WORKER_RELOC,,3,6,3,,15.291001178129413,,,
WORKER_RELOC,,3,6,4,,11.351804242008004,,,
WORKER_RELOC,,3,6,5,,10.659164226605725,,,
WORKER_RELOC,,3,6,6,,0.0,,,
WORKER_RELOC,,3,6,7,,13.057234083463715,,,
WORKER_RELOC,,3,6,8,,14.548156708856862,,,
WORKER_RELOC,,3,6,9,,10.091997810938409,,,
WORKER_RELOC,,3,6,10,,11.853241411630554,,,
WORKER_RELOC,,3,6,11,,7.163216244929647,,,
WORKER_RELOC,,3,6,12,,15.999034866420592,,,
WORKER_RELOC,,3,6,13,,7.515976297763736,,,
WORKER_RELOC,,3,6,14,,12.213092692484068,,,
WORKER_RELOC,,3,6,15,,12.3601606867542,,,
WORKER_RELOC,,3,6,16,,12.954111551263077,,,
WORKER_RELOC,,3,6,17,,15.518458740344732,,,
WORKER_RELOC,,3,7,0,,6.740371139203836,,,
WORKER_RELOC,,3,7,1,,13.664337978374256,,,
WORKER_RELOC,,3,7,2,,11.339069561841725,,,
WORKER_RELOC,,3,7,3,,8.54365512896035,,,
WORKER_RELOC,,3,7,4,,10.612720201092937,,,
WORKER_RELOC,,3,7,5,,14.64301061910532,,,
WORKER_RELOC,,3,7,6,,15.271839516343917,,,
WORKER_RELOC,,3,7,7,,0.0,,,
WORKER_RELOC,,3,7,8,,3.3905684191307963,,,
WORKER_RELOC,,3,7,9,,4.823274717118398,,,
WORKER_RELOC,,3,7,10,,7.8561388140675135,,,
WORKER_RELOC,,3,7,11,,13.417247759039954,,,
WORKER_RELOC,,3,7,12,,7.991296623858335,,,
WORKER_RELOC,,3,7,13,,10.618675413347482,,,
WORKER_RELOC,,3,7,14,,15.431232177792673,,,
WORKER_RELOC,,3,7,15,,14.417262417763402,,,
WORKER_RELOC,,3,7,16,,14.779316084356864,,,
WORKER_RELOC,,3,7,17,,14.616887868332872,,,
WORKER_RELOC,,3,8,0,,11.977331110412514,,,
WORKER_RELOC,,3,8,1,,7.037549254277774,,,
WORKER_RELOC,,3,8,2,,13.69939903315747,,,
WORKER_RELOC,,3,8,3,,12.894918106978142,,,
WORKER_RELOC,,3,8,4,,9.432858663683966,,,
WORKER_RELOC,,3,8,5,,11.479163548270604,,,
WORKER_RELOC,,3,8,6,,11.172060889862253,,,
WORKER_RELOC,,3,8,7,,3.2092954047469417,,,
WORKER_RELOC,,3,8,8,,0.0,,,
WORKER_RELOC,,3,8,9,,3.161035915460925,,,
WORKER_RELOC,,3,8,10,,14.151366859190372,,,
WORKER_RELOC,,3,8,11,,7.525985194959825,,,
WORKER_RELOC,,3,8,12,,6.865313769451859,,,
WORKER_RELOC,,3,8,13,,15.430370520413595,,,
WORKER_RELOC,,3,8,14,,12.222309558840582,,,
WORKER_RELOC,,3,8,15,,9.964538531552904,,,
WORKER_RELOC,,3,8,16,,7.567880503881421,,,
WORKER_RELOC,,3,8,17,,8.995615466323725,,,
WORKER_RELOC,,3,9,0,,15.578851648188467,,,
WORKER_RELOC,,3,9,1,,9.967865266096592,,,
WORKER_RELOC,,3,9,2,,7.035884808226232,,,
WORKER_RELOC,,3,9,3,,11.451457070680547,,,
WORKER_RELOC,,3,9,4,,14.10173006203418,,,
WORKER_RELOC,,3,9,5,,9.628181960383142,,,
WORKER_RELOC,,3,9,6,,11.16644782578981,,,
WORKER_RELOC,,3,9,7,,3.922348716169638,,,
WORKER_RELOC,,3,9,8,,4.650865673553629,,,
WORKER_RELOC,,3,9,9,,0.0,,,
WORKER_RELOC,,3,9,10,,15.875990903343418,,,
WORKER_RELOC,,3,9,11,,10.492847722214092,,,
WORKER_RELOC,,3,9,12,,7.644957023568939,,,
WORKER_RELOC,,3,9,13,,13.780708795521583,,,
WORKER_RELOC,,3,9,14,,6.490309009273808,,,
WORKER_RELOC,,3,9,15,,14.065620061255295,,,
WORKER_RELOC,,3,9,16,,14.92022347648963,,,
WORKER_RELOC,,3,9,17,,14.229011687967501,,,
WORKER_RELOC,,3,10,0,,12.382831628757579,,,
WORKER_RELOC,,3,10,1,,6.884087929142886,,,
WORKER_RELOC,,3,10,2,,7.80937479779447,,,
WORKER_RELOC,,3,10,3,,9.50600244162278,,,
WORKER_RELOC,,3,10,4,,10.43601543870069,,,
WORKER_RELOC,,3,10,5,,10.343974422255037,,,
WORKER_RELOC,,3,10,6,,9.868314311929565,,,
WORKER_RELOC,,3,10,7,,15.743406580726273,,,
WORKER_RELOC,,3,10,8,,7.0311798221362185,,,
WORKER_RELOC,,3,10,9,,9.840603857504616,,,
WORKER_RELOC,,3,10,10,,0.0,,,
WORKER_RELOC,,3,10,11,,2.3554637059069625,,,
WORKER_RELOC,,3,10,12,,2.4779589983494485,,,
WORKER_RELOC,,3,10,13,,8.498031995336767,,,
WORKER_RELOC,,3,10,14,,10.254975303044134,,,
WORKER_RELOC,,3,10,15,,9.250267139445327,,,
WORKER_RELOC,,3,10,16,,6.03102516449885,,,
WORKER_RELOC,,3,10,17,,8.138109051067408,,,
WORKER_RELOC,,3,11,0,,14.353278843987162,,,
WORKER_RELOC,,3,11,1,,9.93667509669279,,,
WORKER_RELOC,,3,11,2,,9.205911250344784,,,
WORKER_RELOC,,3,11,3,,7.0059044082715465,,,
WORKER_RELOC,,3,11,4,,7.137140112220854,,,
WORKER_RELOC,,3,11,5,,9.705230069155839,,,
WORKER_RELOC,,3,11,6,,6.228200929247323,,,
WORKER_RELOC,,3,11,7,,7.4895567638122,,,
WORKER_RELOC,,3,11,8,,11.606567482998383,,,
WORKER_RELOC,,3,11,9,,14.227299211249262,,,
WORKER_RELOC,,3,11,10,,5.7809436826765195,,,
WORKER_RELOC,,3,11,11,,0.0,,,
WORKER_RELOC,,3,11,12,,2.0599879190742185,,,
WORKER_RELOC,,3,11,13,,8.091018216034009,,,
WORKER_RELOC,,3,11,14,,15.27263168069428,,,
WORKER_RELOC,,3,11,15,,13.75250091989922,,,
WORKER_RELOC,,3,11,16,,15.858125030519275,,,
WORKER_RELOC,,3,11,17,,13.33737323786179,,,
WORKER_RELOC,,3,12,0,,6.263157967256257,,,
WORKER_RELOC,,3,12,1,,13.293008041385544,,,
WORKER_RELOC,,3,12,2,,12.300550256218518,,,
WORKER_RELOC,,3,12,3,,9.998708975884128,,,
WORKER_RELOC,,3,12,4,,7.666640591162567,,,
WORKER_RELOC,,3,12,5,,6.900876086893387,,,
WORKER_RELOC,,3,12,6,,9.669215216298067,,,
WORKER_RELOC,,3,12,7,,10.42418940479997,,,
WORKER_RELOC,,3,12,8,,9.934243580864402,,,
WORKER_RELOC,,3,12,9,,7.8344661471866806,,,
WORKER_RELOC,,3,12,10,,3.824153217490452,,,
WORKER_RELOC,,3,12,11,,4.078403089024988,,,
WORKER_RELOC,,3,12,12,,0.0,,,
WORKER_RELOC,,3,12,13,,6.930667811704317,,,
WORKER_RELOC,,3,12,14,,14.504686144511421,,,
WORKER_RELOC,,3,12,15,,7.444731282197518,,,
WORKER_RELOC,,3,12,16,,13.356502412447673,,,
WORKER_RELOC,,3,12,17,,11.838637244575883,,,
WORKER_RELOC,,3,13,0,,8.29402267773035,,,
WORKER_RELOC,,3,13,1,,8.428398301989798,,,
WORKER_RELOC,,3,13,2,,8.194154252164502,,,
WORKER_RELOC,,3,13,3,,8.426997382318694,,,
WORKER_RELOC,,3,13,4,,12.0983969453625,,,
WORKER_RELOC,,3,13,5,,14.047805633982962,,,
WORKER_RELOC,,3,13,6,,8.353405414671819,,,
WORKER_RELOC,,3,13,7,,11.855431279638465,,,
WORKER_RELOC,,3,13,8,,11.995895488360464,,,
WORKER_RELOC,,3,13,9,,12.367248977795946,,,
WORKER_RELOC,,3,13,10,,10.29976389671555,,,
WORKER_RELOC,,3,13,11,,15.55549856551202,,,
WORKER_RELOC,,3,13,12,,10.324302304926896,,,
WORKER_RELOC,,3,13,13,,0.0,,,
WORKER_RELOC,,3,13,14,,3.32349258029327,,,
WORKER_RELOC,,3,13,15,,7.525980946775388,,,
WORKER_RELOC,,3,13,16,,8.100673915472946,,,
WORKER_RELOC,,3,13,17,,6.925648644753652,,,
WORKER_RELOC,,3,14,0,,14.108539959813207,,,
WORKER_RELOC,,3,14,1,,9.6000482329558,,,
WORKER_RELOC,,3,14,2,,14.486551827342614,,,
WORKER_RELOC,,3,14,3,,15.048705409729282,,,
WORKER_RELOC,,3,14,4,,8.143662072845363,,,
WORKER_RELOC,,3,14,5,,14.629846570369981,,,
WORKER_RELOC,,3,14,6,,7.047120402871333,,,
WORKER_RELOC,,3,14,7,,15.049362321902057,,,
WORKER_RELOC,,3,14,8,,13.654112885889106,,,
WORKER_RELOC,,3,14,9,,11.923117436859737,,,
WORKER_RELOC,,3,14,10,,9.71237687673591,,,
WORKER_RELOC,,3,14,11,,8.394037938162372,,,
WORKER_RELOC,,3,14,12,,10.887448890716119,,,
WORKER_RELOC,,3,14,13,,4.231451156267276,,,
WORKER_RELOC,,3,14,14,,0.0,,,
WORKER_RELOC,,3,14,15,,6.648087045304012,,,
WORKER_RELOC,,3,14,16,,15.901628536917247,,,
WORKER_RELOC,,3,14,17,,9.174233491162763,,,
WORKER_RELOC,,3,15,0,,8.236816243243783,,,
WORKER_RELOC,,3,15,1,,8.92532266227597,,,
WORKER_RELOC,,3,15,2,,11.573095428373975,,,
WORKER_RELOC,,3,15,3,,6.122542567454476,,,
WORKER_RELOC,,3,15,4,,10.158613999376907,,,
WORKER_RELOC,,3,15,5,,13.121548331737468,,,
WORKER_RELOC,,3,15,6,,8.037324757094797,,,
WORKER_RELOC,,3,15,7,,9.43330283017833,,,
WORKER_RELOC,,3,15,8,,11.826584079570505,,,
WORKER_RELOC,,3,15,9,,14.219090020911409,,,
WORKER_RELOC,,3,15,10,,7.243781261550884,,,
WORKER_RELOC,,3,15,11,,8.474105385081646,,,
WORKER_RELOC,,3,15,12,,12.772247772486471,,,
WORKER_RELOC,,3,15,13,,11.324392719103193,,,
WORKER_RELOC,,3,15,14,,7.218538830975987,,,
WORKER_RELOC,,3,15,15,,0.0,,,
WORKER_RELOC,,3,15,16,,2.7897513559839986,,,
WORKER_RELOC,,3,15,17,,5.345795079304558,,,
WORKER_RELOC,,3,16,0,,6.839360083403173,,,
WORKER_RELOC,,3,16,1,,10.189585097247743,,,
WORKER_RELOC,,3,16,2,,14.566406990585907,,,
WORKER_RELOC,,3,16,3,,10.037901278820808,,,
WORKER_RELOC,,3,16,4,,6.902649982562437,,,
WORKER_RELOC,,3,16,5,,14.218555927132245,,,
WORKER_RELOC,,3,16,6,,9.018439793823365,,,
WORKER_RELOC,,3,16,7,,9.534560674804167,,,
WORKER_RELOC,,3,16,8,,8.487544147099623,,,
WORKER_RELOC,,3,16,9,,15.852343662177681,,,
WORKER_RELOC,,3,16,10,,11.802221667880215,,,
WORKER_RELOC,,3,16,11,,7.800138300637068,,,
WORKER_RELOC,,3,16,12,,14.881374818127949,,,
WORKER_RELOC,,3,16,13,,10.606394814480144,,,
WORKER_RELOC,,3,16,14,,12.094827082033834,,,
WORKER_RELOC,,3,16,15,,3.936771814199253,,,
WORKER_RELOC,,3,16,16,,0.0,,,
WORKER_RELOC,,3,16,17,,4.428867230857344,,,
WORKER_RELOC,,3,17,0,,12.075018669015545,,,
WORKER_RELOC,,3,17,1,,10.99582895947822,,,
WORKER_RELOC,,3,17,2,,15.539701156312027,,,
WORKER_RELOC,,3,17,3,,13.337873434539498,,,
WORKER_RELOC,,3,17,4,,11.456805154465421,,,
WORKER_RELOC,,3,17,5,,12.19222711958571,,,
WORKER_RELOC,,3,17,6,,15.527879223430368,,,
WORKER_RELOC,,3,17,7,,14.634933538993842,,,
WORKER_RELOC,,3,17,8,,14.596669912813212,,,
WORKER_RELOC,,3,17,9,,14.611307591043525,,,
WORKER_RELOC,,3,17,10,,10.498496235429155,,,
WORKER_RELOC,,3,17,11,,12.761313287071664,,,
WORKER_RELOC,,3,17,12,,10.61467958781766,,,
WORKER_RELOC,,3,17,13,,15.235074641820432,,,
WORKER_RELOC,,3,17,14,,13.967662497112713,,,
WORKER_RELOC,,3,17,15,,2.766121351622163,,,
WORKER_RELOC,,3,17,16,,5.12461483684303,,,
WORKER_RELOC,,3,17,17,,0.0,,,
WORKER_RELOC,,4,0,0,,0.0,,,
WORKER_RELOC,,4,0,1,,5.18882706525142,,,
WORKER_RELOC,,4,0,2,,11.926116643123958,,,
WORKER_RELOC,,4,0,3,,15.29855149766276,,,
WORKER_RELOC,,4,0,4,,11.041999701178966,,,
WORKER_RELOC,,4,0,5,,14.703707798379062,,,
WORKER_RELOC,,4,0,6,,7.204485643113637,,,
WORKER_RELOC,,4,0,7,,13.120028641932093,,,
WORKER_RELOC,,4,0,8,,13.681928033015527,,,
WORKER_RELOC,,4,0,9,,12.855844050360673,,,
WORKER_RELOC,,4,0,10,,6.751313840269695,,,
WORKER_RELOC,,4,0,11,,11.853325949437803,,,
WORKER_RELOC,,4,0,12,,10.531445695751065,,,
WORKER_RELOC,,4,0,13,,14.720639960463496,,,
WORKER_RELOC,,4,0,14,,7.013196595031549,,,
WORKER_RELOC,,4,0,15,,9.867610019271083,,,
WORKER_RELOC,,4,0,16,,15.011373561193306,,,
WORKER_RELOC,,4,0,17,,9.776633093441967,,,
WORKER_RELOC,,4,1,0,,5.757665274985878,,,
WORKER_RELOC,,4,1,1,,0.0,,,
WORKER_RELOC,,4,1,2,,10.6329200275386,,,
WORKER_RELOC,,4,1,3,,15.452061884764788,,,
WORKER_RELOC,,4,1,4,,8.165283223153164,,,
WORKER_RELOC,,4,1,5,,13.306928601354619,,,
WORKER_RELOC,,4,1,6,,11.38484174814787,,,
WORKER_RELOC,,4,1,7,,14.262505146115286,,,
WORKER_RELOC,,4,1,8,,12.527362324635504,,,
WORKER_RELOC,,4,1,9,,9.794588794672947,,,
WORKER_RELOC,,4,1,10,,12.074313559662704,,,
WORKER_RELOC,,4,1,11,,14.85906077145682,,,
WORKER_RELOC,,4,1,12,,12.794356780761948,,,
WORKER_RELOC,,4,1,13,,11.546501674515369,,,
WORKER_RELOC,,4,1,14,,6.071181624025982,,,
WORKER_RELOC,,4,1,15,,8.183900918197494,,,
WORKER_RELOC,,4,1,16,,6.271807419053994,,,
WORKER_RELOC,,4,1,17,,12.706786671968754,,,
WORKER_RELOC,,4,2,0,,9.386152565535642,,,
WORKER_RELOC,,4,2,1,,13.502832268501722,,,
WORKER_RELOC,,4,2,2,,0.0,,,
WORKER_RELOC,,4,2,3,,10.881322170076759,,,
WORKER_RELOC,,4,2,4,,14.0556758589147,,,
WORKER_RELOC,,4,2,5,,11.606248870715781,,,
WORKER_RELOC,,4,2,6,,8.481989860269124,,,
WORKER_RELOC,,4,2,7,,7.124895267115075,,,
WORKER_RELOC,,4,2,8,,6.578398237102644,,,
WORKER_RELOC,,4,2,9,,14.162352066991083,,,
WORKER_RELOC,,4,2,10,,12.572841853595866,,,
WORKER_RELOC,,4,2,11,,8.909662521155711,,,
WORKER_RELOC,,4,2,12,,15.388682863161032,,,
WORKER_RELOC,,4,2,13,,10.884619600947925,,,
WORKER_RELOC,,4,2,14,,8.084862977852975,,,
WORKER_RELOC,,4,2,15,,10.685736902691549,,,
WORKER_RELOC,,4,2,16,,8.24299719457335,,,
WORKER_RELOC,,4,2,17,,11.167255323770235,,,
WORKER_RELOC,,4,3,0,,11.71007447557736,,,
WORKER_RELOC,,4,3,1,,12.344898280797555,,,
WORKER_RELOC,,4,3,2,,7.661354539277257,,,
WORKER_RELOC,,4,3,3,,0.0,,,
WORKER_RELOC,,4,3,4,,2.6627564815552702,,,
WORKER_RELOC,,4,3,5,,5.498643047102648,,,
WORKER_RELOC,,4,3,6,,14.43178671206242,,,
WORKER_RELOC,,4,3,7,,11.647869707741403,,,
WORKER_RELOC,,4,3,8,,15.883201154272198,,,
WORKER_RELOC,,4,3,9,,7.835541737248111,,,
WORKER_RELOC,,4,3,10,,7.155640626459141,,,
WORKER_RELOC,,4,3,11,,6.045377969728197,,,
WORKER_RELOC,,4,3,12,,11.018594415446335,,,
WORKER_RELOC,,4,3,13,,12.673800452567688,,,
WORKER_RELOC,,4,3,14,,9.195081277282501,,,
WORKER_RELOC,,4,3,15,,9.631151894103915,,,
WORKER_RELOC,,4,3,16,,10.748534722648525,,,
WORKER_RELOC,,4,3,17,,8.133425406191112,,,
WORKER_RELOC,,4,4,0,,10.947357906830241,,,
WORKER_RELOC,,4,4,1,,14.489217866130835,,,
WORKER_RELOC,,4,4,2,,9.140708523584918,,,
WORKER_RELOC,,4,4,3,,2.2418155537302185,,,
WORKER_RELOC,,4,4,4,,0.0,,,
WORKER_RELOC,,4,4,5,,3.704691440733681,,,
WORKER_RELOC,,4,4,6,,14.814606736211857,,,
WORKER_RELOC,,4,4,7,,8.224681126110315,,,
WORKER_RELOC,,4,4,8,,12.298814140564406,,,
WORKER_RELOC,,4,4,9,,6.789209969447937,,,
WORKER_RELOC,,4,4,10,,9.161597193989934,,,
WORKER_RELOC,,4,4,11,,10.40111074911778,,,
WORKER_RELOC,,4,4,12,,10.118193402968283,,,
WORKER_RELOC,,4,4,13,,7.336950343023418,,,
WORKER_RELOC,,4,4,14,,10.196614222472327,,,
WORKER_RELOC,,4,4,15,,6.796161861816915,,,
WORKER_RELOC,,4,4,16,,7.402502424366468,,,
WORKER_RELOC,,4,4,17,,12.858813580000492,,,
WORKER_RELOC,,4,5,0,,15.660083315943112,,,
WORKER_RELOC,,4,5,1,,14.672219382861556,,,
WORKER_RELOC,,4,5,2,,6.908841622177665,,,
WORKER_RELOC,,4,5,3,,4.316058617911935,,,
WORKER_RELOC,,4,5,4,,3.7193190750286202,,,
WORKER_RELOC,,4,5,5,,0.0,,,
WORKER_RELOC,,4,5,6,,10.161567707915061,,,
WORKER_RELOC,,4,5,7,,10.335892041355283,,,
WORKER_RELOC,,4,5,8,,6.285892574818427,,,
WORKER_RELOC,,4,5,9,,7.256015362057298,,,
WORKER_RELOC,,4,5,10,,12.294470177064632,,,
WORKER_RELOC,,4,5,11,,12.930006685362077,,,
WORKER_RELOC,,4,5,12,,6.9209421436894685,,,
WORKER_RELOC,,4,5,13,,8.755289677220942,,,
WORKER_RELOC,,4,5,14,,9.28389007356888,,,
WORKER_RELOC,,4,5,15,,6.457952028665616,,,
WORKER_RELOC,,4,5,16,,9.520978466893911,,,
WORKER_RELOC,,4,5,17,,11.030241687771287,,,
WORKER_RELOC,,4,6,0,,14.371290748366489,,,
WORKER_RELOC,,4,6,1,,15.67763868296516,,,
WORKER_RELOC,,4,6,2,,8.027856456032243,,,
WORKER_RELOC,,4,6,3,,14.208896964845628,,,
WORKER_RELOC,,4,6,4,,9.987983036103682,,,
WORKER_RELOC,,4,6,5,,14.120806212684768,,,
WORKER_RELOC,,4,6,6,,0.0,,,
WORKER_RELOC,,4,6,7,,15.224321302353651,,,
WORKER_RELOC,,4,6,8,,8.7937939456199,,,
WORKER_RELOC,,4,6,9,,12.602135199416118,,,
WORKER_RELOC,,4,6,10,,7.875759469262045,,,
WORKER_RELOC,,4,6,11,,6.841766908698837,,,
WORKER_RELOC,,4,6,12,,14.289577917013931,,,
WORKER_RELOC,,4,6,13,,8.522427005149307,,,
WORKER_RELOC,,4,6,14,,13.107936992845902,,,
WORKER_RELOC,,4,6,15,,11.908718245267526,,,
WORKER_RELOC,,4,6,16,,15.781703805688622,,,
WORKER_RELOC,,4,6,17,,12.975054139448028,,,
WORKER_RELOC,,4,7,0,,11.356842694069279,,,
WORKER_RELOC,,4,7,1,,15.409787612392016,,,
WORKER_RELOC,,4,7,2,,9.420811607777345,,,
WORKER_RELOC,,4,7,3,,12.214391851354373,,,
WORKER_RELOC,,4,7,4,,11.463093823296528,,,
WORKER_RELOC,,4,7,5,,12.62866420838894,,,
WORKER_RELOC,,4,7,6,,15.29922955997138,,,
WORKER_RELOC,,4,7,7,,0.0,,,
WORKER_RELOC,,4,7,8,,4.653652982098794,,,
WORKER_RELOC,,4,7,9,,4.409371189412028,,,
WORKER_RELOC,,4,7,10,,11.864441495468366,,,
WORKER_RELOC,,4,7,11,,6.893118372794044,,,
WORKER_RELOC,,4,7,12,,15.762629724290058,,,
WORKER_RELOC,,4,7,13,,9.897160898234873,,,
WORKER_RELOC,,4,7,14,,13.154404693620123,,,
WORKER_RELOC,,4,7,15,,6.747386447712296,,,
WORKER_RELOC,,4,7,16,,7.786290308347185,,,
WORKER_RELOC,,4,7,17,,12.426979158914577,,,
WORKER_RELOC,,4,8,0,,14.762621650300463,,,
WORKER_RELOC,,4,8,1,,6.363590262267785,,,
WORKER_RELOC,,4,8,2,,6.755156798670078,,,
WORKER_RELOC,,4,8,3,,12.908166837558749,,,
WORKER_RELOC,,4,8,4,,6.557109186489203,,,
WORKER_RELOC,,4,8,5,,7.18253212290484,,,
WORKER_RELOC,,4,8,6,,7.453432479909241,,,
WORKER_RELOC,,4,8,7,,5.841720302312602,,,
WORKER_RELOC,,4,8,8,,0.0,,,
WORKER_RELOC,,4,8,9,,5.197262989105495,,,
WORKER_RELOC,,4,8,10,,12.161008913138108,,,
WORKER_RELOC,,4,8,11,,7.1945332838543585,,,
WORKER_RELOC,,4,8,12,,8.297561109792575,,,
WORKER_RELOC,,4,8,13,,13.346337631295556,,,
WORKER_RELOC,,4,8,14,,7.942144998496196,,,
WORKER_RELOC,,4,8,15,,14.609065529937839,,,
WORKER_RELOC,,4,8,16,,12.423125797925746,,,
WORKER_RELOC,,4,8,17,,10.678192577012368,,,
WORKER_RELOC,,4,9,0,,12.40268648664704,,,
WORKER_RELOC,,4,9,1,,10.764357778576638,,,
WORKER_RELOC,,4,9,2,,14.912736931762105,,,
WORKER_RELOC,,4,9,3,,6.849652339282365,,,
WORKER_RELOC,,4,9,4,,13.863641207333183,,,
WORKER_RELOC,,4,9,5,,11.837102175864256,,,
WORKER_RELOC,,4,9,6,,14.44510356511856,,,
WORKER_RELOC,,4,9,7,,4.33638845099293,,,
WORKER_RELOC,,4,9,8,,4.799422013298695,,,
WORKER_RELOC,,4,9,9,,0.0,,,
WORKER_RELOC,,4,9,10,,11.155206002215772,,,
WORKER_RELOC,,4,9,11,,13.07419993843234,,,
WORKER_RELOC,,4,9,12,,13.552435354828669,,,
WORKER_RELOC,,4,9,13,,7.441206871528255,,,
WORKER_RELOC,,4,9,14,,15.549296894121678,,,
WORKER_RELOC,,4,9,15,,12.650352843791811,,,
WORKER_RELOC,,4,9,16,,6.828946792192939,,,
WORKER_RELOC,,4,9,17,,10.17694631943446,,,
WORKER_RELOC,,4,10,0,,7.086759172220378,,,
WORKER_RELOC,,4,10,1,,8.366628814619517,,,
WORKER_RELOC,,4,10,2,,11.058109255078316,,,
WORKER_RELOC,,4,10,3,,7.1582351089687135,,,
WORKER_RELOC,,4,10,4,,7.069457251715409,,,
WORKER_RELOC,,4,10,5,,7.00962231052767,,,
WORKER_RELOC,,4,10,6,,7.329570311813071,,,
WORKER_RELOC,,4,10,7,,14.334631884935746,,,
WORKER_RELOC,,4,10,8,,10.61507973260655,,,
WORKER_RELOC,,4,10,9,,7.806739069956716,,,
WORKER_RELOC,,4,10,10,,0.0,,,
WORKER_RELOC,,4,10,11,,3.4145488482595314,,,
WORKER_RELOC,,4,10,12,,5.947475166654797,,,
WORKER_RELOC,,4,10,13,,7.656373814272776,,,
WORKER_RELOC,,4,10,14,,15.96577705864841,,,
WORKER_RELOC,,4,10,15,,6.350450153061339,,,
WORKER_RELOC,,4,10,16,,11.79004802384004,,,
WORKER_RELOC,,4,10,17,,9.957320429731261,,,
WORKER_RELOC,,4,11,0,,11.359442006018073,,,
WORKER_RELOC,,4,11,1,,9.23253726002572,,,
WORKER_RELOC,,4,11,2,,8.397017031658653,,,
WORKER_RELOC,,4,11,3,,8.04263236539985,,,
WORKER_RELOC,,4,11,4,,13.82416069333632,,,
WORKER_RELOC,,4,11,5,,14.316985833850719,,,
WORKER_RELOC,,4,11,6,,14.323524783891212,,,
WORKER_RELOC,,4,11,7,,13.231232171377659,,,
WORKER_RELOC,,4,11,8,,14.699615614514432,,,
WORKER_RELOC,,4,11,9,,8.086360087018669,,,
WORKER_RELOC,,4,11,10,,3.5715054379811364,,,
WORKER_RELOC,,4,11,11,,0.0,,,
WORKER_RELOC,,4,11,12,,5.513024671409856,,,
WORKER_RELOC,,4,11,13,,9.959929371742794,,,
WORKER_RELOC,,4,11,14,,10.32761558782524,,,
WORKER_RELOC,,4,11,15,,11.689567622170024,,,
WORKER_RELOC,,4,11,16,,9.92987166356662,,,
WORKER_RELOC,,4,11,17,,7.827034440990038,,,
WORKER_RELOC,,4,12,0,,8.884161692068451,,,
WORKER_RELOC,,4,12,1,,7.706908758628085,,,
WORKER_RELOC,,4,12,2,,6.044821966555334,,,
WORKER_RELOC,,4,12,3,,10.630988795648296,,,
WORKER_RELOC,,4,12,4,,10.539159366703988,,,
WORKER_RELOC,,4,12,5,,10.362151229604358,,,
WORKER_RELOC,,4,12,6,,15.007827886304261,,,
WORKER_RELOC,,4,12,7,,8.778319046212115,,,
WORKER_RELOC,,4,12,8,,15.5883639215618,,,
WORKER_RELOC,,4,12,9,,11.405095092624041,,,
WORKER_RELOC,,4,12,10,,3.4011238592995476,,,
WORKER_RELOC,,4,12,11,,3.753332951524965,,,
WORKER_RELOC,,4,12,12,,0.0,,,
WORKER_RELOC,,4,12,13,,13.663526970733606,,,
WORKER_RELOC,,4,12,14,,9.108413819518239,,,
WORKER_RELOC,,4,12,15,,9.827631187010377,,,
WORKER_RELOC,,4,12,16,,15.401062411755333,,,
WORKER_RELOC,,4,12,17,,12.551921030300806,,,
WORKER_RELOC,,4,13,0,,10.352688436355784,,,
WORKER_RELOC,,4,13,1,,14.108970882480556,,,
WORKER_RELOC,,4,13,2,,9.351627827330326,,,
WORKER_RELOC,,4,13,3,,9.61965982422807,,,
WORKER_RELOC,,4,13,4,,11.936392883200217,,,
WORKER_RELOC,,4,13,5,,9.443385614891582,,,
WORKER_RELOC,,4,13,6,,10.519735871594483,,,
WORKER_RELOC,,4,13,7,,6.0667020789726855,,,
WORKER_RELOC,,4,13,8,,8.109124264131518,,,
WORKER_RELOC,,4,13,9,,13.040753247812424,,,
WORKER_RELOC,,4,13,10,,9.602136284549296,,,
WORKER_RELOC,,4,13,11,,15.240573788095888,,,
WORKER_RELOC,,4,13,12,,15.557587975299613,,,
WORKER_RELOC,,4,13,13,,0.0,,,
WORKER_RELOC,,4,13,14,,5.4358940265892794,,,
WORKER_RELOC,,4,13,15,,12.900488179302203,,,
WORKER_RELOC,,4,13,16,,14.688646238246672,,,
WORKER_RELOC,,4,13,17,,14.656363153440449,,,
WORKER_RELOC,,4,14,0,,7.814116940908619,,,
WORKER_RELOC,,4,14,1,,6.9449895044532175,,,
WORKER_RELOC,,4,14,2,,12.68620885669679,,,
WORKER_RELOC,,4,14,3,,14.25552317905694,,,
WORKER_RELOC,,4,14,4,,10.054165728702005,,,
WORKER_RELOC,,4,14,5,,9.31442031636221,,,
WORKER_RELOC,,4,14,6,,11.049891777059305,,,
WORKER_RELOC,,4,14,7,,6.572367697553327,,,
WORKER_RELOC,,4,14,8,,10.930135236857776,,,
WORKER_RELOC,,4,14,9,,14.138587764577776,,,
WORKER_RELOC,,4,14,10,,9.63278216496857,,,
WORKER_RELOC,,4,14,11,,10.140169782759576,,,
WORKER_RELOC,,4,14,12,,14.314795834912765,,,
WORKER_RELOC,,4,14,13,,2.800852833685987,,,
WORKER_RELOC,,4,14,14,,0.0,,,
WORKER_RELOC,,4,14,15,,7.029897820434059,,,
WORKER_RELOC,,4,14,16,,7.562851451400874,,,
WORKER_RELOC,,4,14,17,,7.499970539765686,,,
WORKER_RELOC,,4,15,0,,13.100031095748044,,,
WORKER_RELOC,,4,15,1,,13.083077590047338,,,
WORKER_RELOC,,4,15,2,,14.684289990511125,,,
WORKER_RELOC,,4,15,3,,13.942739950961148,,,
WORKER_RELOC,,4,15,4,,6.806843095036055,,,
WORKER_RELOC,,4,15,5,,9.339733001869218,,,
WORKER_RELOC,,4,15,6,,6.5784358577721544,,,
WORKER_RELOC,,4,15,7,,12.2129845873599,,,
WORKER_RELOC,,4,15,8,,7.734124195183854,,,
WORKER_RELOC,,4,15,9,,15.01678532414773,,,
WORKER_RELOC,,4,15,10,,9.428013491587762,,,
WORKER_RELOC,,4,15,11,,11.137833272971989,,,
WORKER_RELOC,,4,15,12,,13.649954340768081,,,
WORKER_RELOC,,4,15,13,,14.317108538876068,,,
WORKER_RELOC,,4,15,14,,12.601794852428831,,,
WORKER_RELOC,,4,15,15,,0.0,,,
WORKER_RELOC,,4,15,16,,2.8484614471304996,,,
WORKER_RELOC,,4,15,17,,3.9230451501502563,,,
WORKER_RELOC,,4,16,0,,8.64675968078587,,,
WORKER_RELOC,,4,16,1,,11.06079837124858,,,
WORKER_RELOC,,4,16,2,,6.905275663075578,,,
WORKER_RELOC,,4,16,3,,13.142622785959972,,,
WORKER_RELOC,,4,16,4,,12.232657978810348,,,
WORKER_RELOC,,4,16,5,,12.368976274904846,,,
WORKER_RELOC,,4,16,6,,11.527770740266932,,,
WORKER_RELOC,,4,16,7,,15.245404146021404,,,
WORKER_RELOC,,4,16,8,,7.65769292786063,,,
WORKER_RELOC,,4,16,9,,7.361518518559084,,,
WORKER_RELOC,,4,16,10,,11.945048108037417,,,
WORKER_RELOC,,4,16,11,,13.20960749034399,,,
WORKER_RELOC,,4,16,12,,10.885565750592125,,,
WORKER_RELOC,,4,16,13,,10.40260442522877,,,
WORKER_RELOC,,4,16,14,,8.640793377020003,,,
WORKER_RELOC,,4,16,15,,4.856432813629011,,,
WORKER_RELOC,,4,16,16,,0.0,,,
WORKER_RELOC,,4,16,17,,4.919547187077121,,,
WORKER_RELOC,,4,17,0,,13.65769183928038,,,
WORKER_RELOC,,4,17,1,,6.754703042012267,,,
WORKER_RELOC,,4,17,2,,8.874045881709858,,,
WORKER_RELOC,,4,17,3,,12.875095162212876,,,
WORKER_RELOC,,4,17,4,,15.490516923288512,,,
WORKER_RELOC,,4,17,5,,9.763036334023973,,,
WORKER_RELOC,,4,17,6,,7.818170906683731,,,
WORKER_RELOC,,4,17,7,,13.823360868686066,,,
WORKER_RELOC,,4,17,8,,13.014100604602152,,,
WORKER_RELOC,,4,17,9,,8.731204071191687,,,
WORKER_RELOC,,4,17,10,,8.531474630089367,,,
WORKER_RELOC,,4,17,11,,15.3560700526513,,,
WORKER_RELOC,,4,17,12,,13.13706299782717,,,
WORKER_RELOC,,4,17,13,,14.758807189946012,,,
WORKER_RELOC,,4,17,14,,11.946358854112521,,,
WORKER_RELOC,,4,17,15,,5.067232788171281,,,
WORKER_RELOC,,4,17,16,,2.3770956492243496,,,
WORKER_RELOC,,4,17,17,,0.0,,,
WORKER_RELOC,,5,0,0,,0.0,,,
WORKER_RELOC,,5,0,1,,2.461216487446472,,,
WORKER_RELOC,,5,0,2,,12.40313500405771,,,
WORKER_RELOC,,5,0,3,,6.122427637068959,,,
WORKER_RELOC,,5,0,4,,14.057729251856237,,,
WORKER_RELOC,,5,0,5,,15.341937940049231,,,
WORKER_RELOC,,5,0,6,,9.025623245234526,,,
WORKER_RELOC,,5,0,7,,12.493394302102484,,,
WORKER_RELOC,,5,0,8,,15.68179129001276,,,
WORKER_RELOC,,5,0,9,,12.048660628317421,,,
WORKER_RELOC,,5,0,10,,15.244031057566875,,,
WORKER_RELOC,,5,0,11,,14.068738122512189,,,
WORKER_RELOC,,5,0,12,,15.806862883831513,,,
WORKER_RELOC,,5,0,13,,6.588922814034993,,,
WORKER_RELOC,,5,0,14,,12.045560958235223,,,
WORKER_RELOC,,5,0,15,,10.864773353098457,,,
WORKER_RELOC,,5,0,16,,9.19620684666395,,,
WORKER_RELOC,,5,0,17,,8.065540354699973,,,
WORKER_RELOC,,5,1,0,,3.204607279486912,,,
WORKER_RELOC,,5,1,1,,0.0,,,
WORKER_RELOC,,5,1,2,,10.803082715040441,,,
WORKER_RELOC,,5,1,3,,7.354334352613592,,,
WORKER_RELOC,,5,1,4,,8.014558070231715,,,
WORKER_RELOC,,5,1,5,,9.481153105642601,,,
WORKER_RELOC,,5,1,6,,11.312427597202403,,,
WORKER_RELOC,,5,1,7,,15.632650528561737,,,
WORKER_RELOC,,5,1,8,,11.983012614395864,,,
WORKER_RELOC,,5,1,9,,12.122777576325145,,,
WORKER_RELOC,,5,1,10,,12.058141776103358,,,
WORKER_RELOC,,5,1,11,,15.761580994669707,,,
WORKER_RELOC,,5,1,12,,10.561101547304084,,,
WORKER_RELOC,,5,1,13,,12.4654130120797,,,
WORKER_RELOC,,5,1,14,,7.554547547872591,,,
WORKER_RELOC,,5,1,15,,7.69557036180474,,,
WORKER_RELOC,,5,1,16,,10.871597153229814,,,
WORKER_RELOC,,5,1,17,,8.666750181673436,,,
WORKER_RELOC,,5,2,0,,7.521616742691681,,,
WORKER_RELOC,,5,2,1,,12.976190565554969,,,
WORKER_RELOC,,5,2,2,,0.0,,,
WORKER_RELOC,,5,2,3,,15.739893743366364,,,
WORKER_RELOC,,5,2,4,,8.665398895606625,,,
WORKER_RELOC,,5,2,5,,9.234883669344171,,,
WORKER_RELOC,,5,2,6,,8.467226644530752,,,
WORKER_RELOC,,5,2,7,,9.561753774877085,,,
WORKER_RELOC,,5,2,8,,9.049795162450081,,,
WORKER_RELOC,,5,2,9,,14.960585200935757,,,
WORKER_RELOC,,5,2,10,,15.994221487151938,,,
WORKER_RELOC,,5,2,11,,15.454614883664084,,,
WORKER_RELOC,,5,2,12,,13.257092434744862,,,
WORKER_RELOC,,5,2,13,,9.50621625676989,,,
WORKER_RELOC,,5,2,14,,12.133784358779838,,,
WORKER_RELOC,,5,2,15,,15.588954034297917,,,
WORKER_RELOC,,5,2,16,,12.243953063651968,,,
WORKER_RELOC,,5,2,17,,12.586423013888732,,,
WORKER_RELOC,,5,3,0,,9.558956980661797,,,
WORKER_RELOC,,5,3,1,,9.979414111507772,,,
WORKER_RELOC,,5,3,2,,9.876299141061367,,,
WORKER_RELOC,,5,3,3,,0.0,,,
WORKER_RELOC,,5,3,4,,5.0682736620832785,,,
WORKER_RELOC,,5,3,5,,5.978749723050468,,,
WORKER_RELOC,,5,3,6,,6.89342786558551,,,
WORKER_RELOC,,5,3,7,,15.068638337972002,,,
WORKER_RELOC,,5,3,8,,9.695929321572685,,,
WORKER_RELOC,,5,3,9,,12.20823050420819,,,
WORKER_RELOC,,5,3,10,,9.363611207262084,,,
WORKER_RELOC,,5,3,11,,8.136981231345736,,,
WORKER_RELOC,,5,3,12,,8.581298770631488,,,
WORKER_RELOC,,5,3,13,,11.250220631668345,,,
WORKER_RELOC,,5,3,14,,10.239868123492009,,,
WORKER_RELOC,,5,3,15,,8.297941756135053,,,
WORKER_RELOC,,5,3,16,,7.659286299067214,,,
WORKER_RELOC,,5,3,17,,6.433673301481312,,,
WORKER_RELOC,,5,4,0,,10.509539816308493,,,
WORKER_RELOC,,5,4,1,,13.38260601422955,,,
WORKER_RELOC,,5,4,2,,14.394749301040331,,,
WORKER_RELOC,,5,4,3,,2.7243297960906565,,,
WORKER_RELOC,,5,4,4,,0.0,,,
WORKER_RELOC,,5,4,5,,3.475056663805145,,,
WORKER_RELOC,,5,4,6,,7.305254062151015,,,
WORKER_RELOC,,5,4,7,,12.811681549278099,,,
WORKER_RELOC,,5,4,8,,6.328813963964318,,,
WORKER_RELOC,,5,4,9,,10.335480490391767,,,
WORKER_RELOC,,5,4,10,,9.784901344574036,,,
WORKER_RELOC,,5,4,11,,7.602880526870879,,,
WORKER_RELOC,,5,4,12,,12.288768547000192,,,
WORKER_RELOC,,5,4,13,,11.810146904597264,,,
WORKER_RELOC,,5,4,14,,10.178720692860136,,,
WORKER_RELOC,,5,4,15,,11.02435439144747,,,
WORKER_RELOC,,5,4,16,,14.87611191479109,,,
WORKER_RELOC,,5,4,17,,12.477318929511402,,,
WORKER_RELOC,,5,5,0,,6.406114208913527,,,
WORKER_RELOC,,5,5,1,,8.21541800686527,,,
WORKER_RELOC,,5,5,2,,8.938963902675908,,,
WORKER_RELOC,,5,5,3,,2.7842755401476666,,,
WORKER_RELOC,,5,5,4,,5.850098738100662,,,
WORKER_RELOC,,5,5,5,,0.0,,,
WORKER_RELOC,,5,5,6,,10.692041331203944,,,
WORKER_RELOC,,5,5,7,,10.826358374940748,,,
WORKER_RELOC,,5,5,8,,10.194855608398314,,,
WORKER_RELOC,,5,5,9,,8.70153301317386,,,
WORKER_RELOC,,5,5,10,,10.718752854815165,,,
WORKER_RELOC,,5,5,11,,11.536800904815838,,,
WORKER_RELOC,,5,5,12,,6.057667921028617,,,
WORKER_RELOC,,5,5,13,,13.742781881440965,,,
WORKER_RELOC,,5,5,14,,15.260879399398691,,,
WORKER_RELOC,,5,5,15,,13.129684505334218,,,
WORKER_RELOC,,5,5,16,,9.051073343074039,,,
WORKER_RELOC,,5,5,17,,7.187429825621498,,,
WORKER_RELOC,,5,6,0,,6.055916287191545,,,
WORKER_RELOC,,5,6,1,,12.630352519744147,,,
WORKER_RELOC,,5,6,2,,7.953701353191581,,,
WORKER_RELOC,,5,6,3,,7.073320994286703,,,
WORKER_RELOC,,5,6,4,,13.391483473098921,,,
WORKER_RELOC,,5,6,5,,14.305122312018879,,,
WORKER_RELOC,,5,6,6,,0.0,,,
WORKER_RELOC,,5,6,7,,6.355923834450166,,,
WORKER_RELOC,,5,6,8,,10.012187818269847,,,
WORKER_RELOC,,5,6,9,,15.235002867487788,,,
WORKER_RELOC,,5,6,10,,15.654035829442233,,,
WORKER_RELOC,,5,6,11,,14.255022160986913,,,
WORKER_RELOC,,5,6,12,,7.478102164461847,,,
WORKER_RELOC,,5,6,13,,12.32927992445989,,,
WORKER_RELOC,,5,6,14,,9.830848500652415,,,
WORKER_RELOC,,5,6,15,,14.165657603852061,,,
WORKER_RELOC,,5,6,16,,12.223858231500559,,,
WORKER_RELOC,,5,6,17,,15.721779180840118,,,
WORKER_RELOC,,5,7,0,,15.982804905769733,,,
WORKER_RELOC,,5,7,1,,8.586158045137804,,,
WORKER_RELOC,,5,7,2,,10.563027840592131,,,
WORKER_RELOC,,5,7,3,,10.973995887695779,,,
WORKER_RELOC,,5,7,4,,14.450124800688188,,,
WORKER_RELOC,,5,7,5,,7.012097881611169,,,
WORKER_RELOC,,5,7,6,,7.113516132591675,,,
WORKER_RELOC,,5,7,7,,0.0,,,
WORKER_RELOC,,5,7,8,,5.777347220073254,,,
WORKER_RELOC,,5,7,9,,5.242100789327435,,,
WORKER_RELOC,,5,7,10,,10.726492163159698,,,
WORKER_RELOC,,5,7,11,,6.007350070697289,,,
WORKER_RELOC,,5,7,12,,9.083311227957822,,,
WORKER_RELOC,,5,7,13,,9.788224315074011,,,
WORKER_RELOC,,5,7,14,,10.98006185422782,,,
WORKER_RELOC,,5,7,15,,7.8075595825034005,,,
WORKER_RELOC,,5,7,16,,10.892126046938753,,,
WORKER_RELOC,,5,7,17,,8.36943588348788,,,
WORKER_RELOC,,5,8,0,,6.060369482171232,,,
WORKER_RELOC,,5,8,1,,6.943898510581582,,,
WORKER_RELOC,,5,8,2,,12.504350512668346,,,
WORKER_RELOC,,5,8,3,,6.796878923430252,,,
WORKER_RELOC,,5,8,4,,9.884988556840536,,,
WORKER_RELOC,,5,8,5,,6.651143320329285,,,
WORKER_RELOC,,5,8,6,,10.24561350443605,,,
WORKER_RELOC,,5,8,7,,3.5609366086667906,,,
WORKER_RELOC,,5,8,8,,0.0,,,
WORKER_RELOC,,5,8,9,,3.5873046451519843,,,
WORKER_RELOC,,5,8,10,,14.503859129709882,,,
WORKER_RELOC,,5,8,11,,14.304120590725633,,,
WORKER_RELOC,,5,8,12,,15.12763192763748,,,
WORKER_RELOC,,5,8,13,,9.24531556411149,,,
WORKER_RELOC,,5,8,14,,10.204628906702418,,,
WORKER_RELOC,,5,8,15,,8.429914456072233,,,
WORKER_RELOC,,5,8,16,,14.044503184560163,,,
WORKER_RELOC,,5,8,17,,7.785710798355087,,,
WORKER_RELOC,,5,9,0,,12.157495610962744,,,
WORKER_RELOC,,5,9,1,,9.527552999234775,,,
WORKER_RELOC,,5,9,2,,9.174558875911995,,,
WORKER_RELOC,,5,9,3,,14.4002621933904,,,
WORKER_RELOC,,5,9,4,,7.369511364241626,,,
WORKER_RELOC,,5,9,5,,10.426177116511557,,,
WORKER_RELOC,,5,9,6,,10.244948819878564,,,
WORKER_RELOC,,5,9,7,,2.747723462325819,,,
WORKER_RELOC,,5,9,8,,2.4957459787328267,,,
WORKER_RELOC,,5,9,9,,0.0,,,
WORKER_RELOC,,5,9,10,,6.137075439835651,,,
WORKER_RELOC,,5,9,11,,9.020434333367419,,,
WORKER_RELOC,,5,9,12,,10.044716401219215,,,
WORKER_RELOC,,5,9,13,,9.856377140140474,,,
WORKER_RELOC,,5,9,14,,13.107015467676161,,,
WORKER_RELOC,,5,9,15,,6.717364069470254,,,
WORKER_RELOC,,5,9,16,,9.089806979567202,,,
WORKER_RELOC,,5,9,17,,13.29256281968902,,,
WORKER_RELOC,,5,10,0,,7.986886048262674,,,
WORKER_RELOC,,5,10,1,,13.902098086765811,,,
WORKER_RELOC,,5,10,2,,7.147020099700381,,,
WORKER_RELOC,,5,10,3,,8.936672134313048,,,
WORKER_RELOC,,5,10,4,,9.67282844657795,,,
WORKER_RELOC,,5,10,5,,11.277477523988058,,,
WORKER_RELOC,,5,10,6,,15.405528943155847,,,
WORKER_RELOC,,5,10,7,,12.908612494518534,,,
WORKER_RELOC,,5,10,8,,7.151873935585859,,,
WORKER_RELOC,,5,10,9,,8.072750898349264,,,
WORKER_RELOC,,5,10,10,,0.0,,,
WORKER_RELOC,,5,10,11,,5.054102585200139,,,
WORKER_RELOC,,5,10,12,,2.258634446502947,,,
WORKER_RELOC,,5,10,13,,8.663241513112354,,,
WORKER_RELOC,,5,10,14,,9.1710869161383,,,
WORKER_RELOC,,5,10,15,,10.409185232380803,,,
WORKER_RELOC,,5,10,16,,10.110941324093762,,,
WORKER_RELOC,,5,10,17,,6.264240751706653,,,
WORKER_RELOC,,5,11,0,,12.343009031365156,,,
WORKER_RELOC,,5,11,1,,13.979878320468897,,,
WORKER_RELOC,,5,11,2,,11.35264653407969,,,
WORKER_RELOC,,5,11,3,,10.673782440702965,,,
WORKER_RELOC,,5,11,4,,14.455888205559402,,,
WORKER_RELOC,,5,11,5,,11.409427951659708,,,
WORKER_RELOC,,5,11,6,,7.381353943038944,,,
WORKER_RELOC,,5,11,7,,7.310800366230986,,,
WORKER_RELOC,,5,11,8,,15.592639952876956,,,
WORKER_RELOC,,5,11,9,,11.503219260043801,,,
WORKER_RELOC,,5,11,10,,3.809700017927563,,,
WORKER_RELOC,,5,11,11,,0.0,,,
WORKER_RELOC,,5,11,12,,4.1178393648217595,,,
WORKER_RELOC,,5,11,13,,14.235833913130126,,,
WORKER_RELOC,,5,11,14,,7.481757096200663,,,
WORKER_RELOC,,5,11,15,,12.532801553340377,,,
WORKER_RELOC,,5,11,16,,12.64093479196125,,,
WORKER_RELOC,,5,11,17,,7.896021307655546,,,
WORKER_RELOC,,5,12,0,,8.189603706108478,,,
WORKER_RELOC,,5,12,1,,13.674757820517565,,,
WORKER_RELOC,,5,12,2,,7.024430391019938,,,
WORKER_RELOC,,5,12,3,,8.02770352696307,,,
WORKER_RELOC,,5,12,4,,7.268730994679432,,,
WORKER_RELOC,,5,12,5,,7.241715274618068,,,
WORKER_RELOC,,5,12,6,,8.874582827146032,,,
WORKER_RELOC,,5,12,7,,9.108514821761451,,,
WORKER_RELOC,,5,12,8,,14.007789739532472,,,
WORKER_RELOC,,5,12,9,,10.182255575748368,,,
WORKER_RELOC,,5,12,10,,3.779307099538836,,,
WORKER_RELOC,,5,12,11,,3.5273596609619866,,,
WORKER_RELOC,,5,12,12,,0.0,,,
WORKER_RELOC,,5,12,13,,8.957168263393616,,,
WORKER_RELOC,,5,12,14,,6.897014409173816,,,
WORKER_RELOC,,5,12,15,,9.02349046512278,,,
WORKER_RELOC,,5,12,16,,6.399703160821579,,,
WORKER_RELOC,,5,12,17,,10.138341792087559,,,
WORKER_RELOC,,5,13,0,,8.58752744569862,,,
WORKER_RELOC,,5,13,1,,6.052382813460393,,,
WORKER_RELOC,,5,13,2,,9.489507930911783,,,
WORKER_RELOC,,5,13,3,,9.799446915327094,,,
WORKER_RELOC,,5,13,4,,6.631263502825863,,,
WORKER_RELOC,,5,13,5,,9.733974946971887,,,
WORKER_RELOC,,5,13,6,,9.57169472099546,,,
WORKER_RELOC,,5,13,7,,12.645658307246043,,,
WORKER_RELOC,,5,13,8,,15.299170058636788,,,
WORKER_RELOC,,5,13,9,,11.201993556751702,,,
WORKER_RELOC,,5,13,10,,12.652183947568336,,,
WORKER_RELOC,,5,13,11,,10.221748144959188,,,
WORKER_RELOC,,5,13,12,,15.410786284328992,,,
WORKER_RELOC,,5,13,13,,0.0,,,
WORKER_RELOC,,5,13,14,,3.101487034292498,,,
WORKER_RELOC,,5,13,15,,8.132287492949107,,,
WORKER_RELOC,,5,13,16,,10.344716835153907,,,
WORKER_RELOC,,5,13,17,,12.934080392268045,,,
WORKER_RELOC,,5,14,0,,8.181975580154607,,,
WORKER_RELOC,,5,14,1,,13.325035581160083,,,
WORKER_RELOC,,5,14,2,,15.202504715465377,,,
WORKER_RELOC,,5,14,3,,15.978838071430516,,,
WORKER_RELOC,,5,14,4,,8.345427254205568,,,
WORKER_RELOC,,5,14,5,,15.84997103484719,,,
WORKER_RELOC,,5,14,6,,6.569601311713929,,,
WORKER_RELOC,,5,14,7,,8.969817771248085,,,
WORKER_RELOC,,5,14,8,,8.364601576376668,,,
WORKER_RELOC,,5,14,9,,6.981883224353672,,,
WORKER_RELOC,,5,14,10,,9.567688563338658,,,
WORKER_RELOC,,5,14,11,,15.100936242037674,,,
WORKER_RELOC,,5,14,12,,6.402533782341119,,,
WORKER_RELOC,,5,14,13,,2.825244832977553,,,
WORKER_RELOC,,5,14,14,,0.0,,,
WORKER_RELOC,,5,14,15,,7.251155436934264,,,
WORKER_RELOC,,5,14,16,,6.0285435180931195,,,
WORKER_RELOC,,5,14,17,,14.511695382125517,,,
WORKER_RELOC,,5,15,0,,7.3459155285098925,,,
WORKER_RELOC,,5,15,1,,7.810996920392204,,,
WORKER_RELOC,,5,15,2,,15.212888737728985,,,
WORKER_RELOC,,5,15,3,,15.640231009991014,,,
WORKER_RELOC,,5,15,4,,14.969728773758641,,,
WORKER_RELOC,,5,15,5,,11.278647666114754,,,
WORKER_RELOC,,5,15,6,,13.631638717365654,,,
WORKER_RELOC,,5,15,7,,6.427881769879159,,,
WORKER_RELOC,,5,15,8,,12.875862767139834,,,
WORKER_RELOC,,5,15,9,,8.27148376294902,,,
WORKER_RELOC,,5,15,10,,9.164576292436264,,,
WORKER_RELOC,,5,15,11,,6.995801926061709,,,
WORKER_RELOC,,5,15,12,,14.41749429826548,,,
WORKER_RELOC,,5,15,13,,9.43220714798036,,,
WORKER_RELOC,,5,15,14,,9.9752990220185,,,
WORKER_RELOC,,5,15,15,,0.0,,,
WORKER_RELOC,,5,15,16,,2.765094185369096,,,
WORKER_RELOC,,5,15,17,,4.467336323856276,,,
WORKER_RELOC,,5,16,0,,10.456274818296986,,,
WORKER_RELOC,,5,16,1,,6.342431443045231,,,
WORKER_RELOC,,5,16,2,,13.970769370416381,,,
WORKER_RELOC,,5,16,3,,10.192212791557607,,,
WORKER_RELOC,,5,16,4,,7.949436402932245,,,
WORKER_RELOC,,5,16,5,,12.311904146303531,,,
WORKER_RELOC,,5,16,6,,8.324729556238832,,,
WORKER_RELOC,,5,16,7,,6.718287914770032,,,
WORKER_RELOC,,5,16,8,,12.35785040078044,,,
WORKER_RELOC,,5,16,9,,11.57227704276081,,,
WORKER_RELOC,,5,16,10,,7.417302213561697,,,
WORKER_RELOC,,5,16,11,,7.283332246758829,,,
WORKER_RELOC,,5,16,12,,9.300436693923913,,,
WORKER_RELOC,,5,16,13,,8.189430523934274,,,
WORKER_RELOC,,5,16,14,,7.9503874727297,,,
WORKER_RELOC,,5,16,15,,3.0076010371019395,,,
WORKER_RELOC,,5,16,16,,0.0,,,
WORKER_RELOC,,5,16,17,,3.046208800143829,,,
WORKER_RELOC,,5,17,0,,14.268749447316603,,,
WORKER_RELOC,,5,17,1,,13.065338246453807,,,
WORKER_RELOC,,5,17,2,,13.40566713832576,,,
WORKER_RELOC,,5,17,3,,6.772949359926981,,,
WORKER_RELOC,,5,17,4,,13.120473291361087,,,
WORKER_RELOC,,5,17,5,,10.46752236235028,,,
WORKER_RELOC,,5,17,6,,15.839214961453367,,,
WORKER_RELOC,,5,17,7,,14.258258855811903,,,
WORKER_RELOC,,5,17,8,,12.926934813317677,,,
WORKER_RELOC,,5,17,9,,11.19402214282166,,,
WORKER_RELOC,,5,17,10,,8.767289397675935,,,
WORKER_RELOC,,5,17,11,,8.865347803342004,,,
WORKER_RELOC,,5,17,12,,12.41061827515307,,,
WORKER_RELOC,,5,17,13,,10.197562208286424,,,
WORKER_RELOC,,5,17,14,,13.512579473794514,,,
WORKER_RELOC,,5,17,15,,5.192595735582131,,,
WORKER_RELOC,,5,17,16,,3.000647713526198,,,
WORKER_RELOC,,5,17,17,,0.0,,,
WORKER_RELOC,,6,0,0,,0.0,,,
WORKER_RELOC,,6,0,1,,3.0897192720198654,,,
WORKER_RELOC,,6,0,2,,10.043501383885392,,,
WORKER_RELOC,,6,0,3,,15.24949428581625,,,
WORKER_RELOC,,6,0,4,,13.526856092862243,,,
WORKER_RELOC,,6,0,5,,11.630978809087644,,,
WORKER_RELOC,,6,0,6,,12.457834776019146,,,
WORKER_RELOC,,6,0,7,,12.59366135336418,,,
WORKER_RELOC,,6,0,8,,9.318546067940684,,,
WORKER_RELOC,,6,0,9,,8.415252360356762,,,
WORKER_RELOC,,6,0,10,,7.866487272719307,,,
WORKER_RELOC,,6,0,11,,6.6914361975618535,,,
WORKER_RELOC,,6,0,12,,14.19598222714394,,,
WORKER_RELOC,,6,0,13,,13.535443990490108,,,
WORKER_RELOC,,6,0,14,,11.770766783557733,,,
WORKER_RELOC,,6,0,15,,15.862570486201422,,,
WORKER_RELOC,,6,0,16,,8.829316175030632,,,
WORKER_RELOC,,6,0,17,,6.316086846502298,,,
WORKER_RELOC,,6,1,0,,2.836254759237716,,,
WORKER_RELOC,,6,1,1,,0.0,,,
WORKER_RELOC,,6,1,2,,7.885408826062138,,,
WORKER_RELOC,,6,1,3,,12.429659563944798,,,
WORKER_RELOC,,6,1,4,,6.767831672568208,,,
WORKER_RELOC,,6,1,5,,6.071433005236172,,,
WORKER_RELOC,,6,1,6,,9.645973644344592,,,
WORKER_RELOC,,6,1,7,,13.628860959144328,,,
WORKER_RELOC,,6,1,8,,11.03203425397021,,,
WORKER_RELOC,,6,1,9,,10.339578910801038,,,
WORKER_RELOC,,6,1,10,,9.04893032754184,,,
WORKER_RELOC,,6,1,11,,15.090667783463518,,,
WORKER_RELOC,,6,1,12,,12.038595435425758,,,
WORKER_RELOC,,6,1,13,,15.85603340096516,,,
WORKER_RELOC,,6,1,14,,10.30032328969322,,,
WORKER_RELOC,,6,1,15,,6.9741439854389835,,,
WORKER_RELOC,,6,1,16,,15.873922315288567,,,
WORKER_RELOC,,6,1,17,,7.732600474328012,,,
WORKER_RELOC,,6,2,0,,14.36073913317435,,,
WORKER_RELOC,,6,2,1,,14.690462662923018,,,
WORKER_RELOC,,6,2,2,,0.0,,,
WORKER_RELOC,,6,2,3,,15.010275423928476,,,
WORKER_RELOC,,6,2,4,,15.688488380089236,,,
WORKER_RELOC,,6,2,5,,10.12033033757242,,,
WORKER_RELOC,,6,2,6,,7.4521154341077835,,,
WORKER_RELOC,,6,2,7,,6.562659047471948,,,
WORKER_RELOC,,6,2,8,,15.154847876854294,,,
WORKER_RELOC,,6,2,9,,13.396600739208708,,,
WORKER_RELOC,,6,2,10,,6.3471105403616335,,,
WORKER_RELOC,,6,2,11,,12.6733120918529,,,
WORKER_RELOC,,6,2,12,,9.686861931506115,,,
WORKER_RELOC,,6,2,13,,8.054514671580137,,,
WORKER_RELOC,,6,2,14,,15.311156664456359,,,
WORKER_RELOC,,6,2,15,,8.752690744428765,,,
WORKER_RELOC,,6,2,16,,11.215993579944927,,,
WORKER_RELOC,,6,2,17,,15.234120097141334,,,
WORKER_RELOC,,6,3,0,,9.969757858848991,,,
WORKER_RELOC,,6,3,1,,10.313026897395119,,,
WORKER_RELOC,,6,3,2,,7.468562379698318,,,
WORKER_RELOC,,6,3,3,,0.0,,,
WORKER_RELOC,,6,3,4,,4.4529530005933475,,,
WORKER_RELOC,,6,3,5,,4.515237027954102,,,
WORKER_RELOC,,6,3,6,,11.780819079608964,,,
WORKER_RELOC,,6,3,7,,8.214065518652525,,,
WORKER_RELOC,,6,3,8,,12.611747217963899,,,
WORKER_RELOC,,6,3,9,,11.358074461025573,,,
WORKER_RELOC,,6,3,10,,9.481698822304296,,,
WORKER_RELOC,,6,3,11,,12.187231924174995,,,
WORKER_RELOC,,6,3,12,,10.08247057644228,,,
WORKER_RELOC,,6,3,13,,10.985230015445861,,,
WORKER_RELOC,,6,3,14,,7.883975691781762,,,
WORKER_RELOC,,6,3,15,,13.486617958333007,,,
WORKER_RELOC,,6,3,16,,13.913792723184136,,,
WORKER_RELOC,,6,3,17,,11.39236477101669,,,
WORKER_RELOC,,6,4,0,,9.199585621095975,,,
WORKER_RELOC,,6,4,1,,9.203319616802307,,,
WORKER_RELOC,,6,4,2,,11.88686001961185,,,
WORKER_RELOC,,6,4,3,,2.69577025695478,,,
WORKER_RELOC,,6,4,4,,0.0,,,
WORKER_RELOC,,6,4,5,,5.622283885792612,,,
WORKER_RELOC,,6,4,6,,11.659931190714527,,,
WORKER_RELOC,,6,4,7,,8.948709037284196,,,
WORKER_RELOC,,6,4,8,,10.548550853068178,,,
WORKER_RELOC,,6,4,9,,14.918533301706548,,,
WORKER_RELOC,,6,4,10,,6.98741632624506,,,
WORKER_RELOC,,6,4,11,,11.774470473461683,,,
WORKER_RELOC,,6,4,12,,12.6117913816631,,,
WORKER_RELOC,,6,4,13,,13.289216504909493,,,
WORKER_RELOC,,6,4,14,,6.859372970799801,,,
WORKER_RELOC,,6,4,15,,6.052889712798856,,,
WORKER_RELOC,,6,4,16,,15.847253062446104,,,
WORKER_RELOC,,6,4,17,,8.987630658457839,,,
WORKER_RELOC,,6,5,0,,6.607793368903148,,,
WORKER_RELOC,,6,5,1,,8.772253976976717,,,
WORKER_RELOC,,6,5,2,,12.160050672217618,,,
WORKER_RELOC,,6,5,3,,5.420696940127285,,,
WORKER_RELOC,,6,5,4,,2.2707128273889863,,,
WORKER_RELOC,,6,5,5,,0.0,,,
WORKER_RELOC,,6,5,6,,14.497620072726486,,,
WORKER_RELOC,,6,5,7,,15.978869332475837,,,
WORKER_RELOC,,6,5,8,,11.800411823704163,,,
WORKER_RELOC,,6,5,9,,13.6740397056206,,,
WORKER_RELOC,,6,5,10,,10.537093657159833,,,
WORKER_RELOC,,6,5,11,,7.526283324942767,,,
WORKER_RELOC,,6,5,12,,14.69916464522386,,,
WORKER_RELOC,,6,5,13,,8.06103863044141,,,
WORKER_RELOC,,6,5,14,,11.327096358569298,,,
WORKER_RELOC,,6,5,15,,11.925265678487277,,,
WORKER_RELOC,,6,5,16,,9.718742521877434,,,
WORKER_RELOC,,6,5,17,,15.054517201945952,,,
WORKER_RELOC,,6,6,0,,6.299977508463267,,,
WORKER_RELOC,,6,6,1,,6.723657090763878,,,
WORKER_RELOC,,6,6,2,,12.402445405508992,,,
WORKER_RELOC,,6,6,3,,13.442056191375741,,,
WORKER_RELOC,,6,6,4,,8.529397807723782,,,
WORKER_RELOC,,6,6,5,,15.914485118137105,,,
WORKER_RELOC,,6,6,6,,0.0,,,
WORKER_RELOC,,6,6,7,,7.395787830729106,,,
WORKER_RELOC,,6,6,8,,7.694764310350871,,,
WORKER_RELOC,,6,6,9,,11.615853956342079,,,
WORKER_RELOC,,6,6,10,,12.485862474962065,,,
WORKER_RELOC,,6,6,11,,6.538405124585136,,,
WORKER_RELOC,,6,6,12,,12.999724217218043,,,
WORKER_RELOC,,6,6,13,,13.446310257132517,,,
WORKER_RELOC,,6,6,14,,6.370959700681332,,,
WORKER_RELOC,,6,6,15,,14.908717290748605,,,
WORKER_RELOC,,6,6,16,,13.024406583466554,,,
WORKER_RELOC,,6,6,17,,9.66738075992394,,,
WORKER_RELOC,,6,7,0,,12.098160785098058,,,
WORKER_RELOC,,6,7,1,,11.630983793855737,,,
WORKER_RELOC,,6,7,2,,9.497875122121581,,,
WORKER_RELOC,,6,7,3,,14.364063359938642,,,
WORKER_RELOC,,6,7,4,,14.934794901358886,,,
WORKER_RELOC,,6,7,5,,9.806080312078143,,,
WORKER_RELOC,,6,7,6,,6.083021367059814,,,
WORKER_RELOC,,6,7,7,,0.0,,,
WORKER_RELOC,,6,7,8,,2.5256279161280246,,,
WORKER_RELOC,,6,7,9,,3.3703138149593683,,,
WORKER_RELOC,,6,7,10,,14.709437192052594,,,
WORKER_RELOC,,6,7,11,,9.910962705676848,,,
WORKER_RELOC,,6,7,12,,9.532454902669222,,,
WORKER_RELOC,,6,7,13,,15.556676137194728,,,
WORKER_RELOC,,6,7,14,,15.340849187050097,,,
WORKER_RELOC,,6,7,15,,15.166068366087696,,,
WORKER_RELOC,,6,7,16,,8.085136413532751,,,
WORKER_RELOC,,6,7,17,,11.416551473847647,,,
WORKER_RELOC,,6,8,0,,11.585466710021356,,,
WORKER_RELOC,,6,8,1,,13.511636771185982,,,
WORKER_RELOC,,6,8,2,,6.764268396765403,,,
WORKER_RELOC,,6,8,3,,11.776053846508837,,,
WORKER_RELOC,,6,8,4,,15.510410873356035,,,
WORKER_RELOC,,6,8,5,,6.994433327436422,,,
WORKER_RELOC,,6,8,6,,6.816356793017409,,,
WORKER_RELOC,,6,8,7,,4.748715072587622,,,
WORKER_RELOC,,6,8,8,,0.0,,,
WORKER_RELOC,,6,8,9,,2.579142763613928,,,
WORKER_RELOC,,6,8,10,,11.206272159707067,,,
WORKER_RELOC,,6,8,11,,8.502955334308258,,,
WORKER_RELOC,,6,8,12,,9.876373835115238,,,
WORKER_RELOC,,6,8,13,,9.27641659976072,,,
WORKER_RELOC,,6,8,14,,13.147831009593467,,,
WORKER_RELOC,,6,8,15,,6.519600594607372,,,
WORKER_RELOC,,6,8,16,,13.091784377803858,,,
WORKER_RELOC,,6,8,17,,6.462195180334792,,,
WORKER_RELOC,,6,9,0,,10.829993574059099,,,
WORKER_RELOC,,6,9,1,,9.055541588947245,,,
WORKER_RELOC,,6,9,2,,7.532880443570974,,,
WORKER_RELOC,,6,9,3,,12.301307226547763,,,
WORKER_RELOC,,6,9,4,,6.329729593415364,,,
WORKER_RELOC,,6,9,5,,7.838071825247525,,,
WORKER_RELOC,,6,9,6,,13.793500235595012,,,
WORKER_RELOC,,6,9,7,,5.790050034552377,,,
WORKER_RELOC,,6,9,8,,5.659215494798064,,,
WORKER_RELOC,,6,9,9,,0.0,,,
WORKER_RELOC,,6,9,10,,13.028675196559329,,,
WORKER_RELOC,,6,9,11,,13.578013624648651,,,
WORKER_RELOC,,6,9,12,,12.541946429647902,,,
WORKER_RELOC,,6,9,13,,12.158699874619082,,,
WORKER_RELOC,,6,9,14,,8.158511509692053,,,
WORKER_RELOC,,6,9,15,,9.041934528698702,,,
WORKER_RELOC,,6,9,16,,7.474937432285807,,,
WORKER_RELOC,,6,9,17,,6.798038682640274,,,
WORKER_RELOC,,6,10,0,,13.955217465359764,,,
WORKER_RELOC,,6,10,1,,9.679683653885975,,,
WORKER_RELOC,,6,10,2,,9.667360025986017,,,
WORKER_RELOC,,6,10,3,,15.210607208705358,,,
WORKER_RELOC,,6,10,4,,15.499001961890393,,,
WORKER_RELOC,,6,10,5,,10.521710791244532,,,
WORKER_RELOC,,6,10,6,,11.187996036964423,,,
WORKER_RELOC,,6,10,7,,7.212345584959616,,,
WORKER_RELOC,,6,10,8,,15.142779105025626,,,
WORKER_RELOC,,6,10,9,,11.78812420285953,,,
WORKER_RELOC,,6,10,10,,0.0,,,
WORKER_RELOC,,6,10,11,,3.728883895882741,,,
WORKER_RELOC,,6,10,12,,3.0059762465921467,,,
WORKER_RELOC,,6,10,13,,15.228901362270003,,,
WORKER_RELOC,,6,10,14,,15.411373788908486,,,
WORKER_RELOC,,6,10,15,,14.344216005837744,,,
WORKER_RELOC,,6,10,16,,11.585687996403388,,,
WORKER_RELOC,,6,10,17,,9.000621018748781,,,
WORKER_RELOC,,6,11,0,,12.25446502732044,,,
WORKER_RELOC,,6,11,1,,6.2422018889047965,,,
WORKER_RELOC,,6,11,2,,7.886531056966242,,,
WORKER_RELOC,,6,11,3,,8.656380330525439,,,
WORKER_RELOC,,6,11,4,,8.189310018143967,,,
WORKER_RELOC,,6,11,5,,13.657527976706913,,,
WORKER_RELOC,,6,11,6,,9.54245637049045,,,
WORKER_RELOC,,6,11,7,,8.481773448863063,,,
WORKER_RELOC,,6,11,8,,14.674782940414122,,,
WORKER_RELOC,,6,11,9,,8.879658198684039,,,
WORKER_RELOC,,6,11,10,,5.03644262367042,,,
WORKER_RELOC,,6,11,11,,0.0,,,
WORKER_RELOC,,6,11,12,,3.5879102086217043,,,
WORKER_RELOC,,6,11,13,,15.445746812149864,,,
WORKER_RELOC,,6,11,14,,8.740841181994629,,,
WORKER_RELOC,,6,11,15,,13.628481602699601,,,
WORKER_RELOC,,6,11,16,,7.258799631367703,,,
WORKER_RELOC,,6,11,17,,15.225846188763994,,,
WORKER_RELOC,,6,12,0,,9.199257122983848,,,
WORKER_RELOC,,6,12,1,,11.309010572082432,,,
WORKER_RELOC,,6,12,2,,15.922231430728361,,,
WORKER_RELOC,,6,12,3,,12.760381637938671,,,
WORKER_RELOC,,6,12,4,,13.514230934990024,,,
WORKER_RELOC,,6,12,5,,14.17392697873455,,,
WORKER_RELOC,,6,12,6,,6.456091108059921,,,
WORKER_RELOC,,6,12,7,,6.759416916271248,,,
WORKER_RELOC,,6,12,8,,8.07222920594328,,,
WORKER_RELOC,,6,12,9,,14.416400917579503,,,
WORKER_RELOC,,6,12,10,,3.693078015780791,,,
WORKER_RELOC,,6,12,11,,2.426499438115705,,,
WORKER_RELOC,,6,12,12,,0.0,,,
WORKER_RELOC,,6,12,13,,9.68120203307506,,,
WORKER_RELOC,,6,12,14,,9.389231000789454,,,
WORKER_RELOC,,6,12,15,,7.864394300317621,,,
WORKER_RELOC,,6,12,16,,12.281777686848425,,,
WORKER_RELOC,,6,12,17,,11.830494725853342,,,
WORKER_RELOC,,6,13,0,,10.567110119472428,,,
WORKER_RELOC,,6,13,1,,11.083896557284522,,,
WORKER_RELOC,,6,13,2,,14.856631064995101,,,
WORKER_RELOC,,6,13,3,,7.273870943398511,,,
WORKER_RELOC,,6,13,4,,12.680301138491147,,,
WORKER_RELOC,,6,13,5,,6.797457961027543,,,
WORKER_RELOC,,6,13,6,,12.757814335925914,,,
WORKER_RELOC,,6,13,7,,14.417908817150275,,,
WORKER_RELOC,,6,13,8,,13.10797374518623,,,
WORKER_RELOC,,6,13,9,,15.702378339686481,,,
WORKER_RELOC,,6,13,10,,12.133735085291008,,,
WORKER_RELOC,,6,13,11,,14.179037405905211,,,
WORKER_RELOC,,6,13,12,,13.606429908503399,,,
WORKER_RELOC,,6,13,13,,0.0,,,
WORKER_RELOC,,6,13,14,,3.2522488916480286,,,
WORKER_RELOC,,6,13,15,,8.38727538464808,,,
WORKER_RELOC,,6,13,16,,12.312184723856443,,,
WORKER_RELOC,,6,13,17,,11.304377675324936,,,
WORKER_RELOC,,6,14,0,,15.114827782724621,,,
WORKER_RELOC,,6,14,1,,13.840200411090743,,,
WORKER_RELOC,,6,14,2,,11.952857721510563,,,
WORKER_RELOC,,6,14,3,,9.779187954194542,,,
WORKER_RELOC,,6,14,4,,15.227588070716866,,,
WORKER_RELOC,,6,14,5,,9.099049405754352,,,
WORKER_RELOC,,6,14,6,,10.08990415958391,,,
WORKER_RELOC,,6,14,7,,14.441915882577998,,,
WORKER_RELOC,,6,14,8,,7.820476783096439,,,
WORKER_RELOC,,6,14,9,,13.968245523794822,,,
WORKER_RELOC,,6,14,10,,12.835783162877838,,,
WORKER_RELOC,,6,14,11,,8.153759274627845,,,
WORKER_RELOC,,6,14,12,,6.233597478828052,,,
WORKER_RELOC,,6,14,13,,2.978077684608829,,,
WORKER_RELOC,,6,14,14,,0.0,,,
WORKER_RELOC,,6,14,15,,7.812035250258606,,,
WORKER_RELOC,,6,14,16,,12.09750193767453,,,
WORKER_RELOC,,6,14,17,,15.241014447195804,,,
WORKER_RELOC,,6,15,0,,10.006091360050874,,,
WORKER_RELOC,,6,15,1,,11.51713233523656,,,
WORKER_RELOC,,6,15,2,,8.67117076203813,,,
WORKER_RELOC,,6,15,3,,11.101763037631423,,,
WORKER_RELOC,,6,15,4,,9.850226373327448,,,
WORKER_RELOC,,6,15,5,,8.066722720374061,,,
WORKER_RELOC,,6,15,6,,13.825287488464152,,,
WORKER_RELOC,,6,15,7,,14.51723409783973,,,
WORKER_RELOC,,6,15,8,,14.51911108897554,,,
WORKER_RELOC,,6,15,9,,9.417018868357665,,,
WORKER_RELOC,,6,15,10,,7.687580737390302,,,
WORKER_RELOC,,6,15,11,,10.5150360947562,,,
WORKER_RELOC,,6,15,12,,13.092624505063572,,,
WORKER_RELOC,,6,15,13,,7.216996177303341,,,
WORKER_RELOC,,6,15,14,,10.311774067502752,,,
WORKER_RELOC,,6,15,15,,0.0,,,
WORKER_RELOC,,6,15,16,,3.160051050558272,,,
WORKER_RELOC,,6,15,17,,5.134466197509397,,,
WORKER_RELOC,,6,16,0,,7.24849582411684,,,
WORKER_RELOC,,6,16,1,,15.444699773857966,,,
WORKER_RELOC,,6,16,2,,12.281411519407827,,,
WORKER_RELOC,,6,16,3,,7.356910666216918,,,
WORKER_RELOC,,6,16,4,,9.439101668432901,,,
WORKER_RELOC,,6,16,5,,8.81824442919741,,,
WORKER_RELOC,,6,16,6,,6.130619943974992,,,
WORKER_RELOC,,6,16,7,,9.53338930513004,,,
WORKER_RELOC,,6,16,8,,12.93202869931152,,,
WORKER_RELOC,,6,16,9,,8.087607760744934,,,
WORKER_RELOC,,6,16,10,,9.612456533789436,,,
WORKER_RELOC,,6,16,11,,15.054112560208328,,,
WORKER_RELOC,,6,16,12,,14.656601410234643,,,
WORKER_RELOC,,6,16,13,,10.96773362093847,,,
WORKER_RELOC,,6,16,14,,15.264556286264554,,,
WORKER_RELOC,,6,16,15,,2.1701583765933243,,,
WORKER_RELOC,,6,16,16,,0.0,,,
WORKER_RELOC,,6,16,17,,3.4469976091877594,,,
WORKER_RELOC,,6,17,0,,6.011673982182904,,,
WORKER_RELOC,,6,17,1,,9.516174075333165,,,
WORKER_RELOC,,6,17,2,,15.825351642979658,,,
WORKER_RELOC,,6,17,3,,13.22497302589327,,,
WORKER_RELOC,,6,17,4,,10.64173529857647,,,
WORKER_RELOC,,6,17,5,,10.032186182576812,,,
WORKER_RELOC,,6,17,6,,12.164199143195049,,,
WORKER_RELOC,,6,17,7,,13.39879187361758,,,
WORKER_RELOC,,6,17,8,,7.104518919342724,,,
WORKER_RELOC,,6,17,9,,7.8486030867954115,,,
WORKER_RELOC,,6,17,10,,10.151581128527003,,,
WORKER_RELOC,,6,17,11,,11.692023993617038,,,
WORKER_RELOC,,6,17,12,,9.294939034970401,,,
WORKER_RELOC,,6,17,13,,10.890009303973537,,,
WORKER_RELOC,,6,17,14,,10.646794599969866,,,
WORKER_RELOC,,6,17,15,,5.343249247360395,,,
WORKER_RELOC,,6,17,16,,2.4862505836733106,,,
WORKER_RELOC,,6,17,17,,0.0,,,
WORKER_RELOC,,7,0,0,,0.0,,,
WORKER_RELOC,,7,0,1,,2.6626148098321196,,,
WORKER_RELOC,,7,0,2,,6.400814518672753,,,
WORKER_RELOC,,7,0,3,,11.621907498500864,,,
WORKER_RELOC,,7,0,4,,10.644007422789874,,,
WORKER_RELOC,,7,0,5,,13.09023799810933,,,
WORKER_RELOC,,7,0,6,,13.54239551417102,,,
WORKER_RELOC,,7,0,7,,13.040814135069498,,,
WORKER_RELOC,,7,0,8,,12.210360877700108,,,
WORKER_RELOC,,7,0,9,,14.941161817596736,,,
WORKER_RELOC,,7,0,10,,13.214240059244478,,,
WORKER_RELOC,,7,0,11,,11.230055132409365,,,
WORKER_RELOC,,7,0,12,,14.257345742058348,,,
WORKER_RELOC,,7,0,13,,8.836644209621902,,,
WORKER_RELOC,,7,0,14,,12.337167573200233,,,
WORKER_RELOC,,7,0,15,,13.37541953267572,,,
WORKER_RELOC,,7,0,16,,12.709296437617066,,,
WORKER_RELOC,,7,0,17,,9.02480090875077,,,
WORKER_RELOC,,7,1,0,,2.6654290281741444,,,
WORKER_RELOC,,7,1,1,,0.0,,,
WORKER_RELOC,,7,1,2,,11.370017048030093,,,
WORKER_RELOC,,7,1,3,,13.347408438726644,,,
WORKER_RELOC,,7,1,4,,14.951148140700242,,,
WORKER_RELOC,,7,1,5,,12.230686808677785,,,
WORKER_RELOC,,7,1,6,,11.508523375781971,,,
WORKER_RELOC,,7,1,7,,10.887946832510876,,,
WORKER_RELOC,,7,1,8,,13.722573594812102,,,
WORKER_RELOC,,7,1,9,,6.137461422268005,,,
WORKER_RELOC,,7,1,10,,11.197221610457365,,,
WORKER_RELOC,,7,1,11,,14.760282723436884,,,
WORKER_RELOC,,7,1,12,,12.10816197559648,,,
WORKER_RELOC,,7,1,13,,15.283607390812108,,,
WORKER_RELOC,,7,1,14,,13.55272832865687,,,
WORKER_RELOC,,7,1,15,,15.750066421205988,,,
WORKER_RELOC,,7,1,16,,13.73139305459314,,,
WORKER_RELOC,,7,1,17,,7.592956016018854,,,
WORKER_RELOC,,7,2,0,,10.42847663622721,,,
WORKER_RELOC,,7,2,1,,8.022744933751408,,,
WORKER_RELOC,,7,2,2,,0.0,,,
WORKER_RELOC,,7,2,3,,6.81393934720714,,,
WORKER_RELOC,,7,2,4,,15.72400301941467,,,
WORKER_RELOC,,7,2,5,,12.003785840134992,,,
WORKER_RELOC,,7,2,6,,15.781819087936162,,,
WORKER_RELOC,,7,2,7,,12.784537708627138,,,
WORKER_RELOC,,7,2,8,,6.884595303774343,,,
WORKER_RELOC,,7,2,9,,7.270281470139448,,,
WORKER_RELOC,,7,2,10,,9.793426366685416,,,
WORKER_RELOC,,7,2,11,,7.362691522457764,,,
WORKER_RELOC,,7,2,12,,14.596100408704242,,,
WORKER_RELOC,,7,2,13,,10.03408258686953,,,
WORKER_RELOC,,7,2,14,,10.176239513088406,,,
WORKER_RELOC,,7,2,15,,15.224754513708264,,,
WORKER_RELOC,,7,2,16,,9.93883238917663,,,
WORKER_RELOC,,7,2,17,,14.548777635935052,,,
WORKER_RELOC,,7,3,0,,13.006307749227602,,,
WORKER_RELOC,,7,3,1,,15.465865304875841,,,
WORKER_RELOC,,7,3,2,,11.908947533759488,,,
WORKER_RELOC,,7,3,3,,0.0,,,
WORKER_RELOC,,7,3,4,,3.4254909166601846,,,
WORKER_RELOC,,7,3,5,,2.429854316200022,,,
WORKER_RELOC,,7,3,6,,10.57707674011094,,,
WORKER_RELOC,,7,3,7,,12.873052555609316,,,
WORKER_RELOC,,7,3,8,,9.020183302138726,,,
WORKER_RELOC,,7,3,9,,11.359497565739655,,,
WORKER_RELOC,,7,3,10,,7.341330043408493,,,
WORKER_RELOC,,7,3,11,,13.927261660675864,,,
WORKER_RELOC,,7,3,12,,13.14195541547111,,,
WORKER_RELOC,,7,3,13,,9.74696419730649,,,
WORKER_RELOC,,7,3,14,,15.747160005799177,,,
WORKER_RELOC,,7,3,15,,7.424376207327813,,,
WORKER_RELOC,,7,3,16,,11.973534126222846,,,
WORKER_RELOC,,7,3,17,,12.521152331077834,,,
WORKER_RELOC,,7,4,0,,8.775409909929845,,,
WORKER_RELOC,,7,4,1,,6.226472282127497,,,
WORKER_RELOC,,7,4,2,,14.841007606971493,,,
WORKER_RELOC,,7,4,3,,3.1354694155531626,,,
WORKER_RELOC,,7,4,4,,0.0,,,
WORKER_RELOC,,7,4,5,,2.8287718327885605,,,
WORKER_RELOC,,7,4,6,,13.274382198797111,,,
WORKER_RELOC,,7,4,7,,15.592485510097475,,,
WORKER_RELOC,,7,4,8,,14.641869688970951,,,
WORKER_RELOC,,7,4,9,,15.640548402267372,,,
WORKER_RELOC,,7,4,10,,8.993510180687,,,
WORKER_RELOC,,7,4,11,,8.159968668645316,,,
WORKER_RELOC,,7,4,12,,9.082910114482132,,,
WORKER_RELOC,,7,4,13,,10.416827623794816,,,
WORKER_RELOC,,7,4,14,,6.2063476171646625,,,
WORKER_RELOC,,7,4,15,,12.072218823972584,,,
WORKER_RELOC,,7,4,16,,8.440735738875588,,,
WORKER_RELOC,,7,4,17,,14.760645914099912,,,
WORKER_RELOC,,7,5,0,,15.195310115535216,,,
WORKER_RELOC,,7,5,1,,14.199281247244146,,,
WORKER_RELOC,,7,5,2,,13.593410946847996,,,
WORKER_RELOC,,7,5,3,,2.109812501223792,,,
WORKER_RELOC,,7,5,4,,3.2536787423112994,,,
WORKER_RELOC,,7,5,5,,0.0,,,
WORKER_RELOC,,7,5,6,,8.510893062332402,,,
WORKER_RELOC,,7,5,7,,9.400802543965888,,,
WORKER_RELOC,,7,5,8,,14.97655046537668,,,
WORKER_RELOC,,7,5,9,,10.387407905630258,,,
WORKER_RELOC,,7,5,10,,9.442534256663592,,,
WORKER_RELOC,,7,5,11,,7.003287799657137,,,
WORKER_RELOC,,7,5,12,,10.931975054514673,,,
WORKER_RELOC,,7,5,13,,13.632521564704005,,,
WORKER_RELOC,,7,5,14,,9.97560775511413,,,
WORKER_RELOC,,7,5,15,,11.725609721661526,,,
WORKER_RELOC,,7,5,16,,14.938616067513392,,,
WORKER_RELOC,,7,5,17,,7.1578150495134825,,,
WORKER_RELOC,,7,6,0,,15.870336938743678,,,
WORKER_RELOC,,7,6,1,,7.344712882613397,,,
WORKER_RELOC,,7,6,2,,12.276264133927006,,,
WORKER_RELOC,,7,6,3,,15.620394056026583,,,
WORKER_RELOC,,7,6,4,,10.092331630981882,,,
WORKER_RELOC,,7,6,5,,8.911672955921812,,,
WORKER_RELOC,,7,6,6,,0.0,,,
WORKER_RELOC,,7,6,7,,11.979469737498704,,,
WORKER_RELOC,,7,6,8,,7.714467951055446,,,
WORKER_RELOC,,7,6,9,,13.310117932657416,,,
WORKER_RELOC,,7,6,10,,6.4905911847631375,,,
WORKER_RELOC,,7,6,11,,12.921122076885755,,,
WORKER_RELOC,,7,6,12,,10.020709060495642,,,
WORKER_RELOC,,7,6,13,,9.37324776992208,,,
WORKER_RELOC,,7,6,14,,13.344932344084425,,,
WORKER_RELOC,,7,6,15,,11.765458384491078,,,
WORKER_RELOC,,7,6,16,,8.22080365084815,,,
WORKER_RELOC,,7,6,17,,7.572262731844546,,,
WORKER_RELOC,,7,7,0,,11.904513849348726,,,
WORKER_RELOC,,7,7,1,,13.345739140808039,,,
WORKER_RELOC,,7,7,2,,13.814512878003484,,,
WORKER_RELOC,,7,7,3,,10.393125041007947,,,
WORKER_RELOC,,7,7,4,,15.305870197041223,,,
WORKER_RELOC,,7,7,5,,15.736197440513335,,,
WORKER_RELOC,,7,7,6,,14.348348821412912,,,
WORKER_RELOC,,7,7,7,,0.0,,,
WORKER_RELOC,,7,7,8,,3.308430405125676,,,
WORKER_RELOC,,7,7,9,,3.2866854490948243,,,
WORKER_RELOC,,7,7,10,,13.991992592589614,,,
WORKER_RELOC,,7,7,11,,10.773309825943404,,,
WORKER_RELOC,,7,7,12,,9.344060587353457,,,
WORKER_RELOC,,7,7,13,,13.021756917131086,,,
WORKER_RELOC,,7,7,14,,13.217442232997525,,,
WORKER_RELOC,,7,7,15,,12.707495454670402,,,
WORKER_RELOC,,7,7,16,,12.052038967425034,,,
WORKER_RELOC,,7,7,17,,12.125403904340086,,,
WORKER_RELOC,,7,8,0,,9.422359241883061,,,
WORKER_RELOC,,7,8,1,,15.832169856328964,,,
WORKER_RELOC,,7,8,2,,9.546944270890515,,,
WORKER_RELOC,,7,8,3,,10.419079128607905,,,
WORKER_RELOC,,7,8,4,,13.628951016885576,,,
WORKER_RELOC,,7,8,5,,11.50534009556474,,,
WORKER_RELOC,,7,8,6,,12.526324027496308,,,
WORKER_RELOC,,7,8,7,,5.461036793872305,,,
WORKER_RELOC,,7,8,8,,0.0,,,
WORKER_RELOC,,7,8,9,,3.1835345129386385,,,
WORKER_RELOC,,7,8,10,,8.56540452026645,,,
WORKER_RELOC,,7,8,11,,15.13010278115966,,,
WORKER_RELOC,,7,8,12,,10.955199825046895,,,
WORKER_RELOC,,7,8,13,,13.2803021370339,,,
WORKER_RELOC,,7,8,14,,15.003130983404992,,,
WORKER_RELOC,,7,8,15,,9.61922413502803,,,
WORKER_RELOC,,7,8,16,,9.961187856122425,,,
WORKER_RELOC,,7,8,17,,13.46571904496097,,,
WORKER_RELOC,,7,9,0,,13.626626584612817,,,
WORKER_RELOC,,7,9,1,,8.187481832500794,,,
WORKER_RELOC,,7,9,2,,12.58074560761186,,,
WORKER_RELOC,,7,9,3,,6.002217661888279,,,
WORKER_RELOC,,7,9,4,,8.73316926713819,,,
WORKER_RELOC,,7,9,5,,6.222658908900268,,,
WORKER_RELOC,,7,9,6,,11.712652663627686,,,
WORKER_RELOC,,7,9,7,,2.9249022973748384,,,
WORKER_RELOC,,7,9,8,,2.950084684257831,,,
WORKER_RELOC,,7,9,9,,0.0,,,
WORKER_RELOC,,7,9,10,,13.351621661982133,,,
WORKER_RELOC,,7,9,11,,6.900637810743001,,,
WORKER_RELOC,,7,9,12,,11.68621074902154,,,
WORKER_RELOC,,7,9,13,,11.510450315053172,,,
WORKER_RELOC,,7,9,14,,13.466024970122035,,,
WORKER_RELOC,,7,9,15,,11.061339387930662,,,
WORKER_RELOC,,7,9,16,,9.758615087798223,,,
WORKER_RELOC,,7,9,17,,6.32118783600069,,,
WORKER_RELOC,,7,10,0,,11.936343685790396,,,
WORKER_RELOC,,7,10,1,,6.378861503020352,,,
WORKER_RELOC,,7,10,2,,9.36246009037058,,,
WORKER_RELOC,,7,10,3,,9.718715760899,,,
WORKER_RELOC,,7,10,4,,15.213886897385425,,,
WORKER_RELOC,,7,10,5,,6.121479857204264,,,
WORKER_RELOC,,7,10,6,,12.61411091619939,,,
WORKER_RELOC,,7,10,7,,13.028872101299964,,,
WORKER_RELOC,,7,10,8,,12.80054691428979,,,
WORKER_RELOC,,7,10,9,,14.203406368409748,,,
WORKER_RELOC,,7,10,10,,0.0,,,
WORKER_RELOC,,7,10,11,,4.35465836798894,,,
WORKER_RELOC,,7,10,12,,5.947570989228831,,,
WORKER_RELOC,,7,10,13,,10.850485970498951,,,
WORKER_RELOC,,7,10,14,,12.241891289901725,,,
WORKER_RELOC,,7,10,15,,9.788241166872961,,,
WORKER_RELOC,,7,10,16,,13.275100865833583,,,
WORKER_RELOC,,7,10,17,,15.283115645983257,,,
WORKER_RELOC,,7,11,0,,6.698141338719492,,,
WORKER_RELOC,,7,11,1,,14.545637063172366,,,
WORKER_RELOC,,7,11,2,,7.436045066375764,,,
WORKER_RELOC,,7,11,3,,7.998262123563771,,,
WORKER_RELOC,,7,11,4,,15.953629896038263,,,
WORKER_RELOC,,7,11,5,,13.978744587635944,,,
WORKER_RELOC,,7,11,6,,11.665319052749798,,,
WORKER_RELOC,,7,11,7,,9.275497409908041,,,
WORKER_RELOC,,7,11,8,,8.670413609635506,,,
WORKER_RELOC,,7,11,9,,12.668886103025784,,,
WORKER_RELOC,,7,11,10,,3.3898800469415695,,,
WORKER_RELOC,,7,11,11,,0.0,,,
WORKER_RELOC,,7,11,12,,5.692010660254892,,,
WORKER_RELOC,,7,11,13,,11.240632681971457,,,
WORKER_RELOC,,7,11,14,,6.931235955706656,,,
WORKER_RELOC,,7,11,15,,8.607300937769505,,,
WORKER_RELOC,,7,11,16,,15.125323953646355,,,
WORKER_RELOC,,7,11,17,,7.562071366516667,,,
WORKER_RELOC,,7,12,0,,8.447045576180518,,,
WORKER_RELOC,,7,12,1,,7.541708106327404,,,
WORKER_RELOC,,7,12,2,,8.640089864337805,,,
WORKER_RELOC,,7,12,3,,10.963489776144518,,,
WORKER_RELOC,,7,12,4,,8.86851363085066,,,
WORKER_RELOC,,7,12,5,,6.617576332240942,,,
WORKER_RELOC,,7,12,6,,7.317564875805496,,,
WORKER_RELOC,,7,12,7,,13.920586000879233,,,
WORKER_RELOC,,7,12,8,,7.734524028140151,,,
WORKER_RELOC,,7,12,9,,10.468077874193117,,,
WORKER_RELOC,,7,12,10,,4.691483714876891,,,
WORKER_RELOC,,7,12,11,,5.911758565216862,,,
WORKER_RELOC,,7,12,12,,0.0,,,
WORKER_RELOC,,7,12,13,,6.5553002913223795,,,
WORKER_RELOC,,7,12,14,,12.23064071934858,,,
WORKER_RELOC,,7,12,15,,15.671270872771915,,,
WORKER_RELOC,,7,12,16,,15.21620428422133,,,
WORKER_RELOC,,7,12,17,,11.251667868133106,,,
WORKER_RELOC,,7,13,0,,15.002381475669177,,,
WORKER_RELOC,,7,13,1,,9.299150755104142,,,
WORKER_RELOC,,7,13,2,,8.041816239178136,,,
WORKER_RELOC,,7,13,3,,11.944871769063397,,,
WORKER_RELOC,,7,13,4,,14.584795733221444,,,
WORKER_RELOC,,7,13,5,,13.922273399294244,,,
WORKER_RELOC,,7,13,6,,8.502184482720704,,,
WORKER_RELOC,,7,13,7,,14.196317243872622,,,
WORKER_RELOC,,7,13,8,,10.895848034804956,,,
WORKER_RELOC,,7,13,9,,13.700806105023492,,,
WORKER_RELOC,,7,13,10,,15.98550728795355,,,
WORKER_RELOC,,7,13,11,,13.289033306575831,,,
WORKER_RELOC,,7,13,12,,15.26998493169654,,,
WORKER_RELOC,,7,13,13,,0.0,,,
WORKER_RELOC,,7,13,14,,4.657682132380309,,,
WORKER_RELOC,,7,13,15,,14.67075000857059,,,
WORKER_RELOC,,7,13,16,,8.442091899814038,,,
WORKER_RELOC,,7,13,17,,12.753235951303697,,,
WORKER_RELOC,,7,14,0,,15.454841048089754,,,
WORKER_RELOC,,7,14,1,,6.651603793187405,,,
WORKER_RELOC,,7,14,2,,7.156641102343093,,,
WORKER_RELOC,,7,14,3,,13.7860241380275,,,
WORKER_RELOC,,7,14,4,,6.321141965946847,,,
WORKER_RELOC,,7,14,5,,13.264047128950136,,,
WORKER_RELOC,,7,14,6,,8.374146574427597,,,
WORKER_RELOC,,7,14,7,,7.201278717265541,,,
WORKER_RELOC,,7,14,8,,10.31345427038802,,,
WORKER_RELOC,,7,14,9,,10.098683960946623,,,
WORKER_RELOC,,7,14,10,,11.855091675156487,,,
WORKER_RELOC,,7,14,11,,13.263844108754231,,,
WORKER_RELOC,,7,14,12,,9.827298353494403,,,
WORKER_RELOC,,7,14,13,,5.505583015521844,,,
WORKER_RELOC,,7,14,14,,0.0,,,
WORKER_RELOC,,7,14,15,,12.335299920576233,,,
WORKER_RELOC,,7,14,16,,10.076671140463638,,,
WORKER_RELOC,,7,14,17,,9.63683931218825,,,
WORKER_RELOC,,7,15,0,,15.109251872088661,,,
WORKER_RELOC,,7,15,1,,9.326177240574177,,,
WORKER_RELOC,,7,15,2,,8.794469298678464,,,
WORKER_RELOC,,7,15,3,,11.307869187233422,,,
WORKER_RELOC,,7,15,4,,6.502783904962368,,,
WORKER_RELOC,,7,15,5,,12.1055826683536,,,
WORKER_RELOC,,7,15,6,,13.392340016968559,,,
WORKER_RELOC,,7,15,7,,15.120402410623548,,,
WORKER_RELOC,,7,15,8,,9.928788929153066,,,
WORKER_RELOC,,7,15,9,,9.717818108969386,,,
WORKER_RELOC,,7,15,10,,8.204523074655821,,,
WORKER_RELOC,,7,15,11,,14.88204156921366,,,
WORKER_RELOC,,7,15,12,,10.731071396293231,,,
WORKER_RELOC,,7,15,13,,10.41697579841139,,,
WORKER_RELOC,,7,15,14,,11.938639703905666,,,
WORKER_RELOC,,7,15,15,,0.0,,,
WORKER_RELOC,,7,15,16,,5.011805400808052,,,
WORKER_RELOC,,7,15,17,,3.0956414350855352,,,
WORKER_RELOC,,7,16,0,,11.268412952763667,,,
WORKER_RELOC,,7,16,1,,7.5918914893710685,,,
WORKER_RELOC,,7,16,2,,9.327816570118774,,,
WORKER_RELOC,,7,16,3,,13.112683026076848,,,
WORKER_RELOC,,7,16,4,,11.466440133447765,,,
WORKER_RELOC,,7,16,5,,6.022865235849418,,,
WORKER_RELOC,,7,16,6,,9.955264420041024,,,
WORKER_RELOC,,7,16,7,,12.132576942378915,,,
WORKER_RELOC,,7,16,8,,7.0467356818030495,,,
WORKER_RELOC,,7,16,9,,12.73187744700762,,,
WORKER_RELOC,,7,16,10,,15.85265061648757,,,
WORKER_RELOC,,7,16,11,,12.321470599944226,,,
WORKER_RELOC,,7,16,12,,7.796550023740454,,,
WORKER_RELOC,,7,16,13,,13.13344530536153,,,
WORKER_RELOC,,7,16,14,,15.231870196324149,,,
WORKER_RELOC,,7,16,15,,5.242263816654798,,,
WORKER_RELOC,,7,16,16,,0.0,,,
WORKER_RELOC,,7,16,17,,3.3623880522131016,,,
WORKER_RELOC,,7,17,0,,10.20762282135412,,,
WORKER_RELOC,,7,17,1,,14.72424196842882,,,
WORKER_RELOC,,7,17,2,,11.293121905958156,,,
WORKER_RELOC,,7,17,3,,14.321303984913254,,,
WORKER_RELOC,,7,17,4,,13.806491020698608,,,
WORKER_RELOC,,7,17,5,,12.457266182295754,,,
WORKER_RELOC,,7,17,6,,11.07450237172921,,,
WORKER_RELOC,,7,17,7,,11.573237028516802,,,
WORKER_RELOC,,7,17,8,,7.667035515547715,,,
WORKER_RELOC,,7,17,9,,9.121700963668681,,,
WORKER_RELOC,,7,17,10,,8.928867669672574,,,
WORKER_RELOC,,7,17,11,,13.13277598897149,,,
WORKER_RELOC,,7,17,12,,15.292941712948714,,,
WORKER_RELOC,,7,17,13,,6.9030535040426635,,,
WORKER_RELOC,,7,17,14,,14.611189232756924,,,
WORKER_RELOC,,7,17,15,,4.484014535450013,,,
WORKER_RELOC,,7,17,16,,3.101258592442857,,,
WORKER_RELOC,,7,17,17,,0.0,,,
WORKER_RELOC,,8,0,0,,0.0,,,
WORKER_RELOC,,8,0,1,,4.428100942326736,,,
WORKER_RELOC,,8,0,2,,11.442080318435764,,,
WORKER_RELOC,,8,0,3,,15.144660116371771,,,
WORKER_RELOC,,8,0,4,,8.746484098883858,,,
WORKER_RELOC,,8,0,5,,13.494209571527328,,,
WORKER_RELOC,,8,0,6,,12.25566840544823,,,
WORKER_RELOC,,8,0,7,,15.667082803094432,,,
WORKER_RELOC,,8,0,8,,8.376281151902607,,,
WORKER_RELOC,,8,0,9,,10.939783923825104,,,
WORKER_RELOC,,8,0,10,,11.267480854010287,,,
WORKER_RELOC,,8,0,11,,7.4443164771910775,,,
WORKER_RELOC,,8,0,12,,8.062115524665218,,,
WORKER_RELOC,,8,0,13,,9.817948293650971,,,
WORKER_RELOC,,8,0,14,,13.066313174317226,,,
WORKER_RELOC,,8,0,15,,11.077097395585543,,,
WORKER_RELOC,,8,0,16,,14.924935004541636,,,
WORKER_RELOC,,8,0,17,,10.79054708049393,,,
WORKER_RELOC,,8,1,0,,4.917042577258588,,,
WORKER_RELOC,,8,1,1,,0.0,,,
WORKER_RELOC,,8,1,2,,13.061587400573519,,,
WORKER_RELOC,,8,1,3,,12.92011981753449,,,
WORKER_RELOC,,8,1,4,,12.87669072131241,,,
WORKER_RELOC,,8,1,5,,15.132398954655214,,,
WORKER_RELOC,,8,1,6,,8.817707038558797,,,
WORKER_RELOC,,8,1,7,,6.236005163137541,,,
WORKER_RELOC,,8,1,8,,6.2443875614082325,,,
WORKER_RELOC,,8,1,9,,9.747053282553045,,,
WORKER_RELOC,,8,1,10,,10.503105030519276,,,
WORKER_RELOC,,8,1,11,,8.041651797139625,,,
WORKER_RELOC,,8,1,12,,6.9882715815756615,,,
WORKER_RELOC,,8,1,13,,6.259972896704236,,,
WORKER_RELOC,,8,1,14,,15.842363113316296,,,
WORKER_RELOC,,8,1,15,,6.061284415062579,,,
WORKER_RELOC,,8,1,16,,15.53162233220188,,,
WORKER_RELOC,,8,1,17,,11.571042964396462,,,
WORKER_RELOC,,8,2,0,,8.950476099234132,,,
WORKER_RELOC,,8,2,1,,11.315342090782565,,,
WORKER_RELOC,,8,2,2,,0.0,,,
WORKER_RELOC,,8,2,3,,8.110863420730633,,,
WORKER_RELOC,,8,2,4,,11.054674918018804,,,
WORKER_RELOC,,8,2,5,,9.66270324362391,,,
WORKER_RELOC,,8,2,6,,10.552111682112841,,,
WORKER_RELOC,,8,2,7,,8.758909091293175,,,
WORKER_RELOC,,8,2,8,,6.58719590441871,,,
WORKER_RELOC,,8,2,9,,14.037477955794294,,,
WORKER_RELOC,,8,2,10,,11.871409312962856,,,
WORKER_RELOC,,8,2,11,,14.912733655487553,,,
WORKER_RELOC,,8,2,12,,6.128607395633663,,,
WORKER_RELOC,,8,2,13,,15.753729225719765,,,
WORKER_RELOC,,8,2,14,,12.188865122186526,,,
WORKER_RELOC,,8,2,15,,13.724351836990667,,,
WORKER_RELOC,,8,2,16,,10.170516048187109,,,
WORKER_RELOC,,8,2,17,,11.8497522174894,,,
WORKER_RELOC,,8,3,0,,15.99877450310292,,,
WORKER_RELOC,,8,3,1,,13.487963119755712,,,
WORKER_RELOC,,8,3,2,,13.516318293160204,,,
WORKER_RELOC,,8,3,3,,0.0,,,
WORKER_RELOC,,8,3,4,,4.2461006831117825,,,
WORKER_RELOC,,8,3,5,,5.015017015628201,,,
WORKER_RELOC,,8,3,6,,15.595157793747495,,,
WORKER_RELOC,,8,3,7,,15.603921109820456,,,
WORKER_RELOC,,8,3,8,,10.228477350821027,,,
WORKER_RELOC,,8,3,9,,8.018404426837384,,,
WORKER_RELOC,,8,3,10,,8.343561283905633,,,
WORKER_RELOC,,8,3,11,,6.006888208280778,,,
WORKER_RELOC,,8,3,12,,12.958421731601469,,,
WORKER_RELOC,,8,3,13,,14.111147006255074,,,
WORKER_RELOC,,8,3,14,,11.29647324101538,,,
WORKER_RELOC,,8,3,15,,15.040540597199989,,,
WORKER_RELOC,,8,3,16,,15.34440343869683,,,
WORKER_RELOC,,8,3,17,,10.976708480341578,,,
WORKER_RELOC,,8,4,0,,13.823168924257182,,,
WORKER_RELOC,,8,4,1,,12.159926228522913,,,
WORKER_RELOC,,8,4,2,,8.487921862975924,,,
WORKER_RELOC,,8,4,3,,5.122736351841618,,,
WORKER_RELOC,,8,4,4,,0.0,,,
WORKER_RELOC,,8,4,5,,2.4817813871702272,,,
WORKER_RELOC,,8,4,6,,14.15184705582421,,,
WORKER_RELOC,,8,4,7,,15.002694809795356,,,
WORKER_RELOC,,8,4,8,,8.728575885575419,,,
WORKER_RELOC,,8,4,9,,6.089859038105774,,,
WORKER_RELOC,,8,4,10,,10.356330158420132,,,
WORKER_RELOC,,8,4,11,,13.089083902982129,,,
WORKER_RELOC,,8,4,12,,9.456708068665531,,,
WORKER_RELOC,,8,4,13,,13.508891772728663,,,
WORKER_RELOC,,8,4,14,,15.000530123002331,,,
WORKER_RELOC,,8,4,15,,12.314338769389352,,,
WORKER_RELOC,,8,4,16,,14.318070404707923,,,
WORKER_RELOC,,8,4,17,,11.832635045170381,,,
WORKER_RELOC,,8,5,0,,7.280099016658469,,,
WORKER_RELOC,,8,5,1,,9.56008803383395,,,
WORKER_RELOC,,8,5,2,,8.286155734339399,,,
WORKER_RELOC,,8,5,3,,4.320581401387249,,,
WORKER_RELOC,,8,5,4,,2.1282422900676568,,,
WORKER_RELOC,,8,5,5,,0.0,,,
WORKER_RELOC,,8,5,6,,11.416430649821354,,,
WORKER_RELOC,,8,5,7,,7.560546348588518,,,
WORKER_RELOC,,8,5,8,,9.5491839757809,,,
WORKER_RELOC,,8,5,9,,10.321209794135921,,,
WORKER_RELOC,,8,5,10,,7.061703073437183,,,
WORKER_RELOC,,8,5,11,,10.509577298577451,,,
WORKER_RELOC,,8,5,12,,14.519114260719467,,,
WORKER_RELOC,,8,5,13,,6.304822108434095,,,
WORKER_RELOC,,8,5,14,,10.916247815515446,,,
WORKER_RELOC,,8,5,15,,13.092743238846356,,,
WORKER_RELOC,,8,5,16,,10.949558008223004,,,
WORKER_RELOC,,8,5,17,,15.632068600176922,,,
WORKER_RELOC,,8,6,0,,7.632764594504267,,,
WORKER_RELOC,,8,6,1,,15.648408615538365,,,
WORKER_RELOC,,8,6,2,,11.572425169126845,,,
WORKER_RELOC,,8,6,3,,14.008355393303262,,,
WORKER_RELOC,,8,6,4,,14.723391134133225,,,
WORKER_RELOC,,8,6,5,,7.468402051563037,,,
WORKER_RELOC,,8,6,6,,0.0,,,
WORKER_RELOC,,8,6,7,,14.65880260069115,,,
WORKER_RELOC,,8,6,8,,11.52667452701185,,,
WORKER_RELOC,,8,6,9,,11.220981796408008,,,
WORKER_RELOC,,8,6,10,,8.329918469749884,,,
WORKER_RELOC,,8,6,11,,14.40702478100184,,,
WORKER_RELOC,,8,6,12,,10.756974160141633,,,
WORKER_RELOC,,8,6,13,,13.909093698282408,,,
WORKER_RELOC,,8,6,14,,6.558107533096797,,,
WORKER_RELOC,,8,6,15,,6.044491037291556,,,
WORKER_RELOC,,8,6,16,,13.957820172735673,,,
WORKER_RELOC,,8,6,17,,11.498330431731217,,,
WORKER_RELOC,,8,7,0,,10.219994931766017,,,
WORKER_RELOC,,8,7,1,,15.2827188170267,,,
WORKER_RELOC,,8,7,2,,15.166089019245453,,,
WORKER_RELOC,,8,7,3,,15.819105207249324,,,
WORKER_RELOC,,8,7,4,,11.94728710963369,,,
WORKER_RELOC,,8,7,5,,14.16964855418831,,,
WORKER_RELOC,,8,7,6,,11.174123902210233,,,
WORKER_RELOC,,8,7,7,,0.0,,,
WORKER_RELOC,,8,7,8,,4.554394931523925,,,
WORKER_RELOC,,8,7,9,,4.218793793137023,,,
WORKER_RELOC,,8,7,10,,15.079842738833495,,,
WORKER_RELOC,,8,7,11,,8.14494882675778,,,
WORKER_RELOC,,8,7,12,,12.15056302800813,,,
WORKER_RELOC,,8,7,13,,7.202823561678792,,,
WORKER_RELOC,,8,7,14,,7.485798319657844,,,
WORKER_RELOC,,8,7,15,,11.090717183854006,,,
WORKER_RELOC,,8,7,16,,8.825421595058415,,,
WORKER_RELOC,,8,7,17,,10.175848290010808,,,
WORKER_RELOC,,8,8,0,,14.874897890765787,,,
WORKER_RELOC,,8,8,1,,12.879628685538034,,,
WORKER_RELOC,,8,8,2,,11.850977276928155,,,
WORKER_RELOC,,8,8,3,,10.813329632836822,,,
WORKER_RELOC,,8,8,4,,14.508008400178701,,,
WORKER_RELOC,,8,8,5,,9.603309071607342,,,
WORKER_RELOC,,8,8,6,,8.450971514985733,,,
WORKER_RELOC,,8,8,7,,5.7841349246731415,,,
WORKER_RELOC,,8,8,8,,0.0,,,
WORKER_RELOC,,8,8,9,,3.792839421859567,,,
WORKER_RELOC,,8,8,10,,12.227500511398848,,,
WORKER_RELOC,,8,8,11,,10.624977679668824,,,
WORKER_RELOC,,8,8,12,,10.130959050694164,,,
WORKER_RELOC,,8,8,13,,8.152871698768951,,,
WORKER_RELOC,,8,8,14,,9.524419152386056,,,
WORKER_RELOC,,8,8,15,,11.049928676498318,,,
WORKER_RELOC,,8,8,16,,7.864982021833976,,,
WORKER_RELOC,,8,8,17,,13.86430090895962,,,
WORKER_RELOC,,8,9,0,,13.453629555272592,,,
WORKER_RELOC,,8,9,1,,6.100997193372752,,,
WORKER_RELOC,,8,9,2,,7.03426308386987,,,
WORKER_RELOC,,8,9,3,,13.772207693344438,,,
WORKER_RELOC,,8,9,4,,7.885288525973118,,,
WORKER_RELOC,,8,9,5,,12.559565501792324,,,
WORKER_RELOC,,8,9,6,,8.480842908834832,,,
WORKER_RELOC,,8,9,7,,4.906635033028677,,,
WORKER_RELOC,,8,9,8,,5.91299189802059,,,
WORKER_RELOC,,8,9,9,,0.0,,,
WORKER_RELOC,,8,9,10,,8.88515202788266,,,
WORKER_RELOC,,8,9,11,,13.890499368850362,,,
WORKER_RELOC,,8,9,12,,9.989610856758787,,,
WORKER_RELOC,,8,9,13,,8.682261084619796,,,
WORKER_RELOC,,8,9,14,,10.884255325573006,,,
WORKER_RELOC,,8,9,15,,6.475950045405963,,,
WORKER_RELOC,,8,9,16,,10.532375117709485,,,
WORKER_RELOC,,8,9,17,,14.076594119089897,,,
WORKER_RELOC,,8,10,0,,6.557586290802434,,,
WORKER_RELOC,,8,10,1,,10.428611010461784,,,
WORKER_RELOC,,8,10,2,,9.34485600253626,,,
WORKER_RELOC,,8,10,3,,7.131438035129653,,,
WORKER_RELOC,,8,10,4,,6.033744120326025,,,
WORKER_RELOC,,8,10,5,,8.809973265984802,,,
WORKER_RELOC,,8,10,6,,14.979736745194488,,,
WORKER_RELOC,,8,10,7,,7.916169471558094,,,
WORKER_RELOC,,8,10,8,,13.127581389211503,,,
WORKER_RELOC,,8,10,9,,15.306830634310257,,,
WORKER_RELOC,,8,10,10,,0.0,,,
WORKER_RELOC,,8,10,11,,2.8342602281237843,,,
WORKER_RELOC,,8,10,12,,2.681569202432484,,,
WORKER_RELOC,,8,10,13,,11.54564320566254,,,
WORKER_RELOC,,8,10,14,,7.437490931858293,,,
WORKER_RELOC,,8,10,15,,13.693968896310311,,,
WORKER_RELOC,,8,10,16,,8.970988786876578,,,
WORKER_RELOC,,8,10,17,,10.116454349390384,,,
WORKER_RELOC,,8,11,0,,15.713414157838121,,,
WORKER_RELOC,,8,11,1,,11.43010312778144,,,
WORKER_RELOC,,8,11,2,,11.936080069188908,,,
WORKER_RELOC,,8,11,3,,8.947394586647334,,,
WORKER_RELOC,,8,11,4,,10.134902378132509,,,
WORKER_RELOC,,8,11,5,,15.29802200766615,,,
WORKER_RELOC,,8,11,6,,11.512589491619002,,,
WORKER_RELOC,,8,11,7,,9.600953158648664,,,
WORKER_RELOC,,8,11,8,,6.200448399580974,,,
WORKER_RELOC,,8,11,9,,9.231111569750967,,,
WORKER_RELOC,,8,11,10,,5.241383542745886,,,
WORKER_RELOC,,8,11,11,,0.0,,,
WORKER_RELOC,,8,11,12,,3.4224826084207023,,,
WORKER_RELOC,,8,11,13,,6.485818085659186,,,
WORKER_RELOC,,8,11,14,,9.989985543629935,,,
WORKER_RELOC,,8,11,15,,8.650374844564837,,,
WORKER_RELOC,,8,11,16,,14.959859019398882,,,
WORKER_RELOC,,8,11,17,,9.99627401636723,,,
WORKER_RELOC,,8,12,0,,6.703189181361981,,,
WORKER_RELOC,,8,12,1,,9.779923840364077,,,
WORKER_RELOC,,8,12,2,,14.373194230952475,,,
WORKER_RELOC,,8,12,3,,7.924459204945381,,,
WORKER_RELOC,,8,12,4,,12.134957323605537,,,
WORKER_RELOC,,8,12,5,,14.249817403962581,,,
WORKER_RELOC,,8,12,6,,13.136943254551584,,,
WORKER_RELOC,,8,12,7,,10.746184914304552,,,
WORKER_RELOC,,8,12,8,,10.02004089788625,,,
WORKER_RELOC,,8,12,9,,7.568669567438846,,,
WORKER_RELOC,,8,12,10,,5.061488339173743,,,
WORKER_RELOC,,8,12,11,,4.786679795574655,,,
WORKER_RELOC,,8,12,12,,0.0,,,
WORKER_RELOC,,8,12,13,,6.3281489469722185,,,
WORKER_RELOC,,8,12,14,,14.204138917785151,,,
WORKER_RELOC,,8,12,15,,14.381009141327961,,,
WORKER_RELOC,,8,12,16,,15.592236342333878,,,
WORKER_RELOC,,8,12,17,,9.106079895420613,,,
WORKER_RELOC,,8,13,0,,14.279525675944507,,,
WORKER_RELOC,,8,13,1,,13.934434938554853,,,
WORKER_RELOC,,8,13,2,,13.983548650914006,,,
WORKER_RELOC,,8,13,3,,13.153385442522138,,,
WORKER_RELOC,,8,13,4,,15.017468372001517,,,
WORKER_RELOC,,8,13,5,,6.025427807898736,,,
WORKER_RELOC,,8,13,6,,10.127149912704061,,,
WORKER_RELOC,,8,13,7,,10.535728280925145,,,
WORKER_RELOC,,8,13,8,,13.788602500113232,,,
WORKER_RELOC,,8,13,9,,11.937263360945018,,,
WORKER_RELOC,,8,13,10,,6.169943818704449,,,
WORKER_RELOC,,8,13,11,,13.587902050701867,,,
WORKER_RELOC,,8,13,12,,7.973869009857379,,,
WORKER_RELOC,,8,13,13,,0.0,,,
WORKER_RELOC,,8,13,14,,5.0123983408426085,,,
WORKER_RELOC,,8,13,15,,11.126953343980656,,,
WORKER_RELOC,,8,13,16,,9.471571039022738,,,
WORKER_RELOC,,8,13,17,,13.987302983837807,,,
WORKER_RELOC,,8,14,0,,12.83831793854506,,,
WORKER_RELOC,,8,14,1,,7.1822370248824825,,,
WORKER_RELOC,,8,14,2,,10.96778785384896,,,
WORKER_RELOC,,8,14,3,,10.765191195323606,,,
WORKER_RELOC,,8,14,4,,9.54021750334562,,,
WORKER_RELOC,,8,14,5,,9.776093350262464,,,
WORKER_RELOC,,8,14,6,,11.76481240726216,,,
WORKER_RELOC,,8,14,7,,9.433836074610836,,,
WORKER_RELOC,,8,14,8,,14.156877815898522,,,
WORKER_RELOC,,8,14,9,,11.471026690281397,,,
WORKER_RELOC,,8,14,10,,10.49703642059334,,,
WORKER_RELOC,,8,14,11,,12.039489505337865,,,
WORKER_RELOC,,8,14,12,,13.927545868897193,,,
WORKER_RELOC,,8,14,13,,5.929642472082188,,,
WORKER_RELOC,,8,14,14,,0.0,,,
WORKER_RELOC,,8,14,15,,13.6639395886221,,,
WORKER_RELOC,,8,14,16,,15.790168026291228,,,
WORKER_RELOC,,8,14,17,,9.218982155541422,,,
WORKER_RELOC,,8,15,0,,9.051015978665774,,,
WORKER_RELOC,,8,15,1,,14.471709636840568,,,
WORKER_RELOC,,8,15,2,,9.985820080400822,,,
WORKER_RELOC,,8,15,3,,12.837459249375893,,,
WORKER_RELOC,,8,15,4,,15.29702444517084,,,
WORKER_RELOC,,8,15,5,,15.263886715499472,,,
WORKER_RELOC,,8,15,6,,10.623601801147647,,,
WORKER_RELOC,,8,15,7,,6.007589408272222,,,
WORKER_RELOC,,8,15,8,,10.85490328273302,,,
WORKER_RELOC,,8,15,9,,9.045994005523273,,,
WORKER_RELOC,,8,15,10,,15.729407556914389,,,
WORKER_RELOC,,8,15,11,,8.77877706217741,,,
WORKER_RELOC,,8,15,12,,10.342199463843881,,,
WORKER_RELOC,,8,15,13,,8.630915482021535,,,
WORKER_RELOC,,8,15,14,,7.171891636923594,,,
WORKER_RELOC,,8,15,15,,0.0,,,
WORKER_RELOC,,8,15,16,,4.905453771936962,,,
WORKER_RELOC,,8,15,17,,4.793803395056264,,,
WORKER_RELOC,,8,16,0,,14.437224349447195,,,
WORKER_RELOC,,8,16,1,,6.783986759273243,,,
WORKER_RELOC,,8,16,2,,10.162008825751627,,,
WORKER_RELOC,,8,16,3,,13.997195955390952,,,
WORKER_RELOC,,8,16,4,,6.84131164288184,,,
WORKER_RELOC,,8,16,5,,14.74754536055815,,,
WORKER_RELOC,,8,16,6,,10.843508402384323,,,
WORKER_RELOC,,8,16,7,,12.629169555526394,,,
WORKER_RELOC,,8,16,8,,15.487560089003148,,,
WORKER_RELOC,,8,16,9,,10.982795259988134,,,
WORKER_RELOC,,8,16,10,,9.90683707784886,,,
WORKER_RELOC,,8,16,11,,15.057520754566369,,,
WORKER_RELOC,,8,16,12,,12.80434269420634,,,
WORKER_RELOC,,8,16,13,,10.04013426535934,,,
WORKER_RELOC,,8,16,14,,12.097183469041681,,,
WORKER_RELOC,,8,16,15,,3.388179957931101,,,
WORKER_RELOC,,8,16,16,,0.0,,,
WORKER_RELOC,,8,16,17,,5.592272346298936,,,
WORKER_RELOC,,8,17,0,,9.82319745103333,,,
WORKER_RELOC,,8,17,1,,12.47541331886894,,,
WORKER_RELOC,,8,17,2,,15.580124509072693,,,
WORKER_RELOC,,8,17,3,,10.909404216659361,,,
WORKER_RELOC,,8,17,4,,15.656197227235449,,,
WORKER_RELOC,,8,17,5,,13.427434725818173,,,
WORKER_RELOC,,8,17,6,,10.203453482789413,,,
WORKER_RELOC,,8,17,7,,11.423278442047401,,,
WORKER_RELOC,,8,17,8,,8.583315599760084,,,
WORKER_RELOC,,8,17,9,,7.284231058841506,,,
WORKER_RELOC,,8,17,10,,7.815359957818407,,,
WORKER_RELOC,,8,17,11,,7.2961919395301145,,,
WORKER_RELOC,,8,17,12,,9.267792259045336,,,
WORKER_RELOC,,8,17,13,,7.875372286767718,,,
WORKER_RELOC,,8,17,14,,6.572449598361415,,,
WORKER_RELOC,,8,17,15,,5.935792908005581,,,
WORKER_RELOC,,8,17,16,,5.800175076636407,,,
WORKER_RELOC,,8,17,17,,0.0,,,
WORKER_RELOC,,9,0,0,,0.0,,,
WORKER_RELOC,,9,0,1,,2.2878993116486455,,,
WORKER_RELOC,,9,0,2,,9.75652571189594,,,
WORKER_RELOC,,9,0,3,,13.881142080839478,,,
WORKER_RELOC,,9,0,4,,14.290055278521699,,,
WORKER_RELOC,,9,0,5,,13.180968062966743,,,
WORKER_RELOC,,9,0,6,,14.504604368668984,,,
WORKER_RELOC,,9,0,7,,8.959935269407978,,,
WORKER_RELOC,,9,0,8,,14.425156741328767,,,
WORKER_RELOC,,9,0,9,,15.03696990733742,,,
WORKER_RELOC,,9,0,10,,10.413207822310119,,,
WORKER_RELOC,,9,0,11,,12.851385702817517,,,
WORKER_RELOC,,9,0,12,,12.008625158269957,,,
WORKER_RELOC,,9,0,13,,7.788923875249716,,,
WORKER_RELOC,,9,0,14,,8.471463810992745,,,
WORKER_RELOC,,9,0,15,,9.195671784986612,,,
WORKER_RELOC,,9,0,16,,12.229421503007508,,,
WORKER_RELOC,,9,0,17,,13.310021850657368,,,
WORKER_RELOC,,9,1,0,,4.768866596621133,,,
WORKER_RELOC,,9,1,1,,0.0,,,
WORKER_RELOC,,9,1,2,,11.86806096255836,,,
WORKER_RELOC,,9,1,3,,15.252004623116274,,,
WORKER_RELOC,,9,1,4,,12.543691727360315,,,
WORKER_RELOC,,9,1,5,,11.919006403453867,,,
WORKER_RELOC,,9,1,6,,10.120877565352213,,,
WORKER_RELOC,,9,1,7,,13.787477016274604,,,
WORKER_RELOC,,9,1,8,,9.728195682012347,,,
WORKER_RELOC,,9,1,9,,10.196759360680108,,,
WORKER_RELOC,,9,1,10,,6.468992356118219,,,
WORKER_RELOC,,9,1,11,,6.264376287533706,,,
WORKER_RELOC,,9,1,12,,7.654947901195765,,,
WORKER_RELOC,,9,1,13,,10.306825894309897,,,
WORKER_RELOC,,9,1,14,,6.165338971968847,,,
WORKER_RELOC,,9,1,15,,7.60740248706193,,,
WORKER_RELOC,,9,1,16,,7.965238723161585,,,
WORKER_RELOC,,9,1,17,,10.614148347971394,,,
WORKER_RELOC,,9,2,0,,10.652739034325991,,,
WORKER_RELOC,,9,2,1,,7.647259211069999,,,
WORKER_RELOC,,9,2,2,,0.0,,,
WORKER_RELOC,,9,2,3,,8.558241213599999,,,
WORKER_RELOC,,9,2,4,,7.09514365606597,,,
WORKER_RELOC,,9,2,5,,7.116461594487643,,,
WORKER_RELOC,,9,2,6,,8.738680942215874,,,
WORKER_RELOC,,9,2,7,,7.184782867796112,,,
WORKER_RELOC,,9,2,8,,10.774636585716094,,,
WORKER_RELOC,,9,2,9,,12.890946402999448,,,
WORKER_RELOC,,9,2,10,,11.109857350586077,,,
WORKER_RELOC,,9,2,11,,13.759631701023546,,,
WORKER_RELOC,,9,2,12,,9.207110738906232,,,
WORKER_RELOC,,9,2,13,,7.037335179434652,,,
WORKER_RELOC,,9,2,14,,15.950977045191834,,,
WORKER_RELOC,,9,2,15,,10.377782431704285,,,
WORKER_RELOC,,9,2,16,,10.984446192944446,,,
WORKER_RELOC,,9,2,17,,14.196368192622101,,,
WORKER_RELOC,,9,3,0,,15.095797172891697,,,
WORKER_RELOC,,9,3,1,,13.985712323306752,,,
WORKER_RELOC,,9,3,2,,7.847766235347054,,,
WORKER_RELOC,,9,3,3,,0.0,,,
WORKER_RELOC,,9,3,4,,3.1593365677748433,,,
WORKER_RELOC,,9,3,5,,2.725037983141395,,,
WORKER_RELOC,,9,3,6,,15.288539662881984,,,
WORKER_RELOC,,9,3,7,,9.729418916903935,,,
WORKER_RELOC,,9,3,8,,6.2991121502084155,,,
WORKER_RELOC,,9,3,9,,15.493212954086097,,,
WORKER_RELOC,,9,3,10,,10.528198874610725,,,
WORKER_RELOC,,9,3,11,,6.173312007505616,,,
WORKER_RELOC,,9,3,12,,8.688125190898976,,,
WORKER_RELOC,,9,3,13,,13.123711302806548,,,
WORKER_RELOC,,9,3,14,,12.023594651989217,,,
WORKER_RELOC,,9,3,15,,13.650176004623827,,,
WORKER_RELOC,,9,3,16,,12.97247237586495,,,
WORKER_RELOC,,9,3,17,,7.62616304539976,,,
WORKER_RELOC,,9,4,0,,14.065380768982639,,,
WORKER_RELOC,,9,4,1,,9.799601365424618,,,
WORKER_RELOC,,9,4,2,,7.4079004876241,,,
WORKER_RELOC,,9,4,3,,3.9824297500407058,,,
WORKER_RELOC,,9,4,4,,0.0,,,
WORKER_RELOC,,9,4,5,,5.0354232045866745,,,
WORKER_RELOC,,9,4,6,,11.042511578307153,,,
WORKER_RELOC,,9,4,7,,7.302255513048717,,,
WORKER_RELOC,,9,4,8,,10.916359299363116,,,
WORKER_RELOC,,9,4,9,,14.266806834163356,,,
WORKER_RELOC,,9,4,10,,12.103023026233991,,,
WORKER_RELOC,,9,4,11,,7.263252900713968,,,
WORKER_RELOC,,9,4,12,,11.283427655211751,,,
WORKER_RELOC,,9,4,13,,8.304822091385137,,,
WORKER_RELOC,,9,4,14,,13.000064511735047,,,
WORKER_RELOC,,9,4,15,,12.648744167099842,,,
WORKER_RELOC,,9,4,16,,10.717009408367918,,,
WORKER_RELOC,,9,4,17,,9.905540039088686,,,
WORKER_RELOC,,9,5,0,,10.622621769008624,,,
WORKER_RELOC,,9,5,1,,13.200484296637793,,,
WORKER_RELOC,,9,5,2,,9.142257929210182,,,
WORKER_RELOC,,9,5,3,,4.865024416729554,,,
WORKER_RELOC,,9,5,4,,2.0075882352792376,,,
WORKER_RELOC,,9,5,5,,0.0,,,
WORKER_RELOC,,9,5,6,,14.567097880018368,,,
WORKER_RELOC,,9,5,7,,13.624794074268658,,,
WORKER_RELOC,,9,5,8,,15.018151241536756,,,
WORKER_RELOC,,9,5,9,,11.31242936330366,,,
WORKER_RELOC,,9,5,10,,14.553414107328608,,,
WORKER_RELOC,,9,5,11,,8.954945549536793,,,
WORKER_RELOC,,9,5,12,,10.16834610258537,,,
WORKER_RELOC,,9,5,13,,6.481138856263069,,,
WORKER_RELOC,,9,5,14,,13.240192626980583,,,
WORKER_RELOC,,9,5,15,,7.19449128711609,,,
WORKER_RELOC,,9,5,16,,13.460095254398723,,,
WORKER_RELOC,,9,5,17,,7.297412140398524,,,
WORKER_RELOC,,9,6,0,,9.876301689581254,,,
WORKER_RELOC,,9,6,1,,15.585036970003326,,,
WORKER_RELOC,,9,6,2,,14.737988923126176,,,
WORKER_RELOC,,9,6,3,,11.372920127599956,,,
WORKER_RELOC,,9,6,4,,13.641460826177362,,,
WORKER_RELOC,,9,6,5,,6.125382659527262,,,
WORKER_RELOC,,9,6,6,,0.0,,,
WORKER_RELOC,,9,6,7,,8.317608781592604,,,
WORKER_RELOC,,9,6,8,,8.639150188772785,,,
WORKER_RELOC,,9,6,9,,7.99862287989844,,,
WORKER_RELOC,,9,6,10,,15.090361802014813,,,
WORKER_RELOC,,9,6,11,,10.414549375381924,,,
WORKER_RELOC,,9,6,12,,12.89374617834839,,,
WORKER_RELOC,,9,6,13,,12.546464084408942,,,
WORKER_RELOC,,9,6,14,,10.996216862457675,,,
WORKER_RELOC,,9,6,15,,8.654098097141397,,,
WORKER_RELOC,,9,6,16,,13.499873508704718,,,
WORKER_RELOC,,9,6,17,,6.888778142070446,,,
WORKER_RELOC,,9,7,0,,13.360819759826672,,,
WORKER_RELOC,,9,7,1,,11.914966334737484,,,
WORKER_RELOC,,9,7,2,,14.453420800926452,,,
WORKER_RELOC,,9,7,3,,13.615188118924806,,,
WORKER_RELOC,,9,7,4,,8.453287583307898,,,
WORKER_RELOC,,9,7,5,,8.234163295626722,,,
WORKER_RELOC,,9,7,6,,14.156541688037297,,,
WORKER_RELOC,,9,7,7,,0.0,,,
WORKER_RELOC,,9,7,8,,2.734349913003614,,,
WORKER_RELOC,,9,7,9,,4.999274395577544,,,
WORKER_RELOC,,9,7,10,,7.174998656422115,,,
WORKER_RELOC,,9,7,11,,14.737402655626392,,,
WORKER_RELOC,,9,7,12,,8.963774911996309,,,
WORKER_RELOC,,9,7,13,,10.326022451047791,,,
WORKER_RELOC,,9,7,14,,15.678811252473409,,,
WORKER_RELOC,,9,7,15,,15.269792765214167,,,
WORKER_RELOC,,9,7,16,,10.724055284244145,,,
WORKER_RELOC,,9,7,17,,12.758859801410173,,,
WORKER_RELOC,,9,8,0,,8.39048578128395,,,
WORKER_RELOC,,9,8,1,,8.644433672811521,,,
WORKER_RELOC,,9,8,2,,7.040427499683512,,,
WORKER_RELOC,,9,8,3,,9.471863616426264,,,
WORKER_RELOC,,9,8,4,,7.6963581895752196,,,
WORKER_RELOC,,9,8,5,,9.366395141377701,,,
WORKER_RELOC,,9,8,6,,10.941100140720202,,,
WORKER_RELOC,,9,8,7,,3.006717479845988,,,
WORKER_RELOC,,9,8,8,,0.0,,,
WORKER_RELOC,,9,8,9,,4.928104425559786,,,
WORKER_RELOC,,9,8,10,,13.270215391615594,,,
WORKER_RELOC,,9,8,11,,6.837271350664709,,,
WORKER_RELOC,,9,8,12,,12.06704375362425,,,
WORKER_RELOC,,9,8,13,,10.041637129401611,,,
WORKER_RELOC,,9,8,14,,10.756040086919107,,,
WORKER_RELOC,,9,8,15,,7.687048484385261,,,
WORKER_RELOC,,9,8,16,,14.046669958937372,,,
WORKER_RELOC,,9,8,17,,10.848963306582306,,,
WORKER_RELOC,,9,9,0,,15.8054482544705,,,
WORKER_RELOC,,9,9,1,,13.906476802657995,,,
WORKER_RELOC,,9,9,2,,11.058121443367709,,,
WORKER_RELOC,,9,9,3,,13.864431716690179,,,
WORKER_RELOC,,9,9,4,,6.9869087960478184,,,
WORKER_RELOC,,9,9,5,,14.942282121061615,,,
WORKER_RELOC,,9,9,6,,8.287991676949897,,,
WORKER_RELOC,,9,9,7,,3.2502298301585264,,,
WORKER_RELOC,,9,9,8,,5.714162254447647,,,
WORKER_RELOC,,9,9,9,,0.0,,,
WORKER_RELOC,,9,9,10,,7.218973942719106,,,
WORKER_RELOC,,9,9,11,,14.80469282557604,,,
WORKER_RELOC,,9,9,12,,12.938101333025589,,,
WORKER_RELOC,,9,9,13,,13.095927501583336,,,
WORKER_RELOC,,9,9,14,,13.229216464602608,,,
WORKER_RELOC,,9,9,15,,11.791424087839555,,,
WORKER_RELOC,,9,9,16,,7.14214402734026,,,
WORKER_RELOC,,9,9,17,,7.502766102156212,,,
WORKER_RELOC,,9,10,0,,8.412803361401814,,,
WORKER_RELOC,,9,10,1,,7.136281645766198,,,
WORKER_RELOC,,9,10,2,,9.364099308280242,,,
WORKER_RELOC,,9,10,3,,12.875159334895162,,,
WORKER_RELOC,,9,10,4,,12.75651883866902,,,
WORKER_RELOC,,9,10,5,,15.343545897381201,,,
WORKER_RELOC,,9,10,6,,11.956413173062314,,,
WORKER_RELOC,,9,10,7,,15.925163660716674,,,
WORKER_RELOC,,9,10,8,,12.343888638137456,,,
WORKER_RELOC,,9,10,9,,12.093691968851498,,,
WORKER_RELOC,,9,10,10,,0.0,,,
WORKER_RELOC,,9,10,11,,5.703754699937814,,,
WORKER_RELOC,,9,10,12,,2.0842343532192564,,,
WORKER_RELOC,,9,10,13,,7.443178454061128,,,
WORKER_RELOC,,9,10,14,,9.407201860236526,,,
WORKER_RELOC,,9,10,15,,12.94358936435215,,,
WORKER_RELOC,,9,10,16,,7.950498074374691,,,
WORKER_RELOC,,9,10,17,,8.975037055713429,,,
WORKER_RELOC,,9,11,0,,10.637037935116691,,,
WORKER_RELOC,,9,11,1,,15.583304382842915,,,
WORKER_RELOC,,9,11,2,,13.982012776665897,,,
WORKER_RELOC,,9,11,3,,15.701168560191894,,,
WORKER_RELOC,,9,11,4,,15.905989712973275,,,
WORKER_RELOC,,9,11,5,,11.302444514264222,,,
WORKER_RELOC,,9,11,6,,11.787960561814288,,,
WORKER_RELOC,,9,11,7,,15.890154278197969,,,
WORKER_RELOC,,9,11,8,,7.917747938481397,,,
WORKER_RELOC,,9,11,9,,13.27163995565624,,,
WORKER_RELOC,,9,11,10,,5.000639179014656,,,
WORKER_RELOC,,9,11,11,,0.0,,,
WORKER_RELOC,,9,11,12,,4.509952326184532,,,
WORKER_RELOC,,9,11,13,,9.634438948664688,,,
WORKER_RELOC,,9,11,14,,15.659815838309365,,,
WORKER_RELOC,,9,11,15,,12.713699833908514,,,
WORKER_RELOC,,9,11,16,,9.385264542816898,,,
WORKER_RELOC,,9,11,17,,9.461609224367205,,,
WORKER_RELOC,,9,12,0,,10.634523105755406,,,
WORKER_RELOC,,9,12,1,,6.525863749413239,,,
WORKER_RELOC,,9,12,2,,15.320288619553045,,,
WORKER_RELOC,,9,12,3,,9.81920438527684,,,
WORKER_RELOC,,9,12,4,,9.752115637451286,,,
WORKER_RELOC,,9,12,5,,10.516460781859195,,,
WORKER_RELOC,,9,12,6,,8.599600780620198,,,
WORKER_RELOC,,9,12,7,,15.319519244989289,,,
WORKER_RELOC,,9,12,8,,15.281637064390155,,,
WORKER_RELOC,,9,12,9,,15.75282911063376,,,
WORKER_RELOC,,9,12,10,,5.8190397295566605,,,
WORKER_RELOC,,9,12,11,,4.476713580969327,,,
WORKER_RELOC,,9,12,12,,0.0,,,
WORKER_RELOC,,9,12,13,,11.577514546136285,,,
WORKER_RELOC,,9,12,14,,6.380593023826398,,,
WORKER_RELOC,,9,12,15,,9.323857751048205,,,
WORKER_RELOC,,9,12,16,,13.230977714579433,,,
WORKER_RELOC,,9,12,17,,11.257459620714604,,,
WORKER_RELOC,,9,13,0,,9.21720315728453,,,
WORKER_RELOC,,9,13,1,,14.385799914101051,,,
WORKER_RELOC,,9,13,2,,14.991779728606616,,,
WORKER_RELOC,,9,13,3,,14.31347688961913,,,
WORKER_RELOC,,9,13,4,,7.799047743920794,,,
WORKER_RELOC,,9,13,5,,14.779723095212768,,,
WORKER_RELOC,,9,13,6,,14.177938620911906,,,
WORKER_RELOC,,9,13,7,,14.117674188064699,,,
WORKER_RELOC,,9,13,8,,15.540960903761055,,,
WORKER_RELOC,,9,13,9,,12.70187470536048,,,
WORKER_RELOC,,9,13,10,,11.473565021944879,,,
WORKER_RELOC,,9,13,11,,8.5657818473051,,,
WORKER_RELOC,,9,13,12,,6.829550822888532,,,
WORKER_RELOC,,9,13,13,,0.0,,,
WORKER_RELOC,,9,13,14,,3.0965530450435654,,,
WORKER_RELOC,,9,13,15,,7.878863963577172,,,
WORKER_RELOC,,9,13,16,,10.754363021948983,,,
WORKER_RELOC,,9,13,17,,12.919336453396681,,,
WORKER_RELOC,,9,14,0,,11.549428168682002,,,
WORKER_RELOC,,9,14,1,,6.513333558805061,,,
WORKER_RELOC,,9,14,2,,15.976390360182638,,,
WORKER_RELOC,,9,14,3,,8.921334361562437,,,
WORKER_RELOC,,9,14,4,,10.9874670151922,,,
WORKER_RELOC,,9,14,5,,14.541163904366122,,,
WORKER_RELOC,,9,14,6,,11.114110833166716,,,
WORKER_RELOC,,9,14,7,,7.657969594638083,,,
WORKER_RELOC,,9,14,8,,15.019463535769749,,,
WORKER_RELOC,,9,14,9,,10.141800774990754,,,
WORKER_RELOC,,9,14,10,,11.381502863193878,,,
WORKER_RELOC,,9,14,11,,14.481724717842724,,,
WORKER_RELOC,,9,14,12,,15.757882374919204,,,
WORKER_RELOC,,9,14,13,,2.569357101781973,,,
WORKER_RELOC,,9,14,14,,0.0,,,
WORKER_RELOC,,9,14,15,,6.645507289135457,,,
WORKER_RELOC,,9,14,16,,9.046935672611744,,,
WORKER_RELOC,,9,14,17,,12.122993348107677,,,
WORKER_RELOC,,9,15,0,,9.777630860075405,,,
WORKER_RELOC,,9,15,1,,8.394630640989185,,,
WORKER_RELOC,,9,15,2,,9.523292016355892,,,
WORKER_RELOC,,9,15,3,,10.92455297629644,,,
WORKER_RELOC,,9,15,4,,9.816671864699472,,,
WORKER_RELOC,,9,15,5,,7.256538256542102,,,
WORKER_RELOC,,9,15,6,,12.967229379959264,,,
WORKER_RELOC,,9,15,7,,13.25335003154331,,,
WORKER_RELOC,,9,15,8,,13.26932127314415,,,
WORKER_RELOC,,9,15,9,,13.172955419946081,,,
WORKER_RELOC,,9,15,10,,13.782866436490064,,,
WORKER_RELOC,,9,15,11,,8.221297101962714,,,
WORKER_RELOC,,9,15,12,,6.767618354205977,,,
WORKER_RELOC,,9,15,13,,14.189305293814508,,,
WORKER_RELOC,,9,15,14,,10.613799119053734,,,
WORKER_RELOC,,9,15,15,,0.0,,,
WORKER_RELOC,,9,15,16,,4.514682909874832,,,
WORKER_RELOC,,9,15,17,,3.7776284968233336,,,
WORKER_RELOC,,9,16,0,,14.371665587589659,,,
WORKER_RELOC,,9,16,1,,6.056410128785457,,,
WORKER_RELOC,,9,16,2,,6.313636110816714,,,
WORKER_RELOC,,9,16,3,,14.18328206539273,,,
WORKER_RELOC,,9,16,4,,11.83847347555809,,,
WORKER_RELOC,,9,16,5,,14.245898881554734,,,
WORKER_RELOC,,9,16,6,,7.42083228588087,,,
WORKER_RELOC,,9,16,7,,11.189237506847387,,,
WORKER_RELOC,,9,16,8,,14.632154488507412,,,
WORKER_RELOC,,9,16,9,,7.669018322784713,,,
WORKER_RELOC,,9,16,10,,13.869304548701436,,,
WORKER_RELOC,,9,16,11,,15.208061183346658,,,
WORKER_RELOC,,9,16,12,,11.852713476609106,,,
WORKER_RELOC,,9,16,13,,7.9759373699893725,,,
WORKER_RELOC,,9,16,14,,9.739192191589193,,,
WORKER_RELOC,,9,16,15,,3.7781376706429253,,,
WORKER_RELOC,,9,16,16,,0.0,,,
WORKER_RELOC,,9,16,17,,4.976292414903119,,,
WORKER_RELOC,,9,17,0,,12.861856459241752,,,
WORKER_RELOC,,9,17,1,,15.164625502872546,,,
WORKER_RELOC,,9,17,2,,13.189177267103954,,,
WORKER_RELOC,,9,17,3,,8.032261780137226,,,
WORKER_RELOC,,9,17,4,,11.3704494519998,,,
WORKER_RELOC,,9,17,5,,6.872105872279944,,,
WORKER_RELOC,,9,17,6,,14.347984823835247,,,
WORKER_RELOC,,9,17,7,,11.140814046106026,,,
WORKER_RELOC,,9,17,8,,12.122510297198254,,,
WORKER_RELOC,,9,17,9,,9.023074361235237,,,
WORKER_RELOC,,9,17,10,,6.153050780525569,,,
WORKER_RELOC,,9,17,11,,15.126924949901749,,,
WORKER_RELOC,,9,17,12,,14.126453994562134,,,
WORKER_RELOC,,9,17,13,,11.576790070442586,,,
WORKER_RELOC,,9,17,14,,9.582224739792185,,,
WORKER_RELOC,,9,17,15,,2.448952910765152,,,
WORKER_RELOC,,9,17,16,,4.493588166298795,,,
WORKER_RELOC,,9,17,17,,0.0,,,
WORKER_RELOC,,10,0,0,,0.0,,,
WORKER_RELOC,,10,0,1,,5.484430460876176,,,
WORKER_RELOC,,10,0,2,,8.634984498599309,,,
WORKER_RELOC,,10,0,3,,15.52162490397275,,,
WORKER_RELOC,,10,0,4,,8.89007942838792,,,
WORKER_RELOC,,10,0,5,,8.887748185702801,,,
WORKER_RELOC,,10,0,6,,6.091243344760359,,,
WORKER_RELOC,,10,0,7,,13.62614583850823,,,
WORKER_RELOC,,10,0,8,,12.429252159719356,,,
WORKER_RELOC,,10,0,9,,12.444606947363003,,,
WORKER_RELOC,,10,0,10,,12.916394616301687,,,
WORKER_RELOC,,10,0,11,,15.498718574650969,,,
WORKER_RELOC,,10,0,12,,11.588660704106744,,,
WORKER_RELOC,,10,0,13,,8.276226212938457,,,
WORKER_RELOC,,10,0,14,,8.584297751703104,,,
WORKER_RELOC,,10,0,15,,12.83677270670573,,,
WORKER_RELOC,,10,0,16,,11.083526784932845,,,
WORKER_RELOC,,10,0,17,,12.408939360245245,,,
WORKER_RELOC,,10,1,0,,5.983931330476704,,,
WORKER_RELOC,,10,1,1,,0.0,,,
WORKER_RELOC,,10,1,2,,9.12656111116896,,,
WORKER_RELOC,,10,1,3,,7.1069880577220825,,,
WORKER_RELOC,,10,1,4,,14.672061080098777,,,
WORKER_RELOC,,10,1,5,,6.679700824876824,,,
WORKER_RELOC,,10,1,6,,6.347215240405082,,,
WORKER_RELOC,,10,1,7,,6.467835166096613,,,
WORKER_RELOC,,10,1,8,,13.416197851597943,,,
WORKER_RELOC,,10,1,9,,11.283975215652745,,,
WORKER_RELOC,,10,1,10,,14.019763960199267,,,
WORKER_RELOC,,10,1,11,,10.178667312819734,,,
WORKER_RELOC,,10,1,12,,14.396128132106599,,,
WORKER_RELOC,,10,1,13,,15.95118866930176,,,
WORKER_RELOC,,10,1,14,,14.035069391425356,,,
WORKER_RELOC,,10,1,15,,14.432284424283477,,,
WORKER_RELOC,,10,1,16,,8.625603275816424,,,
WORKER_RELOC,,10,1,17,,13.78276755356491,,,
WORKER_RELOC,,10,2,0,,13.595644341457115,,,
WORKER_RELOC,,10,2,1,,8.04511249427636,,,
WORKER_RELOC,,10,2,2,,0.0,,,
WORKER_RELOC,,10,2,3,,10.224551930927529,,,
WORKER_RELOC,,10,2,4,,13.735334156127937,,,
WORKER_RELOC,,10,2,5,,11.167575761683747,,,
WORKER_RELOC,,10,2,6,,7.18482152184421,,,
WORKER_RELOC,,10,2,7,,14.84968463562258,,,
WORKER_RELOC,,10,2,8,,14.341412774311047,,,
WORKER_RELOC,,10,2,9,,10.497925086368015,,,
WORKER_RELOC,,10,2,10,,6.793990449446914,,,
WORKER_RELOC,,10,2,11,,6.070213741872214,,,
WORKER_RELOC,,10,2,12,,7.566624915427253,,,
WORKER_RELOC,,10,2,13,,11.638841534144994,,,
WORKER_RELOC,,10,2,14,,8.183384825930439,,,
WORKER_RELOC,,10,2,15,,11.214065602713363,,,
WORKER_RELOC,,10,2,16,,15.028298339451066,,,
WORKER_RELOC,,10,2,17,,11.56315546601338,,,
WORKER_RELOC,,10,3,0,,6.300606541426927,,,
WORKER_RELOC,,10,3,1,,13.541880378300899,,,
WORKER_RELOC,,10,3,2,,12.515272516987114,,,
WORKER_RELOC,,10,3,3,,0.0,,,
WORKER_RELOC,,10,3,4,,5.951341987859028,,,
WORKER_RELOC,,10,3,5,,2.476525168180193,,,
WORKER_RELOC,,10,3,6,,12.435813701013139,,,
WORKER_RELOC,,10,3,7,,7.194433471335456,,,
WORKER_RELOC,,10,3,8,,6.011818938677317,,,
WORKER_RELOC,,10,3,9,,14.260980046612675,,,
WORKER_RELOC,,10,3,10,,14.883896526438228,,,
WORKER_RELOC,,10,3,11,,7.071345452794748,,,
WORKER_RELOC,,10,3,12,,8.921530139365146,,,
WORKER_RELOC,,10,3,13,,11.039242703946732,,,
WORKER_RELOC,,10,3,14,,12.333759173489236,,,
WORKER_RELOC,,10,3,15,,9.596741605474389,,,
WORKER_RELOC,,10,3,16,,10.881699059688373,,,
WORKER_RELOC,,10,3,17,,9.554745346229286,,,
WORKER_RELOC,,10,4,0,,8.379150117867713,,,
WORKER_RELOC,,10,4,1,,11.62956436070856,,,
WORKER_RELOC,,10,4,2,,8.63741305264631,,,
WORKER_RELOC,,10,4,3,,2.9052840123345662,,,
WORKER_RELOC,,10,4,4,,0.0,,,
WORKER_RELOC,,10,4,5,,5.541082987770494,,,
WORKER_RELOC,,10,4,6,,9.673356236842203,,,
WORKER_RELOC,,10,4,7,,12.626998243703916,,,
WORKER_RELOC,,10,4,8,,13.070280971986929,,,
WORKER_RELOC,,10,4,9,,15.124801652439032,,,
WORKER_RELOC,,10,4,10,,9.080008375185537,,,
WORKER_RELOC,,10,4,11,,8.563847555868918,,,
WORKER_RELOC,,10,4,12,,9.67751886702565,,,
WORKER_RELOC,,10,4,13,,12.260954972917467,,,
WORKER_RELOC,,10,4,14,,12.527291539649353,,,
WORKER_RELOC,,10,4,15,,12.392237052658178,,,
WORKER_RELOC,,10,4,16,,14.795489268184802,,,
WORKER_RELOC,,10,4,17,,15.57886741580537,,,
WORKER_RELOC,,10,5,0,,7.415896032646911,,,
WORKER_RELOC,,10,5,1,,13.000644312862434,,,
WORKER_RELOC,,10,5,2,,6.63630686695991,,,
WORKER_RELOC,,10,5,3,,2.7818095736140407,,,
WORKER_RELOC,,10,5,4,,5.229891472397412,,,
WORKER_RELOC,,10,5,5,,0.0,,,
WORKER_RELOC,,10,5,6,,13.860848643156736,,,
WORKER_RELOC,,10,5,7,,13.533718026034016,,,
WORKER_RELOC,,10,5,8,,7.433845104474347,,,
WORKER_RELOC,,10,5,9,,11.847657823887433,,,
WORKER_RELOC,,10,5,10,,15.401448872917863,,,
WORKER_RELOC,,10,5,11,,15.004532930869697,,,
WORKER_RELOC,,10,5,12,,10.057420629020164,,,
WORKER_RELOC,,10,5,13,,15.331169715381723,,,
WORKER_RELOC,,10,5,14,,11.935067031747884,,,
WORKER_RELOC,,10,5,15,,7.668740936493341,,,
WORKER_RELOC,,10,5,16,,11.786004297975097,,,
WORKER_RELOC,,10,5,17,,9.24005922157951,,,
WORKER_RELOC,,10,6,0,,11.673046819346428,,,
WORKER_RELOC,,10,6,1,,9.594662932620535,,,
WORKER_RELOC,,10,6,2,,10.768198315303092,,,
WORKER_RELOC,,10,6,3,,6.375703328461076,,,
WORKER_RELOC,,10,6,4,,9.971777099338455,,,
WORKER_RELOC,,10,6,5,,7.8244726579098645,,,
WORKER_RELOC,,10,6,6,,0.0,,,
WORKER_RELOC,,10,6,7,,7.917067627143902,,,
WORKER_RELOC,,10,6,8,,7.807162968027381,,,
WORKER_RELOC,,10,6,9,,8.472625384841901,,,
WORKER_RELOC,,10,6,10,,7.764934339001224,,,
WORKER_RELOC,,10,6,11,,11.96409389877125,,,
WORKER_RELOC,,10,6,12,,13.575700805277355,,,
WORKER_RELOC,,10,6,13,,13.277215356098779,,,
WORKER_RELOC,,10,6,14,,11.522715186775162,,,
WORKER_RELOC,,10,6,15,,6.970318848952108,,,
WORKER_RELOC,,10,6,16,,11.51792176802134,,,
WORKER_RELOC,,10,6,17,,13.945233005504418,,,
WORKER_RELOC,,10,7,0,,11.621010369089571,,,
WORKER_RELOC,,10,7,1,,8.592520329422515,,,
WORKER_RELOC,,10,7,2,,15.277465804217558,,,
WORKER_RELOC,,10,7,3,,14.041774401795944,,,
WORKER_RELOC,,10,7,4,,11.031423100817282,,,
WORKER_RELOC,,10,7,5,,12.26258766433888,,,
WORKER_RELOC,,10,7,6,,6.617786585648878,,,
WORKER_RELOC,,10,7,7,,0.0,,,
WORKER_RELOC,,10,7,8,,2.3796097937664746,,,
WORKER_RELOC,,10,7,9,,2.2718832076624187,,,
WORKER_RELOC,,10,7,10,,12.822433389306969,,,
WORKER_RELOC,,10,7,11,,6.993994007895713,,,
WORKER_RELOC,,10,7,12,,14.79856358551918,,,
WORKER_RELOC,,10,7,13,,7.352463097624945,,,
WORKER_RELOC,,10,7,14,,15.51636666181844,,,
WORKER_RELOC,,10,7,15,,13.828721557726311,,,
WORKER_RELOC,,10,7,16,,15.404617539172715,,,
WORKER_RELOC,,10,7,17,,14.69211162767144,,,
WORKER_RELOC,,10,8,0,,12.441453087047663,,,
WORKER_RELOC,,10,8,1,,9.222243983857943,,,
WORKER_RELOC,,10,8,2,,15.21519472765971,,,
WORKER_RELOC,,10,8,3,,13.491270092815718,,,
WORKER_RELOC,,10,8,4,,11.827819504478054,,,
WORKER_RELOC,,10,8,5,,7.435898417244957,,,
WORKER_RELOC,,10,8,6,,13.75105012387081,,,
WORKER_RELOC,,10,8,7,,3.427039039149822,,,
WORKER_RELOC,,10,8,8,,0.0,,,
WORKER_RELOC,,10,8,9,,3.232264258327691,,,
WORKER_RELOC,,10,8,10,,10.753190730830013,,,
WORKER_RELOC,,10,8,11,,15.532877656266137,,,
WORKER_RELOC,,10,8,12,,12.862539154823413,,,
WORKER_RELOC,,10,8,13,,9.664029363654999,,,
WORKER_RELOC,,10,8,14,,13.88731374771741,,,
WORKER_RELOC,,10,8,15,,8.530507824597013,,,
WORKER_RELOC,,10,8,16,,7.329544836399191,,,
WORKER_RELOC,,10,8,17,,7.979953499381844,,,
WORKER_RELOC,,10,9,0,,6.858913131527607,,,
WORKER_RELOC,,10,9,1,,7.110735227954947,,,
WORKER_RELOC,,10,9,2,,7.385102088450363,,,
WORKER_RELOC,,10,9,3,,11.904085580146454,,,
WORKER_RELOC,,10,9,4,,12.423055051468014,,,
WORKER_RELOC,,10,9,5,,6.816922846482964,,,
WORKER_RELOC,,10,9,6,,9.542337301707645,,,
WORKER_RELOC,,10,9,7,,2.3877472034355414,,,
WORKER_RELOC,,10,9,8,,5.094278726557944,,,
WORKER_RELOC,,10,9,9,,0.0,,,
WORKER_RELOC,,10,9,10,,6.4273735556943645,,,
WORKER_RELOC,,10,9,11,,8.905621551542513,,,
WORKER_RELOC,,10,9,12,,13.916237471134421,,,
WORKER_RELOC,,10,9,13,,15.170070102873805,,,
WORKER_RELOC,,10,9,14,,13.821126501411886,,,
WORKER_RELOC,,10,9,15,,6.101068512939064,,,
WORKER_RELOC,,10,9,16,,7.789190793423856,,,
WORKER_RELOC,,10,9,17,,9.831861242392108,,,
WORKER_RELOC,,10,10,0,,12.959124032217261,,,
WORKER_RELOC,,10,10,1,,9.520119670374383,,,
WORKER_RELOC,,10,10,2,,15.948538214569778,,,
WORKER_RELOC,,10,10,3,,8.94310806072054,,,
WORKER_RELOC,,10,10,4,,13.818190049584915,,,
WORKER_RELOC,,10,10,5,,8.533121512488398,,,
WORKER_RELOC,,10,10,6,,10.445267513953238,,,
WORKER_RELOC,,10,10,7,,14.102459042381803,,,
WORKER_RELOC,,10,10,8,,10.815723595241927,,,
WORKER_RELOC,,10,10,9,,11.48705326509279,,,
WORKER_RELOC,,10,10,10,,0.0,,,
WORKER_RELOC,,10,10,11,,3.8386848473703394,,,
WORKER_RELOC,,10,10,12,,2.886998197428991,,,
WORKER_RELOC,,10,10,13,,6.12579524173752,,,
WORKER_RELOC,,10,10,14,,10.456418451003374,,,
WORKER_RELOC,,10,10,15,,13.259977312580698,,,
WORKER_RELOC,,10,10,16,,7.498896674081984,,,
WORKER_RELOC,,10,10,17,,10.729356846998884,,,
WORKER_RELOC,,10,11,0,,13.62422946492023,,,
WORKER_RELOC,,10,11,1,,8.335424078480344,,,
WORKER_RELOC,,10,11,2,,9.213024609688526,,,
WORKER_RELOC,,10,11,3,,8.280066450355768,,,
WORKER_RELOC,,10,11,4,,9.085542043841322,,,
WORKER_RELOC,,10,11,5,,13.064133462870743,,,
WORKER_RELOC,,10,11,6,,9.476673782249087,,,
WORKER_RELOC,,10,11,7,,12.627103256399204,,,
WORKER_RELOC,,10,11,8,,14.542993855734984,,,
WORKER_RELOC,,10,11,9,,8.410181625504473,,,
WORKER_RELOC,,10,11,10,,4.60769193076653,,,
WORKER_RELOC,,10,11,11,,0.0,,,
WORKER_RELOC,,10,11,12,,5.002692425281034,,,
WORKER_RELOC,,10,11,13,,10.124503017278085,,,
WORKER_RELOC,,10,11,14,,12.492996313927074,,,
WORKER_RELOC,,10,11,15,,6.232815379275398,,,
WORKER_RELOC,,10,11,16,,7.061061579151653,,,
WORKER_RELOC,,10,11,17,,6.2550151008342905,,,
WORKER_RELOC,,10,12,0,,12.903851656290202,,,
WORKER_RELOC,,10,12,1,,13.9969182496607,,,
WORKER_RELOC,,10,12,2,,13.9481290115861,,,
WORKER_RELOC,,10,12,3,,9.444264454869181,,,
WORKER_RELOC,,10,12,4,,10.29408784510441,,,
WORKER_RELOC,,10,12,5,,8.857083817160724,,,
WORKER_RELOC,,10,12,6,,10.6796697652041,,,
WORKER_RELOC,,10,12,7,,14.49829703443612,,,
WORKER_RELOC,,10,12,8,,13.037991518948086,,,
WORKER_RELOC,,10,12,9,,14.505182231582529,,,
WORKER_RELOC,,10,12,10,,2.8550791218926017,,,
WORKER_RELOC,,10,12,11,,2.4625450149143773,,,
WORKER_RELOC,,10,12,12,,0.0,,,
WORKER_RELOC,,10,12,13,,7.20009955450713,,,
WORKER_RELOC,,10,12,14,,10.752405289669198,,,
WORKER_RELOC,,10,12,15,,7.454043547063218,,,
WORKER_RELOC,,10,12,16,,12.993353624691498,,,
WORKER_RELOC,,10,12,17,,12.18870431040649,,,
WORKER_RELOC,,10,13,0,,9.887265463243502,,,
WORKER_RELOC,,10,13,1,,7.399722371825987,,,
WORKER_RELOC,,10,13,2,,8.392945056357247,,,
WORKER_RELOC,,10,13,3,,15.668084297994765,,,
WORKER_RELOC,,10,13,4,,6.8861080513963735,,,
WORKER_RELOC,,10,13,5,,14.640244552757641,,,
WORKER_RELOC,,10,13,6,,13.639807719233781,,,
WORKER_RELOC,,10,13,7,,7.49813418130319,,,
WORKER_RELOC,,10,13,8,,9.804007595665713,,,
WORKER_RELOC,,10,13,9,,7.753191537979911,,,
WORKER_RELOC,,10,13,10,,12.5466094543484,,,
WORKER_RELOC,,10,13,11,,8.047044739259677,,,
WORKER_RELOC,,10,13,12,,9.085785581182034,,,
WORKER_RELOC,,10,13,13,,0.0,,,
WORKER_RELOC,,10,13,14,,2.1125317172426357,,,
WORKER_RELOC,,10,13,15,,11.780041860502646,,,
WORKER_RELOC,,10,13,16,,7.393603040318917,,,
WORKER_RELOC,,10,13,17,,12.34019563918404,,,
WORKER_RELOC,,10,14,0,,12.546590356846583,,,
WORKER_RELOC,,10,14,1,,13.537678034023497,,,
WORKER_RELOC,,10,14,2,,8.824259079425154,,,
WORKER_RELOC,,10,14,3,,15.920990725234924,,,
WORKER_RELOC,,10,14,4,,13.745238760001513,,,
WORKER_RELOC,,10,14,5,,13.663560377019344,,,
WORKER_RELOC,,10,14,6,,12.659938001433053,,,
WORKER_RELOC,,10,14,7,,12.981010567543024,,,
WORKER_RELOC,,10,14,8,,10.15279963840015,,,
WORKER_RELOC,,10,14,9,,7.748404476427188,,,
WORKER_RELOC,,10,14,10,,12.94112634487882,,,
WORKER_RELOC,,10,14,11,,7.035403478395197,,,
WORKER_RELOC,,10,14,12,,12.078044729585983,,,
WORKER_RELOC,,10,14,13,,3.882741962882171,,,
WORKER_RELOC,,10,14,14,,0.0,,,
WORKER_RELOC,,10,14,15,,9.803861655123978,,,
WORKER_RELOC,,10,14,16,,13.944010923498675,,,
WORKER_RELOC,,10,14,17,,9.116779926347373,,,
WORKER_RELOC,,10,15,0,,9.78609832404364,,,
WORKER_RELOC,,10,15,1,,8.7792080425175,,,
WORKER_RELOC,,10,15,2,,14.648684907515445,,,
WORKER_RELOC,,10,15,3,,7.291222091193558,,,
WORKER_RELOC,,10,15,4,,15.785086890926069,,,
WORKER_RELOC,,10,15,5,,15.506482280334739,,,
WORKER_RELOC,,10,15,6,,8.480874324281993,,,
WORKER_RELOC,,10,15,7,,13.430569658072038,,,
WORKER_RELOC,,10,15,8,,12.506389434250782,,,
WORKER_RELOC,,10,15,9,,13.799149370368532,,,
WORKER_RELOC,,10,15,10,,12.204253212236782,,,
WORKER_RELOC,,10,15,11,,10.639308346470928,,,
WORKER_RELOC,,10,15,12,,11.893688804626432,,,
WORKER_RELOC,,10,15,13,,12.065377237449475,,,
WORKER_RELOC,,10,15,14,,15.652728038365995,,,
WORKER_RELOC,,10,15,15,,0.0,,,
WORKER_RELOC,,10,15,16,,2.530387414423839,,,
WORKER_RELOC,,10,15,17,,5.784745186262753,,,
WORKER_RELOC,,10,16,0,,8.410209671532666,,,
WORKER_RELOC,,10,16,1,,15.715410129882493,,,
WORKER_RELOC,,10,16,2,,7.232564397432991,,,
WORKER_RELOC,,10,16,3,,13.873689480341733,,,
WORKER_RELOC,,10,16,4,,12.375509344495539,,,
WORKER_RELOC,,10,16,5,,15.188479244622114,,,
WORKER_RELOC,,10,16,6,,6.361662794906444,,,
WORKER_RELOC,,10,16,7,,10.753405539698205,,,
WORKER_RELOC,,10,16,8,,8.68180938760864,,,
WORKER_RELOC,,10,16,9,,12.43578078265553,,,
WORKER_RELOC,,10,16,10,,6.568652511481911,,,
WORKER_RELOC,,10,16,11,,6.595076855824458,,,
WORKER_RELOC,,10,16,12,,13.820239754714816,,,
WORKER_RELOC,,10,16,13,,15.63021941055556,,,
WORKER_RELOC,,10,16,14,,13.367719796674033,,,
WORKER_RELOC,,10,16,15,,3.5779099151835605,,,
WORKER_RELOC,,10,16,16,,0.0,,,
WORKER_RELOC,,10,16,17,,5.461814553023222,,,
WORKER_RELOC,,10,17,0,,8.93705081661733,,,
WORKER_RELOC,,10,17,1,,15.973767317992472,,,
WORKER_RELOC,,10,17,2,,12.77414595739642,,,
WORKER_RELOC,,10,17,3,,7.940214606986297,,,
WORKER_RELOC,,10,17,4,,14.234441178929803,,,
WORKER_RELOC,,10,17,5,,7.347746329034759,,,
WORKER_RELOC,,10,17,6,,8.892854790055267,,,
WORKER_RELOC,,10,17,7,,13.708950892541747,,,
WORKER_RELOC,,10,17,8,,9.9276794120074,,,
WORKER_RELOC,,10,17,9,,12.960572934698092,,,
WORKER_RELOC,,10,17,10,,10.965270224333885,,,
WORKER_RELOC,,10,17,11,,13.989753228030214,,,
WORKER_RELOC,,10,17,12,,9.421354638582962,,,
WORKER_RELOC,,10,17,13,,14.950713760406705,,,
WORKER_RELOC,,10,17,14,,6.047161109692492,,,
WORKER_RELOC,,10,17,15,,4.32552225077672,,,
WORKER_RELOC,,10,17,16,,5.102530760110174,,,
WORKER_RELOC,,10,17,17,,0.0,,,
WORKER_RELOC,,11,0,0,,0.0,,,
WORKER_RELOC,,11,0,1,,4.4506717959922915,,,
WORKER_RELOC,,11,0,2,,10.337645441747618,,,
WORKER_RELOC,,11,0,3,,15.027088990704582,,,
WORKER_RELOC,,11,0,4,,7.119927337257852,,,
WORKER_RELOC,,11,0,5,,12.552837592093427,,,
WORKER_RELOC,,11,0,6,,11.819140120375382,,,
WORKER_RELOC,,11,0,7,,12.687230913333659,,,
WORKER_RELOC,,11,0,8,,15.823318386147701,,,
WORKER_RELOC,,11,0,9,,6.359320244520286,,,
WORKER_RELOC,,11,0,10,,9.387587610142939,,,
WORKER_RELOC,,11,0,11,,10.2093557435993,,,
WORKER_RELOC,,11,0,12,,13.799802331999176,,,
WORKER_RELOC,,11,0,13,,11.359863607076008,,,
WORKER_RELOC,,11,0,14,,6.825022490957834,,,
WORKER_RELOC,,11,0,15,,7.421727615308239,,,
WORKER_RELOC,,11,0,16,,14.835453100633968,,,
WORKER_RELOC,,11,0,17,,11.216576326622597,,,
WORKER_RELOC,,11,1,0,,5.250680143932387,,,
WORKER_RELOC,,11,1,1,,0.0,,,
WORKER_RELOC,,11,1,2,,7.867356933573367,,,
WORKER_RELOC,,11,1,3,,14.919333442083534,,,
WORKER_RELOC,,11,1,4,,10.349150641809699,,,
WORKER_RELOC,,11,1,5,,6.425373966918199,,,
WORKER_RELOC,,11,1,6,,15.66523065473275,,,
WORKER_RELOC,,11,1,7,,12.571105500670615,,,
WORKER_RELOC,,11,1,8,,14.280700916343797,,,
WORKER_RELOC,,11,1,9,,13.981289469281087,,,
WORKER_RELOC,,11,1,10,,8.352300103477075,,,
WORKER_RELOC,,11,1,11,,8.291666011579677,,,
WORKER_RELOC,,11,1,12,,12.09491393861207,,,
WORKER_RELOC,,11,1,13,,11.400276535402957,,,
WORKER_RELOC,,11,1,14,,14.462177353700206,,,
WORKER_RELOC,,11,1,15,,7.978052162049725,,,
WORKER_RELOC,,11,1,16,,9.069422242833983,,,
WORKER_RELOC,,11,1,17,,13.599572662170385,,,
WORKER_RELOC,,11,2,0,,6.797631249939798,,,
WORKER_RELOC,,11,2,1,,13.559740569008156,,,
WORKER_RELOC,,11,2,2,,0.0,,,
WORKER_RELOC,,11,2,3,,7.156569200888898,,,
WORKER_RELOC,,11,2,4,,6.081303869247553,,,
WORKER_RELOC,,11,2,5,,14.929082117804104,,,
WORKER_RELOC,,11,2,6,,7.565092183536763,,,
WORKER_RELOC,,11,2,7,,8.736772051068177,,,
WORKER_RELOC,,11,2,8,,6.0358067318886235,,,
WORKER_RELOC,,11,2,9,,13.411143529314561,,,
WORKER_RELOC,,11,2,10,,6.412216311533832,,,
WORKER_RELOC,,11,2,11,,15.803982880701742,,,
WORKER_RELOC,,11,2,12,,13.111870892214172,,,
WORKER_RELOC,,11,2,13,,8.269768668447087,,,
WORKER_RELOC,,11,2,14,,13.388310370326199,,,
WORKER_RELOC,,11,2,15,,7.54763061494021,,,
WORKER_RELOC,,11,2,16,,8.920192569129835,,,
WORKER_RELOC,,11,2,17,,8.54409375193358,,,
WORKER_RELOC,,11,3,0,,8.562339856669837,,,
WORKER_RELOC,,11,3,1,,14.298108189611888,,,
WORKER_RELOC,,11,3,2,,11.628372799422698,,,
WORKER_RELOC,,11,3,3,,0.0,,,
WORKER_RELOC,,11,3,4,,4.183640123062277,,,
WORKER_RELOC,,11,3,5,,3.6607833815142947,,,
WORKER_RELOC,,11,3,6,,7.19828176565703,,,
WORKER_RELOC,,11,3,7,,6.717393204447399,,,
WORKER_RELOC,,11,3,8,,12.708534710867555,,,
WORKER_RELOC,,11,3,9,,11.170978533700048,,,
WORKER_RELOC,,11,3,10,,7.697298028493439,,,
WORKER_RELOC,,11,3,11,,10.663976746550142,,,
WORKER_RELOC,,11,3,12,,15.350553967555708,,,
WORKER_RELOC,,11,3,13,,8.908917126002581,,,
WORKER_RELOC,,11,3,14,,6.301249001054547,,,
WORKER_RELOC,,11,3,15,,6.870940797151394,,,
WORKER_RELOC,,11,3,16,,15.86094366035193,,,
WORKER_RELOC,,11,3,17,,6.203752428171466,,,
WORKER_RELOC,,11,4,0,,15.693087198406484,,,
WORKER_RELOC,,11,4,1,,8.114848084460787,,,
WORKER_RELOC,,11,4,2,,10.296016059964067,,,
WORKER_RELOC,,11,4,3,,4.326525744239074,,,
WORKER_RELOC,,11,4,4,,0.0,,,
WORKER_RELOC,,11,4,5,,5.2639462258625915,,,
WORKER_RELOC,,11,4,6,,9.291033520955711,,,
WORKER_RELOC,,11,4,7,,8.373624933359347,,,
WORKER_RELOC,,11,4,8,,6.252884858377448,,,
WORKER_RELOC,,11,4,9,,12.42332843119539,,,
WORKER_RELOC,,11,4,10,,8.21190697912454,,,
WORKER_RELOC,,11,4,11,,10.764387194493674,,,
WORKER_RELOC,,11,4,12,,8.912557043549391,,,
WORKER_RELOC,,11,4,13,,6.006710584745653,,,
WORKER_RELOC,,11,4,14,,14.118411100400497,,,
WORKER_RELOC,,11,4,15,,6.399522327212747,,,
WORKER_RELOC,,11,4,16,,7.644885331830507,,,
WORKER_RELOC,,11,4,17,,15.780881640289138,,,
WORKER_RELOC,,11,5,0,,8.303873987633072,,,
WORKER_RELOC,,11,5,1,,11.480908286741332,,,
WORKER_RELOC,,11,5,2,,11.177647912525636,,,
WORKER_RELOC,,11,5,3,,5.679240338339441,,,
WORKER_RELOC,,11,5,4,,4.716127516128233,,,
WORKER_RELOC,,11,5,5,,0.0,,,
WORKER_RELOC,,11,5,6,,12.826308260162808,,,
WORKER_RELOC,,11,5,7,,12.133975503032786,,,
WORKER_RELOC,,11,5,8,,13.927484464374016,,,
WORKER_RELOC,,11,5,9,,15.213682077860666,,,
WORKER_RELOC,,11,5,10,,10.625776443502918,,,
WORKER_RELOC,,11,5,11,,8.963150019447232,,,
WORKER_RELOC,,11,5,12,,11.433709660021742,,,
WORKER_RELOC,,11,5,13,,10.470027760479242,,,
WORKER_RELOC,,11,5,14,,7.502944975731831,,,
WORKER_RELOC,,11,5,15,,10.747818542587838,,,
WORKER_RELOC,,11,5,16,,12.762655693616303,,,
WORKER_RELOC,,11,5,17,,15.117272597323106,,,
WORKER_RELOC,,11,6,0,,15.715984258570087,,,
WORKER_RELOC,,11,6,1,,7.789931231049793,,,
WORKER_RELOC,,11,6,2,,13.110190765959327,,,
WORKER_RELOC,,11,6,3,,14.21723551950022,,,
WORKER_RELOC,,11,6,4,,15.663540440454344,,,
WORKER_RELOC,,11,6,5,,15.225029267939801,,,
WORKER_RELOC,,11,6,6,,0.0,,,
WORKER_RELOC,,11,6,7,,6.542887723392317,,,
WORKER_RELOC,,11,6,8,,13.804458168024183,,,
WORKER_RELOC,,11,6,9,,14.684676420613336,,,
WORKER_RELOC,,11,6,10,,11.65980292478853,,,
WORKER_RELOC,,11,6,11,,15.86033304932475,,,
WORKER_RELOC,,11,6,12,,11.86988671234132,,,
WORKER_RELOC,,11,6,13,,15.318560130399208,,,
WORKER_RELOC,,11,6,14,,10.607915985734564,,,
WORKER_RELOC,,11,6,15,,6.098344726800457,,,
WORKER_RELOC,,11,6,16,,6.345875680111384,,,
WORKER_RELOC,,11,6,17,,12.192758945323355,,,
WORKER_RELOC,,11,7,0,,8.381952062321423,,,
WORKER_RELOC,,11,7,1,,11.50010036154797,,,
WORKER_RELOC,,11,7,2,,10.00823147952699,,,
WORKER_RELOC,,11,7,3,,8.926312730414528,,,
WORKER_RELOC,,11,7,4,,13.115989704378899,,,
WORKER_RELOC,,11,7,5,,8.850569269362246,,,
WORKER_RELOC,,11,7,6,,10.10799282657318,,,
WORKER_RELOC,,11,7,7,,0.0,,,
WORKER_RELOC,,11,7,8,,4.769596622600526,,,
WORKER_RELOC,,11,7,9,,2.3994662292602085,,,
WORKER_RELOC,,11,7,10,,15.423505380359028,,,
WORKER_RELOC,,11,7,11,,8.569655154736525,,,
WORKER_RELOC,,11,7,12,,7.873178743250604,,,
WORKER_RELOC,,11,7,13,,10.054713063008283,,,
WORKER_RELOC,,11,7,14,,9.804592392276842,,,
WORKER_RELOC,,11,7,15,,7.603955864804057,,,
WORKER_RELOC,,11,7,16,,11.858650237612302,,,
WORKER_RELOC,,11,7,17,,13.116719346350646,,,
WORKER_RELOC,,11,8,0,,8.290040708517619,,,
WORKER_RELOC,,11,8,1,,12.24622340591393,,,
WORKER_RELOC,,11,8,2,,14.05787542232828,,,
WORKER_RELOC,,11,8,3,,15.615254752542922,,,
WORKER_RELOC,,11,8,4,,8.943869601820255,,,
WORKER_RELOC,,11,8,5,,10.986421788583312,,,
WORKER_RELOC,,11,8,6,,12.249526055644768,,,
WORKER_RELOC,,11,8,7,,5.024962637788037,,,
WORKER_RELOC,,11,8,8,,0.0,,,
WORKER_RELOC,,11,8,9,,3.8332938748109227,,,
WORKER_RELOC,,11,8,10,,11.91224685249329,,,
WORKER_RELOC,,11,8,11,,14.18930415415751,,,
WORKER_RELOC,,11,8,12,,13.099809396015246,,,
WORKER_RELOC,,11,8,13,,12.830280079527142,,,
WORKER_RELOC,,11,8,14,,14.621719011750637,,,
WORKER_RELOC,,11,8,15,,7.699532738996236,,,
WORKER_RELOC,,11,8,16,,14.392152407657097,,,
WORKER_RELOC,,11,8,17,,12.576421691353328,,,
WORKER_RELOC,,11,9,0,,11.005554488518783,,,
WORKER_RELOC,,11,9,1,,10.120089787305307,,,
WORKER_RELOC,,11,9,2,,15.76763917045359,,,
WORKER_RELOC,,11,9,3,,6.994379207943114,,,
WORKER_RELOC,,11,9,4,,13.438294287765139,,,
WORKER_RELOC,,11,9,5,,6.289162805347015,,,
WORKER_RELOC,,11,9,6,,7.539242180057839,,,
WORKER_RELOC,,11,9,7,,2.899345071846234,,,
WORKER_RELOC,,11,9,8,,2.681009119578177,,,
WORKER_RELOC,,11,9,9,,0.0,,,
WORKER_RELOC,,11,9,10,,9.705860509861802,,,
WORKER_RELOC,,11,9,11,,14.232286069715775,,,
WORKER_RELOC,,11,9,12,,12.922529204647711,,,
WORKER_RELOC,,11,9,13,,15.372850096046662,,,
WORKER_RELOC,,11,9,14,,10.105735493390988,,,
WORKER_RELOC,,11,9,15,,8.284358013456309,,,
WORKER_RELOC,,11,9,16,,15.68901529617292,,,
WORKER_RELOC,,11,9,17,,7.155183886255254,,,
WORKER_RELOC,,11,10,0,,7.104467918007389,,,
WORKER_RELOC,,11,10,1,,15.632705231632155,,,
WORKER_RELOC,,11,10,2,,13.341204748770142,,,
WORKER_RELOC,,11,10,3,,6.660364231279812,,,
WORKER_RELOC,,11,10,4,,6.945769465671935,,,
WORKER_RELOC,,11,10,5,,9.537771062569924,,,
WORKER_RELOC,,11,10,6,,10.186125324299542,,,
WORKER_RELOC,,11,10,7,,9.432541420510429,,,
WORKER_RELOC,,11,10,8,,15.424688435014835,,,
WORKER_RELOC,,11,10,9,,13.715917973559021,,,
WORKER_RELOC,,11,10,10,,0.0,,,
WORKER_RELOC,,11,10,11,,3.5436981498699125,,,
WORKER_RELOC,,11,10,12,,2.474313146708491,,,
WORKER_RELOC,,11,10,13,,7.388919380992732,,,
WORKER_RELOC,,11,10,14,,7.631754422603779,,,
WORKER_RELOC,,11,10,15,,7.233851064287198,,,
WORKER_RELOC,,11,10,16,,8.909272803016696,,,
WORKER_RELOC,,11,10,17,,15.950803748437707,,,
WORKER_RELOC,,11,11,0,,15.990376199766988,,,
WORKER_RELOC,,11,11,1,,7.2583623147110625,,,
WORKER_RELOC,,11,11,2,,10.38575977087028,,,
WORKER_RELOC,,11,11,3,,15.214424485440967,,,
WORKER_RELOC,,11,11,4,,13.782651647097385,,,
WORKER_RELOC,,11,11,5,,8.508072875196099,,,
WORKER_RELOC,,11,11,6,,9.32920232232887,,,
WORKER_RELOC,,11,11,7,,9.991869259848428,,,
WORKER_RELOC,,11,11,8,,7.283793326383709,,,
WORKER_RELOC,,11,11,9,,6.79078534640924,,,
WORKER_RELOC,,11,11,10,,4.508284746344417,,,
WORKER_RELOC,,11,11,11,,0.0,,,
WORKER_RELOC,,11,11,12,,4.421137556515623,,,
WORKER_RELOC,,11,11,13,,14.129879074274584,,,
WORKER_RELOC,,11,11,14,,13.135208639420892,,,
WORKER_RELOC,,11,11,15,,6.253661156208635,,,
WORKER_RELOC,,11,11,16,,7.236762006298248,,,
WORKER_RELOC,,11,11,17,,13.342148508222856,,,
WORKER_RELOC,,11,12,0,,12.06576006100548,,,
WORKER_RELOC,,11,12,1,,8.290046544401154,,,
WORKER_RELOC,,11,12,2,,6.104180199770157,,,
WORKER_RELOC,,11,12,3,,7.239164646190806,,,
WORKER_RELOC,,11,12,4,,13.726346170038179,,,
WORKER_RELOC,,11,12,5,,14.46662719016447,,,
WORKER_RELOC,,11,12,6,,6.808280594415396,,,
WORKER_RELOC,,11,12,7,,8.326215036855855,,,
WORKER_RELOC,,11,12,8,,11.964729280492815,,,
WORKER_RELOC,,11,12,9,,7.625243987232587,,,
WORKER_RELOC,,11,12,10,,4.480975410882021,,,
WORKER_RELOC,,11,12,11,,4.294819505510361,,,
WORKER_RELOC,,11,12,12,,0.0,,,
WORKER_RELOC,,11,12,13,,10.808195310681182,,,
WORKER_RELOC,,11,12,14,,9.034715400772026,,,
WORKER_RELOC,,11,12,15,,13.450038506236051,,,
WORKER_RELOC,,11,12,16,,10.99607275271576,,,
WORKER_RELOC,,11,12,17,,7.7523690630922015,,,
WORKER_RELOC,,11,13,0,,14.61219847158028,,,
WORKER_RELOC,,11,13,1,,6.994633163066397,,,
WORKER_RELOC,,11,13,2,,6.946361508756216,,,
WORKER_RELOC,,11,13,3,,7.208654144758867,,,
WORKER_RELOC,,11,13,4,,10.415299973410448,,,
WORKER_RELOC,,11,13,5,,7.921373863996688,,,
WORKER_RELOC,,11,13,6,,10.635965844725206,,,
WORKER_RELOC,,11,13,7,,11.470968926792217,,,
WORKER_RELOC,,11,13,8,,8.7996117931349,,,
WORKER_RELOC,,11,13,9,,6.238125076241974,,,
WORKER_RELOC,,11,13,10,,6.158539638872933,,,
WORKER_RELOC,,11,13,11,,15.287117592812354,,,
WORKER_RELOC,,11,13,12,,10.249240414528593,,,
WORKER_RELOC,,11,13,13,,0.0,,,
WORKER_RELOC,,11,13,14,,4.706584684515759,,,
WORKER_RELOC,,11,13,15,,11.43882319742897,,,
WORKER_RELOC,,11,13,16,,15.851946849042791,,,
WORKER_RELOC,,11,13,17,,13.335286143004954,,,
WORKER_RELOC,,11,14,0,,6.95735796144674,,,
WORKER_RELOC,,11,14,1,,11.348881722255681,,,
WORKER_RELOC,,11,14,2,,6.185776721365735,,,
WORKER_RELOC,,11,14,3,,10.258875738340633,,,
WORKER_RELOC,,11,14,4,,12.998249181448088,,,
WORKER_RELOC,,11,14,5,,7.911259837178784,,,
WORKER_RELOC,,11,14,6,,6.31206875478418,,,
WORKER_RELOC,,11,14,7,,6.842166541910384,,,
WORKER_RELOC,,11,14,8,,9.192480115968184,,,
WORKER_RELOC,,11,14,9,,12.421264381321784,,,
WORKER_RELOC,,11,14,10,,12.397323565518622,,,
WORKER_RELOC,,11,14,11,,7.916120965069048,,,
WORKER_RELOC,,11,14,12,,7.951564754546345,,,
WORKER_RELOC,,11,14,13,,5.3643830723218215,,,
WORKER_RELOC,,11,14,14,,0.0,,,
WORKER_RELOC,,11,14,15,,8.859604581145247,,,
WORKER_RELOC,,11,14,16,,14.42664443789823,,,
WORKER_RELOC,,11,14,17,,8.859563240768738,,,
WORKER_RELOC,,11,15,0,,10.962049078922647,,,
WORKER_RELOC,,11,15,1,,13.952359418696911,,,
WORKER_RELOC,,11,15,2,,9.983903004383148,,,
WORKER_RELOC,,11,15,3,,8.874622218839807,,,
WORKER_RELOC,,11,15,4,,13.012262187436908,,,
WORKER_RELOC,,11,15,5,,11.834829683085417,,,
WORKER_RELOC,,11,15,6,,6.882869679500694,,,
WORKER_RELOC,,11,15,7,,6.164072594895598,,,
WORKER_RELOC,,11,15,8,,11.559064854522422,,,
WORKER_RELOC,,11,15,9,,8.685456646159182,,,
WORKER_RELOC,,11,15,10,,15.902909301280104,,,
WORKER_RELOC,,11,15,11,,7.526970086301339,,,
WORKER_RELOC,,11,15,12,,9.366525633302913,,,
WORKER_RELOC,,11,15,13,,9.089673419680306,,,
WORKER_RELOC,,11,15,14,,11.562706067017889,,,
WORKER_RELOC,,11,15,15,,0.0,,,
WORKER_RELOC,,11,15,16,,5.368067772667681,,,
WORKER_RELOC,,11,15,17,,2.578574302401047,,,
WORKER_RELOC,,11,16,0,,10.32253995923497,,,
WORKER_RELOC,,11,16,1,,13.504894626465411,,,
WORKER_RELOC,,11,16,2,,8.694227781025036,,,
WORKER_RELOC,,11,16,3,,6.6453832677447044,,,
WORKER_RELOC,,11,16,4,,15.7158810721007,,,
WORKER_RELOC,,11,16,5,,6.2519299639444705,,,
WORKER_RELOC,,11,16,6,,13.775098101577994,,,
WORKER_RELOC,,11,16,7,,15.72610191566152,,,
WORKER_RELOC,,11,16,8,,15.202982333864359,,,
WORKER_RELOC,,11,16,9,,13.287839693553035,,,
WORKER_RELOC,,11,16,10,,8.136531384022284,,,
WORKER_RELOC,,11,16,11,,8.475085160661779,,,
WORKER_RELOC,,11,16,12,,7.2003162057458265,,,
WORKER_RELOC,,11,16,13,,15.047028300082243,,,
WORKER_RELOC,,11,16,14,,10.587116003698366,,,
WORKER_RELOC,,11,16,15,,4.572810262542105,,,
WORKER_RELOC,,11,16,16,,0.0,,,
WORKER_RELOC,,11,16,17,,2.18072321224162,,,
WORKER_RELOC,,11,17,0,,13.984597466680476,,,
WORKER_RELOC,,11,17,1,,14.85766323402184,,,
WORKER_RELOC,,11,17,2,,8.049491626348603,,,
WORKER_RELOC,,11,17,3,,14.365262934802956,,,
WORKER_RELOC,,11,17,4,,11.382472578235136,,,
WORKER_RELOC,,11,17,5,,7.553830471776809,,,
WORKER_RELOC,,11,17,6,,7.299694768763776,,,
WORKER_RELOC,,11,17,7,,9.143222977923717,,,
WORKER_RELOC,,11,17,8,,14.246448747164859,,,
WORKER_RELOC,,11,17,9,,13.33196992459964,,,
WORKER_RELOC,,11,17,10,,15.684172240436094,,,
WORKER_RELOC,,11,17,11,,8.753746122571634,,,
WORKER_RELOC,,11,17,12,,7.3436016979010095,,,
WORKER_RELOC,,11,17,13,,9.567590501245927,,,
WORKER_RELOC,,11,17,14,,11.038524863030286,,,
WORKER_RELOC,,11,17,15,,4.71770497438079,,,
WORKER_RELOC,,11,17,16,,4.412165525244167,,,
WORKER_RELOC,,11,17,17,,0.0,,,
ROBOT_RELOC,,0,0,0,,0.0,,,
ROBOT_RELOC,,0,0,1,,4.096794819942394,,,
ROBOT_RELOC,,0,0,2,,12.584922289727128,,,
ROBOT_RELOC,,0,0,3,,11.020108413912563,,,
ROBOT_RELOC,,0,0,4,,7.5983620090245765,,,
ROBOT_RELOC,,0,0,5,,6.416131855977504,,,
ROBOT_RELOC,,0,0,6,,11.619416539944222,,,
ROBOT_RELOC,,0,0,7,,8.090070783296573,,,
ROBOT_RELOC,,0,0,8,,14.900396116925684,,,
ROBOT_RELOC,,0,0,9,,9.845788726087012,,,
ROBOT_RELOC,,0,0,10,,9.040914917529047,,,
ROBOT_RELOC,,0,0,11,,11.551239979270498,,,
ROBOT_RELOC,,0,0,12,,7.60685445880207,,,
ROBOT_RELOC,,0,0,13,,13.604067763359383,,,
ROBOT_RELOC,,0,0,14,,12.67158750633598,,,
ROBOT_RELOC,,0,0,15,,10.30068977226826,,,
ROBOT_RELOC,,0,0,16,,6.486106791836284,,,
ROBOT_RELOC,,0,0,17,,7.838487317928213,,,
ROBOT_RELOC,,0,1,0,,3.2926823600479684,,,
ROBOT_RELOC,,0,1,1,,0.0,,,
ROBOT_RELOC,,0,1,2,,9.019545018013563,,,
ROBOT_RELOC,,0,1,3,,11.243154842040154,,,
ROBOT_RELOC,,0,1,4,,12.151220037711665,,,
ROBOT_RELOC,,0,1,5,,15.281563200886762,,,
ROBOT_RELOC,,0,1,6,,10.677688671029225,,,
ROBOT_RELOC,,0,1,7,,13.984748644014736,,,
ROBOT_RELOC,,0,1,8,,11.868226588481459,,,
ROBOT_RELOC,,0,1,9,,12.038476301887748,,,
ROBOT_RELOC,,0,1,10,,13.200759817782082,,,
ROBOT_RELOC,,0,1,11,,12.872138914623662,,,
ROBOT_RELOC,,0,1,12,,12.524965763256734,,,
ROBOT_RELOC,,0,1,13,,7.908143184655358,,,
ROBOT_RELOC,,0,1,14,,13.523487562622886,,,
ROBOT_RELOC,,0,1,15,,9.158857872054696,,,
ROBOT_RELOC,,0,1,16,,13.108687517195058,,,
ROBOT_RELOC,,0,1,17,,14.96031198168088,,,
ROBOT_RELOC,,0,2,0,,11.743473287637961,,,
ROBOT_RELOC,,0,2,1,,15.882900678709236,,,
ROBOT_RELOC,,0,2,2,,0.0,,,
ROBOT_RELOC,,0,2,3,,7.120068265688959,,,
ROBOT_RELOC,,0,2,4,,7.345217638015667,,,
ROBOT_RELOC,,0,2,5,,6.2435392226103765,,,
ROBOT_RELOC,,0,2,6,,6.372912565019101,,,
ROBOT_RELOC,,0,2,7,,8.591875955815059,,,
ROBOT_RELOC,,0,2,8,,13.156723909033625,,,
ROBOT_RELOC,,0,2,9,,7.0440424848441765,,,
ROBOT_RELOC,,0,2,10,,6.289381293344256,,,
ROBOT_RELOC,,0,2,11,,7.276767707606471,,,
ROBOT_RELOC,,0,2,12,,13.345385871347249,,,
ROBOT_RELOC,,0,2,13,,9.977478248648376,,,
ROBOT_RELOC,,0,2,14,,10.580504319093743,,,
ROBOT_RELOC,,0,2,15,,14.539754595922671,,,
ROBOT_RELOC,,0,2,16,,11.669634471863688,,,
ROBOT_RELOC,,0,2,17,,11.597195457068924,,,
ROBOT_RELOC,,0,3,0,,15.050255918240238,,,
ROBOT_RELOC,,0,3,1,,13.375990996792519,,,
ROBOT_RELOC,,0,3,2,,8.772494462851071,,,
ROBOT_RELOC,,0,3,3,,0.0,,,
ROBOT_RELOC,,0,3,4,,4.791292864533519,,,
ROBOT_RELOC,,0,3,5,,2.9529788482527652,,,
ROBOT_RELOC,,0,3,6,,13.856672356629367,,,
ROBOT_RELOC,,0,3,7,,9.518570770795627,,,
ROBOT_RELOC,,0,3,8,,14.19721463287637,,,
ROBOT_RELOC,,0,3,9,,11.845864431069131,,,
ROBOT_RELOC,,0,3,10,,13.981537471318214,,,
ROBOT_RELOC,,0,3,11,,8.088066000107913,,,
ROBOT_RELOC,,0,3,12,,7.780498308423402,,,
ROBOT_RELOC,,0,3,13,,9.394249522838082,,,
ROBOT_RELOC,,0,3,14,,13.895462174155723,,,
ROBOT_RELOC,,0,3,15,,14.84882162831458,,,
ROBOT_RELOC,,0,3,16,,10.327457314822125,,,
ROBOT_RELOC,,0,3,17,,12.669583400550739,,,
ROBOT_RELOC,,0,4,0,,9.938951338893943,,,
ROBOT_RELOC,,0,4,1,,14.381373388976353,,,
ROBOT_RELOC,,0,4,2,,12.735895689973063,,,
ROBOT_RELOC,,0,4,3,,5.83050036065924,,,
ROBOT_RELOC,,0,4,4,,0.0,,,
ROBOT_RELOC,,0,4,5,,4.797511720998374,,,
ROBOT_RELOC,,0,4,6,,12.324810106220959,,,
ROBOT_RELOC,,0,4,7,,7.3622311267235245,,,
ROBOT_RELOC,,0,4,8,,11.356167564497444,,,
ROBOT_RELOC,,0,4,9,,15.96560745753291,,,
ROBOT_RELOC,,0,4,10,,7.802036633132213,,,
ROBOT_RELOC,,0,4,11,,8.94311669532576,,,
ROBOT_RELOC,,0,4,12,,11.465087136902573,,,
ROBOT_RELOC,,0,4,13,,11.560194753248389,,,
ROBOT_RELOC,,0,4,14,,8.979550556337951,,,
ROBOT_RELOC,,0,4,15,,13.595989213505103,,,
ROBOT_RELOC,,0,4,16,,14.423771417829037,,,
ROBOT_RELOC,,0,4,17,,13.384057692345294,,,
ROBOT_RELOC,,0,5,0,,11.194244746643642,,,
ROBOT_RELOC,,0,5,1,,9.97621027515724,,,
ROBOT_RELOC,,0,5,2,,11.3900513695529,,,
ROBOT_RELOC,,0,5,3,,4.179444454925726,,,
ROBOT_RELOC,,0,5,4,,4.516450151154848,,,
ROBOT_RELOC,,0,5,5,,0.0,,,
ROBOT_RELOC,,0,5,6,,14.980820304061771,,,
ROBOT_RELOC,,0,5,7,,11.199008291311639,,,
ROBOT_RELOC,,0,5,8,,15.432464109556156,,,
ROBOT_RELOC,,0,5,9,,8.156063529929098,,,
ROBOT_RELOC,,0,5,10,,6.293837474458167,,,
ROBOT_RELOC,,0,5,11,,6.72559380483685,,,
ROBOT_RELOC,,0,5,12,,14.391584314771071,,,
ROBOT_RELOC,,0,5,13,,8.686456831454656,,,
ROBOT_RELOC,,0,5,14,,12.113569995077263,,,
ROBOT_RELOC,,0,5,15,,11.862778092813354,,,
ROBOT_RELOC,,0,5,16,,14.355866072101998,,,
ROBOT_RELOC,,0,5,17,,13.64143290218588,,,
ROBOT_RELOC,,0,6,0,,13.839600214562939,,,
ROBOT_RELOC,,0,6,1,,13.377837750305087,,,
ROBOT_RELOC,,0,6,2,,9.845517736017854,,,
ROBOT_RELOC,,0,6,3,,13.465268043570212,,,
ROBOT_RELOC,,0,6,4,,6.832998291916685,,,
ROBOT_RELOC,,0,6,5,,9.287529027058156,,,
ROBOT_RELOC,,0,6,6,,0.0,,,
ROBOT_RELOC,,0,6,7,,8.917672630227568,,,
ROBOT_RELOC,,0,6,8,,7.1878075192206925,,,
ROBOT_RELOC,,0,6,9,,9.65649275289995,,,
ROBOT_RELOC,,0,6,10,,6.536951306674968,,,
ROBOT_RELOC,,0,6,11,,8.69392756801365,,,
ROBOT_RELOC,,0,6,12,,10.761654961451246,,,
ROBOT_RELOC,,0,6,13,,11.292960367722513,,,
ROBOT_RELOC,,0,6,14,,9.290875163508307,,,
ROBOT_RELOC,,0,6,15,,11.230791529260578,,,
ROBOT_RELOC,,0,6,16,,9.830084600592,,,
ROBOT_RELOC,,0,6,17,,7.358955356720587,,,
ROBOT_RELOC,,0,7,0,,11.865399265732897,,,
ROBOT_RELOC,,0,7,1,,12.356933079370297,,,
ROBOT_RELOC,,0,7,2,,10.118659347732766,,,
ROBOT_RELOC,,0,7,3,,14.33452959952567,,,
ROBOT_RELOC,,0,7,4,,6.2907793302407935,,,
ROBOT_RELOC,,0,7,5,,13.963006900249486,,,
ROBOT_RELOC,,0,7,6,,9.689225585025993,,,
ROBOT_RELOC,,0,7,7,,0.0,,,
ROBOT_RELOC,,0,7,8,,2.0907509665211603,,,
ROBOT_RELOC,,0,7,9,,3.3917599978263198,,,
ROBOT_RELOC,,0,7,10,,12.99220503760684,,,
ROBOT_RELOC,,0,7,11,,10.826191883050946,,,
ROBOT_RELOC,,0,7,12,,7.872675315338431,,,
ROBOT_RELOC,,0,7,13,,8.28759893465627,,,
ROBOT_RELOC,,0,7,14,,15.061575446066092,,,
ROBOT_RELOC,,0,7,15,,6.865910781315411,,,
ROBOT_RELOC,,0,7,16,,15.587799310837445,,,
ROBOT_RELOC,,0,7,17,,12.33559400199178,,,
ROBOT_RELOC,,0,8,0,,12.534888918580112,,,
ROBOT_RELOC,,0,8,1,,13.445269280665716,,,
ROBOT_RELOC,,0,8,2,,14.922546665286765,,,
ROBOT_RELOC,,0,8,3,,12.480150522166314,,,
ROBOT_RELOC,,0,8,4,,13.670068848213893,,,
ROBOT_RELOC,,0,8,5,,12.363146295897769,,,
ROBOT_RELOC,,0,8,6,,10.144560001999782,,,
ROBOT_RELOC,,0,8,7,,4.557278292111828,,,
ROBOT_RELOC,,0,8,8,,0.0,,,
ROBOT_RELOC,,0,8,9,,4.45952282744105,,,
ROBOT_RELOC,,0,8,10,,8.69844066542138,,,
ROBOT_RELOC,,0,8,11,,15.398162071393438,,,
ROBOT_RELOC,,0,8,12,,13.574621580145715,,,
ROBOT_RELOC,,0,8,13,,7.538720816018085,,,
ROBOT_RELOC,,0,8,14,,7.338030390043325,,,
ROBOT_RELOC,,0,8,15,,12.840991314486628,,,
ROBOT_RELOC,,0,8,16,,7.501211715853886,,,
ROBOT_RELOC,,0,8,17,,13.082109143434646,,,
ROBOT_RELOC,,0,9,0,,8.49487832827647,,,
ROBOT_RELOC,,0,9,1,,10.496465403792115,,,
ROBOT_RELOC,,0,9,2,,11.157144634057591,,,
ROBOT_RELOC,,0,9,3,,6.501263426317139,,,
ROBOT_RELOC,,0,9,4,,14.750376035944296,,,
ROBOT_RELOC,,0,9,5,,7.703040452936896,,,
ROBOT_RELOC,,0,9,6,,13.945781740753961,,,
ROBOT_RELOC,,0,9,7,,4.4445265221974175,,,
ROBOT_RELOC,,0,9,8,,2.391343011797508,,,
ROBOT_RELOC,,0,9,9,,0.0,,,
ROBOT_RELOC,,0,9,10,,6.706484098139058,,,
ROBOT_RELOC,,0,9,11,,13.883740988731633,,,
ROBOT_RELOC,,0,9,12,,11.29948876481417,,,
ROBOT_RELOC,,0,9,13,,9.913328654922509,,,
ROBOT_RELOC,,0,9,14,,14.936692785385352,,,
ROBOT_RELOC,,0,9,15,,6.668963554079122,,,
ROBOT_RELOC,,0,9,16,,7.130350511986812,,,
ROBOT_RELOC,,0,9,17,,10.493803869531185,,,
ROBOT_RELOC,,0,10,0,,8.883403598940632,,,
ROBOT_RELOC,,0,10,1,,9.590521722443047,,,
ROBOT_RELOC,,0,10,2,,9.008553056615536,,,
ROBOT_RELOC,,0,10,3,,12.202291975860378,,,
ROBOT_RELOC,,0,10,4,,13.108816412189684,,,
ROBOT_RELOC,,0,10,5,,14.624153828129845,,,
ROBOT_RELOC,,0,10,6,,10.039337923508587,,,
ROBOT_RELOC,,0,10,7,,6.5461453665332545,,,
ROBOT_RELOC,,0,10,8,,6.4472896850670445,,,
ROBOT_RELOC,,0,10,9,,8.246587155511186,,,
ROBOT_RELOC,,0,10,10,,0.0,,,
ROBOT_RELOC,,0,10,11,,4.2897277154108195,,,
ROBOT_RELOC,,0,10,12,,3.158086852794423,,,
ROBOT_RELOC,,0,10,13,,10.798521365790396,,,
ROBOT_RELOC,,0,10,14,,9.161246391380743,,,
ROBOT_RELOC,,0,10,15,,6.561747727833843,,,
ROBOT_RELOC,,0,10,16,,11.84361707096645,,,
ROBOT_RELOC,,0,10,17,,7.402407832479056,,,
ROBOT_RELOC,,0,11,0,,9.923667940861318,,,
ROBOT_RELOC,,0,11,1,,15.123943353068825,,,
ROBOT_RELOC,,0,11,2,,15.697294731355697,,,
ROBOT_RELOC,,0,11,3,,13.017710743819679,,,
ROBOT_RELOC,,0,11,4,,7.209812814074755,,,
ROBOT_RELOC,,0,11,5,,10.227259651450185,,,
ROBOT_RELOC,,0,11,6,,9.174077968373897,,,
ROBOT_RELOC,,0,11,7,,6.384790525978507,,,
ROBOT_RELOC,,0,11,8,,10.901498898282584,,,
ROBOT_RELOC,,0,11,9,,11.454993625630692,,,
ROBOT_RELOC,,0,11,10,,5.014132074493373,,,
ROBOT_RELOC,,0,11,11,,0.0,,,
ROBOT_RELOC,,0,11,12,,5.5194414902742714,,,
ROBOT_RELOC,,0,11,13,,12.137727515758932,,,
ROBOT_RELOC,,0,11,14,,10.367107400406486,,,
ROBOT_RELOC,,0,11,15,,7.213114663364065,,,
ROBOT_RELOC,,0,11,16,,9.355181543753202,,,
ROBOT_RELOC,,0,11,17,,9.00384714088854,,,
ROBOT_RELOC,,0,12,0,,8.395697283621555,,,
ROBOT_RELOC,,0,12,1,,7.646088618036722,,,
ROBOT_RELOC,,0,12,2,,8.328617392478161,,,
ROBOT_RELOC,,0,12,3,,9.625717925809706,,,
ROBOT_RELOC,,0,12,4,,6.163602098306358,,,
ROBOT_RELOC,,0,12,5,,15.96762053050893,,,
ROBOT_RELOC,,0,12,6,,9.74126315993717,,,
ROBOT_RELOC,,0,12,7,,12.626390693613493,,,
ROBOT_RELOC,,0,12,8,,6.975754341867036,,,
ROBOT_RELOC,,0,12,9,,13.695193654799652,,,
ROBOT_RELOC,,0,12,10,,3.2576256917764757,,,
ROBOT_RELOC,,0,12,11,,3.972420817619653,,,
ROBOT_RELOC,,0,12,12,,0.0,,,
ROBOT_RELOC,,0,12,13,,15.588083536431588,,,
ROBOT_RELOC,,0,12,14,,8.680374101929406,,,
ROBOT_RELOC,,0,12,15,,8.969265472245677,,,
ROBOT_RELOC,,0,12,16,,12.090194993822262,,,
ROBOT_RELOC,,0,12,17,,9.041461028288946,,,
ROBOT_RELOC,,0,13,0,,8.006871794904725,,,
ROBOT_RELOC,,0,13,1,,13.863468546056268,,,
ROBOT_RELOC,,0,13,2,,11.85773096657945,,,
ROBOT_RELOC,,0,13,3,,12.796812562783447,,,
ROBOT_RELOC,,0,13,4,,9.803233258489449,,,
ROBOT_RELOC,,0,13,5,,12.146107124323931,,,
ROBOT_RELOC,,0,13,6,,6.325348833096606,,,
ROBOT_RELOC,,0,13,7,,14.851167476455878,,,
ROBOT_RELOC,,0,13,8,,7.2342335531165585,,,
ROBOT_RELOC,,0,13,9,,7.2727937184165885,,,
ROBOT_RELOC,,0,13,10,,15.237740507758133,,,
ROBOT_RELOC,,0,13,11,,10.955490581570695,,,
ROBOT_RELOC,,0,13,12,,13.872545110489108,,,
ROBOT_RELOC,,0,13,13,,0.0,,,
ROBOT_RELOC,,0,13,14,,2.912769568251184,,,
ROBOT_RELOC,,0,13,15,,8.58067633938531,,,
ROBOT_RELOC,,0,13,16,,8.377955549931881,,,
ROBOT_RELOC,,0,13,17,,13.495037396943555,,,
ROBOT_RELOC,,0,14,0,,15.332454999753194,,,
ROBOT_RELOC,,0,14,1,,8.521089189134825,,,
ROBOT_RELOC,,0,14,2,,13.494756613531417,,,
ROBOT_RELOC,,0,14,3,,13.292205982858693,,,
ROBOT_RELOC,,0,14,4,,8.867664182047825,,,
ROBOT_RELOC,,0,14,5,,11.3269474566934,,,
ROBOT_RELOC,,0,14,6,,15.690206606699878,,,
ROBOT_RELOC,,0,14,7,,12.780227877109883,,,
ROBOT_RELOC,,0,14,8,,12.242013739458159,,,
ROBOT_RELOC,,0,14,9,,11.82585333489642,,,
ROBOT_RELOC,,0,14,10,,15.510875541458464,,,
ROBOT_RELOC,,0,14,11,,9.082817045899567,,,
ROBOT_RELOC,,0,14,12,,11.372316282184391,,,
ROBOT_RELOC,,0,14,13,,5.699152660220013,,,
ROBOT_RELOC,,0,14,14,,0.0,,,
ROBOT_RELOC,,0,14,15,,8.888311031130275,,,
ROBOT_RELOC,,0,14,16,,15.778541523980138,,,
ROBOT_RELOC,,0,14,17,,10.119686665578278,,,
ROBOT_RELOC,,0,15,0,,14.02001838133628,,,
ROBOT_RELOC,,0,15,1,,8.87270781237499,,,
ROBOT_RELOC,,0,15,2,,6.843786646629323,,,
ROBOT_RELOC,,0,15,3,,11.421049643407553,,,
ROBOT_RELOC,,0,15,4,,14.108224813798458,,,
ROBOT_RELOC,,0,15,5,,13.615624577442087,,,
ROBOT_RELOC,,0,15,6,,14.552548670670383,,,
ROBOT_RELOC,,0,15,7,,12.806649235146534,,,
ROBOT_RELOC,,0,15,8,,8.445485120237407,,,
ROBOT_RELOC,,0,15,9,,15.604354177427233,,,
ROBOT_RELOC,,0,15,10,,10.787513064034016,,,
ROBOT_RELOC,,0,15,11,,9.522674705286928,,,
ROBOT_RELOC,,0,15,12,,9.64182162358216,,,
ROBOT_RELOC,,0,15,13,,7.016169837255462,,,
ROBOT_RELOC,,0,15,14,,9.964753232815443,,,
ROBOT_RELOC,,0,15,15,,0.0,,,
ROBOT_RELOC,,0,15,16,,3.7216577589261206,,,
ROBOT_RELOC,,0,15,17,,5.088388151538498,,,
ROBOT_RELOC,,0,16,0,,14.425543654328752,,,
ROBOT_RELOC,,0,16,1,,8.119422523629517,,,
ROBOT_RELOC,,0,16,2,,8.885004901183658,,,
ROBOT_RELOC,,0,16,3,,7.030793976913046,,,
ROBOT_RELOC,,0,16,4,,9.158960834313447,,,
ROBOT_RELOC,,0,16,5,,7.634258006812074,,,
ROBOT_RELOC,,0,16,6,,9.000641620207436,,,
ROBOT_RELOC,,0,16,7,,9.065831162726395,,,
ROBOT_RELOC,,0,16,8,,10.163357970511042,,,
ROBOT_RELOC,,0,16,9,,9.733370550291841,,,
ROBOT_RELOC,,0,16,10,,6.080169776587398,,,
ROBOT_RELOC,,0,16,11,,12.379308216242396,,,
ROBOT_RELOC,,0,16,12,,14.433231417258767,,,
ROBOT_RELOC,,0,16,13,,12.397665242899887,,,
ROBOT_RELOC,,0,16,14,,14.2303311222274,,,
ROBOT_RELOC,,0,16,15,,3.591520146276292,,,
ROBOT_RELOC,,0,16,16,,0.0,,,
ROBOT_RELOC,,0,16,17,,5.551081702330901,,,
ROBOT_RELOC,,0,17,0,,7.837528144557989,,,
ROBOT_RELOC,,0,17,1,,15.325749997821037,,,
ROBOT_RELOC,,0,17,2,,10.949545842824648,,,
ROBOT_RELOC,,0,17,3,,12.405544935816485,,,
ROBOT_RELOC,,0,17,4,,13.16130704954675,,,
ROBOT_RELOC,,0,17,5,,15.28303838820423,,,
ROBOT_RELOC,,0,17,6,,9.875131612990089,,,
ROBOT_RELOC,,0,17,7,,13.009827667976353,,,
ROBOT_RELOC,,0,17,8,,12.49626476756628,,,
ROBOT_RELOC,,0,17,9,,10.347353916795274,,,
ROBOT_RELOC,,0,17,10,,12.984986577967263,,,
ROBOT_RELOC,,0,17,11,,11.499304091178107,,,
ROBOT_RELOC,,0,17,12,,11.721854564709792,,,
ROBOT_RELOC,,0,17,13,,13.426395217472665,,,
ROBOT_RELOC,,0,17,14,,9.325154352972824,,,
ROBOT_RELOC,,0,17,15,,5.930600558218186,,,
ROBOT_RELOC,,0,17,16,,4.040212028122511,,,
ROBOT_RELOC,,0,17,17,,0.0,,,
ROBOT_RELOC,,1,0,0,,0.0,,,
ROBOT_RELOC,,1,0,1,,5.452170818698306,,,
ROBOT_RELOC,,1,0,2,,11.299041033968052,,,
ROBOT_RELOC,,1,0,3,,8.864504117791505,,,
ROBOT_RELOC,,1,0,4,,8.063180698601888,,,
ROBOT_RELOC,,1,0,5,,10.82565358038128,,,
ROBOT_RELOC,,1,0,6,,15.069078968749109,,,
ROBOT_RELOC,,1,0,7,,6.685729448831167,,,
ROBOT_RELOC,,1,0,8,,15.009245987886818,,,
ROBOT_RELOC,,1,0,9,,12.30365512258972,,,
ROBOT_RELOC,,1,0,10,,14.797118414498286,,,
ROBOT_RELOC,,1,0,11,,12.203100914890914,,,
ROBOT_RELOC,,1,0,12,,14.179006630238781,,,
ROBOT_RELOC,,1,0,13,,15.024403881358298,,,
ROBOT_RELOC,,1,0,14,,6.4793762997446605,,,
ROBOT_RELOC,,1,0,15,,12.633147314315853,,,
ROBOT_RELOC,,1,0,16,,15.838486000870287,,,
ROBOT_RELOC,,1,0,17,,9.010261911380153,,,
ROBOT_RELOC,,1,1,0,,5.2554930055255005,,,
ROBOT_RELOC,,1,1,1,,0.0,,,
ROBOT_RELOC,,1,1,2,,14.887866364113377,,,
ROBOT_RELOC,,1,1,3,,8.632460571536999,,,
ROBOT_RELOC,,1,1,4,,12.197426461585394,,,
ROBOT_RELOC,,1,1,5,,11.809431059570795,,,
ROBOT_RELOC,,1,1,6,,10.373058612055203,,,
ROBOT_RELOC,,1,1,7,,14.468937320541617,,,
ROBOT_RELOC,,1,1,8,,8.608800606214308,,,
ROBOT_RELOC,,1,1,9,,8.47207245589578,,,
ROBOT_RELOC,,1,1,10,,14.436830824023643,,,
ROBOT_RELOC,,1,1,11,,9.353123647086063,,,
ROBOT_RELOC,,1,1,12,,15.811193105994366,,,
ROBOT_RELOC,,1,1,13,,7.176981811117016,,,
ROBOT_RELOC,,1,1,14,,6.173622422028763,,,
ROBOT_RELOC,,1,1,15,,13.379361149714148,,,
ROBOT_RELOC,,1,1,16,,13.899367177592232,,,
ROBOT_RELOC,,1,1,17,,10.856209163429988,,,
ROBOT_RELOC,,1,2,0,,11.042229038180682,,,
ROBOT_RELOC,,1,2,1,,6.770583013164263,,,
ROBOT_RELOC,,1,2,2,,0.0,,,
ROBOT_RELOC,,1,2,3,,12.72712319507569,,,
ROBOT_RELOC,,1,2,4,,7.053996472352451,,,
ROBOT_RELOC,,1,2,5,,13.497925985748754,,,
ROBOT_RELOC,,1,2,6,,11.814292874719195,,,
ROBOT_RELOC,,1,2,7,,11.242608635154713,,,
ROBOT_RELOC,,1,2,8,,8.42613570216675,,,
ROBOT_RELOC,,1,2,9,,14.478049938047494,,,
ROBOT_RELOC,,1,2,10,,6.061043643169979,,,
ROBOT_RELOC,,1,2,11,,8.70031503315279,,,
ROBOT_RELOC,,1,2,12,,15.433877741347004,,,
ROBOT_RELOC,,1,2,13,,11.560459377941497,,,
ROBOT_RELOC,,1,2,14,,6.491489594693242,,,
ROBOT_RELOC,,1,2,15,,6.5281511668257,,,
ROBOT_RELOC,,1,2,16,,14.672317877432276,,,
ROBOT_RELOC,,1,2,17,,11.672593614559027,,,
ROBOT_RELOC,,1,3,0,,15.214750263047065,,,
ROBOT_RELOC,,1,3,1,,15.849600009289896,,,
ROBOT_RELOC,,1,3,2,,12.252051856618559,,,
ROBOT_RELOC,,1,3,3,,0.0,,,
ROBOT_RELOC,,1,3,4,,4.712515376267882,,,
ROBOT_RELOC,,1,3,5,,2.7722784208749647,,,
ROBOT_RELOC,,1,3,6,,12.724398354801668,,,
ROBOT_RELOC,,1,3,7,,12.456318940812057,,,
ROBOT_RELOC,,1,3,8,,10.083141825657304,,,
ROBOT_RELOC,,1,3,9,,12.43643622784995,,,
ROBOT_RELOC,,1,3,10,,12.178757435987418,,,
ROBOT_RELOC,,1,3,11,,10.354810004124504,,,
ROBOT_RELOC,,1,3,12,,8.013134051192107,,,
ROBOT_RELOC,,1,3,13,,10.949107862950562,,,
ROBOT_RELOC,,1,3,14,,7.1627751435405544,,,
ROBOT_RELOC,,1,3,15,,7.821954752954536,,,
ROBOT_RELOC,,1,3,16,,11.818191115219545,,,
ROBOT_RELOC,,1,3,17,,6.640282710919936,,,
ROBOT_RELOC,,1,4,0,,10.844226865494882,,,
ROBOT_RELOC,,1,4,1,,8.554833004783022,,,
ROBOT_RELOC,,1,4,2,,6.28673807254894,,,
ROBOT_RELOC,,1,4,3,,5.666539307561152,,,
ROBOT_RELOC,,1,4,4,,0.0,,,
ROBOT_RELOC,,1,4,5,,3.402179137705604,,,
ROBOT_RELOC,,1,4,6,,9.364038240310835,,,
ROBOT_RELOC,,1,4,7,,15.482424249058285,,,
ROBOT_RELOC,,1,4,8,,8.345896781772627,,,
ROBOT_RELOC,,1,4,9,,9.665918367926842,,,
ROBOT_RELOC,,1,4,10,,9.98131454578432,,,
ROBOT_RELOC,,1,4,11,,14.9467576437019,,,
ROBOT_RELOC,,1,4,12,,11.169132332744237,,,
ROBOT_RELOC,,1,4,13,,10.20475617854308,,,
ROBOT_RELOC,,1,4,14,,7.989894353487694,,,
ROBOT_RELOC,,1,4,15,,9.256722347890562,,,
ROBOT_RELOC,,1,4,16,,12.006583399873323,,,
ROBOT_RELOC,,1,4,17,,10.692539286147065,,,
ROBOT_RELOC,,1,5,0,,8.951910667766604,,,
ROBOT_RELOC,,1,5,1,,9.79921418066827,,,
ROBOT_RELOC,,1,5,2,,8.290236716333338,,,
ROBOT_RELOC,,1,5,3,,3.9387036721071116,,,
ROBOT_RELOC,,1,5,4,,3.8828555555326254,,,
ROBOT_RELOC,,1,5,5,,0.0,,,
ROBOT_RELOC,,1,5,6,,12.851013996035782,,,
ROBOT_RELOC,,1,5,7,,15.907006693393583,,,
ROBOT_RELOC,,1,5,8,,15.231151157236898,,,
ROBOT_RELOC,,1,5,9,,11.584434184526174,,,
ROBOT_RELOC,,1,5,10,,12.175529543682426,,,
ROBOT_RELOC,,1,5,11,,6.313200503796845,,,
ROBOT_RELOC,,1,5,12,,8.576317929088686,,,
ROBOT_RELOC,,1,5,13,,15.723785959440969,,,
ROBOT_RELOC,,1,5,14,,13.448100103414092,,,
ROBOT_RELOC,,1,5,15,,9.014913118447438,,,
ROBOT_RELOC,,1,5,16,,13.08612742358332,,,
ROBOT_RELOC,,1,5,17,,13.20314079300366,,,
ROBOT_RELOC,,1,6,0,,11.705921032868416,,,
ROBOT_RELOC,,1,6,1,,7.637230374464704,,,
ROBOT_RELOC,,1,6,2,,8.104076122728317,,,
ROBOT_RELOC,,1,6,3,,6.8060156114998565,,,
ROBOT_RELOC,,1,6,4,,11.393529900381266,,,
ROBOT_RELOC,,1,6,5,,10.416958323995805,,,
ROBOT_RELOC,,1,6,6,,0.0,,,
ROBOT_RELOC,,1,6,7,,6.8313452497028795,,,
ROBOT_RELOC,,1,6,8,,7.299877169932025,,,
ROBOT_RELOC,,1,6,9,,6.9865547699594615,,,
ROBOT_RELOC,,1,6,10,,7.7160699247441125,,,
ROBOT_RELOC,,1,6,11,,6.846228028504711,,,
ROBOT_RELOC,,1,6,12,,10.497594745726776,,,
ROBOT_RELOC,,1,6,13,,11.770496393868632,,,
ROBOT_RELOC,,1,6,14,,12.45790105423692,,,
ROBOT_RELOC,,1,6,15,,7.770996954651615,,,
ROBOT_RELOC,,1,6,16,,13.902165537183562,,,
ROBOT_RELOC,,1,6,17,,11.33068486644219,,,
ROBOT_RELOC,,1,7,0,,12.963759200325953,,,
ROBOT_RELOC,,1,7,1,,13.117336248648803,,,
ROBOT_RELOC,,1,7,2,,7.0180409900001655,,,
ROBOT_RELOC,,1,7,3,,15.225621959493983,,,
ROBOT_RELOC,,1,7,4,,11.819060708672342,,,
ROBOT_RELOC,,1,7,5,,8.344987642162556,,,
ROBOT_RELOC,,1,7,6,,6.2524335455510185,,,
ROBOT_RELOC,,1,7,7,,0.0,,,
ROBOT_RELOC,,1,7,8,,3.8222698138069195,,,
ROBOT_RELOC,,1,7,9,,2.3625254169816117,,,
ROBOT_RELOC,,1,7,10,,8.333519405641852,,,
ROBOT_RELOC,,1,7,11,,14.813108246071042,,,
ROBOT_RELOC,,1,7,12,,13.887244234068204,,,
ROBOT_RELOC,,1,7,13,,14.477070330896144,,,
ROBOT_RELOC,,1,7,14,,7.851365348079198,,,
ROBOT_RELOC,,1,7,15,,7.36854516008172,,,
ROBOT_RELOC,,1,7,16,,8.89721617578696,,,
ROBOT_RELOC,,1,7,17,,15.54583636074269,,,
ROBOT_RELOC,,1,8,0,,7.8497057380863335,,,
ROBOT_RELOC,,1,8,1,,10.168732292075314,,,
ROBOT_RELOC,,1,8,2,,8.841571213502938,,,
ROBOT_RELOC,,1,8,3,,8.245836780322149,,,
ROBOT_RELOC,,1,8,4,,14.62751330429069,,,
ROBOT_RELOC,,1,8,5,,14.366369187004242,,,
ROBOT_RELOC,,1,8,6,,6.489599343735985,,,
ROBOT_RELOC,,1,8,7,,3.9920782812372866,,,
ROBOT_RELOC,,1,8,8,,0.0,,,
ROBOT_RELOC,,1,8,9,,4.4339187281764865,,,
ROBOT_RELOC,,1,8,10,,11.07737232054516,,,
ROBOT_RELOC,,1,8,11,,8.249355179445581,,,
ROBOT_RELOC,,1,8,12,,15.545731434241757,,,
ROBOT_RELOC,,1,8,13,,10.897207678017276,,,
ROBOT_RELOC,,1,8,14,,12.929761568291104,,,
ROBOT_RELOC,,1,8,15,,8.086707787371465,,,
ROBOT_RELOC,,1,8,16,,9.433031341020254,,,
ROBOT_RELOC,,1,8,17,,6.234338975909232,,,
ROBOT_RELOC,,1,9,0,,6.157303781502746,,,
ROBOT_RELOC,,1,9,1,,9.649046345299627,,,
ROBOT_RELOC,,1,9,2,,7.173238554161368,,,
ROBOT_RELOC,,1,9,3,,9.255056510131602,,,
ROBOT_RELOC,,1,9,4,,13.668797927750862,,,
ROBOT_RELOC,,1,9,5,,7.686529414667607,,,
ROBOT_RELOC,,1,9,6,,10.733558053745533,,,
ROBOT_RELOC,,1,9,7,,5.651992522943507,,,
ROBOT_RELOC,,1,9,8,,3.668037660166365,,,
ROBOT_RELOC,,1,9,9,,0.0,,,
ROBOT_RELOC,,1,9,10,,14.253431334974943,,,
ROBOT_RELOC,,1,9,11,,7.205087884327668,,,
ROBOT_RELOC,,1,9,12,,12.532635796251203,,,
ROBOT_RELOC,,1,9,13,,6.004807548998642,,,
ROBOT_RELOC,,1,9,14,,8.182141437979066,,,
ROBOT_RELOC,,1,9,15,,12.856028867520298,,,
ROBOT_RELOC,,1,9,16,,11.73028296058397,,,
ROBOT_RELOC,,1,9,17,,7.398037298712964,,,
ROBOT_RELOC,,1,10,0,,8.94608708337534,,,
ROBOT_RELOC,,1,10,1,,6.050099084471218,,,
ROBOT_RELOC,,1,10,2,,10.461579573076293,,,
ROBOT_RELOC,,1,10,3,,12.283161953128682,,,
ROBOT_RELOC,,1,10,4,,13.028597008163548,,,
ROBOT_RELOC,,1,10,5,,11.13562334387195,,,
ROBOT_RELOC,,1,10,6,,11.492975894803823,,,
ROBOT_RELOC,,1,10,7,,10.883686473603678,,,
ROBOT_RELOC,,1,10,8,,11.63521883167963,,,
ROBOT_RELOC,,1,10,9,,9.414857197203057,,,
ROBOT_RELOC,,1,10,10,,0.0,,,
ROBOT_RELOC,,1,10,11,,4.7545155123409355,,,
ROBOT_RELOC,,1,10,12,,5.4013023433478615,,,
ROBOT_RELOC,,1,10,13,,10.623364917629011,,,
ROBOT_RELOC,,1,10,14,,10.972997955358569,,,
ROBOT_RELOC,,1,10,15,,9.74788534874643,,,
ROBOT_RELOC,,1,10,16,,14.08570746148941,,,
ROBOT_RELOC,,1,10,17,,15.931845140061299,,,
ROBOT_RELOC,,1,11,0,,15.005721375233565,,,
ROBOT_RELOC,,1,11,1,,15.039216824109046,,,
ROBOT_RELOC,,1,11,2,,12.52510513796038,,,
ROBOT_RELOC,,1,11,3,,12.944855840081171,,,
ROBOT_RELOC,,1,11,4,,11.927419231163618,,,
ROBOT_RELOC,,1,11,5,,10.23701225530316,,,
ROBOT_RELOC,,1,11,6,,13.397011750093204,,,
ROBOT_RELOC,,1,11,7,,11.798058403266158,,,
ROBOT_RELOC,,1,11,8,,14.414223767783387,,,
ROBOT_RELOC,,1,11,9,,14.550807585313816,,,
ROBOT_RELOC,,1,11,10,,3.7370866881993834,,,
ROBOT_RELOC,,1,11,11,,0.0,,,
ROBOT_RELOC,,1,11,12,,3.5267765739544084,,,
ROBOT_RELOC,,1,11,13,,10.59757601448176,,,
ROBOT_RELOC,,1,11,14,,7.181545058658189,,,
ROBOT_RELOC,,1,11,15,,11.350844168054321,,,
ROBOT_RELOC,,1,11,16,,8.784312243595148,,,
ROBOT_RELOC,,1,11,17,,7.062409862543346,,,
ROBOT_RELOC,,1,12,0,,9.579963496767284,,,
ROBOT_RELOC,,1,12,1,,6.832405808356987,,,
ROBOT_RELOC,,1,12,2,,12.29666203403936,,,
ROBOT_RELOC,,1,12,3,,12.247796086844136,,,
ROBOT_RELOC,,1,12,4,,12.63695536507605,,,
ROBOT_RELOC,,1,12,5,,9.87963159897146,,,
ROBOT_RELOC,,1,12,6,,7.637919086349782,,,
ROBOT_RELOC,,1,12,7,,7.4116817007921885,,,
ROBOT_RELOC,,1,12,8,,14.834730306987698,,,
ROBOT_RELOC,,1,12,9,,12.284433141969112,,,
ROBOT_RELOC,,1,12,10,,2.984889767865423,,,
ROBOT_RELOC,,1,12,11,,4.247131131615927,,,
ROBOT_RELOC,,1,12,12,,0.0,,,
ROBOT_RELOC,,1,12,13,,11.152744226806806,,,
ROBOT_RELOC,,1,12,14,,14.362467491925477,,,
ROBOT_RELOC,,1,12,15,,12.814065896843339,,,
ROBOT_RELOC,,1,12,16,,11.840077422963562,,,
ROBOT_RELOC,,1,12,17,,8.376069004215053,,,
ROBOT_RELOC,,1,13,0,,14.867458048233972,,,
ROBOT_RELOC,,1,13,1,,12.22562323781952,,,
ROBOT_RELOC,,1,13,2,,10.385684612452634,,,
ROBOT_RELOC,,1,13,3,,7.830414002514424,,,
ROBOT_RELOC,,1,13,4,,12.813020369685573,,,
ROBOT_RELOC,,1,13,5,,13.478851418471475,,,
ROBOT_RELOC,,1,13,6,,14.249757748164793,,,
ROBOT_RELOC,,1,13,7,,7.2629793318009455,,,
ROBOT_RELOC,,1,13,8,,13.945792911239842,,,
ROBOT_RELOC,,1,13,9,,8.472638511892008,,,
ROBOT_RELOC,,1,13,10,,12.654266931662333,,,
ROBOT_RELOC,,1,13,11,,12.218057598137138,,,
ROBOT_RELOC,,1,13,12,,9.258490655313498,,,
ROBOT_RELOC,,1,13,13,,0.0,,,
ROBOT_RELOC,,1,13,14,,3.6939054828780025,,,
ROBOT_RELOC,,1,13,15,,9.83872673289366,,,
ROBOT_RELOC,,1,13,16,,13.187683220214872,,,
ROBOT_RELOC,,1,13,17,,9.1687513437018,,,
ROBOT_RELOC,,1,14,0,,7.823990576257968,,,
ROBOT_RELOC,,1,14,1,,8.61339825460557,,,
ROBOT_RELOC,,1,14,2,,14.834196256059416,,,
ROBOT_RELOC,,1,14,3,,12.027604243594027,,,
ROBOT_RELOC,,1,14,4,,13.596841077151765,,,
ROBOT_RELOC,,1,14,5,,7.2694442310509535,,,
ROBOT_RELOC,,1,14,6,,13.557778703999922,,,
ROBOT_RELOC,,1,14,7,,8.219521914728517,,,
ROBOT_RELOC,,1,14,8,,6.7838907283828505,,,
ROBOT_RELOC,,1,14,9,,7.647189926881406,,,
ROBOT_RELOC,,1,14,10,,15.237918013813731,,,
ROBOT_RELOC,,1,14,11,,6.752434288228915,,,
ROBOT_RELOC,,1,14,12,,7.39676703144226,,,
ROBOT_RELOC,,1,14,13,,5.820637143464106,,,
ROBOT_RELOC,,1,14,14,,0.0,,,
ROBOT_RELOC,,1,14,15,,10.991801516026204,,,
ROBOT_RELOC,,1,14,16,,14.187199614494414,,,
ROBOT_RELOC,,1,14,17,,8.18248929369419,,,
ROBOT_RELOC,,1,15,0,,14.157296294832872,,,
ROBOT_RELOC,,1,15,1,,6.949573474510609,,,
ROBOT_RELOC,,1,15,2,,13.593509709844525,,,
ROBOT_RELOC,,1,15,3,,10.871358379833875,,,
ROBOT_RELOC,,1,15,4,,11.222654466186187,,,
ROBOT_RELOC,,1,15,5,,10.898851913358934,,,
ROBOT_RELOC,,1,15,6,,13.20748429022255,,,
ROBOT_RELOC,,1,15,7,,8.629648718201825,,,
ROBOT_RELOC,,1,15,8,,7.122780235444218,,,
ROBOT_RELOC,,1,15,9,,10.515037494172757,,,
ROBOT_RELOC,,1,15,10,,12.490608751427828,,,
ROBOT_RELOC,,1,15,11,,12.240267106873466,,,
ROBOT_RELOC,,1,15,12,,11.283009351935663,,,
ROBOT_RELOC,,1,15,13,,10.802411689167393,,,
ROBOT_RELOC,,1,15,14,,9.984776167893862,,,
ROBOT_RELOC,,1,15,15,,0.0,,,
ROBOT_RELOC,,1,15,16,,4.910112471958811,,,
ROBOT_RELOC,,1,15,17,,5.495584597214844,,,
ROBOT_RELOC,,1,16,0,,15.302629155692612,,,
ROBOT_RELOC,,1,16,1,,12.12118293225815,,,
ROBOT_RELOC,,1,16,2,,9.599129690332845,,,
ROBOT_RELOC,,1,16,3,,13.239876599817237,,,
ROBOT_RELOC,,1,16,4,,10.176213660410518,,,
ROBOT_RELOC,,1,16,5,,8.743430693852972,,,
ROBOT_RELOC,,1,16,6,,8.037129343387605,,,
ROBOT_RELOC,,1,16,7,,6.95979197631359,,,
ROBOT_RELOC,,1,16,8,,14.216876777476266,,,
ROBOT_RELOC,,1,16,9,,15.174082647709636,,,
ROBOT_RELOC,,1,16,10,,9.76066258436378,,,
ROBOT_RELOC,,1,16,11,,11.252880319024321,,,
ROBOT_RELOC,,1,16,12,,15.201143928552112,,,
ROBOT_RELOC,,1,16,13,,11.881900135088337,,,
ROBOT_RELOC,,1,16,14,,9.627029852179074,,,
ROBOT_RELOC,,1,16,15,,2.6896238295696033,,,
ROBOT_RELOC,,1,16,16,,0.0,,,
ROBOT_RELOC,,1,16,17,,2.6131591275204014,,,
ROBOT_RELOC,,1,17,0,,12.401434741035862,,,
ROBOT_RELOC,,1,17,1,,10.149028676826955,,,
ROBOT_RELOC,,1,17,2,,8.201727253642,,,
ROBOT_RELOC,,1,17,3,,8.740494317092868,,,
ROBOT_RELOC,,1,17,4,,7.5540098983778226,,,
ROBOT_RELOC,,1,17,5,,9.949600681698684,,,
ROBOT_RELOC,,1,17,6,,15.400511801553924,,,
ROBOT_RELOC,,1,17,7,,9.108568350116926,,,
ROBOT_RELOC,,1,17,8,,13.896594466020787,,,
ROBOT_RELOC,,1,17,9,,8.697784563754634,,,
ROBOT_RELOC,,1,17,10,,9.254640681159568,,,
ROBOT_RELOC,,1,17,11,,13.892515097915267,,,
ROBOT_RELOC,,1,17,12,,15.90498078856628,,,
ROBOT_RELOC,,1,17,13,,11.030523286887384,,,
ROBOT_RELOC,,1,17,14,,11.682707169038753,,,
ROBOT_RELOC,,1,17,15,,3.757513668218422,,,
ROBOT_RELOC,,1,17,16,,4.445976466549673,,,
ROBOT_RELOC,,1,17,17,,0.0,,,
ROBOT_RELOC,,2,0,0,,0.0,,,
ROBOT_RELOC,,2,0,1,,2.8414368649635953,,,
ROBOT_RELOC,,2,0,2,,8.836544962727107,,,
ROBOT_RELOC,,2,0,3,,9.760687595364145,,,
ROBOT_RELOC,,2,0,4,,13.4233460511823,,,
ROBOT_RELOC,,2,0,5,,10.912330771003322,,,
ROBOT_RELOC,,2,0,6,,13.161209903801733,,,
ROBOT_RELOC,,2,0,7,,14.308471658293577,,,
ROBOT_RELOC,,2,0,8,,7.099669525582301,,,
ROBOT_RELOC,,2,0,9,,12.714574193551504,,,
ROBOT_RELOC,,2,0,10,,10.80425419033578,,,
ROBOT_RELOC,,2,0,11,,14.337852388548942,,,
ROBOT_RELOC,,2,0,12,,10.521037933853606,,,
ROBOT_RELOC,,2,0,13,,10.541649944360477,,,
ROBOT_RELOC,,2,0,14,,8.06863967572835,,,
ROBOT_RELOC,,2,0,15,,13.859087954238422,,,
ROBOT_RELOC,,2,0,16,,9.545502884411201,,,
ROBOT_RELOC,,2,0,17,,9.949892502994853,,,
ROBOT_RELOC,,2,1,0,,2.0868306700598738,,,
ROBOT_RELOC,,2,1,1,,0.0,,,
ROBOT_RELOC,,2,1,2,,12.835303361644261,,,
ROBOT_RELOC,,2,1,3,,9.207278424002798,,,
ROBOT_RELOC,,2,1,4,,6.743211612718752,,,
ROBOT_RELOC,,2,1,5,,8.193555485803007,,,
ROBOT_RELOC,,2,1,6,,12.208449062923348,,,
ROBOT_RELOC,,2,1,7,,7.957785196844103,,,
ROBOT_RELOC,,2,1,8,,10.638908126969788,,,
ROBOT_RELOC,,2,1,9,,6.837734296598827,,,
ROBOT_RELOC,,2,1,10,,10.283451071925871,,,
ROBOT_RELOC,,2,1,11,,6.0362825602184005,,,
ROBOT_RELOC,,2,1,12,,6.975446305987045,,,
ROBOT_RELOC,,2,1,13,,11.529283065282504,,,
ROBOT_RELOC,,2,1,14,,10.774896192377316,,,
ROBOT_RELOC,,2,1,15,,13.185130966792292,,,
ROBOT_RELOC,,2,1,16,,8.62220467365294,,,
ROBOT_RELOC,,2,1,17,,12.809106193471996,,,
ROBOT_RELOC,,2,2,0,,15.41564677977166,,,
ROBOT_RELOC,,2,2,1,,7.277243312667378,,,
ROBOT_RELOC,,2,2,2,,0.0,,,
ROBOT_RELOC,,2,2,3,,11.367412166910238,,,
ROBOT_RELOC,,2,2,4,,8.964721928185634,,,
ROBOT_RELOC,,2,2,5,,11.990843196539434,,,
ROBOT_RELOC,,2,2,6,,13.698332301267019,,,
ROBOT_RELOC,,2,2,7,,13.655031802631473,,,
ROBOT_RELOC,,2,2,8,,11.21443853535659,,,
ROBOT_RELOC,,2,2,9,,10.64506846049461,,,
ROBOT_RELOC,,2,2,10,,13.92770516315353,,,
ROBOT_RELOC,,2,2,11,,6.31224138377398,,,
ROBOT_RELOC,,2,2,12,,7.47985704034161,,,
ROBOT_RELOC,,2,2,13,,14.925521859817042,,,
ROBOT_RELOC,,2,2,14,,10.005291106900174,,,
ROBOT_RELOC,,2,2,15,,11.797552640630903,,,
ROBOT_RELOC,,2,2,16,,7.127420127466861,,,
ROBOT_RELOC,,2,2,17,,6.2259087717333905,,,
ROBOT_RELOC,,2,3,0,,14.118568645076115,,,
ROBOT_RELOC,,2,3,1,,14.447419856547642,,,
ROBOT_RELOC,,2,3,2,,6.4265641302262875,,,
ROBOT_RELOC,,2,3,3,,0.0,,,
ROBOT_RELOC,,2,3,4,,4.055688584314367,,,
ROBOT_RELOC,,2,3,5,,4.338618184712149,,,
ROBOT_RELOC,,2,3,6,,12.351884229449166,,,
ROBOT_RELOC,,2,3,7,,6.533085280057635,,,
ROBOT_RELOC,,2,3,8,,8.207961289096442,,,
ROBOT_RELOC,,2,3,9,,15.838302972908673,,,
ROBOT_RELOC,,2,3,10,,15.52511258195772,,,
ROBOT_RELOC,,2,3,11,,12.232349188443207,,,
ROBOT_RELOC,,2,3,12,,8.011426125101483,,,
ROBOT_RELOC,,2,3,13,,11.829070891844502,,,
ROBOT_RELOC,,2,3,14,,8.202160515283449,,,
ROBOT_RELOC,,2,3,15,,14.329972921723613,,,
ROBOT_RELOC,,2,3,16,,15.138882792285063,,,
ROBOT_RELOC,,2,3,17,,11.07914147512365,,,
ROBOT_RELOC,,2,4,0,,15.724377557833146,,,
ROBOT_RELOC,,2,4,1,,8.026674720724621,,,
ROBOT_RELOC,,2,4,2,,15.424587808100167,,,
ROBOT_RELOC,,2,4,3,,2.103135473630051,,,
ROBOT_RELOC,,2,4,4,,0.0,,,
ROBOT_RELOC,,2,4,5,,3.802489969550923,,,
ROBOT_RELOC,,2,4,6,,14.814709090571908,,,
ROBOT_RELOC,,2,4,7,,12.161884524083188,,,
ROBOT_RELOC,,2,4,8,,8.810079022775271,,,
ROBOT_RELOC,,2,4,9,,11.222772438929812,,,
ROBOT_RELOC,,2,4,10,,7.184556586585487,,,
ROBOT_RELOC,,2,4,11,,11.502525385664004,,,
ROBOT_RELOC,,2,4,12,,13.96491729430237,,,
ROBOT_RELOC,,2,4,13,,11.108137954930738,,,
ROBOT_RELOC,,2,4,14,,13.732590856004853,,,
ROBOT_RELOC,,2,4,15,,9.376264531660867,,,
ROBOT_RELOC,,2,4,16,,6.168328484709272,,,
ROBOT_RELOC,,2,4,17,,11.890063279975754,,,
ROBOT_RELOC,,2,5,0,,14.558352104585014,,,
ROBOT_RELOC,,2,5,1,,12.494179986656189,,,
ROBOT_RELOC,,2,5,2,,13.985721558014028,,,
ROBOT_RELOC,,2,5,3,,2.7877331522232773,,,
ROBOT_RELOC,,2,5,4,,3.2593523716658486,,,
ROBOT_RELOC,,2,5,5,,0.0,,,
ROBOT_RELOC,,2,5,6,,6.397609204092549,,,
ROBOT_RELOC,,2,5,7,,11.334612012357102,,,
ROBOT_RELOC,,2,5,8,,10.739234420270403,,,
ROBOT_RELOC,,2,5,9,,9.408335255476754,,,
ROBOT_RELOC,,2,5,10,,11.378952743012633,,,
ROBOT_RELOC,,2,5,11,,9.223945747495833,,,
ROBOT_RELOC,,2,5,12,,14.038442464743937,,,
ROBOT_RELOC,,2,5,13,,7.541949215066122,,,
ROBOT_RELOC,,2,5,14,,8.24867708627606,,,
ROBOT_RELOC,,2,5,15,,12.302233690020707,,,
ROBOT_RELOC,,2,5,16,,10.457142745165115,,,
ROBOT_RELOC,,2,5,17,,6.9509500896208225,,,
ROBOT_RELOC,,2,6,0,,14.637622303973092,,,
ROBOT_RELOC,,2,6,1,,6.152639017409289,,,
ROBOT_RELOC,,2,6,2,,10.14768714294712,,,
ROBOT_RELOC,,2,6,3,,12.840607178160006,,,
ROBOT_RELOC,,2,6,4,,12.93359005925534,,,
ROBOT_RELOC,,2,6,5,,11.534841274709397,,,
ROBOT_RELOC,,2,6,6,,0.0,,,
ROBOT_RELOC,,2,6,7,,15.942201691788139,,,
ROBOT_RELOC,,2,6,8,,8.338186282415698,,,
ROBOT_RELOC,,2,6,9,,13.611864069162575,,,
ROBOT_RELOC,,2,6,10,,12.01043869849033,,,
ROBOT_RELOC,,2,6,11,,11.528473874973683,,,
ROBOT_RELOC,,2,6,12,,9.182020126128197,,,
ROBOT_RELOC,,2,6,13,,8.391485329798044,,,
ROBOT_RELOC,,2,6,14,,6.9783338225503915,,,
ROBOT_RELOC,,2,6,15,,7.667648175646919,,,
ROBOT_RELOC,,2,6,16,,13.062926103729637,,,
ROBOT_RELOC,,2,6,17,,11.26483715221741,,,
ROBOT_RELOC,,2,7,0,,13.108251987260354,,,
ROBOT_RELOC,,2,7,1,,13.390504319436502,,,
ROBOT_RELOC,,2,7,2,,13.391883204252029,,,
ROBOT_RELOC,,2,7,3,,15.71656306333205,,,
ROBOT_RELOC,,2,7,4,,11.35646147084644,,,
ROBOT_RELOC,,2,7,5,,10.587370462072652,,,
ROBOT_RELOC,,2,7,6,,15.896036055183197,,,
ROBOT_RELOC,,2,7,7,,0.0,,,
ROBOT_RELOC,,2,7,8,,4.085450589632316,,,
ROBOT_RELOC,,2,7,9,,2.6457718695334727,,,
ROBOT_RELOC,,2,7,10,,6.39521785363513,,,
ROBOT_RELOC,,2,7,11,,10.110017430066392,,,
ROBOT_RELOC,,2,7,12,,12.006842406049234,,,
ROBOT_RELOC,,2,7,13,,12.062006139263111,,,
ROBOT_RELOC,,2,7,14,,14.471412392089547,,,
ROBOT_RELOC,,2,7,15,,15.733269233568901,,,
ROBOT_RELOC,,2,7,16,,6.597005548915566,,,
ROBOT_RELOC,,2,7,17,,13.209305705431067,,,
ROBOT_RELOC,,2,8,0,,12.834567345183011,,,
ROBOT_RELOC,,2,8,1,,7.1919313569331145,,,
ROBOT_RELOC,,2,8,2,,12.990672162156898,,,
ROBOT_RELOC,,2,8,3,,6.388217563775649,,,
ROBOT_RELOC,,2,8,4,,7.026114573178224,,,
ROBOT_RELOC,,2,8,5,,8.96783837826538,,,
ROBOT_RELOC,,2,8,6,,10.591100681515744,,,
ROBOT_RELOC,,2,8,7,,4.817431059295263,,,
ROBOT_RELOC,,2,8,8,,0.0,,,
ROBOT_RELOC,,2,8,9,,5.9766559551234915,,,
ROBOT_RELOC,,2,8,10,,13.865057468836113,,,
ROBOT_RELOC,,2,8,11,,9.441764707799626,,,
ROBOT_RELOC,,2,8,12,,8.535405276907383,,,
ROBOT_RELOC,,2,8,13,,9.363414657213005,,,
ROBOT_RELOC,,2,8,14,,8.140286414465091,,,
ROBOT_RELOC,,2,8,15,,9.470102108633327,,,
ROBOT_RELOC,,2,8,16,,9.265040784042586,,,
ROBOT_RELOC,,2,8,17,,10.878074421248915,,,
ROBOT_RELOC,,2,9,0,,13.278294803226387,,,
ROBOT_RELOC,,2,9,1,,11.024121312047539,,,
ROBOT_RELOC,,2,9,2,,6.219504106022318,,,
ROBOT_RELOC,,2,9,3,,12.750544258559808,,,
ROBOT_RELOC,,2,9,4,,15.261789886379244,,,
ROBOT_RELOC,,2,9,5,,13.552945213189087,,,
ROBOT_RELOC,,2,9,6,,12.619079864529041,,,
ROBOT_RELOC,,2,9,7,,2.410992022764499,,,
ROBOT_RELOC,,2,9,8,,5.819896554875985,,,
ROBOT_RELOC,,2,9,9,,0.0,,,
ROBOT_RELOC,,2,9,10,,6.169148520327179,,,
ROBOT_RELOC,,2,9,11,,11.033101659144593,,,
ROBOT_RELOC,,2,9,12,,12.918111691888708,,,
ROBOT_RELOC,,2,9,13,,7.192359132032179,,,
ROBOT_RELOC,,2,9,14,,14.525158152359914,,,
ROBOT_RELOC,,2,9,15,,7.323834864155032,,,
ROBOT_RELOC,,2,9,16,,7.884598136906117,,,
ROBOT_RELOC,,2,9,17,,12.54581319849007,,,
ROBOT_RELOC,,2,10,0,,9.281442717393503,,,
ROBOT_RELOC,,2,10,1,,15.718060314114803,,,
ROBOT_RELOC,,2,10,2,,8.073369231750528,,,
ROBOT_RELOC,,2,10,3,,13.923801950450024,,,
ROBOT_RELOC,,2,10,4,,7.405518623044706,,,
ROBOT_RELOC,,2,10,5,,14.630946934109483,,,
ROBOT_RELOC,,2,10,6,,6.2027259686864324,,,
ROBOT_RELOC,,2,10,7,,15.554886802051092,,,
ROBOT_RELOC,,2,10,8,,10.939909152263905,,,
ROBOT_RELOC,,2,10,9,,14.993106090875283,,,
ROBOT_RELOC,,2,10,10,,0.0,,,
ROBOT_RELOC,,2,10,11,,3.296822216137021,,,
ROBOT_RELOC,,2,10,12,,2.189422272423688,,,
ROBOT_RELOC,,2,10,13,,8.257769404014812,,,
ROBOT_RELOC,,2,10,14,,8.254288200616244,,,
ROBOT_RELOC,,2,10,15,,9.757992218381506,,,
ROBOT_RELOC,,2,10,16,,8.50140099946822,,,
ROBOT_RELOC,,2,10,17,,15.557277282544833,,,
ROBOT_RELOC,,2,11,0,,9.346712540933973,,,
ROBOT_RELOC,,2,11,1,,6.793674977288338,,,
ROBOT_RELOC,,2,11,2,,8.088875087660988,,,
ROBOT_RELOC,,2,11,3,,15.805303513443537,,,
ROBOT_RELOC,,2,11,4,,15.533303534279494,,,
ROBOT_RELOC,,2,11,5,,14.695703137218532,,,
ROBOT_RELOC,,2,11,6,,7.981715748609388,,,
ROBOT_RELOC,,2,11,7,,14.02980739091042,,,
ROBOT_RELOC,,2,11,8,,7.399876405042628,,,
ROBOT_RELOC,,2,11,9,,6.210981008964135,,,
ROBOT_RELOC,,2,11,10,,4.754995752003872,,,
ROBOT_RELOC,,2,11,11,,0.0,,,
ROBOT_RELOC,,2,11,12,,5.610348369851813,,,
ROBOT_RELOC,,2,11,13,,15.380257486326492,,,
ROBOT_RELOC,,2,11,14,,9.631447707317925,,,
ROBOT_RELOC,,2,11,15,,13.426158551419716,,,
ROBOT_RELOC,,2,11,16,,7.17931962033813,,,
ROBOT_RELOC,,2,11,17,,15.30587242027307,,,
ROBOT_RELOC,,2,12,0,,6.349758596063481,,,
ROBOT_RELOC,,2,12,1,,11.608516690861416,,,
ROBOT_RELOC,,2,12,2,,13.659219647300588,,,
ROBOT_RELOC,,2,12,3,,7.567651847169655,,,
ROBOT_RELOC,,2,12,4,,12.924283675068663,,,
ROBOT_RELOC,,2,12,5,,13.737288093514785,,,
ROBOT_RELOC,,2,12,6,,9.112098638060477,,,
ROBOT_RELOC,,2,12,7,,14.137687687595092,,,
ROBOT_RELOC,,2,12,8,,15.390337400740139,,,
ROBOT_RELOC,,2,12,9,,8.545575238185716,,,
ROBOT_RELOC,,2,12,10,,5.441932893421331,,,
ROBOT_RELOC,,2,12,11,,2.2549251048224774,,,
ROBOT_RELOC,,2,12,12,,0.0,,,
ROBOT_RELOC,,2,12,13,,8.220769676986688,,,
ROBOT_RELOC,,2,12,14,,6.982388315157782,,,
ROBOT_RELOC,,2,12,15,,9.234648655875192,,,
ROBOT_RELOC,,2,12,16,,9.19054928981938,,,
ROBOT_RELOC,,2,12,17,,6.368256921494297,,,
ROBOT_RELOC,,2,13,0,,13.841158469705341,,,
ROBOT_RELOC,,2,13,1,,13.936734180257954,,,
ROBOT_RELOC,,2,13,2,,14.724942701455486,,,
ROBOT_RELOC,,2,13,3,,7.213938130936195,,,
ROBOT_RELOC,,2,13,4,,8.70874132470493,,,
ROBOT_RELOC,,2,13,5,,6.964023384926747,,,
ROBOT_RELOC,,2,13,6,,10.293883575315693,,,
ROBOT_RELOC,,2,13,7,,9.692278902466416,,,
ROBOT_RELOC,,2,13,8,,8.680237472562968,,,
ROBOT_RELOC,,2,13,9,,8.874386321980118,,,
ROBOT_RELOC,,2,13,10,,8.064008453437566,,,
ROBOT_RELOC,,2,13,11,,11.082125646683277,,,
ROBOT_RELOC,,2,13,12,,10.506585201917911,,,
ROBOT_RELOC,,2,13,13,,0.0,,,
ROBOT_RELOC,,2,13,14,,5.671947469393102,,,
ROBOT_RELOC,,2,13,15,,10.78680821588859,,,
ROBOT_RELOC,,2,13,16,,11.23613212345671,,,
ROBOT_RELOC,,2,13,17,,7.85108914257437,,,
ROBOT_RELOC,,2,14,0,,15.135446741665602,,,
ROBOT_RELOC,,2,14,1,,11.394237425596515,,,
ROBOT_RELOC,,2,14,2,,13.243294788003535,,,
ROBOT_RELOC,,2,14,3,,10.180194584943061,,,
ROBOT_RELOC,,2,14,4,,13.028286776587548,,,
ROBOT_RELOC,,2,14,5,,12.89395217309416,,,
ROBOT_RELOC,,2,14,6,,10.200486323503222,,,
ROBOT_RELOC,,2,14,7,,15.596767768943398,,,
ROBOT_RELOC,,2,14,8,,9.337319362484774,,,
ROBOT_RELOC,,2,14,9,,13.121377164208273,,,
ROBOT_RELOC,,2,14,10,,9.937463533961862,,,
ROBOT_RELOC,,2,14,11,,13.400290740446556,,,
ROBOT_RELOC,,2,14,12,,8.591376391919113,,,
ROBOT_RELOC,,2,14,13,,4.798811829017408,,,
ROBOT_RELOC,,2,14,14,,0.0,,,
ROBOT_RELOC,,2,14,15,,9.281668217851557,,,
ROBOT_RELOC,,2,14,16,,10.37129199369443,,,
ROBOT_RELOC,,2,14,17,,8.919509547961617,,,
ROBOT_RELOC,,2,15,0,,15.218622281540723,,,
ROBOT_RELOC,,2,15,1,,15.098340515442569,,,
ROBOT_RELOC,,2,15,2,,11.220326916882023,,,
ROBOT_RELOC,,2,15,3,,13.058800081175008,,,
ROBOT_RELOC,,2,15,4,,15.512169566463125,,,
ROBOT_RELOC,,2,15,5,,10.13948624092458,,,
ROBOT_RELOC,,2,15,6,,12.765741305186733,,,
ROBOT_RELOC,,2,15,7,,6.14434315250525,,,
ROBOT_RELOC,,2,15,8,,10.299678456298885,,,
ROBOT_RELOC,,2,15,9,,13.029658203230252,,,
ROBOT_RELOC,,2,15,10,,8.348472153743899,,,
ROBOT_RELOC,,2,15,11,,7.580838292938312,,,
ROBOT_RELOC,,2,15,12,,12.965417422283256,,,
ROBOT_RELOC,,2,15,13,,12.39906332741708,,,
ROBOT_RELOC,,2,15,14,,6.440069445900898,,,
ROBOT_RELOC,,2,15,15,,0.0,,,
ROBOT_RELOC,,2,15,16,,2.7641944882607747,,,
ROBOT_RELOC,,2,15,17,,5.072325061950018,,,
ROBOT_RELOC,,2,16,0,,10.896078029412454,,,
ROBOT_RELOC,,2,16,1,,10.608427014840652,,,
ROBOT_RELOC,,2,16,2,,6.355174399311537,,,
ROBOT_RELOC,,2,16,3,,11.567295749502303,,,
ROBOT_RELOC,,2,16,4,,14.816645394600041,,,
ROBOT_RELOC,,2,16,5,,13.283111804714366,,,
ROBOT_RELOC,,2,16,6,,11.140306856639832,,,
ROBOT_RELOC,,2,16,7,,11.966330958314302,,,
ROBOT_RELOC,,2,16,8,,12.540453950534065,,,
ROBOT_RELOC,,2,16,9,,10.333922827375407,,,
ROBOT_RELOC,,2,16,10,,13.127779875822101,,,
ROBOT_RELOC,,2,16,11,,6.165134552711325,,,
ROBOT_RELOC,,2,16,12,,6.390055190141615,,,
ROBOT_RELOC,,2,16,13,,8.960360633789993,,,
ROBOT_RELOC,,2,16,14,,13.325806652543362,,,
ROBOT_RELOC,,2,16,15,,4.304995951153291,,,
ROBOT_RELOC,,2,16,16,,0.0,,,
ROBOT_RELOC,,2,16,17,,3.032580796195471,,,
ROBOT_RELOC,,2,17,0,,15.793329019524222,,,
ROBOT_RELOC,,2,17,1,,13.876863175651465,,,
ROBOT_RELOC,,2,17,2,,14.08957229441646,,,
ROBOT_RELOC,,2,17,3,,10.121640949029118,,,
ROBOT_RELOC,,2,17,4,,15.081373294654382,,,
ROBOT_RELOC,,2,17,5,,7.137171116371762,,,
ROBOT_RELOC,,2,17,6,,8.985523214050893,,,
ROBOT_RELOC,,2,17,7,,13.202857693419542,,,
ROBOT_RELOC,,2,17,8,,6.689744705770863,,,
ROBOT_RELOC,,2,17,9,,8.943774057762834,,,
ROBOT_RELOC,,2,17,10,,8.986378828573226,,,
ROBOT_RELOC,,2,17,11,,13.752901126401587,,,
ROBOT_RELOC,,2,17,12,,6.37330277156133,,,
ROBOT_RELOC,,2,17,13,,7.397007422078293,,,
ROBOT_RELOC,,2,17,14,,8.688360976596343,,,
ROBOT_RELOC,,2,17,15,,5.063253833430883,,,
ROBOT_RELOC,,2,17,16,,5.792541326851445,,,
ROBOT_RELOC,,2,17,17,,0.0,,,
ROBOT_RELOC,,3,0,0,,0.0,,,
ROBOT_RELOC,,3,0,1,,2.430573819023578,,,
ROBOT_RELOC,,3,0,2,,13.605882913891303,,,
ROBOT_RELOC,,3,0,3,,7.326324530718881,,,
ROBOT_RELOC,,3,0,4,,12.48174770594602,,,
ROBOT_RELOC,,3,0,5,,9.958086716946305,,,
ROBOT_RELOC,,3,0,6,,13.768606168347539,,,
ROBOT_RELOC,,3,0,7,,14.23646529006118,,,
ROBOT_RELOC,,3,0,8,,13.944321528488807,,,
ROBOT_RELOC,,3,0,9,,12.731852155881363,,,
ROBOT_RELOC,,3,0,10,,11.34568626751884,,,
ROBOT_RELOC,,3,0,11,,14.68496148002166,,,
ROBOT_RELOC,,3,0,12,,11.430507660272701,,,
ROBOT_RELOC,,3,0,13,,9.684958938898399,,,
ROBOT_RELOC,,3,0,14,,9.658066596078212,,,
ROBOT_RELOC,,3,0,15,,9.760894033288013,,,
ROBOT_RELOC,,3,0,16,,8.818863499758207,,,
ROBOT_RELOC,,3,0,17,,12.210815889582605,,,
ROBOT_RELOC,,3,1,0,,2.12963659751512,,,
ROBOT_RELOC,,3,1,1,,0.0,,,
ROBOT_RELOC,,3,1,2,,10.786197592395276,,,
ROBOT_RELOC,,3,1,3,,15.090471300708526,,,
ROBOT_RELOC,,3,1,4,,15.755966257731952,,,
ROBOT_RELOC,,3,1,5,,14.357850762050768,,,
ROBOT_RELOC,,3,1,6,,10.803779336153356,,,
ROBOT_RELOC,,3,1,7,,11.635041654844935,,,
ROBOT_RELOC,,3,1,8,,14.010833781318162,,,
ROBOT_RELOC,,3,1,9,,13.078267099977968,,,
ROBOT_RELOC,,3,1,10,,13.604983234141722,,,
ROBOT_RELOC,,3,1,11,,15.633883719843636,,,
ROBOT_RELOC,,3,1,12,,15.174107266206214,,,
ROBOT_RELOC,,3,1,13,,7.127369103171114,,,
ROBOT_RELOC,,3,1,14,,11.748792721890524,,,
ROBOT_RELOC,,3,1,15,,8.93600156700371,,,
ROBOT_RELOC,,3,1,16,,8.741537343721108,,,
ROBOT_RELOC,,3,1,17,,15.41176552357386,,,
ROBOT_RELOC,,3,2,0,,14.589017136638969,,,
ROBOT_RELOC,,3,2,1,,14.918972712237899,,,
ROBOT_RELOC,,3,2,2,,0.0,,,
ROBOT_RELOC,,3,2,3,,12.24952163657965,,,
ROBOT_RELOC,,3,2,4,,11.833794896413735,,,
ROBOT_RELOC,,3,2,5,,13.171258889865053,,,
ROBOT_RELOC,,3,2,6,,10.356201438211007,,,
ROBOT_RELOC,,3,2,7,,13.459444373129973,,,
ROBOT_RELOC,,3,2,8,,10.601802423254497,,,
ROBOT_RELOC,,3,2,9,,7.560344864619696,,,
ROBOT_RELOC,,3,2,10,,10.711303558688334,,,
ROBOT_RELOC,,3,2,11,,9.138122984233227,,,
ROBOT_RELOC,,3,2,12,,13.654171223739127,,,
ROBOT_RELOC,,3,2,13,,8.788792215676096,,,
ROBOT_RELOC,,3,2,14,,14.991661609543621,,,
ROBOT_RELOC,,3,2,15,,6.312769020839734,,,
ROBOT_RELOC,,3,2,16,,8.783511036462112,,,
ROBOT_RELOC,,3,2,17,,13.699188561050358,,,
ROBOT_RELOC,,3,3,0,,14.492069119145855,,,
ROBOT_RELOC,,3,3,1,,11.907144202360502,,,
ROBOT_RELOC,,3,3,2,,7.27047774767882,,,
ROBOT_RELOC,,3,3,3,,0.0,,,
ROBOT_RELOC,,3,3,4,,3.648271649058697,,,
ROBOT_RELOC,,3,3,5,,4.567335762393968,,,
ROBOT_RELOC,,3,3,6,,12.183611647822662,,,
ROBOT_RELOC,,3,3,7,,11.677536800297325,,,
ROBOT_RELOC,,3,3,8,,11.145045823647106,,,
ROBOT_RELOC,,3,3,9,,14.872700745073978,,,
ROBOT_RELOC,,3,3,10,,15.913215761391488,,,
ROBOT_RELOC,,3,3,11,,8.768943437877073,,,
ROBOT_RELOC,,3,3,12,,13.85838803848777,,,
ROBOT_RELOC,,3,3,13,,7.347129509166212,,,
ROBOT_RELOC,,3,3,14,,10.653546143402732,,,
ROBOT_RELOC,,3,3,15,,7.023659830956828,,,
ROBOT_RELOC,,3,3,16,,6.189215602332404,,,
ROBOT_RELOC,,3,3,17,,11.458848589641732,,,
ROBOT_RELOC,,3,4,0,,6.609924848012956,,,
ROBOT_RELOC,,3,4,1,,12.247725065251393,,,
ROBOT_RELOC,,3,4,2,,13.0373228046006,,,
ROBOT_RELOC,,3,4,3,,5.146160940223995,,,
ROBOT_RELOC,,3,4,4,,0.0,,,
ROBOT_RELOC,,3,4,5,,4.966006844345497,,,
ROBOT_RELOC,,3,4,6,,11.427853808637503,,,
ROBOT_RELOC,,3,4,7,,9.061964471433697,,,
ROBOT_RELOC,,3,4,8,,15.392657914175844,,,
ROBOT_RELOC,,3,4,9,,15.966057531601201,,,
ROBOT_RELOC,,3,4,10,,11.853165269173232,,,
ROBOT_RELOC,,3,4,11,,12.21175724663292,,,
ROBOT_RELOC,,3,4,12,,9.41145185928401,,,
ROBOT_RELOC,,3,4,13,,8.35667416039429,,,
ROBOT_RELOC,,3,4,14,,8.931171475310416,,,
ROBOT_RELOC,,3,4,15,,13.30359626850677,,,
ROBOT_RELOC,,3,4,16,,12.568555160762031,,,
ROBOT_RELOC,,3,4,17,,11.200470677326459,,,
ROBOT_RELOC,,3,5,0,,14.058520783819569,,,
ROBOT_RELOC,,3,5,1,,6.778361911432429,,,
ROBOT_RELOC,,3,5,2,,15.697215010871302,,,
ROBOT_RELOC,,3,5,3,,2.6601840757024853,,,
ROBOT_RELOC,,3,5,4,,4.5083554454648755,,,
ROBOT_RELOC,,3,5,5,,0.0,,,
ROBOT_RELOC,,3,5,6,,8.973512032975366,,,
ROBOT_RELOC,,3,5,7,,15.397418538953431,,,
ROBOT_RELOC,,3,5,8,,13.460659763130183,,,
ROBOT_RELOC,,3,5,9,,9.611447321138208,,,
ROBOT_RELOC,,3,5,10,,7.733882122970449,,,
ROBOT_RELOC,,3,5,11,,13.197666882591598,,,
ROBOT_RELOC,,3,5,12,,7.433752010304796,,,
ROBOT_RELOC,,3,5,13,,15.694325330677856,,,
ROBOT_RELOC,,3,5,14,,13.571314283171505,,,
ROBOT_RELOC,,3,5,15,,15.38582412757842,,,
ROBOT_RELOC,,3,5,16,,14.477845779420473,,,
ROBOT_RELOC,,3,5,17,,13.320536615302498,,,
ROBOT_RELOC,,3,6,0,,6.1044935245798655,,,
ROBOT_RELOC,,3,6,1,,12.368404981834681,,,
ROBOT_RELOC,,3,6,2,,15.151585516523598,,,
ROBOT_RELOC,,3,6,3,,7.305950193667561,,,
ROBOT_RELOC,,3,6,4,,14.357280475346869,,,
ROBOT_RELOC,,3,6,5,,11.813673960945557,,,
ROBOT_RELOC,,3,6,6,,0.0,,,
ROBOT_RELOC,,3,6,7,,7.119069098204893,,,
ROBOT_RELOC,,3,6,8,,12.385399159149191,,,
ROBOT_RELOC,,3,6,9,,10.916105286608225,,,
ROBOT_RELOC,,3,6,10,,9.447148643330229,,,
ROBOT_RELOC,,3,6,11,,11.274759569730868,,,
ROBOT_RELOC,,3,6,12,,15.504195458850766,,,
ROBOT_RELOC,,3,6,13,,14.16816459075428,,,
ROBOT_RELOC,,3,6,14,,6.346081423137514,,,
ROBOT_RELOC,,3,6,15,,13.718580515863554,,,
ROBOT_RELOC,,3,6,16,,13.868499566145815,,,
ROBOT_RELOC,,3,6,17,,8.665467076051211,,,
ROBOT_RELOC,,3,7,0,,12.113334262323619,,,
ROBOT_RELOC,,3,7,1,,13.047340126812736,,,
ROBOT_RELOC,,3,7,2,,10.474065193094342,,,
ROBOT_RELOC,,3,7,3,,7.219496638150393,,,
ROBOT_RELOC,,3,7,4,,13.80965177995736,,,
ROBOT_RELOC,,3,7,5,,13.8510007934714,,,
ROBOT_RELOC,,3,7,6,,11.488875920699446,,,
ROBOT_RELOC,,3,7,7,,0.0,,,
ROBOT_RELOC,,3,7,8,,3.282682279087481,,,
ROBOT_RELOC,,3,7,9,,3.8483219279268654,,,
ROBOT_RELOC,,3,7,10,,14.835228008852715,,,
ROBOT_RELOC,,3,7,11,,10.965352946634486,,,
ROBOT_RELOC,,3,7,12,,15.922956907196491,,,
ROBOT_RELOC,,3,7,13,,12.99463703060837,,,
ROBOT_RELOC,,3,7,14,,13.811089290313278,,,
ROBOT_RELOC,,3,7,15,,14.857410815111656,,,
ROBOT_RELOC,,3,7,16,,9.024966211478365,,,
ROBOT_RELOC,,3,7,17,,8.128528840571466,,,
ROBOT_RELOC,,3,8,0,,10.462644813586763,,,
ROBOT_RELOC,,3,8,1,,15.686081088948594,,,
ROBOT_RELOC,,3,8,2,,7.951612150158965,,,
ROBOT_RELOC,,3,8,3,,12.706673585632602,,,
ROBOT_RELOC,,3,8,4,,14.564256438009567,,,
ROBOT_RELOC,,3,8,5,,15.835577542416669,,,
ROBOT_RELOC,,3,8,6,,8.4541215105342,,,
ROBOT_RELOC,,3,8,7,,3.586799461288074,,,
ROBOT_RELOC,,3,8,8,,0.0,,,
ROBOT_RELOC,,3,8,9,,4.2491505841905,,,
ROBOT_RELOC,,3,8,10,,9.868307665444469,,,
ROBOT_RELOC,,3,8,11,,9.315233972528386,,,
ROBOT_RELOC,,3,8,12,,15.206311018614032,,,
ROBOT_RELOC,,3,8,13,,8.377343382806577,,,
ROBOT_RELOC,,3,8,14,,11.428237134122185,,,
ROBOT_RELOC,,3,8,15,,8.854426282111122,,,
ROBOT_RELOC,,3,8,16,,12.322878491657137,,,
ROBOT_RELOC,,3,8,17,,10.766430560937248,,,
ROBOT_RELOC,,3,9,0,,10.927435007231628,,,
ROBOT_RELOC,,3,9,1,,14.839342314121023,,,
ROBOT_RELOC,,3,9,2,,6.723481046602357,,,
ROBOT_RELOC,,3,9,3,,11.313764653691482,,,
ROBOT_RELOC,,3,9,4,,14.437681285835218,,,
ROBOT_RELOC,,3,9,5,,9.834388723971054,,,
ROBOT_RELOC,,3,9,6,,13.812265158734673,,,
ROBOT_RELOC,,3,9,7,,5.80835143207576,,,
ROBOT_RELOC,,3,9,8,,4.419925468037249,,,
ROBOT_RELOC,,3,9,9,,0.0,,,
ROBOT_RELOC,,3,9,10,,6.570669822131484,,,
ROBOT_RELOC,,3,9,11,,8.662204128881953,,,
ROBOT_RELOC,,3,9,12,,6.847134687357989,,,
ROBOT_RELOC,,3,9,13,,14.332110476083734,,,
ROBOT_RELOC,,3,9,14,,8.367627676945546,,,
ROBOT_RELOC,,3,9,15,,12.699736500114593,,,
ROBOT_RELOC,,3,9,16,,7.762221755604971,,,
ROBOT_RELOC,,3,9,17,,13.381535678000098,,,
ROBOT_RELOC,,3,10,0,,13.11690025891248,,,
ROBOT_RELOC,,3,10,1,,12.816560673771047,,,
ROBOT_RELOC,,3,10,2,,9.612552703410632,,,
ROBOT_RELOC,,3,10,3,,12.840888407940145,,,
ROBOT_RELOC,,3,10,4,,11.140651126721057,,,
ROBOT_RELOC,,3,10,5,,13.528610691258416,,,
ROBOT_RELOC,,3,10,6,,11.32475106316118,,,
ROBOT_RELOC,,3,10,7,,8.248690749132884,,,
ROBOT_RELOC,,3,10,8,,15.931976270010143,,,
ROBOT_RELOC,,3,10,9,,9.796558457995209,,,
ROBOT_RELOC,,3,10,10,,0.0,,,
ROBOT_RELOC,,3,10,11,,2.428708567324873,,,
ROBOT_RELOC,,3,10,12,,5.848728111494426,,,
ROBOT_RELOC,,3,10,13,,12.582771793952391,,,
ROBOT_RELOC,,3,10,14,,14.277464748284032,,,
ROBOT_RELOC,,3,10,15,,6.363406766584285,,,
ROBOT_RELOC,,3,10,16,,8.51601785160164,,,
ROBOT_RELOC,,3,10,17,,9.163329979308436,,,
ROBOT_RELOC,,3,11,0,,12.10013571296669,,,
ROBOT_RELOC,,3,11,1,,12.419028050620192,,,
ROBOT_RELOC,,3,11,2,,8.766211305260622,,,
ROBOT_RELOC,,3,11,3,,11.395768997771654,,,
ROBOT_RELOC,,3,11,4,,13.180801521218761,,,
ROBOT_RELOC,,3,11,5,,11.399323961021572,,,
ROBOT_RELOC,,3,11,6,,9.714521466753666,,,
ROBOT_RELOC,,3,11,7,,12.326666602853711,,,
ROBOT_RELOC,,3,11,8,,9.77409624698505,,,
ROBOT_RELOC,,3,11,9,,7.995376597512443,,,
ROBOT_RELOC,,3,11,10,,4.854405307976723,,,
ROBOT_RELOC,,3,11,11,,0.0,,,
ROBOT_RELOC,,3,11,12,,3.659669943379594,,,
ROBOT_RELOC,,3,11,13,,12.022947693225348,,,
ROBOT_RELOC,,3,11,14,,9.556403017597415,,,
ROBOT_RELOC,,3,11,15,,6.857166191718704,,,
ROBOT_RELOC,,3,11,16,,9.059256765691492,,,
ROBOT_RELOC,,3,11,17,,9.549796517318384,,,
ROBOT_RELOC,,3,12,0,,8.159739097500005,,,
ROBOT_RELOC,,3,12,1,,6.58571584329293,,,
ROBOT_RELOC,,3,12,2,,10.649362401385222,,,
ROBOT_RELOC,,3,12,3,,7.212758086654625,,,
ROBOT_RELOC,,3,12,4,,11.992256419076226,,,
ROBOT_RELOC,,3,12,5,,14.685447782776867,,,
ROBOT_RELOC,,3,12,6,,15.626503858258724,,,
ROBOT_RELOC,,3,12,7,,13.387033638158048,,,
ROBOT_RELOC,,3,12,8,,11.22741553343976,,,
ROBOT_RELOC,,3,12,9,,12.698222165286925,,,
ROBOT_RELOC,,3,12,10,,5.352393364904266,,,
ROBOT_RELOC,,3,12,11,,2.5362146697737957,,,
ROBOT_RELOC,,3,12,12,,0.0,,,
ROBOT_RELOC,,3,12,13,,15.83399718248251,,,
ROBOT_RELOC,,3,12,14,,14.459584456889708,,,
ROBOT_RELOC,,3,12,15,,14.625346793590962,,,
ROBOT_RELOC,,3,12,16,,10.98057626171444,,,
ROBOT_RELOC,,3,12,17,,7.795029870076479,,,
ROBOT_RELOC,,3,13,0,,8.200242217142172,,,
ROBOT_RELOC,,3,13,1,,9.894503043536403,,,
ROBOT_RELOC,,3,13,2,,10.635703477035534,,,
ROBOT_RELOC,,3,13,3,,9.246972005323746,,,
ROBOT_RELOC,,3,13,4,,14.534553174073991,,,
ROBOT_RELOC,,3,13,5,,11.278431124913356,,,
ROBOT_RELOC,,3,13,6,,10.376764768019289,,,
ROBOT_RELOC,,3,13,7,,13.637235004600281,,,
ROBOT_RELOC,,3,13,8,,7.957763820596517,,,
ROBOT_RELOC,,3,13,9,,11.857813527467423,,,
ROBOT_RELOC,,3,13,10,,11.550965927082796,,,
ROBOT_RELOC,,3,13,11,,9.627262203635247,,,
ROBOT_RELOC,,3,13,12,,12.595102157931592,,,
ROBOT_RELOC,,3,13,13,,0.0,,,
ROBOT_RELOC,,3,13,14,,2.1700951949887166,,,
ROBOT_RELOC,,3,13,15,,9.293114585743245,,,
ROBOT_RELOC,,3,13,16,,6.530203258761231,,,
ROBOT_RELOC,,3,13,17,,11.962187940592768,,,
ROBOT_RELOC,,3,14,0,,15.360937585086283,,,
ROBOT_RELOC,,3,14,1,,12.229687943191841,,,
ROBOT_RELOC,,3,14,2,,12.165845034124015,,,
ROBOT_RELOC,,3,14,3,,7.554882599831071,,,
ROBOT_RELOC,,3,14,4,,6.50695044302849,,,
ROBOT_RELOC,,3,14,5,,14.683523011026184,,,
ROBOT_RELOC,,3,14,6,,12.617841326994881,,,
ROBOT_RELOC,,3,14,7,,6.857304405794187,,,
ROBOT_RELOC,,3,14,8,,7.854012942417402,,,
ROBOT_RELOC,,3,14,9,,13.81156371740581,,,
ROBOT_RELOC,,3,14,10,,14.701925105485033,,,
ROBOT_RELOC,,3,14,11,,9.838762052973387,,,
ROBOT_RELOC,,3,14,12,,12.164710635582088,,,
ROBOT_RELOC,,3,14,13,,4.329114485921495,,,
ROBOT_RELOC,,3,14,14,,0.0,,,
ROBOT_RELOC,,3,14,15,,9.18424319646007,,,
ROBOT_RELOC,,3,14,16,,14.025981688730079,,,
ROBOT_RELOC,,3,14,17,,6.831371807838527,,,
ROBOT_RELOC,,3,15,0,,6.564616445756643,,,
ROBOT_RELOC,,3,15,1,,13.043576868826023,,,
ROBOT_RELOC,,3,15,2,,6.840572836046834,,,
ROBOT_RELOC,,3,15,3,,12.707936605800437,,,
ROBOT_RELOC,,3,15,4,,6.271564811304778,,,
ROBOT_RELOC,,3,15,5,,13.648072220511985,,,
ROBOT_RELOC,,3,15,6,,15.838255923745294,,,
ROBOT_RELOC,,3,15,7,,14.442850104277102,,,
ROBOT_RELOC,,3,15,8,,15.997056935896328,,,
ROBOT_RELOC,,3,15,9,,13.640946813109988,,,
ROBOT_RELOC,,3,15,10,,7.871158124688426,,,
ROBOT_RELOC,,3,15,11,,7.907609691722852,,,
ROBOT_RELOC,,3,15,12,,7.7028112604685575,,,
ROBOT_RELOC,,3,15,13,,8.813942250971328,,,
ROBOT_RELOC,,3,15,14,,7.7320706051753785,,,
ROBOT_RELOC,,3,15,15,,0.0,,,
ROBOT_RELOC,,3,15,16,,4.470198478354167,,,
ROBOT_RELOC,,3,15,17,,3.1570188227453495,,,
ROBOT_RELOC,,3,16,0,,15.636927418726195,,,
ROBOT_RELOC,,3,16,1,,11.671061059555289,,,
ROBOT_RELOC,,3,16,2,,9.192378996734346,,,
ROBOT_RELOC,,3,16,3,,12.430075315772717,,,
ROBOT_RELOC,,3,16,4,,6.379238241486636,,,
ROBOT_RELOC,,3,16,5,,10.575162346930211,,,
ROBOT_RELOC,,3,16,6,,6.157073794881667,,,
ROBOT_RELOC,,3,16,7,,7.370482483621518,,,
ROBOT_RELOC,,3,16,8,,10.741247948606343,,,
ROBOT_RELOC,,3,16,9,,7.116689462850353,,,
ROBOT_RELOC,,3,16,10,,14.38929322893861,,,
ROBOT_RELOC,,3,16,11,,13.908992117134405,,,
ROBOT_RELOC,,3,16,12,,11.797587761221479,,,
ROBOT_RELOC,,3,16,13,,8.448644305833387,,,
ROBOT_RELOC,,3,16,14,,15.067100847477684,,,
ROBOT_RELOC,,3,16,15,,3.9037823259925837,,,
ROBOT_RELOC,,3,16,16,,0.0,,,
ROBOT_RELOC,,3,16,17,,4.383304420947777,,,
ROBOT_RELOC,,3,17,0,,10.402653494923428,,,
ROBOT_RELOC,,3,17,1,,6.335243658897504,,,
ROBOT_RELOC,,3,17,2,,15.097471065458695,,,
ROBOT_RELOC,,3,17,3,,6.927875057786079,,,
ROBOT_RELOC,,3,17,4,,7.766959100402769,,,
ROBOT_RELOC,,3,17,5,,8.609516338680962,,,
ROBOT_RELOC,,3,17,6,,8.292512996643795,,,
ROBOT_RELOC,,3,17,7,,14.024376791641304,,,
ROBOT_RELOC,,3,17,8,,8.139777256740691,,,
ROBOT_RELOC,,3,17,9,,9.837681527934343,,,
ROBOT_RELOC,,3,17,10,,10.23296151688914,,,
ROBOT_RELOC,,3,17,11,,12.334214591294652,,,
ROBOT_RELOC,,3,17,12,,15.926228687173024,,,
ROBOT_RELOC,,3,17,13,,7.404852102008549,,,
ROBOT_RELOC,,3,17,14,,6.498298562878221,,,
ROBOT_RELOC,,3,17,15,,3.5465366999331747,,,
ROBOT_RELOC,,3,17,16,,2.7844480558556044,,,
ROBOT_RELOC,,3,17,17,,0.0,,,
ROBOT_RELOC,,4,0,0,,0.0,,,
ROBOT_RELOC,,4,0,1,,3.719677177519309,,,
ROBOT_RELOC,,4,0,2,,11.37295492762295,,,
ROBOT_RELOC,,4,0,3,,6.262030424333125,,,
ROBOT_RELOC,,4,0,4,,9.451154960866484,,,
ROBOT_RELOC,,4,0,5,,11.086256837726564,,,
ROBOT_RELOC,,4,0,6,,6.19757102792746,,,
ROBOT_RELOC,,4,0,7,,8.246120980411831,,,
ROBOT_RELOC,,4,0,8,,12.567927176403105,,,
ROBOT_RELOC,,4,0,9,,15.953459730769934,,,
ROBOT_RELOC,,4,0,10,,6.860916666459076,,,
ROBOT_RELOC,,4,0,11,,10.888216241384395,,,
ROBOT_RELOC,,4,0,12,,8.16240509615093,,,
ROBOT_RELOC,,4,0,13,,14.782574990472833,,,
ROBOT_RELOC,,4,0,14,,7.139374740642256,,,
ROBOT_RELOC,,4,0,15,,9.689073634028318,,,
ROBOT_RELOC,,4,0,16,,15.103685326609114,,,
ROBOT_RELOC,,4,0,17,,12.872024038788256,,,
ROBOT_RELOC,,4,1,0,,3.8906617464356867,,,
ROBOT_RELOC,,4,1,1,,0.0,,,
ROBOT_RELOC,,4,1,2,,8.93606831127865,,,
ROBOT_RELOC,,4,1,3,,15.677025554334875,,,
ROBOT_RELOC,,4,1,4,,9.961459457048893,,,
ROBOT_RELOC,,4,1,5,,12.65362478868145,,,
ROBOT_RELOC,,4,1,6,,15.655342593716385,,,
ROBOT_RELOC,,4,1,7,,13.691894543836344,,,
ROBOT_RELOC,,4,1,8,,6.947221095411659,,,
ROBOT_RELOC,,4,1,9,,14.292443495290005,,,
ROBOT_RELOC,,4,1,10,,10.869987997250774,,,
ROBOT_RELOC,,4,1,11,,10.173995363957498,,,
ROBOT_RELOC,,4,1,12,,6.394697499279845,,,
ROBOT_RELOC,,4,1,13,,11.129959641099452,,,
ROBOT_RELOC,,4,1,14,,15.34722922933361,,,
ROBOT_RELOC,,4,1,15,,15.491153471175164,,,
ROBOT_RELOC,,4,1,16,,7.036011315786909,,,
ROBOT_RELOC,,4,1,17,,10.014363864039211,,,
ROBOT_RELOC,,4,2,0,,10.457423544176493,,,
ROBOT_RELOC,,4,2,1,,9.464501958154724,,,
ROBOT_RELOC,,4,2,2,,0.0,,,
ROBOT_RELOC,,4,2,3,,12.993833920349225,,,
ROBOT_RELOC,,4,2,4,,10.955534156525255,,,
ROBOT_RELOC,,4,2,5,,15.922239437406816,,,
ROBOT_RELOC,,4,2,6,,11.873403389617131,,,
ROBOT_RELOC,,4,2,7,,6.539156259413439,,,
ROBOT_RELOC,,4,2,8,,11.94816244113061,,,
ROBOT_RELOC,,4,2,9,,11.653734283515032,,,
ROBOT_RELOC,,4,2,10,,12.928450230871892,,,
ROBOT_RELOC,,4,2,11,,6.877073852247589,,,
ROBOT_RELOC,,4,2,12,,10.70189868619447,,,
ROBOT_RELOC,,4,2,13,,12.434477623604842,,,
ROBOT_RELOC,,4,2,14,,13.697923595011897,,,
ROBOT_RELOC,,4,2,15,,15.596506485712048,,,
ROBOT_RELOC,,4,2,16,,8.739219543902365,,,
ROBOT_RELOC,,4,2,17,,15.938714603952079,,,
ROBOT_RELOC,,4,3,0,,15.042395595143276,,,
ROBOT_RELOC,,4,3,1,,6.767009452444133,,,
ROBOT_RELOC,,4,3,2,,12.298208379262418,,,
ROBOT_RELOC,,4,3,3,,0.0,,,
ROBOT_RELOC,,4,3,4,,3.1887419380315247,,,
ROBOT_RELOC,,4,3,5,,5.743716343335101,,,
ROBOT_RELOC,,4,3,6,,15.341047468013624,,,
ROBOT_RELOC,,4,3,7,,15.200563735524133,,,
ROBOT_RELOC,,4,3,8,,15.976223444312595,,,
ROBOT_RELOC,,4,3,9,,10.323023936605331,,,
ROBOT_RELOC,,4,3,10,,12.236068798157584,,,
ROBOT_RELOC,,4,3,11,,11.117860981541307,,,
ROBOT_RELOC,,4,3,12,,15.327412345787655,,,
ROBOT_RELOC,,4,3,13,,7.141683375285595,,,
ROBOT_RELOC,,4,3,14,,15.632061887770018,,,
ROBOT_RELOC,,4,3,15,,12.543813034039587,,,
ROBOT_RELOC,,4,3,16,,11.285166014844108,,,
ROBOT_RELOC,,4,3,17,,8.71011638656579,,,
ROBOT_RELOC,,4,4,0,,7.228517161034808,,,
ROBOT_RELOC,,4,4,1,,13.409041513044137,,,
ROBOT_RELOC,,4,4,2,,11.423195064155305,,,
ROBOT_RELOC,,4,4,3,,2.031882979454089,,,
ROBOT_RELOC,,4,4,4,,0.0,,,
ROBOT_RELOC,,4,4,5,,3.3258324365018113,,,
ROBOT_RELOC,,4,4,6,,10.1750549139628,,,
ROBOT_RELOC,,4,4,7,,7.243679977893468,,,
ROBOT_RELOC,,4,4,8,,7.697745332545281,,,
ROBOT_RELOC,,4,4,9,,9.549855181858549,,,
ROBOT_RELOC,,4,4,10,,10.39574392748515,,,
ROBOT_RELOC,,4,4,11,,13.981466221868226,,,
ROBOT_RELOC,,4,4,12,,9.804209480620642,,,
ROBOT_RELOC,,4,4,13,,10.169486518174583,,,
ROBOT_RELOC,,4,4,14,,11.796557324073573,,,
ROBOT_RELOC,,4,4,15,,8.911850553629748,,,
ROBOT_RELOC,,4,4,16,,10.919958995482583,,,
ROBOT_RELOC,,4,4,17,,6.457593232784936,,,
ROBOT_RELOC,,4,5,0,,9.963703177322977,,,
ROBOT_RELOC,,4,5,1,,7.694218097240893,,,
ROBOT_RELOC,,4,5,2,,9.603050663857541,,,
ROBOT_RELOC,,4,5,3,,3.0318627755025522,,,
ROBOT_RELOC,,4,5,4,,5.676147047198064,,,
ROBOT_RELOC,,4,5,5,,0.0,,,
ROBOT_RELOC,,4,5,6,,13.06308490529916,,,
ROBOT_RELOC,,4,5,7,,8.815656473535428,,,
ROBOT_RELOC,,4,5,8,,12.814707311528752,,,
ROBOT_RELOC,,4,5,9,,6.847658949957417,,,
ROBOT_RELOC,,4,5,10,,9.056863252229203,,,
ROBOT_RELOC,,4,5,11,,6.98485994516612,,,
ROBOT_RELOC,,4,5,12,,7.896691116339978,,,
ROBOT_RELOC,,4,5,13,,10.049565306285185,,,
ROBOT_RELOC,,4,5,14,,12.359213459918076,,,
ROBOT_RELOC,,4,5,15,,11.095093463834186,,,
ROBOT_RELOC,,4,5,16,,15.620872212154595,,,
ROBOT_RELOC,,4,5,17,,7.436560552134214,,,
ROBOT_RELOC,,4,6,0,,13.789564590022518,,,
ROBOT_RELOC,,4,6,1,,15.146655233713833,,,
ROBOT_RELOC,,4,6,2,,8.925083865168965,,,
ROBOT_RELOC,,4,6,3,,13.112547812203065,,,
ROBOT_RELOC,,4,6,4,,10.033115470439453,,,
ROBOT_RELOC,,4,6,5,,12.187320692622162,,,
ROBOT_RELOC,,4,6,6,,0.0,,,
ROBOT_RELOC,,4,6,7,,9.900778972955475,,,
ROBOT_RELOC,,4,6,8,,7.469575065619906,,,
ROBOT_RELOC,,4,6,9,,13.279699365999196,,,
ROBOT_RELOC,,4,6,10,,13.080985606025461,,,
ROBOT_RELOC,,4,6,11,,13.844716575968942,,,
ROBOT_RELOC,,4,6,12,,12.530227797948399,,,
ROBOT_RELOC,,4,6,13,,10.237312242692468,,,
ROBOT_RELOC,,4,6,14,,10.988865105789415,,,
ROBOT_RELOC,,4,6,15,,15.373592048214054,,,
ROBOT_RELOC,,4,6,16,,12.245842473712083,,,
ROBOT_RELOC,,4,6,17,,10.428784128135694,,,
ROBOT_RELOC,,4,7,0,,10.333705119374422,,,
ROBOT_RELOC,,4,7,1,,7.540292702756466,,,
ROBOT_RELOC,,4,7,2,,11.377327487846681,,,
ROBOT_RELOC,,4,7,3,,14.386714450351253,,,
ROBOT_RELOC,,4,7,4,,9.93212753581598,,,
ROBOT_RELOC,,4,7,5,,12.882887482847643,,,
ROBOT_RELOC,,4,7,6,,9.88283300800919,,,
ROBOT_RELOC,,4,7,7,,0.0,,,
ROBOT_RELOC,,4,7,8,,3.568706383104651,,,
ROBOT_RELOC,,4,7,9,,3.221878224296213,,,
ROBOT_RELOC,,4,7,10,,9.722083849207397,,,
ROBOT_RELOC,,4,7,11,,9.257665687684321,,,
ROBOT_RELOC,,4,7,12,,15.778456421791354,,,
ROBOT_RELOC,,4,7,13,,6.808243478592669,,,
ROBOT_RELOC,,4,7,14,,14.325864714507013,,,
ROBOT_RELOC,,4,7,15,,15.838413492473633,,,
ROBOT_RELOC,,4,7,16,,7.507801065912588,,,
ROBOT_RELOC,,4,7,17,,10.457575527359788,,,
ROBOT_RELOC,,4,8,0,,10.474849199030867,,,
ROBOT_RELOC,,4,8,1,,13.841860689641704,,,
ROBOT_RELOC,,4,8,2,,9.819477588350447,,,
ROBOT_RELOC,,4,8,3,,8.286641244394598,,,
ROBOT_RELOC,,4,8,4,,12.00432005838747,,,
ROBOT_RELOC,,4,8,5,,8.425984520722917,,,
ROBOT_RELOC,,4,8,6,,8.06942886357063,,,
ROBOT_RELOC,,4,8,7,,3.8431861139612344,,,
ROBOT_RELOC,,4,8,8,,0.0,,,
ROBOT_RELOC,,4,8,9,,4.856523796707463,,,
ROBOT_RELOC,,4,8,10,,13.48572170874385,,,
ROBOT_RELOC,,4,8,11,,13.865884437702388,,,
ROBOT_RELOC,,4,8,12,,8.826217014411405,,,
ROBOT_RELOC,,4,8,13,,10.865565553408397,,,
ROBOT_RELOC,,4,8,14,,15.571170416005085,,,
ROBOT_RELOC,,4,8,15,,9.378426316700349,,,
ROBOT_RELOC,,4,8,16,,12.995898219670302,,,
ROBOT_RELOC,,4,8,17,,10.320338522638867,,,
ROBOT_RELOC,,4,9,0,,15.335242825866516,,,
ROBOT_RELOC,,4,9,1,,13.511941322608411,,,
ROBOT_RELOC,,4,9,2,,14.652477385072862,,,
ROBOT_RELOC,,4,9,3,,14.596211357336735,,,
ROBOT_RELOC,,4,9,4,,10.091809557798193,,,
ROBOT_RELOC,,4,9,5,,6.405289110002617,,,
ROBOT_RELOC,,4,9,6,,15.276294191470932,,,
ROBOT_RELOC,,4,9,7,,3.089080082560642,,,
ROBOT_RELOC,,4,9,8,,4.754432795963574,,,
ROBOT_RELOC,,4,9,9,,0.0,,,
ROBOT_RELOC,,4,9,10,,12.62574839657141,,,
ROBOT_RELOC,,4,9,11,,13.604089218101091,,,
ROBOT_RELOC,,4,9,12,,9.089302051064402,,,
ROBOT_RELOC,,4,9,13,,7.487039039398025,,,
ROBOT_RELOC,,4,9,14,,13.087744803300406,,,
ROBOT_RELOC,,4,9,15,,12.997102649182041,,,
ROBOT_RELOC,,4,9,16,,13.052792797495274,,,
ROBOT_RELOC,,4,9,17,,11.915684538301772,,,
ROBOT_RELOC,,4,10,0,,6.890601630610389,,,
ROBOT_RELOC,,4,10,1,,14.614228169564148,,,
ROBOT_RELOC,,4,10,2,,7.146405132032497,,,
ROBOT_RELOC,,4,10,3,,13.26882574629547,,,
ROBOT_RELOC,,4,10,4,,11.658994578862423,,,
ROBOT_RELOC,,4,10,5,,14.011466238996023,,,
ROBOT_RELOC,,4,10,6,,7.251574002125314,,,
ROBOT_RELOC,,4,10,7,,15.14742008853512,,,
ROBOT_RELOC,,4,10,8,,14.459619966341132,,,
ROBOT_RELOC,,4,10,9,,15.074274075505818,,,
ROBOT_RELOC,,4,10,10,,0.0,,,
ROBOT_RELOC,,4,10,11,,5.348838313989004,,,
ROBOT_RELOC,,4,10,12,,2.033465133895428,,,
ROBOT_RELOC,,4,10,13,,15.429138565659967,,,
ROBOT_RELOC,,4,10,14,,8.953359380073493,,,
ROBOT_RELOC,,4,10,15,,13.52597996468213,,,
ROBOT_RELOC,,4,10,16,,8.399637267996212,,,
ROBOT_RELOC,,4,10,17,,6.311684276377427,,,
ROBOT_RELOC,,4,11,0,,7.212503079680878,,,
ROBOT_RELOC,,4,11,1,,11.601116520515356,,,
ROBOT_RELOC,,4,11,2,,7.901687132291775,,,
ROBOT_RELOC,,4,11,3,,9.876554210936352,,,
ROBOT_RELOC,,4,11,4,,15.070482819450376,,,
ROBOT_RELOC,,4,11,5,,11.332012160510967,,,
ROBOT_RELOC,,4,11,6,,8.68327618485062,,,
ROBOT_RELOC,,4,11,7,,10.443723905165339,,,
ROBOT_RELOC,,4,11,8,,9.528972911899261,,,
ROBOT_RELOC,,4,11,9,,14.29578274893135,,,
ROBOT_RELOC,,4,11,10,,5.6679268697941065,,,
ROBOT_RELOC,,4,11,11,,0.0,,,
ROBOT_RELOC,,4,11,12,,4.1598996646550415,,,
ROBOT_RELOC,,4,11,13,,13.916125646122179,,,
ROBOT_RELOC,,4,11,14,,11.738539233949158,,,
ROBOT_RELOC,,4,11,15,,6.649724186035118,,,
ROBOT_RELOC,,4,11,16,,6.29941782106754,,,
ROBOT_RELOC,,4,11,17,,8.42086844461636,,,
ROBOT_RELOC,,4,12,0,,10.775219753223388,,,
ROBOT_RELOC,,4,12,1,,8.7284767675801,,,
ROBOT_RELOC,,4,12,2,,13.426919621640069,,,
ROBOT_RELOC,,4,12,3,,10.537666097926927,,,
ROBOT_RELOC,,4,12,4,,8.806750852889246,,,
ROBOT_RELOC,,4,12,5,,14.91256019726274,,,
ROBOT_RELOC,,4,12,6,,15.385135430003412,,,
ROBOT_RELOC,,4,12,7,,15.897471827501457,,,
ROBOT_RELOC,,4,12,8,,11.088285628032015,,,
ROBOT_RELOC,,4,12,9,,14.386670859356455,,,
ROBOT_RELOC,,4,12,10,,5.309502177375717,,,
ROBOT_RELOC,,4,12,11,,3.570186976334181,,,
ROBOT_RELOC,,4,12,12,,0.0,,,
ROBOT_RELOC,,4,12,13,,10.872183862508049,,,
ROBOT_RELOC,,4,12,14,,12.728522968834103,,,
ROBOT_RELOC,,4,12,15,,6.127040153478167,,,
ROBOT_RELOC,,4,12,16,,8.74463346173172,,,
ROBOT_RELOC,,4,12,17,,9.266355479056376,,,
ROBOT_RELOC,,4,13,0,,6.53888568536915,,,
ROBOT_RELOC,,4,13,1,,12.391928317983968,,,
ROBOT_RELOC,,4,13,2,,7.502840874455487,,,
ROBOT_RELOC,,4,13,3,,7.772329630814445,,,
ROBOT_RELOC,,4,13,4,,8.779730902566694,,,
ROBOT_RELOC,,4,13,5,,9.277858566898724,,,
ROBOT_RELOC,,4,13,6,,7.447801903400868,,,
ROBOT_RELOC,,4,13,7,,9.537651224181804,,,
ROBOT_RELOC,,4,13,8,,9.881304076893903,,,
ROBOT_RELOC,,4,13,9,,8.599707503933583,,,
ROBOT_RELOC,,4,13,10,,7.8524943228185355,,,
ROBOT_RELOC,,4,13,11,,8.75677822620784,,,
ROBOT_RELOC,,4,13,12,,7.297732122870148,,,
ROBOT_RELOC,,4,13,13,,0.0,,,
ROBOT_RELOC,,4,13,14,,5.038105949956341,,,
ROBOT_RELOC,,4,13,15,,11.479145938061798,,,
ROBOT_RELOC,,4,13,16,,13.85221363865741,,,
ROBOT_RELOC,,4,13,17,,10.79047381600737,,,
ROBOT_RELOC,,4,14,0,,9.990626524994209,,,
ROBOT_RELOC,,4,14,1,,12.388369647064692,,,
ROBOT_RELOC,,4,14,2,,12.995839563501944,,,
ROBOT_RELOC,,4,14,3,,14.850523356876597,,,
ROBOT_RELOC,,4,14,4,,9.536806481356194,,,
ROBOT_RELOC,,4,14,5,,15.761759178854742,,,
ROBOT_RELOC,,4,14,6,,15.37658309038776,,,
ROBOT_RELOC,,4,14,7,,8.451693892145675,,,
ROBOT_RELOC,,4,14,8,,7.57813168445072,,,
ROBOT_RELOC,,4,14,9,,9.072522898562301,,,
ROBOT_RELOC,,4,14,10,,14.912438808040687,,,
ROBOT_RELOC,,4,14,11,,12.304492770091061,,,
ROBOT_RELOC,,4,14,12,,6.3223292359727505,,,
ROBOT_RELOC,,4,14,13,,3.8405405800464383,,,
ROBOT_RELOC,,4,14,14,,0.0,,,
ROBOT_RELOC,,4,14,15,,14.219537786017591,,,
ROBOT_RELOC,,4,14,16,,13.816700127784362,,,
ROBOT_RELOC,,4,14,17,,12.382710981474318,,,
ROBOT_RELOC,,4,15,0,,8.178500026196092,,,
ROBOT_RELOC,,4,15,1,,9.42369646517989,,,
ROBOT_RELOC,,4,15,2,,7.05363910023335,,,
ROBOT_RELOC,,4,15,3,,13.81120542706957,,,
ROBOT_RELOC,,4,15,4,,13.58785364054313,,,
ROBOT_RELOC,,4,15,5,,9.58759359081141,,,
ROBOT_RELOC,,4,15,6,,15.468714453789564,,,
ROBOT_RELOC,,4,15,7,,7.362002983235827,,,
ROBOT_RELOC,,4,15,8,,7.7481614287024385,,,
ROBOT_RELOC,,4,15,9,,11.765544596844299,,,
ROBOT_RELOC,,4,15,10,,8.061553036057783,,,
ROBOT_RELOC,,4,15,11,,15.34201200660539,,,
ROBOT_RELOC,,4,15,12,,12.573398961030666,,,
ROBOT_RELOC,,4,15,13,,11.34593233424997,,,
ROBOT_RELOC,,4,15,14,,13.692796940570123,,,
ROBOT_RELOC,,4,15,15,,0.0,,,
ROBOT_RELOC,,4,15,16,,3.7032503501275236,,,
ROBOT_RELOC,,4,15,17,,3.9359091800741743,,,
ROBOT_RELOC,,4,16,0,,6.322613874439198,,,
ROBOT_RELOC,,4,16,1,,15.078043944818972,,,
ROBOT_RELOC,,4,16,2,,10.058048438210788,,,
ROBOT_RELOC,,4,16,3,,11.741107776445602,,,
ROBOT_RELOC,,4,16,4,,9.016149531644388,,,
ROBOT_RELOC,,4,16,5,,7.626225465128186,,,
ROBOT_RELOC,,4,16,6,,11.021611503550192,,,
ROBOT_RELOC,,4,16,7,,15.216266668373935,,,
ROBOT_RELOC,,4,16,8,,6.9091244563009715,,,
ROBOT_RELOC,,4,16,9,,7.655625766250102,,,
ROBOT_RELOC,,4,16,10,,14.422306966720484,,,
ROBOT_RELOC,,4,16,11,,13.901275900274012,,,
ROBOT_RELOC,,4,16,12,,9.092233286264797,,,
ROBOT_RELOC,,4,16,13,,14.460092720200741,,,
ROBOT_RELOC,,4,16,14,,13.399918833561628,,,
ROBOT_RELOC,,4,16,15,,3.4760655107127763,,,
ROBOT_RELOC,,4,16,16,,0.0,,,
ROBOT_RELOC,,4,16,17,,2.6640472188848916,,,
ROBOT_RELOC,,4,17,0,,8.275725403435448,,,
ROBOT_RELOC,,4,17,1,,8.446656380337867,,,
ROBOT_RELOC,,4,17,2,,6.276340881372008,,,
ROBOT_RELOC,,4,17,3,,10.74413812274408,,,
ROBOT_RELOC,,4,17,4,,15.800245734824804,,,
ROBOT_RELOC,,4,17,5,,14.899021655898405,,,
ROBOT_RELOC,,4,17,6,,13.766839009092774,,,
ROBOT_RELOC,,4,17,7,,10.743357635722194,,,
ROBOT_RELOC,,4,17,8,,10.24762234434181,,,
ROBOT_RELOC,,4,17,9,,8.182661106226204,,,
ROBOT_RELOC,,4,17,10,,10.949876546374426,,,
ROBOT_RELOC,,4,17,11,,14.824268727304826,,,
ROBOT_RELOC,,4,17,12,,12.740588847690356,,,
ROBOT_RELOC,,4,17,13,,13.444110293068277,,,
ROBOT_RELOC,,4,17,14,,9.128830573602505,,,
ROBOT_RELOC,,4,17,15,,2.806762618152862,,,
ROBOT_RELOC,,4,17,16,,3.02740431650133,,,
ROBOT_RELOC,,4,17,17,,0.0,,,
ROBOT_RELOC,,5,0,0,,0.0,,,
ROBOT_RELOC,,5,0,1,,3.675561340332205,,,
ROBOT_RELOC,,5,0,2,,15.428079682865134,,,
ROBOT_RELOC,,5,0,3,,6.9096905226434995,,,
ROBOT_RELOC,,5,0,4,,11.706425738286464,,,
ROBOT_RELOC,,5,0,5,,13.961565452946811,,,
ROBOT_RELOC,,5,0,6,,12.408257405610467,,,
ROBOT_RELOC,,5,0,7,,9.754853258662122,,,
ROBOT_RELOC,,5,0,8,,11.907930561371323,,,
ROBOT_RELOC,,5,0,9,,11.046108234082656,,,
ROBOT_RELOC,,5,0,10,,10.663776551238938,,,
ROBOT_RELOC,,5,0,11,,10.653514897484659,,,
ROBOT_RELOC,,5,0,12,,6.694801758918433,,,
ROBOT_RELOC,,5,0,13,,12.233371083292624,,,
ROBOT_RELOC,,5,0,14,,9.455621375367627,,,
ROBOT_RELOC,,5,0,15,,8.566525598618869,,,
ROBOT_RELOC,,5,0,16,,13.837003362645145,,,
ROBOT_RELOC,,5,0,17,,6.30119440458712,,,
ROBOT_RELOC,,5,1,0,,4.460924936839422,,,
ROBOT_RELOC,,5,1,1,,0.0,,,
ROBOT_RELOC,,5,1,2,,11.485718904144933,,,
ROBOT_RELOC,,5,1,3,,7.59443949933367,,,
ROBOT_RELOC,,5,1,4,,10.212929457431933,,,
ROBOT_RELOC,,5,1,5,,9.88842318360705,,,
ROBOT_RELOC,,5,1,6,,9.826542767253532,,,
ROBOT_RELOC,,5,1,7,,11.715105375166598,,,
ROBOT_RELOC,,5,1,8,,6.25445762061445,,,
ROBOT_RELOC,,5,1,9,,11.693366078517354,,,
ROBOT_RELOC,,5,1,10,,6.441776620182971,,,
ROBOT_RELOC,,5,1,11,,10.48698885815105,,,
ROBOT_RELOC,,5,1,12,,15.161596162609753,,,
ROBOT_RELOC,,5,1,13,,15.356530249290005,,,
ROBOT_RELOC,,5,1,14,,10.225650194884501,,,
ROBOT_RELOC,,5,1,15,,12.367772976227661,,,
ROBOT_RELOC,,5,1,16,,15.273078319634392,,,
ROBOT_RELOC,,5,1,17,,14.832300068966333,,,
ROBOT_RELOC,,5,2,0,,14.144720681897388,,,
ROBOT_RELOC,,5,2,1,,6.945492920139772,,,
ROBOT_RELOC,,5,2,2,,0.0,,,
ROBOT_RELOC,,5,2,3,,12.332589601930163,,,
ROBOT_RELOC,,5,2,4,,15.536397610419096,,,
ROBOT_RELOC,,5,2,5,,7.831228803301422,,,
ROBOT_RELOC,,5,2,6,,11.588664221637082,,,
ROBOT_RELOC,,5,2,7,,13.521239474073695,,,
ROBOT_RELOC,,5,2,8,,7.073091790553376,,,
ROBOT_RELOC,,5,2,9,,10.774400375137233,,,
ROBOT_RELOC,,5,2,10,,14.826238622396792,,,
ROBOT_RELOC,,5,2,11,,12.85701479620188,,,
ROBOT_RELOC,,5,2,12,,13.952254402946958,,,
ROBOT_RELOC,,5,2,13,,7.931814764133039,,,
ROBOT_RELOC,,5,2,14,,11.082131289521362,,,
ROBOT_RELOC,,5,2,15,,6.092362044129697,,,
ROBOT_RELOC,,5,2,16,,14.339529617370637,,,
ROBOT_RELOC,,5,2,17,,6.649620996556771,,,
ROBOT_RELOC,,5,3,0,,14.96970771842216,,,
ROBOT_RELOC,,5,3,1,,13.331386340144276,,,
ROBOT_RELOC,,5,3,2,,14.186858075481462,,,
ROBOT_RELOC,,5,3,3,,0.0,,,
ROBOT_RELOC,,5,3,4,,4.571015250097742,,,
ROBOT_RELOC,,5,3,5,,4.44797384193231,,,
ROBOT_RELOC,,5,3,6,,8.59851879238788,,,
ROBOT_RELOC,,5,3,7,,12.326114731362079,,,
ROBOT_RELOC,,5,3,8,,12.470502119427488,,,
ROBOT_RELOC,,5,3,9,,14.456893917342448,,,
ROBOT_RELOC,,5,3,10,,12.82951245043855,,,
ROBOT_RELOC,,5,3,11,,10.04769999876428,,,
ROBOT_RELOC,,5,3,12,,15.622872496291707,,,
ROBOT_RELOC,,5,3,13,,10.399130953276911,,,
ROBOT_RELOC,,5,3,14,,10.94629595253025,,,
ROBOT_RELOC,,5,3,15,,6.126925253770703,,,
ROBOT_RELOC,,5,3,16,,10.909986215092246,,,
ROBOT_RELOC,,5,3,17,,12.57740049040649,,,
ROBOT_RELOC,,5,4,0,,6.311398390706995,,,
ROBOT_RELOC,,5,4,1,,14.906531835319697,,,
ROBOT_RELOC,,5,4,2,,12.43784919720921,,,
ROBOT_RELOC,,5,4,3,,3.724894092543477,,,
ROBOT_RELOC,,5,4,4,,0.0,,,
ROBOT_RELOC,,5,4,5,,4.129879504308986,,,
ROBOT_RELOC,,5,4,6,,10.589859620366566,,,
ROBOT_RELOC,,5,4,7,,11.059574665212585,,,
ROBOT_RELOC,,5,4,8,,9.370921899193512,,,
ROBOT_RELOC,,5,4,9,,13.347608767526637,,,
ROBOT_RELOC,,5,4,10,,8.88969701655786,,,
ROBOT_RELOC,,5,4,11,,12.321358558210537,,,
ROBOT_RELOC,,5,4,12,,10.11567720393819,,,
ROBOT_RELOC,,5,4,13,,14.966913420248865,,,
ROBOT_RELOC,,5,4,14,,11.826746470838696,,,
ROBOT_RELOC,,5,4,15,,7.0504264218073995,,,
ROBOT_RELOC,,5,4,16,,15.207675217076426,,,
ROBOT_RELOC,,5,4,17,,14.718195860220332,,,
ROBOT_RELOC,,5,5,0,,11.15420301619117,,,
ROBOT_RELOC,,5,5,1,,8.347190620241438,,,
ROBOT_RELOC,,5,5,2,,8.92234906200935,,,
ROBOT_RELOC,,5,5,3,,2.137499957683762,,,
ROBOT_RELOC,,5,5,4,,2.1759405311311046,,,
ROBOT_RELOC,,5,5,5,,0.0,,,
ROBOT_RELOC,,5,5,6,,9.35143561160137,,,
ROBOT_RELOC,,5,5,7,,12.858930712357628,,,
ROBOT_RELOC,,5,5,8,,6.333879327117136,,,
ROBOT_RELOC,,5,5,9,,14.80349565433359,,,
ROBOT_RELOC,,5,5,10,,13.254946370584184,,,
ROBOT_RELOC,,5,5,11,,14.032501584098094,,,
ROBOT_RELOC,,5,5,12,,13.218807174119588,,,
ROBOT_RELOC,,5,5,13,,12.419613099050057,,,
ROBOT_RELOC,,5,5,14,,7.160654273193615,,,
ROBOT_RELOC,,5,5,15,,7.96397260241258,,,
ROBOT_RELOC,,5,5,16,,11.577419548811703,,,
ROBOT_RELOC,,5,5,17,,14.910112652825159,,,
ROBOT_RELOC,,5,6,0,,13.939079739493135,,,
ROBOT_RELOC,,5,6,1,,10.557849938362898,,,
ROBOT_RELOC,,5,6,2,,6.600807735794514,,,
ROBOT_RELOC,,5,6,3,,8.890289680574346,,,
ROBOT_RELOC,,5,6,4,,15.844790274501102,,,
ROBOT_RELOC,,5,6,5,,14.250768567634669,,,
ROBOT_RELOC,,5,6,6,,0.0,,,
ROBOT_RELOC,,5,6,7,,9.788218714497088,,,
ROBOT_RELOC,,5,6,8,,6.183400577781729,,,
ROBOT_RELOC,,5,6,9,,9.11201451900895,,,
ROBOT_RELOC,,5,6,10,,8.835453942463273,,,
ROBOT_RELOC,,5,6,11,,13.487807799417059,,,
ROBOT_RELOC,,5,6,12,,11.365636866093661,,,
ROBOT_RELOC,,5,6,13,,9.344977335587947,,,
ROBOT_RELOC,,5,6,14,,13.084873365757272,,,
ROBOT_RELOC,,5,6,15,,11.850942998782777,,,
ROBOT_RELOC,,5,6,16,,10.23769796158184,,,
ROBOT_RELOC,,5,6,17,,7.111187582655826,,,
ROBOT_RELOC,,5,7,0,,12.801903648253694,,,
ROBOT_RELOC,,5,7,1,,6.373210717281131,,,
ROBOT_RELOC,,5,7,2,,15.94692021163846,,,
ROBOT_RELOC,,5,7,3,,9.421682964988115,,,
ROBOT_RELOC,,5,7,4,,7.807432802585827,,,
ROBOT_RELOC,,5,7,5,,8.034170262528454,,,
ROBOT_RELOC,,5,7,6,,15.735761673225765,,,
ROBOT_RELOC,,5,7,7,,0.0,,,
ROBOT_RELOC,,5,7,8,,5.5271767841515365,,,
ROBOT_RELOC,,5,7,9,,4.448330443676423,,,
ROBOT_RELOC,,5,7,10,,7.264312556288073,,,
ROBOT_RELOC,,5,7,11,,8.792444462047788,,,
ROBOT_RELOC,,5,7,12,,13.349551469464773,,,
ROBOT_RELOC,,5,7,13,,13.311229065652213,,,
ROBOT_RELOC,,5,7,14,,12.916210813741317,,,
ROBOT_RELOC,,5,7,15,,9.716048079027809,,,
ROBOT_RELOC,,5,7,16,,6.692005847552651,,,
ROBOT_RELOC,,5,7,17,,6.1363959660246525,,,
ROBOT_RELOC,,5,8,0,,11.477987603780537,,,
ROBOT_RELOC,,5,8,1,,9.297764550808056,,,
ROBOT_RELOC,,5,8,2,,9.115952638714642,,,
ROBOT_RELOC,,5,8,3,,8.343929413321419,,,
ROBOT_RELOC,,5,8,4,,11.627882296997026,,,
ROBOT_RELOC,,5,8,5,,8.305562196556677,,,
ROBOT_RELOC,,5,8,6,,10.41463559785551,,,
ROBOT_RELOC,,5,8,7,,4.664806166176231,,,
ROBOT_RELOC,,5,8,8,,0.0,,,
ROBOT_RELOC,,5,8,9,,4.329670574706094,,,
ROBOT_RELOC,,5,8,10,,15.89169624318529,,,
ROBOT_RELOC,,5,8,11,,12.160227524603592,,,
ROBOT_RELOC,,5,8,12,,8.158120824262296,,,
ROBOT_RELOC,,5,8,13,,7.232785005865619,,,
ROBOT_RELOC,,5,8,14,,14.855729038410166,,,
ROBOT_RELOC,,5,8,15,,15.930222503912521,,,
ROBOT_RELOC,,5,8,16,,9.574815704467799,,,
ROBOT_RELOC,,5,8,17,,11.405081628533992,,,
ROBOT_RELOC,,5,9,0,,6.615722611550455,,,
ROBOT_RELOC,,5,9,1,,15.476162715291885,,,
ROBOT_RELOC,,5,9,2,,8.551497944421559,,,
ROBOT_RELOC,,5,9,3,,10.497945825094607,,,
ROBOT_RELOC,,5,9,4,,9.87321644961128,,,
ROBOT_RELOC,,5,9,5,,7.900015565579909,,,
ROBOT_RELOC,,5,9,6,,14.097927076259943,,,
ROBOT_RELOC,,5,9,7,,4.965689185136632,,,
ROBOT_RELOC,,5,9,8,,2.702231571887246,,,
ROBOT_RELOC,,5,9,9,,0.0,,,
ROBOT_RELOC,,5,9,10,,10.108245296361101,,,
ROBOT_RELOC,,5,9,11,,8.67779085961773,,,
ROBOT_RELOC,,5,9,12,,9.130185872667921,,,
ROBOT_RELOC,,5,9,13,,7.176314603550438,,,
ROBOT_RELOC,,5,9,14,,9.999461265119553,,,
ROBOT_RELOC,,5,9,15,,12.732885814865735,,,
ROBOT_RELOC,,5,9,16,,15.580525410765604,,,
ROBOT_RELOC,,5,9,17,,13.043078037611851,,,
ROBOT_RELOC,,5,10,0,,9.698015586982182,,,
ROBOT_RELOC,,5,10,1,,6.9578027106371625,,,
ROBOT_RELOC,,5,10,2,,6.534031763335898,,,
ROBOT_RELOC,,5,10,3,,7.018231670217266,,,
ROBOT_RELOC,,5,10,4,,8.003384161685506,,,
ROBOT_RELOC,,5,10,5,,11.563831973828481,,,
ROBOT_RELOC,,5,10,6,,12.676581254524432,,,
ROBOT_RELOC,,5,10,7,,6.786265112924007,,,
ROBOT_RELOC,,5,10,8,,6.974078169291554,,,
ROBOT_RELOC,,5,10,9,,6.708315754161848,,,
ROBOT_RELOC,,5,10,10,,0.0,,,
ROBOT_RELOC,,5,10,11,,4.068972250738337,,,
ROBOT_RELOC,,5,10,12,,3.788744770631546,,,
ROBOT_RELOC,,5,10,13,,12.4611425184399,,,
ROBOT_RELOC,,5,10,14,,10.978105811658565,,,
ROBOT_RELOC,,5,10,15,,6.202537232325231,,,
ROBOT_RELOC,,5,10,16,,8.274274600874444,,,
ROBOT_RELOC,,5,10,17,,6.183496182361244,,,
ROBOT_RELOC,,5,11,0,,9.195047438642593,,,
ROBOT_RELOC,,5,11,1,,6.908214151451157,,,
ROBOT_RELOC,,5,11,2,,11.322295813862503,,,
ROBOT_RELOC,,5,11,3,,13.46189846134983,,,
ROBOT_RELOC,,5,11,4,,6.612127098267693,,,
ROBOT_RELOC,,5,11,5,,12.819271888224984,,,
ROBOT_RELOC,,5,11,6,,14.278043013294635,,,
ROBOT_RELOC,,5,11,7,,6.443383254870646,,,
ROBOT_RELOC,,5,11,8,,7.570234633507618,,,
ROBOT_RELOC,,5,11,9,,7.867746168571624,,,
ROBOT_RELOC,,5,11,10,,5.269512749715508,,,
ROBOT_RELOC,,5,11,11,,0.0,,,
ROBOT_RELOC,,5,11,12,,4.612993940636779,,,
ROBOT_RELOC,,5,11,13,,10.878791291429502,,,
ROBOT_RELOC,,5,11,14,,6.453639848483669,,,
ROBOT_RELOC,,5,11,15,,12.225180899856465,,,
ROBOT_RELOC,,5,11,16,,14.851388001617783,,,
ROBOT_RELOC,,5,11,17,,9.780186051974258,,,
ROBOT_RELOC,,5,12,0,,6.498510954765365,,,
ROBOT_RELOC,,5,12,1,,8.064670268984731,,,
ROBOT_RELOC,,5,12,2,,12.357803336536179,,,
ROBOT_RELOC,,5,12,3,,7.430960881846928,,,
ROBOT_RELOC,,5,12,4,,11.43465035483832,,,
ROBOT_RELOC,,5,12,5,,7.573696023881355,,,
ROBOT_RELOC,,5,12,6,,6.616917705616,,,
ROBOT_RELOC,,5,12,7,,6.982813771477168,,,
ROBOT_RELOC,,5,12,8,,9.281074290981863,,,
ROBOT_RELOC,,5,12,9,,10.777040222009951,,,
ROBOT_RELOC,,5,12,10,,4.1322943295404695,,,
ROBOT_RELOC,,5,12,11,,4.805463850019915,,,
ROBOT_RELOC,,5,12,12,,0.0,,,
ROBOT_RELOC,,5,12,13,,12.051628024067814,,,
ROBOT_RELOC,,5,12,14,,6.449482633182515,,,
ROBOT_RELOC,,5,12,15,,12.411286724909699,,,
ROBOT_RELOC,,5,12,16,,15.052109051451328,,,
ROBOT_RELOC,,5,12,17,,8.436873925835087,,,
ROBOT_RELOC,,5,13,0,,9.71422297532822,,,
ROBOT_RELOC,,5,13,1,,14.05277621101497,,,
ROBOT_RELOC,,5,13,2,,13.958918331544279,,,
ROBOT_RELOC,,5,13,3,,10.512751685261804,,,
ROBOT_RELOC,,5,13,4,,15.028920058863775,,,
ROBOT_RELOC,,5,13,5,,9.726807608664009,,,
ROBOT_RELOC,,5,13,6,,15.866893720830843,,,
ROBOT_RELOC,,5,13,7,,7.663001229679234,,,
ROBOT_RELOC,,5,13,8,,12.260511864607354,,,
ROBOT_RELOC,,5,13,9,,7.3128439565184715,,,
ROBOT_RELOC,,5,13,10,,12.83135203450728,,,
ROBOT_RELOC,,5,13,11,,12.201625082490576,,,
ROBOT_RELOC,,5,13,12,,10.906563673175073,,,
ROBOT_RELOC,,5,13,13,,0.0,,,
ROBOT_RELOC,,5,13,14,,3.7329146876071087,,,
ROBOT_RELOC,,5,13,15,,8.865081762910314,,,
ROBOT_RELOC,,5,13,16,,8.946560489162081,,,
ROBOT_RELOC,,5,13,17,,7.363871436316658,,,
ROBOT_RELOC,,5,14,0,,13.01367714189835,,,
ROBOT_RELOC,,5,14,1,,13.741654602276546,,,
ROBOT_RELOC,,5,14,2,,8.081656843828501,,,
ROBOT_RELOC,,5,14,3,,12.651379925562598,,,
ROBOT_RELOC,,5,14,4,,7.231627605648352,,,
ROBOT_RELOC,,5,14,5,,10.289057417502551,,,
ROBOT_RELOC,,5,14,6,,9.767484154119316,,,
ROBOT_RELOC,,5,14,7,,10.21370232709685,,,
ROBOT_RELOC,,5,14,8,,15.60108330406827,,,
ROBOT_RELOC,,5,14,9,,13.665828063268648,,,
ROBOT_RELOC,,5,14,10,,10.351101677103706,,,
ROBOT_RELOC,,5,14,11,,13.475499858947394,,,
ROBOT_RELOC,,5,14,12,,9.800434577790766,,,
ROBOT_RELOC,,5,14,13,,5.348029448330841,,,
ROBOT_RELOC,,5,14,14,,0.0,,,
ROBOT_RELOC,,5,14,15,,10.237431974474182,,,
ROBOT_RELOC,,5,14,16,,6.604305480621843,,,
ROBOT_RELOC,,5,14,17,,12.985728868309275,,,
ROBOT_RELOC,,5,15,0,,15.58618370175747,,,
ROBOT_RELOC,,5,15,1,,8.92093292463617,,,
ROBOT_RELOC,,5,15,2,,14.532513573214338,,,
ROBOT_RELOC,,5,15,3,,9.98484257589061,,,
ROBOT_RELOC,,5,15,4,,14.97552453533558,,,
ROBOT_RELOC,,5,15,5,,8.114503213252164,,,
ROBOT_RELOC,,5,15,6,,14.267488557874286,,,
ROBOT_RELOC,,5,15,7,,6.499508187896847,,,
ROBOT_RELOC,,5,15,8,,11.643140808694188,,,
ROBOT_RELOC,,5,15,9,,15.517815637148324,,,
ROBOT_RELOC,,5,15,10,,9.899262503122163,,,
ROBOT_RELOC,,5,15,11,,11.096505298022638,,,
ROBOT_RELOC,,5,15,12,,8.81376596931734,,,
ROBOT_RELOC,,5,15,13,,6.719797574960195,,,
ROBOT_RELOC,,5,15,14,,11.413782616978711,,,
ROBOT_RELOC,,5,15,15,,0.0,,,
ROBOT_RELOC,,5,15,16,,3.752493888989501,,,
ROBOT_RELOC,,5,15,17,,4.1677318943799815,,,
ROBOT_RELOC,,5,16,0,,14.715330405556173,,,
ROBOT_RELOC,,5,16,1,,6.66371053303592,,,
ROBOT_RELOC,,5,16,2,,14.959583157420825,,,
ROBOT_RELOC,,5,16,3,,12.688170038155532,,,
ROBOT_RELOC,,5,16,4,,7.4809507285932035,,,
ROBOT_RELOC,,5,16,5,,10.736501214650879,,,
ROBOT_RELOC,,5,16,6,,15.62005689197737,,,
ROBOT_RELOC,,5,16,7,,14.698812967964477,,,
ROBOT_RELOC,,5,16,8,,14.25543690347186,,,
ROBOT_RELOC,,5,16,9,,12.732331585181559,,,
ROBOT_RELOC,,5,16,10,,13.251634728699987,,,
ROBOT_RELOC,,5,16,11,,15.276959754319536,,,
ROBOT_RELOC,,5,16,12,,9.076160772934898,,,
ROBOT_RELOC,,5,16,13,,11.623931001744143,,,
ROBOT_RELOC,,5,16,14,,8.916765162086023,,,
ROBOT_RELOC,,5,16,15,,4.466992591628148,,,
ROBOT_RELOC,,5,16,16,,0.0,,,
ROBOT_RELOC,,5,16,17,,2.875059981878617,,,
ROBOT_RELOC,,5,17,0,,11.170187771663166,,,
ROBOT_RELOC,,5,17,1,,6.955901999832211,,,
ROBOT_RELOC,,5,17,2,,12.182258126248046,,,
ROBOT_RELOC,,5,17,3,,9.203063262387689,,,
ROBOT_RELOC,,5,17,4,,10.466510412299005,,,
ROBOT_RELOC,,5,17,5,,10.492400613984852,,,
ROBOT_RELOC,,5,17,6,,6.182633807333328,,,
ROBOT_RELOC,,5,17,7,,10.182477403214046,,,
ROBOT_RELOC,,5,17,8,,13.563880234107238,,,
ROBOT_RELOC,,5,17,9,,12.044292165595191,,,
ROBOT_RELOC,,5,17,10,,13.96315083474888,,,
ROBOT_RELOC,,5,17,11,,9.303943434735736,,,
ROBOT_RELOC,,5,17,12,,15.572776727393514,,,
ROBOT_RELOC,,5,17,13,,7.139453486458592,,,
ROBOT_RELOC,,5,17,14,,13.373817149347559,,,
ROBOT_RELOC,,5,17,15,,3.3851719882409643,,,
ROBOT_RELOC,,5,17,16,,5.047262706819504,,,
ROBOT_RELOC,,5,17,17,,0.0,,,
ROBOT_RELOC,,6,0,0,,0.0,,,
ROBOT_RELOC,,6,0,1,,5.702438257134862,,,
ROBOT_RELOC,,6,0,2,,14.394902372124447,,,
ROBOT_RELOC,,6,0,3,,13.56331882821172,,,
ROBOT_RELOC,,6,0,4,,8.042647130346673,,,
ROBOT_RELOC,,6,0,5,,6.80664822583234,,,
ROBOT_RELOC,,6,0,6,,12.92185901911066,,,
ROBOT_RELOC,,6,0,7,,15.728929199090045,,,
ROBOT_RELOC,,6,0,8,,8.498751574937389,,,
ROBOT_RELOC,,6,0,9,,12.428512047916795,,,
ROBOT_RELOC,,6,0,10,,10.860539928497797,,,
ROBOT_RELOC,,6,0,11,,11.546739367376452,,,
ROBOT_RELOC,,6,0,12,,10.055029416090647,,,
ROBOT_RELOC,,6,0,13,,15.960654817837849,,,
ROBOT_RELOC,,6,0,14,,7.3546154788876645,,,
ROBOT_RELOC,,6,0,15,,13.323032344531557,,,
ROBOT_RELOC,,6,0,16,,15.856054381043629,,,
ROBOT_RELOC,,6,0,17,,7.148313947057048,,,
ROBOT_RELOC,,6,1,0,,2.113050983042642,,,
ROBOT_RELOC,,6,1,1,,0.0,,,
ROBOT_RELOC,,6,1,2,,14.689480852379447,,,
ROBOT_RELOC,,6,1,3,,8.059748544797209,,,
ROBOT_RELOC,,6,1,4,,6.672257287561396,,,
ROBOT_RELOC,,6,1,5,,12.652907692590713,,,
ROBOT_RELOC,,6,1,6,,14.716259487645067,,,
ROBOT_RELOC,,6,1,7,,11.831138917356538,,,
ROBOT_RELOC,,6,1,8,,7.755840822435996,,,
ROBOT_RELOC,,6,1,9,,11.013008173712734,,,
ROBOT_RELOC,,6,1,10,,13.70507178632427,,,
ROBOT_RELOC,,6,1,11,,7.101881895295547,,,
ROBOT_RELOC,,6,1,12,,10.010064813564275,,,
ROBOT_RELOC,,6,1,13,,14.150443540295944,,,
ROBOT_RELOC,,6,1,14,,14.60340031896785,,,
ROBOT_RELOC,,6,1,15,,15.893544098631754,,,
ROBOT_RELOC,,6,1,16,,9.276784966793262,,,
ROBOT_RELOC,,6,1,17,,14.276560422667007,,,
ROBOT_RELOC,,6,2,0,,13.080266163238733,,,
ROBOT_RELOC,,6,2,1,,13.975075494773488,,,
ROBOT_RELOC,,6,2,2,,0.0,,,
ROBOT_RELOC,,6,2,3,,6.365142821627954,,,
ROBOT_RELOC,,6,2,4,,15.938576434331718,,,
ROBOT_RELOC,,6,2,5,,13.022548063617023,,,
ROBOT_RELOC,,6,2,6,,14.515763778476103,,,
ROBOT_RELOC,,6,2,7,,11.737624184064137,,,
ROBOT_RELOC,,6,2,8,,14.744650238104715,,,
ROBOT_RELOC,,6,2,9,,8.149444500356664,,,
ROBOT_RELOC,,6,2,10,,10.646038444181798,,,
ROBOT_RELOC,,6,2,11,,8.322719225607404,,,
ROBOT_RELOC,,6,2,12,,6.395937472448783,,,
ROBOT_RELOC,,6,2,13,,11.38860054023672,,,
ROBOT_RELOC,,6,2,14,,8.767282171436388,,,
ROBOT_RELOC,,6,2,15,,11.739197876233398,,,
ROBOT_RELOC,,6,2,16,,12.968801723793622,,,
ROBOT_RELOC,,6,2,17,,12.695283049566578,,,
ROBOT_RELOC,,6,3,0,,11.465037621949921,,,
ROBOT_RELOC,,6,3,1,,10.079062224241504,,,
ROBOT_RELOC,,6,3,2,,9.607901250559262,,,
ROBOT_RELOC,,6,3,3,,0.0,,,
ROBOT_RELOC,,6,3,4,,5.022614693832394,,,
ROBOT_RELOC,,6,3,5,,3.6709896192738976,,,
ROBOT_RELOC,,6,3,6,,14.255021825107333,,,
ROBOT_RELOC,,6,3,7,,6.063415193520213,,,
ROBOT_RELOC,,6,3,8,,13.132036543100066,,,
ROBOT_RELOC,,6,3,9,,15.642017836518775,,,
ROBOT_RELOC,,6,3,10,,15.130643702305619,,,
ROBOT_RELOC,,6,3,11,,13.914861528963424,,,
ROBOT_RELOC,,6,3,12,,10.665336764068142,,,
ROBOT_RELOC,,6,3,13,,14.784202357716346,,,
ROBOT_RELOC,,6,3,14,,14.546727433057228,,,
ROBOT_RELOC,,6,3,15,,15.486184780111673,,,
ROBOT_RELOC,,6,3,16,,13.295291775555599,,,
ROBOT_RELOC,,6,3,17,,12.356381232376922,,,
ROBOT_RELOC,,6,4,0,,8.767629151768716,,,
ROBOT_RELOC,,6,4,1,,11.198236405311352,,,
ROBOT_RELOC,,6,4,2,,6.107320615857645,,,
ROBOT_RELOC,,6,4,3,,2.0175459973203425,,,
ROBOT_RELOC,,6,4,4,,0.0,,,
ROBOT_RELOC,,6,4,5,,2.9910612261647866,,,
ROBOT_RELOC,,6,4,6,,8.775477386780825,,,
ROBOT_RELOC,,6,4,7,,7.730034929942075,,,
ROBOT_RELOC,,6,4,8,,14.033365839778549,,,
ROBOT_RELOC,,6,4,9,,12.405419495513478,,,
ROBOT_RELOC,,6,4,10,,14.840771727632617,,,
ROBOT_RELOC,,6,4,11,,10.596856290207933,,,
ROBOT_RELOC,,6,4,12,,13.249891991609266,,,
ROBOT_RELOC,,6,4,13,,6.852837065715814,,,
ROBOT_RELOC,,6,4,14,,7.78849438075679,,,
ROBOT_RELOC,,6,4,15,,9.952823280401837,,,
ROBOT_RELOC,,6,4,16,,6.031569643491787,,,
ROBOT_RELOC,,6,4,17,,10.057931849619075,,,
ROBOT_RELOC,,6,5,0,,11.555339963424185,,,
ROBOT_RELOC,,6,5,1,,9.059725493323935,,,
ROBOT_RELOC,,6,5,2,,7.2313582414987145,,,
ROBOT_RELOC,,6,5,3,,2.4180960280520134,,,
ROBOT_RELOC,,6,5,4,,4.2150996870524144,,,
ROBOT_RELOC,,6,5,5,,0.0,,,
ROBOT_RELOC,,6,5,6,,15.837660909496034,,,
ROBOT_RELOC,,6,5,7,,7.518312600907906,,,
ROBOT_RELOC,,6,5,8,,7.887407056376816,,,
ROBOT_RELOC,,6,5,9,,7.474464071917287,,,
ROBOT_RELOC,,6,5,10,,15.740942959103753,,,
ROBOT_RELOC,,6,5,11,,11.151654346062251,,,
ROBOT_RELOC,,6,5,12,,7.916319197143272,,,
ROBOT_RELOC,,6,5,13,,12.908724415884974,,,
ROBOT_RELOC,,6,5,14,,9.64543527879183,,,
ROBOT_RELOC,,6,5,15,,6.017296747390693,,,
ROBOT_RELOC,,6,5,16,,13.136020613426734,,,
ROBOT_RELOC,,6,5,17,,9.343721526452661,,,
ROBOT_RELOC,,6,6,0,,11.680482690194482,,,
ROBOT_RELOC,,6,6,1,,13.700449803375616,,,
ROBOT_RELOC,,6,6,2,,13.58087164068037,,,
ROBOT_RELOC,,6,6,3,,9.527801870144945,,,
ROBOT_RELOC,,6,6,4,,15.883628190316825,,,
ROBOT_RELOC,,6,6,5,,8.842751804682333,,,
ROBOT_RELOC,,6,6,6,,0.0,,,
ROBOT_RELOC,,6,6,7,,9.17073105788135,,,
ROBOT_RELOC,,6,6,8,,11.136710319275625,,,
ROBOT_RELOC,,6,6,9,,12.632511436018703,,,
ROBOT_RELOC,,6,6,10,,11.452607394149243,,,
ROBOT_RELOC,,6,6,11,,7.358686495207463,,,
ROBOT_RELOC,,6,6,12,,7.489548637853126,,,
ROBOT_RELOC,,6,6,13,,6.030977926231216,,,
ROBOT_RELOC,,6,6,14,,13.517864419092815,,,
ROBOT_RELOC,,6,6,15,,6.774770480588709,,,
ROBOT_RELOC,,6,6,16,,12.186360220072208,,,
ROBOT_RELOC,,6,6,17,,14.859498907214,,,
ROBOT_RELOC,,6,7,0,,13.97652023510479,,,
ROBOT_RELOC,,6,7,1,,7.621755048513448,,,
ROBOT_RELOC,,6,7,2,,12.242600445287668,,,
ROBOT_RELOC,,6,7,3,,10.892098104053904,,,
ROBOT_RELOC,,6,7,4,,13.699537997274557,,,
ROBOT_RELOC,,6,7,5,,7.3881656190262355,,,
ROBOT_RELOC,,6,7,6,,12.520356912588097,,,
ROBOT_RELOC,,6,7,7,,0.0,,,
ROBOT_RELOC,,6,7,8,,3.387248998288495,,,
ROBOT_RELOC,,6,7,9,,2.9902201563475073,,,
ROBOT_RELOC,,6,7,10,,11.951133313613248,,,
ROBOT_RELOC,,6,7,11,,9.781962082171866,,,
ROBOT_RELOC,,6,7,12,,14.82837459796361,,,
ROBOT_RELOC,,6,7,13,,13.647112549955798,,,
ROBOT_RELOC,,6,7,14,,8.81175796899845,,,
ROBOT_RELOC,,6,7,15,,6.52428194578115,,,
ROBOT_RELOC,,6,7,16,,13.273438917752836,,,
ROBOT_RELOC,,6,7,17,,11.335578034135338,,,
ROBOT_RELOC,,6,8,0,,13.445878540120972,,,
ROBOT_RELOC,,6,8,1,,12.458178696916153,,,
ROBOT_RELOC,,6,8,2,,9.712026984255472,,,
ROBOT_RELOC,,6,8,3,,10.330377276661405,,,
ROBOT_RELOC,,6,8,4,,7.2755034401584275,,,
ROBOT_RELOC,,6,8,5,,14.026930787589063,,,
ROBOT_RELOC,,6,8,6,,12.85169393674034,,,
ROBOT_RELOC,,6,8,7,,2.5578616708291566,,,
ROBOT_RELOC,,6,8,8,,0.0,,,
ROBOT_RELOC,,6,8,9,,2.7426978428341693,,,
ROBOT_RELOC,,6,8,10,,7.669743784794213,,,
ROBOT_RELOC,,6,8,11,,9.362581179971365,,,
ROBOT_RELOC,,6,8,12,,13.705164014853285,,,
ROBOT_RELOC,,6,8,13,,10.746309142231175,,,
ROBOT_RELOC,,6,8,14,,13.859993804530902,,,
ROBOT_RELOC,,6,8,15,,6.509932166032146,,,
ROBOT_RELOC,,6,8,16,,9.33176785949128,,,
ROBOT_RELOC,,6,8,17,,6.139502924857288,,,
ROBOT_RELOC,,6,9,0,,11.667829031979855,,,
ROBOT_RELOC,,6,9,1,,7.746962087403087,,,
ROBOT_RELOC,,6,9,2,,6.988632932140464,,,
ROBOT_RELOC,,6,9,3,,14.719813832071445,,,
ROBOT_RELOC,,6,9,4,,12.693011342477389,,,
ROBOT_RELOC,,6,9,5,,14.143160253153294,,,
ROBOT_RELOC,,6,9,6,,8.006626915946402,,,
ROBOT_RELOC,,6,9,7,,4.1336066410399255,,,
ROBOT_RELOC,,6,9,8,,4.636916408223343,,,
ROBOT_RELOC,,6,9,9,,0.0,,,
ROBOT_RELOC,,6,9,10,,8.313844988672598,,,
ROBOT_RELOC,,6,9,11,,11.42866975073602,,,
ROBOT_RELOC,,6,9,12,,8.971798306899407,,,
ROBOT_RELOC,,6,9,13,,14.204440088601942,,,
ROBOT_RELOC,,6,9,14,,15.646288683038811,,,
ROBOT_RELOC,,6,9,15,,10.504791688114473,,,
ROBOT_RELOC,,6,9,16,,14.608234300971313,,,
ROBOT_RELOC,,6,9,17,,6.616585519610107,,,
ROBOT_RELOC,,6,10,0,,10.33988560944891,,,
ROBOT_RELOC,,6,10,1,,14.384635512132672,,,
ROBOT_RELOC,,6,10,2,,14.663711698896385,,,
ROBOT_RELOC,,6,10,3,,12.303853406308281,,,
ROBOT_RELOC,,6,10,4,,10.765448916322939,,,
ROBOT_RELOC,,6,10,5,,7.73329261962814,,,
ROBOT_RELOC,,6,10,6,,12.656521620347782,,,
ROBOT_RELOC,,6,10,7,,12.512129287550822,,,
ROBOT_RELOC,,6,10,8,,11.428232970185483,,,
ROBOT_RELOC,,6,10,9,,14.504939146231823,,,
ROBOT_RELOC,,6,10,10,,0.0,,,
ROBOT_RELOC,,6,10,11,,5.1237960094478225,,,
ROBOT_RELOC,,6,10,12,,2.057641882108451,,,
ROBOT_RELOC,,6,10,13,,12.161288109081687,,,
ROBOT_RELOC,,6,10,14,,9.359802605092426,,,
ROBOT_RELOC,,6,10,15,,12.654862551500791,,,
ROBOT_RELOC,,6,10,16,,13.049516728404782,,,
ROBOT_RELOC,,6,10,17,,8.597081879327323,,,
ROBOT_RELOC,,6,11,0,,12.309019229747129,,,
ROBOT_RELOC,,6,11,1,,10.468018839979948,,,
ROBOT_RELOC,,6,11,2,,10.156857747340615,,,
ROBOT_RELOC,,6,11,3,,7.337180206951031,,,
ROBOT_RELOC,,6,11,4,,10.71266887915682,,,
ROBOT_RELOC,,6,11,5,,7.6925040429814455,,,
ROBOT_RELOC,,6,11,6,,6.658374535369251,,,
ROBOT_RELOC,,6,11,7,,13.671775899741,,,
ROBOT_RELOC,,6,11,8,,15.25698159901314,,,
ROBOT_RELOC,,6,11,9,,6.667851950433169,,,
ROBOT_RELOC,,6,11,10,,4.55611939968322,,,
ROBOT_RELOC,,6,11,11,,0.0,,,
ROBOT_RELOC,,6,11,12,,5.391546553702211,,,
ROBOT_RELOC,,6,11,13,,14.659457940755328,,,
ROBOT_RELOC,,6,11,14,,8.544084376503584,,,
ROBOT_RELOC,,6,11,15,,14.331254033507292,,,
ROBOT_RELOC,,6,11,16,,8.768000731482472,,,
ROBOT_RELOC,,6,11,17,,15.772964068939242,,,
ROBOT_RELOC,,6,12,0,,7.79877719563065,,,
ROBOT_RELOC,,6,12,1,,15.767135943967428,,,
ROBOT_RELOC,,6,12,2,,12.737758703480754,,,
ROBOT_RELOC,,6,12,3,,9.879531928170177,,,
ROBOT_RELOC,,6,12,4,,15.017444946192775,,,
ROBOT_RELOC,,6,12,5,,10.710231739453503,,,
ROBOT_RELOC,,6,12,6,,14.315405353749977,,,
ROBOT_RELOC,,6,12,7,,14.722017072905052,,,
ROBOT_RELOC,,6,12,8,,11.147444176557055,,,
ROBOT_RELOC,,6,12,9,,6.489426002994483,,,
ROBOT_RELOC,,6,12,10,,2.7326275738859755,,,
ROBOT_RELOC,,6,12,11,,3.734013533084189,,,
ROBOT_RELOC,,6,12,12,,0.0,,,
ROBOT_RELOC,,6,12,13,,7.535913150254309,,,
ROBOT_RELOC,,6,12,14,,13.432505513740493,,,
ROBOT_RELOC,,6,12,15,,12.808692496835018,,,
ROBOT_RELOC,,6,12,16,,8.91704913577167,,,
ROBOT_RELOC,,6,12,17,,12.239300925339673,,,
ROBOT_RELOC,,6,13,0,,9.080258230865361,,,
ROBOT_RELOC,,6,13,1,,8.841070134586445,,,
ROBOT_RELOC,,6,13,2,,9.026327816324589,,,
ROBOT_RELOC,,6,13,3,,10.63261699741117,,,
ROBOT_RELOC,,6,13,4,,9.301006055574607,,,
ROBOT_RELOC,,6,13,5,,7.264183881075297,,,
ROBOT_RELOC,,6,13,6,,12.48555906731374,,,
ROBOT_RELOC,,6,13,7,,11.629900934881581,,,
ROBOT_RELOC,,6,13,8,,8.408897807195013,,,
ROBOT_RELOC,,6,13,9,,7.118648822951452,,,
ROBOT_RELOC,,6,13,10,,9.795983741237801,,,
ROBOT_RELOC,,6,13,11,,9.547533325172527,,,
ROBOT_RELOC,,6,13,12,,11.619931398270717,,,
ROBOT_RELOC,,6,13,13,,0.0,,,
ROBOT_RELOC,,6,13,14,,4.9491518866161766,,,
ROBOT_RELOC,,6,13,15,,7.881279552940686,,,
ROBOT_RELOC,,6,13,16,,9.819627254083152,,,
ROBOT_RELOC,,6,13,17,,13.284220688016827,,,
ROBOT_RELOC,,6,14,0,,13.314378805073202,,,
ROBOT_RELOC,,6,14,1,,11.736636794965515,,,
ROBOT_RELOC,,6,14,2,,13.471743289638644,,,
ROBOT_RELOC,,6,14,3,,13.008843390636027,,,
ROBOT_RELOC,,6,14,4,,14.555984666873659,,,
ROBOT_RELOC,,6,14,5,,14.015578888813721,,,
ROBOT_RELOC,,6,14,6,,13.450303590608517,,,
ROBOT_RELOC,,6,14,7,,15.845845443491335,,,
ROBOT_RELOC,,6,14,8,,9.217817101062426,,,
ROBOT_RELOC,,6,14,9,,11.809213029616732,,,
ROBOT_RELOC,,6,14,10,,6.5790782397464325,,,
ROBOT_RELOC,,6,14,11,,15.789708039242557,,,
ROBOT_RELOC,,6,14,12,,6.56768595335387,,,
ROBOT_RELOC,,6,14,13,,3.4142317863960536,,,
ROBOT_RELOC,,6,14,14,,0.0,,,
ROBOT_RELOC,,6,14,15,,6.060375262877405,,,
ROBOT_RELOC,,6,14,16,,13.210301275539459,,,
ROBOT_RELOC,,6,14,17,,11.665354540018402,,,
ROBOT_RELOC,,6,15,0,,6.167734014655459,,,
ROBOT_RELOC,,6,15,1,,12.738685100202193,,,
ROBOT_RELOC,,6,15,2,,13.49309921694245,,,
ROBOT_RELOC,,6,15,3,,13.066375319741006,,,
ROBOT_RELOC,,6,15,4,,7.973231983597189,,,
ROBOT_RELOC,,6,15,5,,6.8568787735076615,,,
ROBOT_RELOC,,6,15,6,,11.496535190049347,,,
ROBOT_RELOC,,6,15,7,,6.1041054866857145,,,
ROBOT_RELOC,,6,15,8,,6.584682172292235,,,
ROBOT_RELOC,,6,15,9,,7.9930324433659,,,
ROBOT_RELOC,,6,15,10,,10.213641384007637,,,
ROBOT_RELOC,,6,15,11,,13.407674452907028,,,
ROBOT_RELOC,,6,15,12,,10.904628292079796,,,
ROBOT_RELOC,,6,15,13,,10.290709886899393,,,
ROBOT_RELOC,,6,15,14,,7.471081345909665,,,
ROBOT_RELOC,,6,15,15,,0.0,,,
ROBOT_RELOC,,6,15,16,,5.233896779826919,,,
ROBOT_RELOC,,6,15,17,,2.9492810148640984,,,
ROBOT_RELOC,,6,16,0,,8.278744975216593,,,
ROBOT_RELOC,,6,16,1,,6.467983870411336,,,
ROBOT_RELOC,,6,16,2,,9.774508794372817,,,
ROBOT_RELOC,,6,16,3,,9.9154037125864,,,
ROBOT_RELOC,,6,16,4,,11.878504852325442,,,
ROBOT_RELOC,,6,16,5,,12.818326223640083,,,
ROBOT_RELOC,,6,16,6,,11.333053245792087,,,
ROBOT_RELOC,,6,16,7,,12.55591516808459,,,
ROBOT_RELOC,,6,16,8,,7.7053849498486535,,,
ROBOT_RELOC,,6,16,9,,11.215633682240043,,,
ROBOT_RELOC,,6,16,10,,6.891645105411949,,,
ROBOT_RELOC,,6,16,11,,12.943551152579351,,,
ROBOT_RELOC,,6,16,12,,12.884093762859894,,,
ROBOT_RELOC,,6,16,13,,12.459523943838136,,,
ROBOT_RELOC,,6,16,14,,6.455314874156782,,,
ROBOT_RELOC,,6,16,15,,3.0729375029276222,,,
ROBOT_RELOC,,6,16,16,,0.0,,,
ROBOT_RELOC,,6,16,17,,2.899517108123744,,,
ROBOT_RELOC,,6,17,0,,12.257466269023944,,,
ROBOT_RELOC,,6,17,1,,13.539862543265832,,,
ROBOT_RELOC,,6,17,2,,15.255300228259035,,,
ROBOT_RELOC,,6,17,3,,6.734098141861192,,,
ROBOT_RELOC,,6,17,4,,9.948925920461626,,,
ROBOT_RELOC,,6,17,5,,6.475702510269985,,,
ROBOT_RELOC,,6,17,6,,13.644149283051108,,,
ROBOT_RELOC,,6,17,7,,10.781871572286354,,,
ROBOT_RELOC,,6,17,8,,8.473304576585276,,,
ROBOT_RELOC,,6,17,9,,15.730338475862183,,,
ROBOT_RELOC,,6,17,10,,8.31669662400524,,,
ROBOT_RELOC,,6,17,11,,13.990798363191521,,,
ROBOT_RELOC,,6,17,12,,14.509839207143882,,,
ROBOT_RELOC,,6,17,13,,12.710618514158242,,,
ROBOT_RELOC,,6,17,14,,15.381806616553213,,,
ROBOT_RELOC,,6,17,15,,3.7157275513699877,,,
ROBOT_RELOC,,6,17,16,,4.102886191090251,,,
ROBOT_RELOC,,6,17,17,,0.0,,,
ROBOT_RELOC,,7,0,0,,0.0,,,
ROBOT_RELOC,,7,0,1,,2.0298574145928714,,,
ROBOT_RELOC,,7,0,2,,6.157758497556594,,,
ROBOT_RELOC,,7,0,3,,7.533311050050107,,,
ROBOT_RELOC,,7,0,4,,11.23136143637719,,,
ROBOT_RELOC,,7,0,5,,8.041795459902936,,,
ROBOT_RELOC,,7,0,6,,15.53578552193547,,,
ROBOT_RELOC,,7,0,7,,13.145554113789814,,,
ROBOT_RELOC,,7,0,8,,13.168694576948267,,,
ROBOT_RELOC,,7,0,9,,9.529489541387502,,,
ROBOT_RELOC,,7,0,10,,8.861857109911094,,,
ROBOT_RELOC,,7,0,11,,10.855514725909057,,,
ROBOT_RELOC,,7,0,12,,15.934058135075444,,,
ROBOT_RELOC,,7,0,13,,7.355600225631614,,,
ROBOT_RELOC,,7,0,14,,6.7489804214361095,,,
ROBOT_RELOC,,7,0,15,,8.745255636440609,,,
ROBOT_RELOC,,7,0,16,,9.667772568728568,,,
ROBOT_RELOC,,7,0,17,,13.721560112873792,,,
ROBOT_RELOC,,7,1,0,,2.0386472160345135,,,
ROBOT_RELOC,,7,1,1,,0.0,,,
ROBOT_RELOC,,7,1,2,,8.142823035754503,,,
ROBOT_RELOC,,7,1,3,,14.40498765968208,,,
ROBOT_RELOC,,7,1,4,,11.600422982633175,,,
ROBOT_RELOC,,7,1,5,,15.856579494203487,,,
ROBOT_RELOC,,7,1,6,,9.50630869611091,,,
ROBOT_RELOC,,7,1,7,,6.227816401460799,,,
ROBOT_RELOC,,7,1,8,,13.492322339148755,,,
ROBOT_RELOC,,7,1,9,,14.59762779951792,,,
ROBOT_RELOC,,7,1,10,,13.097862902530835,,,
ROBOT_RELOC,,7,1,11,,6.478907067503675,,,
ROBOT_RELOC,,7,1,12,,14.054575687672465,,,
ROBOT_RELOC,,7,1,13,,10.236870106987185,,,
ROBOT_RELOC,,7,1,14,,13.718160204433158,,,
ROBOT_RELOC,,7,1,15,,10.488618624220411,,,
ROBOT_RELOC,,7,1,16,,13.219391843704202,,,
ROBOT_RELOC,,7,1,17,,12.693886833037414,,,
ROBOT_RELOC,,7,2,0,,7.146100057087262,,,
ROBOT_RELOC,,7,2,1,,12.26540149293768,,,
ROBOT_RELOC,,7,2,2,,0.0,,,
ROBOT_RELOC,,7,2,3,,8.925200309837543,,,
ROBOT_RELOC,,7,2,4,,13.85105511323054,,,
ROBOT_RELOC,,7,2,5,,13.87583499030899,,,
ROBOT_RELOC,,7,2,6,,14.278274383200019,,,
ROBOT_RELOC,,7,2,7,,12.558111970069056,,,
ROBOT_RELOC,,7,2,8,,9.516905895022148,,,
ROBOT_RELOC,,7,2,9,,12.864905308508169,,,
ROBOT_RELOC,,7,2,10,,15.06685954153193,,,
ROBOT_RELOC,,7,2,11,,8.259292718832626,,,
ROBOT_RELOC,,7,2,12,,14.505829036454957,,,
ROBOT_RELOC,,7,2,13,,12.499698413547977,,,
ROBOT_RELOC,,7,2,14,,8.920888758891401,,,
ROBOT_RELOC,,7,2,15,,9.019172231256197,,,
ROBOT_RELOC,,7,2,16,,11.978649897000148,,,
ROBOT_RELOC,,7,2,17,,7.838834501335684,,,
ROBOT_RELOC,,7,3,0,,8.887837631182832,,,
ROBOT_RELOC,,7,3,1,,15.996432532818345,,,
ROBOT_RELOC,,7,3,2,,7.825891731151349,,,
ROBOT_RELOC,,7,3,3,,0.0,,,
ROBOT_RELOC,,7,3,4,,4.782568216423417,,,
ROBOT_RELOC,,7,3,5,,4.43744868273268,,,
ROBOT_RELOC,,7,3,6,,12.294192650223632,,,
ROBOT_RELOC,,7,3,7,,10.076685471821769,,,
ROBOT_RELOC,,7,3,8,,7.046105857617193,,,
ROBOT_RELOC,,7,3,9,,15.258591517954525,,,
ROBOT_RELOC,,7,3,10,,12.116529578556015,,,
ROBOT_RELOC,,7,3,11,,11.76875930333256,,,
ROBOT_RELOC,,7,3,12,,13.864989802966452,,,
ROBOT_RELOC,,7,3,13,,8.11385073447225,,,
ROBOT_RELOC,,7,3,14,,13.969468219167467,,,
ROBOT_RELOC,,7,3,15,,15.483585833872048,,,
ROBOT_RELOC,,7,3,16,,7.972809984917082,,,
ROBOT_RELOC,,7,3,17,,6.211499922082032,,,
ROBOT_RELOC,,7,4,0,,8.904541891232597,,,
ROBOT_RELOC,,7,4,1,,8.620285420523981,,,
ROBOT_RELOC,,7,4,2,,7.606096829290302,,,
ROBOT_RELOC,,7,4,3,,3.125810395229431,,,
ROBOT_RELOC,,7,4,4,,0.0,,,
ROBOT_RELOC,,7,4,5,,3.7081731207053403,,,
ROBOT_RELOC,,7,4,6,,11.86546545193405,,,
ROBOT_RELOC,,7,4,7,,13.961681353976491,,,
ROBOT_RELOC,,7,4,8,,14.23561552924269,,,
ROBOT_RELOC,,7,4,9,,13.835625229308373,,,
ROBOT_RELOC,,7,4,10,,8.182791767166755,,,
ROBOT_RELOC,,7,4,11,,12.818167551349898,,,
ROBOT_RELOC,,7,4,12,,10.098818079636919,,,
ROBOT_RELOC,,7,4,13,,15.029126022940524,,,
ROBOT_RELOC,,7,4,14,,7.497909411057145,,,
ROBOT_RELOC,,7,4,15,,7.347381931800662,,,
ROBOT_RELOC,,7,4,16,,13.996498739849896,,,
ROBOT_RELOC,,7,4,17,,9.323698461847986,,,
ROBOT_RELOC,,7,5,0,,15.904380580660794,,,
ROBOT_RELOC,,7,5,1,,15.919455552768826,,,
ROBOT_RELOC,,7,5,2,,14.000245450741648,,,
ROBOT_RELOC,,7,5,3,,5.471903002032342,,,
ROBOT_RELOC,,7,5,4,,3.757414124255315,,,
ROBOT_RELOC,,7,5,5,,0.0,,,
ROBOT_RELOC,,7,5,6,,8.175377021127451,,,
ROBOT_RELOC,,7,5,7,,15.955372169809063,,,
ROBOT_RELOC,,7,5,8,,11.440911353851446,,,
ROBOT_RELOC,,7,5,9,,9.641189604622419,,,
ROBOT_RELOC,,7,5,10,,6.990399340026152,,,
ROBOT_RELOC,,7,5,11,,10.65401578465678,,,
ROBOT_RELOC,,7,5,12,,13.44520068214895,,,
ROBOT_RELOC,,7,5,13,,10.498764515675916,,,
ROBOT_RELOC,,7,5,14,,8.249975288046684,,,
ROBOT_RELOC,,7,5,15,,6.107739006566367,,,
ROBOT_RELOC,,7,5,16,,8.908029279468021,,,
ROBOT_RELOC,,7,5,17,,12.94681349603588,,,
ROBOT_RELOC,,7,6,0,,8.132790933117573,,,
ROBOT_RELOC,,7,6,1,,15.580923504451814,,,
ROBOT_RELOC,,7,6,2,,10.95874188026286,,,
ROBOT_RELOC,,7,6,3,,7.187437105999697,,,
ROBOT_RELOC,,7,6,4,,11.62351687375033,,,
ROBOT_RELOC,,7,6,5,,11.6959315675484,,,
ROBOT_RELOC,,7,6,6,,0.0,,,
ROBOT_RELOC,,7,6,7,,14.709144848412173,,,
ROBOT_RELOC,,7,6,8,,8.569636695639833,,,
ROBOT_RELOC,,7,6,9,,8.97142309373685,,,
ROBOT_RELOC,,7,6,10,,7.963431300993568,,,
ROBOT_RELOC,,7,6,11,,9.841785822996332,,,
ROBOT_RELOC,,7,6,12,,15.70901015204082,,,
ROBOT_RELOC,,7,6,13,,7.709498039710583,,,
ROBOT_RELOC,,7,6,14,,7.2697723492206725,,,
ROBOT_RELOC,,7,6,15,,13.556337827767875,,,
ROBOT_RELOC,,7,6,16,,6.905701828083051,,,
ROBOT_RELOC,,7,6,17,,7.211334932242458,,,
ROBOT_RELOC,,7,7,0,,9.313298453906233,,,
ROBOT_RELOC,,7,7,1,,8.103874080823555,,,
ROBOT_RELOC,,7,7,2,,14.789193698249978,,,
ROBOT_RELOC,,7,7,3,,9.075660581623142,,,
ROBOT_RELOC,,7,7,4,,6.5331414599811355,,,
ROBOT_RELOC,,7,7,5,,10.360071913360267,,,
ROBOT_RELOC,,7,7,6,,6.5394076129475325,,,
ROBOT_RELOC,,7,7,7,,0.0,,,
ROBOT_RELOC,,7,7,8,,4.361159108768116,,,
ROBOT_RELOC,,7,7,9,,3.8444095920500976,,,
ROBOT_RELOC,,7,7,10,,8.91979255545323,,,
ROBOT_RELOC,,7,7,11,,9.907673888169382,,,
ROBOT_RELOC,,7,7,12,,7.157026744642273,,,
ROBOT_RELOC,,7,7,13,,9.34005694298094,,,
ROBOT_RELOC,,7,7,14,,15.677218977605332,,,
ROBOT_RELOC,,7,7,15,,14.419024481097404,,,
ROBOT_RELOC,,7,7,16,,7.294039530779126,,,
ROBOT_RELOC,,7,7,17,,10.632388239231561,,,
ROBOT_RELOC,,7,8,0,,7.5705144293192586,,,
ROBOT_RELOC,,7,8,1,,15.299150766674659,,,
ROBOT_RELOC,,7,8,2,,7.427332412216166,,,
ROBOT_RELOC,,7,8,3,,8.615642504772005,,,
ROBOT_RELOC,,7,8,4,,10.948380069289513,,,
ROBOT_RELOC,,7,8,5,,8.751981777354418,,,
ROBOT_RELOC,,7,8,6,,6.5609012357936125,,,
ROBOT_RELOC,,7,8,7,,2.0510456232790584,,,
ROBOT_RELOC,,7,8,8,,0.0,,,
ROBOT_RELOC,,7,8,9,,5.399622989503317,,,
ROBOT_RELOC,,7,8,10,,12.00616301166729,,,
ROBOT_RELOC,,7,8,11,,10.625579077790526,,,
ROBOT_RELOC,,7,8,12,,14.193419303408266,,,
ROBOT_RELOC,,7,8,13,,15.317987680469482,,,
ROBOT_RELOC,,7,8,14,,14.206403371394718,,,
ROBOT_RELOC,,7,8,15,,7.0183618057050845,,,
ROBOT_RELOC,,7,8,16,,15.226683367184767,,,
ROBOT_RELOC,,7,8,17,,14.707562634462256,,,
ROBOT_RELOC,,7,9,0,,7.080792987524221,,,
ROBOT_RELOC,,7,9,1,,8.313991025098566,,,
ROBOT_RELOC,,7,9,2,,15.716580290092168,,,
ROBOT_RELOC,,7,9,3,,12.440777587534168,,,
ROBOT_RELOC,,7,9,4,,10.335455967698469,,,
ROBOT_RELOC,,7,9,5,,12.712652320924416,,,
ROBOT_RELOC,,7,9,6,,12.644311199838686,,,
ROBOT_RELOC,,7,9,7,,3.4880819650653865,,,
ROBOT_RELOC,,7,9,8,,3.4787026616717593,,,
ROBOT_RELOC,,7,9,9,,0.0,,,
ROBOT_RELOC,,7,9,10,,7.274427494999777,,,
ROBOT_RELOC,,7,9,11,,6.672967800941139,,,
ROBOT_RELOC,,7,9,12,,12.481134855712686,,,
ROBOT_RELOC,,7,9,13,,7.773687319592496,,,
ROBOT_RELOC,,7,9,14,,7.039382341263467,,,
ROBOT_RELOC,,7,9,15,,13.49638025214116,,,
ROBOT_RELOC,,7,9,16,,14.360782117172116,,,
ROBOT_RELOC,,7,9,17,,14.22663154539503,,,
ROBOT_RELOC,,7,10,0,,11.381932932028251,,,
ROBOT_RELOC,,7,10,1,,15.045172008958112,,,
ROBOT_RELOC,,7,10,2,,15.800525999664368,,,
ROBOT_RELOC,,7,10,3,,11.631974540059513,,,
ROBOT_RELOC,,7,10,4,,7.507057194315551,,,
ROBOT_RELOC,,7,10,5,,14.302573418039811,,,
ROBOT_RELOC,,7,10,6,,7.455388248936435,,,
ROBOT_RELOC,,7,10,7,,13.127944684559719,,,
ROBOT_RELOC,,7,10,8,,11.267011272538113,,,
ROBOT_RELOC,,7,10,9,,11.424790272287423,,,
ROBOT_RELOC,,7,10,10,,0.0,,,
ROBOT_RELOC,,7,10,11,,4.033601592996243,,,
ROBOT_RELOC,,7,10,12,,5.189118659572944,,,
ROBOT_RELOC,,7,10,13,,10.396478773283942,,,
ROBOT_RELOC,,7,10,14,,8.361677892356985,,,
ROBOT_RELOC,,7,10,15,,8.394658290889673,,,
ROBOT_RELOC,,7,10,16,,10.967893461858168,,,
ROBOT_RELOC,,7,10,17,,15.483012430027504,,,
ROBOT_RELOC,,7,11,0,,15.098588872272149,,,
ROBOT_RELOC,,7,11,1,,11.188332042086827,,,
ROBOT_RELOC,,7,11,2,,15.571969955859496,,,
ROBOT_RELOC,,7,11,3,,8.359045674579605,,,
ROBOT_RELOC,,7,11,4,,13.985982849003273,,,
ROBOT_RELOC,,7,11,5,,11.46121255637813,,,
ROBOT_RELOC,,7,11,6,,9.253598111496315,,,
ROBOT_RELOC,,7,11,7,,6.679437026302924,,,
ROBOT_RELOC,,7,11,8,,11.647098315960575,,,
ROBOT_RELOC,,7,11,9,,13.663408661236302,,,
ROBOT_RELOC,,7,11,10,,3.837420849409968,,,
ROBOT_RELOC,,7,11,11,,0.0,,,
ROBOT_RELOC,,7,11,12,,3.319392323391583,,,
ROBOT_RELOC,,7,11,13,,6.092417431100753,,,
ROBOT_RELOC,,7,11,14,,13.219233115070516,,,
ROBOT_RELOC,,7,11,15,,6.749788654045015,,,
ROBOT_RELOC,,7,11,16,,7.242099075680624,,,
ROBOT_RELOC,,7,11,17,,10.598872512047505,,,
ROBOT_RELOC,,7,12,0,,7.906473512646102,,,
ROBOT_RELOC,,7,12,1,,14.435018835584644,,,
ROBOT_RELOC,,7,12,2,,10.086979730250004,,,
ROBOT_RELOC,,7,12,3,,15.421094679157854,,,
ROBOT_RELOC,,7,12,4,,10.229525277562582,,,
ROBOT_RELOC,,7,12,5,,13.289248834581212,,,
ROBOT_RELOC,,7,12,6,,13.758082455882816,,,
ROBOT_RELOC,,7,12,7,,10.226454690011964,,,
ROBOT_RELOC,,7,12,8,,13.101201001738904,,,
ROBOT_RELOC,,7,12,9,,13.19531244660404,,,
ROBOT_RELOC,,7,12,10,,4.942767816490499,,,
ROBOT_RELOC,,7,12,11,,2.1770069234387486,,,
ROBOT_RELOC,,7,12,12,,0.0,,,
ROBOT_RELOC,,7,12,13,,11.578693256957045,,,
ROBOT_RELOC,,7,12,14,,10.184748634513067,,,
ROBOT_RELOC,,7,12,15,,9.337610129684787,,,
ROBOT_RELOC,,7,12,16,,9.3462586972722,,,
ROBOT_RELOC,,7,12,17,,7.83511615741619,,,
ROBOT_RELOC,,7,13,0,,7.906470632152146,,,
ROBOT_RELOC,,7,13,1,,11.47689402104975,,,
ROBOT_RELOC,,7,13,2,,15.876642085745097,,,
ROBOT_RELOC,,7,13,3,,7.370506945722881,,,
ROBOT_RELOC,,7,13,4,,12.6369037144764,,,
ROBOT_RELOC,,7,13,5,,15.951027748905734,,,
ROBOT_RELOC,,7,13,6,,12.263602303503593,,,
ROBOT_RELOC,,7,13,7,,8.372157558631221,,,
ROBOT_RELOC,,7,13,8,,8.931622577600752,,,
ROBOT_RELOC,,7,13,9,,13.683249725628647,,,
ROBOT_RELOC,,7,13,10,,11.207333409063072,,,
ROBOT_RELOC,,7,13,11,,11.970775243503594,,,
ROBOT_RELOC,,7,13,12,,10.532818221654164,,,
ROBOT_RELOC,,7,13,13,,0.0,,,
ROBOT_RELOC,,7,13,14,,4.758280375207075,,,
ROBOT_RELOC,,7,13,15,,12.962820323204586,,,
ROBOT_RELOC,,7,13,16,,9.298008402783802,,,
ROBOT_RELOC,,7,13,17,,13.975661346226264,,,
ROBOT_RELOC,,7,14,0,,8.672613757179272,,,
ROBOT_RELOC,,7,14,1,,7.824238560561132,,,
ROBOT_RELOC,,7,14,2,,6.020532779948059,,,
ROBOT_RELOC,,7,14,3,,15.647840262786996,,,
ROBOT_RELOC,,7,14,4,,12.990546839302514,,,
ROBOT_RELOC,,7,14,5,,8.909738177935804,,,
ROBOT_RELOC,,7,14,6,,14.0632275928929,,,
ROBOT_RELOC,,7,14,7,,13.790109642143172,,,
ROBOT_RELOC,,7,14,8,,14.206367014805263,,,
ROBOT_RELOC,,7,14,9,,7.919618407739793,,,
ROBOT_RELOC,,7,14,10,,7.691780950363675,,,
ROBOT_RELOC,,7,14,11,,6.7744533440531765,,,
ROBOT_RELOC,,7,14,12,,6.495282126198519,,,
ROBOT_RELOC,,7,14,13,,2.4780005366834175,,,
ROBOT_RELOC,,7,14,14,,0.0,,,
ROBOT_RELOC,,7,14,15,,9.242693514162411,,,
ROBOT_RELOC,,7,14,16,,7.09064023590166,,,
ROBOT_RELOC,,7,14,17,,7.712487449791316,,,
ROBOT_RELOC,,7,15,0,,15.21026527224979,,,
ROBOT_RELOC,,7,15,1,,14.718050819761807,,,
ROBOT_RELOC,,7,15,2,,9.98175289117094,,,
ROBOT_RELOC,,7,15,3,,9.385638906304099,,,
ROBOT_RELOC,,7,15,4,,15.73094092574099,,,
ROBOT_RELOC,,7,15,5,,14.444630288203971,,,
ROBOT_RELOC,,7,15,6,,14.992082227399866,,,
ROBOT_RELOC,,7,15,7,,10.41721093907713,,,
ROBOT_RELOC,,7,15,8,,14.5260944695751,,,
ROBOT_RELOC,,7,15,9,,8.025871521698939,,,
ROBOT_RELOC,,7,15,10,,12.525559835807186,,,
ROBOT_RELOC,,7,15,11,,10.061803573514261,,,
ROBOT_RELOC,,7,15,12,,7.710619829002863,,,
ROBOT_RELOC,,7,15,13,,15.524032644255737,,,
ROBOT_RELOC,,7,15,14,,13.207400164945208,,,
ROBOT_RELOC,,7,15,15,,0.0,,,
ROBOT_RELOC,,7,15,16,,3.8270165128860647,,,
ROBOT_RELOC,,7,15,17,,4.645846634137229,,,
ROBOT_RELOC,,7,16,0,,11.982390647427156,,,
ROBOT_RELOC,,7,16,1,,14.893784156183827,,,
ROBOT_RELOC,,7,16,2,,11.26230462515526,,,
ROBOT_RELOC,,7,16,3,,12.405083413768331,,,
ROBOT_RELOC,,7,16,4,,6.430307109532771,,,
ROBOT_RELOC,,7,16,5,,14.727436920335128,,,
ROBOT_RELOC,,7,16,6,,13.696162816194747,,,
ROBOT_RELOC,,7,16,7,,11.163634902723668,,,
ROBOT_RELOC,,7,16,8,,8.53376980083683,,,
ROBOT_RELOC,,7,16,9,,15.261685542088356,,,
ROBOT_RELOC,,7,16,10,,15.87539061614535,,,
ROBOT_RELOC,,7,16,11,,11.181244506217428,,,
ROBOT_RELOC,,7,16,12,,13.743223877705576,,,
ROBOT_RELOC,,7,16,13,,11.547484645177907,,,
ROBOT_RELOC,,7,16,14,,15.795981211017876,,,
ROBOT_RELOC,,7,16,15,,5.900327089551784,,,
ROBOT_RELOC,,7,16,16,,0.0,,,
ROBOT_RELOC,,7,16,17,,4.171894199930167,,,
ROBOT_RELOC,,7,17,0,,6.867542277766775,,,
ROBOT_RELOC,,7,17,1,,8.294348667155282,,,
ROBOT_RELOC,,7,17,2,,6.453575524049867,,,
ROBOT_RELOC,,7,17,3,,13.134840302188088,,,
ROBOT_RELOC,,7,17,4,,11.42041911980467,,,
ROBOT_RELOC,,7,17,5,,6.7697681260265865,,,
ROBOT_RELOC,,7,17,6,,14.93076369540692,,,
ROBOT_RELOC,,7,17,7,,14.535607123589987,,,
ROBOT_RELOC,,7,17,8,,14.063957740192592,,,
ROBOT_RELOC,,7,17,9,,8.939459513488018,,,
ROBOT_RELOC,,7,17,10,,14.093122917895007,,,
ROBOT_RELOC,,7,17,11,,9.998599756717017,,,
ROBOT_RELOC,,7,17,12,,11.358111745403127,,,
ROBOT_RELOC,,7,17,13,,9.534947836197357,,,
ROBOT_RELOC,,7,17,14,,10.104369720541847,,,
ROBOT_RELOC,,7,17,15,,5.103242681323001,,,
ROBOT_RELOC,,7,17,16,,5.887688847177204,,,
ROBOT_RELOC,,7,17,17,,0.0,,,
ROBOT_RELOC,,8,0,0,,0.0,,,
ROBOT_RELOC,,8,0,1,,4.673233236872283,,,
ROBOT_RELOC,,8,0,2,,6.53763464857541,,,
ROBOT_RELOC,,8,0,3,,8.765507376038828,,,
ROBOT_RELOC,,8,0,4,,13.479148935617285,,,
ROBOT_RELOC,,8,0,5,,6.309641121584324,,,
ROBOT_RELOC,,8,0,6,,12.010527869060812,,,
ROBOT_RELOC,,8,0,7,,9.483161683140175,,,
ROBOT_RELOC,,8,0,8,,9.28234035357378,,,
ROBOT_RELOC,,8,0,9,,10.438990347036981,,,
ROBOT_RELOC,,8,0,10,,10.172000445691996,,,
ROBOT_RELOC,,8,0,11,,8.045208952269059,,,
ROBOT_RELOC,,8,0,12,,14.172509489168114,,,
ROBOT_RELOC,,8,0,13,,13.439863971565845,,,
ROBOT_RELOC,,8,0,14,,14.032439026206113,,,
ROBOT_RELOC,,8,0,15,,10.703885219417517,,,
ROBOT_RELOC,,8,0,16,,9.582030103403671,,,
ROBOT_RELOC,,8,0,17,,12.934798617104725,,,
ROBOT_RELOC,,8,1,0,,2.887079089353283,,,
ROBOT_RELOC,,8,1,1,,0.0,,,
ROBOT_RELOC,,8,1,2,,14.831862921806904,,,
ROBOT_RELOC,,8,1,3,,10.242029450450755,,,
ROBOT_RELOC,,8,1,4,,8.558812236327064,,,
ROBOT_RELOC,,8,1,5,,14.035721123620965,,,
ROBOT_RELOC,,8,1,6,,11.387573349504013,,,
ROBOT_RELOC,,8,1,7,,9.694375450045342,,,
ROBOT_RELOC,,8,1,8,,7.258663503498518,,,
ROBOT_RELOC,,8,1,9,,9.426715979401042,,,
ROBOT_RELOC,,8,1,10,,11.249172765648858,,,
ROBOT_RELOC,,8,1,11,,8.498263691649214,,,
ROBOT_RELOC,,8,1,12,,10.96892979176356,,,
ROBOT_RELOC,,8,1,13,,7.985189063094581,,,
ROBOT_RELOC,,8,1,14,,7.507287806955865,,,
ROBOT_RELOC,,8,1,15,,11.162380636932337,,,
ROBOT_RELOC,,8,1,16,,11.954735574500544,,,
ROBOT_RELOC,,8,1,17,,12.7913779189049,,,
ROBOT_RELOC,,8,2,0,,15.899749587946584,,,
ROBOT_RELOC,,8,2,1,,10.839304055929519,,,
ROBOT_RELOC,,8,2,2,,0.0,,,
ROBOT_RELOC,,8,2,3,,12.24755613430381,,,
ROBOT_RELOC,,8,2,4,,15.855094452025371,,,
ROBOT_RELOC,,8,2,5,,11.037258709272182,,,
ROBOT_RELOC,,8,2,6,,9.515267984592,,,
ROBOT_RELOC,,8,2,7,,8.852565140997084,,,
ROBOT_RELOC,,8,2,8,,8.951417222601867,,,
ROBOT_RELOC,,8,2,9,,14.44188829260775,,,
ROBOT_RELOC,,8,2,10,,14.025900355634542,,,
ROBOT_RELOC,,8,2,11,,9.345270601979244,,,
ROBOT_RELOC,,8,2,12,,15.437494165246044,,,
ROBOT_RELOC,,8,2,13,,9.00688691539607,,,
ROBOT_RELOC,,8,2,14,,8.688302600494694,,,
ROBOT_RELOC,,8,2,15,,11.838717837275182,,,
ROBOT_RELOC,,8,2,16,,14.870904287105802,,,
ROBOT_RELOC,,8,2,17,,14.7277391462381,,,
ROBOT_RELOC,,8,3,0,,7.300435154374338,,,
ROBOT_RELOC,,8,3,1,,8.98036582718115,,,
ROBOT_RELOC,,8,3,2,,11.016894828690653,,,
ROBOT_RELOC,,8,3,3,,0.0,,,
ROBOT_RELOC,,8,3,4,,3.580627051300095,,,
ROBOT_RELOC,,8,3,5,,3.830148283668155,,,
ROBOT_RELOC,,8,3,6,,11.998878098179972,,,
ROBOT_RELOC,,8,3,7,,15.97548483059306,,,
ROBOT_RELOC,,8,3,8,,15.440056457667799,,,
ROBOT_RELOC,,8,3,9,,10.62276188092935,,,
ROBOT_RELOC,,8,3,10,,7.692006795579015,,,
ROBOT_RELOC,,8,3,11,,13.619822959901782,,,
ROBOT_RELOC,,8,3,12,,15.85898946074501,,,
ROBOT_RELOC,,8,3,13,,6.876508738187486,,,
ROBOT_RELOC,,8,3,14,,7.638411371843715,,,
ROBOT_RELOC,,8,3,15,,13.543195953216294,,,
ROBOT_RELOC,,8,3,16,,8.83510421021918,,,
ROBOT_RELOC,,8,3,17,,9.329194376858993,,,
ROBOT_RELOC,,8,4,0,,7.7418909914012275,,,
ROBOT_RELOC,,8,4,1,,14.281027607643832,,,
ROBOT_RELOC,,8,4,2,,12.402910360661291,,,
ROBOT_RELOC,,8,4,3,,2.162030653529451,,,
ROBOT_RELOC,,8,4,4,,0.0,,,
ROBOT_RELOC,,8,4,5,,3.484527128330908,,,
ROBOT_RELOC,,8,4,6,,15.011796823913894,,,
ROBOT_RELOC,,8,4,7,,10.455860350994346,,,
ROBOT_RELOC,,8,4,8,,11.27928493148945,,,
ROBOT_RELOC,,8,4,9,,14.39059035900917,,,
ROBOT_RELOC,,8,4,10,,7.47807153194379,,,
ROBOT_RELOC,,8,4,11,,15.160897725139135,,,
ROBOT_RELOC,,8,4,12,,7.5755091711683065,,,
ROBOT_RELOC,,8,4,13,,12.874038862801548,,,
ROBOT_RELOC,,8,4,14,,12.875322366547934,,,
ROBOT_RELOC,,8,4,15,,8.703033578618937,,,
ROBOT_RELOC,,8,4,16,,9.411467364608189,,,
ROBOT_RELOC,,8,4,17,,14.995259918626816,,,
ROBOT_RELOC,,8,5,0,,10.72391034231202,,,
ROBOT_RELOC,,8,5,1,,9.573944284744329,,,
ROBOT_RELOC,,8,5,2,,13.05850563052616,,,
ROBOT_RELOC,,8,5,3,,3.7826542331071584,,,
ROBOT_RELOC,,8,5,4,,5.471755691056548,,,
ROBOT_RELOC,,8,5,5,,0.0,,,
ROBOT_RELOC,,8,5,6,,10.380753566729437,,,
ROBOT_RELOC,,8,5,7,,7.639357183666151,,,
ROBOT_RELOC,,8,5,8,,15.600238022000562,,,
ROBOT_RELOC,,8,5,9,,14.357260213139064,,,
ROBOT_RELOC,,8,5,10,,12.060538011071163,,,
ROBOT_RELOC,,8,5,11,,11.754323735906189,,,
ROBOT_RELOC,,8,5,12,,13.178563954790391,,,
ROBOT_RELOC,,8,5,13,,8.401775888274267,,,
ROBOT_RELOC,,8,5,14,,6.680768895335718,,,
ROBOT_RELOC,,8,5,15,,14.713977720033094,,,
ROBOT_RELOC,,8,5,16,,9.00886176513861,,,
ROBOT_RELOC,,8,5,17,,11.38191616685588,,,
ROBOT_RELOC,,8,6,0,,15.028651105737724,,,
ROBOT_RELOC,,8,6,1,,13.050507162772998,,,
ROBOT_RELOC,,8,6,2,,11.040436777691227,,,
ROBOT_RELOC,,8,6,3,,6.174840356032888,,,
ROBOT_RELOC,,8,6,4,,6.240600975627332,,,
ROBOT_RELOC,,8,6,5,,13.343914348793701,,,
ROBOT_RELOC,,8,6,6,,0.0,,,
ROBOT_RELOC,,8,6,7,,13.732053383645464,,,
ROBOT_RELOC,,8,6,8,,11.162058473736147,,,
ROBOT_RELOC,,8,6,9,,13.47249031498605,,,
ROBOT_RELOC,,8,6,10,,8.240818179341375,,,
ROBOT_RELOC,,8,6,11,,8.33704868105098,,,
ROBOT_RELOC,,8,6,12,,9.09949553677614,,,
ROBOT_RELOC,,8,6,13,,7.366743047898486,,,
ROBOT_RELOC,,8,6,14,,9.052314168386623,,,
ROBOT_RELOC,,8,6,15,,6.390066135996455,,,
ROBOT_RELOC,,8,6,16,,12.104166023989972,,,
ROBOT_RELOC,,8,6,17,,11.835794482934357,,,
ROBOT_RELOC,,8,7,0,,11.088191308861937,,,
ROBOT_RELOC,,8,7,1,,7.225573639679743,,,
ROBOT_RELOC,,8,7,2,,13.718845653325186,,,
ROBOT_RELOC,,8,7,3,,15.19101292948238,,,
ROBOT_RELOC,,8,7,4,,13.927057586225919,,,
ROBOT_RELOC,,8,7,5,,8.463953587984388,,,
ROBOT_RELOC,,8,7,6,,13.05579195149906,,,
ROBOT_RELOC,,8,7,7,,0.0,,,
ROBOT_RELOC,,8,7,8,,5.995779955266666,,,
ROBOT_RELOC,,8,7,9,,2.9415440288358496,,,
ROBOT_RELOC,,8,7,10,,15.381340571815956,,,
ROBOT_RELOC,,8,7,11,,13.626397484946132,,,
ROBOT_RELOC,,8,7,12,,13.545896463697021,,,
ROBOT_RELOC,,8,7,13,,13.903122399428067,,,
ROBOT_RELOC,,8,7,14,,13.031233277984622,,,
ROBOT_RELOC,,8,7,15,,9.741854501441608,,,
ROBOT_RELOC,,8,7,16,,11.44926658363523,,,
ROBOT_RELOC,,8,7,17,,6.6149158514723885,,,
ROBOT_RELOC,,8,8,0,,9.349845778577786,,,
ROBOT_RELOC,,8,8,1,,10.607161813823916,,,
ROBOT_RELOC,,8,8,2,,8.840406273148814,,,
ROBOT_RELOC,,8,8,3,,10.561082735823355,,,
ROBOT_RELOC,,8,8,4,,15.085856751523632,,,
ROBOT_RELOC,,8,8,5,,15.773395440380169,,,
ROBOT_RELOC,,8,8,6,,14.443026607934671,,,
ROBOT_RELOC,,8,8,7,,4.631850667985896,,,
ROBOT_RELOC,,8,8,8,,0.0,,,
ROBOT_RELOC,,8,8,9,,3.580656784066377,,,
ROBOT_RELOC,,8,8,10,,7.466631848287488,,,
ROBOT_RELOC,,8,8,11,,9.118318146451807,,,
ROBOT_RELOC,,8,8,12,,14.759385662933107,,,
ROBOT_RELOC,,8,8,13,,13.730478453378979,,,
ROBOT_RELOC,,8,8,14,,8.333073847297396,,,
ROBOT_RELOC,,8,8,15,,13.17241244339826,,,
ROBOT_RELOC,,8,8,16,,9.179914005233423,,,
ROBOT_RELOC,,8,8,17,,14.496137516346193,,,
ROBOT_RELOC,,8,9,0,,11.611045466657561,,,
ROBOT_RELOC,,8,9,1,,14.561479547138601,,,
ROBOT_RELOC,,8,9,2,,8.207520840624804,,,
ROBOT_RELOC,,8,9,3,,8.707684397272983,,,
ROBOT_RELOC,,8,9,4,,10.962382688040147,,,
ROBOT_RELOC,,8,9,5,,15.674077851993246,,,
ROBOT_RELOC,,8,9,6,,11.357155877616252,,,
ROBOT_RELOC,,8,9,7,,4.125811435144762,,,
ROBOT_RELOC,,8,9,8,,5.747658441414295,,,
ROBOT_RELOC,,8,9,9,,0.0,,,
ROBOT_RELOC,,8,9,10,,6.50610952481014,,,
ROBOT_RELOC,,8,9,11,,14.388298187749943,,,
ROBOT_RELOC,,8,9,12,,7.102893616034278,,,
ROBOT_RELOC,,8,9,13,,15.250626314089798,,,
ROBOT_RELOC,,8,9,14,,11.455012259346164,,,
ROBOT_RELOC,,8,9,15,,9.945772336724126,,,
ROBOT_RELOC,,8,9,16,,12.2675111842664,,,
ROBOT_RELOC,,8,9,17,,10.84795323016114,,,
ROBOT_RELOC,,8,10,0,,11.96210455974725,,,
ROBOT_RELOC,,8,10,1,,7.515587305339501,,,
ROBOT_RELOC,,8,10,2,,12.24069699149961,,,
ROBOT_RELOC,,8,10,3,,7.219057155471455,,,
ROBOT_RELOC,,8,10,4,,13.188163680663003,,,
ROBOT_RELOC,,8,10,5,,11.677421706488946,,,
ROBOT_RELOC,,8,10,6,,10.50919607192205,,,
ROBOT_RELOC,,8,10,7,,15.07925384069712,,,
ROBOT_RELOC,,8,10,8,,11.537635115180219,,,
ROBOT_RELOC,,8,10,9,,15.828871392339227,,,
ROBOT_RELOC,,8,10,10,,0.0,,,
ROBOT_RELOC,,8,10,11,,4.854862130732286,,,
ROBOT_RELOC,,8,10,12,,2.387352996795276,,,
ROBOT_RELOC,,8,10,13,,12.286545755042418,,,
ROBOT_RELOC,,8,10,14,,6.27424924737534,,,
ROBOT_RELOC,,8,10,15,,14.606098403128838,,,
ROBOT_RELOC,,8,10,16,,10.642105788302604,,,
ROBOT_RELOC,,8,10,17,,8.625609305978035,,,
ROBOT_RELOC,,8,11,0,,9.173867033552966,,,
ROBOT_RELOC,,8,11,1,,14.19420059439797,,,
ROBOT_RELOC,,8,11,2,,8.547350957623433,,,
ROBOT_RELOC,,8,11,3,,14.030088288318613,,,
ROBOT_RELOC,,8,11,4,,10.612328958875073,,,
ROBOT_RELOC,,8,11,5,,14.341410586358789,,,
ROBOT_RELOC,,8,11,6,,15.01979527648567,,,
ROBOT_RELOC,,8,11,7,,14.526706031062833,,,
ROBOT_RELOC,,8,11,8,,8.142708430651243,,,
ROBOT_RELOC,,8,11,9,,13.209218014425108,,,
ROBOT_RELOC,,8,11,10,,2.970238064833752,,,
ROBOT_RELOC,,8,11,11,,0.0,,,
ROBOT_RELOC,,8,11,12,,2.990577512385863,,,
ROBOT_RELOC,,8,11,13,,13.353915460673704,,,
ROBOT_RELOC,,8,11,14,,9.846032436798065,,,
ROBOT_RELOC,,8,11,15,,11.819216368714219,,,
ROBOT_RELOC,,8,11,16,,14.47317466645398,,,
ROBOT_RELOC,,8,11,17,,9.18115911369402,,,
ROBOT_RELOC,,8,12,0,,14.481718639256115,,,
ROBOT_RELOC,,8,12,1,,6.917435607765327,,,
ROBOT_RELOC,,8,12,2,,6.448604731161984,,,
ROBOT_RELOC,,8,12,3,,8.766468607114213,,,
ROBOT_RELOC,,8,12,4,,13.296113066923269,,,
ROBOT_RELOC,,8,12,5,,13.483707588033361,,,
ROBOT_RELOC,,8,12,6,,9.643654259588027,,,
ROBOT_RELOC,,8,12,7,,6.054074882376037,,,
ROBOT_RELOC,,8,12,8,,13.779409671065412,,,
ROBOT_RELOC,,8,12,9,,12.925969291737701,,,
ROBOT_RELOC,,8,12,10,,3.270493591912214,,,
ROBOT_RELOC,,8,12,11,,3.9218162234092917,,,
ROBOT_RELOC,,8,12,12,,0.0,,,
ROBOT_RELOC,,8,12,13,,10.475967315747997,,,
ROBOT_RELOC,,8,12,14,,12.41909196224869,,,
ROBOT_RELOC,,8,12,15,,7.102641036043853,,,
ROBOT_RELOC,,8,12,16,,12.555506569544987,,,
ROBOT_RELOC,,8,12,17,,9.741563534534032,,,
ROBOT_RELOC,,8,13,0,,11.6530531494248,,,
ROBOT_RELOC,,8,13,1,,10.27425723035013,,,
ROBOT_RELOC,,8,13,2,,11.647804922643349,,,
ROBOT_RELOC,,8,13,3,,13.914614408396186,,,
ROBOT_RELOC,,8,13,4,,7.1466966971283785,,,
ROBOT_RELOC,,8,13,5,,9.751840034251826,,,
ROBOT_RELOC,,8,13,6,,10.507168438619692,,,
ROBOT_RELOC,,8,13,7,,13.792905296509614,,,
ROBOT_RELOC,,8,13,8,,14.35809780041834,,,
ROBOT_RELOC,,8,13,9,,12.147793155827246,,,
ROBOT_RELOC,,8,13,10,,7.607645225357622,,,
ROBOT_RELOC,,8,13,11,,9.185609542729527,,,
ROBOT_RELOC,,8,13,12,,15.235886228241293,,,
ROBOT_RELOC,,8,13,13,,0.0,,,
ROBOT_RELOC,,8,13,14,,3.503982224486224,,,
ROBOT_RELOC,,8,13,15,,7.83793914054108,,,
ROBOT_RELOC,,8,13,16,,6.72571077247501,,,
ROBOT_RELOC,,8,13,17,,9.250693530875314,,,
ROBOT_RELOC,,8,14,0,,6.208019085226895,,,
ROBOT_RELOC,,8,14,1,,15.45840972619513,,,
ROBOT_RELOC,,8,14,2,,14.27885621823491,,,
ROBOT_RELOC,,8,14,3,,15.118839508426257,,,
ROBOT_RELOC,,8,14,4,,13.426131107063473,,,
ROBOT_RELOC,,8,14,5,,7.3008042482222,,,
ROBOT_RELOC,,8,14,6,,9.738421439055404,,,
ROBOT_RELOC,,8,14,7,,14.325586159170262,,,
ROBOT_RELOC,,8,14,8,,11.213579977224066,,,
ROBOT_RELOC,,8,14,9,,13.95337591318183,,,
ROBOT_RELOC,,8,14,10,,9.92776955219762,,,
ROBOT_RELOC,,8,14,11,,12.833771370237022,,,
ROBOT_RELOC,,8,14,12,,15.81900410809805,,,
ROBOT_RELOC,,8,14,13,,2.716599884614921,,,
ROBOT_RELOC,,8,14,14,,0.0,,,
ROBOT_RELOC,,8,14,15,,15.631554050387967,,,
ROBOT_RELOC,,8,14,16,,7.480439417914946,,,
ROBOT_RELOC,,8,14,17,,12.589330757474528,,,
ROBOT_RELOC,,8,15,0,,13.494093109309262,,,
ROBOT_RELOC,,8,15,1,,8.338110481950682,,,
ROBOT_RELOC,,8,15,2,,8.210892381205388,,,
ROBOT_RELOC,,8,15,3,,7.3165926306469675,,,
ROBOT_RELOC,,8,15,4,,14.817351605181157,,,
ROBOT_RELOC,,8,15,5,,10.488495530963611,,,
ROBOT_RELOC,,8,15,6,,7.253610443369646,,,
ROBOT_RELOC,,8,15,7,,11.390196754167619,,,
ROBOT_RELOC,,8,15,8,,11.393763003898188,,,
ROBOT_RELOC,,8,15,9,,7.129371705201566,,,
ROBOT_RELOC,,8,15,10,,10.564293014545743,,,
ROBOT_RELOC,,8,15,11,,13.958580787050924,,,
ROBOT_RELOC,,8,15,12,,9.55116865326797,,,
ROBOT_RELOC,,8,15,13,,7.928656287316465,,,
ROBOT_RELOC,,8,15,14,,14.25658236606257,,,
ROBOT_RELOC,,8,15,15,,0.0,,,
ROBOT_RELOC,,8,15,16,,2.676334685979378,,,
ROBOT_RELOC,,8,15,17,,4.505879682694908,,,
ROBOT_RELOC,,8,16,0,,12.874770683962598,,,
ROBOT_RELOC,,8,16,1,,9.102212233059062,,,
ROBOT_RELOC,,8,16,2,,12.043400574665435,,,
ROBOT_RELOC,,8,16,3,,11.137291220476694,,,
ROBOT_RELOC,,8,16,4,,9.902889442389966,,,
ROBOT_RELOC,,8,16,5,,8.591174514673027,,,
ROBOT_RELOC,,8,16,6,,13.141567638700106,,,
ROBOT_RELOC,,8,16,7,,12.986866804642641,,,
ROBOT_RELOC,,8,16,8,,7.753561712040206,,,
ROBOT_RELOC,,8,16,9,,10.921481711432563,,,
ROBOT_RELOC,,8,16,10,,13.980073444930797,,,
ROBOT_RELOC,,8,16,11,,10.287340192028758,,,
ROBOT_RELOC,,8,16,12,,13.178910119432073,,,
ROBOT_RELOC,,8,16,13,,11.364057799947057,,,
ROBOT_RELOC,,8,16,14,,11.35524070429639,,,
ROBOT_RELOC,,8,16,15,,5.519363064421476,,,
ROBOT_RELOC,,8,16,16,,0.0,,,
ROBOT_RELOC,,8,16,17,,5.193038328665765,,,
ROBOT_RELOC,,8,17,0,,14.328893597076906,,,
ROBOT_RELOC,,8,17,1,,13.507657458313014,,,
ROBOT_RELOC,,8,17,2,,10.63043224190528,,,
ROBOT_RELOC,,8,17,3,,6.163042738078108,,,
ROBOT_RELOC,,8,17,4,,15.166873619266863,,,
ROBOT_RELOC,,8,17,5,,8.905437798941886,,,
ROBOT_RELOC,,8,17,6,,10.403956574166523,,,
ROBOT_RELOC,,8,17,7,,7.060117204923504,,,
ROBOT_RELOC,,8,17,8,,6.745141001921889,,,
ROBOT_RELOC,,8,17,9,,6.6936725919160995,,,
ROBOT_RELOC,,8,17,10,,10.739546177007089,,,
ROBOT_RELOC,,8,17,11,,6.1047756982493,,,
ROBOT_RELOC,,8,17,12,,12.138520208914867,,,
ROBOT_RELOC,,8,17,13,,7.941986668829756,,,
ROBOT_RELOC,,8,17,14,,7.263480350041842,,,
ROBOT_RELOC,,8,17,15,,2.801443430928908,,,
ROBOT_RELOC,,8,17,16,,4.143044015099614,,,
ROBOT_RELOC,,8,17,17,,0.0,,,
ROBOT_RELOC,,9,0,0,,0.0,,,
ROBOT_RELOC,,9,0,1,,2.142378141836809,,,
ROBOT_RELOC,,9,0,2,,6.851872957820187,,,
ROBOT_RELOC,,9,0,3,,8.297445454738813,,,
ROBOT_RELOC,,9,0,4,,9.312303387494147,,,
ROBOT_RELOC,,9,0,5,,6.446646604315334,,,
ROBOT_RELOC,,9,0,6,,7.158547854110228,,,
ROBOT_RELOC,,9,0,7,,11.810517650709016,,,
ROBOT_RELOC,,9,0,8,,8.131913195499607,,,
ROBOT_RELOC,,9,0,9,,9.348195931033803,,,
ROBOT_RELOC,,9,0,10,,14.688757652009349,,,
ROBOT_RELOC,,9,0,11,,9.124400972017199,,,
ROBOT_RELOC,,9,0,12,,13.050328435839461,,,
ROBOT_RELOC,,9,0,13,,15.14062079409144,,,
ROBOT_RELOC,,9,0,14,,14.409215210449364,,,
ROBOT_RELOC,,9,0,15,,12.517321201036044,,,
ROBOT_RELOC,,9,0,16,,15.118270788129315,,,
ROBOT_RELOC,,9,0,17,,11.678231886690082,,,
ROBOT_RELOC,,9,1,0,,3.111838117165683,,,
ROBOT_RELOC,,9,1,1,,0.0,,,
ROBOT_RELOC,,9,1,2,,6.977545980859407,,,
ROBOT_RELOC,,9,1,3,,14.215472394867064,,,
ROBOT_RELOC,,9,1,4,,10.699017879585025,,,
ROBOT_RELOC,,9,1,5,,7.422297889334572,,,
ROBOT_RELOC,,9,1,6,,10.514233905952576,,,
ROBOT_RELOC,,9,1,7,,6.21965407858869,,,
ROBOT_RELOC,,9,1,8,,11.972721751325166,,,
ROBOT_RELOC,,9,1,9,,10.057552806825214,,,
ROBOT_RELOC,,9,1,10,,12.575267746146881,,,
ROBOT_RELOC,,9,1,11,,10.56658277791228,,,
ROBOT_RELOC,,9,1,12,,14.147909567806972,,,
ROBOT_RELOC,,9,1,13,,12.189188109564302,,,
ROBOT_RELOC,,9,1,14,,13.79781859293563,,,
ROBOT_RELOC,,9,1,15,,15.04520035537227,,,
ROBOT_RELOC,,9,1,16,,6.951792275025037,,,
ROBOT_RELOC,,9,1,17,,8.15685675411192,,,
ROBOT_RELOC,,9,2,0,,15.066489925568078,,,
ROBOT_RELOC,,9,2,1,,12.177090153879945,,,
ROBOT_RELOC,,9,2,2,,0.0,,,
ROBOT_RELOC,,9,2,3,,8.938754119303312,,,
ROBOT_RELOC,,9,2,4,,6.677133867979974,,,
ROBOT_RELOC,,9,2,5,,9.502201353610108,,,
ROBOT_RELOC,,9,2,6,,6.586595908223173,,,
ROBOT_RELOC,,9,2,7,,11.180182641465617,,,
ROBOT_RELOC,,9,2,8,,13.983796540211314,,,
ROBOT_RELOC,,9,2,9,,11.391030653590272,,,
ROBOT_RELOC,,9,2,10,,13.471152219987385,,,
ROBOT_RELOC,,9,2,11,,12.407541678926876,,,
ROBOT_RELOC,,9,2,12,,14.896100155922868,,,
ROBOT_RELOC,,9,2,13,,13.160132934975492,,,
ROBOT_RELOC,,9,2,14,,13.217265608942528,,,
ROBOT_RELOC,,9,2,15,,11.314442210908915,,,
ROBOT_RELOC,,9,2,16,,11.45278906057154,,,
ROBOT_RELOC,,9,2,17,,13.809732637278088,,,
ROBOT_RELOC,,9,3,0,,14.330065675993852,,,
ROBOT_RELOC,,9,3,1,,14.924650635225774,,,
ROBOT_RELOC,,9,3,2,,8.499658757755393,,,
ROBOT_RELOC,,9,3,3,,0.0,,,
ROBOT_RELOC,,9,3,4,,4.531061554210753,,,
ROBOT_RELOC,,9,3,5,,3.7437394855600807,,,
ROBOT_RELOC,,9,3,6,,6.132337769452495,,,
ROBOT_RELOC,,9,3,7,,14.847788654246912,,,
ROBOT_RELOC,,9,3,8,,7.0781076721642,,,
ROBOT_RELOC,,9,3,9,,14.44811153968125,,,
ROBOT_RELOC,,9,3,10,,15.213127402270365,,,
ROBOT_RELOC,,9,3,11,,12.937798057643473,,,
ROBOT_RELOC,,9,3,12,,13.638761761143847,,,
ROBOT_RELOC,,9,3,13,,14.74329648538346,,,
ROBOT_RELOC,,9,3,14,,8.653584546456322,,,
ROBOT_RELOC,,9,3,15,,14.765939450337326,,,
ROBOT_RELOC,,9,3,16,,7.519645292370381,,,
ROBOT_RELOC,,9,3,17,,12.517153023535993,,,
ROBOT_RELOC,,9,4,0,,14.65251201537831,,,
ROBOT_RELOC,,9,4,1,,15.585519094151842,,,
ROBOT_RELOC,,9,4,2,,15.326136496965898,,,
ROBOT_RELOC,,9,4,3,,5.023748684644013,,,
ROBOT_RELOC,,9,4,4,,0.0,,,
ROBOT_RELOC,,9,4,5,,4.647090176413294,,,
ROBOT_RELOC,,9,4,6,,11.537684810056145,,,
ROBOT_RELOC,,9,4,7,,15.56236059243516,,,
ROBOT_RELOC,,9,4,8,,13.562597497387213,,,
ROBOT_RELOC,,9,4,9,,12.380192761024707,,,
ROBOT_RELOC,,9,4,10,,9.557688646955848,,,
ROBOT_RELOC,,9,4,11,,14.046855575764889,,,
ROBOT_RELOC,,9,4,12,,14.789991694917438,,,
ROBOT_RELOC,,9,4,13,,8.012336293341185,,,
ROBOT_RELOC,,9,4,14,,8.02474591840594,,,
ROBOT_RELOC,,9,4,15,,14.140578932013302,,,
ROBOT_RELOC,,9,4,16,,6.247801414574374,,,
ROBOT_RELOC,,9,4,17,,7.649760996343296,,,
ROBOT_RELOC,,9,5,0,,7.466223384200828,,,
ROBOT_RELOC,,9,5,1,,7.847506623094109,,,
ROBOT_RELOC,,9,5,2,,8.839469898552581,,,
ROBOT_RELOC,,9,5,3,,4.736510964809719,,,
ROBOT_RELOC,,9,5,4,,4.738023314280406,,,
ROBOT_RELOC,,9,5,5,,0.0,,,
ROBOT_RELOC,,9,5,6,,11.673736261792444,,,
ROBOT_RELOC,,9,5,7,,9.347671651587216,,,
ROBOT_RELOC,,9,5,8,,14.44386393891318,,,
ROBOT_RELOC,,9,5,9,,11.945430849560779,,,
ROBOT_RELOC,,9,5,10,,9.553225426978843,,,
ROBOT_RELOC,,9,5,11,,9.647473098716759,,,
ROBOT_RELOC,,9,5,12,,12.503973122274017,,,
ROBOT_RELOC,,9,5,13,,10.851452289711748,,,
ROBOT_RELOC,,9,5,14,,15.783255731355158,,,
ROBOT_RELOC,,9,5,15,,9.585379030091959,,,
ROBOT_RELOC,,9,5,16,,7.596023785788513,,,
ROBOT_RELOC,,9,5,17,,14.308639045883625,,,
ROBOT_RELOC,,9,6,0,,12.500737911293344,,,
ROBOT_RELOC,,9,6,1,,10.896049526479406,,,
ROBOT_RELOC,,9,6,2,,14.255608477843321,,,
ROBOT_RELOC,,9,6,3,,7.7054546071806325,,,
ROBOT_RELOC,,9,6,4,,8.94612653354152,,,
ROBOT_RELOC,,9,6,5,,12.086676531473671,,,
ROBOT_RELOC,,9,6,6,,0.0,,,
ROBOT_RELOC,,9,6,7,,12.888064567869758,,,
ROBOT_RELOC,,9,6,8,,14.076683581300765,,,
ROBOT_RELOC,,9,6,9,,9.416922329842478,,,
ROBOT_RELOC,,9,6,10,,9.907224528437794,,,
ROBOT_RELOC,,9,6,11,,8.22114051594524,,,
ROBOT_RELOC,,9,6,12,,13.681585889510863,,,
ROBOT_RELOC,,9,6,13,,12.014702198763635,,,
ROBOT_RELOC,,9,6,14,,13.221128654844565,,,
ROBOT_RELOC,,9,6,15,,13.664779673908413,,,
ROBOT_RELOC,,9,6,16,,12.557220100400132,,,
ROBOT_RELOC,,9,6,17,,13.414713524013422,,,
ROBOT_RELOC,,9,7,0,,8.396591944945701,,,
ROBOT_RELOC,,9,7,1,,10.606379815743217,,,
ROBOT_RELOC,,9,7,2,,14.337357684433501,,,
ROBOT_RELOC,,9,7,3,,15.194891206352349,,,
ROBOT_RELOC,,9,7,4,,15.617318556624433,,,
ROBOT_RELOC,,9,7,5,,15.521376303618155,,,
ROBOT_RELOC,,9,7,6,,9.62130933821004,,,
ROBOT_RELOC,,9,7,7,,0.0,,,
ROBOT_RELOC,,9,7,8,,5.638303538387532,,,
ROBOT_RELOC,,9,7,9,,2.7300109365755425,,,
ROBOT_RELOC,,9,7,10,,7.880056852270277,,,
ROBOT_RELOC,,9,7,11,,14.125465589566383,,,
ROBOT_RELOC,,9,7,12,,7.3149137331011,,,
ROBOT_RELOC,,9,7,13,,8.67117705637227,,,
ROBOT_RELOC,,9,7,14,,10.02346021483961,,,
ROBOT_RELOC,,9,7,15,,12.983800235457325,,,
ROBOT_RELOC,,9,7,16,,15.251267041598464,,,
ROBOT_RELOC,,9,7,17,,9.474176468305386,,,
ROBOT_RELOC,,9,8,0,,10.866140288519004,,,
ROBOT_RELOC,,9,8,1,,6.529959192766477,,,
ROBOT_RELOC,,9,8,2,,14.77750565611543,,,
ROBOT_RELOC,,9,8,3,,11.138945644910851,,,
ROBOT_RELOC,,9,8,4,,14.33496144012269,,,
ROBOT_RELOC,,9,8,5,,11.50086227317414,,,
ROBOT_RELOC,,9,8,6,,12.590628226229468,,,
ROBOT_RELOC,,9,8,7,,2.6871870420593087,,,
ROBOT_RELOC,,9,8,8,,0.0,,,
ROBOT_RELOC,,9,8,9,,5.0127239098236736,,,
ROBOT_RELOC,,9,8,10,,7.704251582407212,,,
ROBOT_RELOC,,9,8,11,,6.555732360598197,,,
ROBOT_RELOC,,9,8,12,,6.1225615451158655,,,
ROBOT_RELOC,,9,8,13,,15.290105215569616,,,
ROBOT_RELOC,,9,8,14,,7.359817020789262,,,
ROBOT_RELOC,,9,8,15,,15.816487290805394,,,
ROBOT_RELOC,,9,8,16,,10.030218704020616,,,
ROBOT_RELOC,,9,8,17,,9.280117802352857,,,
ROBOT_RELOC,,9,9,0,,13.88964589513035,,,
ROBOT_RELOC,,9,9,1,,12.852490646886983,,,
ROBOT_RELOC,,9,9,2,,7.971499415414981,,,
ROBOT_RELOC,,9,9,3,,9.440009790960659,,,
ROBOT_RELOC,,9,9,4,,9.251604847020117,,,
ROBOT_RELOC,,9,9,5,,13.902691563747197,,,
ROBOT_RELOC,,9,9,6,,9.283143603783918,,,
ROBOT_RELOC,,9,9,7,,5.102754369256013,,,
ROBOT_RELOC,,9,9,8,,4.88108153038309,,,
ROBOT_RELOC,,9,9,9,,0.0,,,
ROBOT_RELOC,,9,9,10,,15.191233965736199,,,
ROBOT_RELOC,,9,9,11,,12.472553659636205,,,
ROBOT_RELOC,,9,9,12,,13.456529764280074,,,
ROBOT_RELOC,,9,9,13,,10.075479233626332,,,
ROBOT_RELOC,,9,9,14,,10.385976569114632,,,
ROBOT_RELOC,,9,9,15,,15.050474047506276,,,
ROBOT_RELOC,,9,9,16,,13.364866810129087,,,
ROBOT_RELOC,,9,9,17,,9.437108434883424,,,
ROBOT_RELOC,,9,10,0,,7.293082031503411,,,
ROBOT_RELOC,,9,10,1,,9.630414151796693,,,
ROBOT_RELOC,,9,10,2,,11.103414130609847,,,
ROBOT_RELOC,,9,10,3,,14.512410980016657,,,
ROBOT_RELOC,,9,10,4,,11.896265010775497,,,
ROBOT_RELOC,,9,10,5,,12.326619506524011,,,
ROBOT_RELOC,,9,10,6,,15.543189382272994,,,
ROBOT_RELOC,,9,10,7,,10.364416304771623,,,
ROBOT_RELOC,,9,10,8,,13.075632300873906,,,
ROBOT_RELOC,,9,10,9,,15.40298102891523,,,
ROBOT_RELOC,,9,10,10,,0.0,,,
ROBOT_RELOC,,9,10,11,,3.9335715639973188,,,
ROBOT_RELOC,,9,10,12,,5.872999917370497,,,
ROBOT_RELOC,,9,10,13,,8.102191803988719,,,
ROBOT_RELOC,,9,10,14,,7.767634084989638,,,
ROBOT_RELOC,,9,10,15,,9.562245581071373,,,
ROBOT_RELOC,,9,10,16,,15.718994642878746,,,
ROBOT_RELOC,,9,10,17,,7.123101974030782,,,
ROBOT_RELOC,,9,11,0,,7.668762460284591,,,
ROBOT_RELOC,,9,11,1,,8.367645078050154,,,
ROBOT_RELOC,,9,11,2,,14.958695005448808,,,
ROBOT_RELOC,,9,11,3,,7.639561219331442,,,
ROBOT_RELOC,,9,11,4,,12.392627619632997,,,
ROBOT_RELOC,,9,11,5,,14.284807518220271,,,
ROBOT_RELOC,,9,11,6,,12.013317270279545,,,
ROBOT_RELOC,,9,11,7,,7.200404354647403,,,
ROBOT_RELOC,,9,11,8,,11.844181119352848,,,
ROBOT_RELOC,,9,11,9,,15.663785386745054,,,
ROBOT_RELOC,,9,11,10,,4.350930659409858,,,
ROBOT_RELOC,,9,11,11,,0.0,,,
ROBOT_RELOC,,9,11,12,,5.236311853439812,,,
ROBOT_RELOC,,9,11,13,,7.096169987544463,,,
ROBOT_RELOC,,9,11,14,,14.574239975210405,,,
ROBOT_RELOC,,9,11,15,,7.148325433394751,,,
ROBOT_RELOC,,9,11,16,,11.65695516758094,,,
ROBOT_RELOC,,9,11,17,,7.932110520451894,,,
ROBOT_RELOC,,9,12,0,,11.754901336628983,,,
ROBOT_RELOC,,9,12,1,,11.01835362673815,,,
ROBOT_RELOC,,9,12,2,,12.830542742390815,,,
ROBOT_RELOC,,9,12,3,,7.34461913453093,,,
ROBOT_RELOC,,9,12,4,,13.249395631673902,,,
ROBOT_RELOC,,9,12,5,,10.83322882310912,,,
ROBOT_RELOC,,9,12,6,,13.493635170571675,,,
ROBOT_RELOC,,9,12,7,,7.300016610500611,,,
ROBOT_RELOC,,9,12,8,,9.651726304019299,,,
ROBOT_RELOC,,9,12,9,,7.8729936973407435,,,
ROBOT_RELOC,,9,12,10,,2.9423153541466878,,,
ROBOT_RELOC,,9,12,11,,2.781342349414064,,,
ROBOT_RELOC,,9,12,12,,0.0,,,
ROBOT_RELOC,,9,12,13,,9.160726486667915,,,
ROBOT_RELOC,,9,12,14,,15.869058002703122,,,
ROBOT_RELOC,,9,12,15,,11.129616362605946,,,
ROBOT_RELOC,,9,12,16,,12.299864241666988,,,
ROBOT_RELOC,,9,12,17,,13.137205828616839,,,
ROBOT_RELOC,,9,13,0,,10.87963430097637,,,
ROBOT_RELOC,,9,13,1,,7.95827558907665,,,
ROBOT_RELOC,,9,13,2,,13.72395724956134,,,
ROBOT_RELOC,,9,13,3,,14.91578375683282,,,
ROBOT_RELOC,,9,13,4,,11.709321914059498,,,
ROBOT_RELOC,,9,13,5,,7.619032644986666,,,
ROBOT_RELOC,,9,13,6,,10.255465594936698,,,
ROBOT_RELOC,,9,13,7,,7.766412509255718,,,
ROBOT_RELOC,,9,13,8,,12.847052909250639,,,
ROBOT_RELOC,,9,13,9,,9.455276839731633,,,
ROBOT_RELOC,,9,13,10,,7.797127289689181,,,
ROBOT_RELOC,,9,13,11,,7.074322272438525,,,
ROBOT_RELOC,,9,13,12,,7.3526124482069495,,,
ROBOT_RELOC,,9,13,13,,0.0,,,
ROBOT_RELOC,,9,13,14,,3.271146503897404,,,
ROBOT_RELOC,,9,13,15,,7.185846380971901,,,
ROBOT_RELOC,,9,13,16,,6.486765625522112,,,
ROBOT_RELOC,,9,13,17,,11.44312345155383,,,
ROBOT_RELOC,,9,14,0,,12.642222943204214,,,
ROBOT_RELOC,,9,14,1,,6.053523874865134,,,
ROBOT_RELOC,,9,14,2,,15.939555783799713,,,
ROBOT_RELOC,,9,14,3,,14.17342914148466,,,
ROBOT_RELOC,,9,14,4,,14.269688909051457,,,
ROBOT_RELOC,,9,14,5,,7.482840463203647,,,
ROBOT_RELOC,,9,14,6,,8.956239817572826,,,
ROBOT_RELOC,,9,14,7,,8.48169644353067,,,
ROBOT_RELOC,,9,14,8,,8.20028427584651,,,
ROBOT_RELOC,,9,14,9,,14.886887266475851,,,
ROBOT_RELOC,,9,14,10,,8.824017293973277,,,
ROBOT_RELOC,,9,14,11,,10.370519116806996,,,
ROBOT_RELOC,,9,14,12,,9.184657573473068,,,
ROBOT_RELOC,,9,14,13,,3.5621385085644865,,,
ROBOT_RELOC,,9,14,14,,0.0,,,
ROBOT_RELOC,,9,14,15,,13.791682762776304,,,
ROBOT_RELOC,,9,14,16,,15.68085395206022,,,
ROBOT_RELOC,,9,14,17,,14.919681938397337,,,
ROBOT_RELOC,,9,15,0,,10.392193081398876,,,
ROBOT_RELOC,,9,15,1,,9.780470924818573,,,
ROBOT_RELOC,,9,15,2,,10.872855490672114,,,
ROBOT_RELOC,,9,15,3,,7.717691251938809,,,
ROBOT_RELOC,,9,15,4,,10.90591958400589,,,
ROBOT_RELOC,,9,15,5,,7.506814521809886,,,
ROBOT_RELOC,,9,15,6,,10.159782684999497,,,
ROBOT_RELOC,,9,15,7,,13.640256414064517,,,
ROBOT_RELOC,,9,15,8,,11.565330357567035,,,
ROBOT_RELOC,,9,15,9,,15.76840439229638,,,
ROBOT_RELOC,,9,15,10,,14.343877182064857,,,
ROBOT_RELOC,,9,15,11,,12.308864262895089,,,
ROBOT_RELOC,,9,15,12,,15.837358549540912,,,
ROBOT_RELOC,,9,15,13,,12.501127388169829,,,
ROBOT_RELOC,,9,15,14,,11.986779117217623,,,
ROBOT_RELOC,,9,15,15,,0.0,,,
ROBOT_RELOC,,9,15,16,,3.165004484217516,,,
ROBOT_RELOC,,9,15,17,,5.461865261124766,,,
ROBOT_RELOC,,9,16,0,,13.940688046699796,,,
ROBOT_RELOC,,9,16,1,,12.27834981327375,,,
ROBOT_RELOC,,9,16,2,,9.51770410882726,,,
ROBOT_RELOC,,9,16,3,,14.811335946505267,,,
ROBOT_RELOC,,9,16,4,,8.780082744922208,,,
ROBOT_RELOC,,9,16,5,,7.228362642678339,,,
ROBOT_RELOC,,9,16,6,,9.60782992052592,,,
ROBOT_RELOC,,9,16,7,,9.856492995017478,,,
ROBOT_RELOC,,9,16,8,,15.647328138095176,,,
ROBOT_RELOC,,9,16,9,,6.294122221263895,,,
ROBOT_RELOC,,9,16,10,,11.595627617126926,,,
ROBOT_RELOC,,9,16,11,,8.187743913880686,,,
ROBOT_RELOC,,9,16,12,,9.527117893889168,,,
ROBOT_RELOC,,9,16,13,,14.142596309001126,,,
ROBOT_RELOC,,9,16,14,,12.869398347496887,,,
ROBOT_RELOC,,9,16,15,,5.293212215184608,,,
ROBOT_RELOC,,9,16,16,,0.0,,,
ROBOT_RELOC,,9,16,17,,5.969110341555107,,,
ROBOT_RELOC,,9,17,0,,13.002739443877871,,,
ROBOT_RELOC,,9,17,1,,13.092466828447069,,,
ROBOT_RELOC,,9,17,2,,14.117267034449084,,,
ROBOT_RELOC,,9,17,3,,6.920401923814929,,,
ROBOT_RELOC,,9,17,4,,12.436966801266045,,,
ROBOT_RELOC,,9,17,5,,8.749330040679803,,,
ROBOT_RELOC,,9,17,6,,6.417343155808432,,,
ROBOT_RELOC,,9,17,7,,15.173240249986168,,,
ROBOT_RELOC,,9,17,8,,11.428477286420014,,,
ROBOT_RELOC,,9,17,9,,14.401357719946244,,,
ROBOT_RELOC,,9,17,10,,11.144531835380612,,,
ROBOT_RELOC,,9,17,11,,9.112455902485907,,,
ROBOT_RELOC,,9,17,12,,9.252447299988994,,,
ROBOT_RELOC,,9,17,13,,12.345122043721213,,,
ROBOT_RELOC,,9,17,14,,10.897633448540413,,,
ROBOT_RELOC,,9,17,15,,5.744962990227933,,,
ROBOT_RELOC,,9,17,16,,4.103672583963041,,,
ROBOT_RELOC,,9,17,17,,0.0,,,
INITIAL_WORKER,,0,2,,,,,,
INITIAL_WORKER,,1,0,,,,,,
INITIAL_WORKER,,2,10,,,,,,
INITIAL_WORKER,,3,17,,,,,,
INITIAL_WORKER,,4,6,,,,,,
INITIAL_WORKER,,5,13,,,,,,
INITIAL_WORKER,,6,16,,,,,,
INITIAL_WORKER,,7,9,,,,,,
INITIAL_WORKER,,8,14,,,,,,
INITIAL_WORKER,,9,7,,,,,,
INITIAL_WORKER,,10,1,,,,,,
INITIAL_WORKER,,11,15,,,,,,
INITIAL_ROBOT,,0,15,,,,,,
INITIAL_ROBOT,,1,7,,,,,,
INITIAL_ROBOT,,2,1,,,,,,
INITIAL_ROBOT,,3,17,,,,,,
INITIAL_ROBOT,,4,8,,,,,,
INITIAL_ROBOT,,5,11,,,,,,
INITIAL_ROBOT,,6,4,,,,,,
INITIAL_ROBOT,,7,12,,,,,,
INITIAL_ROBOT,,8,2,,,,,,
INITIAL_ROBOT,,9,3,,,,,,
ORDER,,0,5,2,,0.0,128.07480978998012,,
ORDER,,1,0,2,,0.038029433847670616,171.26010822957872,,
ORDER,,2,0,1,,1.576947213925152,189.83735451464605,,
ORDER,,3,5,1,,4.837653896743664,118.85978242125823,,
ORDER,,4,5,4,,5.553995973967957,135.50967844001735,,
ORDER,,5,4,1,,9.050860032399324,149.79559566847124,,
ORDER,,6,4,1,,9.079569783317009,151.99248525709,,
ORDER,,7,1,4,,12.719104000231713,148.76030729488383,,
ORDER,,8,6,1,,13.4702421766579,146.66714614244367,,
ORDER,,9,4,1,,23.56005446441278,172.60079617097387,,
ORDER,,10,1,2,,24.801537450513386,149.8015572311509,,
ORDER,,11,7,1,,29.417715720353044,135.53562713053017,,
ORDER,,12,2,1,,31.31727036623067,160.89284321679932,,
ORDER,,13,6,1,,33.92255755811382,169.07408218012887,,
ORDER,,14,0,1,,41.33122736291357,209.88296980286532,,
ORDER,,15,2,2,,44.958478186905474,176.76127617764385,,
ORDER,,16,3,1,,52.99977077713621,178.15810561331307,,
ORDER,,17,1,1,,60.5357698789508,187.42970661056395,,
ORDER,,18,2,4,,60.72221316480202,208.44645487168242,,
ORDER,,19,2,2,,66.44635090588562,206.9603198799295,,
ORDER,,20,6,2,,70.13967700629851,192.9068730860845,,
ORDER,,21,6,1,,75.43081138555486,219.4843686692928,,
ORDER,,22,6,1,,76.46120799105051,205.72354070666913,,
ORDER,,23,5,2,,79.60977192813435,195.91529111997016,,
ORDER,,24,0,1,,81.41814991438925,251.26361053367066,,
ORDER,,25,0,1,,88.53522552928152,270.6198952692122,,
ORDER,,26,3,1,,93.93386738564624,218.60351871047595,,
ORDER,,27,1,2,,103.01051884998327,230.41023685600766,,
ORDER,,28,5,1,,109.49873732263045,242.81246212231224,,
ORDER,,29,6,4,,110.02156282478757,248.3297157908854,,
ORDER,,30,7,1,,111.57078414509516,219.46997854021652,,
ORDER,,31,6,1,,111.64553147228965,234.41150670883871,,
ORDER,,32,0,2,,112.49525420552575,273.14778747471337,,
ORDER,,33,6,1,,113.20771321820784,237.05868971164045,,
ORDER,,34,7,1,,114.43941572495237,226.3913895146639,,
ORDER,,35,3,2,,116.7800525464875,244.1306027065628,,
ORDER,,36,1,1,,121.13056538496375,264.4360108532946,,
ORDER,,37,6,1,,121.96085506639186,249.87539190565388,,
ORDER,,38,5,2,,122.22224050092754,252.51747727202314,,
ORDER,,39,4,1,,123.27109669025702,271.7552662315342,,
ORDER,,40,1,1,,133.44868801619464,268.89128768934455,,
ORDER,,41,0,1,,140.87495506635418,323.35623252329515,,
ORDER,,42,2,2,,141.09957895928736,272.70420192764186,,
ORDER,,43,0,1,,145.25411761040155,309.2954568926416,,
ORDER,,44,6,2,,147.1689936699879,282.44860188529924,,
ORDER,,45,5,1,,149.06364982868558,269.39595943679205,,
ORDER,,46,2,4,,149.1119033866869,289.9283627558725,,
ORDER,,47,3,1,,152.0444689242613,270.7141103516225,,
ORDER,,48,2,1,,159.47317857428445,291.86196710802363,,
ORDER,,49,5,1,,167.9265607012362,303.0653632975187,,
ORDER,,50,0,2,,169.63550790561507,328.4795264289146,,
ORDER,,51,5,1,,170.7611907596445,295.4794486696569,,
ORDER,,52,0,1,,174.88522579314485,341.6033692476366,,
ORDER,,53,4,2,,179.20774026861542,335.02461531862104,,
ORDER,,54,2,1,,185.34025871922077,320.90566359676075,,
ORDER,,55,0,1,,192.17631596062284,377.90040219918,,
ORDER,,56,7,2,,194.05193129541314,322.9592769097577,,
ORDER,,57,0,1,,198.22339057794545,376.66984407294905,,
ORDER,,58,2,1,,203.621483552301,326.89718793586894,,
ORDER,,59,3,2,,204.75527031936005,339.017547708811,,
ORDER,,60,5,1,,207.3070885899402,330.70375278969095,,
ORDER,,61,7,1,,208.57659776076048,330.0913353885476,,
ORDER,,62,2,1,,209.7886220911405,339.68341815212443,,
ORDER,,63,4,2,,215.41111133570982,353.5638081233206,,
ORDER,,64,0,4,,215.83548432842392,385.1919066994442,,
ORDER,,65,5,1,,217.3411528016613,353.791106212313,,
ORDER,,66,2,1,,217.90459964754302,344.4054491896944,,
ORDER,,67,3,2,,218.37847175881265,341.22641941694803,,
ORDER,,68,3,1,,220.72769962631006,339.53224106038255,,
ORDER,,69,0,1,,224.08807348442207,412.3100208325835,,
ORDER,,70,3,4,,232.0191305937013,356.3090931572,,
ORDER,,71,7,1,,233.91034799984564,356.558055014592,,
ORDER,,72,0,2,,234.37480378521502,421.78834060611666,,
ORDER,,73,5,1,,236.1651187775171,349.17536517295207,,
ORDER,,74,0,4,,239.12764111132563,421.52742246371724,,
ORDER,,75,6,2,,240.19783275753775,384.33145872953924,,
ORDER,,76,0,2,,254.60030745499884,413.0476209681606,,
ORDER,,77,5,1,,265.74208219493505,380.2414901793053,,
ORDER,,78,7,2,,281.9677310629638,411.10363757492325,,
ORDER,,79,2,1,,285.10873358084683,420.89722686970424,,
ORDER,,80,4,1,,289.7354200493212,449.3836089518962,,
ORDER,,81,7,1,,294.3039540507966,413.35809072644884,,
ORDER,,82,4,2,,301.3143593342215,442.29025356605405,,
ORDER,,83,4,1,,301.88399193000004,467.6790869496248,,
ORDER,,84,3,1,,302.7803306513922,436.65596742327864,,
ORDER,,85,6,1,,308.1932066211589,455.8895189478839,,
ORDER,,86,4,4,,314.94970547895247,466.0912515652955,,
ORDER,,87,4,1,,315.39237046128386,464.81019862214305,,
ORDER,,88,2,2,,318.28435906137656,445.82406506891607,,
ORDER,,89,2,4,,319.0213890820929,445.59050671700317,,
ORDER,,90,1,2,,320.0091615672604,472.8485256912969,,
ORDER,,91,2,1,,323.7498776105026,459.4691390517761,,
ORDER,,92,5,1,,324.2220012308029,454.99013763673577,,
ORDER,,93,3,1,,329.1137260825403,449.45066280759124,,
ORDER,,94,1,1,,333.44779821821413,470.1221925878805,,
ORDER,,95,7,2,,338.4300505353842,458.9433660584838,,
ORDER,,96,2,1,,341.2430064122472,476.02160554604404,,
ORDER,,97,4,1,,344.04070050763926,508.1431451474425,,
ORDER,,98,5,1,,351.26992064398274,464.90468061375094,,
ORDER,,99,6,1,,356.18170422110063,484.12582709106545,,
ORDER,,100,7,2,,356.97680048554804,473.6566417117021,,
ORDER,,101,2,1,,358.91098955792773,508.0489464984628,,
ORDER,,102,3,1,,364.24363451575465,492.91213479220374,,
ORDER,,103,3,1,,365.90774102348337,497.9412716898174,,
ORDER,,104,0,1,,369.13407546046517,550.6030964221227,,
ORDER,,105,0,1,,374.9848735738875,544.9138221540018,,
ORDER,,106,7,2,,381.5260928953106,507.84890539448907,,
ORDER,,107,1,1,,385.8504243330711,532.8127484053269,,
ORDER,,108,4,1,,391.2819839319106,534.8715378777847,,
ORDER,,109,0,1,,394.64300076727125,576.588628365733,,
ORDER,,110,5,2,,403.3776669328622,535.2445028189024,,
ORDER,,111,1,2,,410.01360795781983,560.2387715499915,,
ORDER,,112,5,1,,412.62135798494324,527.1704378492575,,
ORDER,,113,4,1,,418.2950099602553,583.5153534713613,,
ORDER,,114,7,1,,427.21428917568875,552.0726377648849,,
ORDER,,115,4,1,,427.29014752874264,571.016174837176,,
ORDER,,116,2,2,,437.5697487232309,565.3345649956457,,
ORDER,,117,1,1,,437.7187503549605,581.0633482225029,,
ORDER,,118,3,1,,440.0256542707169,574.3624945027274,,
ORDER,,119,5,2,,440.74840614126896,565.2093069477743,,
ORDER,,120,1,1,,445.37123076884654,597.0633162107829,,
ORDER,,121,2,1,,452.79971926405324,589.1285919696936,,
ORDER,,122,4,1,,453.9409133902524,616.5786826006379,,
ORDER,,123,7,1,,454.73801083027456,584.6169707657906,,
ORDER,,124,2,2,,455.92909007180236,583.846716523039,,
ORDER,,125,6,1,,461.89781443971674,586.9262517784848,,
ORDER,,126,5,2,,465.96232175165807,601.2452209811224,,
ORDER,,127,7,2,,466.24999116563174,594.4612888142567,,
ORDER,,128,5,1,,472.3955869969487,609.1556018076278,,
ORDER,,129,1,1,,474.8693717772149,619.5127831486608,,
ORDER,,130,1,1,,475.4499493665123,610.7687501178151,,
ORDER,,131,0,1,,477.25448800363984,672.3302198653428,,
ORDER,,132,7,1,,483.4696202718125,592.0391145344956,,
ORDER,,133,4,1,,487.40636735151594,633.7786280742819,,
ORDER,,134,1,1,,487.9497619163659,613.0165661338167,,
ORDER,,135,7,1,,497.6625415234307,615.9557055692135,,
ORDER,,136,1,1,,502.12330654383885,643.2205386145426,,
ORDER,,137,1,2,,505.75307149492437,653.677716098971,,
ORDER,,138,3,2,,507.9539060892196,646.532250500261,,
ORDER,,139,2,1,,517.2424945279528,658.522649681915,,
ORDER,,140,0,1,,517.9418303239303,681.5435547430657,,
ORDER,,141,6,4,,521.1861993475919,642.4590626016025,,
ORDER,,142,2,2,,524.2493057341054,657.0231337126929,,
ORDER,,143,1,2,,526.1763598300319,669.3332759406504,,
ORDER,,144,3,2,,528.4758676409817,665.7693324103602,,
ORDER,,145,4,1,,538.0570362587298,695.5516783839912,,
ORDER,,146,5,1,,542.5951583019515,658.9359223554748,,
ORDER,,147,2,1,,544.8054757300549,676.5129449640715,,
ORDER,,148,0,1,,545.8794287598224,739.1313559556405,,
ORDER,,149,0,2,,549.7048409591415,715.8922142233973,,
ORDER,,150,6,1,,557.1831383876499,695.0530462786598,,
ORDER,,151,3,2,,558.2078845953955,684.1821989780149,,
ORDER,,152,6,1,,564.5930134585559,711.1940137590032,,
ORDER,,153,2,2,,565.7092253835438,691.5628722520144,,
ORDER,,154,2,1,,575.5809660630144,707.7804481346072,,
ORDER,,155,6,2,,578.5328850965004,700.6216965970187,,
ORDER,,156,7,1,,579.3075738395905,707.5708460552426,,
ORDER,,157,4,2,,581.7482235810025,740.5974478074827,,
ORDER,,158,2,1,,583.8737661889859,715.872428121276,,
ORDER,,159,7,1,,588.5420478611725,699.7147790099356,,
