record_type,key,i,j,k,l,value,value2,value3,text
META,instance_id,,,,,,,,"""sensitivity_L_12_08_06_90_D5_rho080_medium_000_rm1.5_wsd090_rcd050"""
META,scale,,,,,,,,"""L"""
META,scenario,,,,,,,,"""D5"""
META,generation_seed,,,,,,,,3520986943
META,target_load_ratio,,,,,,,,0.8
META,due_tightness,,,,,,,,"""medium"""
META,worker_skill_density,,,,,,,,0.9
META,robot_capability_density,,,,,,,,0.5
META,relocation_multiplier,,,,,,,,1.5
META,num_stages,,,,,,,,8
META,generation_meta,,,,,,,,"{""paper_vs_implementation"":{""paper_specified"":[""scale ranges"",""70-100% route coverage"",""processing/efficiency/synergy distributions"",""skill/capability density choices"",""D1-D5 qualitative scenario definitions"",""load-ratio choices"",""weight distribution"",""due-date-factor ranges"",""relocation-time ranges"",""load-balance initial configuration with random perturbation""],""implementation_choices"":{""arrival_rate_calibration"":""work_content_over_effective_parallel_servers"",""same_stage_cells_are_adjacent"":true,""initial_configuration_perturbation_rate"":0.15,""scenario_timing_basis"":""order_index_fraction"",""base_product_mix"":""uniform""}},""base_arrival_rate_orders_per_minute"":0.1361232370612191,""effective_parallel_servers_for_load_calibration"":12,""mean_minimum_route_work_minutes"":70.5243293302125,""actual_hr_compatibility_rate_parameter"":0.9095697634372497,""actual_worker_skill_density"":0.890625,""actual_robot_capability_density"":0.4791666666666667,""instance_parameter_table"":{""scale"":""L"",""M"":12,""S"":8,""R"":6,""J"":90,""H"":8,""V"":6,""parameter_case_id"":""L_12_08_06_90""},""parameter_case_id"":""L_12_08_06_90"",""dimensions"":{""S"":8,""M"":12,""J"":90,""H"":8,""R"":6,""V"":6},""scenario_parameters"":{""timing_basis"":""order_index_fraction"",""base_product_mix"":""uniform"",""d2_sampled_burst_multiplier"":null,""d2_burst_window"":[0.4,0.7],""d3_mix_switch_ratio"":0.5,""d3_dominant_product_sequence"":[0,1],""d4_change_ratios"":[0.33,0.67],""d4_arrival_rate_multipliers"":[1.0,1.75,1.25],""d4_dominant_product_sequence"":[0,1,2],""d5_urgent_index_window"":[40,49],""d5_urgent_arrival_rate_multiplier"":3.0,""d5_urgent_dominant_product"":1,""dominant_product_share"":0.7},""route_stage_coverage"":[0.7,1.0],""min_multi_cell_stage_ratio"":0.3}"
CELL,,0,0,,,,,,
CELL,,1,1,,,,,,
CELL,,2,1,,,,,,
CELL,,3,2,,,,,,
CELL,,4,3,,,,,,
CELL,,5,3,,,,,,
CELL,,6,4,,,,,,
CELL,,7,4,,,,,,
CELL,,8,5,,,,,,
CELL,,9,5,,,,,,
CELL,,10,6,,,,,,
CELL,,11,7,,,,,,
ROUTE,,0,0,0,,,,,
ROUTE,,0,1,1,,,,,
ROUTE,,0,2,2,,,,,
ROUTE,,0,3,3,,,,,
ROUTE,,0,4,4,,,,,
ROUTE,,0,5,5,,,,,
ROUTE,,0,6,6,,,,,
ROUTE,,1,0,0,,,,,
ROUTE,,1,1,1,,,,,
ROUTE,,1,2,2,,,,,
ROUTE,,1,3,3,,,,,
ROUTE,,1,4,4,,,,,
ROUTE,,1,5,6,,,,,
ROUTE,,1,6,7,,,,,
ROUTE,,2,0,0,,,,,
ROUTE,,2,1,1,,,,,
ROUTE,,2,2,2,,,,,
ROUTE,,2,3,3,,,,,
ROUTE,,2,4,4,,,,,
ROUTE,,2,5,6,,,,,
ROUTE,,2,6,7,,,,,
ROUTE,,3,0,0,,,,,
ROUTE,,3,1,1,,,,,
ROUTE,,3,2,2,,,,,
ROUTE,,3,3,3,,,,,
ROUTE,,3,4,4,,,,,
ROUTE,,3,5,5,,,,,
ROUTE,,3,6,6,,,,,
ROUTE,,3,7,7,,,,,
ROUTE,,4,0,0,,,,,
ROUTE,,4,1,1,,,,,
ROUTE,,4,2,2,,,,,
ROUTE,,4,3,3,,,,,
ROUTE,,4,4,4,,,,,
ROUTE,,4,5,5,,,,,
ROUTE,,4,6,6,,,,,
ROUTE,,4,7,7,,,,,
ROUTE,,5,0,0,,,,,
ROUTE,,5,1,1,,,,,
ROUTE,,5,2,2,,,,,
ROUTE,,5,3,4,,,,,
ROUTE,,5,4,5,,,,,
ROUTE,,5,5,7,,,,,
BASE_PROCESS,,0,0,,,8.173920841840008,,,
BASE_PROCESS,,0,1,,,18.49148810681639,,,
BASE_PROCESS,,0,2,,,24.22262241387031,,,
BASE_PROCESS,,0,3,,,9.710076841931828,,,
BASE_PROCESS,,0,4,,,8.940544082228667,,,
BASE_PROCESS,,0,5,,,20.430311953309356,,,
BASE_PROCESS,,0,6,,,18.756420837415796,,,
BASE_PROCESS,,0,7,,,19.940554937620533,,,
BASE_PROCESS,,1,0,,,8.409129364461549,,,
BASE_PROCESS,,1,1,,,10.270347938825338,,,
BASE_PROCESS,,1,2,,,10.292132435056772,,,
BASE_PROCESS,,1,3,,,12.007489685562518,,,
BASE_PROCESS,,1,4,,,18.116773821609485,,,
BASE_PROCESS,,1,5,,,11.373205528946599,,,
BASE_PROCESS,,1,6,,,14.268962440881376,,,
BASE_PROCESS,,1,7,,,18.845178794189053,,,
BASE_PROCESS,,2,0,,,24.848854877497377,,,
BASE_PROCESS,,2,1,,,18.907763102620883,,,
BASE_PROCESS,,2,2,,,15.56162533899847,,,
BASE_PROCESS,,2,3,,,23.646768332061434,,,
BASE_PROCESS,,2,4,,,17.69058687330533,,,
BASE_PROCESS,,2,5,,,15.886849060569324,,,
BASE_PROCESS,,2,6,,,19.541164767317092,,,
BASE_PROCESS,,2,7,,,13.979190709862166,,,
BASE_PROCESS,,3,0,,,18.53169533050682,,,
BASE_PROCESS,,3,1,,,19.900018310415412,,,
BASE_PROCESS,,3,2,,,21.860281691075993,,,
BASE_PROCESS,,3,3,,,22.416145974721047,,,
BASE_PROCESS,,3,4,,,23.321347216227416,,,
BASE_PROCESS,,3,5,,,20.644569946422482,,,
BASE_PROCESS,,3,6,,,22.811384870136322,,,
BASE_PROCESS,,3,7,,,10.716404475804785,,,
BASE_PROCESS,,4,0,,,8.966120649027388,,,
BASE_PROCESS,,4,1,,,22.300708295902286,,,
BASE_PROCESS,,4,2,,,19.449517035986783,,,
BASE_PROCESS,,4,3,,,24.225818937379785,,,
BASE_PROCESS,,4,4,,,14.5548275993517,,,
BASE_PROCESS,,4,5,,,9.121754522264753,,,
BASE_PROCESS,,4,6,,,8.045607392644316,,,
BASE_PROCESS,,4,7,,,14.323836210981552,,,
BASE_PROCESS,,5,0,,,15.726612604551374,,,
BASE_PROCESS,,5,1,,,17.684684018084674,,,
BASE_PROCESS,,5,2,,,24.935632342631234,,,
BASE_PROCESS,,5,3,,,14.460394298674741,,,
BASE_PROCESS,,5,4,,,21.039026394450097,,,
BASE_PROCESS,,5,5,,,12.933230422154358,,,
BASE_PROCESS,,5,6,,,13.957762724550626,,,
BASE_PROCESS,,5,7,,,19.416471900849224,,,
WORKER_SKILL,,0,0,,,1,,,
WORKER_SKILL,,0,1,,,1,,,
WORKER_SKILL,,0,2,,,1,,,
WORKER_SKILL,,0,3,,,1,,,
WORKER_SKILL,,0,4,,,1,,,
WORKER_SKILL,,0,5,,,1,,,
WORKER_SKILL,,0,6,,,1,,,
WORKER_SKILL,,0,7,,,1,,,
WORKER_SKILL,,1,0,,,1,,,
WORKER_SKILL,,1,1,,,1,,,
WORKER_SKILL,,1,2,,,1,,,
WORKER_SKILL,,1,3,,,0,,,
WORKER_SKILL,,1,4,,,1,,,
WORKER_SKILL,,1,5,,,1,,,
WORKER_SKILL,,1,6,,,1,,,
WORKER_SKILL,,1,7,,,1,,,
WORKER_SKILL,,2,0,,,1,,,
WORKER_SKILL,,2,1,,,1,,,
WORKER_SKILL,,2,2,,,1,,,
WORKER_SKILL,,2,3,,,1,,,
WORKER_SKILL,,2,4,,,1,,,
WORKER_SKILL,,2,5,,,1,,,
WORKER_SKILL,,2,6,,,0,,,
WORKER_SKILL,,2,7,,,0,,,
WORKER_SKILL,,3,0,,,1,,,
WORKER_SKILL,,3,1,,,1,,,
WORKER_SKILL,,3,2,,,1,,,
WORKER_SKILL,,3,3,,,1,,,
WORKER_SKILL,,3,4,,,1,,,
WORKER_SKILL,,3,5,,,1,,,
WORKER_SKILL,,3,6,,,1,,,
WORKER_SKILL,,3,7,,,1,,,
WORKER_SKILL,,4,0,,,1,,,
WORKER_SKILL,,4,1,,,1,,,
WORKER_SKILL,,4,2,,,1,,,
WORKER_SKILL,,4,3,,,1,,,
WORKER_SKILL,,4,4,,,0,,,
WORKER_SKILL,,4,5,,,1,,,
WORKER_SKILL,,4,6,,,0,,,
WORKER_SKILL,,4,7,,,1,,,
WORKER_SKILL,,5,0,,,1,,,
WORKER_SKILL,,5,1,,,1,,,
WORKER_SKILL,,5,2,,,1,,,
WORKER_SKILL,,5,3,,,1,,,
WORKER_SKILL,,5,4,,,1,,,
WORKER_SKILL,,5,5,,,1,,,
WORKER_SKILL,,5,6,,,0,,,
WORKER_SKILL,,5,7,,,1,,,
WORKER_SKILL,,6,0,,,1,,,
WORKER_SKILL,,6,1,,,1,,,
WORKER_SKILL,,6,2,,,1,,,
WORKER_SKILL,,6,3,,,1,,,
WORKER_SKILL,,6,4,,,1,,,
WORKER_SKILL,,6,5,,,0,,,
WORKER_SKILL,,6,6,,,1,,,
WORKER_SKILL,,6,7,,,1,,,
WORKER_SKILL,,7,0,,,1,,,
WORKER_SKILL,,7,1,,,1,,,
WORKER_SKILL,,7,2,,,1,,,
WORKER_SKILL,,7,3,,,1,,,
WORKER_SKILL,,7,4,,,1,,,
WORKER_SKILL,,7,5,,,1,,,
WORKER_SKILL,,7,6,,,1,,,
WORKER_SKILL,,7,7,,,1,,,
WORKER_EFF,,0,0,,,1.1114312341095167,,,
WORKER_EFF,,0,1,,,0.90379730525554,,,
WORKER_EFF,,0,2,,,0.8559466345527484,,,
WORKER_EFF,,0,3,,,0.8041916117008651,,,
WORKER_EFF,,0,4,,,0.9166005396042263,,,
WORKER_EFF,,0,5,,,1.1722697811926537,,,
WORKER_EFF,,0,6,,,1.1826346655529156,,,
WORKER_EFF,,0,7,,,1.1896916557795914,,,
WORKER_EFF,,1,0,,,0.90364306069906,,,
WORKER_EFF,,1,1,,,1.1614644424403786,,,
WORKER_EFF,,1,2,,,0.8655817953109741,,,
WORKER_EFF,,1,3,,,0.9036264503692265,,,
WORKER_EFF,,1,4,,,0.9090610242987258,,,
WORKER_EFF,,1,5,,,1.129443365222228,,,
WORKER_EFF,,1,6,,,1.058058705385052,,,
WORKER_EFF,,1,7,,,1.0454466439822367,,,
WORKER_EFF,,2,0,,,1.0609053263425805,,,
WORKER_EFF,,2,1,,,1.1264040745149266,,,
WORKER_EFF,,2,2,,,1.070470097510873,,,
WORKER_EFF,,2,3,,,1.1105141217150227,,,
WORKER_EFF,,2,4,,,0.8952457056160983,,,
WORKER_EFF,,2,5,,,1.0770833531387152,,,
WORKER_EFF,,2,6,,,1.103749220437875,,,
WORKER_EFF,,2,7,,,0.9702396529365093,,,
WORKER_EFF,,3,0,,,1.1280782240893654,,,
WORKER_EFF,,3,1,,,1.0425031882818527,,,
WORKER_EFF,,3,2,,,0.9135453619961614,,,
WORKER_EFF,,3,3,,,0.8988747011092977,,,
WORKER_EFF,,3,4,,,1.0628145279337224,,,
WORKER_EFF,,3,5,,,0.987915862800251,,,
WORKER_EFF,,3,6,,,1.1218877145808488,,,
WORKER_EFF,,3,7,,,0.822671217382992,,,
WORKER_EFF,,4,0,,,1.0508769376761036,,,
WORKER_EFF,,4,1,,,0.8750593969346867,,,
WORKER_EFF,,4,2,,,0.8349474399088985,,,
WORKER_EFF,,4,3,,,0.8786397859508707,,,
WORKER_EFF,,4,4,,,1.0116399489100683,,,
WORKER_EFF,,4,5,,,0.9426925000699544,,,
WORKER_EFF,,4,6,,,0.9368828297155488,,,
WORKER_EFF,,4,7,,,1.1023084033772053,,,
WORKER_EFF,,5,0,,,1.0429796867892636,,,
WORKER_EFF,,5,1,,,0.9573016477580458,,,
WORKER_EFF,,5,2,,,1.1377562777446601,,,
WORKER_EFF,,5,3,,,0.9467761543332027,,,
WORKER_EFF,,5,4,,,0.9848270949077053,,,
WORKER_EFF,,5,5,,,0.825052210965058,,,
WORKER_EFF,,5,6,,,0.8279403257273327,,,
WORKER_EFF,,5,7,,,1.1121686605594823,,,
WORKER_EFF,,6,0,,,1.0407142908327198,,,
WORKER_EFF,,6,1,,,0.867347990487673,,,
WORKER_EFF,,6,2,,,0.9353014572736162,,,
WORKER_EFF,,6,3,,,1.0433166470468076,,,
WORKER_EFF,,6,4,,,1.1265200094580334,,,
WORKER_EFF,,6,5,,,1.172484495590425,,,
WORKER_EFF,,6,6,,,0.9850176035186164,,,
WORKER_EFF,,6,7,,,0.8711635510994316,,,
WORKER_EFF,,7,0,,,0.8168601989316476,,,
WORKER_EFF,,7,1,,,0.9374155873062053,,,
WORKER_EFF,,7,2,,,0.9656096118946227,,,
WORKER_EFF,,7,3,,,0.8900220875712836,,,
WORKER_EFF,,7,4,,,0.8964621504896961,,,
WORKER_EFF,,7,5,,,1.156794933020652,,,
WORKER_EFF,,7,6,,,1.0236342116297188,,,
WORKER_EFF,,7,7,,,1.0166071262805223,,,
ROBOT_CAP,,0,0,,,0,,,
ROBOT_CAP,,0,1,,,1,,,
ROBOT_CAP,,0,2,,,0,,,
ROBOT_CAP,,0,3,,,1,,,
ROBOT_CAP,,0,4,,,1,,,
ROBOT_CAP,,0,5,,,0,,,
ROBOT_CAP,,0,6,,,0,,,
ROBOT_CAP,,0,7,,,0,,,
ROBOT_CAP,,1,0,,,0,,,
ROBOT_CAP,,1,1,,,1,,,
ROBOT_CAP,,1,2,,,0,,,
ROBOT_CAP,,1,3,,,0,,,
ROBOT_CAP,,1,4,,,0,,,
ROBOT_CAP,,1,5,,,0,,,
ROBOT_CAP,,1,6,,,0,,,
ROBOT_CAP,,1,7,,,1,,,
ROBOT_CAP,,2,0,,,0,,,
ROBOT_CAP,,2,1,,,0,,,
ROBOT_CAP,,2,2,,,1,,,
ROBOT_CAP,,2,3,,,1,,,
ROBOT_CAP,,2,4,,,1,,,
ROBOT_CAP,,2,5,,,1,,,
ROBOT_CAP,,2,6,,,1,,,
ROBOT_CAP,,2,7,,,1,,,
ROBOT_CAP,,3,0,,,1,,,
ROBOT_CAP,,3,1,,,1,,,
ROBOT_CAP,,3,2,,,1,,,
ROBOT_CAP,,3,3,,,1,,,
ROBOT_CAP,,3,4,,,0,,,
ROBOT_CAP,,3,5,,,0,,,
ROBOT_CAP,,3,6,,,1,,,
ROBOT_CAP,,3,7,,,1,,,
ROBOT_CAP,,4,0,,,1,,,
ROBOT_CAP,,4,1,,,1,,,
ROBOT_CAP,,4,2,,,0,,,
ROBOT_CAP,,4,3,,,0,,,
ROBOT_CAP,,4,4,,,0,,,
ROBOT_CAP,,4,5,,,0,,,
ROBOT_CAP,,4,6,,,0,,,
ROBOT_CAP,,4,7,,,1,,,
ROBOT_CAP,,5,0,,,1,,,
ROBOT_CAP,,5,1,,,0,,,
ROBOT_CAP,,5,2,,,1,,,
ROBOT_CAP,,5,3,,,1,,,
ROBOT_CAP,,5,4,,,0,,,
ROBOT_CAP,,5,5,,,0,,,
ROBOT_CAP,,5,6,,,0,,,
ROBOT_CAP,,5,7,,,0,,,
ROBOT_EFF,,0,0,,,0.8519037645443386,,,
ROBOT_EFF,,0,1,,,1.090086867986472,,,
ROBOT_EFF,,0,2,,,0.9190572932638552,,,
ROBOT_EFF,,0,3,,,0.9846063844980677,,,
ROBOT_EFF,,0,4,,,0.9453244965952438,,,
ROBOT_EFF,,0,5,,,0.989449637512953,,,
ROBOT_EFF,,0,6,,,1.2180310723819412,,,
ROBOT_EFF,,0,7,,,1.1087946480675264,,,
ROBOT_EFF,,1,0,,,1.1667183298662334,,,
ROBOT_EFF,,1,1,,,1.048524152191009,,,
ROBOT_EFF,,1,2,,,1.2603662856581264,,,
ROBOT_EFF,,1,3,,,1.2027914862634401,,,
ROBOT_EFF,,1,4,,,1.0338706684651464,,,
ROBOT_EFF,,1,5,,,1.2965065282731094,,,
ROBOT_EFF,,1,6,,,1.0537024449912584,,,
ROBOT_EFF,,1,7,,,0.9569463189276677,,,
ROBOT_EFF,,2,0,,,0.9376551603414034,,,
ROBOT_EFF,,2,1,,,1.0422430529943414,,,
ROBOT_EFF,,2,2,,,1.1595609890663046,,,
ROBOT_EFF,,2,3,,,1.0844508145827663,,,
ROBOT_EFF,,2,4,,,0.9143612916191521,,,
ROBOT_EFF,,2,5,,,1.14534012326203,,,
ROBOT_EFF,,2,6,,,1.1651726979047363,,,
ROBOT_EFF,,2,7,,,1.1906104234681973,,,
ROBOT_EFF,,3,0,,,0.8896759152693052,,,
ROBOT_EFF,,3,1,,,1.2576642461098122,,,
ROBOT_EFF,,3,2,,,1.037719338319087,,,
ROBOT_EFF,,3,3,,,1.1312160837515897,,,
ROBOT_EFF,,3,4,,,1.2056046981835014,,,
ROBOT_EFF,,3,5,,,1.0806722496499035,,,
ROBOT_EFF,,3,6,,,1.0563374582972767,,,
ROBOT_EFF,,3,7,,,1.2635116446491959,,,
ROBOT_EFF,,4,0,,,1.1268481413662113,,,
ROBOT_EFF,,4,1,,,1.1051995348786756,,,
ROBOT_EFF,,4,2,,,1.0675831379932679,,,
ROBOT_EFF,,4,3,,,1.187451190225196,,,
ROBOT_EFF,,4,4,,,1.2617303026354443,,,
ROBOT_EFF,,4,5,,,1.2917666090652404,,,
ROBOT_EFF,,4,6,,,1.175158547221006,,,
ROBOT_EFF,,4,7,,,1.2840386850065346,,,
ROBOT_EFF,,5,0,,,1.2229504862864973,,,
ROBOT_EFF,,5,1,,,1.2322217440352534,,,
ROBOT_EFF,,5,2,,,1.179820495395842,,,
ROBOT_EFF,,5,3,,,0.9658549340690034,,,
ROBOT_EFF,,5,4,,,1.0387538466723063,,,
ROBOT_EFF,,5,5,,,1.2962357343882962,,,
ROBOT_EFF,,5,6,,,0.9658080714951344,,,
ROBOT_EFF,,5,7,,,0.9363756593594788,,,
HR_COMPAT,,0,0,0,,0,,,
HR_SYNERGY,,0,0,0,,0.6504235305165866,,,
HR_COMPAT,,0,0,1,,1,,,
HR_SYNERGY,,0,0,1,,0.875829142368254,,,
HR_COMPAT,,0,0,2,,0,,,
HR_SYNERGY,,0,0,2,,0.8368753302721198,,,
HR_COMPAT,,0,0,3,,1,,,
HR_SYNERGY,,0,0,3,,0.725448167158498,,,
HR_COMPAT,,0,0,4,,1,,,
HR_SYNERGY,,0,0,4,,0.711944023592669,,,
HR_COMPAT,,0,0,5,,0,,,
HR_SYNERGY,,0,0,5,,0.740428956092712,,,
HR_COMPAT,,0,0,6,,0,,,
HR_SYNERGY,,0,0,6,,0.7879116157940107,,,
HR_COMPAT,,0,0,7,,0,,,
HR_SYNERGY,,0,0,7,,0.8263671685771863,,,
HR_COMPAT,,0,1,0,,0,,,
HR_SYNERGY,,0,1,0,,0.7603680093119388,,,
HR_COMPAT,,0,1,1,,1,,,
HR_SYNERGY,,0,1,1,,0.7293781848875759,,,
HR_COMPAT,,0,1,2,,0,,,
HR_SYNERGY,,0,1,2,,0.7335742967407666,,,
HR_COMPAT,,0,1,3,,0,,,
HR_SYNERGY,,0,1,3,,0.8509882870561868,,,
HR_COMPAT,,0,1,4,,0,,,
HR_SYNERGY,,0,1,4,,0.6756853459163676,,,
HR_COMPAT,,0,1,5,,0,,,
HR_SYNERGY,,0,1,5,,0.8041690800561606,,,
HR_COMPAT,,0,1,6,,0,,,
HR_SYNERGY,,0,1,6,,0.768934574297302,,,
HR_COMPAT,,0,1,7,,1,,,
HR_SYNERGY,,0,1,7,,0.6922794960266814,,,
HR_COMPAT,,0,2,0,,0,,,
HR_SYNERGY,,0,2,0,,0.7094417371669428,,,
HR_COMPAT,,0,2,1,,0,,,
HR_SYNERGY,,0,2,1,,0.8658512764679519,,,
HR_COMPAT,,0,2,2,,1,,,
HR_SYNERGY,,0,2,2,,0.7537449142793757,,,
HR_COMPAT,,0,2,3,,1,,,
HR_SYNERGY,,0,2,3,,0.7771670843277081,,,
HR_COMPAT,,0,2,4,,1,,,
HR_SYNERGY,,0,2,4,,0.7594366414347871,,,
HR_COMPAT,,0,2,5,,1,,,
HR_SYNERGY,,0,2,5,,0.6866823301060998,,,
HR_COMPAT,,0,2,6,,0,,,
HR_SYNERGY,,0,2,6,,0.826408649079035,,,
HR_COMPAT,,0,2,7,,1,,,
HR_SYNERGY,,0,2,7,,0.7130480601120871,,,
HR_COMPAT,,0,3,0,,0,,,
HR_SYNERGY,,0,3,0,,0.8657481266666198,,,
HR_COMPAT,,0,3,1,,1,,,
HR_SYNERGY,,0,3,1,,0.6711584558041744,,,
HR_COMPAT,,0,3,2,,1,,,
HR_SYNERGY,,0,3,2,,0.8979406781738036,,,
HR_COMPAT,,0,3,3,,0,,,
HR_SYNERGY,,0,3,3,,0.8043661614026671,,,
HR_COMPAT,,0,3,4,,0,,,
HR_SYNERGY,,0,3,4,,0.7726541570028906,,,
HR_COMPAT,,0,3,5,,0,,,
HR_SYNERGY,,0,3,5,,0.7518897290041581,,,
HR_COMPAT,,0,3,6,,1,,,
HR_SYNERGY,,0,3,6,,0.8717294240593292,,,
HR_COMPAT,,0,3,7,,1,,,
HR_SYNERGY,,0,3,7,,0.838019110227696,,,
HR_COMPAT,,0,4,0,,1,,,
HR_SYNERGY,,0,4,0,,0.7604547683349997,,,
HR_COMPAT,,0,4,1,,1,,,
HR_SYNERGY,,0,4,1,,0.8000961479221251,,,
HR_COMPAT,,0,4,2,,0,,,
HR_SYNERGY,,0,4,2,,0.8613807222103247,,,
HR_COMPAT,,0,4,3,,0,,,
HR_SYNERGY,,0,4,3,,0.658528142052615,,,
HR_COMPAT,,0,4,4,,0,,,
HR_SYNERGY,,0,4,4,,0.70624721173035,,,
HR_COMPAT,,0,4,5,,0,,,
HR_SYNERGY,,0,4,5,,0.7826669803976876,,,
HR_COMPAT,,0,4,6,,0,,,
HR_SYNERGY,,0,4,6,,0.8078720681382074,,,
HR_COMPAT,,0,4,7,,1,,,
HR_SYNERGY,,0,4,7,,0.6822709426172707,,,
HR_COMPAT,,0,5,0,,1,,,
HR_SYNERGY,,0,5,0,,0.7827658317505151,,,
HR_COMPAT,,0,5,1,,0,,,
HR_SYNERGY,,0,5,1,,0.6886361734579419,,,
HR_COMPAT,,0,5,2,,0,,,
HR_SYNERGY,,0,5,2,,0.8094976241517527,,,
HR_COMPAT,,0,5,3,,1,,,
HR_SYNERGY,,0,5,3,,0.7841943265092159,,,
HR_COMPAT,,0,5,4,,0,,,
HR_SYNERGY,,0,5,4,,0.6622877549888116,,,
HR_COMPAT,,0,5,5,,0,,,
HR_SYNERGY,,0,5,5,,0.8450673353998028,,,
HR_COMPAT,,0,5,6,,0,,,
HR_SYNERGY,,0,5,6,,0.7407826829995419,,,
HR_COMPAT,,0,5,7,,0,,,
HR_SYNERGY,,0,5,7,,0.6791930410799657,,,
HR_COMPAT,,1,0,0,,0,,,
HR_SYNERGY,,1,0,0,,0.7994860455484674,,,
HR_COMPAT,,1,0,1,,1,,,
HR_SYNERGY,,1,0,1,,0.8743724615111803,,,
HR_COMPAT,,1,0,2,,0,,,
HR_SYNERGY,,1,0,2,,0.8422160219057583,,,
HR_COMPAT,,1,0,3,,0,,,
HR_SYNERGY,,1,0,3,,0.6757993193671934,,,
HR_COMPAT,,1,0,4,,1,,,
HR_SYNERGY,,1,0,4,,0.7651979519331247,,,
HR_COMPAT,,1,0,5,,0,,,
HR_SYNERGY,,1,0,5,,0.8770486365563059,,,
HR_COMPAT,,1,0,6,,0,,,
HR_SYNERGY,,1,0,6,,0.8202279604285292,,,
HR_COMPAT,,1,0,7,,0,,,
HR_SYNERGY,,1,0,7,,0.7070687497907152,,,
HR_COMPAT,,1,1,0,,0,,,
HR_SYNERGY,,1,1,0,,0.8578740367632599,,,
HR_COMPAT,,1,1,1,,1,,,
HR_SYNERGY,,1,1,1,,0.6881764724079464,,,
HR_COMPAT,,1,1,2,,0,,,
HR_SYNERGY,,1,1,2,,0.8967832192551313,,,
HR_COMPAT,,1,1,3,,0,,,
HR_SYNERGY,,1,1,3,,0.6870472767364155,,,
HR_COMPAT,,1,1,4,,0,,,
HR_SYNERGY,,1,1,4,,0.6637823879626449,,,
HR_COMPAT,,1,1,5,,0,,,
HR_SYNERGY,,1,1,5,,0.6634040775475045,,,
HR_COMPAT,,1,1,6,,0,,,
HR_SYNERGY,,1,1,6,,0.7475608219147813,,,
HR_COMPAT,,1,1,7,,1,,,
HR_SYNERGY,,1,1,7,,0.7562921261043665,,,
HR_COMPAT,,1,2,0,,0,,,
HR_SYNERGY,,1,2,0,,0.8445878269894638,,,
HR_COMPAT,,1,2,1,,0,,,
HR_SYNERGY,,1,2,1,,0.7378437956565973,,,
HR_COMPAT,,1,2,2,,1,,,
HR_SYNERGY,,1,2,2,,0.6810648760963248,,,
HR_COMPAT,,1,2,3,,0,,,
HR_SYNERGY,,1,2,3,,0.8295217918835652,,,
HR_COMPAT,,1,2,4,,1,,,
HR_SYNERGY,,1,2,4,,0.774587070552898,,,
HR_COMPAT,,1,2,5,,1,,,
HR_SYNERGY,,1,2,5,,0.8347021846365662,,,
HR_COMPAT,,1,2,6,,1,,,
HR_SYNERGY,,1,2,6,,0.844793935272354,,,
HR_COMPAT,,1,2,7,,1,,,
HR_SYNERGY,,1,2,7,,0.7288737402959333,,,
HR_COMPAT,,1,3,0,,0,,,
HR_SYNERGY,,1,3,0,,0.6500054084397666,,,
HR_COMPAT,,1,3,1,,1,,,
HR_SYNERGY,,1,3,1,,0.761674166213091,,,
HR_COMPAT,,1,3,2,,0,,,
HR_SYNERGY,,1,3,2,,0.8613379262438278,,,
HR_COMPAT,,1,3,3,,0,,,
HR_SYNERGY,,1,3,3,,0.690486371412738,,,
HR_COMPAT,,1,3,4,,0,,,
HR_SYNERGY,,1,3,4,,0.7316911923039601,,,
HR_COMPAT,,1,3,5,,0,,,
HR_SYNERGY,,1,3,5,,0.8038418399219972,,,
HR_COMPAT,,1,3,6,,1,,,
HR_SYNERGY,,1,3,6,,0.7905854276393344,,,
HR_COMPAT,,1,3,7,,1,,,
HR_SYNERGY,,1,3,7,,0.8206659408156698,,,
HR_COMPAT,,1,4,0,,0,,,
HR_SYNERGY,,1,4,0,,0.8421190084784429,,,
HR_COMPAT,,1,4,1,,1,,,
HR_SYNERGY,,1,4,1,,0.8041069391234912,,,
HR_COMPAT,,1,4,2,,0,,,
HR_SYNERGY,,1,4,2,,0.708862498135793,,,
HR_COMPAT,,1,4,3,,0,,,
HR_SYNERGY,,1,4,3,,0.8742084464994462,,,
HR_COMPAT,,1,4,4,,0,,,
HR_SYNERGY,,1,4,4,,0.807084349601892,,,
HR_COMPAT,,1,4,5,,0,,,
HR_SYNERGY,,1,4,5,,0.7574203410713166,,,
HR_COMPAT,,1,4,6,,0,,,
HR_SYNERGY,,1,4,6,,0.6976796975571207,,,
HR_COMPAT,,1,4,7,,1,,,
HR_SYNERGY,,1,4,7,,0.8405118944749838,,,
HR_COMPAT,,1,5,0,,1,,,
HR_SYNERGY,,1,5,0,,0.7526782749197466,,,
HR_COMPAT,,1,5,1,,0,,,
HR_SYNERGY,,1,5,1,,0.6876954225643814,,,
HR_COMPAT,,1,5,2,,1,,,
HR_SYNERGY,,1,5,2,,0.7339832428385771,,,
HR_COMPAT,,1,5,3,,0,,,
HR_SYNERGY,,1,5,3,,0.7355309157348947,,,
HR_COMPAT,,1,5,4,,0,,,
HR_SYNERGY,,1,5,4,,0.8302860117511823,,,
HR_COMPAT,,1,5,5,,0,,,
HR_SYNERGY,,1,5,5,,0.8008248191500464,,,
HR_COMPAT,,1,5,6,,0,,,
HR_SYNERGY,,1,5,6,,0.6684850190344529,,,
HR_COMPAT,,1,5,7,,0,,,
HR_SYNERGY,,1,5,7,,0.7750025583351028,,,
HR_COMPAT,,2,0,0,,0,,,
HR_SYNERGY,,2,0,0,,0.7772515231545873,,,
HR_COMPAT,,2,0,1,,1,,,
HR_SYNERGY,,2,0,1,,0.7907278651224111,,,
HR_COMPAT,,2,0,2,,0,,,
HR_SYNERGY,,2,0,2,,0.6931217524871918,,,
HR_COMPAT,,2,0,3,,1,,,
HR_SYNERGY,,2,0,3,,0.7583297824289753,,,
HR_COMPAT,,2,0,4,,1,,,
HR_SYNERGY,,2,0,4,,0.8319311603900712,,,
HR_COMPAT,,2,0,5,,0,,,
HR_SYNERGY,,2,0,5,,0.8996653294462567,,,
HR_COMPAT,,2,0,6,,0,,,
HR_SYNERGY,,2,0,6,,0.7484576711545007,,,
HR_COMPAT,,2,0,7,,0,,,
HR_SYNERGY,,2,0,7,,0.8805991960661919,,,
HR_COMPAT,,2,1,0,,0,,,
HR_SYNERGY,,2,1,0,,0.823814749555954,,,
HR_COMPAT,,2,1,1,,1,,,
HR_SYNERGY,,2,1,1,,0.8224387713410667,,,
HR_COMPAT,,2,1,2,,0,,,
HR_SYNERGY,,2,1,2,,0.8706234298088419,,,
HR_COMPAT,,2,1,3,,0,,,
HR_SYNERGY,,2,1,3,,0.7004866304153874,,,
HR_COMPAT,,2,1,4,,0,,,
HR_SYNERGY,,2,1,4,,0.857291273017716,,,
HR_COMPAT,,2,1,5,,0,,,
HR_SYNERGY,,2,1,5,,0.808015747996019,,,
HR_COMPAT,,2,1,6,,0,,,
HR_SYNERGY,,2,1,6,,0.8184363308453704,,,
HR_COMPAT,,2,1,7,,0,,,
HR_SYNERGY,,2,1,7,,0.6806216306890835,,,
HR_COMPAT,,2,2,0,,0,,,
HR_SYNERGY,,2,2,0,,0.6580040088575975,,,
HR_COMPAT,,2,2,1,,0,,,
HR_SYNERGY,,2,2,1,,0.7625249866024457,,,
HR_COMPAT,,2,2,2,,1,,,
HR_SYNERGY,,2,2,2,,0.8582861832134173,,,
HR_COMPAT,,2,2,3,,1,,,
HR_SYNERGY,,2,2,3,,0.866309678331536,,,
HR_COMPAT,,2,2,4,,1,,,
HR_SYNERGY,,2,2,4,,0.6984259167615627,,,
HR_COMPAT,,2,2,5,,1,,,
HR_SYNERGY,,2,2,5,,0.7129140584128448,,,
HR_COMPAT,,2,2,6,,0,,,
HR_SYNERGY,,2,2,6,,0.776015141856935,,,
HR_COMPAT,,2,2,7,,0,,,
HR_SYNERGY,,2,2,7,,0.7431160433475631,,,
HR_COMPAT,,2,3,0,,1,,,
HR_SYNERGY,,2,3,0,,0.68720911332149,,,
HR_COMPAT,,2,3,1,,1,,,
HR_SYNERGY,,2,3,1,,0.8098516082708197,,,
HR_COMPAT,,2,3,2,,0,,,
HR_SYNERGY,,2,3,2,,0.7452987599460704,,,
HR_COMPAT,,2,3,3,,1,,,
HR_SYNERGY,,2,3,3,,0.7309424586270034,,,
HR_COMPAT,,2,3,4,,0,,,
HR_SYNERGY,,2,3,4,,0.7779396162014965,,,
HR_COMPAT,,2,3,5,,0,,,
HR_SYNERGY,,2,3,5,,0.8941902606221733,,,
HR_COMPAT,,2,3,6,,0,,,
HR_SYNERGY,,2,3,6,,0.6576629721519218,,,
HR_COMPAT,,2,3,7,,0,,,
HR_SYNERGY,,2,3,7,,0.8977427765148727,,,
HR_COMPAT,,2,4,0,,1,,,
HR_SYNERGY,,2,4,0,,0.6936894714657043,,,
HR_COMPAT,,2,4,1,,1,,,
HR_SYNERGY,,2,4,1,,0.6652716956916311,,,
HR_COMPAT,,2,4,2,,0,,,
HR_SYNERGY,,2,4,2,,0.8847490019468301,,,
HR_COMPAT,,2,4,3,,0,,,
HR_SYNERGY,,2,4,3,,0.8312747665726625,,,
HR_COMPAT,,2,4,4,,0,,,
HR_SYNERGY,,2,4,4,,0.8664461026525083,,,
HR_COMPAT,,2,4,5,,0,,,
HR_SYNERGY,,2,4,5,,0.6886960436220472,,,
HR_COMPAT,,2,4,6,,0,,,
HR_SYNERGY,,2,4,6,,0.6846762897945431,,,
HR_COMPAT,,2,4,7,,0,,,
HR_SYNERGY,,2,4,7,,0.7355707070053681,,,
HR_COMPAT,,2,5,0,,1,,,
HR_SYNERGY,,2,5,0,,0.8305554507185323,,,
HR_COMPAT,,2,5,1,,0,,,
HR_SYNERGY,,2,5,1,,0.7061316888953144,,,
HR_COMPAT,,2,5,2,,1,,,
HR_SYNERGY,,2,5,2,,0.7723905795422941,,,
HR_COMPAT,,2,5,3,,1,,,
HR_SYNERGY,,2,5,3,,0.8433580924577406,,,
HR_COMPAT,,2,5,4,,0,,,
HR_SYNERGY,,2,5,4,,0.795906489120535,,,
HR_COMPAT,,2,5,5,,0,,,
HR_SYNERGY,,2,5,5,,0.7523655110546906,,,
HR_COMPAT,,2,5,6,,0,,,
HR_SYNERGY,,2,5,6,,0.8233194172267744,,,
HR_COMPAT,,2,5,7,,0,,,
HR_SYNERGY,,2,5,7,,0.7342578454553981,,,
HR_COMPAT,,3,0,0,,0,,,
HR_SYNERGY,,3,0,0,,0.7190150722854105,,,
HR_COMPAT,,3,0,1,,1,,,
HR_SYNERGY,,3,0,1,,0.7313906871300192,,,
HR_COMPAT,,3,0,2,,0,,,
HR_SYNERGY,,3,0,2,,0.7304891063089645,,,
HR_COMPAT,,3,0,3,,1,,,
HR_SYNERGY,,3,0,3,,0.684741371780933,,,
HR_COMPAT,,3,0,4,,1,,,
HR_SYNERGY,,3,0,4,,0.7682413526996901,,,
HR_COMPAT,,3,0,5,,0,,,
HR_SYNERGY,,3,0,5,,0.6891365510223469,,,
HR_COMPAT,,3,0,6,,0,,,
HR_SYNERGY,,3,0,6,,0.8951447686828868,,,
HR_COMPAT,,3,0,7,,0,,,
HR_SYNERGY,,3,0,7,,0.8759133103453043,,,
HR_COMPAT,,3,1,0,,0,,,
HR_SYNERGY,,3,1,0,,0.680646005440684,,,
HR_COMPAT,,3,1,1,,1,,,
HR_SYNERGY,,3,1,1,,0.8492422808041933,,,
HR_COMPAT,,3,1,2,,0,,,
HR_SYNERGY,,3,1,2,,0.8191731463978618,,,
HR_COMPAT,,3,1,3,,0,,,
HR_SYNERGY,,3,1,3,,0.8134525609495825,,,
HR_COMPAT,,3,1,4,,0,,,
HR_SYNERGY,,3,1,4,,0.8532923057182307,,,
HR_COMPAT,,3,1,5,,0,,,
HR_SYNERGY,,3,1,5,,0.7183041808017525,,,
HR_COMPAT,,3,1,6,,0,,,
HR_SYNERGY,,3,1,6,,0.72044906600359,,,
HR_COMPAT,,3,1,7,,1,,,
HR_SYNERGY,,3,1,7,,0.6625690828392085,,,
HR_COMPAT,,3,2,0,,0,,,
HR_SYNERGY,,3,2,0,,0.885252839884906,,,
HR_COMPAT,,3,2,1,,0,,,
HR_SYNERGY,,3,2,1,,0.7516675828658281,,,
HR_COMPAT,,3,2,2,,1,,,
HR_SYNERGY,,3,2,2,,0.7045495588227888,,,
HR_COMPAT,,3,2,3,,1,,,
HR_SYNERGY,,3,2,3,,0.6947003151507376,,,
HR_COMPAT,,3,2,4,,1,,,
HR_SYNERGY,,3,2,4,,0.8517948722888609,,,
HR_COMPAT,,3,2,5,,1,,,
HR_SYNERGY,,3,2,5,,0.8121577645227203,,,
HR_COMPAT,,3,2,6,,1,,,
HR_SYNERGY,,3,2,6,,0.8482671680874936,,,
HR_COMPAT,,3,2,7,,1,,,
HR_SYNERGY,,3,2,7,,0.7282430351003696,,,
HR_COMPAT,,3,3,0,,1,,,
HR_SYNERGY,,3,3,0,,0.7309991330428118,,,
HR_COMPAT,,3,3,1,,0,,,
HR_SYNERGY,,3,3,1,,0.6756729483614883,,,
HR_COMPAT,,3,3,2,,1,,,
HR_SYNERGY,,3,3,2,,0.7947565951120135,,,
HR_COMPAT,,3,3,3,,1,,,
HR_SYNERGY,,3,3,3,,0.7207297920090437,,,
HR_COMPAT,,3,3,4,,0,,,
HR_SYNERGY,,3,3,4,,0.8722135808665363,,,
HR_COMPAT,,3,3,5,,0,,,
HR_SYNERGY,,3,3,5,,0.7073086932458469,,,
HR_COMPAT,,3,3,6,,1,,,
HR_SYNERGY,,3,3,6,,0.8107936189870315,,,
HR_COMPAT,,3,3,7,,1,,,
HR_SYNERGY,,3,3,7,,0.6710896268346311,,,
HR_COMPAT,,3,4,0,,0,,,
HR_SYNERGY,,3,4,0,,0.7798845621139936,,,
HR_COMPAT,,3,4,1,,1,,,
HR_SYNERGY,,3,4,1,,0.7547011360165568,,,
HR_COMPAT,,3,4,2,,0,,,
HR_SYNERGY,,3,4,2,,0.6628535476624992,,,
HR_COMPAT,,3,4,3,,0,,,
HR_SYNERGY,,3,4,3,,0.6521450224169494,,,
HR_COMPAT,,3,4,4,,0,,,
HR_SYNERGY,,3,4,4,,0.8437306797626174,,,
HR_COMPAT,,3,4,5,,0,,,
HR_SYNERGY,,3,4,5,,0.808738652292083,,,
HR_COMPAT,,3,4,6,,0,,,
HR_SYNERGY,,3,4,6,,0.8809527185683699,,,
HR_COMPAT,,3,4,7,,1,,,
HR_SYNERGY,,3,4,7,,0.8651902091081991,,,
HR_COMPAT,,3,5,0,,0,,,
HR_SYNERGY,,3,5,0,,0.8031111005733351,,,
HR_COMPAT,,3,5,1,,0,,,
HR_SYNERGY,,3,5,1,,0.8147206272275205,,,
HR_COMPAT,,3,5,2,,1,,,
HR_SYNERGY,,3,5,2,,0.7088496035911765,,,
HR_COMPAT,,3,5,3,,1,,,
HR_SYNERGY,,3,5,3,,0.7699928811398361,,,
HR_COMPAT,,3,5,4,,0,,,
HR_SYNERGY,,3,5,4,,0.8114212114276342,,,
HR_COMPAT,,3,5,5,,0,,,
HR_SYNERGY,,3,5,5,,0.8671607377221737,,,
HR_COMPAT,,3,5,6,,0,,,
HR_SYNERGY,,3,5,6,,0.7136211743818703,,,
HR_COMPAT,,3,5,7,,0,,,
HR_SYNERGY,,3,5,7,,0.8105454752599395,,,
HR_COMPAT,,4,0,0,,0,,,
HR_SYNERGY,,4,0,0,,0.8534346928863448,,,
HR_COMPAT,,4,0,1,,1,,,
HR_SYNERGY,,4,0,1,,0.8307122510668479,,,
HR_COMPAT,,4,0,2,,0,,,
HR_SYNERGY,,4,0,2,,0.7762767710485028,,,
HR_COMPAT,,4,0,3,,1,,,
HR_SYNERGY,,4,0,3,,0.7497884375728503,,,
HR_COMPAT,,4,0,4,,0,,,
HR_SYNERGY,,4,0,4,,0.8828487082514678,,,
HR_COMPAT,,4,0,5,,0,,,
HR_SYNERGY,,4,0,5,,0.6879168320883366,,,
HR_COMPAT,,4,0,6,,0,,,
HR_SYNERGY,,4,0,6,,0.8195314534330358,,,
HR_COMPAT,,4,0,7,,0,,,
HR_SYNERGY,,4,0,7,,0.7615057717413514,,,
HR_COMPAT,,4,1,0,,0,,,
HR_SYNERGY,,4,1,0,,0.8496057498470213,,,
HR_COMPAT,,4,1,1,,1,,,
HR_SYNERGY,,4,1,1,,0.8225867454909008,,,
HR_COMPAT,,4,1,2,,0,,,
HR_SYNERGY,,4,1,2,,0.8528612947451054,,,
HR_COMPAT,,4,1,3,,0,,,
HR_SYNERGY,,4,1,3,,0.7788775344828501,,,
HR_COMPAT,,4,1,4,,0,,,
HR_SYNERGY,,4,1,4,,0.6954996430486242,,,
HR_COMPAT,,4,1,5,,0,,,
HR_SYNERGY,,4,1,5,,0.7841039832253859,,,
HR_COMPAT,,4,1,6,,0,,,
HR_SYNERGY,,4,1,6,,0.8401359816225342,,,
HR_COMPAT,,4,1,7,,1,,,
HR_SYNERGY,,4,1,7,,0.6644276244534809,,,
HR_COMPAT,,4,2,0,,0,,,
HR_SYNERGY,,4,2,0,,0.854419517862628,,,
HR_COMPAT,,4,2,1,,0,,,
HR_SYNERGY,,4,2,1,,0.7091488754642571,,,
HR_COMPAT,,4,2,2,,1,,,
HR_SYNERGY,,4,2,2,,0.8675108138858538,,,
HR_COMPAT,,4,2,3,,1,,,
HR_SYNERGY,,4,2,3,,0.8109950399324727,,,
HR_COMPAT,,4,2,4,,0,,,
HR_SYNERGY,,4,2,4,,0.8598397122653556,,,
HR_COMPAT,,4,2,5,,1,,,
HR_SYNERGY,,4,2,5,,0.8277002870730807,,,
HR_COMPAT,,4,2,6,,0,,,
HR_SYNERGY,,4,2,6,,0.806130823373496,,,
HR_COMPAT,,4,2,7,,1,,,
HR_SYNERGY,,4,2,7,,0.7672756854934336,,,
HR_COMPAT,,4,3,0,,1,,,
HR_SYNERGY,,4,3,0,,0.7855283431904984,,,
HR_COMPAT,,4,3,1,,1,,,
HR_SYNERGY,,4,3,1,,0.7670354166369164,,,
HR_COMPAT,,4,3,2,,0,,,
HR_SYNERGY,,4,3,2,,0.7417292377122255,,,
HR_COMPAT,,4,3,3,,1,,,
HR_SYNERGY,,4,3,3,,0.7583899643802904,,,
HR_COMPAT,,4,3,4,,0,,,
HR_SYNERGY,,4,3,4,,0.8207040629768996,,,
HR_COMPAT,,4,3,5,,0,,,
HR_SYNERGY,,4,3,5,,0.8455105571580703,,,
HR_COMPAT,,4,3,6,,0,,,
HR_SYNERGY,,4,3,6,,0.884792410673321,,,
HR_COMPAT,,4,3,7,,1,,,
HR_SYNERGY,,4,3,7,,0.8329264910242558,,,
HR_COMPAT,,4,4,0,,1,,,
HR_SYNERGY,,4,4,0,,0.6930308599067889,,,
HR_COMPAT,,4,4,1,,1,,,
HR_SYNERGY,,4,4,1,,0.6822683374404828,,,
HR_COMPAT,,4,4,2,,0,,,
HR_SYNERGY,,4,4,2,,0.7794616110446237,,,
HR_COMPAT,,4,4,3,,0,,,
HR_SYNERGY,,4,4,3,,0.802242831383006,,,
HR_COMPAT,,4,4,4,,0,,,
HR_SYNERGY,,4,4,4,,0.8143042944971755,,,
HR_COMPAT,,4,4,5,,0,,,
HR_SYNERGY,,4,4,5,,0.7321800675600673,,,
HR_COMPAT,,4,4,6,,0,,,
HR_SYNERGY,,4,4,6,,0.7829908073367131,,,
HR_COMPAT,,4,4,7,,1,,,
HR_SYNERGY,,4,4,7,,0.7724410764382122,,,
HR_COMPAT,,4,5,0,,1,,,
HR_SYNERGY,,4,5,0,,0.8271292717899005,,,
HR_COMPAT,,4,5,1,,0,,,
HR_SYNERGY,,4,5,1,,0.6818797808002826,,,
HR_COMPAT,,4,5,2,,1,,,
HR_SYNERGY,,4,5,2,,0.7737107654705093,,,
HR_COMPAT,,4,5,3,,1,,,
HR_SYNERGY,,4,5,3,,0.7752763124812273,,,
HR_COMPAT,,4,5,4,,0,,,
HR_SYNERGY,,4,5,4,,0.7215020099989133,,,
HR_COMPAT,,4,5,5,,0,,,
HR_SYNERGY,,4,5,5,,0.7118638727714431,,,
HR_COMPAT,,4,5,6,,0,,,
HR_SYNERGY,,4,5,6,,0.7286067873299644,,,
HR_COMPAT,,4,5,7,,0,,,
HR_SYNERGY,,4,5,7,,0.7241903494926576,,,
HR_COMPAT,,5,0,0,,0,,,
HR_SYNERGY,,5,0,0,,0.7938351735548204,,,
HR_COMPAT,,5,0,1,,0,,,
HR_SYNERGY,,5,0,1,,0.6963441395028592,,,
HR_COMPAT,,5,0,2,,0,,,
HR_SYNERGY,,5,0,2,,0.7897551103546474,,,
HR_COMPAT,,5,0,3,,1,,,
HR_SYNERGY,,5,0,3,,0.7669339232161742,,,
HR_COMPAT,,5,0,4,,1,,,
HR_SYNERGY,,5,0,4,,0.8438640611232388,,,
HR_COMPAT,,5,0,5,,0,,,
HR_SYNERGY,,5,0,5,,0.8137246830076603,,,
HR_COMPAT,,5,0,6,,0,,,
HR_SYNERGY,,5,0,6,,0.6591139210367251,,,
HR_COMPAT,,5,0,7,,0,,,
HR_SYNERGY,,5,0,7,,0.8143317908867854,,,
HR_COMPAT,,5,1,0,,0,,,
HR_SYNERGY,,5,1,0,,0.8276998757953055,,,
HR_COMPAT,,5,1,1,,1,,,
HR_SYNERGY,,5,1,1,,0.6815904086744671,,,
HR_COMPAT,,5,1,2,,0,,,
HR_SYNERGY,,5,1,2,,0.8277379965590403,,,
HR_COMPAT,,5,1,3,,0,,,
HR_SYNERGY,,5,1,3,,0.7340738869299318,,,
HR_COMPAT,,5,1,4,,0,,,
HR_SYNERGY,,5,1,4,,0.8355037311448961,,,
HR_COMPAT,,5,1,5,,0,,,
HR_SYNERGY,,5,1,5,,0.7211144023603178,,,
HR_COMPAT,,5,1,6,,0,,,
HR_SYNERGY,,5,1,6,,0.8626960091413501,,,
HR_COMPAT,,5,1,7,,0,,,
HR_SYNERGY,,5,1,7,,0.7245033876984216,,,
HR_COMPAT,,5,2,0,,0,,,
HR_SYNERGY,,5,2,0,,0.8071598246376419,,,
HR_COMPAT,,5,2,1,,0,,,
HR_SYNERGY,,5,2,1,,0.7962411062991397,,,
HR_COMPAT,,5,2,2,,1,,,
HR_SYNERGY,,5,2,2,,0.7661958323307007,,,
HR_COMPAT,,5,2,3,,1,,,
HR_SYNERGY,,5,2,3,,0.8629656757462092,,,
HR_COMPAT,,5,2,4,,1,,,
HR_SYNERGY,,5,2,4,,0.8146346755853047,,,
HR_COMPAT,,5,2,5,,1,,,
HR_SYNERGY,,5,2,5,,0.7303539906634717,,,
HR_COMPAT,,5,2,6,,0,,,
HR_SYNERGY,,5,2,6,,0.86192133184534,,,
HR_COMPAT,,5,2,7,,1,,,
HR_SYNERGY,,5,2,7,,0.6563547665222885,,,
HR_COMPAT,,5,3,0,,1,,,
HR_SYNERGY,,5,3,0,,0.729640666371822,,,
HR_COMPAT,,5,3,1,,1,,,
HR_SYNERGY,,5,3,1,,0.6744254639442703,,,
HR_COMPAT,,5,3,2,,0,,,
HR_SYNERGY,,5,3,2,,0.7705177277006511,,,
HR_COMPAT,,5,3,3,,1,,,
HR_SYNERGY,,5,3,3,,0.6537964253514748,,,
HR_COMPAT,,5,3,4,,0,,,
HR_SYNERGY,,5,3,4,,0.7616036963159702,,,
HR_COMPAT,,5,3,5,,0,,,
HR_SYNERGY,,5,3,5,,0.7909830687788131,,,
HR_COMPAT,,5,3,6,,0,,,
HR_SYNERGY,,5,3,6,,0.7067752907942064,,,
HR_COMPAT,,5,3,7,,1,,,
HR_SYNERGY,,5,3,7,,0.7553261616998991,,,
HR_COMPAT,,5,4,0,,1,,,
HR_SYNERGY,,5,4,0,,0.6655034091104612,,,
HR_COMPAT,,5,4,1,,1,,,
HR_SYNERGY,,5,4,1,,0.7694499724843326,,,
HR_COMPAT,,5,4,2,,0,,,
HR_SYNERGY,,5,4,2,,0.8449509835084579,,,
HR_COMPAT,,5,4,3,,0,,,
HR_SYNERGY,,5,4,3,,0.7144493533832288,,,
HR_COMPAT,,5,4,4,,0,,,
HR_SYNERGY,,5,4,4,,0.8618312853785517,,,
HR_COMPAT,,5,4,5,,0,,,
HR_SYNERGY,,5,4,5,,0.8861832170577529,,,
HR_COMPAT,,5,4,6,,0,,,
HR_SYNERGY,,5,4,6,,0.8366789784710893,,,
HR_COMPAT,,5,4,7,,1,,,
HR_SYNERGY,,5,4,7,,0.6575013761394957,,,
HR_COMPAT,,5,5,0,,1,,,
HR_SYNERGY,,5,5,0,,0.816324083847658,,,
HR_COMPAT,,5,5,1,,0,,,
HR_SYNERGY,,5,5,1,,0.7453137088353226,,,
HR_COMPAT,,5,5,2,,1,,,
HR_SYNERGY,,5,5,2,,0.6689699576868899,,,
HR_COMPAT,,5,5,3,,1,,,
HR_SYNERGY,,5,5,3,,0.8627984725146707,,,
HR_COMPAT,,5,5,4,,0,,,
HR_SYNERGY,,5,5,4,,0.6573485267089737,,,
HR_COMPAT,,5,5,5,,0,,,
HR_SYNERGY,,5,5,5,,0.7010579969300873,,,
HR_COMPAT,,5,5,6,,0,,,
HR_SYNERGY,,5,5,6,,0.7384746416210768,,,
HR_COMPAT,,5,5,7,,0,,,
HR_SYNERGY,,5,5,7,,0.74442775802583,,,
HR_COMPAT,,6,0,0,,0,,,
HR_SYNERGY,,6,0,0,,0.6833672624455309,,,
HR_COMPAT,,6,0,1,,1,,,
HR_SYNERGY,,6,0,1,,0.7906323002573903,,,
HR_COMPAT,,6,0,2,,0,,,
HR_SYNERGY,,6,0,2,,0.8624156831704541,,,
HR_COMPAT,,6,0,3,,0,,,
HR_SYNERGY,,6,0,3,,0.8191338760863089,,,
HR_COMPAT,,6,0,4,,0,,,
HR_SYNERGY,,6,0,4,,0.8048477981163618,,,
HR_COMPAT,,6,0,5,,0,,,
HR_SYNERGY,,6,0,5,,0.8496124230245505,,,
HR_COMPAT,,6,0,6,,0,,,
HR_SYNERGY,,6,0,6,,0.7630546710349606,,,
HR_COMPAT,,6,0,7,,0,,,
HR_SYNERGY,,6,0,7,,0.672210998817248,,,
HR_COMPAT,,6,1,0,,0,,,
HR_SYNERGY,,6,1,0,,0.8030797823144158,,,
HR_COMPAT,,6,1,1,,0,,,
HR_SYNERGY,,6,1,1,,0.8156735700115131,,,
HR_COMPAT,,6,1,2,,0,,,
HR_SYNERGY,,6,1,2,,0.864020178840847,,,
HR_COMPAT,,6,1,3,,0,,,
HR_SYNERGY,,6,1,3,,0.862794942442929,,,
HR_COMPAT,,6,1,4,,0,,,
HR_SYNERGY,,6,1,4,,0.7829442087500609,,,
HR_COMPAT,,6,1,5,,0,,,
HR_SYNERGY,,6,1,5,,0.8483183928003097,,,
HR_COMPAT,,6,1,6,,0,,,
HR_SYNERGY,,6,1,6,,0.8615603501557897,,,
HR_COMPAT,,6,1,7,,1,,,
HR_SYNERGY,,6,1,7,,0.8110556370457256,,,
HR_COMPAT,,6,2,0,,0,,,
HR_SYNERGY,,6,2,0,,0.7985359486097727,,,
HR_COMPAT,,6,2,1,,0,,,
HR_SYNERGY,,6,2,1,,0.7244032048297301,,,
HR_COMPAT,,6,2,2,,1,,,
HR_SYNERGY,,6,2,2,,0.8004961410827394,,,
HR_COMPAT,,6,2,3,,1,,,
HR_SYNERGY,,6,2,3,,0.7471843882431066,,,
HR_COMPAT,,6,2,4,,1,,,
HR_SYNERGY,,6,2,4,,0.7891631376552516,,,
HR_COMPAT,,6,2,5,,0,,,
HR_SYNERGY,,6,2,5,,0.7041690135781036,,,
HR_COMPAT,,6,2,6,,1,,,
HR_SYNERGY,,6,2,6,,0.6761747878809374,,,
HR_COMPAT,,6,2,7,,1,,,
HR_SYNERGY,,6,2,7,,0.7721429350598286,,,
HR_COMPAT,,6,3,0,,1,,,
HR_SYNERGY,,6,3,0,,0.6843766217619792,,,
HR_COMPAT,,6,3,1,,1,,,
HR_SYNERGY,,6,3,1,,0.766788232044513,,,
HR_COMPAT,,6,3,2,,1,,,
HR_SYNERGY,,6,3,2,,0.8863338543948216,,,
HR_COMPAT,,6,3,3,,1,,,
HR_SYNERGY,,6,3,3,,0.7946697038651747,,,
HR_COMPAT,,6,3,4,,0,,,
HR_SYNERGY,,6,3,4,,0.731230471725976,,,
HR_COMPAT,,6,3,5,,0,,,
HR_SYNERGY,,6,3,5,,0.8460116451643348,,,
HR_COMPAT,,6,3,6,,1,,,
HR_SYNERGY,,6,3,6,,0.7560934278543974,,,
HR_COMPAT,,6,3,7,,1,,,
HR_SYNERGY,,6,3,7,,0.8631771377051879,,,
HR_COMPAT,,6,4,0,,1,,,
HR_SYNERGY,,6,4,0,,0.882206729202274,,,
HR_COMPAT,,6,4,1,,1,,,
HR_SYNERGY,,6,4,1,,0.8299761693986795,,,
HR_COMPAT,,6,4,2,,0,,,
HR_SYNERGY,,6,4,2,,0.8944701500503681,,,
HR_COMPAT,,6,4,3,,0,,,
HR_SYNERGY,,6,4,3,,0.7307396719541699,,,
HR_COMPAT,,6,4,4,,0,,,
HR_SYNERGY,,6,4,4,,0.8854046572602549,,,
HR_COMPAT,,6,4,5,,0,,,
HR_SYNERGY,,6,4,5,,0.7282396638842906,,,
HR_COMPAT,,6,4,6,,0,,,
HR_SYNERGY,,6,4,6,,0.8563217835598851,,,
HR_COMPAT,,6,4,7,,1,,,
HR_SYNERGY,,6,4,7,,0.7611656260575408,,,
HR_COMPAT,,6,5,0,,0,,,
HR_SYNERGY,,6,5,0,,0.8516394224258025,,,
HR_COMPAT,,6,5,1,,0,,,
HR_SYNERGY,,6,5,1,,0.8116914804617705,,,
HR_COMPAT,,6,5,2,,1,,,
HR_SYNERGY,,6,5,2,,0.659196420270909,,,
HR_COMPAT,,6,5,3,,1,,,
HR_SYNERGY,,6,5,3,,0.714842909590385,,,
HR_COMPAT,,6,5,4,,0,,,
HR_SYNERGY,,6,5,4,,0.8010674539114587,,,
HR_COMPAT,,6,5,5,,0,,,
HR_SYNERGY,,6,5,5,,0.87836818934845,,,
HR_COMPAT,,6,5,6,,0,,,
HR_SYNERGY,,6,5,6,,0.6850758259168153,,,
HR_COMPAT,,6,5,7,,0,,,
HR_SYNERGY,,6,5,7,,0.8661197456398384,,,
HR_COMPAT,,7,0,0,,0,,,
HR_SYNERGY,,7,0,0,,0.7524165571204479,,,
HR_COMPAT,,7,0,1,,1,,,
HR_SYNERGY,,7,0,1,,0.7639913487078034,,,
HR_COMPAT,,7,0,2,,0,,,
HR_SYNERGY,,7,0,2,,0.7230515881559914,,,
HR_COMPAT,,7,0,3,,1,,,
HR_SYNERGY,,7,0,3,,0.6739492992410084,,,
HR_COMPAT,,7,0,4,,1,,,
HR_SYNERGY,,7,0,4,,0.7371074471185247,,,
HR_COMPAT,,7,0,5,,0,,,
HR_SYNERGY,,7,0,5,,0.7914360770033817,,,
HR_COMPAT,,7,0,6,,0,,,
HR_SYNERGY,,7,0,6,,0.7309613759991053,,,
HR_COMPAT,,7,0,7,,0,,,
HR_SYNERGY,,7,0,7,,0.7773105482457618,,,
HR_COMPAT,,7,1,0,,0,,,
HR_SYNERGY,,7,1,0,,0.884559381986615,,,
HR_COMPAT,,7,1,1,,1,,,
HR_SYNERGY,,7,1,1,,0.8286521594393604,,,
HR_COMPAT,,7,1,2,,0,,,
HR_SYNERGY,,7,1,2,,0.8964412520806859,,,
HR_COMPAT,,7,1,3,,0,,,
HR_SYNERGY,,7,1,3,,0.8035294969532256,,,
HR_COMPAT,,7,1,4,,0,,,
HR_SYNERGY,,7,1,4,,0.6873165179905283,,,
HR_COMPAT,,7,1,5,,0,,,
HR_SYNERGY,,7,1,5,,0.864658230785204,,,
HR_COMPAT,,7,1,6,,0,,,
HR_SYNERGY,,7,1,6,,0.864041808111651,,,
HR_COMPAT,,7,1,7,,1,,,
HR_SYNERGY,,7,1,7,,0.780874609427727,,,
HR_COMPAT,,7,2,0,,0,,,
HR_SYNERGY,,7,2,0,,0.8719192022285484,,,
HR_COMPAT,,7,2,1,,0,,,
HR_SYNERGY,,7,2,1,,0.769804169042544,,,
HR_COMPAT,,7,2,2,,1,,,
HR_SYNERGY,,7,2,2,,0.8764819662336693,,,
HR_COMPAT,,7,2,3,,1,,,
HR_SYNERGY,,7,2,3,,0.6527284154356696,,,
HR_COMPAT,,7,2,4,,0,,,
HR_SYNERGY,,7,2,4,,0.6658270174324854,,,
HR_COMPAT,,7,2,5,,1,,,
HR_SYNERGY,,7,2,5,,0.8069609851108523,,,
HR_COMPAT,,7,2,6,,1,,,
HR_SYNERGY,,7,2,6,,0.8138903738830534,,,
HR_COMPAT,,7,2,7,,1,,,
HR_SYNERGY,,7,2,7,,0.6666682503891673,,,
HR_COMPAT,,7,3,0,,1,,,
HR_SYNERGY,,7,3,0,,0.8585605765896266,,,
HR_COMPAT,,7,3,1,,1,,,
HR_SYNERGY,,7,3,1,,0.764877352372605,,,
HR_COMPAT,,7,3,2,,1,,,
HR_SYNERGY,,7,3,2,,0.7292405159535535,,,
HR_COMPAT,,7,3,3,,1,,,
HR_SYNERGY,,7,3,3,,0.7341959290008231,,,
HR_COMPAT,,7,3,4,,0,,,
HR_SYNERGY,,7,3,4,,0.7426887060423376,,,
HR_COMPAT,,7,3,5,,0,,,
HR_SYNERGY,,7,3,5,,0.6604295067375455,,,
HR_COMPAT,,7,3,6,,1,,,
HR_SYNERGY,,7,3,6,,0.7136559475770266,,,
HR_COMPAT,,7,3,7,,1,,,
HR_SYNERGY,,7,3,7,,0.7534792989799157,,,
HR_COMPAT,,7,4,0,,1,,,
HR_SYNERGY,,7,4,0,,0.6829118661240919,,,
HR_COMPAT,,7,4,1,,1,,,
HR_SYNERGY,,7,4,1,,0.7345519135617058,,,
HR_COMPAT,,7,4,2,,0,,,
HR_SYNERGY,,7,4,2,,0.8714935868057725,,,
HR_COMPAT,,7,4,3,,0,,,
HR_SYNERGY,,7,4,3,,0.8209610556747382,,,
HR_COMPAT,,7,4,4,,0,,,
HR_SYNERGY,,7,4,4,,0.6554838594043145,,,
HR_COMPAT,,7,4,5,,0,,,
HR_SYNERGY,,7,4,5,,0.8781286140924214,,,
HR_COMPAT,,7,4,6,,0,,,
HR_SYNERGY,,7,4,6,,0.7352149042275598,,,
HR_COMPAT,,7,4,7,,1,,,
HR_SYNERGY,,7,4,7,,0.7773964312234722,,,
HR_COMPAT,,7,5,0,,0,,,
HR_SYNERGY,,7,5,0,,0.7632188112177463,,,
HR_COMPAT,,7,5,1,,0,,,
HR_SYNERGY,,7,5,1,,0.8236366966128503,,,
HR_COMPAT,,7,5,2,,1,,,
HR_SYNERGY,,7,5,2,,0.7304581987632343,,,
HR_COMPAT,,7,5,3,,1,,,
HR_SYNERGY,,7,5,3,,0.7700237824361126,,,
HR_COMPAT,,7,5,4,,0,,,
HR_SYNERGY,,7,5,4,,0.8918045036014611,,,
HR_COMPAT,,7,5,5,,0,,,
HR_SYNERGY,,7,5,5,,0.881382331959775,,,
HR_COMPAT,,7,5,6,,0,,,
HR_SYNERGY,,7,5,6,,0.8921687190081398,,,
HR_COMPAT,,7,5,7,,0,,,
HR_SYNERGY,,7,5,7,,0.7162557515433606,,,
WORKER_RELOC,,0,0,0,,0.0,,,
WORKER_RELOC,,0,0,1,,5.0326912874543375,,,
WORKER_RELOC,,0,0,2,,11.557495219103899,,,
WORKER_RELOC,,0,0,3,,5.293937623391663,,,
WORKER_RELOC,,0,0,4,,7.880384242355968,,,
WORKER_RELOC,,0,0,5,,8.323279239932441,,,
WORKER_RELOC,,0,0,6,,6.4252988910710505,,,
WORKER_RELOC,,0,0,7,,6.050046448887967,,,
WORKER_RELOC,,0,0,8,,6.856834014828186,,,
WORKER_RELOC,,0,0,9,,6.224682626795433,,,
WORKER_RELOC,,0,0,10,,10.440575188440434,,,
WORKER_RELOC,,0,0,11,,6.798195870489239,,,
WORKER_RELOC,,0,1,0,,7.49786518992982,,,
WORKER_RELOC,,0,1,1,,0.0,,,
WORKER_RELOC,,0,1,2,,1.5064354743741966,,,
WORKER_RELOC,,0,1,3,,6.704677863205712,,,
WORKER_RELOC,,0,1,4,,5.97069299515755,,,
WORKER_RELOC,,0,1,5,,5.415266709568856,,,
WORKER_RELOC,,0,1,6,,10.6629227976047,,,
WORKER_RELOC,,0,1,7,,8.436970922605934,,,
WORKER_RELOC,,0,1,8,,10.058904977456756,,,
WORKER_RELOC,,0,1,9,,11.376297766623326,,,
WORKER_RELOC,,0,1,10,,5.708742138537628,,,
WORKER_RELOC,,0,1,11,,11.411358213675506,,,
WORKER_RELOC,,0,2,0,,6.0181648664530485,,,
WORKER_RELOC,,0,2,1,,1.5831475518114662,,,
WORKER_RELOC,,0,2,2,,0.0,,,
WORKER_RELOC,,0,2,3,,6.1529416002229835,,,
WORKER_RELOC,,0,2,4,,5.173014190766683,,,
WORKER_RELOC,,0,2,5,,6.800107449118525,,,
WORKER_RELOC,,0,2,6,,5.855120510900843,,,
WORKER_RELOC,,0,2,7,,11.238952392587915,,,
WORKER_RELOC,,0,2,8,,10.053683494250059,,,
WORKER_RELOC,,0,2,9,,9.073440590256718,,,
WORKER_RELOC,,0,2,10,,6.656435842212331,,,
WORKER_RELOC,,0,2,11,,11.981557509689106,,,
WORKER_RELOC,,0,3,0,,7.792770553919455,,,
WORKER_RELOC,,0,3,1,,9.172714401800487,,,
WORKER_RELOC,,0,3,2,,5.201663321275083,,,
WORKER_RELOC,,0,3,3,,0.0,,,
WORKER_RELOC,,0,3,4,,5.423050034598797,,,
WORKER_RELOC,,0,3,5,,11.42087625557059,,,
WORKER_RELOC,,0,3,6,,10.115366659311805,,,
WORKER_RELOC,,0,3,7,,8.59177458618591,,,
WORKER_RELOC,,0,3,8,,7.901474089228557,,,
WORKER_RELOC,,0,3,9,,9.117907267975287,,,
WORKER_RELOC,,0,3,10,,9.687838099884946,,,
WORKER_RELOC,,0,3,11,,6.3135479687408615,,,
WORKER_RELOC,,0,4,0,,4.913240855937029,,,
WORKER_RELOC,,0,4,1,,7.0930423042155555,,,
WORKER_RELOC,,0,4,2,,6.679919591122166,,,
WORKER_RELOC,,0,4,3,,4.648947543566,,,
WORKER_RELOC,,0,4,4,,0.0,,,
WORKER_RELOC,,0,4,5,,3.9068437002528604,,,
WORKER_RELOC,,0,4,6,,8.021605177991244,,,
WORKER_RELOC,,0,4,7,,7.280679173197565,,,
WORKER_RELOC,,0,4,8,,7.968494697201661,,,
WORKER_RELOC,,0,4,9,,10.326479406891107,,,
WORKER_RELOC,,0,4,10,,8.195825434019515,,,
WORKER_RELOC,,0,4,11,,8.072220907541222,,,
WORKER_RELOC,,0,5,0,,11.17370523679439,,,
WORKER_RELOC,,0,5,1,,11.394591131869646,,,
WORKER_RELOC,,0,5,2,,10.615221711200796,,,
WORKER_RELOC,,0,5,3,,7.37600074189606,,,
WORKER_RELOC,,0,5,4,,4.245558521883325,,,
WORKER_RELOC,,0,5,5,,0.0,,,
WORKER_RELOC,,0,5,6,,8.694467320500216,,,
WORKER_RELOC,,0,5,7,,11.577827322809323,,,
WORKER_RELOC,,0,5,8,,10.547181995167168,,,
WORKER_RELOC,,0,5,9,,8.048626486559982,,,
WORKER_RELOC,,0,5,10,,7.815597210908063,,,
WORKER_RELOC,,0,5,11,,7.895678913385633,,,
WORKER_RELOC,,0,6,0,,7.022598770444212,,,
WORKER_RELOC,,0,6,1,,4.830948757411706,,,
WORKER_RELOC,,0,6,2,,6.943814939272361,,,
WORKER_RELOC,,0,6,3,,10.772546219402354,,,
WORKER_RELOC,,0,6,4,,9.165807166570955,,,
WORKER_RELOC,,0,6,5,,6.5516178065498485,,,
WORKER_RELOC,,0,6,6,,0.0,,,
WORKER_RELOC,,0,6,7,,2.5192574147596516,,,
WORKER_RELOC,,0,6,8,,9.244596432095374,,,
WORKER_RELOC,,0,6,9,,10.855298132666073,,,
WORKER_RELOC,,0,6,10,,8.856504313746361,,,
WORKER_RELOC,,0,6,11,,10.110072818571917,,,
WORKER_RELOC,,0,7,0,,6.978782931298325,,,
WORKER_RELOC,,0,7,1,,7.712221871289676,,,
WORKER_RELOC,,0,7,2,,6.217300400557109,,,
WORKER_RELOC,,0,7,3,,7.389313882021409,,,
WORKER_RELOC,,0,7,4,,7.140368815640279,,,
WORKER_RELOC,,0,7,5,,7.119821477144522,,,
WORKER_RELOC,,0,7,6,,2.1254125274252784,,,
WORKER_RELOC,,0,7,7,,0.0,,,
WORKER_RELOC,,0,7,8,,6.724302479675458,,,
WORKER_RELOC,,0,7,9,,5.404497765176918,,,
WORKER_RELOC,,0,7,10,,10.739451381542871,,,
WORKER_RELOC,,0,7,11,,9.092452219161018,,,
WORKER_RELOC,,0,8,0,,7.3605474974220755,,,
WORKER_RELOC,,0,8,1,,6.247875323374084,,,
WORKER_RELOC,,0,8,2,,5.221600414267692,,,
WORKER_RELOC,,0,8,3,,5.884350453654891,,,
WORKER_RELOC,,0,8,4,,10.457667852747562,,,
WORKER_RELOC,,0,8,5,,9.1522846640316,,,
WORKER_RELOC,,0,8,6,,7.159004604377147,,,
WORKER_RELOC,,0,8,7,,6.945157131055422,,,
WORKER_RELOC,,0,8,8,,0.0,,,
WORKER_RELOC,,0,8,9,,1.9910808695732727,,,
WORKER_RELOC,,0,8,10,,8.548567248129205,,,
WORKER_RELOC,,0,8,11,,4.9428982984854954,,,
WORKER_RELOC,,0,9,0,,11.78266502339838,,,
WORKER_RELOC,,0,9,1,,6.367161389960284,,,
WORKER_RELOC,,0,9,2,,5.511759269227747,,,
WORKER_RELOC,,0,9,3,,9.347596308303824,,,
WORKER_RELOC,,0,9,4,,5.73911295825445,,,
WORKER_RELOC,,0,9,5,,7.139689970264305,,,
WORKER_RELOC,,0,9,6,,10.136677487215081,,,
WORKER_RELOC,,0,9,7,,9.447750926026584,,,
WORKER_RELOC,,0,9,8,,3.4131282986485063,,,
WORKER_RELOC,,0,9,9,,0.0,,,
WORKER_RELOC,,0,9,10,,9.566072645785681,,,
WORKER_RELOC,,0,9,11,,4.906897849858004,,,
WORKER_RELOC,,0,10,0,,11.770235103562019,,,
WORKER_RELOC,,0,10,1,,5.064135479378375,,,
WORKER_RELOC,,0,10,2,,6.142260624952984,,,
WORKER_RELOC,,0,10,3,,7.004806332046151,,,
WORKER_RELOC,,0,10,4,,8.204767608613245,,,
WORKER_RELOC,,0,10,5,,4.810072912185555,,,
WORKER_RELOC,,0,10,6,,6.887093979401806,,,
WORKER_RELOC,,0,10,7,,11.68253952300439,,,
WORKER_RELOC,,0,10,8,,11.761654200879278,,,
WORKER_RELOC,,0,10,9,,11.594678974580646,,,
WORKER_RELOC,,0,10,10,,0.0,,,
WORKER_RELOC,,0,10,11,,10.038101024235067,,,
WORKER_RELOC,,0,11,0,,5.7668071804603525,,,
WORKER_RELOC,,0,11,1,,4.655746722482521,,,
WORKER_RELOC,,0,11,2,,5.688760666062457,,,
WORKER_RELOC,,0,11,3,,10.934866760649253,,,
WORKER_RELOC,,0,11,4,,8.860956562464661,,,
WORKER_RELOC,,0,11,5,,10.12823576816156,,,
WORKER_RELOC,,0,11,6,,11.854472713032425,,,
WORKER_RELOC,,0,11,7,,6.240873272277728,,,
WORKER_RELOC,,0,11,8,,10.981188503058533,,,
WORKER_RELOC,,0,11,9,,10.959633649400661,,,
WORKER_RELOC,,0,11,10,,6.929161358332842,,,
WORKER_RELOC,,0,11,11,,0.0,,,
WORKER_RELOC,,1,0,0,,0.0,,,
WORKER_RELOC,,1,0,1,,8.576473721981843,,,
WORKER_RELOC,,1,0,2,,4.8853091220188505,,,
WORKER_RELOC,,1,0,3,,7.80408950164237,,,
WORKER_RELOC,,1,0,4,,11.812864211763337,,,
WORKER_RELOC,,1,0,5,,11.81611815311447,,,
WORKER_RELOC,,1,0,6,,6.559760937526068,,,
WORKER_RELOC,,1,0,7,,5.680863395061468,,,
WORKER_RELOC,,1,0,8,,6.796793984028923,,,
WORKER_RELOC,,1,0,9,,5.178110129575431,,,
WORKER_RELOC,,1,0,10,,8.488395483022938,,,
WORKER_RELOC,,1,0,11,,6.921154409138165,,,
WORKER_RELOC,,1,1,0,,7.398667639066932,,,
WORKER_RELOC,,1,1,1,,0.0,,,
WORKER_RELOC,,1,1,2,,4.218907018846911,,,
WORKER_RELOC,,1,1,3,,7.104365608775598,,,
WORKER_RELOC,,1,1,4,,5.535345645039692,,,
WORKER_RELOC,,1,1,5,,8.242306689916337,,,
WORKER_RELOC,,1,1,6,,9.883374408321137,,,
WORKER_RELOC,,1,1,7,,11.03644582531171,,,
WORKER_RELOC,,1,1,8,,10.10391025706047,,,
WORKER_RELOC,,1,1,9,,10.317578844610798,,,
WORKER_RELOC,,1,1,10,,8.689218881240283,,,
WORKER_RELOC,,1,1,11,,10.281433345387299,,,
WORKER_RELOC,,1,2,0,,5.594714813675397,,,
WORKER_RELOC,,1,2,1,,1.877702670770824,,,
WORKER_RELOC,,1,2,2,,0.0,,,
WORKER_RELOC,,1,2,3,,5.1786986797855645,,,
WORKER_RELOC,,1,2,4,,8.560122163595082,,,
WORKER_RELOC,,1,2,5,,11.282713067453384,,,
WORKER_RELOC,,1,2,6,,6.6602697319104855,,,
WORKER_RELOC,,1,2,7,,7.893727632515949,,,
WORKER_RELOC,,1,2,8,,6.411646732791596,,,
WORKER_RELOC,,1,2,9,,10.979343071377421,,,
WORKER_RELOC,,1,2,10,,5.52690857780502,,,
WORKER_RELOC,,1,2,11,,6.146503685549458,,,
WORKER_RELOC,,1,3,0,,9.865000048560745,,,
WORKER_RELOC,,1,3,1,,7.206753350583393,,,
WORKER_RELOC,,1,3,2,,7.243529279217348,,,
WORKER_RELOC,,1,3,3,,0.0,,,
WORKER_RELOC,,1,3,4,,10.511380142690152,,,
WORKER_RELOC,,1,3,5,,7.1550632365503315,,,
WORKER_RELOC,,1,3,6,,7.165356012625711,,,
WORKER_RELOC,,1,3,7,,8.987092451087712,,,
WORKER_RELOC,,1,3,8,,6.919414184182307,,,
WORKER_RELOC,,1,3,9,,11.353455439407425,,,
WORKER_RELOC,,1,3,10,,7.3989362606799025,,,
WORKER_RELOC,,1,3,11,,5.379295588932274,,,
WORKER_RELOC,,1,4,0,,11.171993959374936,,,
WORKER_RELOC,,1,4,1,,6.031634057415753,,,
WORKER_RELOC,,1,4,2,,10.371648401028642,,,
WORKER_RELOC,,1,4,3,,9.947486098100182,,,
WORKER_RELOC,,1,4,4,,0.0,,,
WORKER_RELOC,,1,4,5,,2.9500351955693516,,,
WORKER_RELOC,,1,4,6,,8.49064705472177,,,
WORKER_RELOC,,1,4,7,,9.21903880380732,,,
WORKER_RELOC,,1,4,8,,11.447693241911598,,,
WORKER_RELOC,,1,4,9,,7.130306589354718,,,
WORKER_RELOC,,1,4,10,,8.51104547791384,,,
WORKER_RELOC,,1,4,11,,4.98488927010767,,,
WORKER_RELOC,,1,5,0,,6.4773622880325865,,,
WORKER_RELOC,,1,5,1,,5.605977247476876,,,
WORKER_RELOC,,1,5,2,,10.99452379120418,,,
WORKER_RELOC,,1,5,3,,9.556288887811977,,,
WORKER_RELOC,,1,5,4,,3.577854800293995,,,
WORKER_RELOC,,1,5,5,,0.0,,,
WORKER_RELOC,,1,5,6,,9.09471403004197,,,
WORKER_RELOC,,1,5,7,,8.584549839101026,,,
WORKER_RELOC,,1,5,8,,7.223278231569024,,,
WORKER_RELOC,,1,5,9,,11.77736822529177,,,
WORKER_RELOC,,1,5,10,,10.156395019921803,,,
WORKER_RELOC,,1,5,11,,7.934056050929562,,,
WORKER_RELOC,,1,6,0,,9.443919312475918,,,
WORKER_RELOC,,1,6,1,,7.105563246045526,,,
WORKER_RELOC,,1,6,2,,7.349071613389511,,,
WORKER_RELOC,,1,6,3,,9.532346514990934,,,
WORKER_RELOC,,1,6,4,,10.653522879319723,,,
WORKER_RELOC,,1,6,5,,9.63860908599121,,,
WORKER_RELOC,,1,6,6,,0.0,,,
WORKER_RELOC,,1,6,7,,2.741420115254341,,,
WORKER_RELOC,,1,6,8,,11.887106552875967,,,
WORKER_RELOC,,1,6,9,,10.935311244740022,,,
WORKER_RELOC,,1,6,10,,6.433875016166632,,,
WORKER_RELOC,,1,6,11,,11.94465454053306,,,
WORKER_RELOC,,1,7,0,,9.01992611899858,,,
WORKER_RELOC,,1,7,1,,8.149181546692724,,,
WORKER_RELOC,,1,7,2,,10.828559242612009,,,
WORKER_RELOC,,1,7,3,,8.511158602837089,,,
WORKER_RELOC,,1,7,4,,10.415559926640247,,,
WORKER_RELOC,,1,7,5,,11.831248242847085,,,
WORKER_RELOC,,1,7,6,,3.152449358193649,,,
WORKER_RELOC,,1,7,7,,0.0,,,
WORKER_RELOC,,1,7,8,,9.123918121145465,,,
WORKER_RELOC,,1,7,9,,9.714752792281153,,,
WORKER_RELOC,,1,7,10,,8.734865417161295,,,
WORKER_RELOC,,1,7,11,,9.680363609800642,,,
WORKER_RELOC,,1,8,0,,10.873402920970937,,,
WORKER_RELOC,,1,8,1,,4.698454254660889,,,
WORKER_RELOC,,1,8,2,,8.279983523662725,,,
WORKER_RELOC,,1,8,3,,6.295876175256074,,,
WORKER_RELOC,,1,8,4,,11.03190591199748,,,
WORKER_RELOC,,1,8,5,,10.032562698095138,,,
WORKER_RELOC,,1,8,6,,9.528905876680025,,,
WORKER_RELOC,,1,8,7,,10.172396357837918,,,
WORKER_RELOC,,1,8,8,,0.0,,,
WORKER_RELOC,,1,8,9,,3.9223019620278343,,,
WORKER_RELOC,,1,8,10,,11.398088244588518,,,
WORKER_RELOC,,1,8,11,,7.98573299963447,,,
WORKER_RELOC,,1,9,0,,8.687149271830064,,,
WORKER_RELOC,,1,9,1,,7.172362457496333,,,
WORKER_RELOC,,1,9,2,,7.828962774103308,,,
WORKER_RELOC,,1,9,3,,11.341668140244346,,,
WORKER_RELOC,,1,9,4,,8.72877502387222,,,
WORKER_RELOC,,1,9,5,,10.281032968573719,,,
WORKER_RELOC,,1,9,6,,5.450881744353317,,,
WORKER_RELOC,,1,9,7,,7.042647256060418,,,
WORKER_RELOC,,1,9,8,,2.465758035258713,,,
WORKER_RELOC,,1,9,9,,0.0,,,
WORKER_RELOC,,1,9,10,,6.759926793950779,,,
WORKER_RELOC,,1,9,11,,8.249390082525668,,,
WORKER_RELOC,,1,10,0,,7.662009807188734,,,
WORKER_RELOC,,1,10,1,,6.131213620063476,,,
WORKER_RELOC,,1,10,2,,7.015934469755479,,,
WORKER_RELOC,,1,10,3,,10.429232289351766,,,
WORKER_RELOC,,1,10,4,,8.8849185260988,,,
WORKER_RELOC,,1,10,5,,7.95995025865091,,,
WORKER_RELOC,,1,10,6,,10.660738656804616,,,
WORKER_RELOC,,1,10,7,,10.676901599429694,,,
WORKER_RELOC,,1,10,8,,6.622542051557975,,,
WORKER_RELOC,,1,10,9,,8.46465124358758,,,
WORKER_RELOC,,1,10,10,,0.0,,,
WORKER_RELOC,,1,10,11,,5.275149252293722,,,
WORKER_RELOC,,1,11,0,,10.954159071273791,,,
WORKER_RELOC,,1,11,1,,10.782602716681073,,,
WORKER_RELOC,,1,11,2,,9.75723945605664,,,
WORKER_RELOC,,1,11,3,,10.486179930004848,,,
WORKER_RELOC,,1,11,4,,6.921338700044904,,,
WORKER_RELOC,,1,11,5,,9.805400237031282,,,
WORKER_RELOC,,1,11,6,,10.901674705534694,,,
WORKER_RELOC,,1,11,7,,6.9682493175694535,,,
WORKER_RELOC,,1,11,8,,4.753385928319198,,,
WORKER_RELOC,,1,11,9,,9.444323992491238,,,
WORKER_RELOC,,1,11,10,,7.227634955833892,,,
WORKER_RELOC,,1,11,11,,0.0,,,
WORKER_RELOC,,2,0,0,,0.0,,,
WORKER_RELOC,,2,0,1,,7.8190688312792185,,,
WORKER_RELOC,,2,0,2,,7.273909537648892,,,
WORKER_RELOC,,2,0,3,,8.18706151085268,,,
WORKER_RELOC,,2,0,4,,8.878597027527643,,,
WORKER_RELOC,,2,0,5,,11.79136889761728,,,
WORKER_RELOC,,2,0,6,,9.98827639302327,,,
WORKER_RELOC,,2,0,7,,11.935713197250578,,,
WORKER_RELOC,,2,0,8,,5.265686042325714,,,
WORKER_RELOC,,2,0,9,,6.966639936085704,,,
WORKER_RELOC,,2,0,10,,4.724809022887414,,,
WORKER_RELOC,,2,0,11,,7.564364016310349,,,
WORKER_RELOC,,2,1,0,,9.105656903309066,,,
WORKER_RELOC,,2,1,1,,0.0,,,
WORKER_RELOC,,2,1,2,,3.2790890235871193,,,
WORKER_RELOC,,2,1,3,,7.752905767461756,,,
WORKER_RELOC,,2,1,4,,9.496726562573235,,,
WORKER_RELOC,,2,1,5,,9.121088115029282,,,
WORKER_RELOC,,2,1,6,,7.903840945894743,,,
WORKER_RELOC,,2,1,7,,8.501342789204958,,,
WORKER_RELOC,,2,1,8,,9.739244850104663,,,
WORKER_RELOC,,2,1,9,,8.477383966296939,,,
WORKER_RELOC,,2,1,10,,11.534205218880757,,,
WORKER_RELOC,,2,1,11,,6.997211564554494,,,
WORKER_RELOC,,2,2,0,,11.393267320204219,,,
WORKER_RELOC,,2,2,1,,3.23154838116384,,,
WORKER_RELOC,,2,2,2,,0.0,,,
WORKER_RELOC,,2,2,3,,9.705729997869025,,,
WORKER_RELOC,,2,2,4,,9.028045761639955,,,
WORKER_RELOC,,2,2,5,,11.205717352103267,,,
WORKER_RELOC,,2,2,6,,8.515840527581146,,,
WORKER_RELOC,,2,2,7,,9.286007594967153,,,
WORKER_RELOC,,2,2,8,,10.410857319101726,,,
WORKER_RELOC,,2,2,9,,6.129871801224997,,,
WORKER_RELOC,,2,2,10,,9.681735669790129,,,
WORKER_RELOC,,2,2,11,,8.746944776112343,,,
WORKER_RELOC,,2,3,0,,9.394912239613625,,,
WORKER_RELOC,,2,3,1,,7.882439055357981,,,
WORKER_RELOC,,2,3,2,,9.041361313318637,,,
WORKER_RELOC,,2,3,3,,0.0,,,
WORKER_RELOC,,2,3,4,,10.223665795646834,,,
WORKER_RELOC,,2,3,5,,4.943633535184201,,,
WORKER_RELOC,,2,3,6,,8.42174122410377,,,
WORKER_RELOC,,2,3,7,,8.855513783023943,,,
WORKER_RELOC,,2,3,8,,9.189236121879041,,,
WORKER_RELOC,,2,3,9,,11.066948846958734,,,
WORKER_RELOC,,2,3,10,,11.513759021269484,,,
WORKER_RELOC,,2,3,11,,10.971837874599267,,,
WORKER_RELOC,,2,4,0,,8.469344290070413,,,
WORKER_RELOC,,2,4,1,,8.165779124654424,,,
WORKER_RELOC,,2,4,2,,5.797338743475253,,,
WORKER_RELOC,,2,4,3,,11.716694445366963,,,
WORKER_RELOC,,2,4,4,,0.0,,,
WORKER_RELOC,,2,4,5,,3.20940041071208,,,
WORKER_RELOC,,2,4,6,,11.543482257246152,,,
WORKER_RELOC,,2,4,7,,11.687081027447832,,,
WORKER_RELOC,,2,4,8,,9.668335112501449,,,
WORKER_RELOC,,2,4,9,,9.438006122142347,,,
WORKER_RELOC,,2,4,10,,8.689986980055945,,,
WORKER_RELOC,,2,4,11,,10.027720799765477,,,
WORKER_RELOC,,2,5,0,,11.312671686145704,,,
WORKER_RELOC,,2,5,1,,8.389531008991568,,,
WORKER_RELOC,,2,5,2,,7.947135016914321,,,
WORKER_RELOC,,2,5,3,,5.022502367542595,,,
WORKER_RELOC,,2,5,4,,2.2319751046724345,,,
WORKER_RELOC,,2,5,5,,0.0,,,
WORKER_RELOC,,2,5,6,,9.619702428708917,,,
WORKER_RELOC,,2,5,7,,10.823322213700834,,,
WORKER_RELOC,,2,5,8,,5.719997992239217,,,
WORKER_RELOC,,2,5,9,,8.896145824184007,,,
WORKER_RELOC,,2,5,10,,11.714383464749934,,,
WORKER_RELOC,,2,5,11,,5.926093292389799,,,
WORKER_RELOC,,2,6,0,,9.045370936654134,,,
WORKER_RELOC,,2,6,1,,6.428315066498607,,,
WORKER_RELOC,,2,6,2,,9.17301149843777,,,
WORKER_RELOC,,2,6,3,,6.032172130152397,,,
WORKER_RELOC,,2,6,4,,6.914199069473016,,,
WORKER_RELOC,,2,6,5,,4.821751645659939,,,
WORKER_RELOC,,2,6,6,,0.0,,,
WORKER_RELOC,,2,6,7,,2.086049477962674,,,
WORKER_RELOC,,2,6,8,,8.442550827445402,,,
WORKER_RELOC,,2,6,9,,5.107789965216842,,,
WORKER_RELOC,,2,6,10,,11.632417951026333,,,
WORKER_RELOC,,2,6,11,,9.353393325120816,,,
WORKER_RELOC,,2,7,0,,9.484246694985316,,,
WORKER_RELOC,,2,7,1,,5.031071551971022,,,
WORKER_RELOC,,2,7,2,,5.052666705273371,,,
WORKER_RELOC,,2,7,3,,9.85859129623833,,,
WORKER_RELOC,,2,7,4,,6.358966851102287,,,
WORKER_RELOC,,2,7,5,,10.833746954273078,,,
WORKER_RELOC,,2,7,6,,3.5434077905430694,,,
WORKER_RELOC,,2,7,7,,0.0,,,
WORKER_RELOC,,2,7,8,,9.868465607082406,,,
WORKER_RELOC,,2,7,9,,10.736923217080925,,,
WORKER_RELOC,,2,7,10,,10.96921942881352,,,
WORKER_RELOC,,2,7,11,,8.584711556339766,,,
WORKER_RELOC,,2,8,0,,5.205990523492196,,,
WORKER_RELOC,,2,8,1,,5.9691108948992095,,,
WORKER_RELOC,,2,8,2,,11.626615216720273,,,
WORKER_RELOC,,2,8,3,,6.945620047076439,,,
WORKER_RELOC,,2,8,4,,4.543359913251535,,,
WORKER_RELOC,,2,8,5,,9.338845350228935,,,
WORKER_RELOC,,2,8,6,,6.354969590604137,,,
WORKER_RELOC,,2,8,7,,4.723515061396228,,,
WORKER_RELOC,,2,8,8,,0.0,,,
WORKER_RELOC,,2,8,9,,1.581674667215169,,,
WORKER_RELOC,,2,8,10,,7.923161135695976,,,
WORKER_RELOC,,2,8,11,,6.5305609050724325,,,
WORKER_RELOC,,2,9,0,,4.7313386077960375,,,
WORKER_RELOC,,2,9,1,,10.881930477269446,,,
WORKER_RELOC,,2,9,2,,7.786699527949273,,,
WORKER_RELOC,,2,9,3,,10.287383898694397,,,
WORKER_RELOC,,2,9,4,,10.79026664677551,,,
WORKER_RELOC,,2,9,5,,11.16290595185514,,,
WORKER_RELOC,,2,9,6,,10.821973732525763,,,
WORKER_RELOC,,2,9,7,,9.168725744204085,,,
WORKER_RELOC,,2,9,8,,2.9598395144101346,,,
WORKER_RELOC,,2,9,9,,0.0,,,
WORKER_RELOC,,2,9,10,,5.644614179540552,,,
WORKER_RELOC,,2,9,11,,5.090596895447307,,,
WORKER_RELOC,,2,10,0,,10.366472672537494,,,
WORKER_RELOC,,2,10,1,,10.648480288753422,,,
WORKER_RELOC,,2,10,2,,11.042473392142034,,,
WORKER_RELOC,,2,10,3,,10.108211788411241,,,
WORKER_RELOC,,2,10,4,,7.664360852181779,,,
WORKER_RELOC,,2,10,5,,9.655573650910654,,,
WORKER_RELOC,,2,10,6,,9.231747566535402,,,
WORKER_RELOC,,2,10,7,,8.24947071197139,,,
WORKER_RELOC,,2,10,8,,9.36447395378098,,,
WORKER_RELOC,,2,10,9,,8.519087023854388,,,
WORKER_RELOC,,2,10,10,,0.0,,,
WORKER_RELOC,,2,10,11,,9.55855322424448,,,
WORKER_RELOC,,2,11,0,,10.63944542070692,,,
WORKER_RELOC,,2,11,1,,11.480662457590483,,,
WORKER_RELOC,,2,11,2,,8.511962984379391,,,
WORKER_RELOC,,2,11,3,,5.578184717009496,,,
WORKER_RELOC,,2,11,4,,4.65215898857953,,,
WORKER_RELOC,,2,11,5,,6.0861444391343476,,,
WORKER_RELOC,,2,11,6,,6.277386283411943,,,
WORKER_RELOC,,2,11,7,,11.271693714089535,,,
WORKER_RELOC,,2,11,8,,6.879914614953608,,,
WORKER_RELOC,,2,11,9,,6.594120028750814,,,
WORKER_RELOC,,2,11,10,,9.653195543808371,,,
WORKER_RELOC,,2,11,11,,0.0,,,
WORKER_RELOC,,3,0,0,,0.0,,,
WORKER_RELOC,,3,0,1,,9.904795680967979,,,
WORKER_RELOC,,3,0,2,,11.70668148572139,,,
WORKER_RELOC,,3,0,3,,8.825199966696236,,,
WORKER_RELOC,,3,0,4,,10.354516156038796,,,
WORKER_RELOC,,3,0,5,,11.940747567322006,,,
WORKER_RELOC,,3,0,6,,5.051439939577744,,,
WORKER_RELOC,,3,0,7,,5.364358597884996,,,
WORKER_RELOC,,3,0,8,,7.645342198009429,,,
WORKER_RELOC,,3,0,9,,7.73135582004304,,,
WORKER_RELOC,,3,0,10,,9.809103455619919,,,
WORKER_RELOC,,3,0,11,,6.1387011753640515,,,
WORKER_RELOC,,3,1,0,,4.644667750701997,,,
WORKER_RELOC,,3,1,1,,0.0,,,
WORKER_RELOC,,3,1,2,,2.3026928426125473,,,
WORKER_RELOC,,3,1,3,,10.097726405209377,,,
WORKER_RELOC,,3,1,4,,9.365050631200303,,,
WORKER_RELOC,,3,1,5,,9.560463465460476,,,
WORKER_RELOC,,3,1,6,,5.9105756889049434,,,
WORKER_RELOC,,3,1,7,,8.617638544018533,,,
WORKER_RELOC,,3,1,8,,10.65159028861885,,,
WORKER_RELOC,,3,1,9,,10.913427502981321,,,
WORKER_RELOC,,3,1,10,,6.736997200920818,,,
WORKER_RELOC,,3,1,11,,5.958127836017535,,,
WORKER_RELOC,,3,2,0,,5.98195920531471,,,
WORKER_RELOC,,3,2,1,,2.5937801559213183,,,
WORKER_RELOC,,3,2,2,,0.0,,,
WORKER_RELOC,,3,2,3,,10.945380322690873,,,
WORKER_RELOC,,3,2,4,,6.4281829436587214,,,
WORKER_RELOC,,3,2,5,,10.482029065362152,,,
WORKER_RELOC,,3,2,6,,8.665141101832479,,,
WORKER_RELOC,,3,2,7,,9.355283356363904,,,
WORKER_RELOC,,3,2,8,,5.366845665972015,,,
WORKER_RELOC,,3,2,9,,11.483001389416282,,,
WORKER_RELOC,,3,2,10,,7.283965618875463,,,
WORKER_RELOC,,3,2,11,,9.662742993930404,,,
WORKER_RELOC,,3,3,0,,9.100242294958031,,,
WORKER_RELOC,,3,3,1,,6.071622287071392,,,
WORKER_RELOC,,3,3,2,,9.97271201729516,,,
WORKER_RELOC,,3,3,3,,0.0,,,
WORKER_RELOC,,3,3,4,,7.582308736447528,,,
WORKER_RELOC,,3,3,5,,4.967685020970553,,,
WORKER_RELOC,,3,3,6,,9.329587458192544,,,
WORKER_RELOC,,3,3,7,,10.35182969472709,,,
WORKER_RELOC,,3,3,8,,8.841902331682114,,,
WORKER_RELOC,,3,3,9,,10.19934360117723,,,
WORKER_RELOC,,3,3,10,,4.908454363239347,,,
WORKER_RELOC,,3,3,11,,7.179161024521343,,,
WORKER_RELOC,,3,4,0,,7.343917494104395,,,
WORKER_RELOC,,3,4,1,,5.857317388454448,,,
WORKER_RELOC,,3,4,2,,6.724287919073743,,,
WORKER_RELOC,,3,4,3,,8.976219937820186,,,
WORKER_RELOC,,3,4,4,,0.0,,,
WORKER_RELOC,,3,4,5,,1.647925259344278,,,
WORKER_RELOC,,3,4,6,,7.459613661788321,,,
WORKER_RELOC,,3,4,7,,7.153752997711997,,,
WORKER_RELOC,,3,4,8,,4.769710180424902,,,
WORKER_RELOC,,3,4,9,,9.526136726608682,,,
WORKER_RELOC,,3,4,10,,8.106913992418146,,,
WORKER_RELOC,,3,4,11,,8.723174433221448,,,
WORKER_RELOC,,3,5,0,,7.515601188567885,,,
WORKER_RELOC,,3,5,1,,9.61838026731022,,,
WORKER_RELOC,,3,5,2,,10.819179967196508,,,
WORKER_RELOC,,3,5,3,,11.605986427712145,,,
WORKER_RELOC,,3,5,4,,3.830707626958531,,,
WORKER_RELOC,,3,5,5,,0.0,,,
WORKER_RELOC,,3,5,6,,4.633061722451056,,,
WORKER_RELOC,,3,5,7,,9.200548714501162,,,
WORKER_RELOC,,3,5,8,,10.751069334251534,,,
WORKER_RELOC,,3,5,9,,9.11935077802335,,,
WORKER_RELOC,,3,5,10,,6.894208395227704,,,
WORKER_RELOC,,3,5,11,,8.129678689036599,,,
WORKER_RELOC,,3,6,0,,6.305453105925446,,,
WORKER_RELOC,,3,6,1,,6.657192689575744,,,
WORKER_RELOC,,3,6,2,,11.310866341816231,,,
WORKER_RELOC,,3,6,3,,5.10828547544886,,,
WORKER_RELOC,,3,6,4,,5.6855652623141335,,,
WORKER_RELOC,,3,6,5,,9.693375867211763,,,
WORKER_RELOC,,3,6,6,,0.0,,,
WORKER_RELOC,,3,6,7,,3.129189134569873,,,
WORKER_RELOC,,3,6,8,,9.625179368897765,,,
WORKER_RELOC,,3,6,9,,6.290849576356028,,,
WORKER_RELOC,,3,6,10,,6.84934114368478,,,
WORKER_RELOC,,3,6,11,,6.098034906374495,,,
WORKER_RELOC,,3,7,0,,8.213104440005264,,,
WORKER_RELOC,,3,7,1,,11.025232984230458,,,
WORKER_RELOC,,3,7,2,,9.107027867545439,,,
WORKER_RELOC,,3,7,3,,4.549899633454959,,,
WORKER_RELOC,,3,7,4,,5.34574465748898,,,
WORKER_RELOC,,3,7,5,,6.738682516885101,,,
WORKER_RELOC,,3,7,6,,2.9638326411946645,,,
WORKER_RELOC,,3,7,7,,0.0,,,
WORKER_RELOC,,3,7,8,,4.632685144300542,,,
WORKER_RELOC,,3,7,9,,6.417646200970811,,,
WORKER_RELOC,,3,7,10,,11.35732389405127,,,
WORKER_RELOC,,3,7,11,,10.316790516685877,,,
WORKER_RELOC,,3,8,0,,4.564032113363744,,,
WORKER_RELOC,,3,8,1,,7.712593413486739,,,
WORKER_RELOC,,3,8,2,,6.799967414898769,,,
WORKER_RELOC,,3,8,3,,11.360932719645009,,,
WORKER_RELOC,,3,8,4,,10.757253483081357,,,
WORKER_RELOC,,3,8,5,,9.698995878283682,,,
WORKER_RELOC,,3,8,6,,6.731959862058023,,,
WORKER_RELOC,,3,8,7,,9.535329798908768,,,
WORKER_RELOC,,3,8,8,,0.0,,,
WORKER_RELOC,,3,8,9,,2.272963716522364,,,
WORKER_RELOC,,3,8,10,,7.400902685484124,,,
WORKER_RELOC,,3,8,11,,9.762469114588978,,,
WORKER_RELOC,,3,9,0,,10.966139894629862,,,
WORKER_RELOC,,3,9,1,,10.400031688953488,,,
WORKER_RELOC,,3,9,2,,6.185488659939587,,,
WORKER_RELOC,,3,9,3,,11.001366493032775,,,
WORKER_RELOC,,3,9,4,,11.941736599391843,,,
WORKER_RELOC,,3,9,5,,10.771750031130521,,,
WORKER_RELOC,,3,9,6,,4.635851048398925,,,
WORKER_RELOC,,3,9,7,,5.038858943177983,,,
WORKER_RELOC,,3,9,8,,2.1754895493176454,,,
WORKER_RELOC,,3,9,9,,0.0,,,
WORKER_RELOC,,3,9,10,,11.296982895406435,,,
WORKER_RELOC,,3,9,11,,7.468298601622626,,,
WORKER_RELOC,,3,10,0,,9.900200496914897,,,
WORKER_RELOC,,3,10,1,,8.481879031992108,,,
WORKER_RELOC,,3,10,2,,7.320485340660137,,,
WORKER_RELOC,,3,10,3,,9.617282475217234,,,
WORKER_RELOC,,3,10,4,,8.776116730923063,,,
WORKER_RELOC,,3,10,5,,5.688918055453662,,,
WORKER_RELOC,,3,10,6,,6.455686583290758,,,
WORKER_RELOC,,3,10,7,,4.577811184537926,,,
WORKER_RELOC,,3,10,8,,5.4271041249058625,,,
WORKER_RELOC,,3,10,9,,10.459869337759848,,,
WORKER_RELOC,,3,10,10,,0.0,,,
WORKER_RELOC,,3,10,11,,7.112726311622454,,,
WORKER_RELOC,,3,11,0,,4.537012664300302,,,
WORKER_RELOC,,3,11,1,,11.326309318906613,,,
WORKER_RELOC,,3,11,2,,11.764401750567993,,,
WORKER_RELOC,,3,11,3,,6.149175590960058,,,
WORKER_RELOC,,3,11,4,,6.710180906237257,,,
WORKER_RELOC,,3,11,5,,8.566126153723227,,,
WORKER_RELOC,,3,11,6,,9.516753648868786,,,
WORKER_RELOC,,3,11,7,,10.788053532627629,,,
WORKER_RELOC,,3,11,8,,6.787263374332759,,,
WORKER_RELOC,,3,11,9,,8.077057315153935,,,
WORKER_RELOC,,3,11,10,,5.40567015403896,,,
WORKER_RELOC,,3,11,11,,0.0,,,
WORKER_RELOC,,4,0,0,,0.0,,,
WORKER_RELOC,,4,0,1,,9.063920601300167,,,
WORKER_RELOC,,4,0,2,,6.810982449812491,,,
WORKER_RELOC,,4,0,3,,5.163696829691622,,,
WORKER_RELOC,,4,0,4,,9.993299427236966,,,
WORKER_RELOC,,4,0,5,,11.799295933810047,,,
WORKER_RELOC,,4,0,6,,11.735952108939431,,,
WORKER_RELOC,,4,0,7,,8.78250507637577,,,
WORKER_RELOC,,4,0,8,,11.79716093768784,,,
WORKER_RELOC,,4,0,9,,10.446470905447352,,,
WORKER_RELOC,,4,0,10,,8.264219871432086,,,
WORKER_RELOC,,4,0,11,,6.472485708224003,,,
WORKER_RELOC,,4,1,0,,5.026229976298346,,,
WORKER_RELOC,,4,1,1,,0.0,,,
WORKER_RELOC,,4,1,2,,3.849429176638954,,,
WORKER_RELOC,,4,1,3,,6.875998527986749,,,
WORKER_RELOC,,4,1,4,,4.886623437609241,,,
WORKER_RELOC,,4,1,5,,7.948538650031684,,,
WORKER_RELOC,,4,1,6,,5.554489389956039,,,
WORKER_RELOC,,4,1,7,,11.185429417554026,,,
WORKER_RELOC,,4,1,8,,10.66385924636697,,,
WORKER_RELOC,,4,1,9,,11.583582065275063,,,
WORKER_RELOC,,4,1,10,,8.45377908590175,,,
WORKER_RELOC,,4,1,11,,5.42804606135331,,,
WORKER_RELOC,,4,2,0,,5.729920642095969,,,
WORKER_RELOC,,4,2,1,,3.5364527249734543,,,
WORKER_RELOC,,4,2,2,,0.0,,,
WORKER_RELOC,,4,2,3,,8.410388110684833,,,
WORKER_RELOC,,4,2,4,,6.237435464680437,,,
WORKER_RELOC,,4,2,5,,6.579303031476236,,,
WORKER_RELOC,,4,2,6,,6.24179556918263,,,
WORKER_RELOC,,4,2,7,,5.05888054717624,,,
WORKER_RELOC,,4,2,8,,10.718210446719917,,,
WORKER_RELOC,,4,2,9,,11.388907925911042,,,
WORKER_RELOC,,4,2,10,,4.909700657017771,,,
WORKER_RELOC,,4,2,11,,9.768521511050157,,,
WORKER_RELOC,,4,3,0,,10.487845923319602,,,
WORKER_RELOC,,4,3,1,,5.760009852227623,,,
WORKER_RELOC,,4,3,2,,5.585791226325383,,,
WORKER_RELOC,,4,3,3,,0.0,,,
WORKER_RELOC,,4,3,4,,6.20212221906632,,,
WORKER_RELOC,,4,3,5,,7.576462447917106,,,
WORKER_RELOC,,4,3,6,,9.59512328897184,,,
WORKER_RELOC,,4,3,7,,7.4797912490621385,,,
WORKER_RELOC,,4,3,8,,5.087214023853789,,,
WORKER_RELOC,,4,3,9,,5.617452429444755,,,
WORKER_RELOC,,4,3,10,,11.978568861654868,,,
WORKER_RELOC,,4,3,11,,10.814691793884716,,,
WORKER_RELOC,,4,4,0,,9.845771825078204,,,
WORKER_RELOC,,4,4,1,,5.823812439715152,,,
WORKER_RELOC,,4,4,2,,4.581144474379611,,,
WORKER_RELOC,,4,4,3,,8.253874771037317,,,
WORKER_RELOC,,4,4,4,,0.0,,,
WORKER_RELOC,,4,4,5,,2.65963752592743,,,
WORKER_RELOC,,4,4,6,,5.31778669360487,,,
WORKER_RELOC,,4,4,7,,5.1149839977021685,,,
WORKER_RELOC,,4,4,8,,6.280719434703208,,,
WORKER_RELOC,,4,4,9,,11.857436329922761,,,
WORKER_RELOC,,4,4,10,,10.692595556715396,,,
WORKER_RELOC,,4,4,11,,6.223806264365062,,,
WORKER_RELOC,,4,5,0,,4.767764974233087,,,
WORKER_RELOC,,4,5,1,,10.244048421179121,,,
WORKER_RELOC,,4,5,2,,11.166099292195499,,,
WORKER_RELOC,,4,5,3,,9.435412888474955,,,
WORKER_RELOC,,4,5,4,,2.115540199041048,,,
WORKER_RELOC,,4,5,5,,0.0,,,
WORKER_RELOC,,4,5,6,,7.5472530445754895,,,
WORKER_RELOC,,4,5,7,,10.384990855422863,,,
WORKER_RELOC,,4,5,8,,9.207150731795979,,,
WORKER_RELOC,,4,5,9,,4.503034377000889,,,
WORKER_RELOC,,4,5,10,,6.295560666074657,,,
WORKER_RELOC,,4,5,11,,7.223788173990942,,,
WORKER_RELOC,,4,6,0,,7.203280929965157,,,
WORKER_RELOC,,4,6,1,,6.375039391851495,,,
WORKER_RELOC,,4,6,2,,8.958284970914383,,,
WORKER_RELOC,,4,6,3,,8.119425890378828,,,
WORKER_RELOC,,4,6,4,,6.7261210001547544,,,
WORKER_RELOC,,4,6,5,,5.621826128199157,,,
WORKER_RELOC,,4,6,6,,0.0,,,
WORKER_RELOC,,4,6,7,,2.355377464306063,,,
WORKER_RELOC,,4,6,8,,10.230998549245491,,,
WORKER_RELOC,,4,6,9,,11.520163447818119,,,
WORKER_RELOC,,4,6,10,,8.7984348120766,,,
WORKER_RELOC,,4,6,11,,6.837252929382062,,,
WORKER_RELOC,,4,7,0,,5.81866045984273,,,
WORKER_RELOC,,4,7,1,,9.489455916708817,,,
WORKER_RELOC,,4,7,2,,7.553823658858588,,,
WORKER_RELOC,,4,7,3,,8.458092931250164,,,
WORKER_RELOC,,4,7,4,,11.902815219141589,,,
WORKER_RELOC,,4,7,5,,5.231462048615711,,,
WORKER_RELOC,,4,7,6,,3.670111036326438,,,
WORKER_RELOC,,4,7,7,,0.0,,,
WORKER_RELOC,,4,7,8,,7.594280091857939,,,
WORKER_RELOC,,4,7,9,,5.617837925260978,,,
WORKER_RELOC,,4,7,10,,8.79657370780995,,,
WORKER_RELOC,,4,7,11,,11.501051067809874,,,
WORKER_RELOC,,4,8,0,,9.810513765409517,,,
WORKER_RELOC,,4,8,1,,8.01098302604288,,,
WORKER_RELOC,,4,8,2,,9.755754644460822,,,
WORKER_RELOC,,4,8,3,,9.171720400760584,,,
WORKER_RELOC,,4,8,4,,8.334155912296154,,,
WORKER_RELOC,,4,8,5,,5.184526937826104,,,
WORKER_RELOC,,4,8,6,,6.503322156787016,,,
WORKER_RELOC,,4,8,7,,5.868916893424041,,,
WORKER_RELOC,,4,8,8,,0.0,,,
WORKER_RELOC,,4,8,9,,1.7168693626985778,,,
WORKER_RELOC,,4,8,10,,10.402325430791269,,,
WORKER_RELOC,,4,8,11,,7.653336609616314,,,
WORKER_RELOC,,4,9,0,,11.540288048525666,,,
WORKER_RELOC,,4,9,1,,7.585960116530124,,,
WORKER_RELOC,,4,9,2,,7.077641989608807,,,
WORKER_RELOC,,4,9,3,,8.901795422243945,,,
WORKER_RELOC,,4,9,4,,7.677319988483753,,,
WORKER_RELOC,,4,9,5,,9.548191458373452,,,
WORKER_RELOC,,4,9,6,,6.724327617049914,,,
WORKER_RELOC,,4,9,7,,4.5128327505303165,,,
WORKER_RELOC,,4,9,8,,1.62729222092551,,,
WORKER_RELOC,,4,9,9,,0.0,,,
WORKER_RELOC,,4,9,10,,10.461434527193214,,,
WORKER_RELOC,,4,9,11,,7.893302630898653,,,
WORKER_RELOC,,4,10,0,,5.86193944014188,,,
WORKER_RELOC,,4,10,1,,8.126889914508691,,,
WORKER_RELOC,,4,10,2,,5.686259773097077,,,
WORKER_RELOC,,4,10,3,,10.999524621228932,,,
WORKER_RELOC,,4,10,4,,7.615947613334715,,,
WORKER_RELOC,,4,10,5,,8.759244408267996,,,
WORKER_RELOC,,4,10,6,,8.5683319355655,,,
WORKER_RELOC,,4,10,7,,11.33573186491857,,,
WORKER_RELOC,,4,10,8,,9.380543513311968,,,
WORKER_RELOC,,4,10,9,,6.801604065565383,,,
WORKER_RELOC,,4,10,10,,0.0,,,
WORKER_RELOC,,4,10,11,,10.33596945668767,,,
WORKER_RELOC,,4,11,0,,8.20867742363842,,,
WORKER_RELOC,,4,11,1,,10.270327227877376,,,
WORKER_RELOC,,4,11,2,,8.519082197928844,,,
WORKER_RELOC,,4,11,3,,8.821998349050094,,,
WORKER_RELOC,,4,11,4,,5.589100275201536,,,
WORKER_RELOC,,4,11,5,,11.30537506425599,,,
WORKER_RELOC,,4,11,6,,8.70987473542473,,,
WORKER_RELOC,,4,11,7,,8.488114259092704,,,
WORKER_RELOC,,4,11,8,,9.076945733247854,,,
WORKER_RELOC,,4,11,9,,9.92869743920074,,,
WORKER_RELOC,,4,11,10,,8.146886433834213,,,
WORKER_RELOC,,4,11,11,,0.0,,,
WORKER_RELOC,,5,0,0,,0.0,,,
WORKER_RELOC,,5,0,1,,7.5688996126081864,,,
WORKER_RELOC,,5,0,2,,7.796022849868599,,,
WORKER_RELOC,,5,0,3,,8.708666148241841,,,
WORKER_RELOC,,5,0,4,,9.980063409956546,,,
WORKER_RELOC,,5,0,5,,5.746410833247266,,,
WORKER_RELOC,,5,0,6,,9.75234698009763,,,
WORKER_RELOC,,5,0,7,,6.161669223863597,,,
WORKER_RELOC,,5,0,8,,6.317757698643813,,,
WORKER_RELOC,,5,0,9,,9.030950820364254,,,
WORKER_RELOC,,5,0,10,,5.999785376827964,,,
WORKER_RELOC,,5,0,11,,7.5292303539116805,,,
WORKER_RELOC,,5,1,0,,7.68162452953137,,,
WORKER_RELOC,,5,1,1,,0.0,,,
WORKER_RELOC,,5,1,2,,2.426647026258914,,,
WORKER_RELOC,,5,1,3,,11.579045800553477,,,
WORKER_RELOC,,5,1,4,,7.212852841782331,,,
WORKER_RELOC,,5,1,5,,9.471138510206748,,,
WORKER_RELOC,,5,1,6,,5.092747329404032,,,
WORKER_RELOC,,5,1,7,,11.798435338638775,,,
WORKER_RELOC,,5,1,8,,9.087616656499044,,,
WORKER_RELOC,,5,1,9,,8.076075122815151,,,
WORKER_RELOC,,5,1,10,,9.523727387071744,,,
WORKER_RELOC,,5,1,11,,10.895413739171486,,,
WORKER_RELOC,,5,2,0,,8.35097551077464,,,
WORKER_RELOC,,5,2,1,,3.7349923216363097,,,
WORKER_RELOC,,5,2,2,,0.0,,,
WORKER_RELOC,,5,2,3,,10.59772611581839,,,
WORKER_RELOC,,5,2,4,,6.809174533554095,,,
WORKER_RELOC,,5,2,5,,9.522894704300903,,,
WORKER_RELOC,,5,2,6,,6.105939209458007,,,
WORKER_RELOC,,5,2,7,,4.68442521543044,,,
WORKER_RELOC,,5,2,8,,10.713235061866165,,,
WORKER_RELOC,,5,2,9,,10.286883724650606,,,
WORKER_RELOC,,5,2,10,,8.079514682459557,,,
WORKER_RELOC,,5,2,11,,8.618929417942208,,,
WORKER_RELOC,,5,3,0,,10.102424791907406,,,
WORKER_RELOC,,5,3,1,,10.389930903641808,,,
WORKER_RELOC,,5,3,2,,10.066742256186973,,,
WORKER_RELOC,,5,3,3,,0.0,,,
WORKER_RELOC,,5,3,4,,11.252372441516112,,,
WORKER_RELOC,,5,3,5,,9.323788222020214,,,
WORKER_RELOC,,5,3,6,,11.192177007756818,,,
WORKER_RELOC,,5,3,7,,10.473515862170537,,,
WORKER_RELOC,,5,3,8,,10.134073485202201,,,
WORKER_RELOC,,5,3,9,,10.328514014953544,,,
WORKER_RELOC,,5,3,10,,9.432310629232555,,,
WORKER_RELOC,,5,3,11,,8.26358604680885,,,
WORKER_RELOC,,5,4,0,,11.462239089988861,,,
WORKER_RELOC,,5,4,1,,11.793628340056937,,,
WORKER_RELOC,,5,4,2,,10.500953918991547,,,
WORKER_RELOC,,5,4,3,,7.450737770305558,,,
WORKER_RELOC,,5,4,4,,0.0,,,
WORKER_RELOC,,5,4,5,,2.1639807546917047,,,
WORKER_RELOC,,5,4,6,,6.676866371991455,,,
WORKER_RELOC,,5,4,7,,8.560549653257468,,,
WORKER_RELOC,,5,4,8,,8.411284145282918,,,
WORKER_RELOC,,5,4,9,,9.652515531256663,,,
WORKER_RELOC,,5,4,10,,11.556683401814203,,,
WORKER_RELOC,,5,4,11,,10.035997377453072,,,
WORKER_RELOC,,5,5,0,,4.665642586457384,,,
WORKER_RELOC,,5,5,1,,9.550883892976492,,,
WORKER_RELOC,,5,5,2,,8.171214360646639,,,
WORKER_RELOC,,5,5,3,,7.733788041670948,,,
WORKER_RELOC,,5,5,4,,2.683489575415573,,,
WORKER_RELOC,,5,5,5,,0.0,,,
WORKER_RELOC,,5,5,6,,7.811967300026049,,,
WORKER_RELOC,,5,5,7,,5.732915500227335,,,
WORKER_RELOC,,5,5,8,,4.673779453043273,,,
WORKER_RELOC,,5,5,9,,8.305130598815293,,,
WORKER_RELOC,,5,5,10,,7.176838207954184,,,
WORKER_RELOC,,5,5,11,,10.623437249032873,,,
WORKER_RELOC,,5,6,0,,5.770452837478998,,,
WORKER_RELOC,,5,6,1,,5.761257324923934,,,
WORKER_RELOC,,5,6,2,,10.75968117726087,,,
WORKER_RELOC,,5,6,3,,11.480330170408052,,,
WORKER_RELOC,,5,6,4,,10.86496587690358,,,
WORKER_RELOC,,5,6,5,,7.213135317620127,,,
WORKER_RELOC,,5,6,6,,0.0,,,
WORKER_RELOC,,5,6,7,,4.109083027184551,,,
WORKER_RELOC,,5,6,8,,6.031845362444274,,,
WORKER_RELOC,,5,6,9,,11.364802949798973,,,
WORKER_RELOC,,5,6,10,,10.603279519672753,,,
WORKER_RELOC,,5,6,11,,7.974648366219104,,,
WORKER_RELOC,,5,7,0,,10.359427784118616,,,
WORKER_RELOC,,5,7,1,,11.431398325327645,,,
WORKER_RELOC,,5,7,2,,5.153981237696443,,,
WORKER_RELOC,,5,7,3,,10.517766375340155,,,
WORKER_RELOC,,5,7,4,,9.22700999776,,,
WORKER_RELOC,,5,7,5,,10.151573779244355,,,
WORKER_RELOC,,5,7,6,,1.6883976780429313,,,
WORKER_RELOC,,5,7,7,,0.0,,,
WORKER_RELOC,,5,7,8,,7.651939591724969,,,
WORKER_RELOC,,5,7,9,,9.398032868100017,,,
WORKER_RELOC,,5,7,10,,11.494480982786765,,,
WORKER_RELOC,,5,7,11,,5.486137217018074,,,
WORKER_RELOC,,5,8,0,,4.760219675007532,,,
WORKER_RELOC,,5,8,1,,6.270453127236996,,,
WORKER_RELOC,,5,8,2,,11.364946796519517,,,
WORKER_RELOC,,5,8,3,,11.976541453765819,,,
WORKER_RELOC,,5,8,4,,4.640628208030332,,,
WORKER_RELOC,,5,8,5,,7.100494501494275,,,
WORKER_RELOC,,5,8,6,,10.805740272322156,,,
WORKER_RELOC,,5,8,7,,7.0779716843344795,,,
WORKER_RELOC,,5,8,8,,0.0,,,
WORKER_RELOC,,5,8,9,,1.6385848662438858,,,
WORKER_RELOC,,5,8,10,,8.57525769289613,,,
WORKER_RELOC,,5,8,11,,6.1923027627697245,,,
WORKER_RELOC,,5,9,0,,11.457399788019329,,,
WORKER_RELOC,,5,9,1,,6.929173620806377,,,
WORKER_RELOC,,5,9,2,,5.813864564808799,,,
WORKER_RELOC,,5,9,3,,11.346401707975541,,,
WORKER_RELOC,,5,9,4,,7.485272180034194,,,
WORKER_RELOC,,5,9,5,,11.103825334985387,,,
WORKER_RELOC,,5,9,6,,6.173757527762335,,,
WORKER_RELOC,,5,9,7,,11.023383256499294,,,
WORKER_RELOC,,5,9,8,,2.1960145843026955,,,
WORKER_RELOC,,5,9,9,,0.0,,,
WORKER_RELOC,,5,9,10,,11.240489992627408,,,
WORKER_RELOC,,5,9,11,,9.894473606382153,,,
WORKER_RELOC,,5,10,0,,10.010833327959126,,,
WORKER_RELOC,,5,10,1,,4.950395716975437,,,
WORKER_RELOC,,5,10,2,,6.018747013066237,,,
WORKER_RELOC,,5,10,3,,6.768839390253216,,,
WORKER_RELOC,,5,10,4,,11.614108426428274,,,
WORKER_RELOC,,5,10,5,,11.558461571323484,,,
WORKER_RELOC,,5,10,6,,11.806451941366157,,,
WORKER_RELOC,,5,10,7,,7.610542086155725,,,
WORKER_RELOC,,5,10,8,,6.521010624102166,,,
WORKER_RELOC,,5,10,9,,11.994237242376407,,,
WORKER_RELOC,,5,10,10,,0.0,,,
WORKER_RELOC,,5,10,11,,8.921058415061104,,,
WORKER_RELOC,,5,11,0,,11.156510479282801,,,
WORKER_RELOC,,5,11,1,,11.734740173675545,,,
WORKER_RELOC,,5,11,2,,5.627597951562397,,,
WORKER_RELOC,,5,11,3,,9.415208058159433,,,
WORKER_RELOC,,5,11,4,,9.743671569192951,,,
WORKER_RELOC,,5,11,5,,11.744274797736722,,,
WORKER_RELOC,,5,11,6,,6.702895646479283,,,
WORKER_RELOC,,5,11,7,,4.9652275538452235,,,
WORKER_RELOC,,5,11,8,,5.05581412200963,,,
WORKER_RELOC,,5,11,9,,10.465227884331032,,,
WORKER_RELOC,,5,11,10,,11.436593288410645,,,
WORKER_RELOC,,5,11,11,,0.0,,,
WORKER_RELOC,,6,0,0,,0.0,,,
WORKER_RELOC,,6,0,1,,11.880216863379456,,,
WORKER_RELOC,,6,0,2,,10.259276916985154,,,
WORKER_RELOC,,6,0,3,,7.424551565337124,,,
WORKER_RELOC,,6,0,4,,7.346095292268098,,,
WORKER_RELOC,,6,0,5,,11.944833424198393,,,
WORKER_RELOC,,6,0,6,,11.695954640173188,,,
WORKER_RELOC,,6,0,7,,11.688861673388663,,,
WORKER_RELOC,,6,0,8,,5.907646987262673,,,
WORKER_RELOC,,6,0,9,,6.164497850618965,,,
WORKER_RELOC,,6,0,10,,5.701642244850516,,,
WORKER_RELOC,,6,0,11,,7.315250221515956,,,
WORKER_RELOC,,6,1,0,,6.178285815673233,,,
WORKER_RELOC,,6,1,1,,0.0,,,
WORKER_RELOC,,6,1,2,,3.0944960738698333,,,
WORKER_RELOC,,6,1,3,,8.567703381839907,,,
WORKER_RELOC,,6,1,4,,10.72006707765972,,,
WORKER_RELOC,,6,1,5,,5.491624756846869,,,
WORKER_RELOC,,6,1,6,,8.412812362458093,,,
WORKER_RELOC,,6,1,7,,11.99829365938626,,,
WORKER_RELOC,,6,1,8,,6.547817280599879,,,
WORKER_RELOC,,6,1,9,,11.28588205683519,,,
WORKER_RELOC,,6,1,10,,11.767910437923225,,,
WORKER_RELOC,,6,1,11,,9.386031811419437,,,
WORKER_RELOC,,6,2,0,,10.1539336218361,,,
WORKER_RELOC,,6,2,1,,2.7270741983309836,,,
WORKER_RELOC,,6,2,2,,0.0,,,
WORKER_RELOC,,6,2,3,,6.595691824015905,,,
WORKER_RELOC,,6,2,4,,5.883404852885609,,,
WORKER_RELOC,,6,2,5,,10.938309515021889,,,
WORKER_RELOC,,6,2,6,,10.236601193211323,,,
WORKER_RELOC,,6,2,7,,10.841959825977128,,,
WORKER_RELOC,,6,2,8,,5.237846572099107,,,
WORKER_RELOC,,6,2,9,,10.579815209943842,,,
WORKER_RELOC,,6,2,10,,4.778588852737739,,,
WORKER_RELOC,,6,2,11,,11.479782522367124,,,
WORKER_RELOC,,6,3,0,,7.950712569711163,,,
WORKER_RELOC,,6,3,1,,5.3866084772839535,,,
WORKER_RELOC,,6,3,2,,6.760542454385031,,,
WORKER_RELOC,,6,3,3,,0.0,,,
WORKER_RELOC,,6,3,4,,7.768518083307393,,,
WORKER_RELOC,,6,3,5,,5.70244773703364,,,
WORKER_RELOC,,6,3,6,,8.90244901343839,,,
WORKER_RELOC,,6,3,7,,8.816238311147623,,,
WORKER_RELOC,,6,3,8,,7.339115607471439,,,
WORKER_RELOC,,6,3,9,,6.531476922422774,,,
WORKER_RELOC,,6,3,10,,9.396347372894802,,,
WORKER_RELOC,,6,3,11,,4.50884556347979,,,
WORKER_RELOC,,6,4,0,,8.790487994805734,,,
WORKER_RELOC,,6,4,1,,11.92078088334647,,,
WORKER_RELOC,,6,4,2,,7.177128118569161,,,
WORKER_RELOC,,6,4,3,,10.498882567674638,,,
WORKER_RELOC,,6,4,4,,0.0,,,
WORKER_RELOC,,6,4,5,,1.9938407456692877,,,
WORKER_RELOC,,6,4,6,,11.530058839714151,,,
WORKER_RELOC,,6,4,7,,8.734445209914407,,,
WORKER_RELOC,,6,4,8,,11.849384208745462,,,
WORKER_RELOC,,6,4,9,,5.929273624650567,,,
WORKER_RELOC,,6,4,10,,9.85258686947223,,,
WORKER_RELOC,,6,4,11,,8.77925667793448,,,
WORKER_RELOC,,6,5,0,,7.322082199520631,,,
WORKER_RELOC,,6,5,1,,9.956015944452306,,,
WORKER_RELOC,,6,5,2,,10.305051936860833,,,
WORKER_RELOC,,6,5,3,,6.922373569872205,,,
WORKER_RELOC,,6,5,4,,3.701918724878382,,,
WORKER_RELOC,,6,5,5,,0.0,,,
WORKER_RELOC,,6,5,6,,11.32520563019457,,,
WORKER_RELOC,,6,5,7,,11.968710994690102,,,
WORKER_RELOC,,6,5,8,,5.562095508232,,,
WORKER_RELOC,,6,5,9,,10.73363553771227,,,
WORKER_RELOC,,6,5,10,,6.381406280077838,,,
WORKER_RELOC,,6,5,11,,7.407008015612798,,,
WORKER_RELOC,,6,6,0,,10.977725266553357,,,
WORKER_RELOC,,6,6,1,,8.618196702777942,,,
WORKER_RELOC,,6,6,2,,10.117404544693807,,,
WORKER_RELOC,,6,6,3,,6.353286781704837,,,
WORKER_RELOC,,6,6,4,,11.031678776703195,,,
WORKER_RELOC,,6,6,5,,7.975176203669167,,,
WORKER_RELOC,,6,6,6,,0.0,,,
WORKER_RELOC,,6,6,7,,1.7334977514814822,,,
WORKER_RELOC,,6,6,8,,7.833662876771302,,,
WORKER_RELOC,,6,6,9,,8.10171889005353,,,
WORKER_RELOC,,6,6,10,,8.845856061506192,,,
WORKER_RELOC,,6,6,11,,8.66822780672728,,,
WORKER_RELOC,,6,7,0,,11.368472769087743,,,
WORKER_RELOC,,6,7,1,,11.067303221944652,,,
WORKER_RELOC,,6,7,2,,10.879143389442383,,,
WORKER_RELOC,,6,7,3,,10.857575771292005,,,
WORKER_RELOC,,6,7,4,,5.788277856847435,,,
WORKER_RELOC,,6,7,5,,10.911609418190238,,,
WORKER_RELOC,,6,7,6,,2.355628960080609,,,
WORKER_RELOC,,6,7,7,,0.0,,,
WORKER_RELOC,,6,7,8,,6.208937361301933,,,
WORKER_RELOC,,6,7,9,,4.894985189478504,,,
WORKER_RELOC,,6,7,10,,8.764462056279857,,,
WORKER_RELOC,,6,7,11,,5.731754452137271,,,
WORKER_RELOC,,6,8,0,,7.336513945287182,,,
WORKER_RELOC,,6,8,1,,7.973871478545998,,,
WORKER_RELOC,,6,8,2,,5.381959729901881,,,
WORKER_RELOC,,6,8,3,,5.564634775039222,,,
WORKER_RELOC,,6,8,4,,11.63251143553917,,,
WORKER_RELOC,,6,8,5,,9.324890921060593,,,
WORKER_RELOC,,6,8,6,,9.80880908135817,,,
WORKER_RELOC,,6,8,7,,11.200642553136829,,,
WORKER_RELOC,,6,8,8,,0.0,,,
WORKER_RELOC,,6,8,9,,2.588844884782243,,,
WORKER_RELOC,,6,8,10,,10.532160156266999,,,
WORKER_RELOC,,6,8,11,,5.155080922774841,,,
WORKER_RELOC,,6,9,0,,8.312426709646479,,,
WORKER_RELOC,,6,9,1,,6.857106121973289,,,
WORKER_RELOC,,6,9,2,,6.4572633578606995,,,
WORKER_RELOC,,6,9,3,,5.579136569762705,,,
WORKER_RELOC,,6,9,4,,11.450288002224678,,,
WORKER_RELOC,,6,9,5,,8.030575551179224,,,
WORKER_RELOC,,6,9,6,,6.83845857086088,,,
WORKER_RELOC,,6,9,7,,4.951618824894366,,,
WORKER_RELOC,,6,9,8,,1.6828379630444226,,,
WORKER_RELOC,,6,9,9,,0.0,,,
WORKER_RELOC,,6,9,10,,5.335462237162909,,,
WORKER_RELOC,,6,9,11,,9.845286437816124,,,
WORKER_RELOC,,6,10,0,,9.375203482703732,,,
WORKER_RELOC,,6,10,1,,5.49925415416603,,,
WORKER_RELOC,,6,10,2,,11.25150279026604,,,
WORKER_RELOC,,6,10,3,,7.02037996700754,,,
WORKER_RELOC,,6,10,4,,5.371585552676631,,,
WORKER_RELOC,,6,10,5,,9.16323938817544,,,
WORKER_RELOC,,6,10,6,,4.660701213092555,,,
WORKER_RELOC,,6,10,7,,5.65585448494673,,,
WORKER_RELOC,,6,10,8,,11.921314598258187,,,
WORKER_RELOC,,6,10,9,,6.149593474737841,,,
WORKER_RELOC,,6,10,10,,0.0,,,
WORKER_RELOC,,6,10,11,,10.77397859306379,,,
WORKER_RELOC,,6,11,0,,6.895549206981054,,,
WORKER_RELOC,,6,11,1,,6.086734597089879,,,
WORKER_RELOC,,6,11,2,,8.540773433940185,,,
WORKER_RELOC,,6,11,3,,10.386528426872077,,,
WORKER_RELOC,,6,11,4,,11.560123849849584,,,
WORKER_RELOC,,6,11,5,,9.232349624235418,,,
WORKER_RELOC,,6,11,6,,7.8065942408114015,,,
WORKER_RELOC,,6,11,7,,7.702534350308445,,,
WORKER_RELOC,,6,11,8,,5.282927707801754,,,
WORKER_RELOC,,6,11,9,,10.009611282512612,,,
WORKER_RELOC,,6,11,10,,5.711444184352607,,,
WORKER_RELOC,,6,11,11,,0.0,,,
WORKER_RELOC,,7,0,0,,0.0,,,
WORKER_RELOC,,7,0,1,,7.500088766071494,,,
WORKER_RELOC,,7,0,2,,6.764509083510087,,,
WORKER_RELOC,,7,0,3,,6.093833875835951,,,
WORKER_RELOC,,7,0,4,,11.411478834693495,,,
WORKER_RELOC,,7,0,5,,10.330468198959418,,,
WORKER_RELOC,,7,0,6,,7.046401979539153,,,
WORKER_RELOC,,7,0,7,,8.273247527800262,,,
WORKER_RELOC,,7,0,8,,10.729650901077799,,,
WORKER_RELOC,,7,0,9,,8.032968343066191,,,
WORKER_RELOC,,7,0,10,,8.05032843870627,,,
WORKER_RELOC,,7,0,11,,6.063056636444028,,,
WORKER_RELOC,,7,1,0,,9.247282428940917,,,
WORKER_RELOC,,7,1,1,,0.0,,,
WORKER_RELOC,,7,1,2,,2.741104905814709,,,
WORKER_RELOC,,7,1,3,,11.789809955104603,,,
WORKER_RELOC,,7,1,4,,11.721179396561482,,,
WORKER_RELOC,,7,1,5,,11.055016577649639,,,
WORKER_RELOC,,7,1,6,,7.555980473739533,,,
WORKER_RELOC,,7,1,7,,11.684957722039947,,,
WORKER_RELOC,,7,1,8,,7.891091337634784,,,
WORKER_RELOC,,7,1,9,,5.656598246256666,,,
WORKER_RELOC,,7,1,10,,9.418343276895314,,,
WORKER_RELOC,,7,1,11,,4.669813981711358,,,
WORKER_RELOC,,7,2,0,,4.930848113180618,,,
WORKER_RELOC,,7,2,1,,2.2646036370205245,,,
WORKER_RELOC,,7,2,2,,0.0,,,
WORKER_RELOC,,7,2,3,,8.91530822620819,,,
WORKER_RELOC,,7,2,4,,7.886016033682782,,,
WORKER_RELOC,,7,2,5,,9.78366041620707,,,
WORKER_RELOC,,7,2,6,,5.88021089151523,,,
WORKER_RELOC,,7,2,7,,7.65524933932726,,,
WORKER_RELOC,,7,2,8,,7.436645222612452,,,
WORKER_RELOC,,7,2,9,,11.938197839311322,,,
WORKER_RELOC,,7,2,10,,8.59520878519128,,,
WORKER_RELOC,,7,2,11,,5.919508980019775,,,
WORKER_RELOC,,7,3,0,,11.020058471845605,,,
WORKER_RELOC,,7,3,1,,8.42787260843362,,,
WORKER_RELOC,,7,3,2,,5.66982320002749,,,
WORKER_RELOC,,7,3,3,,0.0,,,
WORKER_RELOC,,7,3,4,,8.437462234539803,,,
WORKER_RELOC,,7,3,5,,10.982672581040909,,,
WORKER_RELOC,,7,3,6,,11.254326315257023,,,
WORKER_RELOC,,7,3,7,,4.836472740488791,,,
WORKER_RELOC,,7,3,8,,6.212704380034685,,,
WORKER_RELOC,,7,3,9,,5.015393838459477,,,
WORKER_RELOC,,7,3,10,,11.222230192232615,,,
WORKER_RELOC,,7,3,11,,11.2074539025404,,,
WORKER_RELOC,,7,4,0,,7.774858752080248,,,
WORKER_RELOC,,7,4,1,,6.5299215785960225,,,
WORKER_RELOC,,7,4,2,,4.684309140103522,,,
WORKER_RELOC,,7,4,3,,7.5611751311001525,,,
WORKER_RELOC,,7,4,4,,0.0,,,
WORKER_RELOC,,7,4,5,,2.5159832203694052,,,
WORKER_RELOC,,7,4,6,,11.45940203081991,,,
WORKER_RELOC,,7,4,7,,6.431077871195319,,,
WORKER_RELOC,,7,4,8,,9.281418025500356,,,
WORKER_RELOC,,7,4,9,,11.867472792192709,,,
WORKER_RELOC,,7,4,10,,7.198647375735937,,,
WORKER_RELOC,,7,4,11,,7.002127692489191,,,
WORKER_RELOC,,7,5,0,,10.972060680696297,,,
WORKER_RELOC,,7,5,1,,8.543350021573733,,,
WORKER_RELOC,,7,5,2,,4.8458678755102085,,,
WORKER_RELOC,,7,5,3,,9.567931154254817,,,
WORKER_RELOC,,7,5,4,,2.692395495481091,,,
WORKER_RELOC,,7,5,5,,0.0,,,
WORKER_RELOC,,7,5,6,,11.63678655522499,,,
WORKER_RELOC,,7,5,7,,6.638188737408597,,,
WORKER_RELOC,,7,5,8,,6.549102016586146,,,
WORKER_RELOC,,7,5,9,,6.66328033575553,,,
WORKER_RELOC,,7,5,10,,10.584869842109143,,,
WORKER_RELOC,,7,5,11,,9.45763203748317,,,
WORKER_RELOC,,7,6,0,,11.793083588889324,,,
WORKER_RELOC,,7,6,1,,9.928894566256178,,,
WORKER_RELOC,,7,6,2,,7.24088483726702,,,
WORKER_RELOC,,7,6,3,,10.027661289515034,,,
WORKER_RELOC,,7,6,4,,7.843103451009584,,,
WORKER_RELOC,,7,6,5,,7.3692468945425675,,,
WORKER_RELOC,,7,6,6,,0.0,,,
WORKER_RELOC,,7,6,7,,4.061266186746012,,,
WORKER_RELOC,,7,6,8,,8.005922932732473,,,
WORKER_RELOC,,7,6,9,,8.099575217716247,,,
WORKER_RELOC,,7,6,10,,7.462731936080898,,,
WORKER_RELOC,,7,6,11,,7.758622031100501,,,
WORKER_RELOC,,7,7,0,,10.219924454175622,,,
WORKER_RELOC,,7,7,1,,5.394419277968813,,,
WORKER_RELOC,,7,7,2,,11.340287180223026,,,
WORKER_RELOC,,7,7,3,,6.85655741844774,,,
WORKER_RELOC,,7,7,4,,9.427571695710828,,,
WORKER_RELOC,,7,7,5,,9.055889772759798,,,
WORKER_RELOC,,7,7,6,,2.7936181908908946,,,
WORKER_RELOC,,7,7,7,,0.0,,,
WORKER_RELOC,,7,7,8,,10.425200055483078,,,
WORKER_RELOC,,7,7,9,,9.416170985797383,,,
WORKER_RELOC,,7,7,10,,5.604846398510683,,,
WORKER_RELOC,,7,7,11,,10.20893791895587,,,
WORKER_RELOC,,7,8,0,,6.699914396740852,,,
WORKER_RELOC,,7,8,1,,11.635819126687082,,,
WORKER_RELOC,,7,8,2,,9.504438594215213,,,
WORKER_RELOC,,7,8,3,,11.583468243030605,,,
WORKER_RELOC,,7,8,4,,10.479080316671768,,,
WORKER_RELOC,,7,8,5,,7.28621830553807,,,
WORKER_RELOC,,7,8,6,,11.651903462522565,,,
WORKER_RELOC,,7,8,7,,6.359672958343796,,,
WORKER_RELOC,,7,8,8,,0.0,,,
WORKER_RELOC,,7,8,9,,3.8679409437863255,,,
WORKER_RELOC,,7,8,10,,9.129972273107018,,,
WORKER_RELOC,,7,8,11,,4.535514926057708,,,
WORKER_RELOC,,7,9,0,,11.550221463653157,,,
WORKER_RELOC,,7,9,1,,6.334236521276277,,,
WORKER_RELOC,,7,9,2,,11.613493523796517,,,
WORKER_RELOC,,7,9,3,,6.104562241105104,,,
WORKER_RELOC,,7,9,4,,6.139120306107973,,,
WORKER_RELOC,,7,9,5,,4.684555255455846,,,
WORKER_RELOC,,7,9,6,,6.361583333449991,,,
WORKER_RELOC,,7,9,7,,11.925493508561164,,,
WORKER_RELOC,,7,9,8,,3.1279446121158454,,,
WORKER_RELOC,,7,9,9,,0.0,,,
WORKER_RELOC,,7,9,10,,5.615012574858808,,,
WORKER_RELOC,,7,9,11,,9.645106182490668,,,
WORKER_RELOC,,7,10,0,,5.1520701449156014,,,
WORKER_RELOC,,7,10,1,,7.662833428106683,,,
WORKER_RELOC,,7,10,2,,6.812399935704781,,,
WORKER_RELOC,,7,10,3,,8.588988383593609,,,
WORKER_RELOC,,7,10,4,,8.03709377206166,,,
WORKER_RELOC,,7,10,5,,9.771042994166708,,,
WORKER_RELOC,,7,10,6,,7.717164673350352,,,
WORKER_RELOC,,7,10,7,,6.8342746010633695,,,
WORKER_RELOC,,7,10,8,,8.076503264290926,,,
WORKER_RELOC,,7,10,9,,4.9996960313662,,,
WORKER_RELOC,,7,10,10,,0.0,,,
WORKER_RELOC,,7,10,11,,5.6314888711127,,,
WORKER_RELOC,,7,11,0,,8.702485993785126,,,
WORKER_RELOC,,7,11,1,,11.913821970894361,,,
WORKER_RELOC,,7,11,2,,4.633812617911136,,,
WORKER_RELOC,,7,11,3,,8.503285034782543,,,
WORKER_RELOC,,7,11,4,,9.078870876452246,,,
WORKER_RELOC,,7,11,5,,9.999066273346589,,,
WORKER_RELOC,,7,11,6,,6.0571457922154845,,,
WORKER_RELOC,,7,11,7,,11.413720094682226,,,
WORKER_RELOC,,7,11,8,,10.852005371219699,,,
WORKER_RELOC,,7,11,9,,5.705426195489187,,,
WORKER_RELOC,,7,11,10,,10.097336327615912,,,
WORKER_RELOC,,7,11,11,,0.0,,,
ROBOT_RELOC,,0,0,0,,0.0,,,
ROBOT_RELOC,,0,0,1,,5.141347913693285,,,
ROBOT_RELOC,,0,0,2,,11.419413922740905,,,
ROBOT_RELOC,,0,0,3,,11.031680861400577,,,
ROBOT_RELOC,,0,0,4,,8.009532788814834,,,
ROBOT_RELOC,,0,0,5,,6.2541664684406495,,,
ROBOT_RELOC,,0,0,6,,11.34239681452284,,,
ROBOT_RELOC,,0,0,7,,8.219750765986717,,,
ROBOT_RELOC,,0,0,8,,6.535898951516422,,,
ROBOT_RELOC,,0,0,9,,10.769754175326677,,,
ROBOT_RELOC,,0,0,10,,5.197032154548813,,,
ROBOT_RELOC,,0,0,11,,6.648625349233946,,,
ROBOT_RELOC,,0,1,0,,7.052471886195361,,,
ROBOT_RELOC,,0,1,1,,0.0,,,
ROBOT_RELOC,,0,1,2,,3.4686043887804114,,,
ROBOT_RELOC,,0,1,3,,11.507596328923649,,,
ROBOT_RELOC,,0,1,4,,8.019237875960311,,,
ROBOT_RELOC,,0,1,5,,11.995084699126163,,,
ROBOT_RELOC,,0,1,6,,5.1788092981749205,,,
ROBOT_RELOC,,0,1,7,,7.230231413251975,,,
ROBOT_RELOC,,0,1,8,,5.158649477732117,,,
ROBOT_RELOC,,0,1,9,,8.2799011233612,,,
ROBOT_RELOC,,0,1,10,,8.149757375532651,,,
ROBOT_RELOC,,0,1,11,,9.141136386212393,,,
ROBOT_RELOC,,0,2,0,,4.872815425260823,,,
ROBOT_RELOC,,0,2,1,,2.894673076381145,,,
ROBOT_RELOC,,0,2,2,,0.0,,,
ROBOT_RELOC,,0,2,3,,11.867204618565134,,,
ROBOT_RELOC,,0,2,4,,8.190404972688826,,,
ROBOT_RELOC,,0,2,5,,11.647396373816072,,,
ROBOT_RELOC,,0,2,6,,8.381545247084796,,,
ROBOT_RELOC,,0,2,7,,9.198011880270291,,,
ROBOT_RELOC,,0,2,8,,8.27109306927918,,,
ROBOT_RELOC,,0,2,9,,10.315982034974512,,,
ROBOT_RELOC,,0,2,10,,10.197670437844398,,,
ROBOT_RELOC,,0,2,11,,5.506399335189129,,,
ROBOT_RELOC,,0,3,0,,5.4780151828846515,,,
ROBOT_RELOC,,0,3,1,,8.149360722589435,,,
ROBOT_RELOC,,0,3,2,,5.760185552886696,,,
ROBOT_RELOC,,0,3,3,,0.0,,,
ROBOT_RELOC,,0,3,4,,11.27037677912187,,,
ROBOT_RELOC,,0,3,5,,9.193936223857433,,,
ROBOT_RELOC,,0,3,6,,5.049517118560249,,,
ROBOT_RELOC,,0,3,7,,6.492145816074062,,,
ROBOT_RELOC,,0,3,8,,8.508616461614137,,,
ROBOT_RELOC,,0,3,9,,7.785849474727902,,,
ROBOT_RELOC,,0,3,10,,4.580290461712959,,,
ROBOT_RELOC,,0,3,11,,6.375008242857879,,,
ROBOT_RELOC,,0,4,0,,10.712880321547049,,,
ROBOT_RELOC,,0,4,1,,8.808517567840138,,,
ROBOT_RELOC,,0,4,2,,4.678899488501029,,,
ROBOT_RELOC,,0,4,3,,6.299928516189459,,,
ROBOT_RELOC,,0,4,4,,0.0,,,
ROBOT_RELOC,,0,4,5,,2.9567993820978824,,,
ROBOT_RELOC,,0,4,6,,4.8399409849743,,,
ROBOT_RELOC,,0,4,7,,9.56362832869915,,,
ROBOT_RELOC,,0,4,8,,10.072349475916287,,,
ROBOT_RELOC,,0,4,9,,8.729278861403818,,,
ROBOT_RELOC,,0,4,10,,6.401277971854289,,,
ROBOT_RELOC,,0,4,11,,6.369790467474239,,,
ROBOT_RELOC,,0,5,0,,7.3496944937795465,,,
ROBOT_RELOC,,0,5,1,,5.841897935597945,,,
ROBOT_RELOC,,0,5,2,,4.587898692339143,,,
ROBOT_RELOC,,0,5,3,,4.6650800689096785,,,
ROBOT_RELOC,,0,5,4,,4.43149182734288,,,
ROBOT_RELOC,,0,5,5,,0.0,,,
ROBOT_RELOC,,0,5,6,,6.055388527741933,,,
ROBOT_RELOC,,0,5,7,,7.046962375272704,,,
ROBOT_RELOC,,0,5,8,,6.008268286097984,,,
ROBOT_RELOC,,0,5,9,,5.589425472649289,,,
ROBOT_RELOC,,0,5,10,,8.094361881981227,,,
ROBOT_RELOC,,0,5,11,,10.33554570813056,,,
ROBOT_RELOC,,0,6,0,,8.159638211064973,,,
ROBOT_RELOC,,0,6,1,,8.88447717981467,,,
ROBOT_RELOC,,0,6,2,,8.347354234970883,,,
ROBOT_RELOC,,0,6,3,,5.932443532315018,,,
ROBOT_RELOC,,0,6,4,,6.165534259371308,,,
ROBOT_RELOC,,0,6,5,,9.634531706535462,,,
ROBOT_RELOC,,0,6,6,,0.0,,,
ROBOT_RELOC,,0,6,7,,1.6711368428980689,,,
ROBOT_RELOC,,0,6,8,,11.849705600466056,,,
ROBOT_RELOC,,0,6,9,,7.631090130364902,,,
ROBOT_RELOC,,0,6,10,,9.430074872028317,,,
ROBOT_RELOC,,0,6,11,,6.8499667133184925,,,
ROBOT_RELOC,,0,7,0,,8.519004197982929,,,
ROBOT_RELOC,,0,7,1,,6.402414857803398,,,
ROBOT_RELOC,,0,7,2,,10.565292626819751,,,
ROBOT_RELOC,,0,7,3,,10.123240595981915,,,
ROBOT_RELOC,,0,7,4,,7.436077712014523,,,
ROBOT_RELOC,,0,7,5,,8.700427009174987,,,
ROBOT_RELOC,,0,7,6,,3.1817168862347005,,,
ROBOT_RELOC,,0,7,7,,0.0,,,
ROBOT_RELOC,,0,7,8,,10.123673911205367,,,
ROBOT_RELOC,,0,7,9,,10.246509543016455,,,
ROBOT_RELOC,,0,7,10,,6.855428242454309,,,
ROBOT_RELOC,,0,7,11,,5.848995487557016,,,
ROBOT_RELOC,,0,8,0,,11.346610645774806,,,
ROBOT_RELOC,,0,8,1,,11.472238803053074,,,
ROBOT_RELOC,,0,8,2,,10.197922613641715,,,
ROBOT_RELOC,,0,8,3,,11.821945181848017,,,
ROBOT_RELOC,,0,8,4,,11.281388584073461,,,
ROBOT_RELOC,,0,8,5,,5.05311850775638,,,
ROBOT_RELOC,,0,8,6,,6.837072077315769,,,
ROBOT_RELOC,,0,8,7,,6.948331055225606,,,
ROBOT_RELOC,,0,8,8,,0.0,,,
ROBOT_RELOC,,0,8,9,,3.2537966747757014,,,
ROBOT_RELOC,,0,8,10,,5.565400047348026,,,
ROBOT_RELOC,,0,8,11,,7.442180647299869,,,
ROBOT_RELOC,,0,9,0,,9.89255004177733,,,
ROBOT_RELOC,,0,9,1,,7.573840402706418,,,
ROBOT_RELOC,,0,9,2,,8.064757539888891,,,
ROBOT_RELOC,,0,9,3,,7.179227148172995,,,
ROBOT_RELOC,,0,9,4,,7.5315229169655025,,,
ROBOT_RELOC,,0,9,5,,11.537591332160302,,,
ROBOT_RELOC,,0,9,6,,11.183199650019711,,,
ROBOT_RELOC,,0,9,7,,10.830453116338123,,,
ROBOT_RELOC,,0,9,8,,2.4491179716986475,,,
ROBOT_RELOC,,0,9,9,,0.0,,,
ROBOT_RELOC,,0,9,10,,5.767320300206964,,,
ROBOT_RELOC,,0,9,11,,7.850494073085448,,,
ROBOT_RELOC,,0,10,0,,9.213698995568839,,,
ROBOT_RELOC,,0,10,1,,8.943007217007054,,,
ROBOT_RELOC,,0,10,2,,9.889523642966049,,,
ROBOT_RELOC,,0,10,3,,10.983520789986173,,,
ROBOT_RELOC,,0,10,4,,11.898134200256374,,,
ROBOT_RELOC,,0,10,5,,11.794653322944171,,,
ROBOT_RELOC,,0,10,6,,6.599254500861121,,,
ROBOT_RELOC,,0,10,7,,5.041660768331075,,,
ROBOT_RELOC,,0,10,8,,9.935828040020034,,,
ROBOT_RELOC,,0,10,9,,9.983265282911038,,,
ROBOT_RELOC,,0,10,10,,0.0,,,
ROBOT_RELOC,,0,10,11,,5.8820361346620595,,,
ROBOT_RELOC,,0,11,0,,5.993637746518547,,,
ROBOT_RELOC,,0,11,1,,11.900111851126292,,,
ROBOT_RELOC,,0,11,2,,10.093502764976538,,,
ROBOT_RELOC,,0,11,3,,10.754959801539659,,,
ROBOT_RELOC,,0,11,4,,10.095674806872088,,,
ROBOT_RELOC,,0,11,5,,9.784999766805768,,,
ROBOT_RELOC,,0,11,6,,10.278060347777208,,,
ROBOT_RELOC,,0,11,7,,8.672055508458788,,,
ROBOT_RELOC,,0,11,8,,11.02825160136403,,,
ROBOT_RELOC,,0,11,9,,5.475958867061947,,,
ROBOT_RELOC,,0,11,10,,11.721299620413777,,,
ROBOT_RELOC,,0,11,11,,0.0,,,
ROBOT_RELOC,,1,0,0,,0.0,,,
ROBOT_RELOC,,1,0,1,,5.51057411202955,,,
ROBOT_RELOC,,1,0,2,,5.216442855651055,,,
ROBOT_RELOC,,1,0,3,,4.735890103807996,,,
ROBOT_RELOC,,1,0,4,,6.813950425654326,,,
ROBOT_RELOC,,1,0,5,,10.942565992297748,,,
ROBOT_RELOC,,1,0,6,,11.556333505266004,,,
ROBOT_RELOC,,1,0,7,,5.861192097114763,,,
ROBOT_RELOC,,1,0,8,,8.806430023488003,,,
ROBOT_RELOC,,1,0,9,,4.770430652677306,,,
ROBOT_RELOC,,1,0,10,,8.67506291401303,,,
ROBOT_RELOC,,1,0,11,,8.063710644894982,,,
ROBOT_RELOC,,1,1,0,,10.954599790505162,,,
ROBOT_RELOC,,1,1,1,,0.0,,,
ROBOT_RELOC,,1,1,2,,3.795979836754353,,,
ROBOT_RELOC,,1,1,3,,11.740067419801736,,,
ROBOT_RELOC,,1,1,4,,10.11232687173838,,,
ROBOT_RELOC,,1,1,5,,5.371571447681126,,,
ROBOT_RELOC,,1,1,6,,6.543644327165932,,,
ROBOT_RELOC,,1,1,7,,6.758506183855398,,,
ROBOT_RELOC,,1,1,8,,6.046407406946254,,,
ROBOT_RELOC,,1,1,9,,8.933602622229332,,,
ROBOT_RELOC,,1,1,10,,10.188405464337151,,,
ROBOT_RELOC,,1,1,11,,11.094284257321426,,,
ROBOT_RELOC,,1,2,0,,11.042571389173318,,,
ROBOT_RELOC,,1,2,1,,4.4884716139052845,,,
ROBOT_RELOC,,1,2,2,,0.0,,,
ROBOT_RELOC,,1,2,3,,7.298038727843707,,,
ROBOT_RELOC,,1,2,4,,5.810741497752782,,,
ROBOT_RELOC,,1,2,5,,7.281179890630796,,,
ROBOT_RELOC,,1,2,6,,9.835481526801448,,,
ROBOT_RELOC,,1,2,7,,9.834125066059672,,,
ROBOT_RELOC,,1,2,8,,11.580793866396851,,,
ROBOT_RELOC,,1,2,9,,9.787687229588062,,,
ROBOT_RELOC,,1,2,10,,11.557767351612434,,,
ROBOT_RELOC,,1,2,11,,11.946957285190328,,,
ROBOT_RELOC,,1,3,0,,8.270903665572504,,,
ROBOT_RELOC,,1,3,1,,10.880154569879625,,,
ROBOT_RELOC,,1,3,2,,8.713381185495527,,,
ROBOT_RELOC,,1,3,3,,0.0,,,
ROBOT_RELOC,,1,3,4,,9.284308880005167,,,
ROBOT_RELOC,,1,3,5,,9.326384621726296,,,
ROBOT_RELOC,,1,3,6,,8.024456237069472,,,
ROBOT_RELOC,,1,3,7,,10.626107563596763,,,
ROBOT_RELOC,,1,3,8,,7.579990534620695,,,
ROBOT_RELOC,,1,3,9,,5.0802164820851194,,,
ROBOT_RELOC,,1,3,10,,6.280372945828097,,,
ROBOT_RELOC,,1,3,11,,8.40804806043014,,,
ROBOT_RELOC,,1,4,0,,10.354424139210229,,,
ROBOT_RELOC,,1,4,1,,6.831992059303936,,,
ROBOT_RELOC,,1,4,2,,10.640274890754576,,,
ROBOT_RELOC,,1,4,3,,7.272280960556882,,,
ROBOT_RELOC,,1,4,4,,0.0,,,
ROBOT_RELOC,,1,4,5,,4.072199903213173,,,
ROBOT_RELOC,,1,4,6,,6.652751098725962,,,
ROBOT_RELOC,,1,4,7,,10.84659886996625,,,
ROBOT_RELOC,,1,4,8,,5.6455868823371524,,,
ROBOT_RELOC,,1,4,9,,6.483506882915162,,,
ROBOT_RELOC,,1,4,10,,9.048632130897627,,,
ROBOT_RELOC,,1,4,11,,4.60574659873961,,,
ROBOT_RELOC,,1,5,0,,6.7141972233302365,,,
ROBOT_RELOC,,1,5,1,,6.677249794657451,,,
ROBOT_RELOC,,1,5,2,,9.645193536426007,,,
ROBOT_RELOC,,1,5,3,,11.123723169708006,,,
ROBOT_RELOC,,1,5,4,,3.877553290129269,,,
ROBOT_RELOC,,1,5,5,,0.0,,,
ROBOT_RELOC,,1,5,6,,11.470767372252457,,,
ROBOT_RELOC,,1,5,7,,6.458767683505769,,,
ROBOT_RELOC,,1,5,8,,7.159235271092776,,,
ROBOT_RELOC,,1,5,9,,8.753639397712679,,,
ROBOT_RELOC,,1,5,10,,8.908395734033222,,,
ROBOT_RELOC,,1,5,11,,9.96644960283443,,,
ROBOT_RELOC,,1,6,0,,8.176944410730739,,,
ROBOT_RELOC,,1,6,1,,7.193244936191825,,,
ROBOT_RELOC,,1,6,2,,5.045382210603433,,,
ROBOT_RELOC,,1,6,3,,10.670029346741808,,,
ROBOT_RELOC,,1,6,4,,4.854840214948128,,,
ROBOT_RELOC,,1,6,5,,7.206295206611391,,,
ROBOT_RELOC,,1,6,6,,0.0,,,
ROBOT_RELOC,,1,6,7,,3.6609365820354474,,,
ROBOT_RELOC,,1,6,8,,10.661011264184857,,,
ROBOT_RELOC,,1,6,9,,6.918533739470643,,,
ROBOT_RELOC,,1,6,10,,6.0310915658704465,,,
ROBOT_RELOC,,1,6,11,,9.583335617946357,,,
ROBOT_RELOC,,1,7,0,,9.133559137183049,,,
ROBOT_RELOC,,1,7,1,,10.93869193663381,,,
ROBOT_RELOC,,1,7,2,,9.00046712236982,,,
ROBOT_RELOC,,1,7,3,,4.885663731355653,,,
ROBOT_RELOC,,1,7,4,,8.407877550196698,,,
ROBOT_RELOC,,1,7,5,,11.848988239891828,,,
ROBOT_RELOC,,1,7,6,,3.412613327691216,,,
ROBOT_RELOC,,1,7,7,,0.0,,,
ROBOT_RELOC,,1,7,8,,10.443882717481436,,,
ROBOT_RELOC,,1,7,9,,8.239682537931126,,,
ROBOT_RELOC,,1,7,10,,9.579000767377998,,,
ROBOT_RELOC,,1,7,11,,11.632911305193547,,,
ROBOT_RELOC,,1,8,0,,9.686095200144148,,,
ROBOT_RELOC,,1,8,1,,9.058258063130868,,,
ROBOT_RELOC,,1,8,2,,5.985071187367776,,,
ROBOT_RELOC,,1,8,3,,8.424965426439055,,,
ROBOT_RELOC,,1,8,4,,6.721423857339511,,,
ROBOT_RELOC,,1,8,5,,7.6143505240237355,,,
ROBOT_RELOC,,1,8,6,,5.338685247082062,,,
ROBOT_RELOC,,1,8,7,,6.324801828915209,,,
ROBOT_RELOC,,1,8,8,,0.0,,,
ROBOT_RELOC,,1,8,9,,1.7692553764551615,,,
ROBOT_RELOC,,1,8,10,,9.572700860977086,,,
ROBOT_RELOC,,1,8,11,,11.717056992292093,,,
ROBOT_RELOC,,1,9,0,,7.138930359413131,,,
ROBOT_RELOC,,1,9,1,,4.52870106497091,,,
ROBOT_RELOC,,1,9,2,,5.7996844232536695,,,
ROBOT_RELOC,,1,9,3,,10.336104099344105,,,
ROBOT_RELOC,,1,9,4,,11.55547149778206,,,
ROBOT_RELOC,,1,9,5,,5.974794160490344,,,
ROBOT_RELOC,,1,9,6,,9.914798465412499,,,
ROBOT_RELOC,,1,9,7,,9.473792748561246,,,
ROBOT_RELOC,,1,9,8,,2.0412790573897315,,,
ROBOT_RELOC,,1,9,9,,0.0,,,
ROBOT_RELOC,,1,9,10,,7.828068960011049,,,
ROBOT_RELOC,,1,9,11,,8.014824668115677,,,
ROBOT_RELOC,,1,10,0,,9.170803628156698,,,
ROBOT_RELOC,,1,10,1,,7.985807167093387,,,
ROBOT_RELOC,,1,10,2,,5.179261140584112,,,
ROBOT_RELOC,,1,10,3,,4.850252757655246,,,
ROBOT_RELOC,,1,10,4,,11.625223093727111,,,
ROBOT_RELOC,,1,10,5,,8.870090722733854,,,
ROBOT_RELOC,,1,10,6,,11.423692167400286,,,
ROBOT_RELOC,,1,10,7,,9.282769913663216,,,
ROBOT_RELOC,,1,10,8,,10.731404342005186,,,
ROBOT_RELOC,,1,10,9,,4.63668773061714,,,
ROBOT_RELOC,,1,10,10,,0.0,,,
ROBOT_RELOC,,1,10,11,,5.883504344119489,,,
ROBOT_RELOC,,1,11,0,,10.107419015816475,,,
ROBOT_RELOC,,1,11,1,,11.895218937442676,,,
ROBOT_RELOC,,1,11,2,,4.635819639135155,,,
ROBOT_RELOC,,1,11,3,,11.71319082646771,,,
ROBOT_RELOC,,1,11,4,,8.830568702536006,,,
ROBOT_RELOC,,1,11,5,,11.060089532959026,,,
ROBOT_RELOC,,1,11,6,,7.977528390220276,,,
ROBOT_RELOC,,1,11,7,,9.643364270317408,,,
ROBOT_RELOC,,1,11,8,,8.006779908520134,,,
ROBOT_RELOC,,1,11,9,,4.906682370790286,,,
ROBOT_RELOC,,1,11,10,,7.180700371872074,,,
ROBOT_RELOC,,1,11,11,,0.0,,,
ROBOT_RELOC,,2,0,0,,0.0,,,
ROBOT_RELOC,,2,0,1,,11.431298863705873,,,
ROBOT_RELOC,,2,0,2,,8.26840404521169,,,
ROBOT_RELOC,,2,0,3,,8.33538135563322,,,
ROBOT_RELOC,,2,0,4,,11.782474164704881,,,
ROBOT_RELOC,,2,0,5,,7.001117547878194,,,
ROBOT_RELOC,,2,0,6,,8.489787164416816,,,
ROBOT_RELOC,,2,0,7,,11.450236686842555,,,
ROBOT_RELOC,,2,0,8,,10.65556639259294,,,
ROBOT_RELOC,,2,0,9,,4.70157226547803,,,
ROBOT_RELOC,,2,0,10,,11.335060737290618,,,
ROBOT_RELOC,,2,0,11,,8.178247568927436,,,
ROBOT_RELOC,,2,1,0,,11.436113315344995,,,
ROBOT_RELOC,,2,1,1,,0.0,,,
ROBOT_RELOC,,2,1,2,,2.4312758429931756,,,
ROBOT_RELOC,,2,1,3,,4.864067834298158,,,
ROBOT_RELOC,,2,1,4,,5.889226412961415,,,
ROBOT_RELOC,,2,1,5,,9.46540765875605,,,
ROBOT_RELOC,,2,1,6,,11.409521639483417,,,
ROBOT_RELOC,,2,1,7,,11.25389619239614,,,
ROBOT_RELOC,,2,1,8,,10.579107165534118,,,
ROBOT_RELOC,,2,1,9,,8.729951949449015,,,
ROBOT_RELOC,,2,1,10,,11.656064175277798,,,
ROBOT_RELOC,,2,1,11,,10.222425682478107,,,
ROBOT_RELOC,,2,2,0,,6.950427419770544,,,
ROBOT_RELOC,,2,2,1,,3.5484165538852115,,,
ROBOT_RELOC,,2,2,2,,0.0,,,
ROBOT_RELOC,,2,2,3,,4.5830831282134525,,,
ROBOT_RELOC,,2,2,4,,4.652416373840811,,,
ROBOT_RELOC,,2,2,5,,6.480056999704525,,,
ROBOT_RELOC,,2,2,6,,8.069168546038021,,,
ROBOT_RELOC,,2,2,7,,10.544285485761613,,,
ROBOT_RELOC,,2,2,8,,6.2475473961681445,,,
ROBOT_RELOC,,2,2,9,,4.80229245598621,,,
ROBOT_RELOC,,2,2,10,,7.768453886224386,,,
ROBOT_RELOC,,2,2,11,,10.311855410368414,,,
ROBOT_RELOC,,2,3,0,,6.269194474613515,,,
ROBOT_RELOC,,2,3,1,,10.846819700559404,,,
ROBOT_RELOC,,2,3,2,,10.255294665726543,,,
ROBOT_RELOC,,2,3,3,,0.0,,,
ROBOT_RELOC,,2,3,4,,8.839301141047887,,,
ROBOT_RELOC,,2,3,5,,4.93809078198621,,,
ROBOT_RELOC,,2,3,6,,8.97429754027127,,,
ROBOT_RELOC,,2,3,7,,9.957126051794733,,,
ROBOT_RELOC,,2,3,8,,9.856842760306101,,,
ROBOT_RELOC,,2,3,9,,11.654276646588176,,,
ROBOT_RELOC,,2,3,10,,11.323601271605273,,,
ROBOT_RELOC,,2,3,11,,8.407719201432236,,,
ROBOT_RELOC,,2,4,0,,7.403926655849996,,,
ROBOT_RELOC,,2,4,1,,7.817277638388916,,,
ROBOT_RELOC,,2,4,2,,11.389596481708338,,,
ROBOT_RELOC,,2,4,3,,8.195530563539652,,,
ROBOT_RELOC,,2,4,4,,0.0,,,
ROBOT_RELOC,,2,4,5,,2.908476195537622,,,
ROBOT_RELOC,,2,4,6,,6.078665432590849,,,
ROBOT_RELOC,,2,4,7,,8.796844007860402,,,
ROBOT_RELOC,,2,4,8,,7.415303392413641,,,
ROBOT_RELOC,,2,4,9,,5.2484843366351885,,,
ROBOT_RELOC,,2,4,10,,5.228331873991529,,,
ROBOT_RELOC,,2,4,11,,5.459055449656439,,,
ROBOT_RELOC,,2,5,0,,6.549320383153395,,,
ROBOT_RELOC,,2,5,1,,9.125019775753453,,,
ROBOT_RELOC,,2,5,2,,5.0848492448712275,,,
ROBOT_RELOC,,2,5,3,,10.356048919273391,,,
ROBOT_RELOC,,2,5,4,,1.7013413482151203,,,
ROBOT_RELOC,,2,5,5,,0.0,,,
ROBOT_RELOC,,2,5,6,,8.198920962920823,,,
ROBOT_RELOC,,2,5,7,,6.4176534744543305,,,
ROBOT_RELOC,,2,5,8,,10.287105567081808,,,
ROBOT_RELOC,,2,5,9,,6.892779998974847,,,
ROBOT_RELOC,,2,5,10,,9.623273267315206,,,
ROBOT_RELOC,,2,5,11,,5.050450603913618,,,
ROBOT_RELOC,,2,6,0,,9.325188147330032,,,
ROBOT_RELOC,,2,6,1,,5.595836011189499,,,
ROBOT_RELOC,,2,6,2,,10.18869732941074,,,
ROBOT_RELOC,,2,6,3,,5.704374096257544,,,
ROBOT_RELOC,,2,6,4,,7.164372302113174,,,
ROBOT_RELOC,,2,6,5,,11.536166606381835,,,
ROBOT_RELOC,,2,6,6,,0.0,,,
ROBOT_RELOC,,2,6,7,,1.638636375941422,,,
ROBOT_RELOC,,2,6,8,,6.607454887844305,,,
ROBOT_RELOC,,2,6,9,,8.291580730489212,,,
ROBOT_RELOC,,2,6,10,,4.926698641216278,,,
ROBOT_RELOC,,2,6,11,,7.9840702508775925,,,
ROBOT_RELOC,,2,7,0,,8.551690305993176,,,
ROBOT_RELOC,,2,7,1,,10.716974973910549,,,
ROBOT_RELOC,,2,7,2,,9.588085571618066,,,
ROBOT_RELOC,,2,7,3,,10.60349868930453,,,
ROBOT_RELOC,,2,7,4,,4.888510496287857,,,
ROBOT_RELOC,,2,7,5,,9.480404573978836,,,
ROBOT_RELOC,,2,7,6,,3.010431212828037,,,
ROBOT_RELOC,,2,7,7,,0.0,,,
ROBOT_RELOC,,2,7,8,,6.754155778454165,,,
ROBOT_RELOC,,2,7,9,,9.812023917702096,,,
ROBOT_RELOC,,2,7,10,,11.17643364088606,,,
ROBOT_RELOC,,2,7,11,,6.000942233528635,,,
ROBOT_RELOC,,2,8,0,,6.032946047162661,,,
ROBOT_RELOC,,2,8,1,,5.721148095644091,,,
ROBOT_RELOC,,2,8,2,,6.16702517133219,,,
ROBOT_RELOC,,2,8,3,,7.969008294433818,,,
ROBOT_RELOC,,2,8,4,,10.667731924426056,,,
ROBOT_RELOC,,2,8,5,,8.270837683768727,,,
ROBOT_RELOC,,2,8,6,,9.918730323677435,,,
ROBOT_RELOC,,2,8,7,,6.46510375692705,,,
ROBOT_RELOC,,2,8,8,,0.0,,,
ROBOT_RELOC,,2,8,9,,2.5862331304886164,,,
ROBOT_RELOC,,2,8,10,,5.108807554074843,,,
ROBOT_RELOC,,2,8,11,,10.442251753748792,,,
ROBOT_RELOC,,2,9,0,,5.855820100858573,,,
ROBOT_RELOC,,2,9,1,,9.550058779835565,,,
ROBOT_RELOC,,2,9,2,,11.721989741275266,,,
ROBOT_RELOC,,2,9,3,,6.970943229920737,,,
ROBOT_RELOC,,2,9,4,,8.501755884108578,,,
ROBOT_RELOC,,2,9,5,,7.354387755330778,,,
ROBOT_RELOC,,2,9,6,,6.049801595457578,,,
ROBOT_RELOC,,2,9,7,,10.117717908537411,,,
ROBOT_RELOC,,2,9,8,,2.667024055016208,,,
ROBOT_RELOC,,2,9,9,,0.0,,,
ROBOT_RELOC,,2,9,10,,4.507557397082176,,,
ROBOT_RELOC,,2,9,11,,4.935920730814326,,,
ROBOT_RELOC,,2,10,0,,7.921044561267738,,,
ROBOT_RELOC,,2,10,1,,11.433920226857252,,,
ROBOT_RELOC,,2,10,2,,5.822375408771226,,,
ROBOT_RELOC,,2,10,3,,8.56185809605265,,,
ROBOT_RELOC,,2,10,4,,10.785796338004854,,,
ROBOT_RELOC,,2,10,5,,11.58882449184572,,,
ROBOT_RELOC,,2,10,6,,5.123723483067655,,,
ROBOT_RELOC,,2,10,7,,10.73397214750785,,,
ROBOT_RELOC,,2,10,8,,7.398186961758617,,,
ROBOT_RELOC,,2,10,9,,11.251444674452532,,,
ROBOT_RELOC,,2,10,10,,0.0,,,
ROBOT_RELOC,,2,10,11,,4.838095049638829,,,
ROBOT_RELOC,,2,11,0,,9.640353778164398,,,
ROBOT_RELOC,,2,11,1,,8.226998235273339,,,
ROBOT_RELOC,,2,11,2,,5.175840644459905,,,
ROBOT_RELOC,,2,11,3,,6.577465592859703,,,
ROBOT_RELOC,,2,11,4,,9.231347416302803,,,
ROBOT_RELOC,,2,11,5,,4.957408974182083,,,
ROBOT_RELOC,,2,11,6,,6.615063418690635,,,
ROBOT_RELOC,,2,11,7,,5.094925985995165,,,
ROBOT_RELOC,,2,11,8,,11.132924752024733,,,
ROBOT_RELOC,,2,11,9,,6.25286467000366,,,
ROBOT_RELOC,,2,11,10,,9.854506927263799,,,
ROBOT_RELOC,,2,11,11,,0.0,,,
ROBOT_RELOC,,3,0,0,,0.0,,,
ROBOT_RELOC,,3,0,1,,10.385166304160828,,,
ROBOT_RELOC,,3,0,2,,7.114511148428882,,,
ROBOT_RELOC,,3,0,3,,11.113508416007466,,,
ROBOT_RELOC,,3,0,4,,8.696352421061707,,,
ROBOT_RELOC,,3,0,5,,7.105338528358145,,,
ROBOT_RELOC,,3,0,6,,10.526993705345378,,,
ROBOT_RELOC,,3,0,7,,11.063307057011475,,,
ROBOT_RELOC,,3,0,8,,7.517496019315873,,,
ROBOT_RELOC,,3,0,9,,6.884394807910347,,,
ROBOT_RELOC,,3,0,10,,9.835504864298539,,,
ROBOT_RELOC,,3,0,11,,11.728523952852383,,,
ROBOT_RELOC,,3,1,0,,7.311619983216012,,,
ROBOT_RELOC,,3,1,1,,0.0,,,
ROBOT_RELOC,,3,1,2,,2.8321958502514235,,,
ROBOT_RELOC,,3,1,3,,8.906173264075917,,,
ROBOT_RELOC,,3,1,4,,9.667586649372513,,,
ROBOT_RELOC,,3,1,5,,4.82780156191032,,,
ROBOT_RELOC,,3,1,6,,4.633965648705001,,,
ROBOT_RELOC,,3,1,7,,10.700705664716379,,,
ROBOT_RELOC,,3,1,8,,11.38638367674966,,,
ROBOT_RELOC,,3,1,9,,8.595765750396541,,,
ROBOT_RELOC,,3,1,10,,9.091164006023677,,,
ROBOT_RELOC,,3,1,11,,8.617972361200628,,,
ROBOT_RELOC,,3,2,0,,10.431737343925434,,,
ROBOT_RELOC,,3,2,1,,3.7979962811606742,,,
ROBOT_RELOC,,3,2,2,,0.0,,,
ROBOT_RELOC,,3,2,3,,6.4473608738843105,,,
ROBOT_RELOC,,3,2,4,,8.981278760905976,,,
ROBOT_RELOC,,3,2,5,,11.517854315657772,,,
ROBOT_RELOC,,3,2,6,,11.319616271437246,,,
ROBOT_RELOC,,3,2,7,,8.475501277299337,,,
ROBOT_RELOC,,3,2,8,,10.17748394305222,,,
ROBOT_RELOC,,3,2,9,,11.91266119814932,,,
ROBOT_RELOC,,3,2,10,,11.766484360777422,,,
ROBOT_RELOC,,3,2,11,,9.814370388029907,,,
ROBOT_RELOC,,3,3,0,,6.993430686747163,,,
ROBOT_RELOC,,3,3,1,,11.831873653709101,,,
ROBOT_RELOC,,3,3,2,,9.437934136834556,,,
ROBOT_RELOC,,3,3,3,,0.0,,,
ROBOT_RELOC,,3,3,4,,9.085169661549727,,,
ROBOT_RELOC,,3,3,5,,5.695548032908248,,,
ROBOT_RELOC,,3,3,6,,10.272244600102008,,,
ROBOT_RELOC,,3,3,7,,5.247591296423359,,,
ROBOT_RELOC,,3,3,8,,9.71027145324628,,,
ROBOT_RELOC,,3,3,9,,11.76719346310091,,,
ROBOT_RELOC,,3,3,10,,11.766499879043876,,,
ROBOT_RELOC,,3,3,11,,8.744085374676796,,,
ROBOT_RELOC,,3,4,0,,11.995482538208334,,,
ROBOT_RELOC,,3,4,1,,7.958416856496859,,,
ROBOT_RELOC,,3,4,2,,10.839446046779832,,,
ROBOT_RELOC,,3,4,3,,6.393528574047446,,,
ROBOT_RELOC,,3,4,4,,0.0,,,
ROBOT_RELOC,,3,4,5,,3.9261566323773938,,,
ROBOT_RELOC,,3,4,6,,6.116393220159432,,,
ROBOT_RELOC,,3,4,7,,10.56392830827182,,,
ROBOT_RELOC,,3,4,8,,9.859056264379543,,,
ROBOT_RELOC,,3,4,9,,10.876693725766527,,,
ROBOT_RELOC,,3,4,10,,10.861391170027469,,,
ROBOT_RELOC,,3,4,11,,9.758757602145124,,,
ROBOT_RELOC,,3,5,0,,8.802171551901878,,,
ROBOT_RELOC,,3,5,1,,6.091101667725003,,,
ROBOT_RELOC,,3,5,2,,8.471249002105024,,,
ROBOT_RELOC,,3,5,3,,10.674553515485536,,,
ROBOT_RELOC,,3,5,4,,3.8747092000742134,,,
ROBOT_RELOC,,3,5,5,,0.0,,,
ROBOT_RELOC,,3,5,6,,4.847998528064958,,,
ROBOT_RELOC,,3,5,7,,10.896690153577849,,,
ROBOT_RELOC,,3,5,8,,6.255501247175345,,,
ROBOT_RELOC,,3,5,9,,9.224158942501793,,,
ROBOT_RELOC,,3,5,10,,8.030881370921442,,,
ROBOT_RELOC,,3,5,11,,8.877370227982492,,,
ROBOT_RELOC,,3,6,0,,4.6547984959571185,,,
ROBOT_RELOC,,3,6,1,,4.725085569755456,,,
ROBOT_RELOC,,3,6,2,,5.530300485926514,,,
ROBOT_RELOC,,3,6,3,,11.749192936276597,,,
ROBOT_RELOC,,3,6,4,,7.4537668148879295,,,
ROBOT_RELOC,,3,6,5,,4.980472206484738,,,
ROBOT_RELOC,,3,6,6,,0.0,,,
ROBOT_RELOC,,3,6,7,,2.562341682870966,,,
ROBOT_RELOC,,3,6,8,,6.646920161732075,,,
ROBOT_RELOC,,3,6,9,,8.84253149176886,,,
ROBOT_RELOC,,3,6,10,,6.844566989874369,,,
ROBOT_RELOC,,3,6,11,,9.914108314815302,,,
ROBOT_RELOC,,3,7,0,,10.227307798403114,,,
ROBOT_RELOC,,3,7,1,,7.039170985335542,,,
ROBOT_RELOC,,3,7,2,,5.044479327828627,,,
ROBOT_RELOC,,3,7,3,,5.879200866047715,,,
ROBOT_RELOC,,3,7,4,,7.3181028335809515,,,
ROBOT_RELOC,,3,7,5,,9.654108225160378,,,
ROBOT_RELOC,,3,7,6,,2.009895371373675,,,
ROBOT_RELOC,,3,7,7,,0.0,,,
ROBOT_RELOC,,3,7,8,,8.918745178880968,,,
ROBOT_RELOC,,3,7,9,,5.872258919304839,,,
ROBOT_RELOC,,3,7,10,,5.095027176980576,,,
ROBOT_RELOC,,3,7,11,,9.408059334333327,,,
ROBOT_RELOC,,3,8,0,,11.567356908555434,,,
ROBOT_RELOC,,3,8,1,,7.168684372237809,,,
ROBOT_RELOC,,3,8,2,,7.413349875200004,,,
ROBOT_RELOC,,3,8,3,,7.969700579135134,,,
ROBOT_RELOC,,3,8,4,,8.386039996114551,,,
ROBOT_RELOC,,3,8,5,,9.041493258950364,,,
ROBOT_RELOC,,3,8,6,,10.42239414007815,,,
ROBOT_RELOC,,3,8,7,,4.857459619873254,,,
ROBOT_RELOC,,3,8,8,,0.0,,,
ROBOT_RELOC,,3,8,9,,1.5897303330810413,,,
ROBOT_RELOC,,3,8,10,,5.486538607905487,,,
ROBOT_RELOC,,3,8,11,,7.110185323888923,,,
ROBOT_RELOC,,3,9,0,,8.040258628069264,,,
ROBOT_RELOC,,3,9,1,,7.833444045046548,,,
ROBOT_RELOC,,3,9,2,,6.802711408347973,,,
ROBOT_RELOC,,3,9,3,,10.12167085971765,,,
ROBOT_RELOC,,3,9,4,,9.596376607870658,,,
ROBOT_RELOC,,3,9,5,,8.767810520675134,,,
ROBOT_RELOC,,3,9,6,,10.039992577232168,,,
ROBOT_RELOC,,3,9,7,,5.592346267293333,,,
ROBOT_RELOC,,3,9,8,,2.267169610495476,,,
ROBOT_RELOC,,3,9,9,,0.0,,,
ROBOT_RELOC,,3,9,10,,8.416517585754338,,,
ROBOT_RELOC,,3,9,11,,9.202489184103724,,,
ROBOT_RELOC,,3,10,0,,5.761939250884899,,,
ROBOT_RELOC,,3,10,1,,5.673860295914423,,,
ROBOT_RELOC,,3,10,2,,9.399847414118891,,,
ROBOT_RELOC,,3,10,3,,4.8549550386940945,,,
ROBOT_RELOC,,3,10,4,,10.1602235394245,,,
ROBOT_RELOC,,3,10,5,,7.612338352683733,,,
ROBOT_RELOC,,3,10,6,,9.775504200359869,,,
ROBOT_RELOC,,3,10,7,,10.997805700271876,,,
ROBOT_RELOC,,3,10,8,,7.694901851594758,,,
ROBOT_RELOC,,3,10,9,,10.087022157432136,,,
ROBOT_RELOC,,3,10,10,,0.0,,,
ROBOT_RELOC,,3,10,11,,5.515821557511169,,,
ROBOT_RELOC,,3,11,0,,4.782198985665561,,,
ROBOT_RELOC,,3,11,1,,5.2082923399457925,,,
ROBOT_RELOC,,3,11,2,,10.33581223550331,,,
ROBOT_RELOC,,3,11,3,,5.166758795550394,,,
ROBOT_RELOC,,3,11,4,,6.082089544447971,,,
ROBOT_RELOC,,3,11,5,,5.126909541347091,,,
ROBOT_RELOC,,3,11,6,,5.504184196353493,,,
ROBOT_RELOC,,3,11,7,,5.996352506126142,,,
ROBOT_RELOC,,3,11,8,,9.38886525013822,,,
ROBOT_RELOC,,3,11,9,,8.230298693748946,,,
ROBOT_RELOC,,3,11,10,,4.574283448215585,,,
ROBOT_RELOC,,3,11,11,,0.0,,,
ROBOT_RELOC,,4,0,0,,0.0,,,
ROBOT_RELOC,,4,0,1,,8.809043659112294,,,
ROBOT_RELOC,,4,0,2,,8.494021970751113,,,
ROBOT_RELOC,,4,0,3,,7.372879057972257,,,
ROBOT_RELOC,,4,0,4,,6.770197295212733,,,
ROBOT_RELOC,,4,0,5,,10.720801496341018,,,
ROBOT_RELOC,,4,0,6,,9.705515481056377,,,
ROBOT_RELOC,,4,0,7,,9.163103066483046,,,
ROBOT_RELOC,,4,0,8,,9.47861251520715,,,
ROBOT_RELOC,,4,0,9,,7.003810680978544,,,
ROBOT_RELOC,,4,0,10,,6.4490039930056895,,,
ROBOT_RELOC,,4,0,11,,5.780729132585014,,,
ROBOT_RELOC,,4,1,0,,5.33323280242324,,,
ROBOT_RELOC,,4,1,1,,0.0,,,
ROBOT_RELOC,,4,1,2,,3.125099024993009,,,
ROBOT_RELOC,,4,1,3,,10.726902818928023,,,
ROBOT_RELOC,,4,1,4,,4.848936413389635,,,
ROBOT_RELOC,,4,1,5,,4.636723676587519,,,
ROBOT_RELOC,,4,1,6,,8.0009936183122,,,
ROBOT_RELOC,,4,1,7,,5.394289629101292,,,
ROBOT_RELOC,,4,1,8,,4.8054671096401815,,,
ROBOT_RELOC,,4,1,9,,4.601181024985937,,,
ROBOT_RELOC,,4,1,10,,10.19738813728223,,,
ROBOT_RELOC,,4,1,11,,7.600864845224015,,,
ROBOT_RELOC,,4,2,0,,7.493802209462848,,,
ROBOT_RELOC,,4,2,1,,1.994001735745972,,,
ROBOT_RELOC,,4,2,2,,0.0,,,
ROBOT_RELOC,,4,2,3,,5.590688303447093,,,
ROBOT_RELOC,,4,2,4,,8.376342207240706,,,
ROBOT_RELOC,,4,2,5,,5.868367251815035,,,
ROBOT_RELOC,,4,2,6,,9.59634092827341,,,
ROBOT_RELOC,,4,2,7,,8.659249603670698,,,
ROBOT_RELOC,,4,2,8,,11.447802399346418,,,
ROBOT_RELOC,,4,2,9,,6.656548192747509,,,
ROBOT_RELOC,,4,2,10,,8.018715368436755,,,
ROBOT_RELOC,,4,2,11,,7.627387677888099,,,
ROBOT_RELOC,,4,3,0,,10.115842799630464,,,
ROBOT_RELOC,,4,3,1,,11.111300759377732,,,
ROBOT_RELOC,,4,3,2,,5.807239173971448,,,
ROBOT_RELOC,,4,3,3,,0.0,,,
ROBOT_RELOC,,4,3,4,,9.332634281679756,,,
ROBOT_RELOC,,4,3,5,,5.586536809472837,,,
ROBOT_RELOC,,4,3,6,,11.462820137782531,,,
ROBOT_RELOC,,4,3,7,,7.967498099909696,,,
ROBOT_RELOC,,4,3,8,,9.450804736202743,,,
ROBOT_RELOC,,4,3,9,,5.463732013642288,,,
ROBOT_RELOC,,4,3,10,,11.828067398952296,,,
ROBOT_RELOC,,4,3,11,,11.423786272600587,,,
ROBOT_RELOC,,4,4,0,,5.806382457873515,,,
ROBOT_RELOC,,4,4,1,,9.024334287262437,,,
ROBOT_RELOC,,4,4,2,,11.112598977079731,,,
ROBOT_RELOC,,4,4,3,,11.43930006913877,,,
ROBOT_RELOC,,4,4,4,,0.0,,,
ROBOT_RELOC,,4,4,5,,3.5496656499216477,,,
ROBOT_RELOC,,4,4,6,,10.076511754100217,,,
ROBOT_RELOC,,4,4,7,,11.415096338244993,,,
ROBOT_RELOC,,4,4,8,,11.42231360547231,,,
ROBOT_RELOC,,4,4,9,,6.473089822911162,,,
ROBOT_RELOC,,4,4,10,,5.310342916137216,,,
ROBOT_RELOC,,4,4,11,,7.527221648502801,,,
ROBOT_RELOC,,4,5,0,,6.836567955195546,,,
ROBOT_RELOC,,4,5,1,,8.507545007073386,,,
ROBOT_RELOC,,4,5,2,,6.096786066244839,,,
ROBOT_RELOC,,4,5,3,,7.5858603892373235,,,
ROBOT_RELOC,,4,5,4,,4.050196207765409,,,
ROBOT_RELOC,,4,5,5,,0.0,,,
ROBOT_RELOC,,4,5,6,,4.5383303922339255,,,
ROBOT_RELOC,,4,5,7,,9.442740554177663,,,
ROBOT_RELOC,,4,5,8,,9.021519095887905,,,
ROBOT_RELOC,,4,5,9,,7.131377739191733,,,
ROBOT_RELOC,,4,5,10,,10.284319856907988,,,
ROBOT_RELOC,,4,5,11,,5.548083642659007,,,
ROBOT_RELOC,,4,6,0,,9.855268791417824,,,
ROBOT_RELOC,,4,6,1,,10.145605769804487,,,
ROBOT_RELOC,,4,6,2,,5.466998136836541,,,
ROBOT_RELOC,,4,6,3,,9.138486372416368,,,
ROBOT_RELOC,,4,6,4,,8.624402348797513,,,
ROBOT_RELOC,,4,6,5,,7.25349249042549,,,
ROBOT_RELOC,,4,6,6,,0.0,,,
ROBOT_RELOC,,4,6,7,,2.593560079923442,,,
ROBOT_RELOC,,4,6,8,,4.8460091677910215,,,
ROBOT_RELOC,,4,6,9,,5.361308325790976,,,
ROBOT_RELOC,,4,6,10,,6.2953344981850154,,,
ROBOT_RELOC,,4,6,11,,6.833816017822031,,,
ROBOT_RELOC,,4,7,0,,7.406651245490998,,,
ROBOT_RELOC,,4,7,1,,9.000344079660614,,,
ROBOT_RELOC,,4,7,2,,6.688330397017333,,,
ROBOT_RELOC,,4,7,3,,10.964978900127832,,,
ROBOT_RELOC,,4,7,4,,5.263964372000681,,,
ROBOT_RELOC,,4,7,5,,8.527595829182808,,,
ROBOT_RELOC,,4,7,6,,4.101750023282254,,,
ROBOT_RELOC,,4,7,7,,0.0,,,
ROBOT_RELOC,,4,7,8,,6.212937130970605,,,
ROBOT_RELOC,,4,7,9,,7.759156113833475,,,
ROBOT_RELOC,,4,7,10,,5.342326896942721,,,
ROBOT_RELOC,,4,7,11,,6.176044333662221,,,
ROBOT_RELOC,,4,8,0,,8.931196047085685,,,
ROBOT_RELOC,,4,8,1,,10.388417508432354,,,
ROBOT_RELOC,,4,8,2,,5.034332628633515,,,
ROBOT_RELOC,,4,8,3,,7.873924993884314,,,
ROBOT_RELOC,,4,8,4,,6.708937522439559,,,
ROBOT_RELOC,,4,8,5,,4.718247510738824,,,
ROBOT_RELOC,,4,8,6,,9.855201748019596,,,
ROBOT_RELOC,,4,8,7,,7.453840190135596,,,
ROBOT_RELOC,,4,8,8,,0.0,,,
ROBOT_RELOC,,4,8,9,,3.9281641221965815,,,
ROBOT_RELOC,,4,8,10,,5.546126851288855,,,
ROBOT_RELOC,,4,8,11,,6.478358977633161,,,
ROBOT_RELOC,,4,9,0,,6.181704528243316,,,
ROBOT_RELOC,,4,9,1,,9.015614713358985,,,
ROBOT_RELOC,,4,9,2,,10.09044550476396,,,
ROBOT_RELOC,,4,9,3,,10.23130191316175,,,
ROBOT_RELOC,,4,9,4,,8.202598975694857,,,
ROBOT_RELOC,,4,9,5,,5.095265513809279,,,
ROBOT_RELOC,,4,9,6,,4.711739482157123,,,
ROBOT_RELOC,,4,9,7,,4.944802445800689,,,
ROBOT_RELOC,,4,9,8,,3.4413254544053045,,,
ROBOT_RELOC,,4,9,9,,0.0,,,
ROBOT_RELOC,,4,9,10,,5.4896246163038604,,,
ROBOT_RELOC,,4,9,11,,6.7568911214926075,,,
ROBOT_RELOC,,4,10,0,,5.346164717964742,,,
ROBOT_RELOC,,4,10,1,,7.645416214808533,,,
ROBOT_RELOC,,4,10,2,,11.759221839277217,,,
ROBOT_RELOC,,4,10,3,,9.106574014522364,,,
ROBOT_RELOC,,4,10,4,,6.168274705796033,,,
ROBOT_RELOC,,4,10,5,,8.45660755147804,,,
ROBOT_RELOC,,4,10,6,,6.487612566454631,,,
ROBOT_RELOC,,4,10,7,,9.336873506089727,,,
ROBOT_RELOC,,4,10,8,,8.882465257454147,,,
ROBOT_RELOC,,4,10,9,,5.721085234941973,,,
ROBOT_RELOC,,4,10,10,,0.0,,,
ROBOT_RELOC,,4,10,11,,11.305602032690745,,,
ROBOT_RELOC,,4,11,0,,5.487014399680832,,,
ROBOT_RELOC,,4,11,1,,7.91883981386684,,,
ROBOT_RELOC,,4,11,2,,8.088011676133219,,,
ROBOT_RELOC,,4,11,3,,10.399732990067534,,,
ROBOT_RELOC,,4,11,4,,5.994822319240254,,,
ROBOT_RELOC,,4,11,5,,8.15908358899742,,,
ROBOT_RELOC,,4,11,6,,11.756936507204388,,,
ROBOT_RELOC,,4,11,7,,4.8975630847322575,,,
ROBOT_RELOC,,4,11,8,,8.722881331489257,,,
ROBOT_RELOC,,4,11,9,,5.803955241329124,,,
ROBOT_RELOC,,4,11,10,,10.389574657279969,,,
ROBOT_RELOC,,4,11,11,,0.0,,,
ROBOT_RELOC,,5,0,0,,0.0,,,
ROBOT_RELOC,,5,0,1,,7.223103916277239,,,
ROBOT_RELOC,,5,0,2,,4.564574501561712,,,
ROBOT_RELOC,,5,0,3,,11.492271022415853,,,
ROBOT_RELOC,,5,0,4,,6.138392487941482,,,
ROBOT_RELOC,,5,0,5,,10.850698072876702,,,
ROBOT_RELOC,,5,0,6,,6.409661456049636,,,
ROBOT_RELOC,,5,0,7,,5.230012127954613,,,
ROBOT_RELOC,,5,0,8,,10.852390351892023,,,
ROBOT_RELOC,,5,0,9,,5.118714338156031,,,
ROBOT_RELOC,,5,0,10,,9.052363147828494,,,
ROBOT_RELOC,,5,0,11,,5.771102140885306,,,
ROBOT_RELOC,,5,1,0,,10.167332208234344,,,
ROBOT_RELOC,,5,1,1,,0.0,,,
ROBOT_RELOC,,5,1,2,,4.107130798548224,,,
ROBOT_RELOC,,5,1,3,,7.443656925437605,,,
ROBOT_RELOC,,5,1,4,,5.522210905082506,,,
ROBOT_RELOC,,5,1,5,,6.854001539661579,,,
ROBOT_RELOC,,5,1,6,,6.447930702950105,,,
ROBOT_RELOC,,5,1,7,,9.21751495443277,,,
ROBOT_RELOC,,5,1,8,,5.038522599584109,,,
ROBOT_RELOC,,5,1,9,,5.290349561896448,,,
ROBOT_RELOC,,5,1,10,,6.4665709591207445,,,
ROBOT_RELOC,,5,1,11,,9.213040676073604,,,
ROBOT_RELOC,,5,2,0,,4.939801728703644,,,
ROBOT_RELOC,,5,2,1,,2.340976720500508,,,
ROBOT_RELOC,,5,2,2,,0.0,,,
ROBOT_RELOC,,5,2,3,,6.5729384594172044,,,
ROBOT_RELOC,,5,2,4,,11.942055224455842,,,
ROBOT_RELOC,,5,2,5,,5.709220038766427,,,
ROBOT_RELOC,,5,2,6,,6.891904902358135,,,
ROBOT_RELOC,,5,2,7,,6.18872309244813,,,
ROBOT_RELOC,,5,2,8,,10.731514316606384,,,
ROBOT_RELOC,,5,2,9,,9.272906240726087,,,
ROBOT_RELOC,,5,2,10,,5.966097780529113,,,
ROBOT_RELOC,,5,2,11,,11.613812507581518,,,
ROBOT_RELOC,,5,3,0,,11.618684348533233,,,
ROBOT_RELOC,,5,3,1,,9.008716505328682,,,
ROBOT_RELOC,,5,3,2,,8.148285687941886,,,
ROBOT_RELOC,,5,3,3,,0.0,,,
ROBOT_RELOC,,5,3,4,,11.067492689826862,,,
ROBOT_RELOC,,5,3,5,,7.215097989390383,,,
ROBOT_RELOC,,5,3,6,,9.225386794589749,,,
ROBOT_RELOC,,5,3,7,,10.476076244482917,,,
ROBOT_RELOC,,5,3,8,,5.329222456790404,,,
ROBOT_RELOC,,5,3,9,,7.332578408328377,,,
ROBOT_RELOC,,5,3,10,,5.453941198443039,,,
ROBOT_RELOC,,5,3,11,,10.51331379807155,,,
ROBOT_RELOC,,5,4,0,,4.751042788671997,,,
ROBOT_RELOC,,5,4,1,,9.019116447804166,,,
ROBOT_RELOC,,5,4,2,,5.187465652987787,,,
ROBOT_RELOC,,5,4,3,,7.319691868279723,,,
ROBOT_RELOC,,5,4,4,,0.0,,,
ROBOT_RELOC,,5,4,5,,4.267064849031515,,,
ROBOT_RELOC,,5,4,6,,10.403566053653865,,,
ROBOT_RELOC,,5,4,7,,8.580283775424025,,,
ROBOT_RELOC,,5,4,8,,10.444200243239493,,,
ROBOT_RELOC,,5,4,9,,6.15945402419407,,,
ROBOT_RELOC,,5,4,10,,11.887609037324026,,,
ROBOT_RELOC,,5,4,11,,7.639438198507618,,,
ROBOT_RELOC,,5,5,0,,4.8308791914053435,,,
ROBOT_RELOC,,5,5,1,,10.560067858601577,,,
ROBOT_RELOC,,5,5,2,,11.483403848335673,,,
ROBOT_RELOC,,5,5,3,,10.733440864805194,,,
ROBOT_RELOC,,5,5,4,,3.727803581276884,,,
ROBOT_RELOC,,5,5,5,,0.0,,,
ROBOT_RELOC,,5,5,6,,5.832149248193888,,,
ROBOT_RELOC,,5,5,7,,5.9723879620483435,,,
ROBOT_RELOC,,5,5,8,,7.5177561190757665,,,
ROBOT_RELOC,,5,5,9,,9.75657410871467,,,
ROBOT_RELOC,,5,5,10,,8.887774959014703,,,
ROBOT_RELOC,,5,5,11,,9.787812107327285,,,
ROBOT_RELOC,,5,6,0,,10.413536918523022,,,
ROBOT_RELOC,,5,6,1,,5.586666831036473,,,
ROBOT_RELOC,,5,6,2,,8.581592254272616,,,
ROBOT_RELOC,,5,6,3,,7.788065381182383,,,
ROBOT_RELOC,,5,6,4,,6.454486659175384,,,
ROBOT_RELOC,,5,6,5,,7.187226771604498,,,
ROBOT_RELOC,,5,6,6,,0.0,,,
ROBOT_RELOC,,5,6,7,,2.2615995602578667,,,
ROBOT_RELOC,,5,6,8,,8.320243503105033,,,
ROBOT_RELOC,,5,6,9,,6.048537379407898,,,
ROBOT_RELOC,,5,6,10,,11.460219192747466,,,
ROBOT_RELOC,,5,6,11,,6.375874299814986,,,
ROBOT_RELOC,,5,7,0,,6.053030494543619,,,
ROBOT_RELOC,,5,7,1,,10.440125364906176,,,
ROBOT_RELOC,,5,7,2,,4.674118055772212,,,
ROBOT_RELOC,,5,7,3,,8.339960350975753,,,
ROBOT_RELOC,,5,7,4,,11.015276718971037,,,
ROBOT_RELOC,,5,7,5,,10.731357090579197,,,
ROBOT_RELOC,,5,7,6,,3.1876945572891446,,,
ROBOT_RELOC,,5,7,7,,0.0,,,
ROBOT_RELOC,,5,7,8,,9.117054709276502,,,
ROBOT_RELOC,,5,7,9,,9.670050864263045,,,
ROBOT_RELOC,,5,7,10,,6.600606758717671,,,
ROBOT_RELOC,,5,7,11,,9.57870449884721,,,
ROBOT_RELOC,,5,8,0,,5.376027599071877,,,
ROBOT_RELOC,,5,8,1,,4.585620114402276,,,
ROBOT_RELOC,,5,8,2,,4.6154333643516186,,,
ROBOT_RELOC,,5,8,3,,6.3143542867072275,,,
ROBOT_RELOC,,5,8,4,,5.579318592663618,,,
ROBOT_RELOC,,5,8,5,,4.768559042018239,,,
ROBOT_RELOC,,5,8,6,,10.174209172598616,,,
ROBOT_RELOC,,5,8,7,,10.455169289024871,,,
ROBOT_RELOC,,5,8,8,,0.0,,,
ROBOT_RELOC,,5,8,9,,3.817799162158593,,,
ROBOT_RELOC,,5,8,10,,5.55041434190532,,,
ROBOT_RELOC,,5,8,11,,10.203893948898354,,,
ROBOT_RELOC,,5,9,0,,8.253893992115419,,,
ROBOT_RELOC,,5,9,1,,8.082253385760588,,,
ROBOT_RELOC,,5,9,2,,9.59113026018875,,,
ROBOT_RELOC,,5,9,3,,9.2356370100255,,,
ROBOT_RELOC,,5,9,4,,10.717719296463354,,,
ROBOT_RELOC,,5,9,5,,9.852635899070304,,,
ROBOT_RELOC,,5,9,6,,7.696880625412772,,,
ROBOT_RELOC,,5,9,7,,6.571375773643959,,,
ROBOT_RELOC,,5,9,8,,4.452733524337914,,,
ROBOT_RELOC,,5,9,9,,0.0,,,
ROBOT_RELOC,,5,9,10,,9.784256754658454,,,
ROBOT_RELOC,,5,9,11,,7.363885077983147,,,
ROBOT_RELOC,,5,10,0,,10.43569795914604,,,
ROBOT_RELOC,,5,10,1,,7.6082751179661035,,,
ROBOT_RELOC,,5,10,2,,4.602577349939525,,,
ROBOT_RELOC,,5,10,3,,6.293879770345985,,,
ROBOT_RELOC,,5,10,4,,7.089734379192661,,,
ROBOT_RELOC,,5,10,5,,11.365182972824387,,,
ROBOT_RELOC,,5,10,6,,11.46825923414669,,,
ROBOT_RELOC,,5,10,7,,4.997602094902686,,,
ROBOT_RELOC,,5,10,8,,7.547611561892172,,,
ROBOT_RELOC,,5,10,9,,6.090141711024521,,,
ROBOT_RELOC,,5,10,10,,0.0,,,
ROBOT_RELOC,,5,10,11,,9.891728262622285,,,
ROBOT_RELOC,,5,11,0,,6.106493793858663,,,
ROBOT_RELOC,,5,11,1,,5.83148269683325,,,
ROBOT_RELOC,,5,11,2,,6.8326076879319455,,,
ROBOT_RELOC,,5,11,3,,7.2538607838111595,,,
ROBOT_RELOC,,5,11,4,,4.569767692814095,,,
ROBOT_RELOC,,5,11,5,,7.161378011145873,,,
ROBOT_RELOC,,5,11,6,,10.031355293796754,,,
ROBOT_RELOC,,5,11,7,,11.081959050793426,,,
ROBOT_RELOC,,5,11,8,,7.571422087626747,,,
ROBOT_RELOC,,5,11,9,,8.933155455762062,,,
ROBOT_RELOC,,5,11,10,,8.004099714003232,,,
ROBOT_RELOC,,5,11,11,,0.0,,,
INITIAL_WORKER,,0,4,,,,,,
INITIAL_WORKER,,1,6,,,,,,
INITIAL_WORKER,,2,3,,,,,,
INITIAL_WORKER,,3,2,,,,,,
INITIAL_WORKER,,4,9,,,,,,
INITIAL_WORKER,,5,0,,,,,,
INITIAL_WORKER,,6,7,,,,,,
INITIAL_WORKER,,7,10,,,,,,
INITIAL_ROBOT,,0,2,,,,,,
INITIAL_ROBOT,,1,-1,,,,,,
INITIAL_ROBOT,,2,8,,,,,,
INITIAL_ROBOT,,3,1,,,,,,
INITIAL_ROBOT,,4,11,,,,,,
INITIAL_ROBOT,,5,3,,,,,,
ORDER,,0,5,4,,0.0,132.15328701409388,,
ORDER,,1,4,1,,4.801321095520348,132.67784933684663,,
ORDER,,2,2,2,,12.849771410379908,160.16829789747297,,
ORDER,,3,5,4,,27.92612607740257,148.31229516352153,,
ORDER,,4,1,1,,27.927361672363347,131.04789739565587,,
ORDER,,5,3,1,,33.23559594415952,224.66099048136562,,
ORDER,,6,4,1,,35.087859819788534,175.52173777882246,,
ORDER,,7,3,1,,37.928783169714904,229.6224779602832,,
ORDER,,8,3,1,,45.5729844581669,235.664896759766,,
ORDER,,9,4,1,,49.36651399398656,194.3474991431943,,
ORDER,,10,5,4,,51.564922151287924,172.8920689301358,,
ORDER,,11,5,1,,76.62283975406146,203.83443257024803,,
ORDER,,12,2,1,,78.1522939147634,219.68922782817003,,
ORDER,,13,1,1,,81.30033487131554,180.28635714898314,,
ORDER,,14,0,2,,91.00364167759784,221.44209931630607,,
ORDER,,15,1,1,,95.53385041755381,195.3541425042631,,
ORDER,,16,3,1,,95.54065619524323,256.7364911464959,,
ORDER,,17,2,4,,119.66090368849642,264.3612130789522,,
ORDER,,18,3,1,,142.1976021596307,327.47466329461145,,
ORDER,,19,3,1,,151.5810892309056,342.2248327271128,,
ORDER,,20,0,4,,155.702078120334,268.28828560850025,,
ORDER,,21,0,1,,157.0344218436327,269.2613743166632,,
ORDER,,22,4,1,,161.33655798130286,291.1677969862942,,
ORDER,,23,3,1,,164.03436365483117,357.3617146962068,,
ORDER,,24,0,2,,167.3291764340046,298.7649949036049,,
ORDER,,25,4,1,,168.85022844758504,303.5924436591258,,
ORDER,,26,5,1,,194.12867443501284,311.45225576354557,,
ORDER,,27,3,1,,211.22529678564985,394.5033071454676,,
ORDER,,28,5,1,,213.6648227786289,346.4927197749046,,
ORDER,,29,1,1,,239.97676699513735,345.5829792067334,,
ORDER,,30,0,2,,244.81764058837356,359.93237360911166,,
ORDER,,31,4,2,,246.38957927909829,372.264580778418,,
ORDER,,32,3,1,,268.0275508822374,463.17483268797145,,
ORDER,,33,5,1,,271.7269329060961,407.4190574779031,,
ORDER,,34,1,2,,274.32232402675606,381.0614239010589,,
ORDER,,35,4,1,,278.9993833728769,422.8955616748008,,
ORDER,,36,2,1,,284.7064767846845,443.9612530410608,,
ORDER,,37,3,1,,296.2218682219949,470.4261260333102,,
ORDER,,38,2,1,,297.9050743192082,448.5000718438874,,
ORDER,,39,1,1,,299.95465702667093,405.23284900864513,,
ORDER,,40,1,4,,300.689165227893,400.7819549984573,,
ORDER,,41,1,4,,301.404744431614,401.91539479036237,,
ORDER,,42,1,4,,309.8100164512714,409.70433134847076,,
ORDER,,43,1,4,,309.85080334753593,404.83334371529054,,
ORDER,,44,1,4,,313.2317495866148,420.3307538308498,,
ORDER,,45,1,4,,332.366042596304,431.46461583685425,,
ORDER,,46,1,4,,333.328836305631,425.6989297801899,,
ORDER,,47,1,4,,334.6211168074988,427.6335939358778,,
ORDER,,48,1,4,,336.9959426949178,448.52534829903453,,
ORDER,,49,5,1,,351.95908827141704,464.1976805246955,,
ORDER,,50,3,2,,352.0229692313621,546.2704386540353,,
ORDER,,51,0,1,,352.9648176687121,479.6691780872981,,
ORDER,,52,0,1,,353.1405727450475,482.5851447950927,,
ORDER,,53,1,1,,357.1181989449799,455.4733238825404,,
ORDER,,54,3,2,,382.08281702430423,575.1762251798089,,
ORDER,,55,3,1,,396.19805485157,558.8685980183384,,
ORDER,,56,5,2,,412.3591267603826,539.5212362604373,,
ORDER,,57,3,2,,418.5447355122151,597.7613027628208,,
ORDER,,58,5,2,,420.40597011963234,553.4886886775057,,
ORDER,,59,5,4,,421.26340528864176,547.9512848582057,,
ORDER,,60,2,4,,423.6708621452292,578.8419040467058,,
ORDER,,61,1,1,,429.09299102062846,541.5043235227558,,
ORDER,,62,0,1,,430.6272600035283,550.7262763124736,,
ORDER,,63,5,1,,436.2876680092589,571.9055972362436,,
ORDER,,64,1,1,,447.43134050938045,541.1622993489842,,
ORDER,,65,4,1,,460.57045751596365,592.3613616994585,,
ORDER,,66,1,1,,473.3108696661338,582.59845141035,,
ORDER,,67,4,4,,473.43625666108136,598.7365973461993,,
ORDER,,68,5,1,,478.12044496510936,601.3399477085172,,
ORDER,,69,2,1,,483.59586823820734,639.2141162684418,,
ORDER,,70,4,1,,491.3086218588567,632.5383227301518,,
ORDER,,71,5,1,,494.87210827898735,624.7855854000777,,
ORDER,,72,4,1,,497.2906797578301,632.3592994875052,,
ORDER,,73,1,1,,497.58119211712466,603.298993620235,,
ORDER,,74,3,1,,503.71274924920823,684.9274757222341,,
ORDER,,75,2,1,,518.9451244308353,657.3120110857864,,
ORDER,,76,0,1,,519.3348280558115,645.7207766357908,,
ORDER,,77,5,2,,519.5246528668216,634.9426690657714,,
ORDER,,78,4,1,,532.439616638001,670.5066027672309,,
ORDER,,79,3,2,,547.1579624253501,743.8699001405926,,
ORDER,,80,4,1,,555.5054078889933,686.4043925898054,,
ORDER,,81,1,4,,558.4323720350966,667.8502801801471,,
ORDER,,82,0,4,,561.9804951703884,686.483477072446,,
ORDER,,83,4,2,,562.5924692641618,704.8353571421876,,
ORDER,,84,4,1,,563.9178955347495,686.5423346635964,,
ORDER,,85,4,4,,563.9442446910299,682.551186479609,,
ORDER,,86,0,1,,565.9824495603668,674.3961281516191,,
ORDER,,87,4,1,,567.6629059306343,713.5430357042811,,
ORDER,,88,4,2,,579.6103758682477,718.1842441064783,,
ORDER,,89,0,1,,597.8408642199335,720.6658401015924,,
