record_type,key,i,j,k,l,value,value2,value3,text
META,instance_id,,,,,,,,"""sensitivity_M_12_06_07_80_D4_rho065_tight_000_rm2_wsd060_rcd065"""
META,scale,,,,,,,,"""M"""
META,scenario,,,,,,,,"""D4"""
META,generation_seed,,,,,,,,4103044651
META,target_load_ratio,,,,,,,,0.65
META,due_tightness,,,,,,,,"""tight"""
META,worker_skill_density,,,,,,,,0.6
META,robot_capability_density,,,,,,,,0.65
META,relocation_multiplier,,,,,,,,2.0
META,num_stages,,,,,,,,6
META,generation_meta,,,,,,,,"{""paper_vs_implementation"":{""paper_specified"":[""scale ranges"",""70-100% route coverage"",""processing/efficiency/synergy distributions"",""skill/capability density choices"",""D1-D5 qualitative scenario definitions"",""load-ratio choices"",""weight distribution"",""due-date-factor ranges"",""relocation-time ranges"",""load-balance initial configuration with random perturbation""],""implementation_choices"":{""arrival_rate_calibration"":""work_content_over_effective_parallel_servers"",""same_stage_cells_are_adjacent"":true,""initial_configuration_perturbation_rate"":0.15,""scenario_timing_basis"":""order_index_fraction"",""base_product_mix"":""uniform""}},""base_arrival_rate_orders_per_minute"":0.178325777793123,""effective_parallel_servers_for_load_calibration"":12,""mean_minimum_route_work_minutes"":43.740170919365546,""actual_hr_compatibility_rate_parameter"":0.8959160712357305,""actual_worker_skill_density"":0.5625,""actual_robot_capability_density"":0.6904761904761905,""instance_parameter_table"":{""scale"":""M"",""M"":12,""S"":6,""R"":7,""J"":80,""H"":8,""V"":5,""parameter_case_id"":""M_12_06_07_80""},""parameter_case_id"":""M_12_06_07_80"",""dimensions"":{""S"":6,""M"":12,""J"":80,""H"":8,""R"":7,""V"":5},""scenario_parameters"":{""timing_basis"":""order_index_fraction"",""base_product_mix"":""uniform"",""d2_sampled_burst_multiplier"":null,""d2_burst_window"":[0.4,0.7],""d3_mix_switch_ratio"":0.5,""d3_dominant_product_sequence"":[0,1],""d4_change_ratios"":[0.33,0.67],""d4_arrival_rate_multipliers"":[1.0,1.75,1.25],""d4_dominant_product_sequence"":[0,1,2],""d5_urgent_index_window"":[36,44],""d5_urgent_arrival_rate_multiplier"":3.0,""d5_urgent_dominant_product"":1,""dominant_product_share"":0.7},""route_stage_coverage"":[0.7,1.0],""min_multi_cell_stage_ratio"":0.3}"
CELL,,0,0,,,,,,
CELL,,1,1,,,,,,
CELL,,2,1,,,,,,
CELL,,3,2,,,,,,
CELL,,4,2,,,,,,
CELL,,5,2,,,,,,
CELL,,6,3,,,,,,
CELL,,7,3,,,,,,
CELL,,8,4,,,,,,
CELL,,9,5,,,,,,
CELL,,10,5,,,,,,
CELL,,11,5,,,,,,
ROUTE,,0,0,0,,,,,
ROUTE,,0,1,1,,,,,
ROUTE,,0,2,3,,,,,
ROUTE,,0,3,4,,,,,
ROUTE,,0,4,5,,,,,
ROUTE,,1,0,0,,,,,
ROUTE,,1,1,1,,,,,
ROUTE,,1,2,2,,,,,
ROUTE,,1,3,3,,,,,
ROUTE,,1,4,4,,,,,
ROUTE,,1,5,5,,,,,
ROUTE,,2,0,1,,,,,
ROUTE,,2,1,2,,,,,
ROUTE,,2,2,3,,,,,
ROUTE,,2,3,4,,,,,
ROUTE,,2,4,5,,,,,
ROUTE,,3,0,0,,,,,
ROUTE,,3,1,1,,,,,
ROUTE,,3,2,2,,,,,
ROUTE,,3,3,3,,,,,
ROUTE,,3,4,4,,,,,
ROUTE,,3,5,5,,,,,
ROUTE,,4,0,0,,,,,
ROUTE,,4,1,1,,,,,
ROUTE,,4,2,2,,,,,
ROUTE,,4,3,4,,,,,
ROUTE,,4,4,5,,,,,
BASE_PROCESS,,0,0,,,22.96600716737354,,,
BASE_PROCESS,,0,1,,,10.976953997069458,,,
BASE_PROCESS,,0,2,,,9.234430251725694,,,
BASE_PROCESS,,0,3,,,11.306809982905303,,,
BASE_PROCESS,,0,4,,,8.147344868526098,,,
BASE_PROCESS,,0,5,,,10.383383803013402,,,
BASE_PROCESS,,1,0,,,16.426895187280746,,,
BASE_PROCESS,,1,1,,,14.232301589156384,,,
BASE_PROCESS,,1,2,,,16.246189094767267,,,
BASE_PROCESS,,1,3,,,10.38275558981137,,,
BASE_PROCESS,,1,4,,,14.731272968743005,,,
BASE_PROCESS,,1,5,,,14.9961560981276,,,
BASE_PROCESS,,2,0,,,19.815746765682707,,,
BASE_PROCESS,,2,1,,,8.55037903763121,,,
BASE_PROCESS,,2,2,,,23.283734964357706,,,
BASE_PROCESS,,2,3,,,18.578867596311564,,,
BASE_PROCESS,,2,4,,,10.013549112712107,,,
BASE_PROCESS,,2,5,,,14.159739886207905,,,
BASE_PROCESS,,3,0,,,23.685177487010755,,,
BASE_PROCESS,,3,1,,,16.983042929763045,,,
BASE_PROCESS,,3,2,,,16.81959342147145,,,
BASE_PROCESS,,3,3,,,8.36258909886464,,,
BASE_PROCESS,,3,4,,,11.55635819974406,,,
BASE_PROCESS,,3,5,,,21.496155257681966,,,
BASE_PROCESS,,4,0,,,14.086429524200135,,,
BASE_PROCESS,,4,1,,,11.107475124017402,,,
BASE_PROCESS,,4,2,,,17.56573719042268,,,
BASE_PROCESS,,4,3,,,22.16666862456318,,,
BASE_PROCESS,,4,4,,,12.649279022625795,,,
BASE_PROCESS,,4,5,,,14.712327524101886,,,
WORKER_SKILL,,0,0,,,1,,,
WORKER_SKILL,,0,1,,,0,,,
WORKER_SKILL,,0,2,,,1,,,
WORKER_SKILL,,0,3,,,1,,,
WORKER_SKILL,,0,4,,,1,,,
WORKER_SKILL,,0,5,,,1,,,
WORKER_SKILL,,1,0,,,0,,,
WORKER_SKILL,,1,1,,,1,,,
WORKER_SKILL,,1,2,,,0,,,
WORKER_SKILL,,1,3,,,1,,,
WORKER_SKILL,,1,4,,,0,,,
WORKER_SKILL,,1,5,,,1,,,
WORKER_SKILL,,2,0,,,0,,,
WORKER_SKILL,,2,1,,,0,,,
WORKER_SKILL,,2,2,,,1,,,
WORKER_SKILL,,2,3,,,0,,,
WORKER_SKILL,,2,4,,,1,,,
WORKER_SKILL,,2,5,,,1,,,
WORKER_SKILL,,3,0,,,0,,,
WORKER_SKILL,,3,1,,,1,,,
WORKER_SKILL,,3,2,,,1,,,
WORKER_SKILL,,3,3,,,1,,,
WORKER_SKILL,,3,4,,,0,,,
WORKER_SKILL,,3,5,,,0,,,
WORKER_SKILL,,4,0,,,1,,,
WORKER_SKILL,,4,1,,,0,,,
WORKER_SKILL,,4,2,,,1,,,
WORKER_SKILL,,4,3,,,0,,,
WORKER_SKILL,,4,4,,,0,,,
WORKER_SKILL,,4,5,,,1,,,
WORKER_SKILL,,5,0,,,0,,,
WORKER_SKILL,,5,1,,,1,,,
WORKER_SKILL,,5,2,,,1,,,
WORKER_SKILL,,5,3,,,0,,,
WORKER_SKILL,,5,4,,,0,,,
WORKER_SKILL,,5,5,,,0,,,
WORKER_SKILL,,6,0,,,1,,,
WORKER_SKILL,,6,1,,,0,,,
WORKER_SKILL,,6,2,,,1,,,
WORKER_SKILL,,6,3,,,0,,,
WORKER_SKILL,,6,4,,,0,,,
WORKER_SKILL,,6,5,,,1,,,
WORKER_SKILL,,7,0,,,1,,,
WORKER_SKILL,,7,1,,,1,,,
WORKER_SKILL,,7,2,,,1,,,
WORKER_SKILL,,7,3,,,1,,,
WORKER_SKILL,,7,4,,,0,,,
WORKER_SKILL,,7,5,,,1,,,
WORKER_EFF,,0,0,,,1.0482343656018955,,,
WORKER_EFF,,0,1,,,1.0146958278974116,,,
WORKER_EFF,,0,2,,,1.0378772537015428,,,
WORKER_EFF,,0,3,,,0.8960443588171223,,,
WORKER_EFF,,0,4,,,1.0436046497494698,,,
WORKER_EFF,,0,5,,,1.0565615085519011,,,
WORKER_EFF,,1,0,,,1.0030079594127699,,,
WORKER_EFF,,1,1,,,0.8159392928398088,,,
WORKER_EFF,,1,2,,,0.8446848511953411,,,
WORKER_EFF,,1,3,,,0.9035309996080855,,,
WORKER_EFF,,1,4,,,1.0001824825393595,,,
WORKER_EFF,,1,5,,,1.0835548750966224,,,
WORKER_EFF,,2,0,,,0.9909880827826352,,,
WORKER_EFF,,2,1,,,0.9016048301289417,,,
WORKER_EFF,,2,2,,,1.06188321566828,,,
WORKER_EFF,,2,3,,,0.8146694627438897,,,
WORKER_EFF,,2,4,,,1.069181543107857,,,
WORKER_EFF,,2,5,,,1.1070628693693514,,,
WORKER_EFF,,3,0,,,1.04278661686584,,,
WORKER_EFF,,3,1,,,1.1370959905104314,,,
WORKER_EFF,,3,2,,,1.1135537553769728,,,
WORKER_EFF,,3,3,,,1.0364795864315537,,,
WORKER_EFF,,3,4,,,0.8978803343073837,,,
WORKER_EFF,,3,5,,,1.0201914975551478,,,
WORKER_EFF,,4,0,,,1.1416467498070233,,,
WORKER_EFF,,4,1,,,0.910666621729708,,,
WORKER_EFF,,4,2,,,0.9328382055225307,,,
WORKER_EFF,,4,3,,,0.9571841326883337,,,
WORKER_EFF,,4,4,,,1.1669328392252412,,,
WORKER_EFF,,4,5,,,1.0616413711565218,,,
WORKER_EFF,,5,0,,,1.112959691945468,,,
WORKER_EFF,,5,1,,,1.1668839393409367,,,
WORKER_EFF,,5,2,,,1.0282244736831865,,,
WORKER_EFF,,5,3,,,1.066904984572633,,,
WORKER_EFF,,5,4,,,0.9613118788912682,,,
WORKER_EFF,,5,5,,,0.9503456680975194,,,
WORKER_EFF,,6,0,,,1.088362001271446,,,
WORKER_EFF,,6,1,,,0.8882621019184133,,,
WORKER_EFF,,6,2,,,0.8735118942777091,,,
WORKER_EFF,,6,3,,,0.9535224182678765,,,
WORKER_EFF,,6,4,,,1.0252507662673866,,,
WORKER_EFF,,6,5,,,0.921335753375245,,,
WORKER_EFF,,7,0,,,1.1897337183742243,,,
WORKER_EFF,,7,1,,,1.0894156501885361,,,
WORKER_EFF,,7,2,,,1.1830082756286653,,,
WORKER_EFF,,7,3,,,0.8537737736839318,,,
WORKER_EFF,,7,4,,,0.9730538799533524,,,
WORKER_EFF,,7,5,,,0.8189458325253712,,,
ROBOT_CAP,,0,0,,,1,,,
ROBOT_CAP,,0,1,,,1,,,
ROBOT_CAP,,0,2,,,0,,,
ROBOT_CAP,,0,3,,,1,,,
ROBOT_CAP,,0,4,,,0,,,
ROBOT_CAP,,0,5,,,0,,,
ROBOT_CAP,,1,0,,,1,,,
ROBOT_CAP,,1,1,,,1,,,
ROBOT_CAP,,1,2,,,0,,,
ROBOT_CAP,,1,3,,,0,,,
ROBOT_CAP,,1,4,,,1,,,
ROBOT_CAP,,1,5,,,1,,,
ROBOT_CAP,,2,0,,,1,,,
ROBOT_CAP,,2,1,,,1,,,
ROBOT_CAP,,2,2,,,0,,,
ROBOT_CAP,,2,3,,,1,,,
ROBOT_CAP,,2,4,,,0,,,
ROBOT_CAP,,2,5,,,0,,,
ROBOT_CAP,,3,0,,,0,,,
ROBOT_CAP,,3,1,,,1,,,
ROBOT_CAP,,3,2,,,1,,,
ROBOT_CAP,,3,3,,,1,,,
ROBOT_CAP,,3,4,,,1,,,
ROBOT_CAP,,3,5,,,1,,,
ROBOT_CAP,,4,0,,,0,,,
ROBOT_CAP,,4,1,,,1,,,
ROBOT_CAP,,4,2,,,0,,,
ROBOT_CAP,,4,3,,,1,,,
ROBOT_CAP,,4,4,,,1,,,
ROBOT_CAP,,4,5,,,0,,,
ROBOT_CAP,,5,0,,,1,,,
ROBOT_CAP,,5,1,,,1,,,
ROBOT_CAP,,5,2,,,1,,,
ROBOT_CAP,,5,3,,,1,,,
ROBOT_CAP,,5,4,,,1,,,
ROBOT_CAP,,5,5,,,1,,,
ROBOT_CAP,,6,0,,,1,,,
ROBOT_CAP,,6,1,,,0,,,
ROBOT_CAP,,6,2,,,1,,,
ROBOT_CAP,,6,3,,,1,,,
ROBOT_CAP,,6,4,,,1,,,
ROBOT_CAP,,6,5,,,1,,,
ROBOT_EFF,,0,0,,,1.0333524403816068,,,
ROBOT_EFF,,0,1,,,1.1834354089023231,,,
ROBOT_EFF,,0,2,,,1.0594463780618797,,,
ROBOT_EFF,,0,3,,,1.0038085828796577,,,
ROBOT_EFF,,0,4,,,1.0161693173238522,,,
ROBOT_EFF,,0,5,,,1.0960849095075869,,,
ROBOT_EFF,,1,0,,,1.2843621993806922,,,
ROBOT_EFF,,1,1,,,1.136930393810918,,,
ROBOT_EFF,,1,2,,,0.9929372934818284,,,
ROBOT_EFF,,1,3,,,1.07631013332345,,,
ROBOT_EFF,,1,4,,,0.9375731240681665,,,
ROBOT_EFF,,1,5,,,0.9372657735491798,,,
ROBOT_EFF,,2,0,,,1.0081592804237087,,,
ROBOT_EFF,,2,1,,,1.246609351663904,,,
ROBOT_EFF,,2,2,,,1.2951486329337467,,,
ROBOT_EFF,,2,3,,,1.2856089944339844,,,
ROBOT_EFF,,2,4,,,1.0478107203050477,,,
ROBOT_EFF,,2,5,,,1.2115453938070717,,,
ROBOT_EFF,,3,0,,,1.128029269694515,,,
ROBOT_EFF,,3,1,,,0.8747206008955487,,,
ROBOT_EFF,,3,2,,,1.0831993766634342,,,
ROBOT_EFF,,3,3,,,0.9582216447933175,,,
ROBOT_EFF,,3,4,,,1.1480239450140772,,,
ROBOT_EFF,,3,5,,,1.0579577411877827,,,
ROBOT_EFF,,4,0,,,0.8969641686587584,,,
ROBOT_EFF,,4,1,,,1.0880571196379567,,,
ROBOT_EFF,,4,2,,,1.192013696927204,,,
ROBOT_EFF,,4,3,,,1.1192687832273802,,,
ROBOT_EFF,,4,4,,,1.1402426251287523,,,
ROBOT_EFF,,4,5,,,1.1730316453246719,,,
ROBOT_EFF,,5,0,,,0.9921279379034958,,,
ROBOT_EFF,,5,1,,,1.1115555619405466,,,
ROBOT_EFF,,5,2,,,1.2747530622479908,,,
ROBOT_EFF,,5,3,,,1.0084402602886344,,,
ROBOT_EFF,,5,4,,,0.8646243147847291,,,
ROBOT_EFF,,5,5,,,1.2100317326181362,,,
ROBOT_EFF,,6,0,,,0.9477000813980077,,,
ROBOT_EFF,,6,1,,,1.2142344135776084,,,
ROBOT_EFF,,6,2,,,1.2638475666961424,,,
ROBOT_EFF,,6,3,,,1.2243010467441988,,,
ROBOT_EFF,,6,4,,,0.9087251767768156,,,
ROBOT_EFF,,6,5,,,0.8818782542482275,,,
HR_COMPAT,,0,0,0,,1,,,
HR_SYNERGY,,0,0,0,,0.7806431542771761,,,
HR_COMPAT,,0,0,1,,0,,,
HR_SYNERGY,,0,0,1,,0.747474230000087,,,
HR_COMPAT,,0,0,2,,0,,,
HR_SYNERGY,,0,0,2,,0.8264697954984822,,,
HR_COMPAT,,0,0,3,,1,,,
HR_SYNERGY,,0,0,3,,0.8695501369569992,,,
HR_COMPAT,,0,0,4,,0,,,
HR_SYNERGY,,0,0,4,,0.6737073173386245,,,
HR_COMPAT,,0,0,5,,0,,,
HR_SYNERGY,,0,0,5,,0.8258666901760076,,,
HR_COMPAT,,0,1,0,,1,,,
HR_SYNERGY,,0,1,0,,0.7363853366293229,,,
HR_COMPAT,,0,1,1,,0,,,
HR_SYNERGY,,0,1,1,,0.8088844851778005,,,
HR_COMPAT,,0,1,2,,0,,,
HR_SYNERGY,,0,1,2,,0.6554035265454848,,,
HR_COMPAT,,0,1,3,,0,,,
HR_SYNERGY,,0,1,3,,0.8247702891727652,,,
HR_COMPAT,,0,1,4,,1,,,
HR_SYNERGY,,0,1,4,,0.7625814644778532,,,
HR_COMPAT,,0,1,5,,1,,,
HR_SYNERGY,,0,1,5,,0.8097568053110376,,,
HR_COMPAT,,0,2,0,,1,,,
HR_SYNERGY,,0,2,0,,0.782096425639152,,,
HR_COMPAT,,0,2,1,,0,,,
HR_SYNERGY,,0,2,1,,0.6931916619960738,,,
HR_COMPAT,,0,2,2,,0,,,
HR_SYNERGY,,0,2,2,,0.8104638607915056,,,
HR_COMPAT,,0,2,3,,1,,,
HR_SYNERGY,,0,2,3,,0.8768465194514186,,,
HR_COMPAT,,0,2,4,,0,,,
HR_SYNERGY,,0,2,4,,0.7216665514801787,,,
HR_COMPAT,,0,2,5,,0,,,
HR_SYNERGY,,0,2,5,,0.6598020914279747,,,
HR_COMPAT,,0,3,0,,0,,,
HR_SYNERGY,,0,3,0,,0.7585525577430646,,,
HR_COMPAT,,0,3,1,,0,,,
HR_SYNERGY,,0,3,1,,0.8414666933072279,,,
HR_COMPAT,,0,3,2,,1,,,
HR_SYNERGY,,0,3,2,,0.8384254384964595,,,
HR_COMPAT,,0,3,3,,0,,,
HR_SYNERGY,,0,3,3,,0.8427390729591391,,,
HR_COMPAT,,0,3,4,,1,,,
HR_SYNERGY,,0,3,4,,0.8685156810556648,,,
HR_COMPAT,,0,3,5,,1,,,
HR_SYNERGY,,0,3,5,,0.8599731019440418,,,
HR_COMPAT,,0,4,0,,0,,,
HR_SYNERGY,,0,4,0,,0.84280127536001,,,
HR_COMPAT,,0,4,1,,0,,,
HR_SYNERGY,,0,4,1,,0.7312087292809974,,,
HR_COMPAT,,0,4,2,,0,,,
HR_SYNERGY,,0,4,2,,0.7739520441792374,,,
HR_COMPAT,,0,4,3,,1,,,
HR_SYNERGY,,0,4,3,,0.7088165246634742,,,
HR_COMPAT,,0,4,4,,1,,,
HR_SYNERGY,,0,4,4,,0.7802417405615181,,,
HR_COMPAT,,0,4,5,,0,,,
HR_SYNERGY,,0,4,5,,0.8677952424058597,,,
HR_COMPAT,,0,5,0,,1,,,
HR_SYNERGY,,0,5,0,,0.8474848401861892,,,
HR_COMPAT,,0,5,1,,0,,,
HR_SYNERGY,,0,5,1,,0.8613813406000546,,,
HR_COMPAT,,0,5,2,,1,,,
HR_SYNERGY,,0,5,2,,0.8496659994638238,,,
HR_COMPAT,,0,5,3,,0,,,
HR_SYNERGY,,0,5,3,,0.6868932098977709,,,
HR_COMPAT,,0,5,4,,1,,,
HR_SYNERGY,,0,5,4,,0.6731526765407837,,,
HR_COMPAT,,0,5,5,,1,,,
HR_SYNERGY,,0,5,5,,0.8721355812421118,,,
HR_COMPAT,,0,6,0,,1,,,
HR_SYNERGY,,0,6,0,,0.7022368608810124,,,
HR_COMPAT,,0,6,1,,0,,,
HR_SYNERGY,,0,6,1,,0.7478994189534904,,,
HR_COMPAT,,0,6,2,,1,,,
HR_SYNERGY,,0,6,2,,0.8224802772634647,,,
HR_COMPAT,,0,6,3,,0,,,
HR_SYNERGY,,0,6,3,,0.7566485768215024,,,
HR_COMPAT,,0,6,4,,1,,,
HR_SYNERGY,,0,6,4,,0.7768634787235053,,,
HR_COMPAT,,0,6,5,,0,,,
HR_SYNERGY,,0,6,5,,0.7144044534252229,,,
HR_COMPAT,,1,0,0,,0,,,
HR_SYNERGY,,1,0,0,,0.6654385938853958,,,
HR_COMPAT,,1,0,1,,1,,,
HR_SYNERGY,,1,0,1,,0.7993097233597921,,,
HR_COMPAT,,1,0,2,,0,,,
HR_SYNERGY,,1,0,2,,0.789401369945545,,,
HR_COMPAT,,1,0,3,,1,,,
HR_SYNERGY,,1,0,3,,0.8718904234966369,,,
HR_COMPAT,,1,0,4,,0,,,
HR_SYNERGY,,1,0,4,,0.7693062687105385,,,
HR_COMPAT,,1,0,5,,0,,,
HR_SYNERGY,,1,0,5,,0.7010209269717463,,,
HR_COMPAT,,1,1,0,,0,,,
HR_SYNERGY,,1,1,0,,0.8538794977246662,,,
HR_COMPAT,,1,1,1,,1,,,
HR_SYNERGY,,1,1,1,,0.8604871206990639,,,
HR_COMPAT,,1,1,2,,0,,,
HR_SYNERGY,,1,1,2,,0.6874332941391881,,,
HR_COMPAT,,1,1,3,,0,,,
HR_SYNERGY,,1,1,3,,0.8480019612511274,,,
HR_COMPAT,,1,1,4,,0,,,
HR_SYNERGY,,1,1,4,,0.740527892706741,,,
HR_COMPAT,,1,1,5,,1,,,
HR_SYNERGY,,1,1,5,,0.8316602624542431,,,
HR_COMPAT,,1,2,0,,0,,,
HR_SYNERGY,,1,2,0,,0.6991083317591854,,,
HR_COMPAT,,1,2,1,,1,,,
HR_SYNERGY,,1,2,1,,0.7054978068811172,,,
HR_COMPAT,,1,2,2,,0,,,
HR_SYNERGY,,1,2,2,,0.8072820285072854,,,
HR_COMPAT,,1,2,3,,1,,,
HR_SYNERGY,,1,2,3,,0.6524599285700551,,,
HR_COMPAT,,1,2,4,,0,,,
HR_SYNERGY,,1,2,4,,0.7961074961640543,,,
HR_COMPAT,,1,2,5,,0,,,
HR_SYNERGY,,1,2,5,,0.6787761313776028,,,
HR_COMPAT,,1,3,0,,0,,,
HR_SYNERGY,,1,3,0,,0.7561212592754363,,,
HR_COMPAT,,1,3,1,,1,,,
HR_SYNERGY,,1,3,1,,0.8254775561432224,,,
HR_COMPAT,,1,3,2,,0,,,
HR_SYNERGY,,1,3,2,,0.8036052937942815,,,
HR_COMPAT,,1,3,3,,1,,,
HR_SYNERGY,,1,3,3,,0.823483940840345,,,
HR_COMPAT,,1,3,4,,0,,,
HR_SYNERGY,,1,3,4,,0.670559989932573,,,
HR_COMPAT,,1,3,5,,1,,,
HR_SYNERGY,,1,3,5,,0.7646946587928043,,,
HR_COMPAT,,1,4,0,,0,,,
HR_SYNERGY,,1,4,0,,0.7977619396261445,,,
HR_COMPAT,,1,4,1,,1,,,
HR_SYNERGY,,1,4,1,,0.8030918584364046,,,
HR_COMPAT,,1,4,2,,0,,,
HR_SYNERGY,,1,4,2,,0.7873399689689204,,,
HR_COMPAT,,1,4,3,,1,,,
HR_SYNERGY,,1,4,3,,0.8006319618389174,,,
HR_COMPAT,,1,4,4,,0,,,
HR_SYNERGY,,1,4,4,,0.8082044663015642,,,
HR_COMPAT,,1,4,5,,0,,,
HR_SYNERGY,,1,4,5,,0.7666973746969467,,,
HR_COMPAT,,1,5,0,,0,,,
HR_SYNERGY,,1,5,0,,0.7393490505542892,,,
HR_COMPAT,,1,5,1,,0,,,
HR_SYNERGY,,1,5,1,,0.7297754800195798,,,
HR_COMPAT,,1,5,2,,0,,,
HR_SYNERGY,,1,5,2,,0.8327270164593691,,,
HR_COMPAT,,1,5,3,,1,,,
HR_SYNERGY,,1,5,3,,0.7788352656396506,,,
HR_COMPAT,,1,5,4,,0,,,
HR_SYNERGY,,1,5,4,,0.7061625023544537,,,
HR_COMPAT,,1,5,5,,1,,,
HR_SYNERGY,,1,5,5,,0.7992260338755286,,,
HR_COMPAT,,1,6,0,,0,,,
HR_SYNERGY,,1,6,0,,0.8692990990249371,,,
HR_COMPAT,,1,6,1,,0,,,
HR_SYNERGY,,1,6,1,,0.7745405930108192,,,
HR_COMPAT,,1,6,2,,0,,,
HR_SYNERGY,,1,6,2,,0.7014149778094279,,,
HR_COMPAT,,1,6,3,,1,,,
HR_SYNERGY,,1,6,3,,0.8299504361674261,,,
HR_COMPAT,,1,6,4,,0,,,
HR_SYNERGY,,1,6,4,,0.7629591419833309,,,
HR_COMPAT,,1,6,5,,1,,,
HR_SYNERGY,,1,6,5,,0.8143287136391324,,,
HR_COMPAT,,2,0,0,,0,,,
HR_SYNERGY,,2,0,0,,0.8649037914739017,,,
HR_COMPAT,,2,0,1,,0,,,
HR_SYNERGY,,2,0,1,,0.7927865402241244,,,
HR_COMPAT,,2,0,2,,0,,,
HR_SYNERGY,,2,0,2,,0.8894684916187794,,,
HR_COMPAT,,2,0,3,,0,,,
HR_SYNERGY,,2,0,3,,0.7762920675813325,,,
HR_COMPAT,,2,0,4,,0,,,
HR_SYNERGY,,2,0,4,,0.7758492454334738,,,
HR_COMPAT,,2,0,5,,0,,,
HR_SYNERGY,,2,0,5,,0.6629173851592014,,,
HR_COMPAT,,2,1,0,,0,,,
HR_SYNERGY,,2,1,0,,0.8911224994528122,,,
HR_COMPAT,,2,1,1,,0,,,
HR_SYNERGY,,2,1,1,,0.6530075432351086,,,
HR_COMPAT,,2,1,2,,0,,,
HR_SYNERGY,,2,1,2,,0.7576599884543644,,,
HR_COMPAT,,2,1,3,,0,,,
HR_SYNERGY,,2,1,3,,0.8064120336363183,,,
HR_COMPAT,,2,1,4,,1,,,
HR_SYNERGY,,2,1,4,,0.7853883567510886,,,
HR_COMPAT,,2,1,5,,0,,,
HR_SYNERGY,,2,1,5,,0.6675885707535893,,,
HR_COMPAT,,2,2,0,,0,,,
HR_SYNERGY,,2,2,0,,0.7648027481587272,,,
HR_COMPAT,,2,2,1,,0,,,
HR_SYNERGY,,2,2,1,,0.8164928290272185,,,
HR_COMPAT,,2,2,2,,0,,,
HR_SYNERGY,,2,2,2,,0.7672640447710906,,,
HR_COMPAT,,2,2,3,,0,,,
HR_SYNERGY,,2,2,3,,0.7088968720437636,,,
HR_COMPAT,,2,2,4,,0,,,
HR_SYNERGY,,2,2,4,,0.8189891179467256,,,
HR_COMPAT,,2,2,5,,0,,,
HR_SYNERGY,,2,2,5,,0.8091620598619889,,,
HR_COMPAT,,2,3,0,,0,,,
HR_SYNERGY,,2,3,0,,0.7548593963234639,,,
HR_COMPAT,,2,3,1,,0,,,
HR_SYNERGY,,2,3,1,,0.7303946495537673,,,
HR_COMPAT,,2,3,2,,1,,,
HR_SYNERGY,,2,3,2,,0.7110329100808157,,,
HR_COMPAT,,2,3,3,,0,,,
HR_SYNERGY,,2,3,3,,0.8968615240004374,,,
HR_COMPAT,,2,3,4,,1,,,
HR_SYNERGY,,2,3,4,,0.7022311766162639,,,
HR_COMPAT,,2,3,5,,1,,,
HR_SYNERGY,,2,3,5,,0.7182772208804908,,,
HR_COMPAT,,2,4,0,,0,,,
HR_SYNERGY,,2,4,0,,0.7873108144588793,,,
HR_COMPAT,,2,4,1,,0,,,
HR_SYNERGY,,2,4,1,,0.6891529841678091,,,
HR_COMPAT,,2,4,2,,0,,,
HR_SYNERGY,,2,4,2,,0.833378400666001,,,
HR_COMPAT,,2,4,3,,0,,,
HR_SYNERGY,,2,4,3,,0.7601418397280197,,,
HR_COMPAT,,2,4,4,,1,,,
HR_SYNERGY,,2,4,4,,0.8406918520727036,,,
HR_COMPAT,,2,4,5,,0,,,
HR_SYNERGY,,2,4,5,,0.8645408404569572,,,
HR_COMPAT,,2,5,0,,0,,,
HR_SYNERGY,,2,5,0,,0.7156150905276172,,,
HR_COMPAT,,2,5,1,,0,,,
HR_SYNERGY,,2,5,1,,0.7358506519984774,,,
HR_COMPAT,,2,5,2,,1,,,
HR_SYNERGY,,2,5,2,,0.7697301909458327,,,
HR_COMPAT,,2,5,3,,0,,,
HR_SYNERGY,,2,5,3,,0.8891312253754381,,,
HR_COMPAT,,2,5,4,,0,,,
HR_SYNERGY,,2,5,4,,0.8666815081111284,,,
HR_COMPAT,,2,5,5,,1,,,
HR_SYNERGY,,2,5,5,,0.8659536912559277,,,
HR_COMPAT,,2,6,0,,0,,,
HR_SYNERGY,,2,6,0,,0.8647591799025426,,,
HR_COMPAT,,2,6,1,,0,,,
HR_SYNERGY,,2,6,1,,0.7907727070135153,,,
HR_COMPAT,,2,6,2,,1,,,
HR_SYNERGY,,2,6,2,,0.661833424286953,,,
HR_COMPAT,,2,6,3,,0,,,
HR_SYNERGY,,2,6,3,,0.7138351828783714,,,
HR_COMPAT,,2,6,4,,1,,,
HR_SYNERGY,,2,6,4,,0.721199383805115,,,
HR_COMPAT,,2,6,5,,1,,,
HR_SYNERGY,,2,6,5,,0.7581504902529452,,,
HR_COMPAT,,3,0,0,,0,,,
HR_SYNERGY,,3,0,0,,0.7093273088055894,,,
HR_COMPAT,,3,0,1,,0,,,
HR_SYNERGY,,3,0,1,,0.7017666840314318,,,
HR_COMPAT,,3,0,2,,0,,,
HR_SYNERGY,,3,0,2,,0.7853785443204117,,,
HR_COMPAT,,3,0,3,,1,,,
HR_SYNERGY,,3,0,3,,0.8412024926541821,,,
HR_COMPAT,,3,0,4,,0,,,
HR_SYNERGY,,3,0,4,,0.7152359357899898,,,
HR_COMPAT,,3,0,5,,0,,,
HR_SYNERGY,,3,0,5,,0.6833727357925328,,,
HR_COMPAT,,3,1,0,,0,,,
HR_SYNERGY,,3,1,0,,0.7506595853598079,,,
HR_COMPAT,,3,1,1,,1,,,
HR_SYNERGY,,3,1,1,,0.8633552778867358,,,
HR_COMPAT,,3,1,2,,0,,,
HR_SYNERGY,,3,1,2,,0.7325365697503885,,,
HR_COMPAT,,3,1,3,,0,,,
HR_SYNERGY,,3,1,3,,0.7384658213024966,,,
HR_COMPAT,,3,1,4,,0,,,
HR_SYNERGY,,3,1,4,,0.7023307927964543,,,
HR_COMPAT,,3,1,5,,0,,,
HR_SYNERGY,,3,1,5,,0.8668438050262687,,,
HR_COMPAT,,3,2,0,,0,,,
HR_SYNERGY,,3,2,0,,0.8057119362638893,,,
HR_COMPAT,,3,2,1,,1,,,
HR_SYNERGY,,3,2,1,,0.852631894156773,,,
HR_COMPAT,,3,2,2,,0,,,
HR_SYNERGY,,3,2,2,,0.8169195057804102,,,
HR_COMPAT,,3,2,3,,1,,,
HR_SYNERGY,,3,2,3,,0.7321603108048234,,,
HR_COMPAT,,3,2,4,,0,,,
HR_SYNERGY,,3,2,4,,0.6695362283942488,,,
HR_COMPAT,,3,2,5,,0,,,
HR_SYNERGY,,3,2,5,,0.8214780651756752,,,
HR_COMPAT,,3,3,0,,0,,,
HR_SYNERGY,,3,3,0,,0.6750190631969843,,,
HR_COMPAT,,3,3,1,,1,,,
HR_SYNERGY,,3,3,1,,0.7342378527057357,,,
HR_COMPAT,,3,3,2,,0,,,
HR_SYNERGY,,3,3,2,,0.6817166223385095,,,
HR_COMPAT,,3,3,3,,1,,,
HR_SYNERGY,,3,3,3,,0.6937826690732081,,,
HR_COMPAT,,3,3,4,,0,,,
HR_SYNERGY,,3,3,4,,0.8173967004520388,,,
HR_COMPAT,,3,3,5,,0,,,
HR_SYNERGY,,3,3,5,,0.878860163432883,,,
HR_COMPAT,,3,4,0,,0,,,
HR_SYNERGY,,3,4,0,,0.6570219985760374,,,
HR_COMPAT,,3,4,1,,1,,,
HR_SYNERGY,,3,4,1,,0.7085174341922269,,,
HR_COMPAT,,3,4,2,,0,,,
HR_SYNERGY,,3,4,2,,0.7938727685549576,,,
HR_COMPAT,,3,4,3,,1,,,
HR_SYNERGY,,3,4,3,,0.6880650334885394,,,
HR_COMPAT,,3,4,4,,0,,,
HR_SYNERGY,,3,4,4,,0.8238485441833063,,,
HR_COMPAT,,3,4,5,,0,,,
HR_SYNERGY,,3,4,5,,0.6917939276464022,,,
HR_COMPAT,,3,5,0,,0,,,
HR_SYNERGY,,3,5,0,,0.8138556452990269,,,
HR_COMPAT,,3,5,1,,1,,,
HR_SYNERGY,,3,5,1,,0.835552084840719,,,
HR_COMPAT,,3,5,2,,1,,,
HR_SYNERGY,,3,5,2,,0.8842367568937971,,,
HR_COMPAT,,3,5,3,,1,,,
HR_SYNERGY,,3,5,3,,0.6511504440748133,,,
HR_COMPAT,,3,5,4,,0,,,
HR_SYNERGY,,3,5,4,,0.6707516422592408,,,
HR_COMPAT,,3,5,5,,0,,,
HR_SYNERGY,,3,5,5,,0.7277452044062926,,,
HR_COMPAT,,3,6,0,,0,,,
HR_SYNERGY,,3,6,0,,0.7055312943606469,,,
HR_COMPAT,,3,6,1,,0,,,
HR_SYNERGY,,3,6,1,,0.7729802922553219,,,
HR_COMPAT,,3,6,2,,1,,,
HR_SYNERGY,,3,6,2,,0.6845579514291857,,,
HR_COMPAT,,3,6,3,,0,,,
HR_SYNERGY,,3,6,3,,0.7161555705547091,,,
HR_COMPAT,,3,6,4,,0,,,
HR_SYNERGY,,3,6,4,,0.7901015905834967,,,
HR_COMPAT,,3,6,5,,0,,,
HR_SYNERGY,,3,6,5,,0.8041166933549113,,,
HR_COMPAT,,4,0,0,,1,,,
HR_SYNERGY,,4,0,0,,0.7978516785179588,,,
HR_COMPAT,,4,0,1,,0,,,
HR_SYNERGY,,4,0,1,,0.8812722940956149,,,
HR_COMPAT,,4,0,2,,0,,,
HR_SYNERGY,,4,0,2,,0.7250792749070947,,,
HR_COMPAT,,4,0,3,,0,,,
HR_SYNERGY,,4,0,3,,0.6996471886322162,,,
HR_COMPAT,,4,0,4,,0,,,
HR_SYNERGY,,4,0,4,,0.8892519820336424,,,
HR_COMPAT,,4,0,5,,0,,,
HR_SYNERGY,,4,0,5,,0.7196638416648488,,,
HR_COMPAT,,4,1,0,,1,,,
HR_SYNERGY,,4,1,0,,0.6997370600011193,,,
HR_COMPAT,,4,1,1,,0,,,
HR_SYNERGY,,4,1,1,,0.8662539010783419,,,
HR_COMPAT,,4,1,2,,0,,,
HR_SYNERGY,,4,1,2,,0.7672998336415146,,,
HR_COMPAT,,4,1,3,,0,,,
HR_SYNERGY,,4,1,3,,0.7706025464813098,,,
HR_COMPAT,,4,1,4,,0,,,
HR_SYNERGY,,4,1,4,,0.7774441097029344,,,
HR_COMPAT,,4,1,5,,1,,,
HR_SYNERGY,,4,1,5,,0.7658636739394271,,,
HR_COMPAT,,4,2,0,,1,,,
HR_SYNERGY,,4,2,0,,0.7856856284722853,,,
HR_COMPAT,,4,2,1,,0,,,
HR_SYNERGY,,4,2,1,,0.8931007948659146,,,
HR_COMPAT,,4,2,2,,0,,,
HR_SYNERGY,,4,2,2,,0.7512888351653928,,,
HR_COMPAT,,4,2,3,,0,,,
HR_SYNERGY,,4,2,3,,0.716288194781278,,,
HR_COMPAT,,4,2,4,,0,,,
HR_SYNERGY,,4,2,4,,0.769193507840631,,,
HR_COMPAT,,4,2,5,,0,,,
HR_SYNERGY,,4,2,5,,0.8295971581535655,,,
HR_COMPAT,,4,3,0,,0,,,
HR_SYNERGY,,4,3,0,,0.793476009819196,,,
HR_COMPAT,,4,3,1,,0,,,
HR_SYNERGY,,4,3,1,,0.6604673010628919,,,
HR_COMPAT,,4,3,2,,1,,,
HR_SYNERGY,,4,3,2,,0.7023507489284898,,,
HR_COMPAT,,4,3,3,,0,,,
HR_SYNERGY,,4,3,3,,0.8047759231416798,,,
HR_COMPAT,,4,3,4,,0,,,
HR_SYNERGY,,4,3,4,,0.8929962623370595,,,
HR_COMPAT,,4,3,5,,1,,,
HR_SYNERGY,,4,3,5,,0.8831375550284467,,,
HR_COMPAT,,4,4,0,,0,,,
HR_SYNERGY,,4,4,0,,0.796685935497339,,,
HR_COMPAT,,4,4,1,,0,,,
HR_SYNERGY,,4,4,1,,0.7384958170420366,,,
HR_COMPAT,,4,4,2,,0,,,
HR_SYNERGY,,4,4,2,,0.6899761535016071,,,
HR_COMPAT,,4,4,3,,0,,,
HR_SYNERGY,,4,4,3,,0.7074669362046841,,,
HR_COMPAT,,4,4,4,,0,,,
HR_SYNERGY,,4,4,4,,0.8810571654058506,,,
HR_COMPAT,,4,4,5,,0,,,
HR_SYNERGY,,4,4,5,,0.8035273529820177,,,
HR_COMPAT,,4,5,0,,1,,,
HR_SYNERGY,,4,5,0,,0.8584809021774141,,,
HR_COMPAT,,4,5,1,,0,,,
HR_SYNERGY,,4,5,1,,0.7860924015400821,,,
HR_COMPAT,,4,5,2,,1,,,
HR_SYNERGY,,4,5,2,,0.8547976338041261,,,
HR_COMPAT,,4,5,3,,0,,,
HR_SYNERGY,,4,5,3,,0.6690405587761656,,,
HR_COMPAT,,4,5,4,,0,,,
HR_SYNERGY,,4,5,4,,0.7909962329949034,,,
HR_COMPAT,,4,5,5,,1,,,
HR_SYNERGY,,4,5,5,,0.7453766132633801,,,
HR_COMPAT,,4,6,0,,1,,,
HR_SYNERGY,,4,6,0,,0.8975079483847851,,,
HR_COMPAT,,4,6,1,,0,,,
HR_SYNERGY,,4,6,1,,0.8916481228054813,,,
HR_COMPAT,,4,6,2,,1,,,
HR_SYNERGY,,4,6,2,,0.8934960413686672,,,
HR_COMPAT,,4,6,3,,0,,,
HR_SYNERGY,,4,6,3,,0.7643029168963217,,,
HR_COMPAT,,4,6,4,,0,,,
HR_SYNERGY,,4,6,4,,0.7407808098714082,,,
HR_COMPAT,,4,6,5,,1,,,
HR_SYNERGY,,4,6,5,,0.8371295557324931,,,
HR_COMPAT,,5,0,0,,0,,,
HR_SYNERGY,,5,0,0,,0.7908639609142044,,,
HR_COMPAT,,5,0,1,,1,,,
HR_SYNERGY,,5,0,1,,0.837690093305405,,,
HR_COMPAT,,5,0,2,,0,,,
HR_SYNERGY,,5,0,2,,0.816594907646968,,,
HR_COMPAT,,5,0,3,,0,,,
HR_SYNERGY,,5,0,3,,0.8567333387691161,,,
HR_COMPAT,,5,0,4,,0,,,
HR_SYNERGY,,5,0,4,,0.6752975196581653,,,
HR_COMPAT,,5,0,5,,0,,,
HR_SYNERGY,,5,0,5,,0.6682521041757851,,,
HR_COMPAT,,5,1,0,,0,,,
HR_SYNERGY,,5,1,0,,0.830087263362007,,,
HR_COMPAT,,5,1,1,,1,,,
HR_SYNERGY,,5,1,1,,0.6614098543512636,,,
HR_COMPAT,,5,1,2,,0,,,
HR_SYNERGY,,5,1,2,,0.7731325731868197,,,
HR_COMPAT,,5,1,3,,0,,,
HR_SYNERGY,,5,1,3,,0.8477648832580242,,,
HR_COMPAT,,5,1,4,,0,,,
HR_SYNERGY,,5,1,4,,0.7175316841204851,,,
HR_COMPAT,,5,1,5,,0,,,
HR_SYNERGY,,5,1,5,,0.8632916367971778,,,
HR_COMPAT,,5,2,0,,0,,,
HR_SYNERGY,,5,2,0,,0.8857327288858883,,,
HR_COMPAT,,5,2,1,,1,,,
HR_SYNERGY,,5,2,1,,0.8509093170080796,,,
HR_COMPAT,,5,2,2,,0,,,
HR_SYNERGY,,5,2,2,,0.7858225350123202,,,
HR_COMPAT,,5,2,3,,0,,,
HR_SYNERGY,,5,2,3,,0.8569540153692377,,,
HR_COMPAT,,5,2,4,,0,,,
HR_SYNERGY,,5,2,4,,0.8240912365215372,,,
HR_COMPAT,,5,2,5,,0,,,
HR_SYNERGY,,5,2,5,,0.7063784018312447,,,
HR_COMPAT,,5,3,0,,0,,,
HR_SYNERGY,,5,3,0,,0.6943068517053578,,,
HR_COMPAT,,5,3,1,,1,,,
HR_SYNERGY,,5,3,1,,0.6847198700568131,,,
HR_COMPAT,,5,3,2,,1,,,
HR_SYNERGY,,5,3,2,,0.6667045428519517,,,
HR_COMPAT,,5,3,3,,0,,,
HR_SYNERGY,,5,3,3,,0.8678813635601277,,,
HR_COMPAT,,5,3,4,,0,,,
HR_SYNERGY,,5,3,4,,0.7364225095213123,,,
HR_COMPAT,,5,3,5,,0,,,
HR_SYNERGY,,5,3,5,,0.8354880168032904,,,
HR_COMPAT,,5,4,0,,0,,,
HR_SYNERGY,,5,4,0,,0.6532469654755527,,,
HR_COMPAT,,5,4,1,,1,,,
HR_SYNERGY,,5,4,1,,0.7740252843586698,,,
HR_COMPAT,,5,4,2,,0,,,
HR_SYNERGY,,5,4,2,,0.6574135521180564,,,
HR_COMPAT,,5,4,3,,0,,,
HR_SYNERGY,,5,4,3,,0.6704181129221696,,,
HR_COMPAT,,5,4,4,,0,,,
HR_SYNERGY,,5,4,4,,0.8190625899797609,,,
HR_COMPAT,,5,4,5,,0,,,
HR_SYNERGY,,5,4,5,,0.662142942356293,,,
HR_COMPAT,,5,5,0,,0,,,
HR_SYNERGY,,5,5,0,,0.6805727482298379,,,
HR_COMPAT,,5,5,1,,1,,,
HR_SYNERGY,,5,5,1,,0.8531885368206419,,,
HR_COMPAT,,5,5,2,,0,,,
HR_SYNERGY,,5,5,2,,0.864745037870299,,,
HR_COMPAT,,5,5,3,,0,,,
HR_SYNERGY,,5,5,3,,0.855817008088306,,,
HR_COMPAT,,5,5,4,,0,,,
HR_SYNERGY,,5,5,4,,0.7763759078068913,,,
HR_COMPAT,,5,5,5,,0,,,
HR_SYNERGY,,5,5,5,,0.695335060027307,,,
HR_COMPAT,,5,6,0,,0,,,
HR_SYNERGY,,5,6,0,,0.7806380006782176,,,
HR_COMPAT,,5,6,1,,0,,,
HR_SYNERGY,,5,6,1,,0.7245112694973141,,,
HR_COMPAT,,5,6,2,,1,,,
HR_SYNERGY,,5,6,2,,0.7526115815210395,,,
HR_COMPAT,,5,6,3,,0,,,
HR_SYNERGY,,5,6,3,,0.7676070695080723,,,
HR_COMPAT,,5,6,4,,0,,,
HR_SYNERGY,,5,6,4,,0.7831660699652473,,,
HR_COMPAT,,5,6,5,,0,,,
HR_SYNERGY,,5,6,5,,0.8423784141892189,,,
HR_COMPAT,,6,0,0,,1,,,
HR_SYNERGY,,6,0,0,,0.7711208627873128,,,
HR_COMPAT,,6,0,1,,0,,,
HR_SYNERGY,,6,0,1,,0.8980380018270822,,,
HR_COMPAT,,6,0,2,,0,,,
HR_SYNERGY,,6,0,2,,0.8695765829813351,,,
HR_COMPAT,,6,0,3,,0,,,
HR_SYNERGY,,6,0,3,,0.8954099854758734,,,
HR_COMPAT,,6,0,4,,0,,,
HR_SYNERGY,,6,0,4,,0.8726890526079781,,,
HR_COMPAT,,6,0,5,,0,,,
HR_SYNERGY,,6,0,5,,0.7100668834890244,,,
HR_COMPAT,,6,1,0,,1,,,
HR_SYNERGY,,6,1,0,,0.8817109985982067,,,
HR_COMPAT,,6,1,1,,0,,,
HR_SYNERGY,,6,1,1,,0.8695407236161774,,,
HR_COMPAT,,6,1,2,,0,,,
HR_SYNERGY,,6,1,2,,0.8660182571530558,,,
HR_COMPAT,,6,1,3,,0,,,
HR_SYNERGY,,6,1,3,,0.8212903831609368,,,
HR_COMPAT,,6,1,4,,0,,,
HR_SYNERGY,,6,1,4,,0.844489817354484,,,
HR_COMPAT,,6,1,5,,1,,,
HR_SYNERGY,,6,1,5,,0.8961551454268195,,,
HR_COMPAT,,6,2,0,,1,,,
HR_SYNERGY,,6,2,0,,0.8859065066296389,,,
HR_COMPAT,,6,2,1,,0,,,
HR_SYNERGY,,6,2,1,,0.7471762734565115,,,
HR_COMPAT,,6,2,2,,0,,,
HR_SYNERGY,,6,2,2,,0.6822557253231543,,,
HR_COMPAT,,6,2,3,,0,,,
HR_SYNERGY,,6,2,3,,0.8705866221309534,,,
HR_COMPAT,,6,2,4,,0,,,
HR_SYNERGY,,6,2,4,,0.8778117799125794,,,
HR_COMPAT,,6,2,5,,0,,,
HR_SYNERGY,,6,2,5,,0.8757714439377318,,,
HR_COMPAT,,6,3,0,,0,,,
HR_SYNERGY,,6,3,0,,0.8448799099879437,,,
HR_COMPAT,,6,3,1,,0,,,
HR_SYNERGY,,6,3,1,,0.7528929706194383,,,
HR_COMPAT,,6,3,2,,1,,,
HR_SYNERGY,,6,3,2,,0.8022696267027142,,,
HR_COMPAT,,6,3,3,,0,,,
HR_SYNERGY,,6,3,3,,0.795559523867669,,,
HR_COMPAT,,6,3,4,,0,,,
HR_SYNERGY,,6,3,4,,0.6852097229225678,,,
HR_COMPAT,,6,3,5,,1,,,
HR_SYNERGY,,6,3,5,,0.7628072435432545,,,
HR_COMPAT,,6,4,0,,0,,,
HR_SYNERGY,,6,4,0,,0.8957499998006724,,,
HR_COMPAT,,6,4,1,,0,,,
HR_SYNERGY,,6,4,1,,0.7720632712357365,,,
HR_COMPAT,,6,4,2,,0,,,
HR_SYNERGY,,6,4,2,,0.8473309801948394,,,
HR_COMPAT,,6,4,3,,0,,,
HR_SYNERGY,,6,4,3,,0.7930952924547418,,,
HR_COMPAT,,6,4,4,,0,,,
HR_SYNERGY,,6,4,4,,0.6944147342229556,,,
HR_COMPAT,,6,4,5,,0,,,
HR_SYNERGY,,6,4,5,,0.7861442456027263,,,
HR_COMPAT,,6,5,0,,1,,,
HR_SYNERGY,,6,5,0,,0.6577520674309223,,,
HR_COMPAT,,6,5,1,,0,,,
HR_SYNERGY,,6,5,1,,0.7895206579222455,,,
HR_COMPAT,,6,5,2,,1,,,
HR_SYNERGY,,6,5,2,,0.8101270090132086,,,
HR_COMPAT,,6,5,3,,0,,,
HR_SYNERGY,,6,5,3,,0.6770545211189085,,,
HR_COMPAT,,6,5,4,,0,,,
HR_SYNERGY,,6,5,4,,0.7622514807746248,,,
HR_COMPAT,,6,5,5,,1,,,
HR_SYNERGY,,6,5,5,,0.7674973191539908,,,
HR_COMPAT,,6,6,0,,1,,,
HR_SYNERGY,,6,6,0,,0.8649777044054825,,,
HR_COMPAT,,6,6,1,,0,,,
HR_SYNERGY,,6,6,1,,0.7958347219960142,,,
HR_COMPAT,,6,6,2,,1,,,
HR_SYNERGY,,6,6,2,,0.6919095857650162,,,
HR_COMPAT,,6,6,3,,0,,,
HR_SYNERGY,,6,6,3,,0.8893652936665428,,,
HR_COMPAT,,6,6,4,,0,,,
HR_SYNERGY,,6,6,4,,0.7063239898698549,,,
HR_COMPAT,,6,6,5,,1,,,
HR_SYNERGY,,6,6,5,,0.8923316533094393,,,
HR_COMPAT,,7,0,0,,1,,,
HR_SYNERGY,,7,0,0,,0.7475993380140641,,,
HR_COMPAT,,7,0,1,,1,,,
HR_SYNERGY,,7,0,1,,0.8473216556725627,,,
HR_COMPAT,,7,0,2,,0,,,
HR_SYNERGY,,7,0,2,,0.7669859843994555,,,
HR_COMPAT,,7,0,3,,1,,,
HR_SYNERGY,,7,0,3,,0.8705712292114252,,,
HR_COMPAT,,7,0,4,,0,,,
HR_SYNERGY,,7,0,4,,0.760819055419164,,,
HR_COMPAT,,7,0,5,,0,,,
HR_SYNERGY,,7,0,5,,0.8236051089448103,,,
HR_COMPAT,,7,1,0,,1,,,
HR_SYNERGY,,7,1,0,,0.8890850118286318,,,
HR_COMPAT,,7,1,1,,1,,,
HR_SYNERGY,,7,1,1,,0.8641183806897282,,,
HR_COMPAT,,7,1,2,,0,,,
HR_SYNERGY,,7,1,2,,0.7742855906567064,,,
HR_COMPAT,,7,1,3,,0,,,
HR_SYNERGY,,7,1,3,,0.8451479543267062,,,
HR_COMPAT,,7,1,4,,0,,,
HR_SYNERGY,,7,1,4,,0.836785622622145,,,
HR_COMPAT,,7,1,5,,1,,,
HR_SYNERGY,,7,1,5,,0.8627297465217112,,,
HR_COMPAT,,7,2,0,,1,,,
HR_SYNERGY,,7,2,0,,0.8383361559740623,,,
HR_COMPAT,,7,2,1,,1,,,
HR_SYNERGY,,7,2,1,,0.7477822264285379,,,
HR_COMPAT,,7,2,2,,0,,,
HR_SYNERGY,,7,2,2,,0.7662686877697805,,,
HR_COMPAT,,7,2,3,,1,,,
HR_SYNERGY,,7,2,3,,0.7560453109487636,,,
HR_COMPAT,,7,2,4,,0,,,
HR_SYNERGY,,7,2,4,,0.8934927537064344,,,
HR_COMPAT,,7,2,5,,0,,,
HR_SYNERGY,,7,2,5,,0.7512870294554211,,,
HR_COMPAT,,7,3,0,,0,,,
HR_SYNERGY,,7,3,0,,0.6653972601535046,,,
HR_COMPAT,,7,3,1,,1,,,
HR_SYNERGY,,7,3,1,,0.8351447142425152,,,
HR_COMPAT,,7,3,2,,1,,,
HR_SYNERGY,,7,3,2,,0.8566060607719923,,,
HR_COMPAT,,7,3,3,,1,,,
HR_SYNERGY,,7,3,3,,0.7138849636536129,,,
HR_COMPAT,,7,3,4,,0,,,
HR_SYNERGY,,7,3,4,,0.8958165684444545,,,
HR_COMPAT,,7,3,5,,1,,,
HR_SYNERGY,,7,3,5,,0.7021101751921875,,,
HR_COMPAT,,7,4,0,,0,,,
HR_SYNERGY,,7,4,0,,0.8809600773462114,,,
HR_COMPAT,,7,4,1,,0,,,
HR_SYNERGY,,7,4,1,,0.7686480142353279,,,
HR_COMPAT,,7,4,2,,0,,,
HR_SYNERGY,,7,4,2,,0.7356111610560869,,,
HR_COMPAT,,7,4,3,,0,,,
HR_SYNERGY,,7,4,3,,0.7662907395413066,,,
HR_COMPAT,,7,4,4,,0,,,
HR_SYNERGY,,7,4,4,,0.7627155193307649,,,
HR_COMPAT,,7,4,5,,0,,,
HR_SYNERGY,,7,4,5,,0.7253511239555901,,,
HR_COMPAT,,7,5,0,,1,,,
HR_SYNERGY,,7,5,0,,0.8934493927710242,,,
HR_COMPAT,,7,5,1,,1,,,
HR_SYNERGY,,7,5,1,,0.7384490701567334,,,
HR_COMPAT,,7,5,2,,1,,,
HR_SYNERGY,,7,5,2,,0.8547196735121365,,,
HR_COMPAT,,7,5,3,,0,,,
HR_SYNERGY,,7,5,3,,0.762824823978824,,,
HR_COMPAT,,7,5,4,,0,,,
HR_SYNERGY,,7,5,4,,0.7976181345260314,,,
HR_COMPAT,,7,5,5,,1,,,
HR_SYNERGY,,7,5,5,,0.6923977933038665,,,
HR_COMPAT,,7,6,0,,1,,,
HR_SYNERGY,,7,6,0,,0.8308192409565154,,,
HR_COMPAT,,7,6,1,,0,,,
HR_SYNERGY,,7,6,1,,0.6577043075074346,,,
HR_COMPAT,,7,6,2,,1,,,
HR_SYNERGY,,7,6,2,,0.8878032645235001,,,
HR_COMPAT,,7,6,3,,1,,,
HR_SYNERGY,,7,6,3,,0.7617696788773051,,,
HR_COMPAT,,7,6,4,,0,,,
HR_SYNERGY,,7,6,4,,0.7587314050627115,,,
HR_COMPAT,,7,6,5,,1,,,
HR_SYNERGY,,7,6,5,,0.6698883269639758,,,
WORKER_RELOC,,0,0,0,,0.0,,,
WORKER_RELOC,,0,0,1,,11.121008986450533,,,
WORKER_RELOC,,0,0,2,,7.107149264637826,,,
WORKER_RELOC,,0,0,3,,12.011892698121297,,,
WORKER_RELOC,,0,0,4,,7.580762247765394,,,
WORKER_RELOC,,0,0,5,,7.186509710518773,,,
WORKER_RELOC,,0,0,6,,12.44940650251779,,,
WORKER_RELOC,,0,0,7,,12.156983173917503,,,
WORKER_RELOC,,0,0,8,,11.143836420586245,,,
WORKER_RELOC,,0,0,9,,15.572755476603191,,,
WORKER_RELOC,,0,0,10,,9.4328582935706,,,
WORKER_RELOC,,0,0,11,,12.067791427382204,,,
WORKER_RELOC,,0,1,0,,6.941387242299222,,,
WORKER_RELOC,,0,1,1,,0.0,,,
WORKER_RELOC,,0,1,2,,4.786795173305055,,,
WORKER_RELOC,,0,1,3,,11.942983743282818,,,
WORKER_RELOC,,0,1,4,,9.662966558540504,,,
WORKER_RELOC,,0,1,5,,13.554814988527813,,,
WORKER_RELOC,,0,1,6,,8.53102689121553,,,
WORKER_RELOC,,0,1,7,,10.555124112954852,,,
WORKER_RELOC,,0,1,8,,7.525417652332081,,,
WORKER_RELOC,,0,1,9,,12.514894532881861,,,
WORKER_RELOC,,0,1,10,,9.836941374639904,,,
WORKER_RELOC,,0,1,11,,7.802098169737725,,,
WORKER_RELOC,,0,2,0,,9.626826271493105,,,
WORKER_RELOC,,0,2,1,,2.2594007879383295,,,
WORKER_RELOC,,0,2,2,,0.0,,,
WORKER_RELOC,,0,2,3,,6.042864807374584,,,
WORKER_RELOC,,0,2,4,,12.523739950704927,,,
WORKER_RELOC,,0,2,5,,14.54871816708788,,,
WORKER_RELOC,,0,2,6,,10.036536168305084,,,
WORKER_RELOC,,0,2,7,,6.195592806485054,,,
WORKER_RELOC,,0,2,8,,9.852126119683811,,,
WORKER_RELOC,,0,2,9,,13.712952955910259,,,
WORKER_RELOC,,0,2,10,,6.548705623392955,,,
WORKER_RELOC,,0,2,11,,9.679395564517293,,,
WORKER_RELOC,,0,3,0,,12.716393249255164,,,
WORKER_RELOC,,0,3,1,,6.498165490331688,,,
WORKER_RELOC,,0,3,2,,13.52922840484534,,,
WORKER_RELOC,,0,3,3,,0.0,,,
WORKER_RELOC,,0,3,4,,5.182736774455146,,,
WORKER_RELOC,,0,3,5,,3.4242170701683046,,,
WORKER_RELOC,,0,3,6,,15.348786310014328,,,
WORKER_RELOC,,0,3,7,,7.184659045411333,,,
WORKER_RELOC,,0,3,8,,8.593453103815342,,,
WORKER_RELOC,,0,3,9,,7.858767404992738,,,
WORKER_RELOC,,0,3,10,,12.380639854549393,,,
WORKER_RELOC,,0,3,11,,14.713042824728968,,,
WORKER_RELOC,,0,4,0,,10.207820297776681,,,
WORKER_RELOC,,0,4,1,,15.713158980275947,,,
WORKER_RELOC,,0,4,2,,8.416905450395156,,,
WORKER_RELOC,,0,4,3,,2.2436823772048258,,,
WORKER_RELOC,,0,4,4,,0.0,,,
WORKER_RELOC,,0,4,5,,2.9469371416827395,,,
WORKER_RELOC,,0,4,6,,6.964565410888159,,,
WORKER_RELOC,,0,4,7,,8.533864921377521,,,
WORKER_RELOC,,0,4,8,,15.895769729921344,,,
WORKER_RELOC,,0,4,9,,11.049945984406373,,,
WORKER_RELOC,,0,4,10,,7.728162535097576,,,
WORKER_RELOC,,0,4,11,,8.8815707328807,,,
WORKER_RELOC,,0,5,0,,10.60282965056599,,,
WORKER_RELOC,,0,5,1,,8.650927326821208,,,
WORKER_RELOC,,0,5,2,,8.422512223039655,,,
WORKER_RELOC,,0,5,3,,3.2082201091183653,,,
WORKER_RELOC,,0,5,4,,5.686505441899212,,,
WORKER_RELOC,,0,5,5,,0.0,,,
WORKER_RELOC,,0,5,6,,14.226240319061521,,,
WORKER_RELOC,,0,5,7,,13.219807393241037,,,
WORKER_RELOC,,0,5,8,,13.377643136728416,,,
WORKER_RELOC,,0,5,9,,12.206930135497043,,,
WORKER_RELOC,,0,5,10,,11.967559622810734,,,
WORKER_RELOC,,0,5,11,,11.71274931485032,,,
WORKER_RELOC,,0,6,0,,8.450218087878065,,,
WORKER_RELOC,,0,6,1,,7.824379865993202,,,
WORKER_RELOC,,0,6,2,,13.316608298276945,,,
WORKER_RELOC,,0,6,3,,6.473727254222959,,,
WORKER_RELOC,,0,6,4,,14.192482955061795,,,
WORKER_RELOC,,0,6,5,,12.93244327601623,,,
WORKER_RELOC,,0,6,6,,0.0,,,
WORKER_RELOC,,0,6,7,,2.778375541838663,,,
WORKER_RELOC,,0,6,8,,10.754214489722955,,,
WORKER_RELOC,,0,6,9,,11.410701996377465,,,
WORKER_RELOC,,0,6,10,,15.500082214614892,,,
WORKER_RELOC,,0,6,11,,11.73119133305177,,,
WORKER_RELOC,,0,7,0,,6.8134926616854905,,,
WORKER_RELOC,,0,7,1,,11.248830600281122,,,
WORKER_RELOC,,0,7,2,,10.122317470219384,,,
WORKER_RELOC,,0,7,3,,10.8403826038356,,,
WORKER_RELOC,,0,7,4,,14.36170406781029,,,
WORKER_RELOC,,0,7,5,,11.432566448169698,,,
WORKER_RELOC,,0,7,6,,5.284901547196318,,,
WORKER_RELOC,,0,7,7,,0.0,,,
WORKER_RELOC,,0,7,8,,7.2369025146605015,,,
WORKER_RELOC,,0,7,9,,9.351961743533245,,,
WORKER_RELOC,,0,7,10,,12.327512233760118,,,
WORKER_RELOC,,0,7,11,,13.960758149973882,,,
WORKER_RELOC,,0,8,0,,6.831929686310831,,,
WORKER_RELOC,,0,8,1,,10.177180490831397,,,
WORKER_RELOC,,0,8,2,,15.217753750454527,,,
WORKER_RELOC,,0,8,3,,9.312232829053347,,,
WORKER_RELOC,,0,8,4,,6.721333877512912,,,
WORKER_RELOC,,0,8,5,,11.861296839086405,,,
WORKER_RELOC,,0,8,6,,15.756391209576021,,,
WORKER_RELOC,,0,8,7,,14.727572871516118,,,
WORKER_RELOC,,0,8,8,,0.0,,,
WORKER_RELOC,,0,8,9,,7.634149788925137,,,
WORKER_RELOC,,0,8,10,,9.035532914434736,,,
WORKER_RELOC,,0,8,11,,6.958814243098056,,,
WORKER_RELOC,,0,9,0,,14.793987815350292,,,
WORKER_RELOC,,0,9,1,,8.26156464012266,,,
WORKER_RELOC,,0,9,2,,14.436531494736414,,,
WORKER_RELOC,,0,9,3,,13.265181602728127,,,
WORKER_RELOC,,0,9,4,,13.996427326990215,,,
WORKER_RELOC,,0,9,5,,8.087222552185015,,,
WORKER_RELOC,,0,9,6,,11.306172068662836,,,
WORKER_RELOC,,0,9,7,,13.342932158674948,,,
WORKER_RELOC,,0,9,8,,7.602009483575325,,,
WORKER_RELOC,,0,9,9,,0.0,,,
WORKER_RELOC,,0,9,10,,4.78801503319889,,,
WORKER_RELOC,,0,9,11,,5.526185480288129,,,
WORKER_RELOC,,0,10,0,,11.651872383359358,,,
WORKER_RELOC,,0,10,1,,6.834194080767942,,,
WORKER_RELOC,,0,10,2,,9.86433620632808,,,
WORKER_RELOC,,0,10,3,,7.611831238612139,,,
WORKER_RELOC,,0,10,4,,13.203128272517358,,,
WORKER_RELOC,,0,10,5,,15.898830614230581,,,
WORKER_RELOC,,0,10,6,,15.329847352347869,,,
WORKER_RELOC,,0,10,7,,14.988661279554877,,,
WORKER_RELOC,,0,10,8,,9.88007414693104,,,
WORKER_RELOC,,0,10,9,,3.2298135726740274,,,
WORKER_RELOC,,0,10,10,,0.0,,,
WORKER_RELOC,,0,10,11,,2.5466594794819524,,,
WORKER_RELOC,,0,11,0,,9.309033734127524,,,
WORKER_RELOC,,0,11,1,,9.854161532857816,,,
WORKER_RELOC,,0,11,2,,15.866439063800271,,,
WORKER_RELOC,,0,11,3,,15.934412945201919,,,
WORKER_RELOC,,0,11,4,,10.685380225941998,,,
WORKER_RELOC,,0,11,5,,8.61508834261582,,,
WORKER_RELOC,,0,11,6,,9.826708651665736,,,
WORKER_RELOC,,0,11,7,,15.4146663711595,,,
WORKER_RELOC,,0,11,8,,6.2412264920156915,,,
WORKER_RELOC,,0,11,9,,5.463628732937982,,,
WORKER_RELOC,,0,11,10,,3.945489490328215,,,
WORKER_RELOC,,0,11,11,,0.0,,,
WORKER_RELOC,,1,0,0,,0.0,,,
WORKER_RELOC,,1,0,1,,10.709715301281236,,,
WORKER_RELOC,,1,0,2,,15.972446217448825,,,
WORKER_RELOC,,1,0,3,,11.430277818484067,,,
WORKER_RELOC,,1,0,4,,12.42288472948023,,,
WORKER_RELOC,,1,0,5,,14.735067303300989,,,
WORKER_RELOC,,1,0,6,,6.191786445669468,,,
WORKER_RELOC,,1,0,7,,7.055029721833978,,,
WORKER_RELOC,,1,0,8,,10.324285854382499,,,
WORKER_RELOC,,1,0,9,,15.346850226424436,,,
WORKER_RELOC,,1,0,10,,6.676263409589085,,,
WORKER_RELOC,,1,0,11,,13.41360290582842,,,
WORKER_RELOC,,1,1,0,,10.78075922164224,,,
WORKER_RELOC,,1,1,1,,0.0,,,
WORKER_RELOC,,1,1,2,,4.591567546538018,,,
WORKER_RELOC,,1,1,3,,9.929885258380736,,,
WORKER_RELOC,,1,1,4,,14.93812666541728,,,
WORKER_RELOC,,1,1,5,,13.026043726673203,,,
WORKER_RELOC,,1,1,6,,10.599253180748576,,,
WORKER_RELOC,,1,1,7,,9.760996974057793,,,
WORKER_RELOC,,1,1,8,,11.31071975343248,,,
WORKER_RELOC,,1,1,9,,9.616931175620397,,,
WORKER_RELOC,,1,1,10,,11.854422010633389,,,
WORKER_RELOC,,1,1,11,,9.664056527428215,,,
WORKER_RELOC,,1,2,0,,6.4783683722839625,,,
WORKER_RELOC,,1,2,1,,4.6662812437427466,,,
WORKER_RELOC,,1,2,2,,0.0,,,
WORKER_RELOC,,1,2,3,,15.177356333223205,,,
WORKER_RELOC,,1,2,4,,12.135468794698667,,,
WORKER_RELOC,,1,2,5,,6.860990805833911,,,
WORKER_RELOC,,1,2,6,,12.441393534719857,,,
WORKER_RELOC,,1,2,7,,15.519249910778928,,,
WORKER_RELOC,,1,2,8,,9.681616586698896,,,
WORKER_RELOC,,1,2,9,,9.518487818817349,,,
WORKER_RELOC,,1,2,10,,13.82165135588422,,,
WORKER_RELOC,,1,2,11,,14.458677280387425,,,
WORKER_RELOC,,1,3,0,,14.714803563236138,,,
WORKER_RELOC,,1,3,1,,8.18130345647823,,,
WORKER_RELOC,,1,3,2,,8.919013227634824,,,
WORKER_RELOC,,1,3,3,,0.0,,,
WORKER_RELOC,,1,3,4,,2.541327454648187,,,
WORKER_RELOC,,1,3,5,,2.1098758168420515,,,
WORKER_RELOC,,1,3,6,,6.217997266825422,,,
WORKER_RELOC,,1,3,7,,7.581535396691639,,,
WORKER_RELOC,,1,3,8,,6.419513714279641,,,
WORKER_RELOC,,1,3,9,,7.052679668243766,,,
WORKER_RELOC,,1,3,10,,7.881895068466406,,,
WORKER_RELOC,,1,3,11,,11.902618360340654,,,
WORKER_RELOC,,1,4,0,,8.395787865666943,,,
WORKER_RELOC,,1,4,1,,6.916512985934471,,,
WORKER_RELOC,,1,4,2,,14.174243814296423,,,
WORKER_RELOC,,1,4,3,,2.3303511572601017,,,
WORKER_RELOC,,1,4,4,,0.0,,,
WORKER_RELOC,,1,4,5,,4.6454241051058425,,,
WORKER_RELOC,,1,4,6,,12.975198657299131,,,
WORKER_RELOC,,1,4,7,,7.580661231426089,,,
WORKER_RELOC,,1,4,8,,13.821000196332324,,,
WORKER_RELOC,,1,4,9,,15.511002471222813,,,
WORKER_RELOC,,1,4,10,,7.786145921976589,,,
WORKER_RELOC,,1,4,11,,15.079528274700488,,,
WORKER_RELOC,,1,5,0,,14.482738878840406,,,
WORKER_RELOC,,1,5,1,,7.4241470293135725,,,
WORKER_RELOC,,1,5,2,,6.566332316532234,,,
WORKER_RELOC,,1,5,3,,2.6105174714412063,,,
WORKER_RELOC,,1,5,4,,5.0455845348450525,,,
WORKER_RELOC,,1,5,5,,0.0,,,
WORKER_RELOC,,1,5,6,,15.218767189341705,,,
WORKER_RELOC,,1,5,7,,9.350103159706716,,,
WORKER_RELOC,,1,5,8,,8.333042588155738,,,
WORKER_RELOC,,1,5,9,,10.481082757753118,,,
WORKER_RELOC,,1,5,10,,13.903981337138749,,,
WORKER_RELOC,,1,5,11,,9.706661221842749,,,
WORKER_RELOC,,1,6,0,,15.646986753482885,,,
WORKER_RELOC,,1,6,1,,13.133722467120473,,,
WORKER_RELOC,,1,6,2,,7.783378030785885,,,
WORKER_RELOC,,1,6,3,,10.76742259780692,,,
WORKER_RELOC,,1,6,4,,13.460126767202654,,,
WORKER_RELOC,,1,6,5,,11.646293087210985,,,
WORKER_RELOC,,1,6,6,,0.0,,,
WORKER_RELOC,,1,6,7,,5.199555377235171,,,
WORKER_RELOC,,1,6,8,,12.517309851143365,,,
WORKER_RELOC,,1,6,9,,11.377480325942276,,,
WORKER_RELOC,,1,6,10,,10.588460393856177,,,
WORKER_RELOC,,1,6,11,,8.34877374708324,,,
WORKER_RELOC,,1,7,0,,8.223215771866442,,,
WORKER_RELOC,,1,7,1,,8.897375543493329,,,
WORKER_RELOC,,1,7,2,,8.50970313443767,,,
WORKER_RELOC,,1,7,3,,11.713329136801722,,,
WORKER_RELOC,,1,7,4,,12.243453630513564,,,
WORKER_RELOC,,1,7,5,,9.466097198886107,,,
WORKER_RELOC,,1,7,6,,4.541192342211404,,,
WORKER_RELOC,,1,7,7,,0.0,,,
WORKER_RELOC,,1,7,8,,13.875704795025339,,,
WORKER_RELOC,,1,7,9,,14.428312026367884,,,
WORKER_RELOC,,1,7,10,,6.50118194822741,,,
WORKER_RELOC,,1,7,11,,8.164586434588887,,,
WORKER_RELOC,,1,8,0,,14.14131802278844,,,
WORKER_RELOC,,1,8,1,,13.651635667975366,,,
WORKER_RELOC,,1,8,2,,8.987575633039686,,,
WORKER_RELOC,,1,8,3,,7.129110283804964,,,
WORKER_RELOC,,1,8,4,,10.257113129744017,,,
WORKER_RELOC,,1,8,5,,10.226810385847285,,,
WORKER_RELOC,,1,8,6,,6.215133684709494,,,
WORKER_RELOC,,1,8,7,,15.847465638730506,,,
WORKER_RELOC,,1,8,8,,0.0,,,
WORKER_RELOC,,1,8,9,,8.566846013062918,,,
WORKER_RELOC,,1,8,10,,7.152699184885596,,,
WORKER_RELOC,,1,8,11,,11.509088628024049,,,
WORKER_RELOC,,1,9,0,,7.675637934457839,,,
WORKER_RELOC,,1,9,1,,7.879116002871839,,,
WORKER_RELOC,,1,9,2,,10.677085035491725,,,
WORKER_RELOC,,1,9,3,,15.434510389252429,,,
WORKER_RELOC,,1,9,4,,11.033342591685573,,,
WORKER_RELOC,,1,9,5,,6.299468900391755,,,
WORKER_RELOC,,1,9,6,,12.37426950730788,,,
WORKER_RELOC,,1,9,7,,13.483063817864206,,,
WORKER_RELOC,,1,9,8,,14.224973703983057,,,
WORKER_RELOC,,1,9,9,,0.0,,,
WORKER_RELOC,,1,9,10,,2.866323935867064,,,
WORKER_RELOC,,1,9,11,,2.2465635362804828,,,
WORKER_RELOC,,1,10,0,,9.376993961854646,,,
WORKER_RELOC,,1,10,1,,13.980807257224283,,,
WORKER_RELOC,,1,10,2,,12.29329895125152,,,
WORKER_RELOC,,1,10,3,,6.72769817065478,,,
WORKER_RELOC,,1,10,4,,8.34333414361804,,,
WORKER_RELOC,,1,10,5,,12.018718747039989,,,
WORKER_RELOC,,1,10,6,,14.45840098666755,,,
WORKER_RELOC,,1,10,7,,10.672021626024385,,,
WORKER_RELOC,,1,10,8,,10.83198642277285,,,
WORKER_RELOC,,1,10,9,,2.2744576262094025,,,
WORKER_RELOC,,1,10,10,,0.0,,,
WORKER_RELOC,,1,10,11,,5.201174196434753,,,
WORKER_RELOC,,1,11,0,,15.56783746941641,,,
WORKER_RELOC,,1,11,1,,11.168745673530047,,,
WORKER_RELOC,,1,11,2,,15.880696701143135,,,
WORKER_RELOC,,1,11,3,,14.664310223910936,,,
WORKER_RELOC,,1,11,4,,14.267840561176559,,,
WORKER_RELOC,,1,11,5,,9.6763169643528,,,
WORKER_RELOC,,1,11,6,,8.950980318022118,,,
WORKER_RELOC,,1,11,7,,12.22269721764944,,,
WORKER_RELOC,,1,11,8,,15.499431238704778,,,
WORKER_RELOC,,1,11,9,,2.5371175722978374,,,
WORKER_RELOC,,1,11,10,,4.854594112966532,,,
WORKER_RELOC,,1,11,11,,0.0,,,
WORKER_RELOC,,2,0,0,,0.0,,,
WORKER_RELOC,,2,0,1,,9.777243851542927,,,
WORKER_RELOC,,2,0,2,,10.685635594109797,,,
WORKER_RELOC,,2,0,3,,15.221366495266873,,,
WORKER_RELOC,,2,0,4,,8.48238053317375,,,
WORKER_RELOC,,2,0,5,,7.175763916627998,,,
WORKER_RELOC,,2,0,6,,7.128648454518759,,,
WORKER_RELOC,,2,0,7,,10.205829787978303,,,
WORKER_RELOC,,2,0,8,,9.930266202059848,,,
WORKER_RELOC,,2,0,9,,12.990813092765398,,,
WORKER_RELOC,,2,0,10,,6.486017223232715,,,
WORKER_RELOC,,2,0,11,,10.460334647149855,,,
WORKER_RELOC,,2,1,0,,8.239359354248299,,,
WORKER_RELOC,,2,1,1,,0.0,,,
WORKER_RELOC,,2,1,2,,2.817814989364115,,,
WORKER_RELOC,,2,1,3,,13.916631375392491,,,
WORKER_RELOC,,2,1,4,,12.649001220777066,,,
WORKER_RELOC,,2,1,5,,10.852283723633029,,,
WORKER_RELOC,,2,1,6,,12.268612511969584,,,
WORKER_RELOC,,2,1,7,,14.13957212872009,,,
WORKER_RELOC,,2,1,8,,8.156448936369223,,,
WORKER_RELOC,,2,1,9,,10.690187244564783,,,
WORKER_RELOC,,2,1,10,,13.476418453960054,,,
WORKER_RELOC,,2,1,11,,11.644427443012356,,,
WORKER_RELOC,,2,2,0,,12.986503220391798,,,
WORKER_RELOC,,2,2,1,,5.31325966761795,,,
WORKER_RELOC,,2,2,2,,0.0,,,
WORKER_RELOC,,2,2,3,,8.091409175978956,,,
WORKER_RELOC,,2,2,4,,11.8916716869999,,,
WORKER_RELOC,,2,2,5,,13.667997987765975,,,
WORKER_RELOC,,2,2,6,,14.127275394268267,,,
WORKER_RELOC,,2,2,7,,9.334292196817213,,,
WORKER_RELOC,,2,2,8,,11.156630477638089,,,
WORKER_RELOC,,2,2,9,,7.745532532459622,,,
WORKER_RELOC,,2,2,10,,8.626268378498814,,,
WORKER_RELOC,,2,2,11,,13.876004682510409,,,
WORKER_RELOC,,2,3,0,,6.896379532049486,,,
WORKER_RELOC,,2,3,1,,6.694187155616985,,,
WORKER_RELOC,,2,3,2,,10.059086332831532,,,
WORKER_RELOC,,2,3,3,,0.0,,,
WORKER_RELOC,,2,3,4,,5.109262732515562,,,
WORKER_RELOC,,2,3,5,,4.43822046218563,,,
WORKER_RELOC,,2,3,6,,14.61105332009338,,,
WORKER_RELOC,,2,3,7,,11.161271974001274,,,
WORKER_RELOC,,2,3,8,,6.0451150304045855,,,
WORKER_RELOC,,2,3,9,,14.883511471273318,,,
WORKER_RELOC,,2,3,10,,11.195702203931976,,,
WORKER_RELOC,,2,3,11,,13.49595863599401,,,
WORKER_RELOC,,2,4,0,,6.9291606543993245,,,
WORKER_RELOC,,2,4,1,,14.157525873465172,,,
WORKER_RELOC,,2,4,2,,11.170470707629551,,,
WORKER_RELOC,,2,4,3,,3.10764736683205,,,
WORKER_RELOC,,2,4,4,,0.0,,,
WORKER_RELOC,,2,4,5,,2.5297865565174646,,,
WORKER_RELOC,,2,4,6,,6.431115935156767,,,
WORKER_RELOC,,2,4,7,,6.114915659570828,,,
WORKER_RELOC,,2,4,8,,9.315371927587634,,,
WORKER_RELOC,,2,4,9,,15.785053039554175,,,
WORKER_RELOC,,2,4,10,,7.147425997139397,,,
WORKER_RELOC,,2,4,11,,11.986887601424089,,,
WORKER_RELOC,,2,5,0,,7.603746343343601,,,
WORKER_RELOC,,2,5,1,,11.001999904530425,,,
WORKER_RELOC,,2,5,2,,7.036074719850575,,,
WORKER_RELOC,,2,5,3,,2.2792356278756065,,,
WORKER_RELOC,,2,5,4,,5.331547385156501,,,
WORKER_RELOC,,2,5,5,,0.0,,,
WORKER_RELOC,,2,5,6,,13.674676350464313,,,
WORKER_RELOC,,2,5,7,,13.268581743438743,,,
WORKER_RELOC,,2,5,8,,13.344555075163072,,,
WORKER_RELOC,,2,5,9,,9.781010738376873,,,
WORKER_RELOC,,2,5,10,,8.430110023762602,,,
WORKER_RELOC,,2,5,11,,7.510357700101982,,,
WORKER_RELOC,,2,6,0,,8.986600505175296,,,
WORKER_RELOC,,2,6,1,,7.0619272052153,,,
WORKER_RELOC,,2,6,2,,11.773223759621903,,,
WORKER_RELOC,,2,6,3,,14.003662528546148,,,
WORKER_RELOC,,2,6,4,,6.874938906719618,,,
WORKER_RELOC,,2,6,5,,12.876292342673413,,,
WORKER_RELOC,,2,6,6,,0.0,,,
WORKER_RELOC,,2,6,7,,3.9730768147610895,,,
WORKER_RELOC,,2,6,8,,6.023888689856993,,,
WORKER_RELOC,,2,6,9,,9.252507931461997,,,
WORKER_RELOC,,2,6,10,,6.4675742389865505,,,
WORKER_RELOC,,2,6,11,,11.86979072377846,,,
WORKER_RELOC,,2,7,0,,9.419131249062618,,,
WORKER_RELOC,,2,7,1,,8.680484578202709,,,
WORKER_RELOC,,2,7,2,,13.927325412900212,,,
WORKER_RELOC,,2,7,3,,12.406167159539965,,,
WORKER_RELOC,,2,7,4,,12.429937693072453,,,
WORKER_RELOC,,2,7,5,,9.325830891565836,,,
WORKER_RELOC,,2,7,6,,5.1887377179842336,,,
WORKER_RELOC,,2,7,7,,0.0,,,
WORKER_RELOC,,2,7,8,,15.322320729049181,,,
WORKER_RELOC,,2,7,9,,8.683963813334797,,,
WORKER_RELOC,,2,7,10,,11.961009451877057,,,
WORKER_RELOC,,2,7,11,,7.44760487144827,,,
WORKER_RELOC,,2,8,0,,8.755979670620095,,,
WORKER_RELOC,,2,8,1,,15.483634648407785,,,
WORKER_RELOC,,2,8,2,,12.936367816837002,,,
WORKER_RELOC,,2,8,3,,7.96334371928439,,,
WORKER_RELOC,,2,8,4,,7.309632379764258,,,
WORKER_RELOC,,2,8,5,,7.360798368311086,,,
WORKER_RELOC,,2,8,6,,14.387708911782127,,,
WORKER_RELOC,,2,8,7,,15.46257936247219,,,
WORKER_RELOC,,2,8,8,,0.0,,,
WORKER_RELOC,,2,8,9,,10.789543544072092,,,
WORKER_RELOC,,2,8,10,,8.813268671472109,,,
WORKER_RELOC,,2,8,11,,10.850077149100727,,,
WORKER_RELOC,,2,9,0,,6.04010575157515,,,
WORKER_RELOC,,2,9,1,,9.807894303620586,,,
WORKER_RELOC,,2,9,2,,11.113353802279953,,,
WORKER_RELOC,,2,9,3,,11.587250227665564,,,
WORKER_RELOC,,2,9,4,,12.187322905032353,,,
WORKER_RELOC,,2,9,5,,13.743532212978216,,,
WORKER_RELOC,,2,9,6,,12.210190678874856,,,
WORKER_RELOC,,2,9,7,,11.989218054474698,,,
WORKER_RELOC,,2,9,8,,11.077112422035942,,,
WORKER_RELOC,,2,9,9,,0.0,,,
WORKER_RELOC,,2,9,10,,5.26471932017933,,,
WORKER_RELOC,,2,9,11,,5.534648480470416,,,
WORKER_RELOC,,2,10,0,,11.61221919614114,,,
WORKER_RELOC,,2,10,1,,11.861172852157962,,,
WORKER_RELOC,,2,10,2,,10.888712090825782,,,
WORKER_RELOC,,2,10,3,,7.736537073004362,,,
WORKER_RELOC,,2,10,4,,7.530301585796821,,,
WORKER_RELOC,,2,10,5,,8.187687113166135,,,
WORKER_RELOC,,2,10,6,,9.38380648600181,,,
WORKER_RELOC,,2,10,7,,14.345918499762053,,,
WORKER_RELOC,,2,10,8,,11.346339090655835,,,
WORKER_RELOC,,2,10,9,,2.479112179335745,,,
WORKER_RELOC,,2,10,10,,0.0,,,
WORKER_RELOC,,2,10,11,,2.537240152506062,,,
WORKER_RELOC,,2,11,0,,13.109103390182387,,,
WORKER_RELOC,,2,11,1,,11.213436878737486,,,
WORKER_RELOC,,2,11,2,,9.79893093178367,,,
WORKER_RELOC,,2,11,3,,10.773715625491919,,,
WORKER_RELOC,,2,11,4,,12.065554878343324,,,
WORKER_RELOC,,2,11,5,,12.96224902283601,,,
WORKER_RELOC,,2,11,6,,11.999222768743712,,,
WORKER_RELOC,,2,11,7,,11.332734626250186,,,
WORKER_RELOC,,2,11,8,,10.540853936658955,,,
WORKER_RELOC,,2,11,9,,5.960116592081373,,,
WORKER_RELOC,,2,11,10,,4.220846859006617,,,
WORKER_RELOC,,2,11,11,,0.0,,,
WORKER_RELOC,,3,0,0,,0.0,,,
WORKER_RELOC,,3,0,1,,12.150866026204858,,,
WORKER_RELOC,,3,0,2,,12.126435816315466,,,
WORKER_RELOC,,3,0,3,,12.471360217021704,,,
WORKER_RELOC,,3,0,4,,6.325865843130558,,,
WORKER_RELOC,,3,0,5,,12.624927378515933,,,
WORKER_RELOC,,3,0,6,,7.253353175339141,,,
WORKER_RELOC,,3,0,7,,9.431844788602142,,,
WORKER_RELOC,,3,0,8,,6.887979172436553,,,
WORKER_RELOC,,3,0,9,,12.805691081916699,,,
WORKER_RELOC,,3,0,10,,12.248707188933228,,,
WORKER_RELOC,,3,0,11,,10.031665854997673,,,
WORKER_RELOC,,3,1,0,,8.749902366716679,,,
WORKER_RELOC,,3,1,1,,0.0,,,
WORKER_RELOC,,3,1,2,,5.610825388151653,,,
WORKER_RELOC,,3,1,3,,8.70779283186752,,,
WORKER_RELOC,,3,1,4,,13.91747180028501,,,
WORKER_RELOC,,3,1,5,,6.9848573215739655,,,
WORKER_RELOC,,3,1,6,,8.826905897892097,,,
WORKER_RELOC,,3,1,7,,12.126252360081848,,,
WORKER_RELOC,,3,1,8,,8.178693317662988,,,
WORKER_RELOC,,3,1,9,,11.607039785207617,,,
WORKER_RELOC,,3,1,10,,6.0181927818255625,,,
WORKER_RELOC,,3,1,11,,8.91541166932863,,,
WORKER_RELOC,,3,2,0,,8.50294116243863,,,
WORKER_RELOC,,3,2,1,,5.644505639511563,,,
WORKER_RELOC,,3,2,2,,0.0,,,
WORKER_RELOC,,3,2,3,,11.803082245543917,,,
WORKER_RELOC,,3,2,4,,12.632062771145948,,,
WORKER_RELOC,,3,2,5,,14.443167821404066,,,
WORKER_RELOC,,3,2,6,,11.595764512632554,,,
WORKER_RELOC,,3,2,7,,9.010489092841532,,,
WORKER_RELOC,,3,2,8,,12.139466429412405,,,
WORKER_RELOC,,3,2,9,,11.492909323889375,,,
WORKER_RELOC,,3,2,10,,6.411130266700301,,,
WORKER_RELOC,,3,2,11,,10.507338352878957,,,
WORKER_RELOC,,3,3,0,,6.767676663589967,,,
WORKER_RELOC,,3,3,1,,6.826854279051937,,,
WORKER_RELOC,,3,3,2,,7.947891603563967,,,
WORKER_RELOC,,3,3,3,,0.0,,,
WORKER_RELOC,,3,3,4,,5.3715505173474485,,,
WORKER_RELOC,,3,3,5,,2.7129925370606087,,,
WORKER_RELOC,,3,3,6,,9.242159536631554,,,
WORKER_RELOC,,3,3,7,,7.161226122946681,,,
WORKER_RELOC,,3,3,8,,14.339700336839588,,,
WORKER_RELOC,,3,3,9,,10.41662688744918,,,
WORKER_RELOC,,3,3,10,,7.461408784598799,,,
WORKER_RELOC,,3,3,11,,7.627599419680354,,,
WORKER_RELOC,,3,4,0,,6.179791438259475,,,
WORKER_RELOC,,3,4,1,,7.841574579012991,,,
WORKER_RELOC,,3,4,2,,13.018263578769856,,,
WORKER_RELOC,,3,4,3,,4.7586659481721005,,,
WORKER_RELOC,,3,4,4,,0.0,,,
WORKER_RELOC,,3,4,5,,2.855474450811715,,,
WORKER_RELOC,,3,4,6,,6.669649048258423,,,
WORKER_RELOC,,3,4,7,,14.627402800323065,,,
WORKER_RELOC,,3,4,8,,6.783418217118495,,,
WORKER_RELOC,,3,4,9,,6.43964308092143,,,
WORKER_RELOC,,3,4,10,,10.429183921123142,,,
WORKER_RELOC,,3,4,11,,8.984396624959611,,,
WORKER_RELOC,,3,5,0,,11.8649370789728,,,
WORKER_RELOC,,3,5,1,,13.9776429283242,,,
WORKER_RELOC,,3,5,2,,10.02875065590858,,,
WORKER_RELOC,,3,5,3,,5.694172170826921,,,
WORKER_RELOC,,3,5,4,,5.624511727096223,,,
WORKER_RELOC,,3,5,5,,0.0,,,
WORKER_RELOC,,3,5,6,,10.346466769282092,,,
WORKER_RELOC,,3,5,7,,15.865625617322225,,,
WORKER_RELOC,,3,5,8,,8.207553400267276,,,
WORKER_RELOC,,3,5,9,,8.293568915964686,,,
WORKER_RELOC,,3,5,10,,6.965170889459781,,,
WORKER_RELOC,,3,5,11,,14.978481425454097,,,
WORKER_RELOC,,3,6,0,,6.61633742754916,,,
WORKER_RELOC,,3,6,1,,15.065704424567507,,,
WORKER_RELOC,,3,6,2,,6.394262277505359,,,
WORKER_RELOC,,3,6,3,,12.088221681958132,,,
WORKER_RELOC,,3,6,4,,14.80836015597253,,,
WORKER_RELOC,,3,6,5,,6.561954715420293,,,
WORKER_RELOC,,3,6,6,,0.0,,,
WORKER_RELOC,,3,6,7,,3.445102297708441,,,
WORKER_RELOC,,3,6,8,,8.468773610396589,,,
WORKER_RELOC,,3,6,9,,13.486912059101527,,,
WORKER_RELOC,,3,6,10,,11.070688382101046,,,
WORKER_RELOC,,3,6,11,,7.273679996614349,,,
WORKER_RELOC,,3,7,0,,15.12014849661004,,,
WORKER_RELOC,,3,7,1,,7.352508406954801,,,
WORKER_RELOC,,3,7,2,,13.238563605123465,,,
WORKER_RELOC,,3,7,3,,8.746207608452949,,,
WORKER_RELOC,,3,7,4,,13.560648660714515,,,
WORKER_RELOC,,3,7,5,,9.804536278230582,,,
WORKER_RELOC,,3,7,6,,5.593704265633671,,,
WORKER_RELOC,,3,7,7,,0.0,,,
WORKER_RELOC,,3,7,8,,14.144738604003157,,,
WORKER_RELOC,,3,7,9,,6.654523894655287,,,
WORKER_RELOC,,3,7,10,,13.207781861848737,,,
WORKER_RELOC,,3,7,11,,9.90501216289511,,,
WORKER_RELOC,,3,8,0,,14.740734381905469,,,
WORKER_RELOC,,3,8,1,,9.908169478010777,,,
WORKER_RELOC,,3,8,2,,14.395162846872044,,,
WORKER_RELOC,,3,8,3,,12.782719893481623,,,
WORKER_RELOC,,3,8,4,,11.445892469621953,,,
WORKER_RELOC,,3,8,5,,9.307022377676198,,,
WORKER_RELOC,,3,8,6,,14.115104180453987,,,
WORKER_RELOC,,3,8,7,,8.96672769526199,,,
WORKER_RELOC,,3,8,8,,0.0,,,
WORKER_RELOC,,3,8,9,,14.079507528726921,,,
WORKER_RELOC,,3,8,10,,11.262560597901704,,,
WORKER_RELOC,,3,8,11,,7.468277086261322,,,
WORKER_RELOC,,3,9,0,,11.976125669077616,,,
WORKER_RELOC,,3,9,1,,15.438193570435752,,,
WORKER_RELOC,,3,9,2,,14.906055399389817,,,
WORKER_RELOC,,3,9,3,,14.025798417036748,,,
WORKER_RELOC,,3,9,4,,10.975488668428927,,,
WORKER_RELOC,,3,9,5,,8.19994594531471,,,
WORKER_RELOC,,3,9,6,,6.5612927012108955,,,
WORKER_RELOC,,3,9,7,,14.424971176596706,,,
WORKER_RELOC,,3,9,8,,9.512127266060862,,,
WORKER_RELOC,,3,9,9,,0.0,,,
WORKER_RELOC,,3,9,10,,3.17675009924555,,,
WORKER_RELOC,,3,9,11,,3.7619276178550716,,,
WORKER_RELOC,,3,10,0,,12.842824905383852,,,
WORKER_RELOC,,3,10,1,,11.896198483423163,,,
WORKER_RELOC,,3,10,2,,13.834044291114415,,,
WORKER_RELOC,,3,10,3,,14.005739467736435,,,
WORKER_RELOC,,3,10,4,,6.525206674498002,,,
WORKER_RELOC,,3,10,5,,8.804805546159812,,,
WORKER_RELOC,,3,10,6,,7.016356991874821,,,
WORKER_RELOC,,3,10,7,,11.010674109033431,,,
WORKER_RELOC,,3,10,8,,8.653018029031015,,,
WORKER_RELOC,,3,10,9,,4.272712761933111,,,
WORKER_RELOC,,3,10,10,,0.0,,,
WORKER_RELOC,,3,10,11,,4.209379391297352,,,
WORKER_RELOC,,3,11,0,,6.643130282554152,,,
WORKER_RELOC,,3,11,1,,15.431310500158567,,,
WORKER_RELOC,,3,11,2,,6.787667156576884,,,
WORKER_RELOC,,3,11,3,,12.28616263450386,,,
WORKER_RELOC,,3,11,4,,10.277044005790124,,,
WORKER_RELOC,,3,11,5,,12.913426969902604,,,
WORKER_RELOC,,3,11,6,,12.98300709968097,,,
WORKER_RELOC,,3,11,7,,12.7570979731176,,,
WORKER_RELOC,,3,11,8,,7.067106508015085,,,
WORKER_RELOC,,3,11,9,,2.2633151877278883,,,
WORKER_RELOC,,3,11,10,,5.28074051414686,,,
WORKER_RELOC,,3,11,11,,0.0,,,
WORKER_RELOC,,4,0,0,,0.0,,,
WORKER_RELOC,,4,0,1,,12.096569598117973,,,
WORKER_RELOC,,4,0,2,,8.878782159282268,,,
WORKER_RELOC,,4,0,3,,6.844159750081311,,,
WORKER_RELOC,,4,0,4,,13.179079518018794,,,
WORKER_RELOC,,4,0,5,,9.566148718439901,,,
WORKER_RELOC,,4,0,6,,11.137037776690939,,,
WORKER_RELOC,,4,0,7,,12.640766183498517,,,
WORKER_RELOC,,4,0,8,,11.873294518376195,,,
WORKER_RELOC,,4,0,9,,7.769994138641987,,,
WORKER_RELOC,,4,0,10,,6.405201427539279,,,
WORKER_RELOC,,4,0,11,,14.03372239585094,,,
WORKER_RELOC,,4,1,0,,14.396886572989786,,,
WORKER_RELOC,,4,1,1,,0.0,,,
WORKER_RELOC,,4,1,2,,3.688422818865876,,,
WORKER_RELOC,,4,1,3,,8.531222658564698,,,
WORKER_RELOC,,4,1,4,,6.476825024350495,,,
WORKER_RELOC,,4,1,5,,7.659880020774586,,,
WORKER_RELOC,,4,1,6,,6.297094865149012,,,
WORKER_RELOC,,4,1,7,,9.75919526607262,,,
WORKER_RELOC,,4,1,8,,14.852104752106518,,,
WORKER_RELOC,,4,1,9,,11.815510040986116,,,
WORKER_RELOC,,4,1,10,,12.976284807226282,,,
WORKER_RELOC,,4,1,11,,9.435151846620851,,,
WORKER_RELOC,,4,2,0,,13.010010455600918,,,
WORKER_RELOC,,4,2,1,,5.735651093986395,,,
WORKER_RELOC,,4,2,2,,0.0,,,
WORKER_RELOC,,4,2,3,,6.862283218884957,,,
WORKER_RELOC,,4,2,4,,15.150051100252208,,,
WORKER_RELOC,,4,2,5,,12.367502178934258,,,
WORKER_RELOC,,4,2,6,,12.541936259355978,,,
WORKER_RELOC,,4,2,7,,12.567395524330461,,,
WORKER_RELOC,,4,2,8,,6.2877502235056495,,,
WORKER_RELOC,,4,2,9,,13.202913420183418,,,
WORKER_RELOC,,4,2,10,,11.51873885837674,,,
WORKER_RELOC,,4,2,11,,11.184324251083371,,,
WORKER_RELOC,,4,3,0,,9.727404006676068,,,
WORKER_RELOC,,4,3,1,,13.976549190109194,,,
WORKER_RELOC,,4,3,2,,8.69846699257044,,,
WORKER_RELOC,,4,3,3,,0.0,,,
WORKER_RELOC,,4,3,4,,3.422591031740901,,,
WORKER_RELOC,,4,3,5,,3.4654403755515735,,,
WORKER_RELOC,,4,3,6,,6.9373333898262715,,,
WORKER_RELOC,,4,3,7,,12.912059078567513,,,
WORKER_RELOC,,4,3,8,,11.753627400963623,,,
WORKER_RELOC,,4,3,9,,8.993480169293047,,,
WORKER_RELOC,,4,3,10,,10.147250792561408,,,
WORKER_RELOC,,4,3,11,,12.936374939760478,,,
WORKER_RELOC,,4,4,0,,12.793786825644606,,,
WORKER_RELOC,,4,4,1,,7.830927693169977,,,
WORKER_RELOC,,4,4,2,,7.643525372515527,,,
WORKER_RELOC,,4,4,3,,3.0520285726790695,,,
WORKER_RELOC,,4,4,4,,0.0,,,
WORKER_RELOC,,4,4,5,,4.466564545288925,,,
WORKER_RELOC,,4,4,6,,9.569743878550739,,,
WORKER_RELOC,,4,4,7,,15.79223966386546,,,
WORKER_RELOC,,4,4,8,,12.695278301469761,,,
WORKER_RELOC,,4,4,9,,7.523622174240523,,,
WORKER_RELOC,,4,4,10,,7.377820687312435,,,
WORKER_RELOC,,4,4,11,,10.148927584380857,,,
WORKER_RELOC,,4,5,0,,14.360231204881085,,,
WORKER_RELOC,,4,5,1,,12.332504612777257,,,
WORKER_RELOC,,4,5,2,,7.661976393970203,,,
WORKER_RELOC,,4,5,3,,2.503893190703306,,,
WORKER_RELOC,,4,5,4,,2.8337388417862006,,,
WORKER_RELOC,,4,5,5,,0.0,,,
WORKER_RELOC,,4,5,6,,10.553768254722971,,,
WORKER_RELOC,,4,5,7,,8.671787090425436,,,
WORKER_RELOC,,4,5,8,,6.43581336953414,,,
WORKER_RELOC,,4,5,9,,8.871333878135026,,,
WORKER_RELOC,,4,5,10,,13.86992681128809,,,
WORKER_RELOC,,4,5,11,,10.414351322195964,,,
WORKER_RELOC,,4,6,0,,15.689476008476653,,,
WORKER_RELOC,,4,6,1,,14.312482247216149,,,
WORKER_RELOC,,4,6,2,,7.562761883512749,,,
WORKER_RELOC,,4,6,3,,15.834126578287702,,,
WORKER_RELOC,,4,6,4,,14.573022526134594,,,
WORKER_RELOC,,4,6,5,,6.316641965972623,,,
WORKER_RELOC,,4,6,6,,0.0,,,
WORKER_RELOC,,4,6,7,,2.3509957570092794,,,
WORKER_RELOC,,4,6,8,,14.948015492751797,,,
WORKER_RELOC,,4,6,9,,8.654960581682044,,,
WORKER_RELOC,,4,6,10,,15.463807161135607,,,
WORKER_RELOC,,4,6,11,,13.691203267448047,,,
WORKER_RELOC,,4,7,0,,10.495872222296278,,,
WORKER_RELOC,,4,7,1,,6.633795888921571,,,
WORKER_RELOC,,4,7,2,,14.269111417849327,,,
WORKER_RELOC,,4,7,3,,7.525379862478047,,,
WORKER_RELOC,,4,7,4,,12.293848009948244,,,
WORKER_RELOC,,4,7,5,,9.996922767161564,,,
WORKER_RELOC,,4,7,6,,5.68705248964686,,,
WORKER_RELOC,,4,7,7,,0.0,,,
WORKER_RELOC,,4,7,8,,14.146549326335869,,,
WORKER_RELOC,,4,7,9,,11.42504573594658,,,
WORKER_RELOC,,4,7,10,,6.684339985990093,,,
WORKER_RELOC,,4,7,11,,15.180539670010058,,,
WORKER_RELOC,,4,8,0,,13.10865180116226,,,
WORKER_RELOC,,4,8,1,,9.637549251518276,,,
WORKER_RELOC,,4,8,2,,8.213779596272389,,,
WORKER_RELOC,,4,8,3,,14.097273762904575,,,
WORKER_RELOC,,4,8,4,,12.95994542749471,,,
WORKER_RELOC,,4,8,5,,9.338610225464851,,,
WORKER_RELOC,,4,8,6,,12.921775845168536,,,
WORKER_RELOC,,4,8,7,,13.431794789868862,,,
WORKER_RELOC,,4,8,8,,0.0,,,
WORKER_RELOC,,4,8,9,,8.361366291673924,,,
WORKER_RELOC,,4,8,10,,12.248639598505852,,,
WORKER_RELOC,,4,8,11,,7.547670483261767,,,
WORKER_RELOC,,4,9,0,,10.814290298061259,,,
WORKER_RELOC,,4,9,1,,7.74575026155363,,,
WORKER_RELOC,,4,9,2,,9.632385511894986,,,
WORKER_RELOC,,4,9,3,,8.412191426639918,,,
WORKER_RELOC,,4,9,4,,13.781841235331825,,,
WORKER_RELOC,,4,9,5,,8.378563157577466,,,
WORKER_RELOC,,4,9,6,,15.04875042205244,,,
WORKER_RELOC,,4,9,7,,6.4603539977969575,,,
WORKER_RELOC,,4,9,8,,13.515584162855818,,,
WORKER_RELOC,,4,9,9,,0.0,,,
WORKER_RELOC,,4,9,10,,3.514479714737654,,,
WORKER_RELOC,,4,9,11,,4.433016372364419,,,
WORKER_RELOC,,4,10,0,,14.980937239567155,,,
WORKER_RELOC,,4,10,1,,9.35200325475968,,,
WORKER_RELOC,,4,10,2,,10.238538699903454,,,
WORKER_RELOC,,4,10,3,,14.115277876094973,,,
WORKER_RELOC,,4,10,4,,11.974014283554691,,,
WORKER_RELOC,,4,10,5,,14.209870045883434,,,
WORKER_RELOC,,4,10,6,,6.835141519897205,,,
WORKER_RELOC,,4,10,7,,12.824220753324564,,,
WORKER_RELOC,,4,10,8,,8.198189330344421,,,
WORKER_RELOC,,4,10,9,,4.638474568008934,,,
WORKER_RELOC,,4,10,10,,0.0,,,
WORKER_RELOC,,4,10,11,,5.501444381029051,,,
WORKER_RELOC,,4,11,0,,13.44089995677768,,,
WORKER_RELOC,,4,11,1,,10.611606517506567,,,
WORKER_RELOC,,4,11,2,,13.20375775584922,,,
WORKER_RELOC,,4,11,3,,10.412070062524426,,,
WORKER_RELOC,,4,11,4,,14.238558803727404,,,
WORKER_RELOC,,4,11,5,,9.606053955581892,,,
WORKER_RELOC,,4,11,6,,14.36754901932696,,,
WORKER_RELOC,,4,11,7,,6.864350538437337,,,
WORKER_RELOC,,4,11,8,,7.259939299982992,,,
WORKER_RELOC,,4,11,9,,2.2230183143684483,,,
WORKER_RELOC,,4,11,10,,4.332007184587384,,,
WORKER_RELOC,,4,11,11,,0.0,,,
WORKER_RELOC,,5,0,0,,0.0,,,
WORKER_RELOC,,5,0,1,,12.570845071964627,,,
WORKER_RELOC,,5,0,2,,14.102259500308646,,,
WORKER_RELOC,,5,0,3,,10.83164006594846,,,
WORKER_RELOC,,5,0,4,,12.825749893144673,,,
WORKER_RELOC,,5,0,5,,11.9779429694929,,,
WORKER_RELOC,,5,0,6,,14.33912320275016,,,
WORKER_RELOC,,5,0,7,,15.09500864177827,,,
WORKER_RELOC,,5,0,8,,12.885505719757067,,,
WORKER_RELOC,,5,0,9,,11.831489808646008,,,
WORKER_RELOC,,5,0,10,,14.745286860326315,,,
WORKER_RELOC,,5,0,11,,9.877961992365506,,,
WORKER_RELOC,,5,1,0,,9.511159130738447,,,
WORKER_RELOC,,5,1,1,,0.0,,,
WORKER_RELOC,,5,1,2,,3.4811016886362958,,,
WORKER_RELOC,,5,1,3,,12.933250400094968,,,
WORKER_RELOC,,5,1,4,,13.51600000133011,,,
WORKER_RELOC,,5,1,5,,12.723218802442478,,,
WORKER_RELOC,,5,1,6,,10.633322407164787,,,
WORKER_RELOC,,5,1,7,,9.16026816873888,,,
WORKER_RELOC,,5,1,8,,9.561034405680498,,,
WORKER_RELOC,,5,1,9,,11.004362876446457,,,
WORKER_RELOC,,5,1,10,,12.448298350560542,,,
WORKER_RELOC,,5,1,11,,14.364684670233109,,,
WORKER_RELOC,,5,2,0,,15.249889720770353,,,
WORKER_RELOC,,5,2,1,,5.581372957127492,,,
WORKER_RELOC,,5,2,2,,0.0,,,
WORKER_RELOC,,5,2,3,,11.381735800163359,,,
WORKER_RELOC,,5,2,4,,7.552338774274773,,,
WORKER_RELOC,,5,2,5,,15.773222891679653,,,
WORKER_RELOC,,5,2,6,,12.59254746027488,,,
WORKER_RELOC,,5,2,7,,14.828037922368727,,,
WORKER_RELOC,,5,2,8,,14.880525442971548,,,
WORKER_RELOC,,5,2,9,,14.386035354024937,,,
WORKER_RELOC,,5,2,10,,11.99434502552238,,,
WORKER_RELOC,,5,2,11,,6.0210024850075206,,,
WORKER_RELOC,,5,3,0,,8.483029655392995,,,
WORKER_RELOC,,5,3,1,,11.898320076121012,,,
WORKER_RELOC,,5,3,2,,14.861183158127194,,,
WORKER_RELOC,,5,3,3,,0.0,,,
WORKER_RELOC,,5,3,4,,2.97405070946384,,,
WORKER_RELOC,,5,3,5,,5.5680055786657565,,,
WORKER_RELOC,,5,3,6,,8.04687138991547,,,
WORKER_RELOC,,5,3,7,,9.006773660396991,,,
WORKER_RELOC,,5,3,8,,9.49662967110719,,,
WORKER_RELOC,,5,3,9,,7.398914263157778,,,
WORKER_RELOC,,5,3,10,,7.635032252487806,,,
WORKER_RELOC,,5,3,11,,12.244913606614318,,,
WORKER_RELOC,,5,4,0,,7.168373667137081,,,
WORKER_RELOC,,5,4,1,,15.38277519053503,,,
WORKER_RELOC,,5,4,2,,6.0963585010758115,,,
WORKER_RELOC,,5,4,3,,2.3183693391703377,,,
WORKER_RELOC,,5,4,4,,0.0,,,
WORKER_RELOC,,5,4,5,,5.255113998732213,,,
WORKER_RELOC,,5,4,6,,7.6824674206485515,,,
WORKER_RELOC,,5,4,7,,15.179736350234567,,,
WORKER_RELOC,,5,4,8,,14.083858160773186,,,
WORKER_RELOC,,5,4,9,,13.328621693129412,,,
WORKER_RELOC,,5,4,10,,12.031398775454276,,,
WORKER_RELOC,,5,4,11,,12.03227662767954,,,
WORKER_RELOC,,5,5,0,,15.951262415562027,,,
WORKER_RELOC,,5,5,1,,10.360473755547623,,,
WORKER_RELOC,,5,5,2,,13.50070465420233,,,
WORKER_RELOC,,5,5,3,,4.113892195570325,,,
WORKER_RELOC,,5,5,4,,4.62954260053692,,,
WORKER_RELOC,,5,5,5,,0.0,,,
WORKER_RELOC,,5,5,6,,6.885800186931247,,,
WORKER_RELOC,,5,5,7,,13.317338975680837,,,
WORKER_RELOC,,5,5,8,,13.271430694685975,,,
WORKER_RELOC,,5,5,9,,8.798338075074902,,,
WORKER_RELOC,,5,5,10,,10.187121565039902,,,
WORKER_RELOC,,5,5,11,,12.593122001181474,,,
WORKER_RELOC,,5,6,0,,15.669272280508011,,,
WORKER_RELOC,,5,6,1,,13.0012882621281,,,
WORKER_RELOC,,5,6,2,,10.093030077566208,,,
WORKER_RELOC,,5,6,3,,14.309978155213006,,,
WORKER_RELOC,,5,6,4,,10.505798287012496,,,
WORKER_RELOC,,5,6,5,,13.15667329903495,,,
WORKER_RELOC,,5,6,6,,0.0,,,
WORKER_RELOC,,5,6,7,,4.162788705054398,,,
WORKER_RELOC,,5,6,8,,8.36162644485103,,,
WORKER_RELOC,,5,6,9,,7.70142924302605,,,
WORKER_RELOC,,5,6,10,,11.156443359127554,,,
WORKER_RELOC,,5,6,11,,7.854273996660184,,,
WORKER_RELOC,,5,7,0,,8.466771266067354,,,
WORKER_RELOC,,5,7,1,,14.375245470946567,,,
WORKER_RELOC,,5,7,2,,14.670008642844971,,,
WORKER_RELOC,,5,7,3,,11.475560932966031,,,
WORKER_RELOC,,5,7,4,,8.513606315797496,,,
WORKER_RELOC,,5,7,5,,8.271041523417885,,,
WORKER_RELOC,,5,7,6,,3.5495564586308914,,,
WORKER_RELOC,,5,7,7,,0.0,,,
WORKER_RELOC,,5,7,8,,8.377457764413208,,,
WORKER_RELOC,,5,7,9,,8.309366221110341,,,
WORKER_RELOC,,5,7,10,,7.8719398411011525,,,
WORKER_RELOC,,5,7,11,,8.967191028610795,,,
WORKER_RELOC,,5,8,0,,12.329468672534725,,,
WORKER_RELOC,,5,8,1,,12.977322769474656,,,
WORKER_RELOC,,5,8,2,,12.638296194045974,,,
WORKER_RELOC,,5,8,3,,12.806481945383577,,,
WORKER_RELOC,,5,8,4,,13.718145324562455,,,
WORKER_RELOC,,5,8,5,,10.162921407880145,,,
WORKER_RELOC,,5,8,6,,9.287829679735449,,,
WORKER_RELOC,,5,8,7,,8.868252568711853,,,
WORKER_RELOC,,5,8,8,,0.0,,,
WORKER_RELOC,,5,8,9,,13.368052521913084,,,
WORKER_RELOC,,5,8,10,,12.276244406022585,,,
WORKER_RELOC,,5,8,11,,10.324506807460399,,,
WORKER_RELOC,,5,9,0,,12.633647403779761,,,
WORKER_RELOC,,5,9,1,,14.08867981132189,,,
WORKER_RELOC,,5,9,2,,7.643142147704303,,,
WORKER_RELOC,,5,9,3,,13.92914742844311,,,
WORKER_RELOC,,5,9,4,,8.601502333920703,,,
WORKER_RELOC,,5,9,5,,12.3277853946515,,,
WORKER_RELOC,,5,9,6,,9.999874959369325,,,
WORKER_RELOC,,5,9,7,,11.107947031996822,,,
WORKER_RELOC,,5,9,8,,6.647726656669635,,,
WORKER_RELOC,,5,9,9,,0.0,,,
WORKER_RELOC,,5,9,10,,3.251352441500765,,,
WORKER_RELOC,,5,9,11,,4.486467063577804,,,
WORKER_RELOC,,5,10,0,,6.449875121312543,,,
WORKER_RELOC,,5,10,1,,10.155993382358687,,,
WORKER_RELOC,,5,10,2,,11.263430465012135,,,
WORKER_RELOC,,5,10,3,,13.305622455398622,,,
WORKER_RELOC,,5,10,4,,11.042322767802073,,,
WORKER_RELOC,,5,10,5,,11.631095137774938,,,
WORKER_RELOC,,5,10,6,,11.25349128265892,,,
WORKER_RELOC,,5,10,7,,12.771167517546724,,,
WORKER_RELOC,,5,10,8,,10.04550586520271,,,
WORKER_RELOC,,5,10,9,,4.331123578764741,,,
WORKER_RELOC,,5,10,10,,0.0,,,
WORKER_RELOC,,5,10,11,,2.38394207837983,,,
WORKER_RELOC,,5,11,0,,15.969815595406018,,,
WORKER_RELOC,,5,11,1,,14.978441150486105,,,
WORKER_RELOC,,5,11,2,,7.60195168504985,,,
WORKER_RELOC,,5,11,3,,8.049233435778625,,,
WORKER_RELOC,,5,11,4,,13.200920986035335,,,
WORKER_RELOC,,5,11,5,,7.868235252435011,,,
WORKER_RELOC,,5,11,6,,10.5066160631093,,,
WORKER_RELOC,,5,11,7,,12.016001125114544,,,
WORKER_RELOC,,5,11,8,,13.881577008751517,,,
WORKER_RELOC,,5,11,9,,5.254502808129744,,,
WORKER_RELOC,,5,11,10,,5.344403559966896,,,
WORKER_RELOC,,5,11,11,,0.0,,,
WORKER_RELOC,,6,0,0,,0.0,,,
WORKER_RELOC,,6,0,1,,9.633378340104876,,,
WORKER_RELOC,,6,0,2,,7.717489416656677,,,
WORKER_RELOC,,6,0,3,,11.147891755150964,,,
WORKER_RELOC,,6,0,4,,11.842125538882499,,,
WORKER_RELOC,,6,0,5,,11.044759510374838,,,
WORKER_RELOC,,6,0,6,,11.05282051975245,,,
WORKER_RELOC,,6,0,7,,11.648312251415216,,,
WORKER_RELOC,,6,0,8,,8.443665649867075,,,
WORKER_RELOC,,6,0,9,,7.280912558240251,,,
WORKER_RELOC,,6,0,10,,8.473776601678708,,,
WORKER_RELOC,,6,0,11,,15.457063106205492,,,
WORKER_RELOC,,6,1,0,,9.645933921011142,,,
WORKER_RELOC,,6,1,1,,0.0,,,
WORKER_RELOC,,6,1,2,,2.738870851276846,,,
WORKER_RELOC,,6,1,3,,7.644630391483467,,,
WORKER_RELOC,,6,1,4,,14.92834569842896,,,
WORKER_RELOC,,6,1,5,,9.638372352916445,,,
WORKER_RELOC,,6,1,6,,15.441581163873835,,,
WORKER_RELOC,,6,1,7,,6.820859302531183,,,
WORKER_RELOC,,6,1,8,,9.404521465813062,,,
WORKER_RELOC,,6,1,9,,15.210613543376208,,,
WORKER_RELOC,,6,1,10,,7.174802988761321,,,
WORKER_RELOC,,6,1,11,,9.316926617221279,,,
WORKER_RELOC,,6,2,0,,10.037210025744253,,,
WORKER_RELOC,,6,2,1,,3.0066610830285154,,,
WORKER_RELOC,,6,2,2,,0.0,,,
WORKER_RELOC,,6,2,3,,8.224379282573198,,,
WORKER_RELOC,,6,2,4,,14.50002186247418,,,
WORKER_RELOC,,6,2,5,,7.671590612832712,,,
WORKER_RELOC,,6,2,6,,14.953866171065211,,,
WORKER_RELOC,,6,2,7,,14.953096318024768,,,
WORKER_RELOC,,6,2,8,,8.887625021625588,,,
WORKER_RELOC,,6,2,9,,6.3510220895855385,,,
WORKER_RELOC,,6,2,10,,13.41568460315013,,,
WORKER_RELOC,,6,2,11,,11.000439965318625,,,
WORKER_RELOC,,6,3,0,,15.821089228487882,,,
WORKER_RELOC,,6,3,1,,12.592018852800871,,,
WORKER_RELOC,,6,3,2,,10.499515306826858,,,
WORKER_RELOC,,6,3,3,,0.0,,,
WORKER_RELOC,,6,3,4,,5.504389547566458,,,
WORKER_RELOC,,6,3,5,,4.538874994381791,,,
WORKER_RELOC,,6,3,6,,11.514769395654216,,,
WORKER_RELOC,,6,3,7,,14.694731512543663,,,
WORKER_RELOC,,6,3,8,,15.879135249743895,,,
WORKER_RELOC,,6,3,9,,13.887812765699458,,,
WORKER_RELOC,,6,3,10,,12.72063529977596,,,
WORKER_RELOC,,6,3,11,,8.767510797600675,,,
WORKER_RELOC,,6,4,0,,11.746595447511176,,,
WORKER_RELOC,,6,4,1,,13.857974442121137,,,
WORKER_RELOC,,6,4,2,,6.989218225126628,,,
WORKER_RELOC,,6,4,3,,3.2294485507509276,,,
WORKER_RELOC,,6,4,4,,0.0,,,
WORKER_RELOC,,6,4,5,,5.345405153214065,,,
WORKER_RELOC,,6,4,6,,14.346795005469222,,,
WORKER_RELOC,,6,4,7,,7.313654531565726,,,
WORKER_RELOC,,6,4,8,,10.189063050291557,,,
WORKER_RELOC,,6,4,9,,12.613005011973083,,,
WORKER_RELOC,,6,4,10,,6.247040937220531,,,
WORKER_RELOC,,6,4,11,,12.39730861895929,,,
WORKER_RELOC,,6,5,0,,11.142195472207302,,,
WORKER_RELOC,,6,5,1,,14.553232093813776,,,
WORKER_RELOC,,6,5,2,,6.402425473551667,,,
WORKER_RELOC,,6,5,3,,5.360601765505749,,,
WORKER_RELOC,,6,5,4,,2.3959639892074738,,,
WORKER_RELOC,,6,5,5,,0.0,,,
WORKER_RELOC,,6,5,6,,8.805438591325569,,,
WORKER_RELOC,,6,5,7,,15.602864479095633,,,
WORKER_RELOC,,6,5,8,,10.226580974015128,,,
WORKER_RELOC,,6,5,9,,9.919112780650353,,,
WORKER_RELOC,,6,5,10,,7.557011857042942,,,
WORKER_RELOC,,6,5,11,,11.251504888779007,,,
WORKER_RELOC,,6,6,0,,8.4589938884078,,,
WORKER_RELOC,,6,6,1,,6.47877081985254,,,
WORKER_RELOC,,6,6,2,,11.840765792212512,,,
WORKER_RELOC,,6,6,3,,9.181444122231175,,,
WORKER_RELOC,,6,6,4,,13.296985273782807,,,
WORKER_RELOC,,6,6,5,,7.611672868464539,,,
WORKER_RELOC,,6,6,6,,0.0,,,
WORKER_RELOC,,6,6,7,,2.87039741283123,,,
WORKER_RELOC,,6,6,8,,9.987160006945851,,,
WORKER_RELOC,,6,6,9,,14.82842602626419,,,
WORKER_RELOC,,6,6,10,,10.641318606360922,,,
WORKER_RELOC,,6,6,11,,11.841976442890175,,,
WORKER_RELOC,,6,7,0,,12.620166523217804,,,
WORKER_RELOC,,6,7,1,,7.97657919447455,,,
WORKER_RELOC,,6,7,2,,15.452282936379742,,,
WORKER_RELOC,,6,7,3,,7.9064160443969715,,,
WORKER_RELOC,,6,7,4,,6.312291216710894,,,
WORKER_RELOC,,6,7,5,,10.025198851714519,,,
WORKER_RELOC,,6,7,6,,4.071385783709613,,,
WORKER_RELOC,,6,7,7,,0.0,,,
WORKER_RELOC,,6,7,8,,11.353149485698012,,,
WORKER_RELOC,,6,7,9,,12.29482061930528,,,
WORKER_RELOC,,6,7,10,,13.593296094222353,,,
WORKER_RELOC,,6,7,11,,8.82315862140261,,,
WORKER_RELOC,,6,8,0,,13.278737261567109,,,
WORKER_RELOC,,6,8,1,,13.014032176792817,,,
WORKER_RELOC,,6,8,2,,10.070886193867448,,,
WORKER_RELOC,,6,8,3,,8.572091032696953,,,
WORKER_RELOC,,6,8,4,,9.311154680094992,,,
WORKER_RELOC,,6,8,5,,9.663810782684074,,,
WORKER_RELOC,,6,8,6,,11.10563068032473,,,
WORKER_RELOC,,6,8,7,,15.658115591463064,,,
WORKER_RELOC,,6,8,8,,0.0,,,
WORKER_RELOC,,6,8,9,,9.270331425695929,,,
WORKER_RELOC,,6,8,10,,14.426933835986164,,,
WORKER_RELOC,,6,8,11,,9.320277117842787,,,
WORKER_RELOC,,6,9,0,,11.793518668772318,,,
WORKER_RELOC,,6,9,1,,8.830006945479244,,,
WORKER_RELOC,,6,9,2,,12.938736530809356,,,
WORKER_RELOC,,6,9,3,,8.704953151792418,,,
WORKER_RELOC,,6,9,4,,13.773915920166216,,,
WORKER_RELOC,,6,9,5,,14.386164881674032,,,
WORKER_RELOC,,6,9,6,,10.844665841483586,,,
WORKER_RELOC,,6,9,7,,8.052354197867363,,,
WORKER_RELOC,,6,9,8,,15.341690006786578,,,
WORKER_RELOC,,6,9,9,,0.0,,,
WORKER_RELOC,,6,9,10,,2.2083393304067114,,,
WORKER_RELOC,,6,9,11,,5.775915778546606,,,
WORKER_RELOC,,6,10,0,,12.15319021321873,,,
WORKER_RELOC,,6,10,1,,8.037341444423804,,,
WORKER_RELOC,,6,10,2,,10.917889729479647,,,
WORKER_RELOC,,6,10,3,,15.796349961108605,,,
WORKER_RELOC,,6,10,4,,15.283180394919848,,,
WORKER_RELOC,,6,10,5,,10.417565220817139,,,
WORKER_RELOC,,6,10,6,,11.95966152491752,,,
WORKER_RELOC,,6,10,7,,6.060663155348465,,,
WORKER_RELOC,,6,10,8,,6.629934777766557,,,
WORKER_RELOC,,6,10,9,,2.4454357292295317,,,
WORKER_RELOC,,6,10,10,,0.0,,,
WORKER_RELOC,,6,10,11,,4.712407891188489,,,
WORKER_RELOC,,6,11,0,,13.64608112517737,,,
WORKER_RELOC,,6,11,1,,14.53147639543417,,,
WORKER_RELOC,,6,11,2,,8.411406785122313,,,
WORKER_RELOC,,6,11,3,,13.032338207613929,,,
WORKER_RELOC,,6,11,4,,14.593679344199842,,,
WORKER_RELOC,,6,11,5,,7.369182997761776,,,
WORKER_RELOC,,6,11,6,,8.456099197212566,,,
WORKER_RELOC,,6,11,7,,10.03704915832417,,,
WORKER_RELOC,,6,11,8,,13.071889758831093,,,
WORKER_RELOC,,6,11,9,,5.795537734283441,,,
WORKER_RELOC,,6,11,10,,4.56939353522414,,,
WORKER_RELOC,,6,11,11,,0.0,,,
WORKER_RELOC,,7,0,0,,0.0,,,
WORKER_RELOC,,7,0,1,,7.752222196165589,,,
WORKER_RELOC,,7,0,2,,15.182072645982736,,,
WORKER_RELOC,,7,0,3,,12.608600504981808,,,
WORKER_RELOC,,7,0,4,,7.137397533770055,,,
WORKER_RELOC,,7,0,5,,15.250330451147379,,,
WORKER_RELOC,,7,0,6,,8.072074739668697,,,
WORKER_RELOC,,7,0,7,,13.360140390793067,,,
WORKER_RELOC,,7,0,8,,8.485189441160607,,,
WORKER_RELOC,,7,0,9,,6.475350240680399,,,
WORKER_RELOC,,7,0,10,,15.159421488504282,,,
WORKER_RELOC,,7,0,11,,9.96418729655711,,,
WORKER_RELOC,,7,1,0,,12.692432660873987,,,
WORKER_RELOC,,7,1,1,,0.0,,,
WORKER_RELOC,,7,1,2,,4.743136226507637,,,
WORKER_RELOC,,7,1,3,,12.276807408608637,,,
WORKER_RELOC,,7,1,4,,9.536324463184402,,,
WORKER_RELOC,,7,1,5,,12.258571410229255,,,
WORKER_RELOC,,7,1,6,,7.753735010662028,,,
WORKER_RELOC,,7,1,7,,7.457271522661706,,,
WORKER_RELOC,,7,1,8,,6.128351016925476,,,
WORKER_RELOC,,7,1,9,,14.890832004915659,,,
WORKER_RELOC,,7,1,10,,8.093655298135548,,,
WORKER_RELOC,,7,1,11,,7.016622559725821,,,
WORKER_RELOC,,7,2,0,,12.0941943804385,,,
WORKER_RELOC,,7,2,1,,5.436640921186823,,,
WORKER_RELOC,,7,2,2,,0.0,,,
WORKER_RELOC,,7,2,3,,11.570998214422751,,,
WORKER_RELOC,,7,2,4,,6.671334828714602,,,
WORKER_RELOC,,7,2,5,,12.412246079683367,,,
WORKER_RELOC,,7,2,6,,7.071939680769219,,,
WORKER_RELOC,,7,2,7,,6.857870561272814,,,
WORKER_RELOC,,7,2,8,,9.356304322772298,,,
WORKER_RELOC,,7,2,9,,11.091431988318341,,,
WORKER_RELOC,,7,2,10,,6.664506471979765,,,
WORKER_RELOC,,7,2,11,,10.855033262644884,,,
WORKER_RELOC,,7,3,0,,8.5972046622744,,,
WORKER_RELOC,,7,3,1,,14.247596341422604,,,
WORKER_RELOC,,7,3,2,,7.938293385921831,,,
WORKER_RELOC,,7,3,3,,0.0,,,
WORKER_RELOC,,7,3,4,,4.620908248456219,,,
WORKER_RELOC,,7,3,5,,3.789404003600676,,,
WORKER_RELOC,,7,3,6,,12.095789460299423,,,
WORKER_RELOC,,7,3,7,,10.117715240483973,,,
WORKER_RELOC,,7,3,8,,6.03969769816697,,,
WORKER_RELOC,,7,3,9,,15.183585598554773,,,
WORKER_RELOC,,7,3,10,,9.479539395186148,,,
WORKER_RELOC,,7,3,11,,8.047305722974539,,,
WORKER_RELOC,,7,4,0,,6.522802684904074,,,
WORKER_RELOC,,7,4,1,,15.82573052531753,,,
WORKER_RELOC,,7,4,2,,10.416110854696125,,,
WORKER_RELOC,,7,4,3,,3.3598429885991363,,,
WORKER_RELOC,,7,4,4,,0.0,,,
WORKER_RELOC,,7,4,5,,2.931792437954393,,,
WORKER_RELOC,,7,4,6,,6.114373960732138,,,
WORKER_RELOC,,7,4,7,,14.66299747034447,,,
WORKER_RELOC,,7,4,8,,7.20031208107505,,,
WORKER_RELOC,,7,4,9,,10.994873652631512,,,
WORKER_RELOC,,7,4,10,,13.421543623882442,,,
WORKER_RELOC,,7,4,11,,11.231466393653342,,,
WORKER_RELOC,,7,5,0,,12.113041431279365,,,
WORKER_RELOC,,7,5,1,,14.67084169595566,,,
WORKER_RELOC,,7,5,2,,6.365304801762109,,,
WORKER_RELOC,,7,5,3,,5.485301302488205,,,
WORKER_RELOC,,7,5,4,,5.82180383722754,,,
WORKER_RELOC,,7,5,5,,0.0,,,
WORKER_RELOC,,7,5,6,,7.818819620556833,,,
WORKER_RELOC,,7,5,7,,15.020660667122288,,,
WORKER_RELOC,,7,5,8,,6.416699122548954,,,
WORKER_RELOC,,7,5,9,,14.232484261795797,,,
WORKER_RELOC,,7,5,10,,12.259770506571785,,,
WORKER_RELOC,,7,5,11,,15.244216919947208,,,
WORKER_RELOC,,7,6,0,,13.120403499989976,,,
WORKER_RELOC,,7,6,1,,11.500808430327222,,,
WORKER_RELOC,,7,6,2,,10.11502033578266,,,
WORKER_RELOC,,7,6,3,,14.151011536006736,,,
WORKER_RELOC,,7,6,4,,10.675849707415754,,,
WORKER_RELOC,,7,6,5,,6.616945813292858,,,
WORKER_RELOC,,7,6,6,,0.0,,,
WORKER_RELOC,,7,6,7,,3.559832177572965,,,
WORKER_RELOC,,7,6,8,,8.558493722491566,,,
WORKER_RELOC,,7,6,9,,11.073231233527093,,,
WORKER_RELOC,,7,6,10,,7.288004469257308,,,
WORKER_RELOC,,7,6,11,,12.641929058153568,,,
WORKER_RELOC,,7,7,0,,14.709483713304232,,,
WORKER_RELOC,,7,7,1,,12.950136626656285,,,
WORKER_RELOC,,7,7,2,,13.475153106424298,,,
WORKER_RELOC,,7,7,3,,10.508066159251277,,,
WORKER_RELOC,,7,7,4,,15.364822293615697,,,
WORKER_RELOC,,7,7,5,,11.96620553049368,,,
WORKER_RELOC,,7,7,6,,3.922149851437731,,,
WORKER_RELOC,,7,7,7,,0.0,,,
WORKER_RELOC,,7,7,8,,10.467182774085066,,,
WORKER_RELOC,,7,7,9,,9.00846147787262,,,
WORKER_RELOC,,7,7,10,,12.57004446040327,,,
WORKER_RELOC,,7,7,11,,8.246854751262095,,,
WORKER_RELOC,,7,8,0,,10.405946707397572,,,
WORKER_RELOC,,7,8,1,,15.846031808440493,,,
WORKER_RELOC,,7,8,2,,10.19515890360547,,,
WORKER_RELOC,,7,8,3,,7.663132592953005,,,
WORKER_RELOC,,7,8,4,,10.212180599021474,,,
WORKER_RELOC,,7,8,5,,12.117169917669642,,,
WORKER_RELOC,,7,8,6,,12.011489449355063,,,
WORKER_RELOC,,7,8,7,,10.670890444094244,,,
WORKER_RELOC,,7,8,8,,0.0,,,
WORKER_RELOC,,7,8,9,,7.42891182092809,,,
WORKER_RELOC,,7,8,10,,10.28336665292543,,,
WORKER_RELOC,,7,8,11,,7.683336955181463,,,
WORKER_RELOC,,7,9,0,,7.895710877577349,,,
WORKER_RELOC,,7,9,1,,8.642117177906359,,,
WORKER_RELOC,,7,9,2,,6.024578699475855,,,
WORKER_RELOC,,7,9,3,,7.746274053138851,,,
WORKER_RELOC,,7,9,4,,8.666752299813812,,,
WORKER_RELOC,,7,9,5,,11.549507872130524,,,
WORKER_RELOC,,7,9,6,,14.289270867596207,,,
WORKER_RELOC,,7,9,7,,15.925775835217383,,,
WORKER_RELOC,,7,9,8,,11.323357710206249,,,
WORKER_RELOC,,7,9,9,,0.0,,,
WORKER_RELOC,,7,9,10,,5.093004439243643,,,
WORKER_RELOC,,7,9,11,,2.9665320619953857,,,
WORKER_RELOC,,7,10,0,,12.317212051137824,,,
WORKER_RELOC,,7,10,1,,12.99404385655297,,,
WORKER_RELOC,,7,10,2,,7.674084932069684,,,
WORKER_RELOC,,7,10,3,,13.671882941859199,,,
WORKER_RELOC,,7,10,4,,9.683968814037009,,,
WORKER_RELOC,,7,10,5,,11.513108186485232,,,
WORKER_RELOC,,7,10,6,,6.706968547052984,,,
WORKER_RELOC,,7,10,7,,12.553107674746537,,,
WORKER_RELOC,,7,10,8,,14.596657364128731,,,
WORKER_RELOC,,7,10,9,,5.530243790800613,,,
WORKER_RELOC,,7,10,10,,0.0,,,
WORKER_RELOC,,7,10,11,,5.036085298940377,,,
WORKER_RELOC,,7,11,0,,6.661895817781389,,,
WORKER_RELOC,,7,11,1,,7.247681565059534,,,
WORKER_RELOC,,7,11,2,,10.98149567255088,,,
WORKER_RELOC,,7,11,3,,8.24636780921164,,,
WORKER_RELOC,,7,11,4,,14.532346732811154,,,
WORKER_RELOC,,7,11,5,,7.666313331509759,,,
WORKER_RELOC,,7,11,6,,15.357371713053176,,,
WORKER_RELOC,,7,11,7,,11.049718614387746,,,
WORKER_RELOC,,7,11,8,,8.436140103564536,,,
WORKER_RELOC,,7,11,9,,4.301992360315849,,,
WORKER_RELOC,,7,11,10,,4.44567468295754,,,
WORKER_RELOC,,7,11,11,,0.0,,,
ROBOT_RELOC,,0,0,0,,0.0,,,
ROBOT_RELOC,,0,0,1,,15.186936128432325,,,
ROBOT_RELOC,,0,0,2,,11.762692173569981,,,
ROBOT_RELOC,,0,0,3,,12.093954862056574,,,
ROBOT_RELOC,,0,0,4,,13.24643099528231,,,
ROBOT_RELOC,,0,0,5,,15.029393953615951,,,
ROBOT_RELOC,,0,0,6,,9.012529465890584,,,
ROBOT_RELOC,,0,0,7,,14.831742273551102,,,
ROBOT_RELOC,,0,0,8,,8.108344046610027,,,
ROBOT_RELOC,,0,0,9,,12.369220225451748,,,
ROBOT_RELOC,,0,0,10,,15.848341709973752,,,
ROBOT_RELOC,,0,0,11,,15.566462309781137,,,
ROBOT_RELOC,,0,1,0,,12.156532710395108,,,
ROBOT_RELOC,,0,1,1,,0.0,,,
ROBOT_RELOC,,0,1,2,,3.6219244344748076,,,
ROBOT_RELOC,,0,1,3,,10.049990085256844,,,
ROBOT_RELOC,,0,1,4,,15.456998310456882,,,
ROBOT_RELOC,,0,1,5,,12.667857611233377,,,
ROBOT_RELOC,,0,1,6,,9.390867775198833,,,
ROBOT_RELOC,,0,1,7,,11.975562725468226,,,
ROBOT_RELOC,,0,1,8,,10.426923960283121,,,
ROBOT_RELOC,,0,1,9,,11.809604516257167,,,
ROBOT_RELOC,,0,1,10,,7.600098271033497,,,
ROBOT_RELOC,,0,1,11,,13.00312273900525,,,
ROBOT_RELOC,,0,2,0,,7.3281043074475365,,,
ROBOT_RELOC,,0,2,1,,3.106894885007615,,,
ROBOT_RELOC,,0,2,2,,0.0,,,
ROBOT_RELOC,,0,2,3,,7.6534187056818705,,,
ROBOT_RELOC,,0,2,4,,10.875761177019626,,,
ROBOT_RELOC,,0,2,5,,7.138505942898966,,,
ROBOT_RELOC,,0,2,6,,6.197232537566059,,,
ROBOT_RELOC,,0,2,7,,15.636406507618368,,,
ROBOT_RELOC,,0,2,8,,14.00928179702145,,,
ROBOT_RELOC,,0,2,9,,10.567992938780018,,,
ROBOT_RELOC,,0,2,10,,8.600889751478759,,,
ROBOT_RELOC,,0,2,11,,15.629514100414935,,,
ROBOT_RELOC,,0,3,0,,13.642453459649573,,,
ROBOT_RELOC,,0,3,1,,8.22138336166288,,,
ROBOT_RELOC,,0,3,2,,11.077454414418401,,,
ROBOT_RELOC,,0,3,3,,0.0,,,
ROBOT_RELOC,,0,3,4,,5.910286422518469,,,
ROBOT_RELOC,,0,3,5,,5.1614332659648205,,,
ROBOT_RELOC,,0,3,6,,12.446455942375652,,,
ROBOT_RELOC,,0,3,7,,15.607815440254402,,,
ROBOT_RELOC,,0,3,8,,15.764697670096762,,,
ROBOT_RELOC,,0,3,9,,12.608278628070595,,,
ROBOT_RELOC,,0,3,10,,6.423710121249755,,,
ROBOT_RELOC,,0,3,11,,7.621210274565468,,,
ROBOT_RELOC,,0,4,0,,11.568690228470047,,,
ROBOT_RELOC,,0,4,1,,15.356430991556541,,,
ROBOT_RELOC,,0,4,2,,12.763384650199924,,,
ROBOT_RELOC,,0,4,3,,4.550028471628133,,,
ROBOT_RELOC,,0,4,4,,0.0,,,
ROBOT_RELOC,,0,4,5,,3.634386764768396,,,
ROBOT_RELOC,,0,4,6,,11.927685001790017,,,
ROBOT_RELOC,,0,4,7,,11.941638137268685,,,
ROBOT_RELOC,,0,4,8,,7.866178123303913,,,
ROBOT_RELOC,,0,4,9,,8.665644139680673,,,
ROBOT_RELOC,,0,4,10,,11.410808237732166,,,
ROBOT_RELOC,,0,4,11,,11.81716410402889,,,
ROBOT_RELOC,,0,5,0,,13.203154306348516,,,
ROBOT_RELOC,,0,5,1,,10.427467917625588,,,
ROBOT_RELOC,,0,5,2,,9.067071046890305,,,
ROBOT_RELOC,,0,5,3,,3.795811021238311,,,
ROBOT_RELOC,,0,5,4,,4.935354652533206,,,
ROBOT_RELOC,,0,5,5,,0.0,,,
ROBOT_RELOC,,0,5,6,,14.238678962739968,,,
ROBOT_RELOC,,0,5,7,,8.926713033243331,,,
ROBOT_RELOC,,0,5,8,,10.940866945577273,,,
ROBOT_RELOC,,0,5,9,,14.595480709767429,,,
ROBOT_RELOC,,0,5,10,,13.595385933648986,,,
ROBOT_RELOC,,0,5,11,,15.690908009366034,,,
ROBOT_RELOC,,0,6,0,,9.951780281542659,,,
ROBOT_RELOC,,0,6,1,,14.795035459608052,,,
ROBOT_RELOC,,0,6,2,,14.838602042955205,,,
ROBOT_RELOC,,0,6,3,,14.844258311623802,,,
ROBOT_RELOC,,0,6,4,,11.7335820465642,,,
ROBOT_RELOC,,0,6,5,,6.0121501516062885,,,
ROBOT_RELOC,,0,6,6,,0.0,,,
ROBOT_RELOC,,0,6,7,,4.261867686100778,,,
ROBOT_RELOC,,0,6,8,,9.476363508450266,,,
ROBOT_RELOC,,0,6,9,,6.526637075577559,,,
ROBOT_RELOC,,0,6,10,,8.603336150995235,,,
ROBOT_RELOC,,0,6,11,,14.00116536196773,,,
ROBOT_RELOC,,0,7,0,,11.723479527731298,,,
ROBOT_RELOC,,0,7,1,,13.015383773181084,,,
ROBOT_RELOC,,0,7,2,,8.670596504497723,,,
ROBOT_RELOC,,0,7,3,,10.51836797657702,,,
ROBOT_RELOC,,0,7,4,,8.316258217421655,,,
ROBOT_RELOC,,0,7,5,,15.833800910058386,,,
ROBOT_RELOC,,0,7,6,,3.170715189989061,,,
ROBOT_RELOC,,0,7,7,,0.0,,,
ROBOT_RELOC,,0,7,8,,11.771763146028595,,,
ROBOT_RELOC,,0,7,9,,11.611383034916395,,,
ROBOT_RELOC,,0,7,10,,7.447594649004085,,,
ROBOT_RELOC,,0,7,11,,7.096155897731437,,,
ROBOT_RELOC,,0,8,0,,14.986933072504504,,,
ROBOT_RELOC,,0,8,1,,11.278620011471542,,,
ROBOT_RELOC,,0,8,2,,11.15015304613783,,,
ROBOT_RELOC,,0,8,3,,10.431173351241869,,,
ROBOT_RELOC,,0,8,4,,12.88877083247907,,,
ROBOT_RELOC,,0,8,5,,8.565402853775623,,,
ROBOT_RELOC,,0,8,6,,10.677079148206781,,,
ROBOT_RELOC,,0,8,7,,10.65942800853393,,,
ROBOT_RELOC,,0,8,8,,0.0,,,
ROBOT_RELOC,,0,8,9,,15.785606535377067,,,
ROBOT_RELOC,,0,8,10,,9.918104228225424,,,
ROBOT_RELOC,,0,8,11,,12.401330212288698,,,
ROBOT_RELOC,,0,9,0,,11.487257579408553,,,
ROBOT_RELOC,,0,9,1,,8.709232890549844,,,
ROBOT_RELOC,,0,9,2,,6.465852760325949,,,
ROBOT_RELOC,,0,9,3,,9.517749107289486,,,
ROBOT_RELOC,,0,9,4,,12.180683107617964,,,
ROBOT_RELOC,,0,9,5,,12.057944204941137,,,
ROBOT_RELOC,,0,9,6,,12.321798741785221,,,
ROBOT_RELOC,,0,9,7,,11.293451143719125,,,
ROBOT_RELOC,,0,9,8,,8.468658594794292,,,
ROBOT_RELOC,,0,9,9,,0.0,,,
ROBOT_RELOC,,0,9,10,,5.644153887040666,,,
ROBOT_RELOC,,0,9,11,,5.119114568859713,,,
ROBOT_RELOC,,0,10,0,,12.486269838516272,,,
ROBOT_RELOC,,0,10,1,,6.191413482713193,,,
ROBOT_RELOC,,0,10,2,,6.738870159227729,,,
ROBOT_RELOC,,0,10,3,,11.273102296770473,,,
ROBOT_RELOC,,0,10,4,,9.00551151775801,,,
ROBOT_RELOC,,0,10,5,,10.31724279123639,,,
ROBOT_RELOC,,0,10,6,,15.773592834761526,,,
ROBOT_RELOC,,0,10,7,,6.5367538538542425,,,
ROBOT_RELOC,,0,10,8,,14.884814157947451,,,
ROBOT_RELOC,,0,10,9,,3.9475810622455643,,,
ROBOT_RELOC,,0,10,10,,0.0,,,
ROBOT_RELOC,,0,10,11,,3.2805414015552095,,,
ROBOT_RELOC,,0,11,0,,13.188871524315266,,,
ROBOT_RELOC,,0,11,1,,12.710275447133856,,,
ROBOT_RELOC,,0,11,2,,7.253364831461834,,,
ROBOT_RELOC,,0,11,3,,9.851313608167157,,,
ROBOT_RELOC,,0,11,4,,15.365992857561462,,,
ROBOT_RELOC,,0,11,5,,15.274922966020977,,,
ROBOT_RELOC,,0,11,6,,12.087787786074479,,,
ROBOT_RELOC,,0,11,7,,12.832224995834583,,,
ROBOT_RELOC,,0,11,8,,14.771271390540832,,,
ROBOT_RELOC,,0,11,9,,2.021254683809084,,,
ROBOT_RELOC,,0,11,10,,5.960357053120441,,,
ROBOT_RELOC,,0,11,11,,0.0,,,
ROBOT_RELOC,,1,0,0,,0.0,,,
ROBOT_RELOC,,1,0,1,,14.043151470943236,,,
ROBOT_RELOC,,1,0,2,,13.09921387693136,,,
ROBOT_RELOC,,1,0,3,,13.053551941326628,,,
ROBOT_RELOC,,1,0,4,,15.313704060105476,,,
ROBOT_RELOC,,1,0,5,,7.340836446971653,,,
ROBOT_RELOC,,1,0,6,,6.682050806708827,,,
ROBOT_RELOC,,1,0,7,,15.520010165977348,,,
ROBOT_RELOC,,1,0,8,,13.872712818475502,,,
ROBOT_RELOC,,1,0,9,,8.475678612061563,,,
ROBOT_RELOC,,1,0,10,,13.23344535558083,,,
ROBOT_RELOC,,1,0,11,,6.887817417675436,,,
ROBOT_RELOC,,1,1,0,,6.850344138308131,,,
ROBOT_RELOC,,1,1,1,,0.0,,,
ROBOT_RELOC,,1,1,2,,2.6182441391306583,,,
ROBOT_RELOC,,1,1,3,,7.3886712309371685,,,
ROBOT_RELOC,,1,1,4,,11.633127427715976,,,
ROBOT_RELOC,,1,1,5,,13.064626481974788,,,
ROBOT_RELOC,,1,1,6,,14.534152126673103,,,
ROBOT_RELOC,,1,1,7,,15.816629589697413,,,
ROBOT_RELOC,,1,1,8,,13.540065574242362,,,
ROBOT_RELOC,,1,1,9,,11.184154595023804,,,
ROBOT_RELOC,,1,1,10,,9.058945016819544,,,
ROBOT_RELOC,,1,1,11,,14.211428446927695,,,
ROBOT_RELOC,,1,2,0,,6.20884542984848,,,
ROBOT_RELOC,,1,2,1,,3.945204525176426,,,
ROBOT_RELOC,,1,2,2,,0.0,,,
ROBOT_RELOC,,1,2,3,,8.841592835453309,,,
ROBOT_RELOC,,1,2,4,,13.070730643888691,,,
ROBOT_RELOC,,1,2,5,,10.907452844746373,,,
ROBOT_RELOC,,1,2,6,,13.023832973193972,,,
ROBOT_RELOC,,1,2,7,,14.825097887624269,,,
ROBOT_RELOC,,1,2,8,,8.581273388334292,,,
ROBOT_RELOC,,1,2,9,,15.305111296337095,,,
ROBOT_RELOC,,1,2,10,,9.757815236883118,,,
ROBOT_RELOC,,1,2,11,,6.417104648165111,,,
ROBOT_RELOC,,1,3,0,,9.369179133504502,,,
ROBOT_RELOC,,1,3,1,,13.121040712238791,,,
ROBOT_RELOC,,1,3,2,,8.271452477601123,,,
ROBOT_RELOC,,1,3,3,,0.0,,,
ROBOT_RELOC,,1,3,4,,4.139560677817183,,,
ROBOT_RELOC,,1,3,5,,5.940357431852476,,,
ROBOT_RELOC,,1,3,6,,12.884292406005727,,,
ROBOT_RELOC,,1,3,7,,7.566277076026923,,,
ROBOT_RELOC,,1,3,8,,7.999831646625646,,,
ROBOT_RELOC,,1,3,9,,11.245295330960037,,,
ROBOT_RELOC,,1,3,10,,6.387666966147753,,,
ROBOT_RELOC,,1,3,11,,15.698500612003835,,,
ROBOT_RELOC,,1,4,0,,10.981147585388868,,,
ROBOT_RELOC,,1,4,1,,10.432204886337399,,,
ROBOT_RELOC,,1,4,2,,15.437605461174382,,,
ROBOT_RELOC,,1,4,3,,5.446676641340224,,,
ROBOT_RELOC,,1,4,4,,0.0,,,
ROBOT_RELOC,,1,4,5,,5.714418531434145,,,
ROBOT_RELOC,,1,4,6,,6.00441235934912,,,
ROBOT_RELOC,,1,4,7,,6.581449004309583,,,
ROBOT_RELOC,,1,4,8,,11.00666013213543,,,
ROBOT_RELOC,,1,4,9,,13.099853572249108,,,
ROBOT_RELOC,,1,4,10,,6.4830023462464625,,,
ROBOT_RELOC,,1,4,11,,13.170233309434739,,,
ROBOT_RELOC,,1,5,0,,7.698453266558873,,,
ROBOT_RELOC,,1,5,1,,14.83105697503866,,,
ROBOT_RELOC,,1,5,2,,10.23173320951775,,,
ROBOT_RELOC,,1,5,3,,4.030371608735301,,,
ROBOT_RELOC,,1,5,4,,4.121453398351653,,,
ROBOT_RELOC,,1,5,5,,0.0,,,
ROBOT_RELOC,,1,5,6,,6.140893295835015,,,
ROBOT_RELOC,,1,5,7,,14.700685617645558,,,
ROBOT_RELOC,,1,5,8,,7.787400677953757,,,
ROBOT_RELOC,,1,5,9,,7.056947945249213,,,
ROBOT_RELOC,,1,5,10,,15.112886409035942,,,
ROBOT_RELOC,,1,5,11,,8.35667008973723,,,
ROBOT_RELOC,,1,6,0,,7.055289927953255,,,
ROBOT_RELOC,,1,6,1,,14.774049787090267,,,
ROBOT_RELOC,,1,6,2,,12.80497481688423,,,
ROBOT_RELOC,,1,6,3,,9.72178299069346,,,
ROBOT_RELOC,,1,6,4,,7.3908437824779245,,,
ROBOT_RELOC,,1,6,5,,11.878968819068554,,,
ROBOT_RELOC,,1,6,6,,0.0,,,
ROBOT_RELOC,,1,6,7,,5.831848430137175,,,
ROBOT_RELOC,,1,6,8,,12.158789598006905,,,
ROBOT_RELOC,,1,6,9,,7.019592486557689,,,
ROBOT_RELOC,,1,6,10,,15.36487722853454,,,
ROBOT_RELOC,,1,6,11,,11.751543780707532,,,
ROBOT_RELOC,,1,7,0,,11.470491232925816,,,
ROBOT_RELOC,,1,7,1,,6.008254223332596,,,
ROBOT_RELOC,,1,7,2,,10.774024951348725,,,
ROBOT_RELOC,,1,7,3,,13.216776640396237,,,
ROBOT_RELOC,,1,7,4,,6.58919312223061,,,
ROBOT_RELOC,,1,7,5,,7.612771878895698,,,
ROBOT_RELOC,,1,7,6,,4.999530055000727,,,
ROBOT_RELOC,,1,7,7,,0.0,,,
ROBOT_RELOC,,1,7,8,,12.30604570864252,,,
ROBOT_RELOC,,1,7,9,,14.255070713065738,,,
ROBOT_RELOC,,1,7,10,,9.725336618222158,,,
ROBOT_RELOC,,1,7,11,,10.947675376430016,,,
ROBOT_RELOC,,1,8,0,,11.183562250703314,,,
ROBOT_RELOC,,1,8,1,,15.291763924505673,,,
ROBOT_RELOC,,1,8,2,,12.945504430595864,,,
ROBOT_RELOC,,1,8,3,,12.48202450945116,,,
ROBOT_RELOC,,1,8,4,,8.335798501500093,,,
ROBOT_RELOC,,1,8,5,,10.879275663460412,,,
ROBOT_RELOC,,1,8,6,,14.699874995054817,,,
ROBOT_RELOC,,1,8,7,,7.044627070612392,,,
ROBOT_RELOC,,1,8,8,,0.0,,,
ROBOT_RELOC,,1,8,9,,10.908851308086838,,,
ROBOT_RELOC,,1,8,10,,7.795488493901773,,,
ROBOT_RELOC,,1,8,11,,7.1605601165139205,,,
ROBOT_RELOC,,1,9,0,,12.823756015781566,,,
ROBOT_RELOC,,1,9,1,,14.84345827179268,,,
ROBOT_RELOC,,1,9,2,,13.043507702891194,,,
ROBOT_RELOC,,1,9,3,,11.982843258089098,,,
ROBOT_RELOC,,1,9,4,,14.206360746337543,,,
ROBOT_RELOC,,1,9,5,,9.704084746074027,,,
ROBOT_RELOC,,1,9,6,,8.250380170733289,,,
ROBOT_RELOC,,1,9,7,,10.808340776588587,,,
ROBOT_RELOC,,1,9,8,,6.066149217492257,,,
ROBOT_RELOC,,1,9,9,,0.0,,,
ROBOT_RELOC,,1,9,10,,4.537352682106575,,,
ROBOT_RELOC,,1,9,11,,2.3002618736106557,,,
ROBOT_RELOC,,1,10,0,,15.72534285514644,,,
ROBOT_RELOC,,1,10,1,,7.721254449730949,,,
ROBOT_RELOC,,1,10,2,,10.713534487821516,,,
ROBOT_RELOC,,1,10,3,,11.042675549254257,,,
ROBOT_RELOC,,1,10,4,,12.621047044501786,,,
ROBOT_RELOC,,1,10,5,,7.1591905250468235,,,
ROBOT_RELOC,,1,10,6,,12.342310501731689,,,
ROBOT_RELOC,,1,10,7,,7.235503366846228,,,
ROBOT_RELOC,,1,10,8,,10.483760157626179,,,
ROBOT_RELOC,,1,10,9,,2.540231774966929,,,
ROBOT_RELOC,,1,10,10,,0.0,,,
ROBOT_RELOC,,1,10,11,,5.201414395655529,,,
ROBOT_RELOC,,1,11,0,,12.726910748051612,,,
ROBOT_RELOC,,1,11,1,,14.338264224630967,,,
ROBOT_RELOC,,1,11,2,,15.080036074774537,,,
ROBOT_RELOC,,1,11,3,,6.413517116386277,,,
ROBOT_RELOC,,1,11,4,,6.8610137068125825,,,
ROBOT_RELOC,,1,11,5,,10.212838450882712,,,
ROBOT_RELOC,,1,11,6,,13.524499728430943,,,
ROBOT_RELOC,,1,11,7,,11.424252164616602,,,
ROBOT_RELOC,,1,11,8,,15.482359668302879,,,
ROBOT_RELOC,,1,11,9,,2.075459358770337,,,
ROBOT_RELOC,,1,11,10,,2.16019971139347,,,
ROBOT_RELOC,,1,11,11,,0.0,,,
ROBOT_RELOC,,2,0,0,,0.0,,,
ROBOT_RELOC,,2,0,1,,11.012892556760832,,,
ROBOT_RELOC,,2,0,2,,7.362587893275738,,,
ROBOT_RELOC,,2,0,3,,14.210655611702837,,,
ROBOT_RELOC,,2,0,4,,11.54190727444981,,,
ROBOT_RELOC,,2,0,5,,10.611446728006523,,,
ROBOT_RELOC,,2,0,6,,9.589998279642659,,,
ROBOT_RELOC,,2,0,7,,10.988590700803854,,,
ROBOT_RELOC,,2,0,8,,7.228440362902207,,,
ROBOT_RELOC,,2,0,9,,15.56587502206391,,,
ROBOT_RELOC,,2,0,10,,11.28131549749147,,,
ROBOT_RELOC,,2,0,11,,14.479421157992086,,,
ROBOT_RELOC,,2,1,0,,10.939780942097485,,,
ROBOT_RELOC,,2,1,1,,0.0,,,
ROBOT_RELOC,,2,1,2,,3.710901521874995,,,
ROBOT_RELOC,,2,1,3,,15.172953613122472,,,
ROBOT_RELOC,,2,1,4,,14.945515134387911,,,
ROBOT_RELOC,,2,1,5,,14.896720080570898,,,
ROBOT_RELOC,,2,1,6,,10.609496704214138,,,
ROBOT_RELOC,,2,1,7,,12.128459980542566,,,
ROBOT_RELOC,,2,1,8,,12.286989727517291,,,
ROBOT_RELOC,,2,1,9,,14.466380734976303,,,
ROBOT_RELOC,,2,1,10,,9.264673561967028,,,
ROBOT_RELOC,,2,1,11,,9.409074189840196,,,
ROBOT_RELOC,,2,2,0,,8.462281386177006,,,
ROBOT_RELOC,,2,2,1,,2.542667185857057,,,
ROBOT_RELOC,,2,2,2,,0.0,,,
ROBOT_RELOC,,2,2,3,,13.015933515331577,,,
ROBOT_RELOC,,2,2,4,,6.586739855662609,,,
ROBOT_RELOC,,2,2,5,,11.904089985237363,,,
ROBOT_RELOC,,2,2,6,,10.50636822608518,,,
ROBOT_RELOC,,2,2,7,,10.979151792626428,,,
ROBOT_RELOC,,2,2,8,,13.270818221394611,,,
ROBOT_RELOC,,2,2,9,,9.743898370641233,,,
ROBOT_RELOC,,2,2,10,,10.98761004813042,,,
ROBOT_RELOC,,2,2,11,,14.46776593300136,,,
ROBOT_RELOC,,2,3,0,,10.320860209827583,,,
ROBOT_RELOC,,2,3,1,,9.459032992585726,,,
ROBOT_RELOC,,2,3,2,,6.8316789696423275,,,
ROBOT_RELOC,,2,3,3,,0.0,,,
ROBOT_RELOC,,2,3,4,,4.402285150326323,,,
ROBOT_RELOC,,2,3,5,,3.6922368845826594,,,
ROBOT_RELOC,,2,3,6,,6.3258795789013424,,,
ROBOT_RELOC,,2,3,7,,15.331903805227798,,,
ROBOT_RELOC,,2,3,8,,10.372409824120362,,,
ROBOT_RELOC,,2,3,9,,10.97365499078839,,,
ROBOT_RELOC,,2,3,10,,8.94470077573969,,,
ROBOT_RELOC,,2,3,11,,14.4726457173616,,,
ROBOT_RELOC,,2,4,0,,6.505170097441371,,,
ROBOT_RELOC,,2,4,1,,6.344862858728772,,,
ROBOT_RELOC,,2,4,2,,14.538744389671376,,,
ROBOT_RELOC,,2,4,3,,2.1603466877815176,,,
ROBOT_RELOC,,2,4,4,,0.0,,,
ROBOT_RELOC,,2,4,5,,2.0376574906605263,,,
ROBOT_RELOC,,2,4,6,,7.450229827772114,,,
ROBOT_RELOC,,2,4,7,,12.284207561460452,,,
ROBOT_RELOC,,2,4,8,,15.952641497884798,,,
ROBOT_RELOC,,2,4,9,,12.610025903595083,,,
ROBOT_RELOC,,2,4,10,,13.943898276465955,,,
ROBOT_RELOC,,2,4,11,,10.33175834947997,,,
ROBOT_RELOC,,2,5,0,,12.11012002839783,,,
ROBOT_RELOC,,2,5,1,,13.049631209463817,,,
ROBOT_RELOC,,2,5,2,,13.202843871084195,,,
ROBOT_RELOC,,2,5,3,,3.6255879582493282,,,
ROBOT_RELOC,,2,5,4,,5.9413933368447465,,,
ROBOT_RELOC,,2,5,5,,0.0,,,
ROBOT_RELOC,,2,5,6,,12.684403937335816,,,
ROBOT_RELOC,,2,5,7,,11.826334339723752,,,
ROBOT_RELOC,,2,5,8,,11.577317246956907,,,
ROBOT_RELOC,,2,5,9,,10.16165182654729,,,
ROBOT_RELOC,,2,5,10,,10.805388247415697,,,
ROBOT_RELOC,,2,5,11,,11.635010322064481,,,
ROBOT_RELOC,,2,6,0,,6.037765030993718,,,
ROBOT_RELOC,,2,6,1,,15.086778702450136,,,
ROBOT_RELOC,,2,6,2,,13.054305075816007,,,
ROBOT_RELOC,,2,6,3,,11.64541635941345,,,
ROBOT_RELOC,,2,6,4,,6.189145239374199,,,
ROBOT_RELOC,,2,6,5,,11.117322272179813,,,
ROBOT_RELOC,,2,6,6,,0.0,,,
ROBOT_RELOC,,2,6,7,,4.722021008512156,,,
ROBOT_RELOC,,2,6,8,,8.15402832117112,,,
ROBOT_RELOC,,2,6,9,,12.789698108714267,,,
ROBOT_RELOC,,2,6,10,,10.136544715435182,,,
ROBOT_RELOC,,2,6,11,,8.458063567542982,,,
ROBOT_RELOC,,2,7,0,,9.148810863951546,,,
ROBOT_RELOC,,2,7,1,,7.801526730915444,,,
ROBOT_RELOC,,2,7,2,,7.826088142570992,,,
ROBOT_RELOC,,2,7,3,,13.85648697093379,,,
ROBOT_RELOC,,2,7,4,,8.912534873265798,,,
ROBOT_RELOC,,2,7,5,,12.389396943949684,,,
ROBOT_RELOC,,2,7,6,,4.610608837939804,,,
ROBOT_RELOC,,2,7,7,,0.0,,,
ROBOT_RELOC,,2,7,8,,6.769735408346051,,,
ROBOT_RELOC,,2,7,9,,12.67963372716148,,,
ROBOT_RELOC,,2,7,10,,8.599044984544301,,,
ROBOT_RELOC,,2,7,11,,7.074448180519631,,,
ROBOT_RELOC,,2,8,0,,11.334149677089927,,,
ROBOT_RELOC,,2,8,1,,10.71641969186952,,,
ROBOT_RELOC,,2,8,2,,11.625716934584787,,,
ROBOT_RELOC,,2,8,3,,15.52481336713872,,,
ROBOT_RELOC,,2,8,4,,8.74406746345781,,,
ROBOT_RELOC,,2,8,5,,12.711953820235017,,,
ROBOT_RELOC,,2,8,6,,7.689047484814608,,,
ROBOT_RELOC,,2,8,7,,14.105189053060384,,,
ROBOT_RELOC,,2,8,8,,0.0,,,
ROBOT_RELOC,,2,8,9,,11.415915029719613,,,
ROBOT_RELOC,,2,8,10,,13.391387330199851,,,
ROBOT_RELOC,,2,8,11,,10.838506453021932,,,
ROBOT_RELOC,,2,9,0,,15.63529869150655,,,
ROBOT_RELOC,,2,9,1,,14.547723409339303,,,
ROBOT_RELOC,,2,9,2,,12.378572618044558,,,
ROBOT_RELOC,,2,9,3,,9.935162973905204,,,
ROBOT_RELOC,,2,9,4,,15.67756594823512,,,
ROBOT_RELOC,,2,9,5,,9.09788583619099,,,
ROBOT_RELOC,,2,9,6,,9.257699038370832,,,
ROBOT_RELOC,,2,9,7,,9.363879965082292,,,
ROBOT_RELOC,,2,9,8,,7.870230574987452,,,
ROBOT_RELOC,,2,9,9,,0.0,,,
ROBOT_RELOC,,2,9,10,,3.734346975222247,,,
ROBOT_RELOC,,2,9,11,,4.3377973349159324,,,
ROBOT_RELOC,,2,10,0,,7.769246371157308,,,
ROBOT_RELOC,,2,10,1,,13.192357158913829,,,
ROBOT_RELOC,,2,10,2,,9.521862967797047,,,
ROBOT_RELOC,,2,10,3,,6.046478401916563,,,
ROBOT_RELOC,,2,10,4,,6.573989075867539,,,
ROBOT_RELOC,,2,10,5,,15.125560287137409,,,
ROBOT_RELOC,,2,10,6,,15.285967802144429,,,
ROBOT_RELOC,,2,10,7,,15.093631371803323,,,
ROBOT_RELOC,,2,10,8,,13.699049232871285,,,
ROBOT_RELOC,,2,10,9,,5.6206382708217095,,,
ROBOT_RELOC,,2,10,10,,0.0,,,
ROBOT_RELOC,,2,10,11,,2.04826691371992,,,
ROBOT_RELOC,,2,11,0,,13.078781770366646,,,
ROBOT_RELOC,,2,11,1,,13.056485628876082,,,
ROBOT_RELOC,,2,11,2,,11.6555643722111,,,
ROBOT_RELOC,,2,11,3,,15.322149324832859,,,
ROBOT_RELOC,,2,11,4,,14.602240297833271,,,
ROBOT_RELOC,,2,11,5,,10.212224877206019,,,
ROBOT_RELOC,,2,11,6,,8.443126084874297,,,
ROBOT_RELOC,,2,11,7,,11.79041882378956,,,
ROBOT_RELOC,,2,11,8,,9.457523440409595,,,
ROBOT_RELOC,,2,11,9,,4.47459236790375,,,
ROBOT_RELOC,,2,11,10,,4.871578907346317,,,
ROBOT_RELOC,,2,11,11,,0.0,,,
ROBOT_RELOC,,3,0,0,,0.0,,,
ROBOT_RELOC,,3,0,1,,14.88050689082242,,,
ROBOT_RELOC,,3,0,2,,6.676386254062923,,,
ROBOT_RELOC,,3,0,3,,9.97278931449411,,,
ROBOT_RELOC,,3,0,4,,15.828128660099427,,,
ROBOT_RELOC,,3,0,5,,12.151908903588062,,,
ROBOT_RELOC,,3,0,6,,7.778367103684376,,,
ROBOT_RELOC,,3,0,7,,13.080891793238075,,,
ROBOT_RELOC,,3,0,8,,7.252667697526093,,,
ROBOT_RELOC,,3,0,9,,15.600991121923473,,,
ROBOT_RELOC,,3,0,10,,7.049680997321736,,,
ROBOT_RELOC,,3,0,11,,9.959833370884578,,,
ROBOT_RELOC,,3,1,0,,11.808496283897062,,,
ROBOT_RELOC,,3,1,1,,0.0,,,
ROBOT_RELOC,,3,1,2,,4.781195258793385,,,
ROBOT_RELOC,,3,1,3,,8.900848665269361,,,
ROBOT_RELOC,,3,1,4,,6.2573998982179635,,,
ROBOT_RELOC,,3,1,5,,12.882925552829375,,,
ROBOT_RELOC,,3,1,6,,14.757601547053275,,,
ROBOT_RELOC,,3,1,7,,7.976828665782817,,,
ROBOT_RELOC,,3,1,8,,14.885755724942562,,,
ROBOT_RELOC,,3,1,9,,15.769117856859369,,,
ROBOT_RELOC,,3,1,10,,12.869083935867735,,,
ROBOT_RELOC,,3,1,11,,13.412722395641701,,,
ROBOT_RELOC,,3,2,0,,6.354605723332128,,,
ROBOT_RELOC,,3,2,1,,3.1912959413750195,,,
ROBOT_RELOC,,3,2,2,,0.0,,,
ROBOT_RELOC,,3,2,3,,9.308544564827788,,,
ROBOT_RELOC,,3,2,4,,6.860403573054259,,,
ROBOT_RELOC,,3,2,5,,10.038897405161912,,,
ROBOT_RELOC,,3,2,6,,8.52733872480596,,,
ROBOT_RELOC,,3,2,7,,7.672113251999978,,,
ROBOT_RELOC,,3,2,8,,8.749627986425605,,,
ROBOT_RELOC,,3,2,9,,12.998409107135302,,,
ROBOT_RELOC,,3,2,10,,7.639765167017982,,,
ROBOT_RELOC,,3,2,11,,13.40812274815281,,,
ROBOT_RELOC,,3,3,0,,13.46768754507853,,,
ROBOT_RELOC,,3,3,1,,10.72587994988968,,,
ROBOT_RELOC,,3,3,2,,6.772081077826902,,,
ROBOT_RELOC,,3,3,3,,0.0,,,
ROBOT_RELOC,,3,3,4,,2.9937316854711957,,,
ROBOT_RELOC,,3,3,5,,2.944080732824086,,,
ROBOT_RELOC,,3,3,6,,9.314229532022722,,,
ROBOT_RELOC,,3,3,7,,11.6984464816719,,,
ROBOT_RELOC,,3,3,8,,11.944805502152361,,,
ROBOT_RELOC,,3,3,9,,7.794874128985643,,,
ROBOT_RELOC,,3,3,10,,7.351223851642263,,,
ROBOT_RELOC,,3,3,11,,12.977605121756465,,,
ROBOT_RELOC,,3,4,0,,9.633119628901863,,,
ROBOT_RELOC,,3,4,1,,11.549370178121809,,,
ROBOT_RELOC,,3,4,2,,9.607682910868952,,,
ROBOT_RELOC,,3,4,3,,3.9232118653884744,,,
ROBOT_RELOC,,3,4,4,,0.0,,,
ROBOT_RELOC,,3,4,5,,4.383389769459349,,,
ROBOT_RELOC,,3,4,6,,8.835493851882571,,,
ROBOT_RELOC,,3,4,7,,14.859916258063512,,,
ROBOT_RELOC,,3,4,8,,10.475209735964055,,,
ROBOT_RELOC,,3,4,9,,9.758060480070071,,,
ROBOT_RELOC,,3,4,10,,7.369837274285251,,,
ROBOT_RELOC,,3,4,11,,11.692060621681224,,,
ROBOT_RELOC,,3,5,0,,13.596197954724538,,,
ROBOT_RELOC,,3,5,1,,8.849099213311423,,,
ROBOT_RELOC,,3,5,2,,12.332323410332386,,,
ROBOT_RELOC,,3,5,3,,5.744246631653692,,,
ROBOT_RELOC,,3,5,4,,5.861318554809239,,,
ROBOT_RELOC,,3,5,5,,0.0,,,
ROBOT_RELOC,,3,5,6,,7.73271752594288,,,
ROBOT_RELOC,,3,5,7,,15.122308925033082,,,
ROBOT_RELOC,,3,5,8,,12.64451105143468,,,
ROBOT_RELOC,,3,5,9,,7.145665406398302,,,
ROBOT_RELOC,,3,5,10,,8.05672273533262,,,
ROBOT_RELOC,,3,5,11,,6.423684446992816,,,
ROBOT_RELOC,,3,6,0,,8.580695182216646,,,
ROBOT_RELOC,,3,6,1,,7.967837918060981,,,
ROBOT_RELOC,,3,6,2,,15.93488593882379,,,
ROBOT_RELOC,,3,6,3,,11.15439521817558,,,
ROBOT_RELOC,,3,6,4,,12.12672882101231,,,
ROBOT_RELOC,,3,6,5,,14.624174134181587,,,
ROBOT_RELOC,,3,6,6,,0.0,,,
ROBOT_RELOC,,3,6,7,,2.3643162054802347,,,
ROBOT_RELOC,,3,6,8,,10.417666074540145,,,
ROBOT_RELOC,,3,6,9,,14.789784523324206,,,
ROBOT_RELOC,,3,6,10,,7.515146964728209,,,
ROBOT_RELOC,,3,6,11,,6.9547271972449,,,
ROBOT_RELOC,,3,7,0,,10.765182322636612,,,
ROBOT_RELOC,,3,7,1,,9.671099787529945,,,
ROBOT_RELOC,,3,7,2,,13.355427148131842,,,
ROBOT_RELOC,,3,7,3,,14.532036305468853,,,
ROBOT_RELOC,,3,7,4,,11.79920129176869,,,
ROBOT_RELOC,,3,7,5,,6.307088212637844,,,
ROBOT_RELOC,,3,7,6,,4.872495143119991,,,
ROBOT_RELOC,,3,7,7,,0.0,,,
ROBOT_RELOC,,3,7,8,,8.490823709180523,,,
ROBOT_RELOC,,3,7,9,,7.5304976587466665,,,
ROBOT_RELOC,,3,7,10,,7.981717184396504,,,
ROBOT_RELOC,,3,7,11,,14.080872955692213,,,
ROBOT_RELOC,,3,8,0,,11.562255322047115,,,
ROBOT_RELOC,,3,8,1,,13.55259479687024,,,
ROBOT_RELOC,,3,8,2,,7.737329164425649,,,
ROBOT_RELOC,,3,8,3,,10.133836640946603,,,
ROBOT_RELOC,,3,8,4,,7.320989403582255,,,
ROBOT_RELOC,,3,8,5,,11.356041478999725,,,
ROBOT_RELOC,,3,8,6,,7.426900133859851,,,
ROBOT_RELOC,,3,8,7,,6.128538667909025,,,
ROBOT_RELOC,,3,8,8,,0.0,,,
ROBOT_RELOC,,3,8,9,,14.10340934006747,,,
ROBOT_RELOC,,3,8,10,,13.839244834896487,,,
ROBOT_RELOC,,3,8,11,,7.570173909742332,,,
ROBOT_RELOC,,3,9,0,,11.736861773416674,,,
ROBOT_RELOC,,3,9,1,,15.363167222502469,,,
ROBOT_RELOC,,3,9,2,,9.22565307545159,,,
ROBOT_RELOC,,3,9,3,,14.694688530057922,,,
ROBOT_RELOC,,3,9,4,,15.439790632964149,,,
ROBOT_RELOC,,3,9,5,,12.927922169487424,,,
ROBOT_RELOC,,3,9,6,,14.696275580371163,,,
ROBOT_RELOC,,3,9,7,,13.478670867648209,,,
ROBOT_RELOC,,3,9,8,,6.750980350109129,,,
ROBOT_RELOC,,3,9,9,,0.0,,,
ROBOT_RELOC,,3,9,10,,2.833459067981917,,,
ROBOT_RELOC,,3,9,11,,3.804718842400784,,,
ROBOT_RELOC,,3,10,0,,6.125576585019214,,,
ROBOT_RELOC,,3,10,1,,11.72069884996495,,,
ROBOT_RELOC,,3,10,2,,7.010997190703366,,,
ROBOT_RELOC,,3,10,3,,9.332226133884106,,,
ROBOT_RELOC,,3,10,4,,8.10354244952942,,,
ROBOT_RELOC,,3,10,5,,8.710842068527466,,,
ROBOT_RELOC,,3,10,6,,6.531141747788477,,,
ROBOT_RELOC,,3,10,7,,8.262300357279372,,,
ROBOT_RELOC,,3,10,8,,8.10253655938312,,,
ROBOT_RELOC,,3,10,9,,2.901540687786443,,,
ROBOT_RELOC,,3,10,10,,0.0,,,
ROBOT_RELOC,,3,10,11,,3.468768142426851,,,
ROBOT_RELOC,,3,11,0,,13.072805266399843,,,
ROBOT_RELOC,,3,11,1,,15.947296031296167,,,
ROBOT_RELOC,,3,11,2,,11.352136320263883,,,
ROBOT_RELOC,,3,11,3,,14.91805266767394,,,
ROBOT_RELOC,,3,11,4,,9.156849808301661,,,
ROBOT_RELOC,,3,11,5,,10.589803208132937,,,
ROBOT_RELOC,,3,11,6,,11.912340945706532,,,
ROBOT_RELOC,,3,11,7,,14.354701691197238,,,
ROBOT_RELOC,,3,11,8,,9.322621288907571,,,
ROBOT_RELOC,,3,11,9,,5.822919558326996,,,
ROBOT_RELOC,,3,11,10,,2.73803638899921,,,
ROBOT_RELOC,,3,11,11,,0.0,,,
ROBOT_RELOC,,4,0,0,,0.0,,,
ROBOT_RELOC,,4,0,1,,7.447837914921833,,,
ROBOT_RELOC,,4,0,2,,14.007100106543298,,,
ROBOT_RELOC,,4,0,3,,11.46636499125231,,,
ROBOT_RELOC,,4,0,4,,12.992669982304221,,,
ROBOT_RELOC,,4,0,5,,8.245903763674228,,,
ROBOT_RELOC,,4,0,6,,8.187154925042119,,,
ROBOT_RELOC,,4,0,7,,15.291625409577627,,,
ROBOT_RELOC,,4,0,8,,14.8156241954931,,,
ROBOT_RELOC,,4,0,9,,10.227596629647326,,,
ROBOT_RELOC,,4,0,10,,14.737596982018715,,,
ROBOT_RELOC,,4,0,11,,8.016843882161126,,,
ROBOT_RELOC,,4,1,0,,9.584330562836637,,,
ROBOT_RELOC,,4,1,1,,0.0,,,
ROBOT_RELOC,,4,1,2,,2.9359023796281183,,,
ROBOT_RELOC,,4,1,3,,11.071904135844484,,,
ROBOT_RELOC,,4,1,4,,13.347249360284014,,,
ROBOT_RELOC,,4,1,5,,6.813859704828293,,,
ROBOT_RELOC,,4,1,6,,11.08227822666155,,,
ROBOT_RELOC,,4,1,7,,14.05942642875521,,,
ROBOT_RELOC,,4,1,8,,10.776368670695778,,,
ROBOT_RELOC,,4,1,9,,11.82123315212541,,,
ROBOT_RELOC,,4,1,10,,11.500286269972543,,,
ROBOT_RELOC,,4,1,11,,12.271811231974652,,,
ROBOT_RELOC,,4,2,0,,15.408796220757257,,,
ROBOT_RELOC,,4,2,1,,5.541514672888867,,,
ROBOT_RELOC,,4,2,2,,0.0,,,
ROBOT_RELOC,,4,2,3,,10.229758822691949,,,
ROBOT_RELOC,,4,2,4,,8.80501985072306,,,
ROBOT_RELOC,,4,2,5,,15.898884928401229,,,
ROBOT_RELOC,,4,2,6,,8.216844871056722,,,
ROBOT_RELOC,,4,2,7,,13.778616809352844,,,
ROBOT_RELOC,,4,2,8,,12.480764250188216,,,
ROBOT_RELOC,,4,2,9,,15.725946816254847,,,
ROBOT_RELOC,,4,2,10,,6.039736860363838,,,
ROBOT_RELOC,,4,2,11,,13.92003879278064,,,
ROBOT_RELOC,,4,3,0,,7.81825707963577,,,
ROBOT_RELOC,,4,3,1,,9.532688126699854,,,
ROBOT_RELOC,,4,3,2,,11.318073663214971,,,
ROBOT_RELOC,,4,3,3,,0.0,,,
ROBOT_RELOC,,4,3,4,,5.879347960903244,,,
ROBOT_RELOC,,4,3,5,,3.815255891609115,,,
ROBOT_RELOC,,4,3,6,,14.663389106006617,,,
ROBOT_RELOC,,4,3,7,,8.143506657346759,,,
ROBOT_RELOC,,4,3,8,,9.977725194095793,,,
ROBOT_RELOC,,4,3,9,,11.469733593896876,,,
ROBOT_RELOC,,4,3,10,,15.505523362166214,,,
ROBOT_RELOC,,4,3,11,,10.695124228261639,,,
ROBOT_RELOC,,4,4,0,,11.450594850937847,,,
ROBOT_RELOC,,4,4,1,,9.153208812148986,,,
ROBOT_RELOC,,4,4,2,,9.068715628131358,,,
ROBOT_RELOC,,4,4,3,,3.989544587153783,,,
ROBOT_RELOC,,4,4,4,,0.0,,,
ROBOT_RELOC,,4,4,5,,4.740465620616094,,,
ROBOT_RELOC,,4,4,6,,7.286223241116074,,,
ROBOT_RELOC,,4,4,7,,12.545141906769611,,,
ROBOT_RELOC,,4,4,8,,10.171227218226589,,,
ROBOT_RELOC,,4,4,9,,6.733650174413042,,,
ROBOT_RELOC,,4,4,10,,8.316372276801976,,,
ROBOT_RELOC,,4,4,11,,6.467240242447024,,,
ROBOT_RELOC,,4,5,0,,8.943995138545354,,,
ROBOT_RELOC,,4,5,1,,9.52027523521439,,,
ROBOT_RELOC,,4,5,2,,9.654602889575587,,,
ROBOT_RELOC,,4,5,3,,2.507930284670659,,,
ROBOT_RELOC,,4,5,4,,4.867490356857494,,,
ROBOT_RELOC,,4,5,5,,0.0,,,
ROBOT_RELOC,,4,5,6,,8.652895952606764,,,
ROBOT_RELOC,,4,5,7,,11.248943108150971,,,
ROBOT_RELOC,,4,5,8,,11.943333367370897,,,
ROBOT_RELOC,,4,5,9,,7.930558289675918,,,
ROBOT_RELOC,,4,5,10,,7.158035610290468,,,
ROBOT_RELOC,,4,5,11,,14.10139607548345,,,
ROBOT_RELOC,,4,6,0,,9.235006306090789,,,
ROBOT_RELOC,,4,6,1,,9.807650999183037,,,
ROBOT_RELOC,,4,6,2,,7.431876547711314,,,
ROBOT_RELOC,,4,6,3,,6.510963465855445,,,
ROBOT_RELOC,,4,6,4,,14.175155019143457,,,
ROBOT_RELOC,,4,6,5,,14.920908833924761,,,
ROBOT_RELOC,,4,6,6,,0.0,,,
ROBOT_RELOC,,4,6,7,,5.087232515044095,,,
ROBOT_RELOC,,4,6,8,,11.30045801577331,,,
ROBOT_RELOC,,4,6,9,,11.686816224946266,,,
ROBOT_RELOC,,4,6,10,,15.168481847056691,,,
ROBOT_RELOC,,4,6,11,,14.756562870600701,,,
ROBOT_RELOC,,4,7,0,,15.934194547514442,,,
ROBOT_RELOC,,4,7,1,,8.017745220770516,,,
ROBOT_RELOC,,4,7,2,,7.48040804980028,,,
ROBOT_RELOC,,4,7,3,,13.612758392174317,,,
ROBOT_RELOC,,4,7,4,,14.36929844077929,,,
ROBOT_RELOC,,4,7,5,,6.673059222109533,,,
ROBOT_RELOC,,4,7,6,,4.3735828099827625,,,
ROBOT_RELOC,,4,7,7,,0.0,,,
ROBOT_RELOC,,4,7,8,,15.027654539521395,,,
ROBOT_RELOC,,4,7,9,,6.507347425668772,,,
ROBOT_RELOC,,4,7,10,,15.674984558996927,,,
ROBOT_RELOC,,4,7,11,,9.127315674521807,,,
ROBOT_RELOC,,4,8,0,,14.53606637350033,,,
ROBOT_RELOC,,4,8,1,,8.645479409939112,,,
ROBOT_RELOC,,4,8,2,,13.296386898157051,,,
ROBOT_RELOC,,4,8,3,,13.721038190347615,,,
ROBOT_RELOC,,4,8,4,,6.022635450428971,,,
ROBOT_RELOC,,4,8,5,,15.461717663425729,,,
ROBOT_RELOC,,4,8,6,,15.542116792207203,,,
ROBOT_RELOC,,4,8,7,,15.731943347640433,,,
ROBOT_RELOC,,4,8,8,,0.0,,,
ROBOT_RELOC,,4,8,9,,10.338906763732787,,,
ROBOT_RELOC,,4,8,10,,9.921158383512964,,,
ROBOT_RELOC,,4,8,11,,11.817684003094751,,,
ROBOT_RELOC,,4,9,0,,15.13705317740543,,,
ROBOT_RELOC,,4,9,1,,11.871059243167766,,,
ROBOT_RELOC,,4,9,2,,10.982405284320077,,,
ROBOT_RELOC,,4,9,3,,9.78167328989349,,,
ROBOT_RELOC,,4,9,4,,11.965089259530007,,,
ROBOT_RELOC,,4,9,5,,13.521986562445017,,,
ROBOT_RELOC,,4,9,6,,14.580140842860812,,,
ROBOT_RELOC,,4,9,7,,7.227766773817343,,,
ROBOT_RELOC,,4,9,8,,15.600265538798059,,,
ROBOT_RELOC,,4,9,9,,0.0,,,
ROBOT_RELOC,,4,9,10,,4.813562287572468,,,
ROBOT_RELOC,,4,9,11,,3.8501829303320743,,,
ROBOT_RELOC,,4,10,0,,12.051408544822301,,,
ROBOT_RELOC,,4,10,1,,11.833244944603237,,,
ROBOT_RELOC,,4,10,2,,8.3256063188346,,,
ROBOT_RELOC,,4,10,3,,14.833704958612435,,,
ROBOT_RELOC,,4,10,4,,7.628158246525302,,,
ROBOT_RELOC,,4,10,5,,15.29308321094749,,,
ROBOT_RELOC,,4,10,6,,6.4646631737002895,,,
ROBOT_RELOC,,4,10,7,,9.337304494325496,,,
ROBOT_RELOC,,4,10,8,,14.94202287499121,,,
ROBOT_RELOC,,4,10,9,,3.8782647662359917,,,
ROBOT_RELOC,,4,10,10,,0.0,,,
ROBOT_RELOC,,4,10,11,,5.065865411764422,,,
ROBOT_RELOC,,4,11,0,,11.854389670192237,,,
ROBOT_RELOC,,4,11,1,,8.959585537106637,,,
ROBOT_RELOC,,4,11,2,,8.20637202456206,,,
ROBOT_RELOC,,4,11,3,,11.397006417996813,,,
ROBOT_RELOC,,4,11,4,,11.954692778496915,,,
ROBOT_RELOC,,4,11,5,,7.258959821372362,,,
ROBOT_RELOC,,4,11,6,,11.4503249255146,,,
ROBOT_RELOC,,4,11,7,,15.216763184070022,,,
ROBOT_RELOC,,4,11,8,,15.711215286004757,,,
ROBOT_RELOC,,4,11,9,,2.3745049401957306,,,
ROBOT_RELOC,,4,11,10,,4.4131957216891085,,,
ROBOT_RELOC,,4,11,11,,0.0,,,
ROBOT_RELOC,,5,0,0,,0.0,,,
ROBOT_RELOC,,5,0,1,,12.808344361355493,,,
ROBOT_RELOC,,5,0,2,,12.57004921642315,,,
ROBOT_RELOC,,5,0,3,,10.899096886078574,,,
ROBOT_RELOC,,5,0,4,,9.389621500335602,,,
ROBOT_RELOC,,5,0,5,,15.656640112278254,,,
ROBOT_RELOC,,5,0,6,,12.27595486580423,,,
ROBOT_RELOC,,5,0,7,,9.747118121329095,,,
ROBOT_RELOC,,5,0,8,,6.242497814597048,,,
ROBOT_RELOC,,5,0,9,,9.54009148828634,,,
ROBOT_RELOC,,5,0,10,,14.196057697584585,,,
ROBOT_RELOC,,5,0,11,,7.5038943217838625,,,
ROBOT_RELOC,,5,1,0,,9.839763157568761,,,
ROBOT_RELOC,,5,1,1,,0.0,,,
ROBOT_RELOC,,5,1,2,,3.755857022757002,,,
ROBOT_RELOC,,5,1,3,,10.968376511149021,,,
ROBOT_RELOC,,5,1,4,,6.447181427372589,,,
ROBOT_RELOC,,5,1,5,,9.03422975697153,,,
ROBOT_RELOC,,5,1,6,,10.391225758305588,,,
ROBOT_RELOC,,5,1,7,,8.758725254988388,,,
ROBOT_RELOC,,5,1,8,,8.997752638920318,,,
ROBOT_RELOC,,5,1,9,,15.814036819240942,,,
ROBOT_RELOC,,5,1,10,,13.849456645575865,,,
ROBOT_RELOC,,5,1,11,,13.00276969920783,,,
ROBOT_RELOC,,5,2,0,,13.5024079977214,,,
ROBOT_RELOC,,5,2,1,,3.2341222941502483,,,
ROBOT_RELOC,,5,2,2,,0.0,,,
ROBOT_RELOC,,5,2,3,,14.428335161094978,,,
ROBOT_RELOC,,5,2,4,,15.792159057321966,,,
ROBOT_RELOC,,5,2,5,,11.456705192597038,,,
ROBOT_RELOC,,5,2,6,,8.502776637428568,,,
ROBOT_RELOC,,5,2,7,,13.018416818500516,,,
ROBOT_RELOC,,5,2,8,,14.601886683691877,,,
ROBOT_RELOC,,5,2,9,,13.560717352725744,,,
ROBOT_RELOC,,5,2,10,,9.246276039158065,,,
ROBOT_RELOC,,5,2,11,,7.1714081124179945,,,
ROBOT_RELOC,,5,3,0,,15.314684546846726,,,
ROBOT_RELOC,,5,3,1,,14.644119868568392,,,
ROBOT_RELOC,,5,3,2,,6.523999420292821,,,
ROBOT_RELOC,,5,3,3,,0.0,,,
ROBOT_RELOC,,5,3,4,,5.30909621499741,,,
ROBOT_RELOC,,5,3,5,,5.276935425012038,,,
ROBOT_RELOC,,5,3,6,,9.637910233476944,,,
ROBOT_RELOC,,5,3,7,,14.50036110727258,,,
ROBOT_RELOC,,5,3,8,,13.38083701230212,,,
ROBOT_RELOC,,5,3,9,,9.477156378626603,,,
ROBOT_RELOC,,5,3,10,,10.85168110236369,,,
ROBOT_RELOC,,5,3,11,,7.081540346472472,,,
ROBOT_RELOC,,5,4,0,,11.633468170970577,,,
ROBOT_RELOC,,5,4,1,,12.954698136049942,,,
ROBOT_RELOC,,5,4,2,,15.63737741905552,,,
ROBOT_RELOC,,5,4,3,,4.982116617420448,,,
ROBOT_RELOC,,5,4,4,,0.0,,,
ROBOT_RELOC,,5,4,5,,5.757283433121625,,,
ROBOT_RELOC,,5,4,6,,8.662402876765388,,,
ROBOT_RELOC,,5,4,7,,8.99670117454216,,,
ROBOT_RELOC,,5,4,8,,12.328584222903178,,,
ROBOT_RELOC,,5,4,9,,13.297387896414117,,,
ROBOT_RELOC,,5,4,10,,7.79263643503745,,,
ROBOT_RELOC,,5,4,11,,11.753369989079339,,,
ROBOT_RELOC,,5,5,0,,6.910680163926688,,,
ROBOT_RELOC,,5,5,1,,11.699467228494385,,,
ROBOT_RELOC,,5,5,2,,13.276637897967406,,,
ROBOT_RELOC,,5,5,3,,3.4293233506143856,,,
ROBOT_RELOC,,5,5,4,,3.7344638465349957,,,
ROBOT_RELOC,,5,5,5,,0.0,,,
ROBOT_RELOC,,5,5,6,,8.37764088892699,,,
ROBOT_RELOC,,5,5,7,,14.33116444591209,,,
ROBOT_RELOC,,5,5,8,,12.71226817786387,,,
ROBOT_RELOC,,5,5,9,,11.483764188967337,,,
ROBOT_RELOC,,5,5,10,,13.70346392978906,,,
ROBOT_RELOC,,5,5,11,,14.067472553615309,,,
ROBOT_RELOC,,5,6,0,,13.943297704272684,,,
ROBOT_RELOC,,5,6,1,,10.877127223357796,,,
ROBOT_RELOC,,5,6,2,,14.515397648631872,,,
ROBOT_RELOC,,5,6,3,,6.617109632842866,,,
ROBOT_RELOC,,5,6,4,,6.880411725223479,,,
ROBOT_RELOC,,5,6,5,,7.276406797560855,,,
ROBOT_RELOC,,5,6,6,,0.0,,,
ROBOT_RELOC,,5,6,7,,3.284842067750888,,,
ROBOT_RELOC,,5,6,8,,6.593443844742115,,,
ROBOT_RELOC,,5,6,9,,6.847278624288412,,,
ROBOT_RELOC,,5,6,10,,14.06537846724924,,,
ROBOT_RELOC,,5,6,11,,6.501380473430605,,,
ROBOT_RELOC,,5,7,0,,8.824608347973584,,,
ROBOT_RELOC,,5,7,1,,10.035365267871024,,,
ROBOT_RELOC,,5,7,2,,9.194425650168125,,,
ROBOT_RELOC,,5,7,3,,15.716110474103726,,,
ROBOT_RELOC,,5,7,4,,13.549509557405548,,,
ROBOT_RELOC,,5,7,5,,9.879913822488533,,,
ROBOT_RELOC,,5,7,6,,4.6423556043287295,,,
ROBOT_RELOC,,5,7,7,,0.0,,,
ROBOT_RELOC,,5,7,8,,12.88563810689132,,,
ROBOT_RELOC,,5,7,9,,7.191512759622787,,,
ROBOT_RELOC,,5,7,10,,8.567929362786938,,,
ROBOT_RELOC,,5,7,11,,7.9057202486027425,,,
ROBOT_RELOC,,5,8,0,,14.794397674516365,,,
ROBOT_RELOC,,5,8,1,,9.17232086485377,,,
ROBOT_RELOC,,5,8,2,,15.894959828682135,,,
ROBOT_RELOC,,5,8,3,,10.906042232353794,,,
ROBOT_RELOC,,5,8,4,,8.227087908696038,,,
ROBOT_RELOC,,5,8,5,,10.874345313230155,,,
ROBOT_RELOC,,5,8,6,,15.099989095128715,,,
ROBOT_RELOC,,5,8,7,,13.446310049521365,,,
ROBOT_RELOC,,5,8,8,,0.0,,,
ROBOT_RELOC,,5,8,9,,8.00469036669769,,,
ROBOT_RELOC,,5,8,10,,10.445935218624243,,,
ROBOT_RELOC,,5,8,11,,7.123327037899671,,,
ROBOT_RELOC,,5,9,0,,9.701379158777163,,,
ROBOT_RELOC,,5,9,1,,11.443630084311703,,,
ROBOT_RELOC,,5,9,2,,8.33369648855544,,,
ROBOT_RELOC,,5,9,3,,6.466668805031954,,,
ROBOT_RELOC,,5,9,4,,9.035688314662096,,,
ROBOT_RELOC,,5,9,5,,10.957289599453397,,,
ROBOT_RELOC,,5,9,6,,13.620443768883902,,,
ROBOT_RELOC,,5,9,7,,13.910504930284771,,,
ROBOT_RELOC,,5,9,8,,11.869212118582386,,,
ROBOT_RELOC,,5,9,9,,0.0,,,
ROBOT_RELOC,,5,9,10,,2.5227610726300473,,,
ROBOT_RELOC,,5,9,11,,3.688963183029378,,,
ROBOT_RELOC,,5,10,0,,14.809550746447677,,,
ROBOT_RELOC,,5,10,1,,6.711029503798949,,,
ROBOT_RELOC,,5,10,2,,6.572666593511595,,,
ROBOT_RELOC,,5,10,3,,10.621852690947254,,,
ROBOT_RELOC,,5,10,4,,13.970456903880805,,,
ROBOT_RELOC,,5,10,5,,15.154722122417008,,,
ROBOT_RELOC,,5,10,6,,7.687479484157837,,,
ROBOT_RELOC,,5,10,7,,11.16467698264912,,,
ROBOT_RELOC,,5,10,8,,9.006299474147669,,,
ROBOT_RELOC,,5,10,9,,5.804669967911149,,,
ROBOT_RELOC,,5,10,10,,0.0,,,
ROBOT_RELOC,,5,10,11,,5.753511944211683,,,
ROBOT_RELOC,,5,11,0,,12.32577907457066,,,
ROBOT_RELOC,,5,11,1,,13.272153583108143,,,
ROBOT_RELOC,,5,11,2,,7.270440252868481,,,
ROBOT_RELOC,,5,11,3,,14.068612319571113,,,
ROBOT_RELOC,,5,11,4,,11.571518914766216,,,
ROBOT_RELOC,,5,11,5,,10.266538437325112,,,
ROBOT_RELOC,,5,11,6,,13.596617439114686,,,
ROBOT_RELOC,,5,11,7,,10.406489431064443,,,
ROBOT_RELOC,,5,11,8,,12.211362343414315,,,
ROBOT_RELOC,,5,11,9,,5.847267313597635,,,
ROBOT_RELOC,,5,11,10,,5.992151877740805,,,
ROBOT_RELOC,,5,11,11,,0.0,,,
ROBOT_RELOC,,6,0,0,,0.0,,,
ROBOT_RELOC,,6,0,1,,13.626728737364594,,,
ROBOT_RELOC,,6,0,2,,10.291934508068127,,,
ROBOT_RELOC,,6,0,3,,13.95229167765614,,,
ROBOT_RELOC,,6,0,4,,9.006792455673585,,,
ROBOT_RELOC,,6,0,5,,12.104878718363583,,,
ROBOT_RELOC,,6,0,6,,12.55697638610415,,,
ROBOT_RELOC,,6,0,7,,9.659366110420645,,,
ROBOT_RELOC,,6,0,8,,12.739132382864316,,,
ROBOT_RELOC,,6,0,9,,15.149718137623822,,,
ROBOT_RELOC,,6,0,10,,10.93563410383951,,,
ROBOT_RELOC,,6,0,11,,7.868530647597396,,,
ROBOT_RELOC,,6,1,0,,7.5005379342125105,,,
ROBOT_RELOC,,6,1,1,,0.0,,,
ROBOT_RELOC,,6,1,2,,2.7727736374119196,,,
ROBOT_RELOC,,6,1,3,,10.107043524654205,,,
ROBOT_RELOC,,6,1,4,,13.478297425471148,,,
ROBOT_RELOC,,6,1,5,,15.46667018483044,,,
ROBOT_RELOC,,6,1,6,,11.437030518911829,,,
ROBOT_RELOC,,6,1,7,,12.752123476999156,,,
ROBOT_RELOC,,6,1,8,,12.41567540971948,,,
ROBOT_RELOC,,6,1,9,,12.702255890057952,,,
ROBOT_RELOC,,6,1,10,,15.569666834558298,,,
ROBOT_RELOC,,6,1,11,,13.656145978866924,,,
ROBOT_RELOC,,6,2,0,,13.903436468821496,,,
ROBOT_RELOC,,6,2,1,,5.896646383954879,,,
ROBOT_RELOC,,6,2,2,,0.0,,,
ROBOT_RELOC,,6,2,3,,12.326232544139758,,,
ROBOT_RELOC,,6,2,4,,8.031066892324192,,,
ROBOT_RELOC,,6,2,5,,7.957636677679073,,,
ROBOT_RELOC,,6,2,6,,6.747584261597078,,,
ROBOT_RELOC,,6,2,7,,15.322997858966472,,,
ROBOT_RELOC,,6,2,8,,12.990382228327071,,,
ROBOT_RELOC,,6,2,9,,13.340974376692612,,,
ROBOT_RELOC,,6,2,10,,13.891718895045003,,,
ROBOT_RELOC,,6,2,11,,14.68179230148069,,,
ROBOT_RELOC,,6,3,0,,10.350312489839743,,,
ROBOT_RELOC,,6,3,1,,14.616876963612505,,,
ROBOT_RELOC,,6,3,2,,6.743870711395955,,,
ROBOT_RELOC,,6,3,3,,0.0,,,
ROBOT_RELOC,,6,3,4,,3.7303280977182443,,,
ROBOT_RELOC,,6,3,5,,4.091147832974528,,,
ROBOT_RELOC,,6,3,6,,6.46425466884264,,,
ROBOT_RELOC,,6,3,7,,15.963457155135432,,,
ROBOT_RELOC,,6,3,8,,9.081035090787282,,,
ROBOT_RELOC,,6,3,9,,11.828464369872181,,,
ROBOT_RELOC,,6,3,10,,8.390906296414718,,,
ROBOT_RELOC,,6,3,11,,10.900173918069544,,,
ROBOT_RELOC,,6,4,0,,9.341259014676972,,,
ROBOT_RELOC,,6,4,1,,6.042951981278162,,,
ROBOT_RELOC,,6,4,2,,12.65400000969912,,,
ROBOT_RELOC,,6,4,3,,2.090368551016006,,,
ROBOT_RELOC,,6,4,4,,0.0,,,
ROBOT_RELOC,,6,4,5,,4.798244053473646,,,
ROBOT_RELOC,,6,4,6,,14.160665773227542,,,
ROBOT_RELOC,,6,4,7,,14.674903345219757,,,
ROBOT_RELOC,,6,4,8,,9.64066232824392,,,
ROBOT_RELOC,,6,4,9,,7.52752909448465,,,
ROBOT_RELOC,,6,4,10,,9.47910013389277,,,
ROBOT_RELOC,,6,4,11,,9.986410355463804,,,
ROBOT_RELOC,,6,5,0,,14.409719281659529,,,
ROBOT_RELOC,,6,5,1,,8.597248477313283,,,
ROBOT_RELOC,,6,5,2,,12.683012693438197,,,
ROBOT_RELOC,,6,5,3,,2.7592153840235607,,,
ROBOT_RELOC,,6,5,4,,5.277877141716406,,,
ROBOT_RELOC,,6,5,5,,0.0,,,
ROBOT_RELOC,,6,5,6,,14.131140291870288,,,
ROBOT_RELOC,,6,5,7,,8.011536163396151,,,
ROBOT_RELOC,,6,5,8,,14.419715007898011,,,
ROBOT_RELOC,,6,5,9,,8.462530262925224,,,
ROBOT_RELOC,,6,5,10,,14.83120984353068,,,
ROBOT_RELOC,,6,5,11,,9.877447598286265,,,
ROBOT_RELOC,,6,6,0,,12.963438479825815,,,
ROBOT_RELOC,,6,6,1,,10.43842832925673,,,
ROBOT_RELOC,,6,6,2,,8.146434366888059,,,
ROBOT_RELOC,,6,6,3,,10.464352669852097,,,
ROBOT_RELOC,,6,6,4,,12.365644033083438,,,
ROBOT_RELOC,,6,6,5,,9.719083637907872,,,
ROBOT_RELOC,,6,6,6,,0.0,,,
ROBOT_RELOC,,6,6,7,,4.86434485063527,,,
ROBOT_RELOC,,6,6,8,,12.059783166335793,,,
ROBOT_RELOC,,6,6,9,,8.330011824744057,,,
ROBOT_RELOC,,6,6,10,,12.94443001689805,,,
ROBOT_RELOC,,6,6,11,,6.433290664052062,,,
ROBOT_RELOC,,6,7,0,,9.806584703831945,,,
ROBOT_RELOC,,6,7,1,,6.241039885790096,,,
ROBOT_RELOC,,6,7,2,,14.47164500372581,,,
ROBOT_RELOC,,6,7,3,,8.40835688279006,,,
ROBOT_RELOC,,6,7,4,,8.891246992387996,,,
ROBOT_RELOC,,6,7,5,,14.068905406774583,,,
ROBOT_RELOC,,6,7,6,,3.555915034471025,,,
ROBOT_RELOC,,6,7,7,,0.0,,,
ROBOT_RELOC,,6,7,8,,9.986267747128714,,,
ROBOT_RELOC,,6,7,9,,9.038158717384942,,,
ROBOT_RELOC,,6,7,10,,8.231577722325504,,,
ROBOT_RELOC,,6,7,11,,9.905292796416038,,,
ROBOT_RELOC,,6,8,0,,10.13284393090185,,,
ROBOT_RELOC,,6,8,1,,15.690760833296109,,,
ROBOT_RELOC,,6,8,2,,6.029456668460977,,,
ROBOT_RELOC,,6,8,3,,10.184981160655378,,,
ROBOT_RELOC,,6,8,4,,8.907042274112879,,,
ROBOT_RELOC,,6,8,5,,9.905605275184868,,,
ROBOT_RELOC,,6,8,6,,14.108930442276517,,,
ROBOT_RELOC,,6,8,7,,7.972543871168485,,,
ROBOT_RELOC,,6,8,8,,0.0,,,
ROBOT_RELOC,,6,8,9,,12.277184123024306,,,
ROBOT_RELOC,,6,8,10,,8.08097838909833,,,
ROBOT_RELOC,,6,8,11,,13.970284344228254,,,
ROBOT_RELOC,,6,9,0,,8.063380390109742,,,
ROBOT_RELOC,,6,9,1,,7.302824030095641,,,
ROBOT_RELOC,,6,9,2,,7.868578498640048,,,
ROBOT_RELOC,,6,9,3,,6.008354605254319,,,
ROBOT_RELOC,,6,9,4,,15.292550663046294,,,
ROBOT_RELOC,,6,9,5,,7.835688335255248,,,
ROBOT_RELOC,,6,9,6,,12.717347870266375,,,
ROBOT_RELOC,,6,9,7,,12.810518392395021,,,
ROBOT_RELOC,,6,9,8,,15.351021145056,,,
ROBOT_RELOC,,6,9,9,,0.0,,,
ROBOT_RELOC,,6,9,10,,5.041142517528829,,,
ROBOT_RELOC,,6,9,11,,5.984572459669782,,,
ROBOT_RELOC,,6,10,0,,12.723077799138103,,,
ROBOT_RELOC,,6,10,1,,15.280982984550581,,,
ROBOT_RELOC,,6,10,2,,7.550947195493158,,,
ROBOT_RELOC,,6,10,3,,15.796671972252325,,,
ROBOT_RELOC,,6,10,4,,8.531788210810168,,,
ROBOT_RELOC,,6,10,5,,15.113521338258966,,,
ROBOT_RELOC,,6,10,6,,6.192989300969196,,,
ROBOT_RELOC,,6,10,7,,11.703429352683347,,,
ROBOT_RELOC,,6,10,8,,15.632650965239765,,,
ROBOT_RELOC,,6,10,9,,4.569483228374423,,,
ROBOT_RELOC,,6,10,10,,0.0,,,
ROBOT_RELOC,,6,10,11,,3.9544745428362154,,,
ROBOT_RELOC,,6,11,0,,13.06109147337467,,,
ROBOT_RELOC,,6,11,1,,10.656886429569862,,,
ROBOT_RELOC,,6,11,2,,8.499527800173855,,,
ROBOT_RELOC,,6,11,3,,7.234730398024816,,,
ROBOT_RELOC,,6,11,4,,7.372505030612573,,,
ROBOT_RELOC,,6,11,5,,8.244119934737672,,,
ROBOT_RELOC,,6,11,6,,15.011795119259999,,,
ROBOT_RELOC,,6,11,7,,11.945235924646905,,,
ROBOT_RELOC,,6,11,8,,10.586467313395923,,,
ROBOT_RELOC,,6,11,9,,4.240908845837748,,,
ROBOT_RELOC,,6,11,10,,3.352530476025417,,,
ROBOT_RELOC,,6,11,11,,0.0,,,
INITIAL_WORKER,,0,0,,,,,,
INITIAL_WORKER,,1,11,,,,,,
INITIAL_WORKER,,2,9,,,,,,
INITIAL_WORKER,,3,4,,,,,,
INITIAL_WORKER,,4,10,,,,,,
INITIAL_WORKER,,5,3,,,,,,
INITIAL_WORKER,,6,5,,,,,,
INITIAL_WORKER,,7,6,,,,,,
INITIAL_ROBOT,,0,2,,,,,,
INITIAL_ROBOT,,1,10,,,,,,
INITIAL_ROBOT,,2,7,,,,,,
INITIAL_ROBOT,,3,11,,,,,,
INITIAL_ROBOT,,4,1,,,,,,
INITIAL_ROBOT,,5,8,,,,,,
INITIAL_ROBOT,,6,0,,,,,,
ORDER,,0,0,2,,0.0,53.577972834461086,,
ORDER,,1,0,1,,1.4682137622223888,53.891357368916886,,
ORDER,,2,0,2,,1.6197201991083277,50.89063740941517,,
ORDER,,3,0,1,,2.4663633356091386,56.65975568415939,,
ORDER,,4,0,1,,17.386637461017333,63.71968512194603,,
ORDER,,5,4,1,,21.042769798194616,85.78591398858356,,
ORDER,,6,0,1,,24.956045310231698,81.58374226352264,,
ORDER,,7,0,1,,31.81952072593302,91.04867543517283,,
ORDER,,8,0,1,,37.6072429362719,86.0342107220032,,
ORDER,,9,4,1,,39.59200847156757,92.67070559320425,,
ORDER,,10,1,1,,58.76846313550162,137.3287559294921,,
ORDER,,11,0,1,,61.27789050096637,119.03085236186206,,
ORDER,,12,0,4,,61.56170782016361,120.75366483961727,,
ORDER,,13,0,2,,62.510969800633674,116.89432249142587,,
ORDER,,14,0,1,,69.78889931855481,120.11715222769612,,
ORDER,,15,0,4,,103.58305197245348,159.2571222690577,,
ORDER,,16,0,1,,126.50393638906297,176.46513983874618,,
ORDER,,17,0,2,,128.43144302702888,178.37560781373978,,
ORDER,,18,0,2,,132.62289711877565,182.8301076092454,,
ORDER,,19,1,1,,133.38841991917138,204.18747453264092,,
ORDER,,20,0,2,,134.67124784864103,188.70652178616902,,
ORDER,,21,0,4,,135.535997606089,184.84820739280963,,
ORDER,,22,0,4,,136.36724219951188,187.66559160743896,,
ORDER,,23,0,1,,142.98874671013124,200.13848868439246,,
ORDER,,24,0,1,,145.73616086656438,203.04826320111565,,
ORDER,,25,4,1,,148.06252394025228,203.42573697118183,,
ORDER,,26,2,1,,161.40699449974096,215.39319657112176,,
ORDER,,27,1,1,,162.77507033954265,242.62488349444249,,
ORDER,,28,1,2,,163.16798968642757,226.31127636877073,,
ORDER,,29,1,1,,163.93730966398343,236.5082720307078,,
ORDER,,30,1,2,,170.03167649261277,238.57311749052388,,
ORDER,,31,1,4,,177.3761634704526,251.01433149377021,,
ORDER,,32,1,1,,181.93915585065093,249.59254167562423,,
ORDER,,33,4,1,,187.3588490609589,242.82066231032962,,
ORDER,,34,1,4,,188.52267010613542,263.883978458736,,
ORDER,,35,1,4,,191.1933159105126,264.2325327595614,,
ORDER,,36,3,4,,195.31741962342414,270.12962528673256,,
ORDER,,37,1,1,,196.5259935541664,272.17626510595994,,
ORDER,,38,0,1,,199.99430448420543,256.1532384920604,,
ORDER,,39,4,2,,201.79457704991788,261.38435004050734,,
ORDER,,40,1,2,,203.98204816131056,270.0790860408606,,
ORDER,,41,1,1,,204.8868966648,278.85812269991095,,
ORDER,,42,4,1,,205.38335758609625,263.3804320673234,,
ORDER,,43,3,4,,208.03534716077624,288.81250022886337,,
ORDER,,44,0,1,,208.68561956123244,256.8840934920701,,
ORDER,,45,3,2,,211.78372061417696,296.78612634449155,,
ORDER,,46,1,2,,216.15607698867348,293.5261703751367,,
ORDER,,47,2,1,,217.85578798367,283.6876568632107,,
ORDER,,48,1,1,,222.7772434663317,293.8915631221991,,
ORDER,,49,1,4,,226.1430989709433,295.00419624227857,,
ORDER,,50,0,2,,229.34203336692258,281.73697129081825,,
ORDER,,51,2,1,,235.46395386458755,296.05469556851006,,
ORDER,,52,1,2,,236.66288854227986,312.7769058529203,,
ORDER,,53,2,1,,262.66112509701304,328.33887209945954,,
ORDER,,54,1,1,,272.46013345920016,340.06600707454544,,
ORDER,,55,2,1,,279.2871967462074,342.27125376197716,,
ORDER,,56,4,1,,285.0858238630728,338.5959452806891,,
ORDER,,57,2,1,,292.9651247072491,359.9468770843628,,
ORDER,,58,0,4,,294.2334393639128,346.0383690314653,,
ORDER,,59,2,1,,295.7145310138997,363.1295296798361,,
ORDER,,60,2,1,,299.3521351381282,366.1305020271501,,
ORDER,,61,0,2,,302.28372638936816,353.0144343732067,,
ORDER,,62,3,2,,305.84362520537894,395.3067542305465,,
ORDER,,63,2,4,,307.2598503742511,360.2547767471926,,
ORDER,,64,2,4,,307.5807842312233,369.9610487065917,,
ORDER,,65,2,1,,311.9279138196578,366.9829493698628,,
ORDER,,66,2,1,,317.9819194483443,373.3533933163259,,
ORDER,,67,3,1,,321.00696245156394,403.9523254589893,,
ORDER,,68,3,2,,321.84902098762035,403.242252985653,,
ORDER,,69,2,2,,326.33164864445814,385.9800311270596,,
ORDER,,70,0,1,,332.98776877815123,387.7390932517194,,
ORDER,,71,2,1,,336.09095443696685,395.245102596069,,
ORDER,,72,2,1,,337.2032440080242,393.8382041886064,,
ORDER,,73,3,1,,343.41781497062715,428.0816492639133,,
ORDER,,74,0,1,,344.7065160481212,396.5160555769406,,
ORDER,,75,2,2,,349.38824240495677,405.7354982626796,,
ORDER,,76,2,4,,354.82639914972003,422.8072672906935,,
ORDER,,77,0,1,,355.63984413421184,401.839772553865,,
ORDER,,78,2,4,,356.00267758834434,417.98462024731987,,
ORDER,,79,2,4,,361.6840515649365,427.268272671427,,
