record_type,key,i,j,k,l,value,value2,value3,text
META,instance_id,,,,,,,,"""sensitivity_L_12_08_06_90_D5_rho080_medium_000_rm2_wsd090_rcd065"""
META,scale,,,,,,,,"""L"""
META,scenario,,,,,,,,"""D5"""
META,generation_seed,,,,,,,,3520986943
META,target_load_ratio,,,,,,,,0.8
META,due_tightness,,,,,,,,"""medium"""
META,worker_skill_density,,,,,,,,0.9
META,robot_capability_density,,,,,,,,0.65
META,relocation_multiplier,,,,,,,,2.0
META,num_stages,,,,,,,,8
META,generation_meta,,,,,,,,"{""paper_vs_implementation"":{""paper_specified"":[""scale ranges"",""70-100% route coverage"",""processing/efficiency/synergy distributions"",""skill/capability density choices"",""D1-D5 qualitative scenario definitions"",""load-ratio choices"",""weight distribution"",""due-date-factor ranges"",""relocation-time ranges"",""load-balance initial configuration with random perturbation""],""implementation_choices"":{""arrival_rate_calibration"":""work_content_over_effective_parallel_servers"",""same_stage_cells_are_adjacent"":true,""initial_configuration_perturbation_rate"":0.15,""scenario_timing_basis"":""order_index_fraction"",""base_product_mix"":""uniform""}},""base_arrival_rate_orders_per_minute"":0.1380707984155227,""effective_parallel_servers_for_load_calibration"":12,""mean_minimum_route_work_minutes"":69.52954650924012,""actual_hr_compatibility_rate_parameter"":0.9095697634372497,""actual_worker_skill_density"":0.890625,""actual_robot_capability_density"":0.625,""instance_parameter_table"":{""scale"":""L"",""M"":12,""S"":8,""R"":6,""J"":90,""H"":8,""V"":6,""parameter_case_id"":""L_12_08_06_90""},""parameter_case_id"":""L_12_08_06_90"",""dimensions"":{""S"":8,""M"":12,""J"":90,""H"":8,""R"":6,""V"":6},""scenario_parameters"":{""timing_basis"":""order_index_fraction"",""base_product_mix"":""uniform"",""d2_sampled_burst_multiplier"":null,""d2_burst_window"":[0.4,0.7],""d3_mix_switch_ratio"":0.5,""d3_dominant_product_sequence"":[0,1],""d4_change_ratios"":[0.33,0.67],""d4_arrival_rate_multipliers"":[1.0,1.75,1.25],""d4_dominant_product_sequence"":[0,1,2],""d5_urgent_index_window"":[40,49],""d5_urgent_arrival_rate_multiplier"":3.0,""d5_urgent_dominant_product"":1,""dominant_product_share"":0.7},""route_stage_coverage"":[0.7,1.0],""min_multi_cell_stage_ratio"":0.3}"
CELL,,0,0,,,,,,
CELL,,1,1,,,,,,
CELL,,2,1,,,,,,
CELL,,3,2,,,,,,
CELL,,4,3,,,,,,
CELL,,5,3,,,,,,
CELL,,6,4,,,,,,
CELL,,7,4,,,,,,
CELL,,8,5,,,,,,
CELL,,9,5,,,,,,
CELL,,10,6,,,,,,
CELL,,11,7,,,,,,
ROUTE,,0,0,0,,,,,
ROUTE,,0,1,1,,,,,
ROUTE,,0,2,2,,,,,
ROUTE,,0,3,3,,,,,
ROUTE,,0,4,4,,,,,
ROUTE,,0,5,5,,,,,
ROUTE,,0,6,6,,,,,
ROUTE,,1,0,0,,,,,
ROUTE,,1,1,1,,,,,
ROUTE,,1,2,2,,,,,
ROUTE,,1,3,3,,,,,
ROUTE,,1,4,4,,,,,
ROUTE,,1,5,6,,,,,
ROUTE,,1,6,7,,,,,
ROUTE,,2,0,0,,,,,
ROUTE,,2,1,1,,,,,
ROUTE,,2,2,2,,,,,
ROUTE,,2,3,3,,,,,
ROUTE,,2,4,4,,,,,
ROUTE,,2,5,6,,,,,
ROUTE,,2,6,7,,,,,
ROUTE,,3,0,0,,,,,
ROUTE,,3,1,1,,,,,
ROUTE,,3,2,2,,,,,
ROUTE,,3,3,3,,,,,
ROUTE,,3,4,4,,,,,
ROUTE,,3,5,5,,,,,
ROUTE,,3,6,6,,,,,
ROUTE,,3,7,7,,,,,
ROUTE,,4,0,0,,,,,
ROUTE,,4,1,1,,,,,
ROUTE,,4,2,2,,,,,
ROUTE,,4,3,3,,,,,
ROUTE,,4,4,4,,,,,
ROUTE,,4,5,5,,,,,
ROUTE,,4,6,6,,,,,
ROUTE,,4,7,7,,,,,
ROUTE,,5,0,0,,,,,
ROUTE,,5,1,1,,,,,
ROUTE,,5,2,2,,,,,
ROUTE,,5,3,4,,,,,
ROUTE,,5,4,5,,,,,
ROUTE,,5,5,7,,,,,
BASE_PROCESS,,0,0,,,8.173920841840008,,,
BASE_PROCESS,,0,1,,,18.49148810681639,,,
BASE_PROCESS,,0,2,,,24.22262241387031,,,
BASE_PROCESS,,0,3,,,9.710076841931828,,,
BASE_PROCESS,,0,4,,,8.940544082228667,,,
BASE_PROCESS,,0,5,,,20.430311953309356,,,
BASE_PROCESS,,0,6,,,18.756420837415796,,,
BASE_PROCESS,,0,7,,,19.940554937620533,,,
BASE_PROCESS,,1,0,,,8.409129364461549,,,
BASE_PROCESS,,1,1,,,10.270347938825338,,,
BASE_PROCESS,,1,2,,,10.292132435056772,,,
BASE_PROCESS,,1,3,,,12.007489685562518,,,
BASE_PROCESS,,1,4,,,18.116773821609485,,,
BASE_PROCESS,,1,5,,,11.373205528946599,,,
BASE_PROCESS,,1,6,,,14.268962440881376,,,
BASE_PROCESS,,1,7,,,18.845178794189053,,,
BASE_PROCESS,,2,0,,,24.848854877497377,,,
BASE_PROCESS,,2,1,,,18.907763102620883,,,
BASE_PROCESS,,2,2,,,15.56162533899847,,,
BASE_PROCESS,,2,3,,,23.646768332061434,,,
BASE_PROCESS,,2,4,,,17.69058687330533,,,
BASE_PROCESS,,2,5,,,15.886849060569324,,,
BASE_PROCESS,,2,6,,,19.541164767317092,,,
BASE_PROCESS,,2,7,,,13.979190709862166,,,
BASE_PROCESS,,3,0,,,18.53169533050682,,,
BASE_PROCESS,,3,1,,,19.900018310415412,,,
BASE_PROCESS,,3,2,,,21.860281691075993,,,
BASE_PROCESS,,3,3,,,22.416145974721047,,,
BASE_PROCESS,,3,4,,,23.321347216227416,,,
BASE_PROCESS,,3,5,,,20.644569946422482,,,
BASE_PROCESS,,3,6,,,22.811384870136322,,,
BASE_PROCESS,,3,7,,,10.716404475804785,,,
BASE_PROCESS,,4,0,,,8.966120649027388,,,
BASE_PROCESS,,4,1,,,22.300708295902286,,,
BASE_PROCESS,,4,2,,,19.449517035986783,,,
BASE_PROCESS,,4,3,,,24.225818937379785,,,
BASE_PROCESS,,4,4,,,14.5548275993517,,,
BASE_PROCESS,,4,5,,,9.121754522264753,,,
BASE_PROCESS,,4,6,,,8.045607392644316,,,
BASE_PROCESS,,4,7,,,14.323836210981552,,,
BASE_PROCESS,,5,0,,,15.726612604551374,,,
BASE_PROCESS,,5,1,,,17.684684018084674,,,
BASE_PROCESS,,5,2,,,24.935632342631234,,,
BASE_PROCESS,,5,3,,,14.460394298674741,,,
BASE_PROCESS,,5,4,,,21.039026394450097,,,
BASE_PROCESS,,5,5,,,12.933230422154358,,,
BASE_PROCESS,,5,6,,,13.957762724550626,,,
BASE_PROCESS,,5,7,,,19.416471900849224,,,
WORKER_SKILL,,0,0,,,1,,,
WORKER_SKILL,,0,1,,,1,,,
WORKER_SKILL,,0,2,,,1,,,
WORKER_SKILL,,0,3,,,1,,,
WORKER_SKILL,,0,4,,,1,,,
WORKER_SKILL,,0,5,,,1,,,
WORKER_SKILL,,0,6,,,1,,,
WORKER_SKILL,,0,7,,,1,,,
WORKER_SKILL,,1,0,,,1,,,
WORKER_SKILL,,1,1,,,1,,,
WORKER_SKILL,,1,2,,,1,,,
WORKER_SKILL,,1,3,,,0,,,
WORKER_SKILL,,1,4,,,1,,,
WORKER_SKILL,,1,5,,,1,,,
WORKER_SKILL,,1,6,,,1,,,
WORKER_SKILL,,1,7,,,1,,,
WORKER_SKILL,,2,0,,,1,,,
WORKER_SKILL,,2,1,,,1,,,
WORKER_SKILL,,2,2,,,1,,,
WORKER_SKILL,,2,3,,,1,,,
WORKER_SKILL,,2,4,,,1,,,
WORKER_SKILL,,2,5,,,1,,,
WORKER_SKILL,,2,6,,,0,,,
WORKER_SKILL,,2,7,,,0,,,
WORKER_SKILL,,3,0,,,1,,,
WORKER_SKILL,,3,1,,,1,,,
WORKER_SKILL,,3,2,,,1,,,
WORKER_SKILL,,3,3,,,1,,,
WORKER_SKILL,,3,4,,,1,,,
WORKER_SKILL,,3,5,,,1,,,
WORKER_SKILL,,3,6,,,1,,,
WORKER_SKILL,,3,7,,,1,,,
WORKER_SKILL,,4,0,,,1,,,
WORKER_SKILL,,4,1,,,1,,,
WORKER_SKILL,,4,2,,,1,,,
WORKER_SKILL,,4,3,,,1,,,
WORKER_SKILL,,4,4,,,0,,,
WORKER_SKILL,,4,5,,,1,,,
WORKER_SKILL,,4,6,,,0,,,
WORKER_SKILL,,4,7,,,1,,,
WORKER_SKILL,,5,0,,,1,,,
WORKER_SKILL,,5,1,,,1,,,
WORKER_SKILL,,5,2,,,1,,,
WORKER_SKILL,,5,3,,,1,,,
WORKER_SKILL,,5,4,,,1,,,
WORKER_SKILL,,5,5,,,1,,,
WORKER_SKILL,,5,6,,,0,,,
WORKER_SKILL,,5,7,,,1,,,
WORKER_SKILL,,6,0,,,1,,,
WORKER_SKILL,,6,1,,,1,,,
WORKER_SKILL,,6,2,,,1,,,
WORKER_SKILL,,6,3,,,1,,,
WORKER_SKILL,,6,4,,,1,,,
WORKER_SKILL,,6,5,,,0,,,
WORKER_SKILL,,6,6,,,1,,,
WORKER_SKILL,,6,7,,,1,,,
WORKER_SKILL,,7,0,,,1,,,
WORKER_SKILL,,7,1,,,1,,,
WORKER_SKILL,,7,2,,,1,,,
WORKER_SKILL,,7,3,,,1,,,
WORKER_SKILL,,7,4,,,1,,,
WORKER_SKILL,,7,5,,,1,,,
WORKER_SKILL,,7,6,,,1,,,
WORKER_SKILL,,7,7,,,1,,,
WORKER_EFF,,0,0,,,1.1114312341095167,,,
WORKER_EFF,,0,1,,,0.90379730525554,,,
WORKER_EFF,,0,2,,,0.8559466345527484,,,
WORKER_EFF,,0,3,,,0.8041916117008651,,,
WORKER_EFF,,0,4,,,0.9166005396042263,,,
WORKER_EFF,,0,5,,,1.1722697811926537,,,
WORKER_EFF,,0,6,,,1.1826346655529156,,,
WORKER_EFF,,0,7,,,1.1896916557795914,,,
WORKER_EFF,,1,0,,,0.90364306069906,,,
WORKER_EFF,,1,1,,,1.1614644424403786,,,
WORKER_EFF,,1,2,,,0.8655817953109741,,,
WORKER_EFF,,1,3,,,0.9036264503692265,,,
WORKER_EFF,,1,4,,,0.9090610242987258,,,
WORKER_EFF,,1,5,,,1.129443365222228,,,
WORKER_EFF,,1,6,,,1.058058705385052,,,
WORKER_EFF,,1,7,,,1.0454466439822367,,,
WORKER_EFF,,2,0,,,1.0609053263425805,,,
WORKER_EFF,,2,1,,,1.1264040745149266,,,
WORKER_EFF,,2,2,,,1.070470097510873,,,
WORKER_EFF,,2,3,,,1.1105141217150227,,,
WORKER_EFF,,2,4,,,0.8952457056160983,,,
WORKER_EFF,,2,5,,,1.0770833531387152,,,
WORKER_EFF,,2,6,,,1.103749220437875,,,
WORKER_EFF,,2,7,,,0.9702396529365093,,,
WORKER_EFF,,3,0,,,1.1280782240893654,,,
WORKER_EFF,,3,1,,,1.0425031882818527,,,
WORKER_EFF,,3,2,,,0.9135453619961614,,,
WORKER_EFF,,3,3,,,0.8988747011092977,,,
WORKER_EFF,,3,4,,,1.0628145279337224,,,
WORKER_EFF,,3,5,,,0.987915862800251,,,
WORKER_EFF,,3,6,,,1.1218877145808488,,,
WORKER_EFF,,3,7,,,0.822671217382992,,,
WORKER_EFF,,4,0,,,1.0508769376761036,,,
WORKER_EFF,,4,1,,,0.8750593969346867,,,
WORKER_EFF,,4,2,,,0.8349474399088985,,,
WORKER_EFF,,4,3,,,0.8786397859508707,,,
WORKER_EFF,,4,4,,,1.0116399489100683,,,
WORKER_EFF,,4,5,,,0.9426925000699544,,,
WORKER_EFF,,4,6,,,0.9368828297155488,,,
WORKER_EFF,,4,7,,,1.1023084033772053,,,
WORKER_EFF,,5,0,,,1.0429796867892636,,,
WORKER_EFF,,5,1,,,0.9573016477580458,,,
WORKER_EFF,,5,2,,,1.1377562777446601,,,
WORKER_EFF,,5,3,,,0.9467761543332027,,,
WORKER_EFF,,5,4,,,0.9848270949077053,,,
WORKER_EFF,,5,5,,,0.825052210965058,,,
WORKER_EFF,,5,6,,,0.8279403257273327,,,
WORKER_EFF,,5,7,,,1.1121686605594823,,,
WORKER_EFF,,6,0,,,1.0407142908327198,,,
WORKER_EFF,,6,1,,,0.867347990487673,,,
WORKER_EFF,,6,2,,,0.9353014572736162,,,
WORKER_EFF,,6,3,,,1.0433166470468076,,,
WORKER_EFF,,6,4,,,1.1265200094580334,,,
WORKER_EFF,,6,5,,,1.172484495590425,,,
WORKER_EFF,,6,6,,,0.9850176035186164,,,
WORKER_EFF,,6,7,,,0.8711635510994316,,,
WORKER_EFF,,7,0,,,0.8168601989316476,,,
WORKER_EFF,,7,1,,,0.9374155873062053,,,
WORKER_EFF,,7,2,,,0.9656096118946227,,,
WORKER_EFF,,7,3,,,0.8900220875712836,,,
WORKER_EFF,,7,4,,,0.8964621504896961,,,
WORKER_EFF,,7,5,,,1.156794933020652,,,
WORKER_EFF,,7,6,,,1.0236342116297188,,,
WORKER_EFF,,7,7,,,1.0166071262805223,,,
ROBOT_CAP,,0,0,,,0,,,
ROBOT_CAP,,0,1,,,1,,,
ROBOT_CAP,,0,2,,,0,,,
ROBOT_CAP,,0,3,,,1,,,
ROBOT_CAP,,0,4,,,1,,,
ROBOT_CAP,,0,5,,,0,,,
ROBOT_CAP,,0,6,,,1,,,
ROBOT_CAP,,0,7,,,0,,,
ROBOT_CAP,,1,0,,,0,,,
ROBOT_CAP,,1,1,,,1,,,
ROBOT_CAP,,1,2,,,0,,,
ROBOT_CAP,,1,3,,,1,,,
ROBOT_CAP,,1,4,,,0,,,
ROBOT_CAP,,1,5,,,0,,,
ROBOT_CAP,,1,6,,,0,,,
ROBOT_CAP,,1,7,,,1,,,
ROBOT_CAP,,2,0,,,0,,,
ROBOT_CAP,,2,1,,,0,,,
ROBOT_CAP,,2,2,,,1,,,
ROBOT_CAP,,2,3,,,1,,,
ROBOT_CAP,,2,4,,,1,,,
ROBOT_CAP,,2,5,,,1,,,
ROBOT_CAP,,2,6,,,1,,,
ROBOT_CAP,,2,7,,,1,,,
ROBOT_CAP,,3,0,,,1,,,
ROBOT_CAP,,3,1,,,1,,,
ROBOT_CAP,,3,2,,,1,,,
ROBOT_CAP,,3,3,,,1,,,
ROBOT_CAP,,3,4,,,0,,,
ROBOT_CAP,,3,5,,,1,,,
ROBOT_CAP,,3,6,,,1,,,
ROBOT_CAP,,3,7,,,1,,,
ROBOT_CAP,,4,0,,,1,,,
ROBOT_CAP,,4,1,,,1,,,
ROBOT_CAP,,4,2,,,1,,,
ROBOT_CAP,,4,3,,,1,,,
ROBOT_CAP,,4,4,,,0,,,
ROBOT_CAP,,4,5,,,1,,,
ROBOT_CAP,,4,6,,,1,,,
ROBOT_CAP,,4,7,,,1,,,
ROBOT_CAP,,5,0,,,1,,,
ROBOT_CAP,,5,1,,,0,,,
ROBOT_CAP,,5,2,,,1,,,
ROBOT_CAP,,5,3,,,1,,,
ROBOT_CAP,,5,4,,,0,,,
ROBOT_CAP,,5,5,,,0,,,
ROBOT_CAP,,5,6,,,0,,,
ROBOT_CAP,,5,7,,,0,,,
ROBOT_EFF,,0,0,,,0.8519037645443386,,,
ROBOT_EFF,,0,1,,,1.090086867986472,,,
ROBOT_EFF,,0,2,,,0.9190572932638552,,,
ROBOT_EFF,,0,3,,,0.9846063844980677,,,
ROBOT_EFF,,0,4,,,0.9453244965952438,,,
ROBOT_EFF,,0,5,,,0.989449637512953,,,
ROBOT_EFF,,0,6,,,1.2180310723819412,,,
ROBOT_EFF,,0,7,,,1.1087946480675264,,,
ROBOT_EFF,,1,0,,,1.1667183298662334,,,
ROBOT_EFF,,1,1,,,1.048524152191009,,,
ROBOT_EFF,,1,2,,,1.2603662856581264,,,
ROBOT_EFF,,1,3,,,1.2027914862634401,,,
ROBOT_EFF,,1,4,,,1.0338706684651464,,,
ROBOT_EFF,,1,5,,,1.2965065282731094,,,
ROBOT_EFF,,1,6,,,1.0537024449912584,,,
ROBOT_EFF,,1,7,,,0.9569463189276677,,,
ROBOT_EFF,,2,0,,,0.9376551603414034,,,
ROBOT_EFF,,2,1,,,1.0422430529943414,,,
ROBOT_EFF,,2,2,,,1.1595609890663046,,,
ROBOT_EFF,,2,3,,,1.0844508145827663,,,
ROBOT_EFF,,2,4,,,0.9143612916191521,,,
ROBOT_EFF,,2,5,,,1.14534012326203,,,
ROBOT_EFF,,2,6,,,1.1651726979047363,,,
ROBOT_EFF,,2,7,,,1.1906104234681973,,,
ROBOT_EFF,,3,0,,,0.8896759152693052,,,
ROBOT_EFF,,3,1,,,1.2576642461098122,,,
ROBOT_EFF,,3,2,,,1.037719338319087,,,
ROBOT_EFF,,3,3,,,1.1312160837515897,,,
ROBOT_EFF,,3,4,,,1.2056046981835014,,,
ROBOT_EFF,,3,5,,,1.0806722496499035,,,
ROBOT_EFF,,3,6,,,1.0563374582972767,,,
ROBOT_EFF,,3,7,,,1.2635116446491959,,,
ROBOT_EFF,,4,0,,,1.1268481413662113,,,
ROBOT_EFF,,4,1,,,1.1051995348786756,,,
ROBOT_EFF,,4,2,,,1.0675831379932679,,,
ROBOT_EFF,,4,3,,,1.187451190225196,,,
ROBOT_EFF,,4,4,,,1.2617303026354443,,,
ROBOT_EFF,,4,5,,,1.2917666090652404,,,
ROBOT_EFF,,4,6,,,1.175158547221006,,,
ROBOT_EFF,,4,7,,,1.2840386850065346,,,
ROBOT_EFF,,5,0,,,1.2229504862864973,,,
ROBOT_EFF,,5,1,,,1.2322217440352534,,,
ROBOT_EFF,,5,2,,,1.179820495395842,,,
ROBOT_EFF,,5,3,,,0.9658549340690034,,,
ROBOT_EFF,,5,4,,,1.0387538466723063,,,
ROBOT_EFF,,5,5,,,1.2962357343882962,,,
ROBOT_EFF,,5,6,,,0.9658080714951344,,,
ROBOT_EFF,,5,7,,,0.9363756593594788,,,
HR_COMPAT,,0,0,0,,0,,,
HR_SYNERGY,,0,0,0,,0.6504235305165866,,,
HR_COMPAT,,0,0,1,,1,,,
HR_SYNERGY,,0,0,1,,0.875829142368254,,,
HR_COMPAT,,0,0,2,,0,,,
HR_SYNERGY,,0,0,2,,0.8368753302721198,,,
HR_COMPAT,,0,0,3,,1,,,
HR_SYNERGY,,0,0,3,,0.725448167158498,,,
HR_COMPAT,,0,0,4,,1,,,
HR_SYNERGY,,0,0,4,,0.711944023592669,,,
HR_COMPAT,,0,0,5,,0,,,
HR_SYNERGY,,0,0,5,,0.740428956092712,,,
HR_COMPAT,,0,0,6,,1,,,
HR_SYNERGY,,0,0,6,,0.7879116157940107,,,
HR_COMPAT,,0,0,7,,0,,,
HR_SYNERGY,,0,0,7,,0.8263671685771863,,,
HR_COMPAT,,0,1,0,,0,,,
HR_SYNERGY,,0,1,0,,0.7603680093119388,,,
HR_COMPAT,,0,1,1,,1,,,
HR_SYNERGY,,0,1,1,,0.7293781848875759,,,
HR_COMPAT,,0,1,2,,0,,,
HR_SYNERGY,,0,1,2,,0.7335742967407666,,,
HR_COMPAT,,0,1,3,,1,,,
HR_SYNERGY,,0,1,3,,0.8509882870561868,,,
HR_COMPAT,,0,1,4,,0,,,
HR_SYNERGY,,0,1,4,,0.6756853459163676,,,
HR_COMPAT,,0,1,5,,0,,,
HR_SYNERGY,,0,1,5,,0.8041690800561606,,,
HR_COMPAT,,0,1,6,,0,,,
HR_SYNERGY,,0,1,6,,0.768934574297302,,,
HR_COMPAT,,0,1,7,,1,,,
HR_SYNERGY,,0,1,7,,0.6922794960266814,,,
HR_COMPAT,,0,2,0,,0,,,
HR_SYNERGY,,0,2,0,,0.7094417371669428,,,
HR_COMPAT,,0,2,1,,0,,,
HR_SYNERGY,,0,2,1,,0.8658512764679519,,,
HR_COMPAT,,0,2,2,,1,,,
HR_SYNERGY,,0,2,2,,0.7537449142793757,,,
HR_COMPAT,,0,2,3,,1,,,
HR_SYNERGY,,0,2,3,,0.7771670843277081,,,
HR_COMPAT,,0,2,4,,1,,,
HR_SYNERGY,,0,2,4,,0.7594366414347871,,,
HR_COMPAT,,0,2,5,,1,,,
HR_SYNERGY,,0,2,5,,0.6866823301060998,,,
HR_COMPAT,,0,2,6,,0,,,
HR_SYNERGY,,0,2,6,,0.826408649079035,,,
HR_COMPAT,,0,2,7,,1,,,
HR_SYNERGY,,0,2,7,,0.7130480601120871,,,
HR_COMPAT,,0,3,0,,0,,,
HR_SYNERGY,,0,3,0,,0.8657481266666198,,,
HR_COMPAT,,0,3,1,,1,,,
HR_SYNERGY,,0,3,1,,0.6711584558041744,,,
HR_COMPAT,,0,3,2,,1,,,
HR_SYNERGY,,0,3,2,,0.8979406781738036,,,
HR_COMPAT,,0,3,3,,0,,,
HR_SYNERGY,,0,3,3,,0.8043661614026671,,,
HR_COMPAT,,0,3,4,,0,,,
HR_SYNERGY,,0,3,4,,0.7726541570028906,,,
HR_COMPAT,,0,3,5,,1,,,
HR_SYNERGY,,0,3,5,,0.7518897290041581,,,
HR_COMPAT,,0,3,6,,1,,,
HR_SYNERGY,,0,3,6,,0.8717294240593292,,,
HR_COMPAT,,0,3,7,,1,,,
HR_SYNERGY,,0,3,7,,0.838019110227696,,,
HR_COMPAT,,0,4,0,,1,,,
HR_SYNERGY,,0,4,0,,0.7604547683349997,,,
HR_COMPAT,,0,4,1,,1,,,
HR_SYNERGY,,0,4,1,,0.8000961479221251,,,
HR_COMPAT,,0,4,2,,1,,,
HR_SYNERGY,,0,4,2,,0.8613807222103247,,,
HR_COMPAT,,0,4,3,,1,,,
HR_SYNERGY,,0,4,3,,0.658528142052615,,,
HR_COMPAT,,0,4,4,,0,,,
HR_SYNERGY,,0,4,4,,0.70624721173035,,,
HR_COMPAT,,0,4,5,,1,,,
HR_SYNERGY,,0,4,5,,0.7826669803976876,,,
HR_COMPAT,,0,4,6,,1,,,
HR_SYNERGY,,0,4,6,,0.8078720681382074,,,
HR_COMPAT,,0,4,7,,1,,,
HR_SYNERGY,,0,4,7,,0.6822709426172707,,,
HR_COMPAT,,0,5,0,,1,,,
HR_SYNERGY,,0,5,0,,0.7827658317505151,,,
HR_COMPAT,,0,5,1,,0,,,
HR_SYNERGY,,0,5,1,,0.6886361734579419,,,
HR_COMPAT,,0,5,2,,0,,,
HR_SYNERGY,,0,5,2,,0.8094976241517527,,,
HR_COMPAT,,0,5,3,,1,,,
HR_SYNERGY,,0,5,3,,0.7841943265092159,,,
HR_COMPAT,,0,5,4,,0,,,
HR_SYNERGY,,0,5,4,,0.6622877549888116,,,
HR_COMPAT,,0,5,5,,0,,,
HR_SYNERGY,,0,5,5,,0.8450673353998028,,,
HR_COMPAT,,0,5,6,,0,,,
HR_SYNERGY,,0,5,6,,0.7407826829995419,,,
HR_COMPAT,,0,5,7,,0,,,
HR_SYNERGY,,0,5,7,,0.6791930410799657,,,
HR_COMPAT,,1,0,0,,0,,,
HR_SYNERGY,,1,0,0,,0.7994860455484674,,,
HR_COMPAT,,1,0,1,,1,,,
HR_SYNERGY,,1,0,1,,0.8743724615111803,,,
HR_COMPAT,,1,0,2,,0,,,
HR_SYNERGY,,1,0,2,,0.8422160219057583,,,
HR_COMPAT,,1,0,3,,0,,,
HR_SYNERGY,,1,0,3,,0.6757993193671934,,,
HR_COMPAT,,1,0,4,,1,,,
HR_SYNERGY,,1,0,4,,0.7651979519331247,,,
HR_COMPAT,,1,0,5,,0,,,
HR_SYNERGY,,1,0,5,,0.8770486365563059,,,
HR_COMPAT,,1,0,6,,1,,,
HR_SYNERGY,,1,0,6,,0.8202279604285292,,,
HR_COMPAT,,1,0,7,,0,,,
HR_SYNERGY,,1,0,7,,0.7070687497907152,,,
HR_COMPAT,,1,1,0,,0,,,
HR_SYNERGY,,1,1,0,,0.8578740367632599,,,
HR_COMPAT,,1,1,1,,1,,,
HR_SYNERGY,,1,1,1,,0.6881764724079464,,,
HR_COMPAT,,1,1,2,,0,,,
HR_SYNERGY,,1,1,2,,0.8967832192551313,,,
HR_COMPAT,,1,1,3,,0,,,
HR_SYNERGY,,1,1,3,,0.6870472767364155,,,
HR_COMPAT,,1,1,4,,0,,,
HR_SYNERGY,,1,1,4,,0.6637823879626449,,,
HR_COMPAT,,1,1,5,,0,,,
HR_SYNERGY,,1,1,5,,0.6634040775475045,,,
HR_COMPAT,,1,1,6,,0,,,
HR_SYNERGY,,1,1,6,,0.7475608219147813,,,
HR_COMPAT,,1,1,7,,1,,,
HR_SYNERGY,,1,1,7,,0.7562921261043665,,,
HR_COMPAT,,1,2,0,,0,,,
HR_SYNERGY,,1,2,0,,0.8445878269894638,,,
HR_COMPAT,,1,2,1,,0,,,
HR_SYNERGY,,1,2,1,,0.7378437956565973,,,
HR_COMPAT,,1,2,2,,1,,,
HR_SYNERGY,,1,2,2,,0.6810648760963248,,,
HR_COMPAT,,1,2,3,,0,,,
HR_SYNERGY,,1,2,3,,0.8295217918835652,,,
HR_COMPAT,,1,2,4,,1,,,
HR_SYNERGY,,1,2,4,,0.774587070552898,,,
HR_COMPAT,,1,2,5,,1,,,
HR_SYNERGY,,1,2,5,,0.8347021846365662,,,
HR_COMPAT,,1,2,6,,1,,,
HR_SYNERGY,,1,2,6,,0.844793935272354,,,
HR_COMPAT,,1,2,7,,1,,,
HR_SYNERGY,,1,2,7,,0.7288737402959333,,,
HR_COMPAT,,1,3,0,,0,,,
HR_SYNERGY,,1,3,0,,0.6500054084397666,,,
HR_COMPAT,,1,3,1,,1,,,
HR_SYNERGY,,1,3,1,,0.761674166213091,,,
HR_COMPAT,,1,3,2,,0,,,
HR_SYNERGY,,1,3,2,,0.8613379262438278,,,
HR_COMPAT,,1,3,3,,0,,,
HR_SYNERGY,,1,3,3,,0.690486371412738,,,
HR_COMPAT,,1,3,4,,0,,,
HR_SYNERGY,,1,3,4,,0.7316911923039601,,,
HR_COMPAT,,1,3,5,,1,,,
HR_SYNERGY,,1,3,5,,0.8038418399219972,,,
HR_COMPAT,,1,3,6,,1,,,
HR_SYNERGY,,1,3,6,,0.7905854276393344,,,
HR_COMPAT,,1,3,7,,1,,,
HR_SYNERGY,,1,3,7,,0.8206659408156698,,,
HR_COMPAT,,1,4,0,,0,,,
HR_SYNERGY,,1,4,0,,0.8421190084784429,,,
HR_COMPAT,,1,4,1,,1,,,
HR_SYNERGY,,1,4,1,,0.8041069391234912,,,
HR_COMPAT,,1,4,2,,1,,,
HR_SYNERGY,,1,4,2,,0.708862498135793,,,
HR_COMPAT,,1,4,3,,0,,,
HR_SYNERGY,,1,4,3,,0.8742084464994462,,,
HR_COMPAT,,1,4,4,,0,,,
HR_SYNERGY,,1,4,4,,0.807084349601892,,,
HR_COMPAT,,1,4,5,,1,,,
HR_SYNERGY,,1,4,5,,0.7574203410713166,,,
HR_COMPAT,,1,4,6,,1,,,
HR_SYNERGY,,1,4,6,,0.6976796975571207,,,
HR_COMPAT,,1,4,7,,1,,,
HR_SYNERGY,,1,4,7,,0.8405118944749838,,,
HR_COMPAT,,1,5,0,,1,,,
HR_SYNERGY,,1,5,0,,0.7526782749197466,,,
HR_COMPAT,,1,5,1,,0,,,
HR_SYNERGY,,1,5,1,,0.6876954225643814,,,
HR_COMPAT,,1,5,2,,1,,,
HR_SYNERGY,,1,5,2,,0.7339832428385771,,,
HR_COMPAT,,1,5,3,,0,,,
HR_SYNERGY,,1,5,3,,0.7355309157348947,,,
HR_COMPAT,,1,5,4,,0,,,
HR_SYNERGY,,1,5,4,,0.8302860117511823,,,
HR_COMPAT,,1,5,5,,0,,,
HR_SYNERGY,,1,5,5,,0.8008248191500464,,,
HR_COMPAT,,1,5,6,,0,,,
HR_SYNERGY,,1,5,6,,0.6684850190344529,,,
HR_COMPAT,,1,5,7,,0,,,
HR_SYNERGY,,1,5,7,,0.7750025583351028,,,
HR_COMPAT,,2,0,0,,0,,,
HR_SYNERGY,,2,0,0,,0.7772515231545873,,,
HR_COMPAT,,2,0,1,,1,,,
HR_SYNERGY,,2,0,1,,0.7907278651224111,,,
HR_COMPAT,,2,0,2,,0,,,
HR_SYNERGY,,2,0,2,,0.6931217524871918,,,
HR_COMPAT,,2,0,3,,1,,,
HR_SYNERGY,,2,0,3,,0.7583297824289753,,,
HR_COMPAT,,2,0,4,,1,,,
HR_SYNERGY,,2,0,4,,0.8319311603900712,,,
HR_COMPAT,,2,0,5,,0,,,
HR_SYNERGY,,2,0,5,,0.8996653294462567,,,
HR_COMPAT,,2,0,6,,0,,,
HR_SYNERGY,,2,0,6,,0.7484576711545007,,,
HR_COMPAT,,2,0,7,,0,,,
HR_SYNERGY,,2,0,7,,0.8805991960661919,,,
HR_COMPAT,,2,1,0,,0,,,
HR_SYNERGY,,2,1,0,,0.823814749555954,,,
HR_COMPAT,,2,1,1,,1,,,
HR_SYNERGY,,2,1,1,,0.8224387713410667,,,
HR_COMPAT,,2,1,2,,0,,,
HR_SYNERGY,,2,1,2,,0.8706234298088419,,,
HR_COMPAT,,2,1,3,,1,,,
HR_SYNERGY,,2,1,3,,0.7004866304153874,,,
HR_COMPAT,,2,1,4,,0,,,
HR_SYNERGY,,2,1,4,,0.857291273017716,,,
HR_COMPAT,,2,1,5,,0,,,
HR_SYNERGY,,2,1,5,,0.808015747996019,,,
HR_COMPAT,,2,1,6,,0,,,
HR_SYNERGY,,2,1,6,,0.8184363308453704,,,
HR_COMPAT,,2,1,7,,0,,,
HR_SYNERGY,,2,1,7,,0.6806216306890835,,,
HR_COMPAT,,2,2,0,,0,,,
HR_SYNERGY,,2,2,0,,0.6580040088575975,,,
HR_COMPAT,,2,2,1,,0,,,
HR_SYNERGY,,2,2,1,,0.7625249866024457,,,
HR_COMPAT,,2,2,2,,1,,,
HR_SYNERGY,,2,2,2,,0.8582861832134173,,,
HR_COMPAT,,2,2,3,,1,,,
HR_SYNERGY,,2,2,3,,0.866309678331536,,,
HR_COMPAT,,2,2,4,,1,,,
HR_SYNERGY,,2,2,4,,0.6984259167615627,,,
HR_COMPAT,,2,2,5,,1,,,
HR_SYNERGY,,2,2,5,,0.7129140584128448,,,
HR_COMPAT,,2,2,6,,0,,,
HR_SYNERGY,,2,2,6,,0.776015141856935,,,
HR_COMPAT,,2,2,7,,0,,,
HR_SYNERGY,,2,2,7,,0.7431160433475631,,,
HR_COMPAT,,2,3,0,,1,,,
HR_SYNERGY,,2,3,0,,0.68720911332149,,,
HR_COMPAT,,2,3,1,,1,,,
HR_SYNERGY,,2,3,1,,0.8098516082708197,,,
HR_COMPAT,,2,3,2,,0,,,
HR_SYNERGY,,2,3,2,,0.7452987599460704,,,
HR_COMPAT,,2,3,3,,1,,,
HR_SYNERGY,,2,3,3,,0.7309424586270034,,,
HR_COMPAT,,2,3,4,,0,,,
HR_SYNERGY,,2,3,4,,0.7779396162014965,,,
HR_COMPAT,,2,3,5,,1,,,
HR_SYNERGY,,2,3,5,,0.8941902606221733,,,
HR_COMPAT,,2,3,6,,0,,,
HR_SYNERGY,,2,3,6,,0.6576629721519218,,,
HR_COMPAT,,2,3,7,,0,,,
HR_SYNERGY,,2,3,7,,0.8977427765148727,,,
HR_COMPAT,,2,4,0,,1,,,
HR_SYNERGY,,2,4,0,,0.6936894714657043,,,
HR_COMPAT,,2,4,1,,1,,,
HR_SYNERGY,,2,4,1,,0.6652716956916311,,,
HR_COMPAT,,2,4,2,,1,,,
HR_SYNERGY,,2,4,2,,0.8847490019468301,,,
HR_COMPAT,,2,4,3,,1,,,
HR_SYNERGY,,2,4,3,,0.8312747665726625,,,
HR_COMPAT,,2,4,4,,0,,,
HR_SYNERGY,,2,4,4,,0.8664461026525083,,,
HR_COMPAT,,2,4,5,,1,,,
HR_SYNERGY,,2,4,5,,0.6886960436220472,,,
HR_COMPAT,,2,4,6,,0,,,
HR_SYNERGY,,2,4,6,,0.6846762897945431,,,
HR_COMPAT,,2,4,7,,0,,,
HR_SYNERGY,,2,4,7,,0.7355707070053681,,,
HR_COMPAT,,2,5,0,,1,,,
HR_SYNERGY,,2,5,0,,0.8305554507185323,,,
HR_COMPAT,,2,5,1,,0,,,
HR_SYNERGY,,2,5,1,,0.7061316888953144,,,
HR_COMPAT,,2,5,2,,1,,,
HR_SYNERGY,,2,5,2,,0.7723905795422941,,,
HR_COMPAT,,2,5,3,,1,,,
HR_SYNERGY,,2,5,3,,0.8433580924577406,,,
HR_COMPAT,,2,5,4,,0,,,
HR_SYNERGY,,2,5,4,,0.795906489120535,,,
HR_COMPAT,,2,5,5,,0,,,
HR_SYNERGY,,2,5,5,,0.7523655110546906,,,
HR_COMPAT,,2,5,6,,0,,,
HR_SYNERGY,,2,5,6,,0.8233194172267744,,,
HR_COMPAT,,2,5,7,,0,,,
HR_SYNERGY,,2,5,7,,0.7342578454553981,,,
HR_COMPAT,,3,0,0,,0,,,
HR_SYNERGY,,3,0,0,,0.7190150722854105,,,
HR_COMPAT,,3,0,1,,1,,,
HR_SYNERGY,,3,0,1,,0.7313906871300192,,,
HR_COMPAT,,3,0,2,,0,,,
HR_SYNERGY,,3,0,2,,0.7304891063089645,,,
HR_COMPAT,,3,0,3,,1,,,
HR_SYNERGY,,3,0,3,,0.684741371780933,,,
HR_COMPAT,,3,0,4,,1,,,
HR_SYNERGY,,3,0,4,,0.7682413526996901,,,
HR_COMPAT,,3,0,5,,0,,,
HR_SYNERGY,,3,0,5,,0.6891365510223469,,,
HR_COMPAT,,3,0,6,,1,,,
HR_SYNERGY,,3,0,6,,0.8951447686828868,,,
HR_COMPAT,,3,0,7,,0,,,
HR_SYNERGY,,3,0,7,,0.8759133103453043,,,
HR_COMPAT,,3,1,0,,0,,,
HR_SYNERGY,,3,1,0,,0.680646005440684,,,
HR_COMPAT,,3,1,1,,1,,,
HR_SYNERGY,,3,1,1,,0.8492422808041933,,,
HR_COMPAT,,3,1,2,,0,,,
HR_SYNERGY,,3,1,2,,0.8191731463978618,,,
HR_COMPAT,,3,1,3,,1,,,
HR_SYNERGY,,3,1,3,,0.8134525609495825,,,
HR_COMPAT,,3,1,4,,0,,,
HR_SYNERGY,,3,1,4,,0.8532923057182307,,,
HR_COMPAT,,3,1,5,,0,,,
HR_SYNERGY,,3,1,5,,0.7183041808017525,,,
HR_COMPAT,,3,1,6,,0,,,
HR_SYNERGY,,3,1,6,,0.72044906600359,,,
HR_COMPAT,,3,1,7,,1,,,
HR_SYNERGY,,3,1,7,,0.6625690828392085,,,
HR_COMPAT,,3,2,0,,0,,,
HR_SYNERGY,,3,2,0,,0.885252839884906,,,
HR_COMPAT,,3,2,1,,0,,,
HR_SYNERGY,,3,2,1,,0.7516675828658281,,,
HR_COMPAT,,3,2,2,,1,,,
HR_SYNERGY,,3,2,2,,0.7045495588227888,,,
HR_COMPAT,,3,2,3,,1,,,
HR_SYNERGY,,3,2,3,,0.6947003151507376,,,
HR_COMPAT,,3,2,4,,1,,,
HR_SYNERGY,,3,2,4,,0.8517948722888609,,,
HR_COMPAT,,3,2,5,,1,,,
HR_SYNERGY,,3,2,5,,0.8121577645227203,,,
HR_COMPAT,,3,2,6,,1,,,
HR_SYNERGY,,3,2,6,,0.8482671680874936,,,
HR_COMPAT,,3,2,7,,1,,,
HR_SYNERGY,,3,2,7,,0.7282430351003696,,,
HR_COMPAT,,3,3,0,,1,,,
HR_SYNERGY,,3,3,0,,0.7309991330428118,,,
HR_COMPAT,,3,3,1,,0,,,
HR_SYNERGY,,3,3,1,,0.6756729483614883,,,
HR_COMPAT,,3,3,2,,1,,,
HR_SYNERGY,,3,3,2,,0.7947565951120135,,,
HR_COMPAT,,3,3,3,,1,,,
HR_SYNERGY,,3,3,3,,0.7207297920090437,,,
HR_COMPAT,,3,3,4,,0,,,
HR_SYNERGY,,3,3,4,,0.8722135808665363,,,
HR_COMPAT,,3,3,5,,1,,,
HR_SYNERGY,,3,3,5,,0.7073086932458469,,,
HR_COMPAT,,3,3,6,,1,,,
HR_SYNERGY,,3,3,6,,0.8107936189870315,,,
HR_COMPAT,,3,3,7,,1,,,
HR_SYNERGY,,3,3,7,,0.6710896268346311,,,
HR_COMPAT,,3,4,0,,0,,,
HR_SYNERGY,,3,4,0,,0.7798845621139936,,,
HR_COMPAT,,3,4,1,,1,,,
HR_SYNERGY,,3,4,1,,0.7547011360165568,,,
HR_COMPAT,,3,4,2,,0,,,
HR_SYNERGY,,3,4,2,,0.6628535476624992,,,
HR_COMPAT,,3,4,3,,1,,,
HR_SYNERGY,,3,4,3,,0.6521450224169494,,,
HR_COMPAT,,3,4,4,,0,,,
HR_SYNERGY,,3,4,4,,0.8437306797626174,,,
HR_COMPAT,,3,4,5,,1,,,
HR_SYNERGY,,3,4,5,,0.808738652292083,,,
HR_COMPAT,,3,4,6,,1,,,
HR_SYNERGY,,3,4,6,,0.8809527185683699,,,
HR_COMPAT,,3,4,7,,1,,,
HR_SYNERGY,,3,4,7,,0.8651902091081991,,,
HR_COMPAT,,3,5,0,,0,,,
HR_SYNERGY,,3,5,0,,0.8031111005733351,,,
HR_COMPAT,,3,5,1,,0,,,
HR_SYNERGY,,3,5,1,,0.8147206272275205,,,
HR_COMPAT,,3,5,2,,1,,,
HR_SYNERGY,,3,5,2,,0.7088496035911765,,,
HR_COMPAT,,3,5,3,,1,,,
HR_SYNERGY,,3,5,3,,0.7699928811398361,,,
HR_COMPAT,,3,5,4,,0,,,
HR_SYNERGY,,3,5,4,,0.8114212114276342,,,
HR_COMPAT,,3,5,5,,0,,,
HR_SYNERGY,,3,5,5,,0.8671607377221737,,,
HR_COMPAT,,3,5,6,,0,,,
HR_SYNERGY,,3,5,6,,0.7136211743818703,,,
HR_COMPAT,,3,5,7,,0,,,
HR_SYNERGY,,3,5,7,,0.8105454752599395,,,
HR_COMPAT,,4,0,0,,0,,,
HR_SYNERGY,,4,0,0,,0.8534346928863448,,,
HR_COMPAT,,4,0,1,,1,,,
HR_SYNERGY,,4,0,1,,0.8307122510668479,,,
HR_COMPAT,,4,0,2,,0,,,
HR_SYNERGY,,4,0,2,,0.7762767710485028,,,
HR_COMPAT,,4,0,3,,1,,,
HR_SYNERGY,,4,0,3,,0.7497884375728503,,,
HR_COMPAT,,4,0,4,,0,,,
HR_SYNERGY,,4,0,4,,0.8828487082514678,,,
HR_COMPAT,,4,0,5,,0,,,
HR_SYNERGY,,4,0,5,,0.6879168320883366,,,
HR_COMPAT,,4,0,6,,0,,,
HR_SYNERGY,,4,0,6,,0.8195314534330358,,,
HR_COMPAT,,4,0,7,,0,,,
HR_SYNERGY,,4,0,7,,0.7615057717413514,,,
HR_COMPAT,,4,1,0,,0,,,
HR_SYNERGY,,4,1,0,,0.8496057498470213,,,
HR_COMPAT,,4,1,1,,1,,,
HR_SYNERGY,,4,1,1,,0.8225867454909008,,,
HR_COMPAT,,4,1,2,,0,,,
HR_SYNERGY,,4,1,2,,0.8528612947451054,,,
HR_COMPAT,,4,1,3,,1,,,
HR_SYNERGY,,4,1,3,,0.7788775344828501,,,
HR_COMPAT,,4,1,4,,0,,,
HR_SYNERGY,,4,1,4,,0.6954996430486242,,,
HR_COMPAT,,4,1,5,,0,,,
HR_SYNERGY,,4,1,5,,0.7841039832253859,,,
HR_COMPAT,,4,1,6,,0,,,
HR_SYNERGY,,4,1,6,,0.8401359816225342,,,
HR_COMPAT,,4,1,7,,1,,,
HR_SYNERGY,,4,1,7,,0.6644276244534809,,,
HR_COMPAT,,4,2,0,,0,,,
HR_SYNERGY,,4,2,0,,0.854419517862628,,,
HR_COMPAT,,4,2,1,,0,,,
HR_SYNERGY,,4,2,1,,0.7091488754642571,,,
HR_COMPAT,,4,2,2,,1,,,
HR_SYNERGY,,4,2,2,,0.8675108138858538,,,
HR_COMPAT,,4,2,3,,1,,,
HR_SYNERGY,,4,2,3,,0.8109950399324727,,,
HR_COMPAT,,4,2,4,,0,,,
HR_SYNERGY,,4,2,4,,0.8598397122653556,,,
HR_COMPAT,,4,2,5,,1,,,
HR_SYNERGY,,4,2,5,,0.8277002870730807,,,
HR_COMPAT,,4,2,6,,0,,,
HR_SYNERGY,,4,2,6,,0.806130823373496,,,
HR_COMPAT,,4,2,7,,1,,,
HR_SYNERGY,,4,2,7,,0.7672756854934336,,,
HR_COMPAT,,4,3,0,,1,,,
HR_SYNERGY,,4,3,0,,0.7855283431904984,,,
HR_COMPAT,,4,3,1,,1,,,
HR_SYNERGY,,4,3,1,,0.7670354166369164,,,
HR_COMPAT,,4,3,2,,0,,,
HR_SYNERGY,,4,3,2,,0.7417292377122255,,,
HR_COMPAT,,4,3,3,,1,,,
HR_SYNERGY,,4,3,3,,0.7583899643802904,,,
HR_COMPAT,,4,3,4,,0,,,
HR_SYNERGY,,4,3,4,,0.8207040629768996,,,
HR_COMPAT,,4,3,5,,1,,,
HR_SYNERGY,,4,3,5,,0.8455105571580703,,,
HR_COMPAT,,4,3,6,,0,,,
HR_SYNERGY,,4,3,6,,0.884792410673321,,,
HR_COMPAT,,4,3,7,,1,,,
HR_SYNERGY,,4,3,7,,0.8329264910242558,,,
HR_COMPAT,,4,4,0,,1,,,
HR_SYNERGY,,4,4,0,,0.6930308599067889,,,
HR_COMPAT,,4,4,1,,1,,,
HR_SYNERGY,,4,4,1,,0.6822683374404828,,,
HR_COMPAT,,4,4,2,,0,,,
HR_SYNERGY,,4,4,2,,0.7794616110446237,,,
HR_COMPAT,,4,4,3,,1,,,
HR_SYNERGY,,4,4,3,,0.802242831383006,,,
HR_COMPAT,,4,4,4,,0,,,
HR_SYNERGY,,4,4,4,,0.8143042944971755,,,
HR_COMPAT,,4,4,5,,1,,,
HR_SYNERGY,,4,4,5,,0.7321800675600673,,,
HR_COMPAT,,4,4,6,,0,,,
HR_SYNERGY,,4,4,6,,0.7829908073367131,,,
HR_COMPAT,,4,4,7,,1,,,
HR_SYNERGY,,4,4,7,,0.7724410764382122,,,
HR_COMPAT,,4,5,0,,1,,,
HR_SYNERGY,,4,5,0,,0.8271292717899005,,,
HR_COMPAT,,4,5,1,,0,,,
HR_SYNERGY,,4,5,1,,0.6818797808002826,,,
HR_COMPAT,,4,5,2,,1,,,
HR_SYNERGY,,4,5,2,,0.7737107654705093,,,
HR_COMPAT,,4,5,3,,1,,,
HR_SYNERGY,,4,5,3,,0.7752763124812273,,,
HR_COMPAT,,4,5,4,,0,,,
HR_SYNERGY,,4,5,4,,0.7215020099989133,,,
HR_COMPAT,,4,5,5,,0,,,
HR_SYNERGY,,4,5,5,,0.7118638727714431,,,
HR_COMPAT,,4,5,6,,0,,,
HR_SYNERGY,,4,5,6,,0.7286067873299644,,,
HR_COMPAT,,4,5,7,,0,,,
HR_SYNERGY,,4,5,7,,0.7241903494926576,,,
HR_COMPAT,,5,0,0,,0,,,
HR_SYNERGY,,5,0,0,,0.7938351735548204,,,
HR_COMPAT,,5,0,1,,0,,,
HR_SYNERGY,,5,0,1,,0.6963441395028592,,,
HR_COMPAT,,5,0,2,,0,,,
HR_SYNERGY,,5,0,2,,0.7897551103546474,,,
HR_COMPAT,,5,0,3,,1,,,
HR_SYNERGY,,5,0,3,,0.7669339232161742,,,
HR_COMPAT,,5,0,4,,1,,,
HR_SYNERGY,,5,0,4,,0.8438640611232388,,,
HR_COMPAT,,5,0,5,,0,,,
HR_SYNERGY,,5,0,5,,0.8137246830076603,,,
HR_COMPAT,,5,0,6,,0,,,
HR_SYNERGY,,5,0,6,,0.6591139210367251,,,
HR_COMPAT,,5,0,7,,0,,,
HR_SYNERGY,,5,0,7,,0.8143317908867854,,,
HR_COMPAT,,5,1,0,,0,,,
HR_SYNERGY,,5,1,0,,0.8276998757953055,,,
HR_COMPAT,,5,1,1,,1,,,
HR_SYNERGY,,5,1,1,,0.6815904086744671,,,
HR_COMPAT,,5,1,2,,0,,,
HR_SYNERGY,,5,1,2,,0.8277379965590403,,,
HR_COMPAT,,5,1,3,,1,,,
HR_SYNERGY,,5,1,3,,0.7340738869299318,,,
HR_COMPAT,,5,1,4,,0,,,
HR_SYNERGY,,5,1,4,,0.8355037311448961,,,
HR_COMPAT,,5,1,5,,0,,,
HR_SYNERGY,,5,1,5,,0.7211144023603178,,,
HR_COMPAT,,5,1,6,,0,,,
HR_SYNERGY,,5,1,6,,0.8626960091413501,,,
HR_COMPAT,,5,1,7,,0,,,
HR_SYNERGY,,5,1,7,,0.7245033876984216,,,
HR_COMPAT,,5,2,0,,0,,,
HR_SYNERGY,,5,2,0,,0.8071598246376419,,,
HR_COMPAT,,5,2,1,,0,,,
HR_SYNERGY,,5,2,1,,0.7962411062991397,,,
HR_COMPAT,,5,2,2,,1,,,
HR_SYNERGY,,5,2,2,,0.7661958323307007,,,
HR_COMPAT,,5,2,3,,1,,,
HR_SYNERGY,,5,2,3,,0.8629656757462092,,,
HR_COMPAT,,5,2,4,,1,,,
HR_SYNERGY,,5,2,4,,0.8146346755853047,,,
HR_COMPAT,,5,2,5,,1,,,
HR_SYNERGY,,5,2,5,,0.7303539906634717,,,
HR_COMPAT,,5,2,6,,0,,,
HR_SYNERGY,,5,2,6,,0.86192133184534,,,
HR_COMPAT,,5,2,7,,1,,,
HR_SYNERGY,,5,2,7,,0.6563547665222885,,,
HR_COMPAT,,5,3,0,,1,,,
HR_SYNERGY,,5,3,0,,0.729640666371822,,,
HR_COMPAT,,5,3,1,,1,,,
HR_SYNERGY,,5,3,1,,0.6744254639442703,,,
HR_COMPAT,,5,3,2,,0,,,
HR_SYNERGY,,5,3,2,,0.7705177277006511,,,
HR_COMPAT,,5,3,3,,1,,,
HR_SYNERGY,,5,3,3,,0.6537964253514748,,,
HR_COMPAT,,5,3,4,,0,,,
HR_SYNERGY,,5,3,4,,0.7616036963159702,,,
HR_COMPAT,,5,3,5,,0,,,
HR_SYNERGY,,5,3,5,,0.7909830687788131,,,
HR_COMPAT,,5,3,6,,0,,,
HR_SYNERGY,,5,3,6,,0.7067752907942064,,,
HR_COMPAT,,5,3,7,,1,,,
HR_SYNERGY,,5,3,7,,0.7553261616998991,,,
HR_COMPAT,,5,4,0,,1,,,
HR_SYNERGY,,5,4,0,,0.6655034091104612,,,
HR_COMPAT,,5,4,1,,1,,,
HR_SYNERGY,,5,4,1,,0.7694499724843326,,,
HR_COMPAT,,5,4,2,,1,,,
HR_SYNERGY,,5,4,2,,0.8449509835084579,,,
HR_COMPAT,,5,4,3,,1,,,
HR_SYNERGY,,5,4,3,,0.7144493533832288,,,
HR_COMPAT,,5,4,4,,0,,,
HR_SYNERGY,,5,4,4,,0.8618312853785517,,,
HR_COMPAT,,5,4,5,,1,,,
HR_SYNERGY,,5,4,5,,0.8861832170577529,,,
HR_COMPAT,,5,4,6,,0,,,
HR_SYNERGY,,5,4,6,,0.8366789784710893,,,
HR_COMPAT,,5,4,7,,1,,,
HR_SYNERGY,,5,4,7,,0.6575013761394957,,,
HR_COMPAT,,5,5,0,,1,,,
HR_SYNERGY,,5,5,0,,0.816324083847658,,,
HR_COMPAT,,5,5,1,,0,,,
HR_SYNERGY,,5,5,1,,0.7453137088353226,,,
HR_COMPAT,,5,5,2,,1,,,
HR_SYNERGY,,5,5,2,,0.6689699576868899,,,
HR_COMPAT,,5,5,3,,1,,,
HR_SYNERGY,,5,5,3,,0.8627984725146707,,,
HR_COMPAT,,5,5,4,,0,,,
HR_SYNERGY,,5,5,4,,0.6573485267089737,,,
HR_COMPAT,,5,5,5,,0,,,
HR_SYNERGY,,5,5,5,,0.7010579969300873,,,
HR_COMPAT,,5,5,6,,0,,,
HR_SYNERGY,,5,5,6,,0.7384746416210768,,,
HR_COMPAT,,5,5,7,,0,,,
HR_SYNERGY,,5,5,7,,0.74442775802583,,,
HR_COMPAT,,6,0,0,,0,,,
HR_SYNERGY,,6,0,0,,0.6833672624455309,,,
HR_COMPAT,,6,0,1,,1,,,
HR_SYNERGY,,6,0,1,,0.7906323002573903,,,
HR_COMPAT,,6,0,2,,0,,,
HR_SYNERGY,,6,0,2,,0.8624156831704541,,,
HR_COMPAT,,6,0,3,,0,,,
HR_SYNERGY,,6,0,3,,0.8191338760863089,,,
HR_COMPAT,,6,0,4,,0,,,
HR_SYNERGY,,6,0,4,,0.8048477981163618,,,
HR_COMPAT,,6,0,5,,0,,,
HR_SYNERGY,,6,0,5,,0.8496124230245505,,,
HR_COMPAT,,6,0,6,,1,,,
HR_SYNERGY,,6,0,6,,0.7630546710349606,,,
HR_COMPAT,,6,0,7,,0,,,
HR_SYNERGY,,6,0,7,,0.672210998817248,,,
HR_COMPAT,,6,1,0,,0,,,
HR_SYNERGY,,6,1,0,,0.8030797823144158,,,
HR_COMPAT,,6,1,1,,0,,,
HR_SYNERGY,,6,1,1,,0.8156735700115131,,,
HR_COMPAT,,6,1,2,,0,,,
HR_SYNERGY,,6,1,2,,0.864020178840847,,,
HR_COMPAT,,6,1,3,,0,,,
HR_SYNERGY,,6,1,3,,0.862794942442929,,,
HR_COMPAT,,6,1,4,,0,,,
HR_SYNERGY,,6,1,4,,0.7829442087500609,,,
HR_COMPAT,,6,1,5,,0,,,
HR_SYNERGY,,6,1,5,,0.8483183928003097,,,
HR_COMPAT,,6,1,6,,0,,,
HR_SYNERGY,,6,1,6,,0.8615603501557897,,,
HR_COMPAT,,6,1,7,,1,,,
HR_SYNERGY,,6,1,7,,0.8110556370457256,,,
HR_COMPAT,,6,2,0,,0,,,
HR_SYNERGY,,6,2,0,,0.7985359486097727,,,
HR_COMPAT,,6,2,1,,0,,,
HR_SYNERGY,,6,2,1,,0.7244032048297301,,,
HR_COMPAT,,6,2,2,,1,,,
HR_SYNERGY,,6,2,2,,0.8004961410827394,,,
HR_COMPAT,,6,2,3,,1,,,
HR_SYNERGY,,6,2,3,,0.7471843882431066,,,
HR_COMPAT,,6,2,4,,1,,,
HR_SYNERGY,,6,2,4,,0.7891631376552516,,,
HR_COMPAT,,6,2,5,,0,,,
HR_SYNERGY,,6,2,5,,0.7041690135781036,,,
HR_COMPAT,,6,2,6,,1,,,
HR_SYNERGY,,6,2,6,,0.6761747878809374,,,
HR_COMPAT,,6,2,7,,1,,,
HR_SYNERGY,,6,2,7,,0.7721429350598286,,,
HR_COMPAT,,6,3,0,,1,,,
HR_SYNERGY,,6,3,0,,0.6843766217619792,,,
HR_COMPAT,,6,3,1,,1,,,
HR_SYNERGY,,6,3,1,,0.766788232044513,,,
HR_COMPAT,,6,3,2,,1,,,
HR_SYNERGY,,6,3,2,,0.8863338543948216,,,
HR_COMPAT,,6,3,3,,1,,,
HR_SYNERGY,,6,3,3,,0.7946697038651747,,,
HR_COMPAT,,6,3,4,,0,,,
HR_SYNERGY,,6,3,4,,0.731230471725976,,,
HR_COMPAT,,6,3,5,,0,,,
HR_SYNERGY,,6,3,5,,0.8460116451643348,,,
HR_COMPAT,,6,3,6,,1,,,
HR_SYNERGY,,6,3,6,,0.7560934278543974,,,
HR_COMPAT,,6,3,7,,1,,,
HR_SYNERGY,,6,3,7,,0.8631771377051879,,,
HR_COMPAT,,6,4,0,,1,,,
HR_SYNERGY,,6,4,0,,0.882206729202274,,,
HR_COMPAT,,6,4,1,,1,,,
HR_SYNERGY,,6,4,1,,0.8299761693986795,,,
HR_COMPAT,,6,4,2,,1,,,
HR_SYNERGY,,6,4,2,,0.8944701500503681,,,
HR_COMPAT,,6,4,3,,1,,,
HR_SYNERGY,,6,4,3,,0.7307396719541699,,,
HR_COMPAT,,6,4,4,,0,,,
HR_SYNERGY,,6,4,4,,0.8854046572602549,,,
HR_COMPAT,,6,4,5,,0,,,
HR_SYNERGY,,6,4,5,,0.7282396638842906,,,
HR_COMPAT,,6,4,6,,1,,,
HR_SYNERGY,,6,4,6,,0.8563217835598851,,,
HR_COMPAT,,6,4,7,,1,,,
HR_SYNERGY,,6,4,7,,0.7611656260575408,,,
HR_COMPAT,,6,5,0,,0,,,
HR_SYNERGY,,6,5,0,,0.8516394224258025,,,
HR_COMPAT,,6,5,1,,0,,,
HR_SYNERGY,,6,5,1,,0.8116914804617705,,,
HR_COMPAT,,6,5,2,,1,,,
HR_SYNERGY,,6,5,2,,0.659196420270909,,,
HR_COMPAT,,6,5,3,,1,,,
HR_SYNERGY,,6,5,3,,0.714842909590385,,,
HR_COMPAT,,6,5,4,,0,,,
HR_SYNERGY,,6,5,4,,0.8010674539114587,,,
HR_COMPAT,,6,5,5,,0,,,
HR_SYNERGY,,6,5,5,,0.87836818934845,,,
HR_COMPAT,,6,5,6,,0,,,
HR_SYNERGY,,6,5,6,,0.6850758259168153,,,
HR_COMPAT,,6,5,7,,0,,,
HR_SYNERGY,,6,5,7,,0.8661197456398384,,,
HR_COMPAT,,7,0,0,,0,,,
HR_SYNERGY,,7,0,0,,0.7524165571204479,,,
HR_COMPAT,,7,0,1,,1,,,
HR_SYNERGY,,7,0,1,,0.7639913487078034,,,
HR_COMPAT,,7,0,2,,0,,,
HR_SYNERGY,,7,0,2,,0.7230515881559914,,,
HR_COMPAT,,7,0,3,,1,,,
HR_SYNERGY,,7,0,3,,0.6739492992410084,,,
HR_COMPAT,,7,0,4,,1,,,
HR_SYNERGY,,7,0,4,,0.7371074471185247,,,
HR_COMPAT,,7,0,5,,0,,,
HR_SYNERGY,,7,0,5,,0.7914360770033817,,,
HR_COMPAT,,7,0,6,,1,,,
HR_SYNERGY,,7,0,6,,0.7309613759991053,,,
HR_COMPAT,,7,0,7,,0,,,
HR_SYNERGY,,7,0,7,,0.7773105482457618,,,
HR_COMPAT,,7,1,0,,0,,,
HR_SYNERGY,,7,1,0,,0.884559381986615,,,
HR_COMPAT,,7,1,1,,1,,,
HR_SYNERGY,,7,1,1,,0.8286521594393604,,,
HR_COMPAT,,7,1,2,,0,,,
HR_SYNERGY,,7,1,2,,0.8964412520806859,,,
HR_COMPAT,,7,1,3,,1,,,
HR_SYNERGY,,7,1,3,,0.8035294969532256,,,
HR_COMPAT,,7,1,4,,0,,,
HR_SYNERGY,,7,1,4,,0.6873165179905283,,,
HR_COMPAT,,7,1,5,,0,,,
HR_SYNERGY,,7,1,5,,0.864658230785204,,,
HR_COMPAT,,7,1,6,,0,,,
HR_SYNERGY,,7,1,6,,0.864041808111651,,,
HR_COMPAT,,7,1,7,,1,,,
HR_SYNERGY,,7,1,7,,0.780874609427727,,,
HR_COMPAT,,7,2,0,,0,,,
HR_SYNERGY,,7,2,0,,0.8719192022285484,,,
HR_COMPAT,,7,2,1,,0,,,
HR_SYNERGY,,7,2,1,,0.769804169042544,,,
HR_COMPAT,,7,2,2,,1,,,
HR_SYNERGY,,7,2,2,,0.8764819662336693,,,
HR_COMPAT,,7,2,3,,1,,,
HR_SYNERGY,,7,2,3,,0.6527284154356696,,,
HR_COMPAT,,7,2,4,,0,,,
HR_SYNERGY,,7,2,4,,0.6658270174324854,,,
HR_COMPAT,,7,2,5,,1,,,
HR_SYNERGY,,7,2,5,,0.8069609851108523,,,
HR_COMPAT,,7,2,6,,1,,,
HR_SYNERGY,,7,2,6,,0.8138903738830534,,,
HR_COMPAT,,7,2,7,,1,,,
HR_SYNERGY,,7,2,7,,0.6666682503891673,,,
HR_COMPAT,,7,3,0,,1,,,
HR_SYNERGY,,7,3,0,,0.8585605765896266,,,
HR_COMPAT,,7,3,1,,1,,,
HR_SYNERGY,,7,3,1,,0.764877352372605,,,
HR_COMPAT,,7,3,2,,1,,,
HR_SYNERGY,,7,3,2,,0.7292405159535535,,,
HR_COMPAT,,7,3,3,,1,,,
HR_SYNERGY,,7,3,3,,0.7341959290008231,,,
HR_COMPAT,,7,3,4,,0,,,
HR_SYNERGY,,7,3,4,,0.7426887060423376,,,
HR_COMPAT,,7,3,5,,1,,,
HR_SYNERGY,,7,3,5,,0.6604295067375455,,,
HR_COMPAT,,7,3,6,,1,,,
HR_SYNERGY,,7,3,6,,0.7136559475770266,,,
HR_COMPAT,,7,3,7,,1,,,
HR_SYNERGY,,7,3,7,,0.7534792989799157,,,
HR_COMPAT,,7,4,0,,1,,,
HR_SYNERGY,,7,4,0,,0.6829118661240919,,,
HR_COMPAT,,7,4,1,,1,,,
HR_SYNERGY,,7,4,1,,0.7345519135617058,,,
HR_COMPAT,,7,4,2,,1,,,
HR_SYNERGY,,7,4,2,,0.8714935868057725,,,
HR_COMPAT,,7,4,3,,0,,,
HR_SYNERGY,,7,4,3,,0.8209610556747382,,,
HR_COMPAT,,7,4,4,,0,,,
HR_SYNERGY,,7,4,4,,0.6554838594043145,,,
HR_COMPAT,,7,4,5,,1,,,
HR_SYNERGY,,7,4,5,,0.8781286140924214,,,
HR_COMPAT,,7,4,6,,1,,,
HR_SYNERGY,,7,4,6,,0.7352149042275598,,,
HR_COMPAT,,7,4,7,,1,,,
HR_SYNERGY,,7,4,7,,0.7773964312234722,,,
HR_COMPAT,,7,5,0,,0,,,
HR_SYNERGY,,7,5,0,,0.7632188112177463,,,
HR_COMPAT,,7,5,1,,0,,,
HR_SYNERGY,,7,5,1,,0.8236366966128503,,,
HR_COMPAT,,7,5,2,,1,,,
HR_SYNERGY,,7,5,2,,0.7304581987632343,,,
HR_COMPAT,,7,5,3,,1,,,
HR_SYNERGY,,7,5,3,,0.7700237824361126,,,
HR_COMPAT,,7,5,4,,0,,,
HR_SYNERGY,,7,5,4,,0.8918045036014611,,,
HR_COMPAT,,7,5,5,,0,,,
HR_SYNERGY,,7,5,5,,0.881382331959775,,,
HR_COMPAT,,7,5,6,,0,,,
HR_SYNERGY,,7,5,6,,0.8921687190081398,,,
HR_COMPAT,,7,5,7,,0,,,
HR_SYNERGY,,7,5,7,,0.7162557515433606,,,
WORKER_RELOC,,0,0,0,,0.0,,,
WORKER_RELOC,,0,0,1,,6.710255049939117,,,
WORKER_RELOC,,0,0,2,,15.409993625471865,,,
WORKER_RELOC,,0,0,3,,7.058583497855551,,,
WORKER_RELOC,,0,0,4,,10.507178989807956,,,
WORKER_RELOC,,0,0,5,,11.097705653243255,,,
WORKER_RELOC,,0,0,6,,8.567065188094734,,,
WORKER_RELOC,,0,0,7,,8.066728598517289,,,
WORKER_RELOC,,0,0,8,,9.142445353104248,,,
WORKER_RELOC,,0,0,9,,8.299576835727244,,,
WORKER_RELOC,,0,0,10,,13.920766917920577,,,
WORKER_RELOC,,0,0,11,,9.064261160652318,,,
WORKER_RELOC,,0,1,0,,9.997153586573093,,,
WORKER_RELOC,,0,1,1,,0.0,,,
WORKER_RELOC,,0,1,2,,2.0085806324989286,,,
WORKER_RELOC,,0,1,3,,8.939570484274283,,,
WORKER_RELOC,,0,1,4,,7.9609239935434,,,
WORKER_RELOC,,0,1,5,,7.220355612758475,,,
WORKER_RELOC,,0,1,6,,14.217230396806269,,,
WORKER_RELOC,,0,1,7,,11.249294563474578,,,
WORKER_RELOC,,0,1,8,,13.411873303275673,,,
WORKER_RELOC,,0,1,9,,15.168397022164434,,,
WORKER_RELOC,,0,1,10,,7.6116561847168365,,,
WORKER_RELOC,,0,1,11,,15.215144284900674,,,
WORKER_RELOC,,0,2,0,,8.024219821937399,,,
WORKER_RELOC,,0,2,1,,2.1108634024152884,,,
WORKER_RELOC,,0,2,2,,0.0,,,
WORKER_RELOC,,0,2,3,,8.203922133630645,,,
WORKER_RELOC,,0,2,4,,6.897352254355576,,,
WORKER_RELOC,,0,2,5,,9.066809932158034,,,
WORKER_RELOC,,0,2,6,,7.80682734786779,,,
WORKER_RELOC,,0,2,7,,14.985269856783887,,,
WORKER_RELOC,,0,2,8,,13.404911325666745,,,
WORKER_RELOC,,0,2,9,,12.097920787008958,,,
WORKER_RELOC,,0,2,10,,8.875247789616441,,,
WORKER_RELOC,,0,2,11,,15.975410012918807,,,
WORKER_RELOC,,0,3,0,,10.390360738559274,,,
WORKER_RELOC,,0,3,1,,12.230285869067316,,,
WORKER_RELOC,,0,3,2,,6.9355510950334445,,,
WORKER_RELOC,,0,3,3,,0.0,,,
WORKER_RELOC,,0,3,4,,7.230733379465062,,,
WORKER_RELOC,,0,3,5,,15.227835007427455,,,
WORKER_RELOC,,0,3,6,,13.487155545749074,,,
WORKER_RELOC,,0,3,7,,11.455699448247879,,,
WORKER_RELOC,,0,3,8,,10.535298785638076,,,
WORKER_RELOC,,0,3,9,,12.157209690633717,,,
WORKER_RELOC,,0,3,10,,12.917117466513261,,,
WORKER_RELOC,,0,3,11,,8.418063958321149,,,
WORKER_RELOC,,0,4,0,,6.550987807916038,,,
WORKER_RELOC,,0,4,1,,9.457389738954074,,,
WORKER_RELOC,,0,4,2,,8.906559454829555,,,
WORKER_RELOC,,0,4,3,,6.198596724754666,,,
WORKER_RELOC,,0,4,4,,0.0,,,
WORKER_RELOC,,0,4,5,,5.209124933670481,,,
WORKER_RELOC,,0,4,6,,10.695473570654993,,,
WORKER_RELOC,,0,4,7,,9.707572230930086,,,
WORKER_RELOC,,0,4,8,,10.62465959626888,,,
WORKER_RELOC,,0,4,9,,13.76863920918814,,,
WORKER_RELOC,,0,4,10,,10.927767245359354,,,
WORKER_RELOC,,0,4,11,,10.762961210054964,,,
WORKER_RELOC,,0,5,0,,14.898273649059186,,,
WORKER_RELOC,,0,5,1,,15.192788175826195,,,
WORKER_RELOC,,0,5,2,,14.153628948267729,,,
WORKER_RELOC,,0,5,3,,9.834667655861413,,,
WORKER_RELOC,,0,5,4,,5.660744695844434,,,
WORKER_RELOC,,0,5,5,,0.0,,,
WORKER_RELOC,,0,5,6,,11.592623094000288,,,
WORKER_RELOC,,0,5,7,,15.437103097079099,,,
WORKER_RELOC,,0,5,8,,14.062909326889558,,,
WORKER_RELOC,,0,5,9,,10.731501982079976,,,
WORKER_RELOC,,0,5,10,,10.42079628121075,,,
WORKER_RELOC,,0,5,11,,10.527571884514177,,,
WORKER_RELOC,,0,6,0,,9.363465027258949,,,
WORKER_RELOC,,0,6,1,,6.441265009882274,,,
WORKER_RELOC,,0,6,2,,9.258419919029814,,,
WORKER_RELOC,,0,6,3,,14.363394959203138,,,
WORKER_RELOC,,0,6,4,,12.221076222094608,,,
WORKER_RELOC,,0,6,5,,8.735490408733131,,,
WORKER_RELOC,,0,6,6,,0.0,,,
WORKER_RELOC,,0,6,7,,3.359009886346202,,,
WORKER_RELOC,,0,6,8,,12.326128576127164,,,
WORKER_RELOC,,0,6,9,,14.473730843554764,,,
WORKER_RELOC,,0,6,10,,11.808672418328483,,,
WORKER_RELOC,,0,6,11,,13.480097091429222,,,
WORKER_RELOC,,0,7,0,,9.305043908397767,,,
WORKER_RELOC,,0,7,1,,10.282962495052901,,,
WORKER_RELOC,,0,7,2,,8.28973386740948,,,
WORKER_RELOC,,0,7,3,,9.852418509361879,,,
WORKER_RELOC,,0,7,4,,9.52049175418704,,,
WORKER_RELOC,,0,7,5,,9.493095302859363,,,
WORKER_RELOC,,0,7,6,,2.833883369900371,,,
WORKER_RELOC,,0,7,7,,0.0,,,
WORKER_RELOC,,0,7,8,,8.965736639567277,,,
WORKER_RELOC,,0,7,9,,7.205997020235891,,,
WORKER_RELOC,,0,7,10,,14.319268508723829,,,
WORKER_RELOC,,0,7,11,,12.123269625548025,,,
WORKER_RELOC,,0,8,0,,9.8140633298961,,,
WORKER_RELOC,,0,8,1,,8.330500431165445,,,
WORKER_RELOC,,0,8,2,,6.962133885690256,,,
WORKER_RELOC,,0,8,3,,7.8458006048731885,,,
WORKER_RELOC,,0,8,4,,13.943557136996748,,,
WORKER_RELOC,,0,8,5,,12.2030462187088,,,
WORKER_RELOC,,0,8,6,,9.545339472502862,,,
WORKER_RELOC,,0,8,7,,9.260209508073896,,,
WORKER_RELOC,,0,8,8,,0.0,,,
WORKER_RELOC,,0,8,9,,2.6547744927643637,,,
WORKER_RELOC,,0,8,10,,11.398089664172273,,,
WORKER_RELOC,,0,8,11,,6.590531064647328,,,
WORKER_RELOC,,0,9,0,,15.710220031197839,,,
WORKER_RELOC,,0,9,1,,8.489548519947045,,,
WORKER_RELOC,,0,9,2,,7.349012358970329,,,
WORKER_RELOC,,0,9,3,,12.463461744405098,,,
WORKER_RELOC,,0,9,4,,7.652150611005933,,,
WORKER_RELOC,,0,9,5,,9.519586627019073,,,
WORKER_RELOC,,0,9,6,,13.51556998295344,,,
WORKER_RELOC,,0,9,7,,12.597001234702113,,,
WORKER_RELOC,,0,9,8,,4.550837731531342,,,
WORKER_RELOC,,0,9,9,,0.0,,,
WORKER_RELOC,,0,9,10,,12.754763527714243,,,
WORKER_RELOC,,0,9,11,,6.542530466477339,,,
WORKER_RELOC,,0,10,0,,15.69364680474936,,,
WORKER_RELOC,,0,10,1,,6.752180639171166,,,
WORKER_RELOC,,0,10,2,,8.189680833270645,,,
WORKER_RELOC,,0,10,3,,9.339741776061535,,,
WORKER_RELOC,,0,10,4,,10.93969014481766,,,
WORKER_RELOC,,0,10,5,,6.413430549580741,,,
WORKER_RELOC,,0,10,6,,9.18279197253574,,,
WORKER_RELOC,,0,10,7,,15.576719364005854,,,
WORKER_RELOC,,0,10,8,,15.68220560117237,,,
WORKER_RELOC,,0,10,9,,15.459571966107527,,,
WORKER_RELOC,,0,10,10,,0.0,,,
WORKER_RELOC,,0,10,11,,13.38413469898009,,,
WORKER_RELOC,,0,11,0,,7.689076240613803,,,
WORKER_RELOC,,0,11,1,,6.207662296643361,,,
WORKER_RELOC,,0,11,2,,7.58501422141661,,,
WORKER_RELOC,,0,11,3,,14.579822347532337,,,
WORKER_RELOC,,0,11,4,,11.814608749952882,,,
WORKER_RELOC,,0,11,5,,13.504314357548747,,,
WORKER_RELOC,,0,11,6,,15.805963617376566,,,
WORKER_RELOC,,0,11,7,,8.32116436303697,,,
WORKER_RELOC,,0,11,8,,14.641584670744711,,,
WORKER_RELOC,,0,11,9,,14.612844865867547,,,
WORKER_RELOC,,0,11,10,,9.238881811110456,,,
WORKER_RELOC,,0,11,11,,0.0,,,
WORKER_RELOC,,1,0,0,,0.0,,,
WORKER_RELOC,,1,0,1,,11.435298295975791,,,
WORKER_RELOC,,1,0,2,,6.513745496025134,,,
WORKER_RELOC,,1,0,3,,10.405452668856492,,,
WORKER_RELOC,,1,0,4,,15.750485615684449,,,
WORKER_RELOC,,1,0,5,,15.754824204152627,,,
WORKER_RELOC,,1,0,6,,8.746347916701424,,,
WORKER_RELOC,,1,0,7,,7.574484526748625,,,
WORKER_RELOC,,1,0,8,,9.06239197870523,,,
WORKER_RELOC,,1,0,9,,6.904146839433907,,,
WORKER_RELOC,,1,0,10,,11.317860644030585,,,
WORKER_RELOC,,1,0,11,,9.228205878850886,,,
WORKER_RELOC,,1,1,0,,9.864890185422576,,,
WORKER_RELOC,,1,1,1,,0.0,,,
WORKER_RELOC,,1,1,2,,5.625209358462548,,,
WORKER_RELOC,,1,1,3,,9.472487478367464,,,
WORKER_RELOC,,1,1,4,,7.3804608600529225,,,
WORKER_RELOC,,1,1,5,,10.989742253221781,,,
WORKER_RELOC,,1,1,6,,13.177832544428183,,,
WORKER_RELOC,,1,1,7,,14.715261100415612,,,
WORKER_RELOC,,1,1,8,,13.471880342747294,,,
WORKER_RELOC,,1,1,9,,13.756771792814398,,,
WORKER_RELOC,,1,1,10,,11.585625174987044,,,
WORKER_RELOC,,1,1,11,,13.70857779384973,,,
WORKER_RELOC,,1,2,0,,7.459619751567196,,,
WORKER_RELOC,,1,2,1,,2.503603561027765,,,
WORKER_RELOC,,1,2,2,,0.0,,,
WORKER_RELOC,,1,2,3,,6.90493157304742,,,
WORKER_RELOC,,1,2,4,,11.413496218126777,,,
WORKER_RELOC,,1,2,5,,15.04361742327118,,,
WORKER_RELOC,,1,2,6,,8.880359642547313,,,
WORKER_RELOC,,1,2,7,,10.524970176687932,,,
WORKER_RELOC,,1,2,8,,8.548862310388794,,,
WORKER_RELOC,,1,2,9,,14.639124095169894,,,
WORKER_RELOC,,1,2,10,,7.369211437073361,,,
WORKER_RELOC,,1,2,11,,8.195338247399278,,,
WORKER_RELOC,,1,3,0,,13.153333398080994,,,
WORKER_RELOC,,1,3,1,,9.609004467444525,,,
WORKER_RELOC,,1,3,2,,9.658039038956463,,,
WORKER_RELOC,,1,3,3,,0.0,,,
WORKER_RELOC,,1,3,4,,14.015173523586869,,,
WORKER_RELOC,,1,3,5,,9.540084315400442,,,
WORKER_RELOC,,1,3,6,,9.553808016834282,,,
WORKER_RELOC,,1,3,7,,11.982789934783614,,,
WORKER_RELOC,,1,3,8,,9.225885578909743,,,
WORKER_RELOC,,1,3,9,,15.137940585876565,,,
WORKER_RELOC,,1,3,10,,9.865248347573203,,,
WORKER_RELOC,,1,3,11,,7.172394118576365,,,
WORKER_RELOC,,1,4,0,,14.895991945833247,,,
WORKER_RELOC,,1,4,1,,8.042178743221005,,,
WORKER_RELOC,,1,4,2,,13.828864534704856,,,
WORKER_RELOC,,1,4,3,,13.26331479746691,,,
WORKER_RELOC,,1,4,4,,0.0,,,
WORKER_RELOC,,1,4,5,,3.9333802607591353,,,
WORKER_RELOC,,1,4,6,,11.320862739629026,,,
WORKER_RELOC,,1,4,7,,12.29205173840976,,,
WORKER_RELOC,,1,4,8,,15.263590989215462,,,
WORKER_RELOC,,1,4,9,,9.507075452472957,,,
WORKER_RELOC,,1,4,10,,11.348060637218452,,,
WORKER_RELOC,,1,4,11,,6.6465190268102265,,,
WORKER_RELOC,,1,5,0,,8.636483050710115,,,
WORKER_RELOC,,1,5,1,,7.474636329969168,,,
WORKER_RELOC,,1,5,2,,14.659365054938906,,,
WORKER_RELOC,,1,5,3,,12.741718517082637,,,
WORKER_RELOC,,1,5,4,,4.77047306705866,,,
WORKER_RELOC,,1,5,5,,0.0,,,
WORKER_RELOC,,1,5,6,,12.126285373389294,,,
WORKER_RELOC,,1,5,7,,11.446066452134701,,,
WORKER_RELOC,,1,5,8,,9.631037642092032,,,
WORKER_RELOC,,1,5,9,,15.70315763372236,,,
WORKER_RELOC,,1,5,10,,13.541860026562404,,,
WORKER_RELOC,,1,5,11,,10.578741401239416,,,
WORKER_RELOC,,1,6,0,,12.591892416634558,,,
WORKER_RELOC,,1,6,1,,9.474084328060702,,,
WORKER_RELOC,,1,6,2,,9.798762151186015,,,
WORKER_RELOC,,1,6,3,,12.709795353321244,,,
WORKER_RELOC,,1,6,4,,14.204697172426298,,,
WORKER_RELOC,,1,6,5,,12.851478781321614,,,
WORKER_RELOC,,1,6,6,,0.0,,,
WORKER_RELOC,,1,6,7,,3.6552268203391214,,,
WORKER_RELOC,,1,6,8,,15.84947540383462,,,
WORKER_RELOC,,1,6,9,,14.580414992986697,,,
WORKER_RELOC,,1,6,10,,8.57850002155551,,,
WORKER_RELOC,,1,6,11,,15.92620605404408,,,
WORKER_RELOC,,1,7,0,,12.026568158664773,,,
WORKER_RELOC,,1,7,1,,10.865575395590298,,,
WORKER_RELOC,,1,7,2,,14.438078990149345,,,
WORKER_RELOC,,1,7,3,,11.348211470449451,,,
WORKER_RELOC,,1,7,4,,13.887413235520329,,,
WORKER_RELOC,,1,7,5,,15.774997657129447,,,
WORKER_RELOC,,1,7,6,,4.203265810924865,,,
WORKER_RELOC,,1,7,7,,0.0,,,
WORKER_RELOC,,1,7,8,,12.165224161527288,,,
WORKER_RELOC,,1,7,9,,12.953003723041537,,,
WORKER_RELOC,,1,7,10,,11.646487222881728,,,
WORKER_RELOC,,1,7,11,,12.907151479734189,,,
WORKER_RELOC,,1,8,0,,14.497870561294583,,,
WORKER_RELOC,,1,8,1,,6.264605672881185,,,
WORKER_RELOC,,1,8,2,,11.039978031550302,,,
WORKER_RELOC,,1,8,3,,8.3945015670081,,,
WORKER_RELOC,,1,8,4,,14.709207882663307,,,
WORKER_RELOC,,1,8,5,,13.376750264126851,,,
WORKER_RELOC,,1,8,6,,12.705207835573365,,,
WORKER_RELOC,,1,8,7,,13.563195143783892,,,
WORKER_RELOC,,1,8,8,,0.0,,,
WORKER_RELOC,,1,8,9,,5.229735949370446,,,
WORKER_RELOC,,1,8,10,,15.19745099278469,,,
WORKER_RELOC,,1,8,11,,10.647643999512626,,,
WORKER_RELOC,,1,9,0,,11.58286569577342,,,
WORKER_RELOC,,1,9,1,,9.563149943328444,,,
WORKER_RELOC,,1,9,2,,10.438617032137744,,,
WORKER_RELOC,,1,9,3,,15.122224186992462,,,
WORKER_RELOC,,1,9,4,,11.638366698496295,,,
WORKER_RELOC,,1,9,5,,13.708043958098292,,,
WORKER_RELOC,,1,9,6,,7.2678423258044225,,,
WORKER_RELOC,,1,9,7,,9.39019634141389,,,
WORKER_RELOC,,1,9,8,,3.2876773803449506,,,
WORKER_RELOC,,1,9,9,,0.0,,,
WORKER_RELOC,,1,9,10,,9.013235725267705,,,
WORKER_RELOC,,1,9,11,,10.999186776700892,,,
WORKER_RELOC,,1,10,0,,10.216013076251645,,,
WORKER_RELOC,,1,10,1,,8.174951493417968,,,
WORKER_RELOC,,1,10,2,,9.354579293007305,,,
WORKER_RELOC,,1,10,3,,13.90564305246902,,,
WORKER_RELOC,,1,10,4,,11.8465580347984,,,
WORKER_RELOC,,1,10,5,,10.613267011534546,,,
WORKER_RELOC,,1,10,6,,14.214318209072822,,,
WORKER_RELOC,,1,10,7,,14.235868799239594,,,
WORKER_RELOC,,1,10,8,,8.830056068743966,,,
WORKER_RELOC,,1,10,9,,11.286201658116774,,,
WORKER_RELOC,,1,10,10,,0.0,,,
WORKER_RELOC,,1,10,11,,7.033532336391629,,,
WORKER_RELOC,,1,11,0,,14.605545428365055,,,
WORKER_RELOC,,1,11,1,,14.376803622241429,,,
WORKER_RELOC,,1,11,2,,13.00965260807552,,,
WORKER_RELOC,,1,11,3,,13.981573240006465,,,
WORKER_RELOC,,1,11,4,,9.228451600059872,,,
WORKER_RELOC,,1,11,5,,13.073866982708376,,,
WORKER_RELOC,,1,11,6,,14.535566274046259,,,
WORKER_RELOC,,1,11,7,,9.290999090092605,,,
WORKER_RELOC,,1,11,8,,6.3378479044255975,,,
WORKER_RELOC,,1,11,9,,12.592431989988317,,,
WORKER_RELOC,,1,11,10,,9.636846607778523,,,
WORKER_RELOC,,1,11,11,,0.0,,,
WORKER_RELOC,,2,0,0,,0.0,,,
WORKER_RELOC,,2,0,1,,10.425425108372291,,,
WORKER_RELOC,,2,0,2,,9.698546050198523,,,
WORKER_RELOC,,2,0,3,,10.916082014470238,,,
WORKER_RELOC,,2,0,4,,11.838129370036857,,,
WORKER_RELOC,,2,0,5,,15.72182519682304,,,
WORKER_RELOC,,2,0,6,,13.317701857364359,,,
WORKER_RELOC,,2,0,7,,15.914284263000772,,,
WORKER_RELOC,,2,0,8,,7.020914723100952,,,
WORKER_RELOC,,2,0,9,,9.288853248114272,,,
WORKER_RELOC,,2,0,10,,6.299745363849886,,,
WORKER_RELOC,,2,0,11,,10.085818688413799,,,
WORKER_RELOC,,2,1,0,,12.140875871078755,,,
WORKER_RELOC,,2,1,1,,0.0,,,
WORKER_RELOC,,2,1,2,,4.372118698116159,,,
WORKER_RELOC,,2,1,3,,10.337207689949008,,,
WORKER_RELOC,,2,1,4,,12.66230208343098,,,
WORKER_RELOC,,2,1,5,,12.161450820039043,,,
WORKER_RELOC,,2,1,6,,10.538454594526323,,,
WORKER_RELOC,,2,1,7,,11.335123718939943,,,
WORKER_RELOC,,2,1,8,,12.985659800139551,,,
WORKER_RELOC,,2,1,9,,11.303178621729252,,,
WORKER_RELOC,,2,1,10,,15.378940291841008,,,
WORKER_RELOC,,2,1,11,,9.329615419405991,,,
WORKER_RELOC,,2,2,0,,15.191023093605624,,,
WORKER_RELOC,,2,2,1,,4.3087311748851205,,,
WORKER_RELOC,,2,2,2,,0.0,,,
WORKER_RELOC,,2,2,3,,12.940973330492032,,,
WORKER_RELOC,,2,2,4,,12.037394348853272,,,
WORKER_RELOC,,2,2,5,,14.940956469471024,,,
WORKER_RELOC,,2,2,6,,11.354454036774861,,,
WORKER_RELOC,,2,2,7,,12.381343459956202,,,
WORKER_RELOC,,2,2,8,,13.881143092135634,,,
WORKER_RELOC,,2,2,9,,8.173162401633329,,,
WORKER_RELOC,,2,2,10,,12.908980893053505,,,
WORKER_RELOC,,2,2,11,,11.662593034816457,,,
WORKER_RELOC,,2,3,0,,12.526549652818165,,,
WORKER_RELOC,,2,3,1,,10.509918740477309,,,
WORKER_RELOC,,2,3,2,,12.055148417758183,,,
WORKER_RELOC,,2,3,3,,0.0,,,
WORKER_RELOC,,2,3,4,,13.631554394195778,,,
WORKER_RELOC,,2,3,5,,6.591511380245601,,,
WORKER_RELOC,,2,3,6,,11.228988298805024,,,
WORKER_RELOC,,2,3,7,,11.80735171069859,,,
WORKER_RELOC,,2,3,8,,12.252314829172054,,,
WORKER_RELOC,,2,3,9,,14.755931795944978,,,
WORKER_RELOC,,2,3,10,,15.35167869502598,,,
WORKER_RELOC,,2,3,11,,14.629117166132357,,,
WORKER_RELOC,,2,4,0,,11.292459053427217,,,
WORKER_RELOC,,2,4,1,,10.887705499539234,,,
WORKER_RELOC,,2,4,2,,7.7297849913003365,,,
WORKER_RELOC,,2,4,3,,15.622259260489285,,,
WORKER_RELOC,,2,4,4,,0.0,,,
WORKER_RELOC,,2,4,5,,4.279200547616107,,,
WORKER_RELOC,,2,4,6,,15.391309676328204,,,
WORKER_RELOC,,2,4,7,,15.582774703263775,,,
WORKER_RELOC,,2,4,8,,12.891113483335264,,,
WORKER_RELOC,,2,4,9,,12.584008162856463,,,
WORKER_RELOC,,2,4,10,,11.58664930674126,,,
WORKER_RELOC,,2,4,11,,13.370294399687303,,,
WORKER_RELOC,,2,5,0,,15.083562248194271,,,
WORKER_RELOC,,2,5,1,,11.186041345322092,,,
WORKER_RELOC,,2,5,2,,10.596180022552428,,,
WORKER_RELOC,,2,5,3,,6.696669823390127,,,
WORKER_RELOC,,2,5,4,,2.9759668062299127,,,
WORKER_RELOC,,2,5,5,,0.0,,,
WORKER_RELOC,,2,5,6,,12.826269904945223,,,
WORKER_RELOC,,2,5,7,,14.431096284934446,,,
WORKER_RELOC,,2,5,8,,7.62666398965229,,,
WORKER_RELOC,,2,5,9,,11.861527765578677,,,
WORKER_RELOC,,2,5,10,,15.619177952999912,,,
WORKER_RELOC,,2,5,11,,7.9014577231863985,,,
WORKER_RELOC,,2,6,0,,12.06049458220551,,,
WORKER_RELOC,,2,6,1,,8.571086755331477,,,
WORKER_RELOC,,2,6,2,,12.230681997917028,,,
WORKER_RELOC,,2,6,3,,8.04289617353653,,,
WORKER_RELOC,,2,6,4,,9.218932092630688,,,
WORKER_RELOC,,2,6,5,,6.429002194213252,,,
WORKER_RELOC,,2,6,6,,0.0,,,
WORKER_RELOC,,2,6,7,,2.7813993039502316,,,
WORKER_RELOC,,2,6,8,,11.256734436593868,,,
WORKER_RELOC,,2,6,9,,6.810386620289123,,,
WORKER_RELOC,,2,6,10,,15.509890601368443,,,
WORKER_RELOC,,2,6,11,,12.471191100161088,,,
WORKER_RELOC,,2,7,0,,12.645662259980423,,,
WORKER_RELOC,,2,7,1,,6.708095402628029,,,
WORKER_RELOC,,2,7,2,,6.736888940364494,,,
WORKER_RELOC,,2,7,3,,13.14478839498444,,,
WORKER_RELOC,,2,7,4,,8.478622468136383,,,
WORKER_RELOC,,2,7,5,,14.44499593903077,,,
WORKER_RELOC,,2,7,6,,4.724543720724093,,,
WORKER_RELOC,,2,7,7,,0.0,,,
WORKER_RELOC,,2,7,8,,13.157954142776543,,,
WORKER_RELOC,,2,7,9,,14.315897622774568,,,
WORKER_RELOC,,2,7,10,,14.625625905084695,,,
WORKER_RELOC,,2,7,11,,11.446282075119687,,,
WORKER_RELOC,,2,8,0,,6.941320697989595,,,
WORKER_RELOC,,2,8,1,,7.958814526532279,,,
WORKER_RELOC,,2,8,2,,15.502153622293697,,,
WORKER_RELOC,,2,8,3,,9.260826729435252,,,
WORKER_RELOC,,2,8,4,,6.0578132176687145,,,
WORKER_RELOC,,2,8,5,,12.451793800305246,,,
WORKER_RELOC,,2,8,6,,8.473292787472182,,,
WORKER_RELOC,,2,8,7,,6.298020081861637,,,
WORKER_RELOC,,2,8,8,,0.0,,,
WORKER_RELOC,,2,8,9,,2.1088995562868917,,,
WORKER_RELOC,,2,8,10,,10.564214847594634,,,
WORKER_RELOC,,2,8,11,,8.707414540096577,,,
WORKER_RELOC,,2,9,0,,6.308451477061383,,,
WORKER_RELOC,,2,9,1,,14.509240636359262,,,
WORKER_RELOC,,2,9,2,,10.382266037265698,,,
WORKER_RELOC,,2,9,3,,13.716511864925863,,,
WORKER_RELOC,,2,9,4,,14.38702219570068,,,
WORKER_RELOC,,2,9,5,,14.88387460247352,,,
WORKER_RELOC,,2,9,6,,14.42929831003435,,,
WORKER_RELOC,,2,9,7,,12.22496765893878,,,
WORKER_RELOC,,2,9,8,,3.946452685880179,,,
WORKER_RELOC,,2,9,9,,0.0,,,
WORKER_RELOC,,2,9,10,,7.526152239387402,,,
WORKER_RELOC,,2,9,11,,6.787462527263076,,,
WORKER_RELOC,,2,10,0,,13.821963563383324,,,
WORKER_RELOC,,2,10,1,,14.197973718337897,,,
WORKER_RELOC,,2,10,2,,14.723297856189378,,,
WORKER_RELOC,,2,10,3,,13.477615717881655,,,
WORKER_RELOC,,2,10,4,,10.219147802909038,,,
WORKER_RELOC,,2,10,5,,12.874098201214204,,,
WORKER_RELOC,,2,10,6,,12.308996755380536,,,
WORKER_RELOC,,2,10,7,,10.99929428262852,,,
WORKER_RELOC,,2,10,8,,12.485965271707974,,,
WORKER_RELOC,,2,10,9,,11.358782698472517,,,
WORKER_RELOC,,2,10,10,,0.0,,,
WORKER_RELOC,,2,10,11,,12.744737632325975,,,
WORKER_RELOC,,2,11,0,,14.185927227609227,,,
WORKER_RELOC,,2,11,1,,15.307549943453978,,,
WORKER_RELOC,,2,11,2,,11.349283979172522,,,
WORKER_RELOC,,2,11,3,,7.437579622679328,,,
WORKER_RELOC,,2,11,4,,6.202878651439374,,,
WORKER_RELOC,,2,11,5,,8.11485925217913,,,
WORKER_RELOC,,2,11,6,,8.36984837788259,,,
WORKER_RELOC,,2,11,7,,15.02892495211938,,,
WORKER_RELOC,,2,11,8,,9.173219486604811,,,
WORKER_RELOC,,2,11,9,,8.79216003833442,,,
WORKER_RELOC,,2,11,10,,12.870927391744495,,,
WORKER_RELOC,,2,11,11,,0.0,,,
WORKER_RELOC,,3,0,0,,0.0,,,
WORKER_RELOC,,3,0,1,,13.206394241290639,,,
WORKER_RELOC,,3,0,2,,15.608908647628521,,,
WORKER_RELOC,,3,0,3,,11.766933288928314,,,
WORKER_RELOC,,3,0,4,,13.806021541385062,,,
WORKER_RELOC,,3,0,5,,15.920996756429343,,,
WORKER_RELOC,,3,0,6,,6.735253252770326,,,
WORKER_RELOC,,3,0,7,,7.1524781305133285,,,
WORKER_RELOC,,3,0,8,,10.193789597345905,,,
WORKER_RELOC,,3,0,9,,10.308474426724054,,,
WORKER_RELOC,,3,0,10,,13.078804607493225,,,
WORKER_RELOC,,3,0,11,,8.184934900485402,,,
WORKER_RELOC,,3,1,0,,6.192890334269329,,,
WORKER_RELOC,,3,1,1,,0.0,,,
WORKER_RELOC,,3,1,2,,3.0702571234833966,,,
WORKER_RELOC,,3,1,3,,13.463635206945836,,,
WORKER_RELOC,,3,1,4,,12.486734174933737,,,
WORKER_RELOC,,3,1,5,,12.747284620613968,,,
WORKER_RELOC,,3,1,6,,7.880767585206591,,,
WORKER_RELOC,,3,1,7,,11.490184725358045,,,
WORKER_RELOC,,3,1,8,,14.202120384825134,,,
WORKER_RELOC,,3,1,9,,14.551236670641762,,,
WORKER_RELOC,,3,1,10,,8.982662934561091,,,
WORKER_RELOC,,3,1,11,,7.94417044802338,,,
WORKER_RELOC,,3,2,0,,7.97594560708628,,,
WORKER_RELOC,,3,2,1,,3.4583735412284247,,,
WORKER_RELOC,,3,2,2,,0.0,,,
WORKER_RELOC,,3,2,3,,14.593840430254499,,,
WORKER_RELOC,,3,2,4,,8.570910591544962,,,
WORKER_RELOC,,3,2,5,,13.976038753816201,,,
WORKER_RELOC,,3,2,6,,11.553521469109972,,,
WORKER_RELOC,,3,2,7,,12.473711141818539,,,
WORKER_RELOC,,3,2,8,,7.15579422129602,,,
WORKER_RELOC,,3,2,9,,15.310668519221709,,,
WORKER_RELOC,,3,2,10,,9.711954158500617,,,
WORKER_RELOC,,3,2,11,,12.883657325240538,,,
WORKER_RELOC,,3,3,0,,12.133656393277375,,,
WORKER_RELOC,,3,3,1,,8.095496382761857,,,
WORKER_RELOC,,3,3,2,,13.296949356393547,,,
WORKER_RELOC,,3,3,3,,0.0,,,
WORKER_RELOC,,3,3,4,,10.109744981930037,,,
WORKER_RELOC,,3,3,5,,6.623580027960737,,,
WORKER_RELOC,,3,3,6,,12.439449944256724,,,
WORKER_RELOC,,3,3,7,,13.802439592969453,,,
WORKER_RELOC,,3,3,8,,11.789203108909486,,,
WORKER_RELOC,,3,3,9,,13.599124801569639,,,
WORKER_RELOC,,3,3,10,,6.544605817652463,,,
WORKER_RELOC,,3,3,11,,9.57221469936179,,,
WORKER_RELOC,,3,4,0,,9.791889992139193,,,
WORKER_RELOC,,3,4,1,,7.809756517939264,,,
WORKER_RELOC,,3,4,2,,8.965717225431657,,,
WORKER_RELOC,,3,4,3,,11.968293250426914,,,
WORKER_RELOC,,3,4,4,,0.0,,,
WORKER_RELOC,,3,4,5,,2.197233679125704,,,
WORKER_RELOC,,3,4,6,,9.946151549051095,,,
WORKER_RELOC,,3,4,7,,9.538337330282664,,,
WORKER_RELOC,,3,4,8,,6.359613573899869,,,
WORKER_RELOC,,3,4,9,,12.701515635478243,,,
WORKER_RELOC,,3,4,10,,10.809218656557528,,,
WORKER_RELOC,,3,4,11,,11.630899244295264,,,
WORKER_RELOC,,3,5,0,,10.02080158475718,,,
WORKER_RELOC,,3,5,1,,12.824507023080294,,,
WORKER_RELOC,,3,5,2,,14.425573289595345,,,
WORKER_RELOC,,3,5,3,,15.47464857028286,,,
WORKER_RELOC,,3,5,4,,5.107610169278042,,,
WORKER_RELOC,,3,5,5,,0.0,,,
WORKER_RELOC,,3,5,6,,6.177415629934742,,,
WORKER_RELOC,,3,5,7,,12.26739828600155,,,
WORKER_RELOC,,3,5,8,,14.334759112335378,,,
WORKER_RELOC,,3,5,9,,12.1591343706978,,,
WORKER_RELOC,,3,5,10,,9.192277860303605,,,
WORKER_RELOC,,3,5,11,,10.839571585382132,,,
WORKER_RELOC,,3,6,0,,8.407270807900595,,,
WORKER_RELOC,,3,6,1,,8.876256919434326,,,
WORKER_RELOC,,3,6,2,,15.081155122421642,,,
WORKER_RELOC,,3,6,3,,6.811047300598481,,,
WORKER_RELOC,,3,6,4,,7.580753683085511,,,
WORKER_RELOC,,3,6,5,,12.92450115628235,,,
WORKER_RELOC,,3,6,6,,0.0,,,
WORKER_RELOC,,3,6,7,,4.172252179426497,,,
WORKER_RELOC,,3,6,8,,12.833572491863688,,,
WORKER_RELOC,,3,6,9,,8.387799435141371,,,
WORKER_RELOC,,3,6,10,,9.132454858246374,,,
WORKER_RELOC,,3,6,11,,8.130713208499326,,,
WORKER_RELOC,,3,7,0,,10.950805920007017,,,
WORKER_RELOC,,3,7,1,,14.700310645640611,,,
WORKER_RELOC,,3,7,2,,12.142703823393918,,,
WORKER_RELOC,,3,7,3,,6.066532844606612,,,
WORKER_RELOC,,3,7,4,,7.127659543318641,,,
WORKER_RELOC,,3,7,5,,8.984910022513468,,,
WORKER_RELOC,,3,7,6,,3.9517768549262193,,,
WORKER_RELOC,,3,7,7,,0.0,,,
WORKER_RELOC,,3,7,8,,6.176913525734056,,,
WORKER_RELOC,,3,7,9,,8.556861601294415,,,
WORKER_RELOC,,3,7,10,,15.143098525401694,,,
WORKER_RELOC,,3,7,11,,13.755720688914503,,,
WORKER_RELOC,,3,8,0,,6.085376151151658,,,
WORKER_RELOC,,3,8,1,,10.283457884648985,,,
WORKER_RELOC,,3,8,2,,9.066623219865026,,,
WORKER_RELOC,,3,8,3,,15.147910292860011,,,
WORKER_RELOC,,3,8,4,,14.343004644108476,,,
WORKER_RELOC,,3,8,5,,12.931994504378242,,,
WORKER_RELOC,,3,8,6,,8.97594648274403,,,
WORKER_RELOC,,3,8,7,,12.71377306521169,,,
WORKER_RELOC,,3,8,8,,0.0,,,
WORKER_RELOC,,3,8,9,,3.030618288696485,,,
WORKER_RELOC,,3,8,10,,9.867870247312165,,,
WORKER_RELOC,,3,8,11,,13.016625486118636,,,
WORKER_RELOC,,3,9,0,,14.621519859506483,,,
WORKER_RELOC,,3,9,1,,13.866708918604651,,,
WORKER_RELOC,,3,9,2,,8.247318213252782,,,
WORKER_RELOC,,3,9,3,,14.668488657377033,,,
WORKER_RELOC,,3,9,4,,15.92231546585579,,,
WORKER_RELOC,,3,9,5,,14.362333374840695,,,
WORKER_RELOC,,3,9,6,,6.181134731198566,,,
WORKER_RELOC,,3,9,7,,6.7184785909039775,,,
WORKER_RELOC,,3,9,8,,2.900652732423527,,,
WORKER_RELOC,,3,9,9,,0.0,,,
WORKER_RELOC,,3,9,10,,15.062643860541913,,,
WORKER_RELOC,,3,9,11,,9.957731468830168,,,
WORKER_RELOC,,3,10,0,,13.200267329219862,,,
WORKER_RELOC,,3,10,1,,11.309172042656144,,,
WORKER_RELOC,,3,10,2,,9.760647120880183,,,
WORKER_RELOC,,3,10,3,,12.823043300289644,,,
WORKER_RELOC,,3,10,4,,11.701488974564084,,,
WORKER_RELOC,,3,10,5,,7.585224073938216,,,
WORKER_RELOC,,3,10,6,,8.607582111054343,,,
WORKER_RELOC,,3,10,7,,6.103748246050568,,,
WORKER_RELOC,,3,10,8,,7.236138833207817,,,
WORKER_RELOC,,3,10,9,,13.946492450346465,,,
WORKER_RELOC,,3,10,10,,0.0,,,
WORKER_RELOC,,3,10,11,,9.483635082163273,,,
WORKER_RELOC,,3,11,0,,6.049350219067069,,,
WORKER_RELOC,,3,11,1,,15.101745758542151,,,
WORKER_RELOC,,3,11,2,,15.685869000757323,,,
WORKER_RELOC,,3,11,3,,8.198900787946744,,,
WORKER_RELOC,,3,11,4,,8.94690787498301,,,
WORKER_RELOC,,3,11,5,,11.421501538297635,,,
WORKER_RELOC,,3,11,6,,12.689004865158381,,,
WORKER_RELOC,,3,11,7,,14.384071376836838,,,
WORKER_RELOC,,3,11,8,,9.049684499110345,,,
WORKER_RELOC,,3,11,9,,10.76940975353858,,,
WORKER_RELOC,,3,11,10,,7.207560205385279,,,
WORKER_RELOC,,3,11,11,,0.0,,,
WORKER_RELOC,,4,0,0,,0.0,,,
WORKER_RELOC,,4,0,1,,12.085227468400221,,,
WORKER_RELOC,,4,0,2,,9.081309933083322,,,
WORKER_RELOC,,4,0,3,,6.884929106255496,,,
WORKER_RELOC,,4,0,4,,13.324399236315955,,,
WORKER_RELOC,,4,0,5,,15.732394578413397,,,
WORKER_RELOC,,4,0,6,,15.647936145252574,,,
WORKER_RELOC,,4,0,7,,11.710006768501028,,,
WORKER_RELOC,,4,0,8,,15.72954791691712,,,
WORKER_RELOC,,4,0,9,,13.928627873929802,,,
WORKER_RELOC,,4,0,10,,11.018959828576115,,,
WORKER_RELOC,,4,0,11,,8.629980944298671,,,
WORKER_RELOC,,4,1,0,,6.701639968397795,,,
WORKER_RELOC,,4,1,1,,0.0,,,
WORKER_RELOC,,4,1,2,,5.132572235518605,,,
WORKER_RELOC,,4,1,3,,9.167998037315664,,,
WORKER_RELOC,,4,1,4,,6.515497916812321,,,
WORKER_RELOC,,4,1,5,,10.598051533375578,,,
WORKER_RELOC,,4,1,6,,7.40598585327472,,,
WORKER_RELOC,,4,1,7,,14.913905890072035,,,
WORKER_RELOC,,4,1,8,,14.21847899515596,,,
WORKER_RELOC,,4,1,9,,15.444776087033418,,,
WORKER_RELOC,,4,1,10,,11.271705447869,,,
WORKER_RELOC,,4,1,11,,7.237394748471081,,,
WORKER_RELOC,,4,2,0,,7.639894189461292,,,
WORKER_RELOC,,4,2,1,,4.7152702999646054,,,
WORKER_RELOC,,4,2,2,,0.0,,,
WORKER_RELOC,,4,2,3,,11.213850814246443,,,
WORKER_RELOC,,4,2,4,,8.316580619573916,,,
WORKER_RELOC,,4,2,5,,8.772404041968315,,,
WORKER_RELOC,,4,2,6,,8.322394092243506,,,
WORKER_RELOC,,4,2,7,,6.745174062901653,,,
WORKER_RELOC,,4,2,8,,14.290947262293223,,,
WORKER_RELOC,,4,2,9,,15.18521056788139,,,
WORKER_RELOC,,4,2,10,,6.5462675426903605,,,
WORKER_RELOC,,4,2,11,,13.024695348066876,,,
WORKER_RELOC,,4,3,0,,13.983794564426136,,,
WORKER_RELOC,,4,3,1,,7.680013136303497,,,
WORKER_RELOC,,4,3,2,,7.44772163510051,,,
WORKER_RELOC,,4,3,3,,0.0,,,
WORKER_RELOC,,4,3,4,,8.269496292088427,,,
WORKER_RELOC,,4,3,5,,10.101949930556142,,,
WORKER_RELOC,,4,3,6,,12.79349771862912,,,
WORKER_RELOC,,4,3,7,,9.973054998749518,,,
WORKER_RELOC,,4,3,8,,6.782952031805052,,,
WORKER_RELOC,,4,3,9,,7.489936572593008,,,
WORKER_RELOC,,4,3,10,,15.971425148873156,,,
WORKER_RELOC,,4,3,11,,14.419589058512955,,,
WORKER_RELOC,,4,4,0,,13.12769576677094,,,
WORKER_RELOC,,4,4,1,,7.765083252953536,,,
WORKER_RELOC,,4,4,2,,6.108192632506148,,,
WORKER_RELOC,,4,4,3,,11.00516636138309,,,
WORKER_RELOC,,4,4,4,,0.0,,,
WORKER_RELOC,,4,4,5,,3.54618336790324,,,
WORKER_RELOC,,4,4,6,,7.090382258139827,,,
WORKER_RELOC,,4,4,7,,6.819978663602891,,,
WORKER_RELOC,,4,4,8,,8.374292579604278,,,
WORKER_RELOC,,4,4,9,,15.80991510656368,,,
WORKER_RELOC,,4,4,10,,14.25679407562053,,,
WORKER_RELOC,,4,4,11,,8.29840835248675,,,
WORKER_RELOC,,4,5,0,,6.357019965644115,,,
WORKER_RELOC,,4,5,1,,13.658731228238828,,,
WORKER_RELOC,,4,5,2,,14.888132389593999,,,
WORKER_RELOC,,4,5,3,,12.580550517966607,,,
WORKER_RELOC,,4,5,4,,2.8207202653880636,,,
WORKER_RELOC,,4,5,5,,0.0,,,
WORKER_RELOC,,4,5,6,,10.063004059433986,,,
WORKER_RELOC,,4,5,7,,13.84665447389715,,,
WORKER_RELOC,,4,5,8,,12.276200975727972,,,
WORKER_RELOC,,4,5,9,,6.004045836001184,,,
WORKER_RELOC,,4,5,10,,8.394080888099543,,,
WORKER_RELOC,,4,5,11,,9.631717565321257,,,
WORKER_RELOC,,4,6,0,,9.604374573286876,,,
WORKER_RELOC,,4,6,1,,8.50005252246866,,,
WORKER_RELOC,,4,6,2,,11.944379961219177,,,
WORKER_RELOC,,4,6,3,,10.82590118717177,,,
WORKER_RELOC,,4,6,4,,8.968161333539673,,,
WORKER_RELOC,,4,6,5,,7.495768170932209,,,
WORKER_RELOC,,4,6,6,,0.0,,,
WORKER_RELOC,,4,6,7,,3.1405032857414175,,,
WORKER_RELOC,,4,6,8,,13.641331398993989,,,
WORKER_RELOC,,4,6,9,,15.360217930424158,,,
WORKER_RELOC,,4,6,10,,11.731246416102133,,,
WORKER_RELOC,,4,6,11,,9.116337239176083,,,
WORKER_RELOC,,4,7,0,,7.758213946456973,,,
WORKER_RELOC,,4,7,1,,12.652607888945088,,,
WORKER_RELOC,,4,7,2,,10.071764878478117,,,
WORKER_RELOC,,4,7,3,,11.277457241666886,,,
WORKER_RELOC,,4,7,4,,15.870420292188784,,,
WORKER_RELOC,,4,7,5,,6.975282731487615,,,
WORKER_RELOC,,4,7,6,,4.893481381768584,,,
WORKER_RELOC,,4,7,7,,0.0,,,
WORKER_RELOC,,4,7,8,,10.12570678914392,,,
WORKER_RELOC,,4,7,9,,7.490450567014637,,,
WORKER_RELOC,,4,7,10,,11.728764943746599,,,
WORKER_RELOC,,4,7,11,,15.334734757079831,,,
WORKER_RELOC,,4,8,0,,13.080685020546024,,,
WORKER_RELOC,,4,8,1,,10.681310701390506,,,
WORKER_RELOC,,4,8,2,,13.007672859281097,,,
WORKER_RELOC,,4,8,3,,12.228960534347447,,,
WORKER_RELOC,,4,8,4,,11.112207883061538,,,
WORKER_RELOC,,4,8,5,,6.912702583768138,,,
WORKER_RELOC,,4,8,6,,8.671096209049354,,,
WORKER_RELOC,,4,8,7,,7.825222524565389,,,
WORKER_RELOC,,4,8,8,,0.0,,,
WORKER_RELOC,,4,8,9,,2.2891591502647706,,,
WORKER_RELOC,,4,8,10,,13.869767241055024,,,
WORKER_RELOC,,4,8,11,,10.204448812821752,,,
WORKER_RELOC,,4,9,0,,15.387050731367554,,,
WORKER_RELOC,,4,9,1,,10.114613488706832,,,
WORKER_RELOC,,4,9,2,,9.436855986145076,,,
WORKER_RELOC,,4,9,3,,11.869060562991926,,,
WORKER_RELOC,,4,9,4,,10.236426651311671,,,
WORKER_RELOC,,4,9,5,,12.730921944497936,,,
WORKER_RELOC,,4,9,6,,8.965770156066553,,,
WORKER_RELOC,,4,9,7,,6.017110334040423,,,
WORKER_RELOC,,4,9,8,,2.1697229612340134,,,
WORKER_RELOC,,4,9,9,,0.0,,,
WORKER_RELOC,,4,9,10,,13.948579369590952,,,
WORKER_RELOC,,4,9,11,,10.52440350786487,,,
WORKER_RELOC,,4,10,0,,7.815919253522507,,,
WORKER_RELOC,,4,10,1,,10.835853219344923,,,
WORKER_RELOC,,4,10,2,,7.581679697462769,,,
WORKER_RELOC,,4,10,3,,14.666032828305243,,,
WORKER_RELOC,,4,10,4,,10.15459681777962,,,
WORKER_RELOC,,4,10,5,,11.678992544357328,,,
WORKER_RELOC,,4,10,6,,11.424442580753999,,,
WORKER_RELOC,,4,10,7,,15.11430915322476,,,
WORKER_RELOC,,4,10,8,,12.507391351082624,,,
WORKER_RELOC,,4,10,9,,9.068805420753844,,,
WORKER_RELOC,,4,10,10,,0.0,,,
WORKER_RELOC,,4,10,11,,13.781292608916893,,,
WORKER_RELOC,,4,11,0,,10.944903231517895,,,
WORKER_RELOC,,4,11,1,,13.693769637169835,,,
WORKER_RELOC,,4,11,2,,11.358776263905126,,,
WORKER_RELOC,,4,11,3,,11.762664465400125,,,
WORKER_RELOC,,4,11,4,,7.452133700268715,,,
WORKER_RELOC,,4,11,5,,15.073833419007988,,,
WORKER_RELOC,,4,11,6,,11.61316631389964,,,
WORKER_RELOC,,4,11,7,,11.317485678790273,,,
WORKER_RELOC,,4,11,8,,12.102594310997137,,,
WORKER_RELOC,,4,11,9,,13.238263252267654,,,
WORKER_RELOC,,4,11,10,,10.862515245112284,,,
WORKER_RELOC,,4,11,11,,0.0,,,
WORKER_RELOC,,5,0,0,,0.0,,,
WORKER_RELOC,,5,0,1,,10.091866150144249,,,
WORKER_RELOC,,5,0,2,,10.394697133158132,,,
WORKER_RELOC,,5,0,3,,11.611554864322455,,,
WORKER_RELOC,,5,0,4,,13.306751213275396,,,
WORKER_RELOC,,5,0,5,,7.6618811109963545,,,
WORKER_RELOC,,5,0,6,,13.003129306796842,,,
WORKER_RELOC,,5,0,7,,8.215558965151462,,,
WORKER_RELOC,,5,0,8,,8.423676931525085,,,
WORKER_RELOC,,5,0,9,,12.041267760485672,,,
WORKER_RELOC,,5,0,10,,7.999713835770619,,,
WORKER_RELOC,,5,0,11,,10.038973805215575,,,
WORKER_RELOC,,5,1,0,,10.24216603937516,,,
WORKER_RELOC,,5,1,1,,0.0,,,
WORKER_RELOC,,5,1,2,,3.235529368345219,,,
WORKER_RELOC,,5,1,3,,15.438727734071303,,,
WORKER_RELOC,,5,1,4,,9.617137122376441,,,
WORKER_RELOC,,5,1,5,,12.628184680275664,,,
WORKER_RELOC,,5,1,6,,6.79032977253871,,,
WORKER_RELOC,,5,1,7,,15.731247118185033,,,
WORKER_RELOC,,5,1,8,,12.116822208665393,,,
WORKER_RELOC,,5,1,9,,10.768100163753534,,,
WORKER_RELOC,,5,1,10,,12.698303182762327,,,
WORKER_RELOC,,5,1,11,,14.527218318895315,,,
WORKER_RELOC,,5,2,0,,11.134634014366187,,,
WORKER_RELOC,,5,2,1,,4.979989762181746,,,
WORKER_RELOC,,5,2,2,,0.0,,,
WORKER_RELOC,,5,2,3,,14.130301487757851,,,
WORKER_RELOC,,5,2,4,,9.078899378072126,,,
WORKER_RELOC,,5,2,5,,12.697192939067872,,,
WORKER_RELOC,,5,2,6,,8.141252279277342,,,
WORKER_RELOC,,5,2,7,,6.245900287240587,,,
WORKER_RELOC,,5,2,8,,14.284313415821554,,,
WORKER_RELOC,,5,2,9,,13.715844966200807,,,
WORKER_RELOC,,5,2,10,,10.77268624327941,,,
WORKER_RELOC,,5,2,11,,11.491905890589612,,,
WORKER_RELOC,,5,3,0,,13.469899722543207,,,
WORKER_RELOC,,5,3,1,,13.853241204855745,,,
WORKER_RELOC,,5,3,2,,13.422323008249299,,,
WORKER_RELOC,,5,3,3,,0.0,,,
WORKER_RELOC,,5,3,4,,15.003163255354815,,,
WORKER_RELOC,,5,3,5,,12.431717629360286,,,
WORKER_RELOC,,5,3,6,,14.922902677009091,,,
WORKER_RELOC,,5,3,7,,13.964687816227382,,,
WORKER_RELOC,,5,3,8,,13.512097980269601,,,
WORKER_RELOC,,5,3,9,,13.771352019938059,,,
WORKER_RELOC,,5,3,10,,12.576414172310074,,,
WORKER_RELOC,,5,3,11,,11.018114729078466,,,
WORKER_RELOC,,5,4,0,,15.282985453318481,,,
WORKER_RELOC,,5,4,1,,15.724837786742583,,,
WORKER_RELOC,,5,4,2,,14.00127189198873,,,
WORKER_RELOC,,5,4,3,,9.934317027074078,,,
WORKER_RELOC,,5,4,4,,0.0,,,
WORKER_RELOC,,5,4,5,,2.885307672922273,,,
WORKER_RELOC,,5,4,6,,8.902488495988607,,,
WORKER_RELOC,,5,4,7,,11.414066204343289,,,
WORKER_RELOC,,5,4,8,,11.215045527043891,,,
WORKER_RELOC,,5,4,9,,12.870020708342217,,,
WORKER_RELOC,,5,4,10,,15.408911202418937,,,
WORKER_RELOC,,5,4,11,,13.381329836604095,,,
WORKER_RELOC,,5,5,0,,6.220856781943178,,,
WORKER_RELOC,,5,5,1,,12.734511857301989,,,
WORKER_RELOC,,5,5,2,,10.894952480862186,,,
WORKER_RELOC,,5,5,3,,10.311717388894598,,,
WORKER_RELOC,,5,5,4,,3.5779861005540976,,,
WORKER_RELOC,,5,5,5,,0.0,,,
WORKER_RELOC,,5,5,6,,10.415956400034732,,,
WORKER_RELOC,,5,5,7,,7.643887333636447,,,
WORKER_RELOC,,5,5,8,,6.23170593739103,,,
WORKER_RELOC,,5,5,9,,11.073507465087058,,,
WORKER_RELOC,,5,5,10,,9.569117610605579,,,
WORKER_RELOC,,5,5,11,,14.164582998710499,,,
WORKER_RELOC,,5,6,0,,7.693937116638664,,,
WORKER_RELOC,,5,6,1,,7.681676433231912,,,
WORKER_RELOC,,5,6,2,,14.346241569681158,,,
WORKER_RELOC,,5,6,3,,15.307106893877403,,,
WORKER_RELOC,,5,6,4,,14.486621169204774,,,
WORKER_RELOC,,5,6,5,,9.617513756826837,,,
WORKER_RELOC,,5,6,6,,0.0,,,
WORKER_RELOC,,5,6,7,,5.478777369579401,,,
WORKER_RELOC,,5,6,8,,8.042460483259033,,,
WORKER_RELOC,,5,6,9,,15.153070599731963,,,
WORKER_RELOC,,5,6,10,,14.137706026230338,,,
WORKER_RELOC,,5,6,11,,10.632864488292139,,,
WORKER_RELOC,,5,7,0,,13.81257037882482,,,
WORKER_RELOC,,5,7,1,,15.241864433770195,,,
WORKER_RELOC,,5,7,2,,6.8719749835952575,,,
WORKER_RELOC,,5,7,3,,14.023688500453542,,,
WORKER_RELOC,,5,7,4,,12.302679997013332,,,
WORKER_RELOC,,5,7,5,,13.53543170565914,,,
WORKER_RELOC,,5,7,6,,2.2511969040572417,,,
WORKER_RELOC,,5,7,7,,0.0,,,
WORKER_RELOC,,5,7,8,,10.202586122299959,,,
WORKER_RELOC,,5,7,9,,12.530710490800024,,,
WORKER_RELOC,,5,7,10,,15.325974643715686,,,
WORKER_RELOC,,5,7,11,,7.314849622690765,,,
WORKER_RELOC,,5,8,0,,6.346959566676709,,,
WORKER_RELOC,,5,8,1,,8.360604169649328,,,
WORKER_RELOC,,5,8,2,,15.153262395359356,,,
WORKER_RELOC,,5,8,3,,15.968721938354424,,,
WORKER_RELOC,,5,8,4,,6.187504277373776,,,
WORKER_RELOC,,5,8,5,,9.467326001992367,,,
WORKER_RELOC,,5,8,6,,14.407653696429541,,,
WORKER_RELOC,,5,8,7,,9.43729557911264,,,
WORKER_RELOC,,5,8,8,,0.0,,,
WORKER_RELOC,,5,8,9,,2.1847798216585144,,,
WORKER_RELOC,,5,8,10,,11.433676923861507,,,
WORKER_RELOC,,5,8,11,,8.256403683692966,,,
WORKER_RELOC,,5,9,0,,15.276533050692437,,,
WORKER_RELOC,,5,9,1,,9.23889816107517,,,
WORKER_RELOC,,5,9,2,,7.751819419745066,,,
WORKER_RELOC,,5,9,3,,15.128535610634055,,,
WORKER_RELOC,,5,9,4,,9.980362906712259,,,
WORKER_RELOC,,5,9,5,,14.805100446647184,,,
WORKER_RELOC,,5,9,6,,8.231676703683114,,,
WORKER_RELOC,,5,9,7,,14.697844341999058,,,
WORKER_RELOC,,5,9,8,,2.9280194457369273,,,
WORKER_RELOC,,5,9,9,,0.0,,,
WORKER_RELOC,,5,9,10,,14.987319990169878,,,
WORKER_RELOC,,5,9,11,,13.192631475176205,,,
WORKER_RELOC,,5,10,0,,13.347777770612169,,,
WORKER_RELOC,,5,10,1,,6.600527622633916,,,
WORKER_RELOC,,5,10,2,,8.02499601742165,,,
WORKER_RELOC,,5,10,3,,9.025119187004288,,,
WORKER_RELOC,,5,10,4,,15.485477901904364,,,
WORKER_RELOC,,5,10,5,,15.411282095097977,,,
WORKER_RELOC,,5,10,6,,15.741935921821543,,,
WORKER_RELOC,,5,10,7,,10.147389448207633,,,
WORKER_RELOC,,5,10,8,,8.694680832136221,,,
WORKER_RELOC,,5,10,9,,15.992316323168541,,,
WORKER_RELOC,,5,10,10,,0.0,,,
WORKER_RELOC,,5,10,11,,11.894744553414805,,,
WORKER_RELOC,,5,11,0,,14.875347305710402,,,
WORKER_RELOC,,5,11,1,,15.646320231567394,,,
WORKER_RELOC,,5,11,2,,7.503463935416528,,,
WORKER_RELOC,,5,11,3,,12.553610744212577,,,
WORKER_RELOC,,5,11,4,,12.991562092257269,,,
WORKER_RELOC,,5,11,5,,15.659033063648963,,,
WORKER_RELOC,,5,11,6,,8.937194195305711,,,
WORKER_RELOC,,5,11,7,,6.620303405126965,,,
WORKER_RELOC,,5,11,8,,6.74108549601284,,,
WORKER_RELOC,,5,11,9,,13.953637179108043,,,
WORKER_RELOC,,5,11,10,,15.248791051214193,,,
WORKER_RELOC,,5,11,11,,0.0,,,
WORKER_RELOC,,6,0,0,,0.0,,,
WORKER_RELOC,,6,0,1,,15.840289151172609,,,
WORKER_RELOC,,6,0,2,,13.679035889313539,,,
WORKER_RELOC,,6,0,3,,9.899402087116165,,,
WORKER_RELOC,,6,0,4,,9.79479372302413,,,
WORKER_RELOC,,6,0,5,,15.926444565597857,,,
WORKER_RELOC,,6,0,6,,15.594606186897582,,,
WORKER_RELOC,,6,0,7,,15.585148897851552,,,
WORKER_RELOC,,6,0,8,,7.876862649683564,,,
WORKER_RELOC,,6,0,9,,8.219330467491954,,,
WORKER_RELOC,,6,0,10,,7.602189659800688,,,
WORKER_RELOC,,6,0,11,,9.753666962021274,,,
WORKER_RELOC,,6,1,0,,8.237714420897644,,,
WORKER_RELOC,,6,1,1,,0.0,,,
WORKER_RELOC,,6,1,2,,4.125994765159778,,,
WORKER_RELOC,,6,1,3,,11.423604509119876,,,
WORKER_RELOC,,6,1,4,,14.293422770212961,,,
WORKER_RELOC,,6,1,5,,7.322166342462491,,,
WORKER_RELOC,,6,1,6,,11.217083149944123,,,
WORKER_RELOC,,6,1,7,,15.99772487918168,,,
WORKER_RELOC,,6,1,8,,8.730423040799838,,,
WORKER_RELOC,,6,1,9,,15.04784274244692,,,
WORKER_RELOC,,6,1,10,,15.6905472505643,,,
WORKER_RELOC,,6,1,11,,12.514709081892583,,,
WORKER_RELOC,,6,2,0,,13.538578162448133,,,
WORKER_RELOC,,6,2,1,,3.6360989311079783,,,
WORKER_RELOC,,6,2,2,,0.0,,,
WORKER_RELOC,,6,2,3,,8.79425576535454,,,
WORKER_RELOC,,6,2,4,,7.8445398038474785,,,
WORKER_RELOC,,6,2,5,,14.58441268669585,,,
WORKER_RELOC,,6,2,6,,13.64880159094843,,,
WORKER_RELOC,,6,2,7,,14.455946434636171,,,
WORKER_RELOC,,6,2,8,,6.983795429465476,,,
WORKER_RELOC,,6,2,9,,14.106420279925123,,,
WORKER_RELOC,,6,2,10,,6.371451803650318,,,
WORKER_RELOC,,6,2,11,,15.306376696489497,,,
WORKER_RELOC,,6,3,0,,10.600950092948217,,,
WORKER_RELOC,,6,3,1,,7.182144636378605,,,
WORKER_RELOC,,6,3,2,,9.014056605846708,,,
WORKER_RELOC,,6,3,3,,0.0,,,
WORKER_RELOC,,6,3,4,,10.358024111076524,,,
WORKER_RELOC,,6,3,5,,7.603263649378186,,,
WORKER_RELOC,,6,3,6,,11.869932017917854,,,
WORKER_RELOC,,6,3,7,,11.754984414863499,,,
WORKER_RELOC,,6,3,8,,9.785487476628585,,,
WORKER_RELOC,,6,3,9,,8.708635896563699,,,
WORKER_RELOC,,6,3,10,,12.528463163859737,,,
WORKER_RELOC,,6,3,11,,6.011794084639719,,,
WORKER_RELOC,,6,4,0,,11.72065065974098,,,
WORKER_RELOC,,6,4,1,,15.894374511128628,,,
WORKER_RELOC,,6,4,2,,9.569504158092215,,,
WORKER_RELOC,,6,4,3,,13.998510090232852,,,
WORKER_RELOC,,6,4,4,,0.0,,,
WORKER_RELOC,,6,4,5,,2.6584543275590504,,,
WORKER_RELOC,,6,4,6,,15.373411786285534,,,
WORKER_RELOC,,6,4,7,,11.645926946552542,,,
WORKER_RELOC,,6,4,8,,15.799178944993951,,,
WORKER_RELOC,,6,4,9,,7.905698166200756,,,
WORKER_RELOC,,6,4,10,,13.136782492629639,,,
WORKER_RELOC,,6,4,11,,11.705675570579306,,,
WORKER_RELOC,,6,5,0,,9.762776266027508,,,
WORKER_RELOC,,6,5,1,,13.274687925936407,,,
WORKER_RELOC,,6,5,2,,13.740069249147778,,,
WORKER_RELOC,,6,5,3,,9.229831426496274,,,
WORKER_RELOC,,6,5,4,,4.935891633171176,,,
WORKER_RELOC,,6,5,5,,0.0,,,
WORKER_RELOC,,6,5,6,,15.10027417359276,,,
WORKER_RELOC,,6,5,7,,15.95828132625347,,,
WORKER_RELOC,,6,5,8,,7.416127344309333,,,
WORKER_RELOC,,6,5,9,,14.311514050283028,,,
WORKER_RELOC,,6,5,10,,8.508541706770451,,,
WORKER_RELOC,,6,5,11,,9.876010687483731,,,
WORKER_RELOC,,6,6,0,,14.636967022071142,,,
WORKER_RELOC,,6,6,1,,11.490928937037255,,,
WORKER_RELOC,,6,6,2,,13.48987272625841,,,
WORKER_RELOC,,6,6,3,,8.471049042273116,,,
WORKER_RELOC,,6,6,4,,14.70890503560426,,,
WORKER_RELOC,,6,6,5,,10.63356827155889,,,
WORKER_RELOC,,6,6,6,,0.0,,,
WORKER_RELOC,,6,6,7,,2.311330335308643,,,
WORKER_RELOC,,6,6,8,,10.44488383569507,,,
WORKER_RELOC,,6,6,9,,10.802291853404707,,,
WORKER_RELOC,,6,6,10,,11.794474748674922,,,
WORKER_RELOC,,6,6,11,,11.557637075636375,,,
WORKER_RELOC,,6,7,0,,15.157963692116992,,,
WORKER_RELOC,,6,7,1,,14.756404295926203,,,
WORKER_RELOC,,6,7,2,,14.505524519256511,,,
WORKER_RELOC,,6,7,3,,14.476767695056006,,,
WORKER_RELOC,,6,7,4,,7.717703809129913,,,
WORKER_RELOC,,6,7,5,,14.548812557586984,,,
WORKER_RELOC,,6,7,6,,3.140838613440812,,,
WORKER_RELOC,,6,7,7,,0.0,,,
WORKER_RELOC,,6,7,8,,8.278583148402577,,,
WORKER_RELOC,,6,7,9,,6.526646919304672,,,
WORKER_RELOC,,6,7,10,,11.685949408373142,,,
WORKER_RELOC,,6,7,11,,7.642339269516362,,,
WORKER_RELOC,,6,8,0,,9.782018593716243,,,
WORKER_RELOC,,6,8,1,,10.63182863806133,,,
WORKER_RELOC,,6,8,2,,7.175946306535842,,,
WORKER_RELOC,,6,8,3,,7.41951303338563,,,
WORKER_RELOC,,6,8,4,,15.51001524738556,,,
WORKER_RELOC,,6,8,5,,12.433187894747459,,,
WORKER_RELOC,,6,8,6,,13.078412108477561,,,
WORKER_RELOC,,6,8,7,,14.934190070849105,,,
WORKER_RELOC,,6,8,8,,0.0,,,
WORKER_RELOC,,6,8,9,,3.4517931797096573,,,
WORKER_RELOC,,6,8,10,,14.042880208355998,,,
WORKER_RELOC,,6,8,11,,6.8734412303664545,,,
WORKER_RELOC,,6,9,0,,11.083235612861971,,,
WORKER_RELOC,,6,9,1,,9.142808162631052,,,
WORKER_RELOC,,6,9,2,,8.6096844771476,,,
WORKER_RELOC,,6,9,3,,7.438848759683607,,,
WORKER_RELOC,,6,9,4,,15.267050669632905,,,
WORKER_RELOC,,6,9,5,,10.707434068238966,,,
WORKER_RELOC,,6,9,6,,9.11794476114784,,,
WORKER_RELOC,,6,9,7,,6.602158433192487,,,
WORKER_RELOC,,6,9,8,,2.2437839507258968,,,
WORKER_RELOC,,6,9,9,,0.0,,,
WORKER_RELOC,,6,9,10,,7.113949649550545,,,
WORKER_RELOC,,6,9,11,,13.127048583754833,,,
WORKER_RELOC,,6,10,0,,12.500271310271643,,,
WORKER_RELOC,,6,10,1,,7.332338872221373,,,
WORKER_RELOC,,6,10,2,,15.00200372035472,,,
WORKER_RELOC,,6,10,3,,9.36050662267672,,,
WORKER_RELOC,,6,10,4,,7.162114070235509,,,
WORKER_RELOC,,6,10,5,,12.217652517567252,,,
WORKER_RELOC,,6,10,6,,6.214268284123406,,,
WORKER_RELOC,,6,10,7,,7.541139313262306,,,
WORKER_RELOC,,6,10,8,,15.895086131010915,,,
WORKER_RELOC,,6,10,9,,8.199457966317121,,,
WORKER_RELOC,,6,10,10,,0.0,,,
WORKER_RELOC,,6,10,11,,14.36530479075172,,,
WORKER_RELOC,,6,11,0,,9.19406560930807,,,
WORKER_RELOC,,6,11,1,,8.115646129453172,,,
WORKER_RELOC,,6,11,2,,11.387697911920245,,,
WORKER_RELOC,,6,11,3,,13.84870456916277,,,
WORKER_RELOC,,6,11,4,,15.41349846646611,,,
WORKER_RELOC,,6,11,5,,12.309799498980556,,,
WORKER_RELOC,,6,11,6,,10.408792321081869,,,
WORKER_RELOC,,6,11,7,,10.27004580041126,,,
WORKER_RELOC,,6,11,8,,7.043903610402339,,,
WORKER_RELOC,,6,11,9,,13.346148376683482,,,
WORKER_RELOC,,6,11,10,,7.615258912470143,,,
WORKER_RELOC,,6,11,11,,0.0,,,
WORKER_RELOC,,7,0,0,,0.0,,,
WORKER_RELOC,,7,0,1,,10.000118354761993,,,
WORKER_RELOC,,7,0,2,,9.019345444680116,,,
WORKER_RELOC,,7,0,3,,8.125111834447935,,,
WORKER_RELOC,,7,0,4,,15.21530511292466,,,
WORKER_RELOC,,7,0,5,,13.773957598612556,,,
WORKER_RELOC,,7,0,6,,9.395202639385538,,,
WORKER_RELOC,,7,0,7,,11.030996703733683,,,
WORKER_RELOC,,7,0,8,,14.306201201437064,,,
WORKER_RELOC,,7,0,9,,10.710624457421588,,,
WORKER_RELOC,,7,0,10,,10.73377125160836,,,
WORKER_RELOC,,7,0,11,,8.084075515258704,,,
WORKER_RELOC,,7,1,0,,12.329709905254555,,,
WORKER_RELOC,,7,1,1,,0.0,,,
WORKER_RELOC,,7,1,2,,3.6548065410862787,,,
WORKER_RELOC,,7,1,3,,15.719746606806138,,,
WORKER_RELOC,,7,1,4,,15.628239195415308,,,
WORKER_RELOC,,7,1,5,,14.740022103532851,,,
WORKER_RELOC,,7,1,6,,10.074640631652711,,,
WORKER_RELOC,,7,1,7,,15.579943629386594,,,
WORKER_RELOC,,7,1,8,,10.52145511684638,,,
WORKER_RELOC,,7,1,9,,7.542130995008889,,,
WORKER_RELOC,,7,1,10,,12.557791035860419,,,
WORKER_RELOC,,7,1,11,,6.226418642281811,,,
WORKER_RELOC,,7,2,0,,6.574464150907491,,,
WORKER_RELOC,,7,2,1,,3.019471516027366,,,
WORKER_RELOC,,7,2,2,,0.0,,,
WORKER_RELOC,,7,2,3,,11.887077634944253,,,
WORKER_RELOC,,7,2,4,,10.514688044910375,,,
WORKER_RELOC,,7,2,5,,13.04488055494276,,,
WORKER_RELOC,,7,2,6,,7.840281188686973,,,
WORKER_RELOC,,7,2,7,,10.206999119103013,,,
WORKER_RELOC,,7,2,8,,9.91552696348327,,,
WORKER_RELOC,,7,2,9,,15.917597119081762,,,
WORKER_RELOC,,7,2,10,,11.46027838025504,,,
WORKER_RELOC,,7,2,11,,7.892678640026367,,,
WORKER_RELOC,,7,3,0,,14.693411295794139,,,
WORKER_RELOC,,7,3,1,,11.237163477911494,,,
WORKER_RELOC,,7,3,2,,7.559764266703319,,,
WORKER_RELOC,,7,3,3,,0.0,,,
WORKER_RELOC,,7,3,4,,11.24994964605307,,,
WORKER_RELOC,,7,3,5,,14.643563441387878,,,
WORKER_RELOC,,7,3,6,,15.005768420342697,,,
WORKER_RELOC,,7,3,7,,6.448630320651722,,,
WORKER_RELOC,,7,3,8,,8.283605840046247,,,
WORKER_RELOC,,7,3,9,,6.6871917846126365,,,
WORKER_RELOC,,7,3,10,,14.962973589643488,,,
WORKER_RELOC,,7,3,11,,14.943271870053868,,,
WORKER_RELOC,,7,4,0,,10.366478336106997,,,
WORKER_RELOC,,7,4,1,,8.706562104794697,,,
WORKER_RELOC,,7,4,2,,6.24574552013803,,,
WORKER_RELOC,,7,4,3,,10.08156684146687,,,
WORKER_RELOC,,7,4,4,,0.0,,,
WORKER_RELOC,,7,4,5,,3.354644293825874,,,
WORKER_RELOC,,7,4,6,,15.279202707759879,,,
WORKER_RELOC,,7,4,7,,8.574770494927092,,,
WORKER_RELOC,,7,4,8,,12.375224034000475,,,
WORKER_RELOC,,7,4,9,,15.823297056256946,,,
WORKER_RELOC,,7,4,10,,9.598196500981249,,,
WORKER_RELOC,,7,4,11,,9.336170256652254,,,
WORKER_RELOC,,7,5,0,,14.629414240928396,,,
WORKER_RELOC,,7,5,1,,11.39113336209831,,,
WORKER_RELOC,,7,5,2,,6.461157167346945,,,
WORKER_RELOC,,7,5,3,,12.757241539006422,,,
WORKER_RELOC,,7,5,4,,3.589860660641455,,,
WORKER_RELOC,,7,5,5,,0.0,,,
WORKER_RELOC,,7,5,6,,15.515715406966653,,,
WORKER_RELOC,,7,5,7,,8.850918316544796,,,
WORKER_RELOC,,7,5,8,,8.732136022114862,,,
WORKER_RELOC,,7,5,9,,8.884373781007374,,,
WORKER_RELOC,,7,5,10,,14.113159789478857,,,
WORKER_RELOC,,7,5,11,,12.61017604997756,,,
WORKER_RELOC,,7,6,0,,15.724111451852433,,,
WORKER_RELOC,,7,6,1,,13.23852608834157,,,
WORKER_RELOC,,7,6,2,,9.654513116356027,,,
WORKER_RELOC,,7,6,3,,13.370215052686714,,,
WORKER_RELOC,,7,6,4,,10.457471268012778,,,
WORKER_RELOC,,7,6,5,,9.825662526056757,,,
WORKER_RELOC,,7,6,6,,0.0,,,
WORKER_RELOC,,7,6,7,,5.415021582328016,,,
WORKER_RELOC,,7,6,8,,10.674563910309963,,,
WORKER_RELOC,,7,6,9,,10.799433623621663,,,
WORKER_RELOC,,7,6,10,,9.950309248107864,,,
WORKER_RELOC,,7,6,11,,10.344829374800668,,,
WORKER_RELOC,,7,7,0,,13.626565938900828,,,
WORKER_RELOC,,7,7,1,,7.192559037291751,,,
WORKER_RELOC,,7,7,2,,15.120382906964036,,,
WORKER_RELOC,,7,7,3,,9.14207655793032,,,
WORKER_RELOC,,7,7,4,,12.570095594281103,,,
WORKER_RELOC,,7,7,5,,12.074519697013063,,,
WORKER_RELOC,,7,7,6,,3.7248242545211925,,,
WORKER_RELOC,,7,7,7,,0.0,,,
WORKER_RELOC,,7,7,8,,13.900266740644103,,,
WORKER_RELOC,,7,7,9,,12.554894647729842,,,
WORKER_RELOC,,7,7,10,,7.4731285313475775,,,
WORKER_RELOC,,7,7,11,,13.611917225274494,,,
WORKER_RELOC,,7,8,0,,8.93321919565447,,,
WORKER_RELOC,,7,8,1,,15.514425502249441,,,
WORKER_RELOC,,7,8,2,,12.672584792286951,,,
WORKER_RELOC,,7,8,3,,15.444624324040808,,,
WORKER_RELOC,,7,8,4,,13.97210708889569,,,
WORKER_RELOC,,7,8,5,,9.714957740717427,,,
WORKER_RELOC,,7,8,6,,15.53587128336342,,,
WORKER_RELOC,,7,8,7,,8.479563944458395,,,
WORKER_RELOC,,7,8,8,,0.0,,,
WORKER_RELOC,,7,8,9,,5.157254591715101,,,
WORKER_RELOC,,7,8,10,,12.17329636414269,,,
WORKER_RELOC,,7,8,11,,6.0473532347436105,,,
WORKER_RELOC,,7,9,0,,15.400295284870877,,,
WORKER_RELOC,,7,9,1,,8.445648695035036,,,
WORKER_RELOC,,7,9,2,,15.484658031728689,,,
WORKER_RELOC,,7,9,3,,8.139416321473472,,,
WORKER_RELOC,,7,9,4,,8.185493741477297,,,
WORKER_RELOC,,7,9,5,,6.246073673941128,,,
WORKER_RELOC,,7,9,6,,8.482111111266654,,,
WORKER_RELOC,,7,9,7,,15.900658011414885,,,
WORKER_RELOC,,7,9,8,,4.1705928161544605,,,
WORKER_RELOC,,7,9,9,,0.0,,,
WORKER_RELOC,,7,9,10,,7.486683433145077,,,
WORKER_RELOC,,7,9,11,,12.860141576654224,,,
WORKER_RELOC,,7,10,0,,6.869426859887469,,,
WORKER_RELOC,,7,10,1,,10.217111237475578,,,
WORKER_RELOC,,7,10,2,,9.083199914273042,,,
WORKER_RELOC,,7,10,3,,11.451984511458146,,,
WORKER_RELOC,,7,10,4,,10.716125029415547,,,
WORKER_RELOC,,7,10,5,,13.02805732555561,,,
WORKER_RELOC,,7,10,6,,10.289552897800469,,,
WORKER_RELOC,,7,10,7,,9.11236613475116,,,
WORKER_RELOC,,7,10,8,,10.768671019054567,,,
WORKER_RELOC,,7,10,9,,6.666261375154933,,,
WORKER_RELOC,,7,10,10,,0.0,,,
WORKER_RELOC,,7,10,11,,7.508651828150267,,,
WORKER_RELOC,,7,11,0,,11.60331465838017,,,
WORKER_RELOC,,7,11,1,,15.88509596119248,,,
WORKER_RELOC,,7,11,2,,6.1784168238815145,,,
WORKER_RELOC,,7,11,3,,11.337713379710058,,,
WORKER_RELOC,,7,11,4,,12.105161168602994,,,
WORKER_RELOC,,7,11,5,,13.332088364462118,,,
WORKER_RELOC,,7,11,6,,8.076194389620646,,,
WORKER_RELOC,,7,11,7,,15.218293459576302,,,
WORKER_RELOC,,7,11,8,,14.469340494959598,,,
WORKER_RELOC,,7,11,9,,7.607234927318916,,,
WORKER_RELOC,,7,11,10,,13.463115103487882,,,
WORKER_RELOC,,7,11,11,,0.0,,,
ROBOT_RELOC,,0,0,0,,0.0,,,
ROBOT_RELOC,,0,0,1,,6.855130551591047,,,
ROBOT_RELOC,,0,0,2,,15.225885230321207,,,
ROBOT_RELOC,,0,0,3,,14.70890781520077,,,
ROBOT_RELOC,,0,0,4,,10.679377051753113,,,
ROBOT_RELOC,,0,0,5,,8.338888624587533,,,
ROBOT_RELOC,,0,0,6,,15.123195752697118,,,
ROBOT_RELOC,,0,0,7,,10.95966768798229,,,
ROBOT_RELOC,,0,0,8,,8.714531935355229,,,
ROBOT_RELOC,,0,0,9,,14.359672233768903,,,
ROBOT_RELOC,,0,0,10,,6.9293762060650845,,,
ROBOT_RELOC,,0,0,11,,8.864833798978594,,,
ROBOT_RELOC,,0,1,0,,9.403295848260482,,,
ROBOT_RELOC,,0,1,1,,0.0,,,
ROBOT_RELOC,,0,1,2,,4.624805851707215,,,
ROBOT_RELOC,,0,1,3,,15.343461771898198,,,
ROBOT_RELOC,,0,1,4,,10.692317167947081,,,
ROBOT_RELOC,,0,1,5,,15.99344626550155,,,
ROBOT_RELOC,,0,1,6,,6.905079064233227,,,
ROBOT_RELOC,,0,1,7,,9.640308551002633,,,
ROBOT_RELOC,,0,1,8,,6.878199303642822,,,
ROBOT_RELOC,,0,1,9,,11.039868164481598,,,
ROBOT_RELOC,,0,1,10,,10.866343167376868,,,
ROBOT_RELOC,,0,1,11,,12.188181848283191,,,
ROBOT_RELOC,,0,2,0,,6.497087233681097,,,
ROBOT_RELOC,,0,2,1,,3.8595641018415265,,,
ROBOT_RELOC,,0,2,2,,0.0,,,
ROBOT_RELOC,,0,2,3,,15.822939491420179,,,
ROBOT_RELOC,,0,2,4,,10.920539963585101,,,
ROBOT_RELOC,,0,2,5,,15.529861831754763,,,
ROBOT_RELOC,,0,2,6,,11.175393662779728,,,
ROBOT_RELOC,,0,2,7,,12.264015840360388,,,
ROBOT_RELOC,,0,2,8,,11.02812409237224,,,
ROBOT_RELOC,,0,2,9,,13.754642713299349,,,
ROBOT_RELOC,,0,2,10,,13.596893917125865,,,
ROBOT_RELOC,,0,2,11,,7.341865780252172,,,
ROBOT_RELOC,,0,3,0,,7.304020243846202,,,
ROBOT_RELOC,,0,3,1,,10.865814296785913,,,
ROBOT_RELOC,,0,3,2,,7.680247403848929,,,
ROBOT_RELOC,,0,3,3,,0.0,,,
ROBOT_RELOC,,0,3,4,,15.02716903882916,,,
ROBOT_RELOC,,0,3,5,,12.25858163180991,,,
ROBOT_RELOC,,0,3,6,,6.732689491413666,,,
ROBOT_RELOC,,0,3,7,,8.656194421432083,,,
ROBOT_RELOC,,0,3,8,,11.344821948818849,,,
ROBOT_RELOC,,0,3,9,,10.381132632970536,,,
ROBOT_RELOC,,0,3,10,,6.107053948950612,,,
ROBOT_RELOC,,0,3,11,,8.500010990477172,,,
ROBOT_RELOC,,0,4,0,,14.283840428729398,,,
ROBOT_RELOC,,0,4,1,,11.744690090453517,,,
ROBOT_RELOC,,0,4,2,,6.238532651334706,,,
ROBOT_RELOC,,0,4,3,,8.399904688252612,,,
ROBOT_RELOC,,0,4,4,,0.0,,,
ROBOT_RELOC,,0,4,5,,3.9423991761305097,,,
ROBOT_RELOC,,0,4,6,,6.4532546466324,,,
ROBOT_RELOC,,0,4,7,,12.751504438265531,,,
ROBOT_RELOC,,0,4,8,,13.429799301221717,,,
ROBOT_RELOC,,0,4,9,,11.639038481871758,,,
ROBOT_RELOC,,0,4,10,,8.535037295805719,,,
ROBOT_RELOC,,0,4,11,,8.493053956632318,,,
ROBOT_RELOC,,0,5,0,,9.79959265837273,,,
ROBOT_RELOC,,0,5,1,,7.789197247463926,,,
ROBOT_RELOC,,0,5,2,,6.117198256452191,,,
ROBOT_RELOC,,0,5,3,,6.220106758546238,,,
ROBOT_RELOC,,0,5,4,,5.908655769790506,,,
ROBOT_RELOC,,0,5,5,,0.0,,,
ROBOT_RELOC,,0,5,6,,8.073851370322577,,,
ROBOT_RELOC,,0,5,7,,9.395949833696939,,,
ROBOT_RELOC,,0,5,8,,8.011024381463978,,,
ROBOT_RELOC,,0,5,9,,7.452567296865718,,,
ROBOT_RELOC,,0,5,10,,10.792482509308302,,,
ROBOT_RELOC,,0,5,11,,13.780727610840746,,,
ROBOT_RELOC,,0,6,0,,10.879517614753297,,,
ROBOT_RELOC,,0,6,1,,11.845969573086228,,,
ROBOT_RELOC,,0,6,2,,11.129805646627844,,,
ROBOT_RELOC,,0,6,3,,7.909924709753357,,,
ROBOT_RELOC,,0,6,4,,8.22071234582841,,,
ROBOT_RELOC,,0,6,5,,12.846042275380615,,,
ROBOT_RELOC,,0,6,6,,0.0,,,
ROBOT_RELOC,,0,6,7,,2.228182457197425,,,
ROBOT_RELOC,,0,6,8,,15.799607467288073,,,
ROBOT_RELOC,,0,6,9,,10.174786840486536,,,
ROBOT_RELOC,,0,6,10,,12.573433162704422,,,
ROBOT_RELOC,,0,6,11,,9.133288951091323,,,
ROBOT_RELOC,,0,7,0,,11.358672263977239,,,
ROBOT_RELOC,,0,7,1,,8.536553143737864,,,
ROBOT_RELOC,,0,7,2,,14.087056835759668,,,
ROBOT_RELOC,,0,7,3,,13.497654127975888,,,
ROBOT_RELOC,,0,7,4,,9.91477028268603,,,
ROBOT_RELOC,,0,7,5,,11.60056934556665,,,
ROBOT_RELOC,,0,7,6,,4.242289181646267,,,
ROBOT_RELOC,,0,7,7,,0.0,,,
ROBOT_RELOC,,0,7,8,,13.498231881607156,,,
ROBOT_RELOC,,0,7,9,,13.662012724021938,,,
ROBOT_RELOC,,0,7,10,,9.140570989939079,,,
ROBOT_RELOC,,0,7,11,,7.798660650076021,,,
ROBOT_RELOC,,0,8,0,,15.128814194366408,,,
ROBOT_RELOC,,0,8,1,,15.296318404070764,,,
ROBOT_RELOC,,0,8,2,,13.597230151522288,,,
ROBOT_RELOC,,0,8,3,,15.762593575797355,,,
ROBOT_RELOC,,0,8,4,,15.041851445431282,,,
ROBOT_RELOC,,0,8,5,,6.737491343675173,,,
ROBOT_RELOC,,0,8,6,,9.116096103087692,,,
ROBOT_RELOC,,0,8,7,,9.264441406967475,,,
ROBOT_RELOC,,0,8,8,,0.0,,,
ROBOT_RELOC,,0,8,9,,4.338395566367602,,,
ROBOT_RELOC,,0,8,10,,7.420533396464036,,,
ROBOT_RELOC,,0,8,11,,9.922907529733159,,,
ROBOT_RELOC,,0,9,0,,13.190066722369775,,,
ROBOT_RELOC,,0,9,1,,10.098453870275224,,,
ROBOT_RELOC,,0,9,2,,10.753010053185188,,,
ROBOT_RELOC,,0,9,3,,9.57230286423066,,,
ROBOT_RELOC,,0,9,4,,10.042030555954003,,,
ROBOT_RELOC,,0,9,5,,15.38345510954707,,,
ROBOT_RELOC,,0,9,6,,14.910932866692947,,,
ROBOT_RELOC,,0,9,7,,14.440604155117498,,,
ROBOT_RELOC,,0,9,8,,3.26549062893153,,,
ROBOT_RELOC,,0,9,9,,0.0,,,
ROBOT_RELOC,,0,9,10,,7.689760400275952,,,
ROBOT_RELOC,,0,9,11,,10.467325430780598,,,
ROBOT_RELOC,,0,10,0,,12.284931994091785,,,
ROBOT_RELOC,,0,10,1,,11.924009622676072,,,
ROBOT_RELOC,,0,10,2,,13.186031523954732,,,
ROBOT_RELOC,,0,10,3,,14.64469438664823,,,
ROBOT_RELOC,,0,10,4,,15.864178933675165,,,
ROBOT_RELOC,,0,10,5,,15.72620443059223,,,
ROBOT_RELOC,,0,10,6,,8.799006001148161,,,
ROBOT_RELOC,,0,10,7,,6.722214357774766,,,
ROBOT_RELOC,,0,10,8,,13.247770720026711,,,
ROBOT_RELOC,,0,10,9,,13.311020377214717,,,
ROBOT_RELOC,,0,10,10,,0.0,,,
ROBOT_RELOC,,0,10,11,,7.842714846216079,,,
ROBOT_RELOC,,0,11,0,,7.9915169953580625,,,
ROBOT_RELOC,,0,11,1,,15.866815801501723,,,
ROBOT_RELOC,,0,11,2,,13.458003686635383,,,
ROBOT_RELOC,,0,11,3,,14.33994640205288,,,
ROBOT_RELOC,,0,11,4,,13.460899742496117,,,
ROBOT_RELOC,,0,11,5,,13.046666355741024,,,
ROBOT_RELOC,,0,11,6,,13.704080463702944,,,
ROBOT_RELOC,,0,11,7,,11.562740677945051,,,
ROBOT_RELOC,,0,11,8,,14.704335468485374,,,
ROBOT_RELOC,,0,11,9,,7.301278489415929,,,
ROBOT_RELOC,,0,11,10,,15.628399493885038,,,
ROBOT_RELOC,,0,11,11,,0.0,,,
ROBOT_RELOC,,1,0,0,,0.0,,,
ROBOT_RELOC,,1,0,1,,7.347432149372734,,,
ROBOT_RELOC,,1,0,2,,6.955257140868072,,,
ROBOT_RELOC,,1,0,3,,6.314520138410662,,,
ROBOT_RELOC,,1,0,4,,9.085267234205768,,,
ROBOT_RELOC,,1,0,5,,14.59008798973033,,,
ROBOT_RELOC,,1,0,6,,15.408444673688006,,,
ROBOT_RELOC,,1,0,7,,7.814922796153018,,,
ROBOT_RELOC,,1,0,8,,11.741906697984005,,,
ROBOT_RELOC,,1,0,9,,6.360574203569741,,,
ROBOT_RELOC,,1,0,10,,11.566750552017371,,,
ROBOT_RELOC,,1,0,11,,10.751614193193308,,,
ROBOT_RELOC,,1,1,0,,14.606133054006882,,,
ROBOT_RELOC,,1,1,1,,0.0,,,
ROBOT_RELOC,,1,1,2,,5.061306449005804,,,
ROBOT_RELOC,,1,1,3,,15.653423226402314,,,
ROBOT_RELOC,,1,1,4,,13.483102495651174,,,
ROBOT_RELOC,,1,1,5,,7.162095263574835,,,
ROBOT_RELOC,,1,1,6,,8.72485910288791,,,
ROBOT_RELOC,,1,1,7,,9.011341578473864,,,
ROBOT_RELOC,,1,1,8,,8.061876542595005,,,
ROBOT_RELOC,,1,1,9,,11.911470162972442,,,
ROBOT_RELOC,,1,1,10,,13.5845406191162,,,
ROBOT_RELOC,,1,1,11,,14.792379009761902,,,
ROBOT_RELOC,,1,2,0,,14.723428518897757,,,
ROBOT_RELOC,,1,2,1,,5.984628818540379,,,
ROBOT_RELOC,,1,2,2,,0.0,,,
ROBOT_RELOC,,1,2,3,,9.73071830379161,,,
ROBOT_RELOC,,1,2,4,,7.747655330337043,,,
ROBOT_RELOC,,1,2,5,,9.708239854174394,,,
ROBOT_RELOC,,1,2,6,,13.113975369068598,,,
ROBOT_RELOC,,1,2,7,,13.112166754746228,,,
ROBOT_RELOC,,1,2,8,,15.441058488529135,,,
ROBOT_RELOC,,1,2,9,,13.050249639450751,,,
ROBOT_RELOC,,1,2,10,,15.410356468816579,,,
ROBOT_RELOC,,1,2,11,,15.92927638025377,,,
ROBOT_RELOC,,1,3,0,,11.027871554096674,,,
ROBOT_RELOC,,1,3,1,,14.506872759839501,,,
ROBOT_RELOC,,1,3,2,,11.617841580660702,,,
ROBOT_RELOC,,1,3,3,,0.0,,,
ROBOT_RELOC,,1,3,4,,12.379078506673554,,,
ROBOT_RELOC,,1,3,5,,12.435179495635062,,,
ROBOT_RELOC,,1,3,6,,10.699274982759295,,,
ROBOT_RELOC,,1,3,7,,14.168143418129018,,,
ROBOT_RELOC,,1,3,8,,10.106654046160926,,,
ROBOT_RELOC,,1,3,9,,6.773621976113493,,,
ROBOT_RELOC,,1,3,10,,8.373830594437463,,,
ROBOT_RELOC,,1,3,11,,11.210730747240188,,,
ROBOT_RELOC,,1,4,0,,13.805898852280306,,,
ROBOT_RELOC,,1,4,1,,9.10932274573858,,,
ROBOT_RELOC,,1,4,2,,14.187033187672768,,,
ROBOT_RELOC,,1,4,3,,9.696374614075843,,,
ROBOT_RELOC,,1,4,4,,0.0,,,
ROBOT_RELOC,,1,4,5,,5.429599870950898,,,
ROBOT_RELOC,,1,4,6,,8.870334798301283,,,
ROBOT_RELOC,,1,4,7,,14.462131826621667,,,
ROBOT_RELOC,,1,4,8,,7.527449176449537,,,
ROBOT_RELOC,,1,4,9,,8.644675843886882,,,
ROBOT_RELOC,,1,4,10,,12.064842841196835,,,
ROBOT_RELOC,,1,4,11,,6.140995464986147,,,
ROBOT_RELOC,,1,5,0,,8.952262964440315,,,
ROBOT_RELOC,,1,5,1,,8.902999726209934,,,
ROBOT_RELOC,,1,5,2,,12.860258048568008,,,
ROBOT_RELOC,,1,5,3,,14.831630892944007,,,
ROBOT_RELOC,,1,5,4,,5.1700710535056915,,,
ROBOT_RELOC,,1,5,5,,0.0,,,
ROBOT_RELOC,,1,5,6,,15.294356496336608,,,
ROBOT_RELOC,,1,5,7,,8.611690244674358,,,
ROBOT_RELOC,,1,5,8,,9.545647028123701,,,
ROBOT_RELOC,,1,5,9,,11.671519196950237,,,
ROBOT_RELOC,,1,5,10,,11.877860978710963,,,
ROBOT_RELOC,,1,5,11,,13.288599470445906,,,
ROBOT_RELOC,,1,6,0,,10.902592547640985,,,
ROBOT_RELOC,,1,6,1,,9.590993248255767,,,
ROBOT_RELOC,,1,6,2,,6.727176280804578,,,
ROBOT_RELOC,,1,6,3,,14.226705795655745,,,
ROBOT_RELOC,,1,6,4,,6.473120286597505,,,
ROBOT_RELOC,,1,6,5,,9.608393608815188,,,
ROBOT_RELOC,,1,6,6,,0.0,,,
ROBOT_RELOC,,1,6,7,,4.881248776047263,,,
ROBOT_RELOC,,1,6,8,,14.21468168557981,,,
ROBOT_RELOC,,1,6,9,,9.224711652627525,,,
ROBOT_RELOC,,1,6,10,,8.041455421160595,,,
ROBOT_RELOC,,1,6,11,,12.777780823928477,,,
ROBOT_RELOC,,1,7,0,,12.1780788495774,,,
ROBOT_RELOC,,1,7,1,,14.584922582178411,,,
ROBOT_RELOC,,1,7,2,,12.000622829826426,,,
ROBOT_RELOC,,1,7,3,,6.514218308474204,,,
ROBOT_RELOC,,1,7,4,,11.210503400262263,,,
ROBOT_RELOC,,1,7,5,,15.798650986522436,,,
ROBOT_RELOC,,1,7,6,,4.550151103588288,,,
ROBOT_RELOC,,1,7,7,,0.0,,,
ROBOT_RELOC,,1,7,8,,13.925176956641915,,,
ROBOT_RELOC,,1,7,9,,10.986243383908167,,,
ROBOT_RELOC,,1,7,10,,12.772001023170663,,,
ROBOT_RELOC,,1,7,11,,15.510548406924729,,,
ROBOT_RELOC,,1,8,0,,12.914793600192198,,,
ROBOT_RELOC,,1,8,1,,12.077677417507825,,,
ROBOT_RELOC,,1,8,2,,7.980094916490368,,,
ROBOT_RELOC,,1,8,3,,11.233287235252075,,,
ROBOT_RELOC,,1,8,4,,8.961898476452681,,,
ROBOT_RELOC,,1,8,5,,10.15246736536498,,,
ROBOT_RELOC,,1,8,6,,7.118246996109416,,,
ROBOT_RELOC,,1,8,7,,8.433069105220278,,,
ROBOT_RELOC,,1,8,8,,0.0,,,
ROBOT_RELOC,,1,8,9,,2.359007168606882,,,
ROBOT_RELOC,,1,8,10,,12.76360114796945,,,
ROBOT_RELOC,,1,8,11,,15.622742656389459,,,
ROBOT_RELOC,,1,9,0,,9.51857381255084,,,
ROBOT_RELOC,,1,9,1,,6.03826808662788,,,
ROBOT_RELOC,,1,9,2,,7.732912564338227,,,
ROBOT_RELOC,,1,9,3,,13.781472132458806,,,
ROBOT_RELOC,,1,9,4,,15.40729533037608,,,
ROBOT_RELOC,,1,9,5,,7.966392213987125,,,
ROBOT_RELOC,,1,9,6,,13.219731287216664,,,
ROBOT_RELOC,,1,9,7,,12.631723664748328,,,
ROBOT_RELOC,,1,9,8,,2.7217054098529756,,,
ROBOT_RELOC,,1,9,9,,0.0,,,
ROBOT_RELOC,,1,9,10,,10.437425280014732,,,
ROBOT_RELOC,,1,9,11,,10.686432890820903,,,
ROBOT_RELOC,,1,10,0,,12.227738170875597,,,
ROBOT_RELOC,,1,10,1,,10.647742889457849,,,
ROBOT_RELOC,,1,10,2,,6.905681520778816,,,
ROBOT_RELOC,,1,10,3,,6.467003676873662,,,
ROBOT_RELOC,,1,10,4,,15.500297458302816,,,
ROBOT_RELOC,,1,10,5,,11.826787630311806,,,
ROBOT_RELOC,,1,10,6,,15.231589556533716,,,
ROBOT_RELOC,,1,10,7,,12.377026551550955,,,
ROBOT_RELOC,,1,10,8,,14.308539122673581,,,
ROBOT_RELOC,,1,10,9,,6.182250307489521,,,
ROBOT_RELOC,,1,10,10,,0.0,,,
ROBOT_RELOC,,1,10,11,,7.844672458825985,,,
ROBOT_RELOC,,1,11,0,,13.4765586877553,,,
ROBOT_RELOC,,1,11,1,,15.860291916590235,,,
ROBOT_RELOC,,1,11,2,,6.181092852180207,,,
ROBOT_RELOC,,1,11,3,,15.617587768623613,,,
ROBOT_RELOC,,1,11,4,,11.77409160338134,,,
ROBOT_RELOC,,1,11,5,,14.746786043945368,,,
ROBOT_RELOC,,1,11,6,,10.636704520293701,,,
ROBOT_RELOC,,1,11,7,,12.857819027089876,,,
ROBOT_RELOC,,1,11,8,,10.675706544693512,,,
ROBOT_RELOC,,1,11,9,,6.5422431610537135,,,
ROBOT_RELOC,,1,11,10,,9.574267162496099,,,
ROBOT_RELOC,,1,11,11,,0.0,,,
ROBOT_RELOC,,2,0,0,,0.0,,,
ROBOT_RELOC,,2,0,1,,15.241731818274499,,,
ROBOT_RELOC,,2,0,2,,11.02453872694892,,,
ROBOT_RELOC,,2,0,3,,11.113841807510962,,,
ROBOT_RELOC,,2,0,4,,15.709965552939842,,,
ROBOT_RELOC,,2,0,5,,9.334823397170926,,,
ROBOT_RELOC,,2,0,6,,11.319716219222421,,,
ROBOT_RELOC,,2,0,7,,15.266982249123405,,,
ROBOT_RELOC,,2,0,8,,14.207421856790587,,,
ROBOT_RELOC,,2,0,9,,6.2687630206373735,,,
ROBOT_RELOC,,2,0,10,,15.113414316387491,,,
ROBOT_RELOC,,2,0,11,,10.904330091903248,,,
ROBOT_RELOC,,2,1,0,,15.24815108712666,,,
ROBOT_RELOC,,2,1,1,,0.0,,,
ROBOT_RELOC,,2,1,2,,3.2417011239909006,,,
ROBOT_RELOC,,2,1,3,,6.48542377906421,,,
ROBOT_RELOC,,2,1,4,,7.852301883948554,,,
ROBOT_RELOC,,2,1,5,,12.620543545008067,,,
ROBOT_RELOC,,2,1,6,,15.212695519311223,,,
ROBOT_RELOC,,2,1,7,,15.005194923194852,,,
ROBOT_RELOC,,2,1,8,,14.10547622071216,,,
ROBOT_RELOC,,2,1,9,,11.639935932598688,,,
ROBOT_RELOC,,2,1,10,,15.541418900370397,,,
ROBOT_RELOC,,2,1,11,,13.629900909970809,,,
ROBOT_RELOC,,2,2,0,,9.267236559694059,,,
ROBOT_RELOC,,2,2,1,,4.731222071846949,,,
ROBOT_RELOC,,2,2,2,,0.0,,,
ROBOT_RELOC,,2,2,3,,6.110777504284604,,,
ROBOT_RELOC,,2,2,4,,6.203221831787749,,,
ROBOT_RELOC,,2,2,5,,8.640075999606033,,,
ROBOT_RELOC,,2,2,6,,10.758891394717363,,,
ROBOT_RELOC,,2,2,7,,14.059047314348817,,,
ROBOT_RELOC,,2,2,8,,8.33006319489086,,,
ROBOT_RELOC,,2,2,9,,6.403056607981613,,,
ROBOT_RELOC,,2,2,10,,10.357938514965848,,,
ROBOT_RELOC,,2,2,11,,13.749140547157886,,,
ROBOT_RELOC,,2,3,0,,8.358925966151354,,,
ROBOT_RELOC,,2,3,1,,14.462426267412539,,,
ROBOT_RELOC,,2,3,2,,13.673726220968724,,,
ROBOT_RELOC,,2,3,3,,0.0,,,
ROBOT_RELOC,,2,3,4,,11.785734854730517,,,
ROBOT_RELOC,,2,3,5,,6.584121042648279,,,
ROBOT_RELOC,,2,3,6,,11.965730053695026,,,
ROBOT_RELOC,,2,3,7,,13.276168069059644,,,
ROBOT_RELOC,,2,3,8,,13.142457013741467,,,
ROBOT_RELOC,,2,3,9,,15.539035528784236,,,
ROBOT_RELOC,,2,3,10,,15.098135028807032,,,
ROBOT_RELOC,,2,3,11,,11.210292268576316,,,
ROBOT_RELOC,,2,4,0,,9.871902207799994,,,
ROBOT_RELOC,,2,4,1,,10.423036851185222,,,
ROBOT_RELOC,,2,4,2,,15.186128642277783,,,
ROBOT_RELOC,,2,4,3,,10.927374084719535,,,
ROBOT_RELOC,,2,4,4,,0.0,,,
ROBOT_RELOC,,2,4,5,,3.877968260716829,,,
ROBOT_RELOC,,2,4,6,,8.104887243454465,,,
ROBOT_RELOC,,2,4,7,,11.72912534381387,,,
ROBOT_RELOC,,2,4,8,,9.887071189884855,,,
ROBOT_RELOC,,2,4,9,,6.997979115513585,,,
ROBOT_RELOC,,2,4,10,,6.971109165322038,,,
ROBOT_RELOC,,2,4,11,,7.278740599541919,,,
ROBOT_RELOC,,2,5,0,,8.73242717753786,,,
ROBOT_RELOC,,2,5,1,,12.166693034337937,,,
ROBOT_RELOC,,2,5,2,,6.779798993161636,,,
ROBOT_RELOC,,2,5,3,,13.808065225697854,,,
ROBOT_RELOC,,2,5,4,,2.2684551309534937,,,
ROBOT_RELOC,,2,5,5,,0.0,,,
ROBOT_RELOC,,2,5,6,,10.931894617227766,,,
ROBOT_RELOC,,2,5,7,,8.55687129927244,,,
ROBOT_RELOC,,2,5,8,,13.716140756109077,,,
ROBOT_RELOC,,2,5,9,,9.190373331966462,,,
ROBOT_RELOC,,2,5,10,,12.83103102308694,,,
ROBOT_RELOC,,2,5,11,,6.733934138551491,,,
ROBOT_RELOC,,2,6,0,,12.43358419644004,,,
ROBOT_RELOC,,2,6,1,,7.4611146815859986,,,
ROBOT_RELOC,,2,6,2,,13.584929772547653,,,
ROBOT_RELOC,,2,6,3,,7.605832128343392,,,
ROBOT_RELOC,,2,6,4,,9.552496402817566,,,
ROBOT_RELOC,,2,6,5,,15.38155547517578,,,
ROBOT_RELOC,,2,6,6,,0.0,,,
ROBOT_RELOC,,2,6,7,,2.1848485012552294,,,
ROBOT_RELOC,,2,6,8,,8.809939850459074,,,
ROBOT_RELOC,,2,6,9,,11.055440973985615,,,
ROBOT_RELOC,,2,6,10,,6.568931521621705,,,
ROBOT_RELOC,,2,6,11,,10.645427001170123,,,
ROBOT_RELOC,,2,7,0,,11.402253741324234,,,
ROBOT_RELOC,,2,7,1,,14.289299965214067,,,
ROBOT_RELOC,,2,7,2,,12.784114095490756,,,
ROBOT_RELOC,,2,7,3,,14.13799825240604,,,
ROBOT_RELOC,,2,7,4,,6.518013995050476,,,
ROBOT_RELOC,,2,7,5,,12.640539431971781,,,
ROBOT_RELOC,,2,7,6,,4.013908283770716,,,
ROBOT_RELOC,,2,7,7,,0.0,,,
ROBOT_RELOC,,2,7,8,,9.005541037938887,,,
ROBOT_RELOC,,2,7,9,,13.082698556936128,,,
ROBOT_RELOC,,2,7,10,,14.901911521181413,,,
ROBOT_RELOC,,2,7,11,,8.001256311371513,,,
ROBOT_RELOC,,2,8,0,,8.043928062883548,,,
ROBOT_RELOC,,2,8,1,,7.628197460858788,,,
ROBOT_RELOC,,2,8,2,,8.22270022844292,,,
ROBOT_RELOC,,2,8,3,,10.625344392578425,,,
ROBOT_RELOC,,2,8,4,,14.223642565901407,,,
ROBOT_RELOC,,2,8,5,,11.027783578358303,,,
ROBOT_RELOC,,2,8,6,,13.224973764903247,,,
ROBOT_RELOC,,2,8,7,,8.6201383425694,,,
ROBOT_RELOC,,2,8,8,,0.0,,,
ROBOT_RELOC,,2,8,9,,3.448310840651488,,,
ROBOT_RELOC,,2,8,10,,6.811743405433125,,,
ROBOT_RELOC,,2,8,11,,13.923002338331722,,,
ROBOT_RELOC,,2,9,0,,7.807760134478097,,,
ROBOT_RELOC,,2,9,1,,12.73341170644742,,,
ROBOT_RELOC,,2,9,2,,15.629319655033687,,,
ROBOT_RELOC,,2,9,3,,9.294590973227649,,,
ROBOT_RELOC,,2,9,4,,11.33567451214477,,,
ROBOT_RELOC,,2,9,5,,9.805850340441038,,,
ROBOT_RELOC,,2,9,6,,8.06640212727677,,,
ROBOT_RELOC,,2,9,7,,13.490290544716547,,,
ROBOT_RELOC,,2,9,8,,3.5560320733549444,,,
ROBOT_RELOC,,2,9,9,,0.0,,,
ROBOT_RELOC,,2,9,10,,6.010076529442902,,,
ROBOT_RELOC,,2,9,11,,6.581227641085768,,,
ROBOT_RELOC,,2,10,0,,10.561392748356985,,,
ROBOT_RELOC,,2,10,1,,15.245226969143003,,,
ROBOT_RELOC,,2,10,2,,7.763167211694968,,,
ROBOT_RELOC,,2,10,3,,11.415810794736867,,,
ROBOT_RELOC,,2,10,4,,14.381061784006473,,,
ROBOT_RELOC,,2,10,5,,15.451765989127628,,,
ROBOT_RELOC,,2,10,6,,6.831631310756874,,,
ROBOT_RELOC,,2,10,7,,14.3119628633438,,,
ROBOT_RELOC,,2,10,8,,9.864249282344822,,,
ROBOT_RELOC,,2,10,9,,15.001926232603376,,,
ROBOT_RELOC,,2,10,10,,0.0,,,
ROBOT_RELOC,,2,10,11,,6.450793399518439,,,
ROBOT_RELOC,,2,11,0,,12.853805037552531,,,
ROBOT_RELOC,,2,11,1,,10.96933098036445,,,
ROBOT_RELOC,,2,11,2,,6.901120859279874,,,
ROBOT_RELOC,,2,11,3,,8.769954123812937,,,
ROBOT_RELOC,,2,11,4,,12.308463221737071,,,
ROBOT_RELOC,,2,11,5,,6.6098786322427765,,,
ROBOT_RELOC,,2,11,6,,8.82008455825418,,,
ROBOT_RELOC,,2,11,7,,6.793234647993554,,,
ROBOT_RELOC,,2,11,8,,14.84389966936631,,,
ROBOT_RELOC,,2,11,9,,8.337152893338214,,,
ROBOT_RELOC,,2,11,10,,13.139342569685066,,,
ROBOT_RELOC,,2,11,11,,0.0,,,
ROBOT_RELOC,,3,0,0,,0.0,,,
ROBOT_RELOC,,3,0,1,,13.846888405547771,,,
ROBOT_RELOC,,3,0,2,,9.486014864571843,,,
ROBOT_RELOC,,3,0,3,,14.818011221343289,,,
ROBOT_RELOC,,3,0,4,,11.59513656141561,,,
ROBOT_RELOC,,3,0,5,,9.473784704477527,,,
ROBOT_RELOC,,3,0,6,,14.03599160712717,,,
ROBOT_RELOC,,3,0,7,,14.751076076015298,,,
ROBOT_RELOC,,3,0,8,,10.023328025754497,,,
ROBOT_RELOC,,3,0,9,,9.179193077213796,,,
ROBOT_RELOC,,3,0,10,,13.114006485731384,,,
ROBOT_RELOC,,3,0,11,,15.63803193713651,,,
ROBOT_RELOC,,3,1,0,,9.748826644288016,,,
ROBOT_RELOC,,3,1,1,,0.0,,,
ROBOT_RELOC,,3,1,2,,3.776261133668565,,,
ROBOT_RELOC,,3,1,3,,11.874897685434556,,,
ROBOT_RELOC,,3,1,4,,12.890115532496685,,,
ROBOT_RELOC,,3,1,5,,6.4370687492137595,,,
ROBOT_RELOC,,3,1,6,,6.178620864940001,,,
ROBOT_RELOC,,3,1,7,,14.267607552955171,,,
ROBOT_RELOC,,3,1,8,,15.18184490233288,,,
ROBOT_RELOC,,3,1,9,,11.46102100052872,,,
ROBOT_RELOC,,3,1,10,,12.12155200803157,,,
ROBOT_RELOC,,3,1,11,,11.49062981493417,,,
ROBOT_RELOC,,3,2,0,,13.908983125233913,,,
ROBOT_RELOC,,3,2,1,,5.063995041547566,,,
ROBOT_RELOC,,3,2,2,,0.0,,,
ROBOT_RELOC,,3,2,3,,8.59648116517908,,,
ROBOT_RELOC,,3,2,4,,11.975038347874634,,,
ROBOT_RELOC,,3,2,5,,15.357139087543695,,,
ROBOT_RELOC,,3,2,6,,15.092821695249661,,,
ROBOT_RELOC,,3,2,7,,11.300668369732449,,,
ROBOT_RELOC,,3,2,8,,13.569978590736294,,,
ROBOT_RELOC,,3,2,9,,15.883548264199092,,,
ROBOT_RELOC,,3,2,10,,15.688645814369895,,,
ROBOT_RELOC,,3,2,11,,13.085827184039875,,,
ROBOT_RELOC,,3,3,0,,9.324574248996218,,,
ROBOT_RELOC,,3,3,1,,15.775831538278801,,,
ROBOT_RELOC,,3,3,2,,12.583912182446076,,,
ROBOT_RELOC,,3,3,3,,0.0,,,
ROBOT_RELOC,,3,3,4,,12.11355954873297,,,
ROBOT_RELOC,,3,3,5,,7.5940640438776645,,,
ROBOT_RELOC,,3,3,6,,13.696326133469343,,,
ROBOT_RELOC,,3,3,7,,6.996788395231145,,,
ROBOT_RELOC,,3,3,8,,12.947028604328374,,,
ROBOT_RELOC,,3,3,9,,15.689591284134545,,,
ROBOT_RELOC,,3,3,10,,15.688666505391835,,,
ROBOT_RELOC,,3,3,11,,11.658780499569062,,,
ROBOT_RELOC,,3,4,0,,15.993976717611112,,,
ROBOT_RELOC,,3,4,1,,10.611222475329145,,,
ROBOT_RELOC,,3,4,2,,14.452594729039776,,,
ROBOT_RELOC,,3,4,3,,8.524704765396594,,,
ROBOT_RELOC,,3,4,4,,0.0,,,
ROBOT_RELOC,,3,4,5,,5.234875509836525,,,
ROBOT_RELOC,,3,4,6,,8.155190960212577,,,
ROBOT_RELOC,,3,4,7,,14.085237744362427,,,
ROBOT_RELOC,,3,4,8,,13.145408352506058,,,
ROBOT_RELOC,,3,4,9,,14.502258301022037,,,
ROBOT_RELOC,,3,4,10,,14.481854893369958,,,
ROBOT_RELOC,,3,4,11,,13.011676802860165,,,
ROBOT_RELOC,,3,5,0,,11.736228735869172,,,
ROBOT_RELOC,,3,5,1,,8.121468890300005,,,
ROBOT_RELOC,,3,5,2,,11.294998669473365,,,
ROBOT_RELOC,,3,5,3,,14.232738020647382,,,
ROBOT_RELOC,,3,5,4,,5.1662789334322845,,,
ROBOT_RELOC,,3,5,5,,0.0,,,
ROBOT_RELOC,,3,5,6,,6.463998037419943,,,
ROBOT_RELOC,,3,5,7,,14.528920204770465,,,
ROBOT_RELOC,,3,5,8,,8.340668329567126,,,
ROBOT_RELOC,,3,5,9,,12.29887859000239,,,
ROBOT_RELOC,,3,5,10,,10.707841827895255,,,
ROBOT_RELOC,,3,5,11,,11.83649363730999,,,
ROBOT_RELOC,,3,6,0,,6.206397994609492,,,
ROBOT_RELOC,,3,6,1,,6.3001140930072745,,,
ROBOT_RELOC,,3,6,2,,7.373733981235351,,,
ROBOT_RELOC,,3,6,3,,15.66559058170213,,,
ROBOT_RELOC,,3,6,4,,9.938355753183906,,,
ROBOT_RELOC,,3,6,5,,6.640629608646318,,,
ROBOT_RELOC,,3,6,6,,0.0,,,
ROBOT_RELOC,,3,6,7,,3.4164555771612877,,,
ROBOT_RELOC,,3,6,8,,8.862560215642766,,,
ROBOT_RELOC,,3,6,9,,11.790041989025147,,,
ROBOT_RELOC,,3,6,10,,9.126089319832491,,,
ROBOT_RELOC,,3,6,11,,13.218811086420402,,,
ROBOT_RELOC,,3,7,0,,13.636410397870819,,,
ROBOT_RELOC,,3,7,1,,9.385561313780723,,,
ROBOT_RELOC,,3,7,2,,6.725972437104836,,,
ROBOT_RELOC,,3,7,3,,7.838934488063621,,,
ROBOT_RELOC,,3,7,4,,9.757470444774603,,,
ROBOT_RELOC,,3,7,5,,12.872144300213838,,,
ROBOT_RELOC,,3,7,6,,2.6798604951649003,,,
ROBOT_RELOC,,3,7,7,,0.0,,,
ROBOT_RELOC,,3,7,8,,11.891660238507956,,,
ROBOT_RELOC,,3,7,9,,7.829678559073118,,,
ROBOT_RELOC,,3,7,10,,6.793369569307435,,,
ROBOT_RELOC,,3,7,11,,12.544079112444436,,,
ROBOT_RELOC,,3,8,0,,15.423142544740578,,,
ROBOT_RELOC,,3,8,1,,9.558245829650412,,,
ROBOT_RELOC,,3,8,2,,9.884466500266672,,,
ROBOT_RELOC,,3,8,3,,10.626267438846845,,,
ROBOT_RELOC,,3,8,4,,11.18138666148607,,,
ROBOT_RELOC,,3,8,5,,12.055324345267152,,,
ROBOT_RELOC,,3,8,6,,13.896525520104202,,,
ROBOT_RELOC,,3,8,7,,6.4766128264976714,,,
ROBOT_RELOC,,3,8,8,,0.0,,,
ROBOT_RELOC,,3,8,9,,2.119640444108055,,,
ROBOT_RELOC,,3,8,10,,7.31538481054065,,,
ROBOT_RELOC,,3,8,11,,9.480247098518564,,,
ROBOT_RELOC,,3,9,0,,10.720344837425685,,,
ROBOT_RELOC,,3,9,1,,10.444592060062064,,,
ROBOT_RELOC,,3,9,2,,9.070281877797298,,,
ROBOT_RELOC,,3,9,3,,13.4955611462902,,,
ROBOT_RELOC,,3,9,4,,12.79516881049421,,,
ROBOT_RELOC,,3,9,5,,11.690414027566845,,,
ROBOT_RELOC,,3,9,6,,13.38665676964289,,,
ROBOT_RELOC,,3,9,7,,7.456461689724444,,,
ROBOT_RELOC,,3,9,8,,3.022892813993968,,,
ROBOT_RELOC,,3,9,9,,0.0,,,
ROBOT_RELOC,,3,9,10,,11.22202344767245,,,
ROBOT_RELOC,,3,9,11,,12.269985578804965,,,
ROBOT_RELOC,,3,10,0,,7.682585667846532,,,
ROBOT_RELOC,,3,10,1,,7.56514706121923,,,
ROBOT_RELOC,,3,10,2,,12.533129885491856,,,
ROBOT_RELOC,,3,10,3,,6.473273384925459,,,
ROBOT_RELOC,,3,10,4,,13.546964719232665,,,
ROBOT_RELOC,,3,10,5,,10.149784470244978,,,
ROBOT_RELOC,,3,10,6,,13.034005600479826,,,
ROBOT_RELOC,,3,10,7,,14.663740933695834,,,
ROBOT_RELOC,,3,10,8,,10.259869135459677,,,
ROBOT_RELOC,,3,10,9,,13.449362876576181,,,
ROBOT_RELOC,,3,10,10,,0.0,,,
ROBOT_RELOC,,3,10,11,,7.354428743348225,,,
ROBOT_RELOC,,3,11,0,,6.376265314220747,,,
ROBOT_RELOC,,3,11,1,,6.94438978659439,,,
ROBOT_RELOC,,3,11,2,,13.78108298067108,,,
ROBOT_RELOC,,3,11,3,,6.889011727400526,,,
ROBOT_RELOC,,3,11,4,,8.109452725930629,,,
ROBOT_RELOC,,3,11,5,,6.8358793884627875,,,
ROBOT_RELOC,,3,11,6,,7.338912261804658,,,
ROBOT_RELOC,,3,11,7,,7.995136674834855,,,
ROBOT_RELOC,,3,11,8,,12.518487000184294,,,
ROBOT_RELOC,,3,11,9,,10.973731591665262,,,
ROBOT_RELOC,,3,11,10,,6.0990445976207806,,,
ROBOT_RELOC,,3,11,11,,0.0,,,
ROBOT_RELOC,,4,0,0,,0.0,,,
ROBOT_RELOC,,4,0,1,,11.74539154548306,,,
ROBOT_RELOC,,4,0,2,,11.32536262766815,,,
ROBOT_RELOC,,4,0,3,,9.830505410629677,,,
ROBOT_RELOC,,4,0,4,,9.02692972695031,,,
ROBOT_RELOC,,4,0,5,,14.294401995121358,,,
ROBOT_RELOC,,4,0,6,,12.94068730807517,,,
ROBOT_RELOC,,4,0,7,,12.217470755310728,,,
ROBOT_RELOC,,4,0,8,,12.6381500202762,,,
ROBOT_RELOC,,4,0,9,,9.338414241304726,,,
ROBOT_RELOC,,4,0,10,,8.598671990674253,,,
ROBOT_RELOC,,4,0,11,,7.707638843446686,,,
ROBOT_RELOC,,4,1,0,,7.110977069897653,,,
ROBOT_RELOC,,4,1,1,,0.0,,,
ROBOT_RELOC,,4,1,2,,4.166798699990679,,,
ROBOT_RELOC,,4,1,3,,14.30253709190403,,,
ROBOT_RELOC,,4,1,4,,6.465248551186179,,,
ROBOT_RELOC,,4,1,5,,6.182298235450026,,,
ROBOT_RELOC,,4,1,6,,10.667991491082935,,,
ROBOT_RELOC,,4,1,7,,7.1923861721350555,,,
ROBOT_RELOC,,4,1,8,,6.407289479520242,,,
ROBOT_RELOC,,4,1,9,,6.134908033314583,,,
ROBOT_RELOC,,4,1,10,,13.596517516376307,,,
ROBOT_RELOC,,4,1,11,,10.134486460298687,,,
ROBOT_RELOC,,4,2,0,,9.991736279283797,,,
ROBOT_RELOC,,4,2,1,,2.6586689809946296,,,
ROBOT_RELOC,,4,2,2,,0.0,,,
ROBOT_RELOC,,4,2,3,,7.4542510712627905,,,
ROBOT_RELOC,,4,2,4,,11.16845627632094,,,
ROBOT_RELOC,,4,2,5,,7.824489669086713,,,
ROBOT_RELOC,,4,2,6,,12.795121237697881,,,
ROBOT_RELOC,,4,2,7,,11.545666138227599,,,
ROBOT_RELOC,,4,2,8,,15.263736532461891,,,
ROBOT_RELOC,,4,2,9,,8.875397590330012,,,
ROBOT_RELOC,,4,2,10,,10.691620491249008,,,
ROBOT_RELOC,,4,2,11,,10.169850237184132,,,
ROBOT_RELOC,,4,3,0,,13.487790399507285,,,
ROBOT_RELOC,,4,3,1,,14.81506767917031,,,
ROBOT_RELOC,,4,3,2,,7.742985565295264,,,
ROBOT_RELOC,,4,3,3,,0.0,,,
ROBOT_RELOC,,4,3,4,,12.443512375573007,,,
ROBOT_RELOC,,4,3,5,,7.448715745963782,,,
ROBOT_RELOC,,4,3,6,,15.283760183710042,,,
ROBOT_RELOC,,4,3,7,,10.623330799879595,,,
ROBOT_RELOC,,4,3,8,,12.601072981603657,,,
ROBOT_RELOC,,4,3,9,,7.284976018189718,,,
ROBOT_RELOC,,4,3,10,,15.770756531936396,,,
ROBOT_RELOC,,4,3,11,,15.231715030134117,,,
ROBOT_RELOC,,4,4,0,,7.741843277164687,,,
ROBOT_RELOC,,4,4,1,,12.032445716349915,,,
ROBOT_RELOC,,4,4,2,,14.81679863610631,,,
ROBOT_RELOC,,4,4,3,,15.252400092185027,,,
ROBOT_RELOC,,4,4,4,,0.0,,,
ROBOT_RELOC,,4,4,5,,4.732887533228864,,,
ROBOT_RELOC,,4,4,6,,13.435349005466955,,,
ROBOT_RELOC,,4,4,7,,15.220128450993323,,,
ROBOT_RELOC,,4,4,8,,15.229751473963079,,,
ROBOT_RELOC,,4,4,9,,8.630786430548216,,,
ROBOT_RELOC,,4,4,10,,7.080457221516289,,,
ROBOT_RELOC,,4,4,11,,10.036295531337068,,,
ROBOT_RELOC,,4,5,0,,9.115423940260728,,,
ROBOT_RELOC,,4,5,1,,11.343393342764514,,,
ROBOT_RELOC,,4,5,2,,8.129048088326451,,,
ROBOT_RELOC,,4,5,3,,10.114480518983099,,,
ROBOT_RELOC,,4,5,4,,5.400261610353879,,,
ROBOT_RELOC,,4,5,5,,0.0,,,
ROBOT_RELOC,,4,5,6,,6.051107189645235,,,
ROBOT_RELOC,,4,5,7,,12.59032073890355,,,
ROBOT_RELOC,,4,5,8,,12.02869212785054,,,
ROBOT_RELOC,,4,5,9,,9.508503652255644,,,
ROBOT_RELOC,,4,5,10,,13.712426475877319,,,
ROBOT_RELOC,,4,5,11,,7.397444856878676,,,
ROBOT_RELOC,,4,6,0,,13.1403583885571,,,
ROBOT_RELOC,,4,6,1,,13.527474359739315,,,
ROBOT_RELOC,,4,6,2,,7.289330849115387,,,
ROBOT_RELOC,,4,6,3,,12.184648496555157,,,
ROBOT_RELOC,,4,6,4,,11.499203131730017,,,
ROBOT_RELOC,,4,6,5,,9.67132332056732,,,
ROBOT_RELOC,,4,6,6,,0.0,,,
ROBOT_RELOC,,4,6,7,,3.45808010656459,,,
ROBOT_RELOC,,4,6,8,,6.461345557054695,,,
ROBOT_RELOC,,4,6,9,,7.148411101054634,,,
ROBOT_RELOC,,4,6,10,,8.393779330913354,,,
ROBOT_RELOC,,4,6,11,,9.111754690429374,,,
ROBOT_RELOC,,4,7,0,,9.875534993987998,,,
ROBOT_RELOC,,4,7,1,,12.000458772880819,,,
ROBOT_RELOC,,4,7,2,,8.917773862689778,,,
ROBOT_RELOC,,4,7,3,,14.61997186683711,,,
ROBOT_RELOC,,4,7,4,,7.018619162667575,,,
ROBOT_RELOC,,4,7,5,,11.370127772243745,,,
ROBOT_RELOC,,4,7,6,,5.469000031043006,,,
ROBOT_RELOC,,4,7,7,,0.0,,,
ROBOT_RELOC,,4,7,8,,8.283916174627473,,,
ROBOT_RELOC,,4,7,9,,10.3455414851113,,,
ROBOT_RELOC,,4,7,10,,7.123102529256961,,,
ROBOT_RELOC,,4,7,11,,8.234725778216294,,,
ROBOT_RELOC,,4,8,0,,11.908261396114245,,,
ROBOT_RELOC,,4,8,1,,13.851223344576471,,,
ROBOT_RELOC,,4,8,2,,6.712443504844686,,,
ROBOT_RELOC,,4,8,3,,10.498566658512418,,,
ROBOT_RELOC,,4,8,4,,8.945250029919412,,,
ROBOT_RELOC,,4,8,5,,6.290996680985099,,,
ROBOT_RELOC,,4,8,6,,13.14026899735946,,,
ROBOT_RELOC,,4,8,7,,9.93845358684746,,,
ROBOT_RELOC,,4,8,8,,0.0,,,
ROBOT_RELOC,,4,8,9,,5.237552162928775,,,
ROBOT_RELOC,,4,8,10,,7.3948358017184725,,,
ROBOT_RELOC,,4,8,11,,8.637811970177548,,,
ROBOT_RELOC,,4,9,0,,8.24227270432442,,,
ROBOT_RELOC,,4,9,1,,12.02081961781198,,,
ROBOT_RELOC,,4,9,2,,13.45392733968528,,,
ROBOT_RELOC,,4,9,3,,13.641735884215668,,,
ROBOT_RELOC,,4,9,4,,10.936798634259809,,,
ROBOT_RELOC,,4,9,5,,6.793687351745705,,,
ROBOT_RELOC,,4,9,6,,6.28231930954283,,,
ROBOT_RELOC,,4,9,7,,6.593069927734252,,,
ROBOT_RELOC,,4,9,8,,4.588433939207072,,,
ROBOT_RELOC,,4,9,9,,0.0,,,
ROBOT_RELOC,,4,9,10,,7.319499488405147,,,
ROBOT_RELOC,,4,9,11,,9.009188161990144,,,
ROBOT_RELOC,,4,10,0,,7.1282196239529885,,,
ROBOT_RELOC,,4,10,1,,10.193888286411378,,,
ROBOT_RELOC,,4,10,2,,15.678962452369621,,,
ROBOT_RELOC,,4,10,3,,12.142098686029819,,,
ROBOT_RELOC,,4,10,4,,8.224366274394711,,,
ROBOT_RELOC,,4,10,5,,11.275476735304053,,,
ROBOT_RELOC,,4,10,6,,8.650150088606175,,,
ROBOT_RELOC,,4,10,7,,12.449164674786303,,,
ROBOT_RELOC,,4,10,8,,11.843287009938862,,,
ROBOT_RELOC,,4,10,9,,7.628113646589298,,,
ROBOT_RELOC,,4,10,10,,0.0,,,
ROBOT_RELOC,,4,10,11,,15.074136043587659,,,
ROBOT_RELOC,,4,11,0,,7.316019199574442,,,
ROBOT_RELOC,,4,11,1,,10.558453085155787,,,
ROBOT_RELOC,,4,11,2,,10.784015568177624,,,
ROBOT_RELOC,,4,11,3,,13.866310653423378,,,
ROBOT_RELOC,,4,11,4,,7.993096425653672,,,
ROBOT_RELOC,,4,11,5,,10.878778118663227,,,
ROBOT_RELOC,,4,11,6,,15.675915342939184,,,
ROBOT_RELOC,,4,11,7,,6.530084112976343,,,
ROBOT_RELOC,,4,11,8,,11.630508441985675,,,
ROBOT_RELOC,,4,11,9,,7.738606988438832,,,
ROBOT_RELOC,,4,11,10,,13.852766209706626,,,
ROBOT_RELOC,,4,11,11,,0.0,,,
ROBOT_RELOC,,5,0,0,,0.0,,,
ROBOT_RELOC,,5,0,1,,9.630805221702985,,,
ROBOT_RELOC,,5,0,2,,6.086099335415616,,,
ROBOT_RELOC,,5,0,3,,15.323028029887805,,,
ROBOT_RELOC,,5,0,4,,8.18452331725531,,,
ROBOT_RELOC,,5,0,5,,14.467597430502268,,,
ROBOT_RELOC,,5,0,6,,8.546215274732848,,,
ROBOT_RELOC,,5,0,7,,6.973349503939484,,,
ROBOT_RELOC,,5,0,8,,14.469853802522696,,,
ROBOT_RELOC,,5,0,9,,6.824952450874708,,,
ROBOT_RELOC,,5,0,10,,12.06981753043799,,,
ROBOT_RELOC,,5,0,11,,7.694802854513741,,,
ROBOT_RELOC,,5,1,0,,13.556442944312458,,,
ROBOT_RELOC,,5,1,1,,0.0,,,
ROBOT_RELOC,,5,1,2,,5.476174398064298,,,
ROBOT_RELOC,,5,1,3,,9.924875900583473,,,
ROBOT_RELOC,,5,1,4,,7.362947873443342,,,
ROBOT_RELOC,,5,1,5,,9.138668719548772,,,
ROBOT_RELOC,,5,1,6,,8.597240937266806,,,
ROBOT_RELOC,,5,1,7,,12.290019939243694,,,
ROBOT_RELOC,,5,1,8,,6.718030132778813,,,
ROBOT_RELOC,,5,1,9,,7.05379941586193,,,
ROBOT_RELOC,,5,1,10,,8.622094612160993,,,
ROBOT_RELOC,,5,1,11,,12.284054234764804,,,
ROBOT_RELOC,,5,2,0,,6.586402304938192,,,
ROBOT_RELOC,,5,2,1,,3.1213022940006776,,,
ROBOT_RELOC,,5,2,2,,0.0,,,
ROBOT_RELOC,,5,2,3,,8.763917945889606,,,
ROBOT_RELOC,,5,2,4,,15.922740299274457,,,
ROBOT_RELOC,,5,2,5,,7.612293385021903,,,
ROBOT_RELOC,,5,2,6,,9.189206536477514,,,
ROBOT_RELOC,,5,2,7,,8.25163078993084,,,
ROBOT_RELOC,,5,2,8,,14.30868575547518,,,
ROBOT_RELOC,,5,2,9,,12.363874987634784,,,
ROBOT_RELOC,,5,2,10,,7.954797040705484,,,
ROBOT_RELOC,,5,2,11,,15.485083343442023,,,
ROBOT_RELOC,,5,3,0,,15.491579131377643,,,
ROBOT_RELOC,,5,3,1,,12.011622007104908,,,
ROBOT_RELOC,,5,3,2,,10.864380917255847,,,
ROBOT_RELOC,,5,3,3,,0.0,,,
ROBOT_RELOC,,5,3,4,,14.75665691976915,,,
ROBOT_RELOC,,5,3,5,,9.62013065252051,,,
ROBOT_RELOC,,5,3,6,,12.300515726119665,,,
ROBOT_RELOC,,5,3,7,,13.968101659310555,,,
ROBOT_RELOC,,5,3,8,,7.105629942387206,,,
ROBOT_RELOC,,5,3,9,,9.776771211104503,,,
ROBOT_RELOC,,5,3,10,,7.271921597924052,,,
ROBOT_RELOC,,5,3,11,,14.017751730762068,,,
ROBOT_RELOC,,5,4,0,,6.334723718229329,,,
ROBOT_RELOC,,5,4,1,,12.025488597072222,,,
ROBOT_RELOC,,5,4,2,,6.916620870650383,,,
ROBOT_RELOC,,5,4,3,,9.759589157706298,,,
ROBOT_RELOC,,5,4,4,,0.0,,,
ROBOT_RELOC,,5,4,5,,5.689419798708686,,,
ROBOT_RELOC,,5,4,6,,13.871421404871821,,,
ROBOT_RELOC,,5,4,7,,11.440378367232032,,,
ROBOT_RELOC,,5,4,8,,13.925600324319323,,,
ROBOT_RELOC,,5,4,9,,8.212605365592093,,,
ROBOT_RELOC,,5,4,10,,15.850145383098702,,,
ROBOT_RELOC,,5,4,11,,10.185917598010157,,,
ROBOT_RELOC,,5,5,0,,6.441172255207125,,,
ROBOT_RELOC,,5,5,1,,14.080090478135437,,,
ROBOT_RELOC,,5,5,2,,15.31120513111423,,,
ROBOT_RELOC,,5,5,3,,14.311254486406925,,,
ROBOT_RELOC,,5,5,4,,4.9704047750358455,,,
ROBOT_RELOC,,5,5,5,,0.0,,,
ROBOT_RELOC,,5,5,6,,7.77619899759185,,,
ROBOT_RELOC,,5,5,7,,7.963183949397791,,,
ROBOT_RELOC,,5,5,8,,10.023674825434355,,,
ROBOT_RELOC,,5,5,9,,13.008765478286225,,,
ROBOT_RELOC,,5,5,10,,11.850366612019604,,,
ROBOT_RELOC,,5,5,11,,13.050416143103048,,,
ROBOT_RELOC,,5,6,0,,13.884715891364028,,,
ROBOT_RELOC,,5,6,1,,7.44888910804863,,,
ROBOT_RELOC,,5,6,2,,11.442123005696821,,,
ROBOT_RELOC,,5,6,3,,10.384087174909844,,,
ROBOT_RELOC,,5,6,4,,8.605982212233846,,,
ROBOT_RELOC,,5,6,5,,9.582969028805998,,,
ROBOT_RELOC,,5,6,6,,0.0,,,
ROBOT_RELOC,,5,6,7,,3.0154660803438222,,,
ROBOT_RELOC,,5,6,8,,11.093658004140043,,,
ROBOT_RELOC,,5,6,9,,8.064716505877197,,,
ROBOT_RELOC,,5,6,10,,15.28029225699662,,,
ROBOT_RELOC,,5,6,11,,8.501165733086648,,,
ROBOT_RELOC,,5,7,0,,8.070707326058159,,,
ROBOT_RELOC,,5,7,1,,13.920167153208236,,,
ROBOT_RELOC,,5,7,2,,6.232157407696282,,,
ROBOT_RELOC,,5,7,3,,11.119947134634337,,,
ROBOT_RELOC,,5,7,4,,14.687035625294717,,,
ROBOT_RELOC,,5,7,5,,14.308476120772262,,,
ROBOT_RELOC,,5,7,6,,4.2502594097188595,,,
ROBOT_RELOC,,5,7,7,,0.0,,,
ROBOT_RELOC,,5,7,8,,12.156072945702002,,,
ROBOT_RELOC,,5,7,9,,12.893401152350727,,,
ROBOT_RELOC,,5,7,10,,8.800809011623562,,,
ROBOT_RELOC,,5,7,11,,12.771605998462947,,,
ROBOT_RELOC,,5,8,0,,7.168036798762503,,,
ROBOT_RELOC,,5,8,1,,6.114160152536368,,,
ROBOT_RELOC,,5,8,2,,6.153911152468824,,,
ROBOT_RELOC,,5,8,3,,8.41913904894297,,,
ROBOT_RELOC,,5,8,4,,7.4390914568848245,,,
ROBOT_RELOC,,5,8,5,,6.358078722690985,,,
ROBOT_RELOC,,5,8,6,,13.565612230131489,,,
ROBOT_RELOC,,5,8,7,,13.940225718699828,,,
ROBOT_RELOC,,5,8,8,,0.0,,,
ROBOT_RELOC,,5,8,9,,5.090398882878124,,,
ROBOT_RELOC,,5,8,10,,7.400552455873759,,,
ROBOT_RELOC,,5,8,11,,13.605191931864473,,,
ROBOT_RELOC,,5,9,0,,11.005191989487226,,,
ROBOT_RELOC,,5,9,1,,10.776337847680782,,,
ROBOT_RELOC,,5,9,2,,12.788173680251667,,,
ROBOT_RELOC,,5,9,3,,12.314182680033998,,,
ROBOT_RELOC,,5,9,4,,14.290292395284473,,,
ROBOT_RELOC,,5,9,5,,13.136847865427072,,,
ROBOT_RELOC,,5,9,6,,10.262507500550363,,,
ROBOT_RELOC,,5,9,7,,8.761834364858613,,,
ROBOT_RELOC,,5,9,8,,5.936978032450552,,,
ROBOT_RELOC,,5,9,9,,0.0,,,
ROBOT_RELOC,,5,9,10,,13.04567567287794,,,
ROBOT_RELOC,,5,9,11,,9.818513437310862,,,
ROBOT_RELOC,,5,10,0,,13.914263945528052,,,
ROBOT_RELOC,,5,10,1,,10.144366823954805,,,
ROBOT_RELOC,,5,10,2,,6.1367697999193656,,,
ROBOT_RELOC,,5,10,3,,8.391839693794646,,,
ROBOT_RELOC,,5,10,4,,9.452979172256882,,,
ROBOT_RELOC,,5,10,5,,15.153577297099183,,,
ROBOT_RELOC,,5,10,6,,15.291012312195587,,,
ROBOT_RELOC,,5,10,7,,6.663469459870249,,,
ROBOT_RELOC,,5,10,8,,10.063482082522896,,,
ROBOT_RELOC,,5,10,9,,8.120188948032695,,,
ROBOT_RELOC,,5,10,10,,0.0,,,
ROBOT_RELOC,,5,10,11,,13.188971016829713,,,
ROBOT_RELOC,,5,11,0,,8.141991725144884,,,
ROBOT_RELOC,,5,11,1,,7.775310262444334,,,
ROBOT_RELOC,,5,11,2,,9.110143583909261,,,
ROBOT_RELOC,,5,11,3,,9.67181437841488,,,
ROBOT_RELOC,,5,11,4,,6.0930235904187935,,,
ROBOT_RELOC,,5,11,5,,9.548504014861164,,,
ROBOT_RELOC,,5,11,6,,13.375140391729005,,,
ROBOT_RELOC,,5,11,7,,14.7759454010579,,,
ROBOT_RELOC,,5,11,8,,10.095229450168995,,,
ROBOT_RELOC,,5,11,9,,11.910873941016082,,,
ROBOT_RELOC,,5,11,10,,10.67213295200431,,,
ROBOT_RELOC,,5,11,11,,0.0,,,
INITIAL_WORKER,,0,4,,,,,,
INITIAL_WORKER,,1,6,,,,,,
INITIAL_WORKER,,2,3,,,,,,
INITIAL_WORKER,,3,2,,,,,,
INITIAL_WORKER,,4,8,,,,,,
INITIAL_WORKER,,5,0,,,,,,
INITIAL_WORKER,,6,7,,,,,,
INITIAL_WORKER,,7,10,,,,,,
INITIAL_ROBOT,,0,2,,,,,,
INITIAL_ROBOT,,1,5,,,,,,
INITIAL_ROBOT,,2,8,,,,,,
INITIAL_ROBOT,,3,1,,,,,,
INITIAL_ROBOT,,4,11,,,,,,
INITIAL_ROBOT,,5,3,,,,,,
ORDER,,0,4,2,,0.0,129.21491879584372,,
ORDER,,1,2,4,,7.934922682839356,151.36145068955108,,
ORDER,,2,5,1,,22.798617424300478,146.01129558026756,,
ORDER,,3,1,1,,22.79983559054336,131.7019866016381,,
ORDER,,4,3,1,,28.033194421290606,213.9631156186408,,
ORDER,,5,4,1,,29.859331139087946,169.57414926677149,,
ORDER,,6,3,1,,32.660181768422056,219.24700262341574,,
ORDER,,7,3,1,,40.19655757035008,232.1467019063902,,
ORDER,,8,4,4,,43.93657737344452,171.83603245980447,,
ORDER,,9,5,1,,46.103975825454974,171.9816910667789,,
ORDER,,10,5,1,,70.80843829866798,187.33811123417468,,
ORDER,,11,2,1,,72.3163187026397,214.7179089330322,,
ORDER,,12,1,2,,75.41995488295309,186.08687398254193,,
ORDER,,13,0,1,,84.9863914345419,199.36952514353084,,
ORDER,,14,1,1,,89.4526991934786,181.15721521477826,,
ORDER,,15,3,4,,89.45940897208808,260.38513618952123,,
ORDER,,16,2,1,,113.23942766668736,265.8548686533547,,
ORDER,,17,3,1,,135.45823413241814,322.5867110053026,,
ORDER,,18,3,4,,144.709362174859,309.51716635471246,,
ORDER,,19,0,1,,148.77222234485745,258.5846360966387,,
ORDER,,20,0,1,,150.08577265799326,264.98531082639147,,
ORDER,,21,4,1,,154.32722489885953,295.23272374358004,,
ORDER,,22,3,2,,156.9869766020228,349.38753006087757,,
ORDER,,23,0,1,,160.2353143110726,279.4810244979543,,
ORDER,,24,4,1,,161.73491108463466,285.41392702697317,,
ORDER,,25,5,1,,186.65679127345092,312.04492966293105,,
ORDER,,26,3,1,,203.5122567584702,392.08663753205724,,
ORDER,,27,5,1,,205.91737195205306,332.10003911171395,,
ORDER,,28,1,2,,231.85817233292985,329.5240990618604,,
ORDER,,29,0,2,,236.63076285371739,348.02906460343917,,
ORDER,,30,4,1,,238.18052852103293,380.4124731626541,,
ORDER,,31,3,1,,259.5132851347362,452.15397994072555,,
ORDER,,32,5,2,,263.16048542612754,390.6967735885586,,
ORDER,,33,1,1,,265.71926718764774,376.1388845853512,,
ORDER,,34,4,1,,270.33035414758103,410.0147066354592,,
ORDER,,35,2,1,,275.9569460000308,419.4515559898771,,
ORDER,,36,3,1,,287.3099067742296,465.1986727046164,,
ORDER,,37,2,1,,288.969370362644,440.42289490937185,,
ORDER,,38,1,1,,290.9900426261945,390.43982681924183,,
ORDER,,39,2,2,,293.1624853543982,437.75741014112623,,
ORDER,,40,1,4,,293.86797093644753,393.12055527754615,,
ORDER,,41,1,4,,302.1546821659469,396.52704568316915,,
ORDER,,42,1,4,,302.194893741551,408.6058838217947,,
ORDER,,43,1,4,,305.5281499526749,403.9901045570206,,
ORDER,,44,1,4,,324.39254367855284,416.1692429092701,,
ORDER,,45,1,4,,325.3417566753615,417.75671282636233,,
ORDER,,46,1,4,,326.61580887991204,437.42873900137926,,
ORDER,,47,1,4,,328.9571365970111,421.31102516350694,,
ORDER,,48,4,4,,333.8744974386123,475.45061913527053,,
ORDER,,49,3,1,,333.9374773239616,519.4119496104072,,
ORDER,,50,0,1,,334.8660404928896,461.525640443247,,
ORDER,,51,0,1,,335.03931645127665,447.74352890664386,,
ORDER,,52,1,2,,338.9608361380451,448.81192222323324,,
ORDER,,53,3,1,,363.57331512674205,523.2443875503056,,
ORDER,,54,3,2,,377.48945008783585,558.0201714129519,,
ORDER,,55,5,2,,393.42256156290773,516.0320971639842,,
ORDER,,56,3,2,,399.52091904440533,588.4570673327441,,
ORDER,,57,5,4,,401.35589995709284,526.715393348764,,
ORDER,,58,5,4,,402.2012405513034,529.9560976185309,,
ORDER,,59,2,1,,404.5747389605591,566.2900209760061,,
ORDER,,60,1,1,,409.9203858515202,511.8150905452537,,
ORDER,,61,0,1,,411.43301316208607,540.131128523315,,
ORDER,,62,5,1,,417.0135781307077,529.00720174554,,
ORDER,,63,1,1,,428.00006325916695,529.130624113293,,
ORDER,,64,4,1,,440.9538460980235,580.0674500110863,,
ORDER,,65,1,4,,453.51454802252454,549.6645350584738,,
ORDER,,66,4,1,,453.63816636784816,583.5324866028777,,
ORDER,,67,5,1,,458.25628172798145,586.3793309163607,,
ORDER,,68,2,1,,463.6544712710836,620.5689191384803,,
ORDER,,69,4,1,,471.2584324384465,608.2093405682547,,
ORDER,,70,5,1,,474.771654005197,599.412568260947,,
ORDER,,71,4,1,,477.15611025910533,611.725693830679,,
ORDER,,72,1,1,,477.44252478851547,580.5358137197497,,
ORDER,,73,3,1,,483.4875930768378,646.9320309217621,,
ORDER,,74,2,1,,498.5051075813454,653.7619940831016,,
ORDER,,75,0,2,,498.88931423137575,608.4182035766426,,
ORDER,,76,5,1,,499.07646146341733,626.484259174867,,
ORDER,,77,4,2,,511.8092528663507,655.1815877334731,,
ORDER,,78,3,1,,526.3199886320032,699.626018942829,,
ORDER,,79,4,4,,534.5496889795269,673.829187086749,,
ORDER,,80,1,4,,537.4353667542772,643.0664948375012,,
ORDER,,81,0,2,,540.9334417434156,666.8171832079495,,
ORDER,,82,4,1,,541.5367836201776,662.0880415755848,,
ORDER,,83,4,4,,542.8435140549175,659.4451975075381,,
ORDER,,84,4,1,,542.8694915424664,660.7098296522394,,
ORDER,,85,0,1,,544.8789464582924,673.9816159498284,,
ORDER,,86,4,2,,546.5356991061082,682.7667331034387,,
ORDER,,87,4,1,,558.3146436857224,691.8193533708272,,
ORDER,,88,0,2,,576.2879813944679,691.4137807320492,,
ORDER,,89,2,1,,584.5207758632099,722.438591461821,,
