record_type,key,i,j,k,l,value,value2,value3,text
META,instance_id,,,,,,,,"""sensitivity_M_12_06_07_80_D4_rho065_tight_000_wsd090_rcd080"""
META,scale,,,,,,,,"""M"""
META,scenario,,,,,,,,"""D4"""
META,generation_seed,,,,,,,,4103044651
META,target_load_ratio,,,,,,,,0.65
META,due_tightness,,,,,,,,"""tight"""
META,worker_skill_density,,,,,,,,0.9
META,robot_capability_density,,,,,,,,0.8
META,relocation_multiplier,,,,,,,,1.0
META,num_stages,,,,,,,,6
META,generation_meta,,,,,,,,"{""paper_vs_implementation"":{""paper_specified"":[""scale ranges"",""70-100% route coverage"",""processing/efficiency/synergy distributions"",""skill/capability density choices"",""D1-D5 qualitative scenario definitions"",""load-ratio choices"",""weight distribution"",""due-date-factor ranges"",""relocation-time ranges"",""load-balance initial configuration with random perturbation""],""implementation_choices"":{""arrival_rate_calibration"":""work_content_over_effective_parallel_servers"",""same_stage_cells_are_adjacent"":true,""initial_configuration_perturbation_rate"":0.15,""scenario_timing_basis"":""order_index_fraction"",""base_product_mix"":""uniform""}},""base_arrival_rate_orders_per_minute"":0.17952187977546635,""effective_parallel_servers_for_load_calibration"":12,""mean_minimum_route_work_minutes"":43.44874290396082,""actual_hr_compatibility_rate_parameter"":0.8959160712357305,""actual_worker_skill_density"":0.9375,""actual_robot_capability_density"":0.8571428571428571,""instance_parameter_table"":{""scale"":""M"",""M"":12,""S"":6,""R"":7,""J"":80,""H"":8,""V"":5,""parameter_case_id"":""M_12_06_07_80""},""parameter_case_id"":""M_12_06_07_80"",""dimensions"":{""S"":6,""M"":12,""J"":80,""H"":8,""R"":7,""V"":5},""scenario_parameters"":{""timing_basis"":""order_index_fraction"",""base_product_mix"":""uniform"",""d2_sampled_burst_multiplier"":null,""d2_burst_window"":[0.4,0.7],""d3_mix_switch_ratio"":0.5,""d3_dominant_product_sequence"":[0,1],""d4_change_ratios"":[0.33,0.67],""d4_arrival_rate_multipliers"":[1.0,1.75,1.25],""d4_dominant_product_sequence"":[0,1,2],""d5_urgent_index_window"":[36,44],""d5_urgent_arrival_rate_multiplier"":3.0,""d5_urgent_dominant_product"":1,""dominant_product_share"":0.7},""route_stage_coverage"":[0.7,1.0],""min_multi_cell_stage_ratio"":0.3}"
CELL,,0,0,,,,,,
CELL,,1,1,,,,,,
CELL,,2,1,,,,,,
CELL,,3,2,,,,,,
CELL,,4,2,,,,,,
CELL,,5,2,,,,,,
CELL,,6,3,,,,,,
CELL,,7,3,,,,,,
CELL,,8,4,,,,,,
CELL,,9,5,,,,,,
CELL,,10,5,,,,,,
CELL,,11,5,,,,,,
ROUTE,,0,0,0,,,,,
ROUTE,,0,1,1,,,,,
ROUTE,,0,2,3,,,,,
ROUTE,,0,3,4,,,,,
ROUTE,,0,4,5,,,,,
ROUTE,,1,0,0,,,,,
ROUTE,,1,1,1,,,,,
ROUTE,,1,2,2,,,,,
ROUTE,,1,3,3,,,,,
ROUTE,,1,4,4,,,,,
ROUTE,,1,5,5,,,,,
ROUTE,,2,0,1,,,,,
ROUTE,,2,1,2,,,,,
ROUTE,,2,2,3,,,,,
ROUTE,,2,3,4,,,,,
ROUTE,,2,4,5,,,,,
ROUTE,,3,0,0,,,,,
ROUTE,,3,1,1,,,,,
ROUTE,,3,2,2,,,,,
ROUTE,,3,3,3,,,,,
ROUTE,,3,4,4,,,,,
ROUTE,,3,5,5,,,,,
ROUTE,,4,0,0,,,,,
ROUTE,,4,1,1,,,,,
ROUTE,,4,2,2,,,,,
ROUTE,,4,3,4,,,,,
ROUTE,,4,4,5,,,,,
BASE_PROCESS,,0,0,,,22.96600716737354,,,
BASE_PROCESS,,0,1,,,10.976953997069458,,,
BASE_PROCESS,,0,2,,,9.234430251725694,,,
BASE_PROCESS,,0,3,,,11.306809982905303,,,
BASE_PROCESS,,0,4,,,8.147344868526098,,,
BASE_PROCESS,,0,5,,,10.383383803013402,,,
BASE_PROCESS,,1,0,,,16.426895187280746,,,
BASE_PROCESS,,1,1,,,14.232301589156384,,,
BASE_PROCESS,,1,2,,,16.246189094767267,,,
BASE_PROCESS,,1,3,,,10.38275558981137,,,
BASE_PROCESS,,1,4,,,14.731272968743005,,,
BASE_PROCESS,,1,5,,,14.9961560981276,,,
BASE_PROCESS,,2,0,,,19.815746765682707,,,
BASE_PROCESS,,2,1,,,8.55037903763121,,,
BASE_PROCESS,,2,2,,,23.283734964357706,,,
BASE_PROCESS,,2,3,,,18.578867596311564,,,
BASE_PROCESS,,2,4,,,10.013549112712107,,,
BASE_PROCESS,,2,5,,,14.159739886207905,,,
BASE_PROCESS,,3,0,,,23.685177487010755,,,
BASE_PROCESS,,3,1,,,16.983042929763045,,,
BASE_PROCESS,,3,2,,,16.81959342147145,,,
BASE_PROCESS,,3,3,,,8.36258909886464,,,
BASE_PROCESS,,3,4,,,11.55635819974406,,,
BASE_PROCESS,,3,5,,,21.496155257681966,,,
BASE_PROCESS,,4,0,,,14.086429524200135,,,
BASE_PROCESS,,4,1,,,11.107475124017402,,,
BASE_PROCESS,,4,2,,,17.56573719042268,,,
BASE_PROCESS,,4,3,,,22.16666862456318,,,
BASE_PROCESS,,4,4,,,12.649279022625795,,,
BASE_PROCESS,,4,5,,,14.712327524101886,,,
WORKER_SKILL,,0,0,,,1,,,
WORKER_SKILL,,0,1,,,1,,,
WORKER_SKILL,,0,2,,,1,,,
WORKER_SKILL,,0,3,,,1,,,
WORKER_SKILL,,0,4,,,1,,,
WORKER_SKILL,,0,5,,,1,,,
WORKER_SKILL,,1,0,,,1,,,
WORKER_SKILL,,1,1,,,1,,,
WORKER_SKILL,,1,2,,,1,,,
WORKER_SKILL,,1,3,,,1,,,
WORKER_SKILL,,1,4,,,0,,,
WORKER_SKILL,,1,5,,,1,,,
WORKER_SKILL,,2,0,,,0,,,
WORKER_SKILL,,2,1,,,1,,,
WORKER_SKILL,,2,2,,,1,,,
WORKER_SKILL,,2,3,,,1,,,
WORKER_SKILL,,2,4,,,1,,,
WORKER_SKILL,,2,5,,,1,,,
WORKER_SKILL,,3,0,,,1,,,
WORKER_SKILL,,3,1,,,1,,,
WORKER_SKILL,,3,2,,,1,,,
WORKER_SKILL,,3,3,,,1,,,
WORKER_SKILL,,3,4,,,1,,,
WORKER_SKILL,,3,5,,,1,,,
WORKER_SKILL,,4,0,,,1,,,
WORKER_SKILL,,4,1,,,1,,,
WORKER_SKILL,,4,2,,,1,,,
WORKER_SKILL,,4,3,,,1,,,
WORKER_SKILL,,4,4,,,1,,,
WORKER_SKILL,,4,5,,,1,,,
WORKER_SKILL,,5,0,,,1,,,
WORKER_SKILL,,5,1,,,1,,,
WORKER_SKILL,,5,2,,,1,,,
WORKER_SKILL,,5,3,,,1,,,
WORKER_SKILL,,5,4,,,1,,,
WORKER_SKILL,,5,5,,,0,,,
WORKER_SKILL,,6,0,,,1,,,
WORKER_SKILL,,6,1,,,1,,,
WORKER_SKILL,,6,2,,,1,,,
WORKER_SKILL,,6,3,,,1,,,
WORKER_SKILL,,6,4,,,1,,,
WORKER_SKILL,,6,5,,,1,,,
WORKER_SKILL,,7,0,,,1,,,
WORKER_SKILL,,7,1,,,1,,,
WORKER_SKILL,,7,2,,,1,,,
WORKER_SKILL,,7,3,,,1,,,
WORKER_SKILL,,7,4,,,1,,,
WORKER_SKILL,,7,5,,,1,,,
WORKER_EFF,,0,0,,,1.0482343656018955,,,
WORKER_EFF,,0,1,,,1.0146958278974116,,,
WORKER_EFF,,0,2,,,1.0378772537015428,,,
WORKER_EFF,,0,3,,,0.8960443588171223,,,
WORKER_EFF,,0,4,,,1.0436046497494698,,,
WORKER_EFF,,0,5,,,1.0565615085519011,,,
WORKER_EFF,,1,0,,,1.0030079594127699,,,
WORKER_EFF,,1,1,,,0.8159392928398088,,,
WORKER_EFF,,1,2,,,0.8446848511953411,,,
WORKER_EFF,,1,3,,,0.9035309996080855,,,
WORKER_EFF,,1,4,,,1.0001824825393595,,,
WORKER_EFF,,1,5,,,1.0835548750966224,,,
WORKER_EFF,,2,0,,,0.9909880827826352,,,
WORKER_EFF,,2,1,,,0.9016048301289417,,,
WORKER_EFF,,2,2,,,1.06188321566828,,,
WORKER_EFF,,2,3,,,0.8146694627438897,,,
WORKER_EFF,,2,4,,,1.069181543107857,,,
WORKER_EFF,,2,5,,,1.1070628693693514,,,
WORKER_EFF,,3,0,,,1.04278661686584,,,
WORKER_EFF,,3,1,,,1.1370959905104314,,,
WORKER_EFF,,3,2,,,1.1135537553769728,,,
WORKER_EFF,,3,3,,,1.0364795864315537,,,
WORKER_EFF,,3,4,,,0.8978803343073837,,,
WORKER_EFF,,3,5,,,1.0201914975551478,,,
WORKER_EFF,,4,0,,,1.1416467498070233,,,
WORKER_EFF,,4,1,,,0.910666621729708,,,
WORKER_EFF,,4,2,,,0.9328382055225307,,,
WORKER_EFF,,4,3,,,0.9571841326883337,,,
WORKER_EFF,,4,4,,,1.1669328392252412,,,
WORKER_EFF,,4,5,,,1.0616413711565218,,,
WORKER_EFF,,5,0,,,1.112959691945468,,,
WORKER_EFF,,5,1,,,1.1668839393409367,,,
WORKER_EFF,,5,2,,,1.0282244736831865,,,
WORKER_EFF,,5,3,,,1.066904984572633,,,
WORKER_EFF,,5,4,,,0.9613118788912682,,,
WORKER_EFF,,5,5,,,0.9503456680975194,,,
WORKER_EFF,,6,0,,,1.088362001271446,,,
WORKER_EFF,,6,1,,,0.8882621019184133,,,
WORKER_EFF,,6,2,,,0.8735118942777091,,,
WORKER_EFF,,6,3,,,0.9535224182678765,,,
WORKER_EFF,,6,4,,,1.0252507662673866,,,
WORKER_EFF,,6,5,,,0.921335753375245,,,
WORKER_EFF,,7,0,,,1.1897337183742243,,,
WORKER_EFF,,7,1,,,1.0894156501885361,,,
WORKER_EFF,,7,2,,,1.1830082756286653,,,
WORKER_EFF,,7,3,,,0.8537737736839318,,,
WORKER_EFF,,7,4,,,0.9730538799533524,,,
WORKER_EFF,,7,5,,,0.8189458325253712,,,
ROBOT_CAP,,0,0,,,1,,,
ROBOT_CAP,,0,1,,,1,,,
ROBOT_CAP,,0,2,,,0,,,
ROBOT_CAP,,0,3,,,1,,,
ROBOT_CAP,,0,4,,,1,,,
ROBOT_CAP,,0,5,,,0,,,
ROBOT_CAP,,1,0,,,1,,,
ROBOT_CAP,,1,1,,,1,,,
ROBOT_CAP,,1,2,,,1,,,
ROBOT_CAP,,1,3,,,1,,,
ROBOT_CAP,,1,4,,,1,,,
ROBOT_CAP,,1,5,,,1,,,
ROBOT_CAP,,2,0,,,1,,,
ROBOT_CAP,,2,1,,,1,,,
ROBOT_CAP,,2,2,,,0,,,
ROBOT_CAP,,2,3,,,1,,,
ROBOT_CAP,,2,4,,,1,,,
ROBOT_CAP,,2,5,,,0,,,
ROBOT_CAP,,3,0,,,1,,,
ROBOT_CAP,,3,1,,,1,,,
ROBOT_CAP,,3,2,,,1,,,
ROBOT_CAP,,3,3,,,1,,,
ROBOT_CAP,,3,4,,,1,,,
ROBOT_CAP,,3,5,,,1,,,
ROBOT_CAP,,4,0,,,1,,,
ROBOT_CAP,,4,1,,,1,,,
ROBOT_CAP,,4,2,,,1,,,
ROBOT_CAP,,4,3,,,1,,,
ROBOT_CAP,,4,4,,,1,,,
ROBOT_CAP,,4,5,,,0,,,
ROBOT_CAP,,5,0,,,1,,,
ROBOT_CAP,,5,1,,,1,,,
ROBOT_CAP,,5,2,,,1,,,
ROBOT_CAP,,5,3,,,1,,,
ROBOT_CAP,,5,4,,,1,,,
ROBOT_CAP,,5,5,,,1,,,
ROBOT_CAP,,6,0,,,1,,,
ROBOT_CAP,,6,1,,,0,,,
ROBOT_CAP,,6,2,,,1,,,
ROBOT_CAP,,6,3,,,1,,,
ROBOT_CAP,,6,4,,,1,,,
ROBOT_CAP,,6,5,,,1,,,
ROBOT_EFF,,0,0,,,1.0333524403816068,,,
ROBOT_EFF,,0,1,,,1.1834354089023231,,,
ROBOT_EFF,,0,2,,,1.0594463780618797,,,
ROBOT_EFF,,0,3,,,1.0038085828796577,,,
ROBOT_EFF,,0,4,,,1.0161693173238522,,,
ROBOT_EFF,,0,5,,,1.0960849095075869,,,
ROBOT_EFF,,1,0,,,1.2843621993806922,,,
ROBOT_EFF,,1,1,,,1.136930393810918,,,
ROBOT_EFF,,1,2,,,0.9929372934818284,,,
ROBOT_EFF,,1,3,,,1.07631013332345,,,
ROBOT_EFF,,1,4,,,0.9375731240681665,,,
ROBOT_EFF,,1,5,,,0.9372657735491798,,,
ROBOT_EFF,,2,0,,,1.0081592804237087,,,
ROBOT_EFF,,2,1,,,1.246609351663904,,,
ROBOT_EFF,,2,2,,,1.2951486329337467,,,
ROBOT_EFF,,2,3,,,1.2856089944339844,,,
ROBOT_EFF,,2,4,,,1.0478107203050477,,,
ROBOT_EFF,,2,5,,,1.2115453938070717,,,
ROBOT_EFF,,3,0,,,1.128029269694515,,,
ROBOT_EFF,,3,1,,,0.8747206008955487,,,
ROBOT_EFF,,3,2,,,1.0831993766634342,,,
ROBOT_EFF,,3,3,,,0.9582216447933175,,,
ROBOT_EFF,,3,4,,,1.1480239450140772,,,
ROBOT_EFF,,3,5,,,1.0579577411877827,,,
ROBOT_EFF,,4,0,,,0.8969641686587584,,,
ROBOT_EFF,,4,1,,,1.0880571196379567,,,
ROBOT_EFF,,4,2,,,1.192013696927204,,,
ROBOT_EFF,,4,3,,,1.1192687832273802,,,
ROBOT_EFF,,4,4,,,1.1402426251287523,,,
ROBOT_EFF,,4,5,,,1.1730316453246719,,,
ROBOT_EFF,,5,0,,,0.9921279379034958,,,
ROBOT_EFF,,5,1,,,1.1115555619405466,,,
ROBOT_EFF,,5,2,,,1.2747530622479908,,,
ROBOT_EFF,,5,3,,,1.0084402602886344,,,
ROBOT_EFF,,5,4,,,0.8646243147847291,,,
ROBOT_EFF,,5,5,,,1.2100317326181362,,,
ROBOT_EFF,,6,0,,,0.9477000813980077,,,
ROBOT_EFF,,6,1,,,1.2142344135776084,,,
ROBOT_EFF,,6,2,,,1.2638475666961424,,,
ROBOT_EFF,,6,3,,,1.2243010467441988,,,
ROBOT_EFF,,6,4,,,0.9087251767768156,,,
ROBOT_EFF,,6,5,,,0.8818782542482275,,,
HR_COMPAT,,0,0,0,,1,,,
HR_SYNERGY,,0,0,0,,0.7806431542771761,,,
HR_COMPAT,,0,0,1,,1,,,
HR_SYNERGY,,0,0,1,,0.747474230000087,,,
HR_COMPAT,,0,0,2,,0,,,
HR_SYNERGY,,0,0,2,,0.8264697954984822,,,
HR_COMPAT,,0,0,3,,1,,,
HR_SYNERGY,,0,0,3,,0.8695501369569992,,,
HR_COMPAT,,0,0,4,,1,,,
HR_SYNERGY,,0,0,4,,0.6737073173386245,,,
HR_COMPAT,,0,0,5,,0,,,
HR_SYNERGY,,0,0,5,,0.8258666901760076,,,
HR_COMPAT,,0,1,0,,1,,,
HR_SYNERGY,,0,1,0,,0.7363853366293229,,,
HR_COMPAT,,0,1,1,,1,,,
HR_SYNERGY,,0,1,1,,0.8088844851778005,,,
HR_COMPAT,,0,1,2,,1,,,
HR_SYNERGY,,0,1,2,,0.6554035265454848,,,
HR_COMPAT,,0,1,3,,1,,,
HR_SYNERGY,,0,1,3,,0.8247702891727652,,,
HR_COMPAT,,0,1,4,,1,,,
HR_SYNERGY,,0,1,4,,0.7625814644778532,,,
HR_COMPAT,,0,1,5,,1,,,
HR_SYNERGY,,0,1,5,,0.8097568053110376,,,
HR_COMPAT,,0,2,0,,1,,,
HR_SYNERGY,,0,2,0,,0.782096425639152,,,
HR_COMPAT,,0,2,1,,1,,,
HR_SYNERGY,,0,2,1,,0.6931916619960738,,,
HR_COMPAT,,0,2,2,,0,,,
HR_SYNERGY,,0,2,2,,0.8104638607915056,,,
HR_COMPAT,,0,2,3,,1,,,
HR_SYNERGY,,0,2,3,,0.8768465194514186,,,
HR_COMPAT,,0,2,4,,1,,,
HR_SYNERGY,,0,2,4,,0.7216665514801787,,,
HR_COMPAT,,0,2,5,,0,,,
HR_SYNERGY,,0,2,5,,0.6598020914279747,,,
HR_COMPAT,,0,3,0,,1,,,
HR_SYNERGY,,0,3,0,,0.7585525577430646,,,
HR_COMPAT,,0,3,1,,1,,,
HR_SYNERGY,,0,3,1,,0.8414666933072279,,,
HR_COMPAT,,0,3,2,,1,,,
HR_SYNERGY,,0,3,2,,0.8384254384964595,,,
HR_COMPAT,,0,3,3,,0,,,
HR_SYNERGY,,0,3,3,,0.8427390729591391,,,
HR_COMPAT,,0,3,4,,1,,,
HR_SYNERGY,,0,3,4,,0.8685156810556648,,,
HR_COMPAT,,0,3,5,,1,,,
HR_SYNERGY,,0,3,5,,0.8599731019440418,,,
HR_COMPAT,,0,4,0,,1,,,
HR_SYNERGY,,0,4,0,,0.84280127536001,,,
HR_COMPAT,,0,4,1,,1,,,
HR_SYNERGY,,0,4,1,,0.7312087292809974,,,
HR_COMPAT,,0,4,2,,1,,,
HR_SYNERGY,,0,4,2,,0.7739520441792374,,,
HR_COMPAT,,0,4,3,,1,,,
HR_SYNERGY,,0,4,3,,0.7088165246634742,,,
HR_COMPAT,,0,4,4,,1,,,
HR_SYNERGY,,0,4,4,,0.7802417405615181,,,
HR_COMPAT,,0,4,5,,0,,,
HR_SYNERGY,,0,4,5,,0.8677952424058597,,,
HR_COMPAT,,0,5,0,,1,,,
HR_SYNERGY,,0,5,0,,0.8474848401861892,,,
HR_COMPAT,,0,5,1,,1,,,
HR_SYNERGY,,0,5,1,,0.8613813406000546,,,
HR_COMPAT,,0,5,2,,1,,,
HR_SYNERGY,,0,5,2,,0.8496659994638238,,,
HR_COMPAT,,0,5,3,,0,,,
HR_SYNERGY,,0,5,3,,0.6868932098977709,,,
HR_COMPAT,,0,5,4,,1,,,
HR_SYNERGY,,0,5,4,,0.6731526765407837,,,
HR_COMPAT,,0,5,5,,1,,,
HR_SYNERGY,,0,5,5,,0.8721355812421118,,,
HR_COMPAT,,0,6,0,,1,,,
HR_SYNERGY,,0,6,0,,0.7022368608810124,,,
HR_COMPAT,,0,6,1,,0,,,
HR_SYNERGY,,0,6,1,,0.7478994189534904,,,
HR_COMPAT,,0,6,2,,1,,,
HR_SYNERGY,,0,6,2,,0.8224802772634647,,,
HR_COMPAT,,0,6,3,,0,,,
HR_SYNERGY,,0,6,3,,0.7566485768215024,,,
HR_COMPAT,,0,6,4,,1,,,
HR_SYNERGY,,0,6,4,,0.7768634787235053,,,
HR_COMPAT,,0,6,5,,0,,,
HR_SYNERGY,,0,6,5,,0.7144044534252229,,,
HR_COMPAT,,1,0,0,,1,,,
HR_SYNERGY,,1,0,0,,0.6654385938853958,,,
HR_COMPAT,,1,0,1,,1,,,
HR_SYNERGY,,1,0,1,,0.7993097233597921,,,
HR_COMPAT,,1,0,2,,0,,,
HR_SYNERGY,,1,0,2,,0.789401369945545,,,
HR_COMPAT,,1,0,3,,1,,,
HR_SYNERGY,,1,0,3,,0.8718904234966369,,,
HR_COMPAT,,1,0,4,,0,,,
HR_SYNERGY,,1,0,4,,0.7693062687105385,,,
HR_COMPAT,,1,0,5,,0,,,
HR_SYNERGY,,1,0,5,,0.7010209269717463,,,
HR_COMPAT,,1,1,0,,0,,,
HR_SYNERGY,,1,1,0,,0.8538794977246662,,,
HR_COMPAT,,1,1,1,,1,,,
HR_SYNERGY,,1,1,1,,0.8604871206990639,,,
HR_COMPAT,,1,1,2,,1,,,
HR_SYNERGY,,1,1,2,,0.6874332941391881,,,
HR_COMPAT,,1,1,3,,0,,,
HR_SYNERGY,,1,1,3,,0.8480019612511274,,,
HR_COMPAT,,1,1,4,,0,,,
HR_SYNERGY,,1,1,4,,0.740527892706741,,,
HR_COMPAT,,1,1,5,,1,,,
HR_SYNERGY,,1,1,5,,0.8316602624542431,,,
HR_COMPAT,,1,2,0,,1,,,
HR_SYNERGY,,1,2,0,,0.6991083317591854,,,
HR_COMPAT,,1,2,1,,1,,,
HR_SYNERGY,,1,2,1,,0.7054978068811172,,,
HR_COMPAT,,1,2,2,,0,,,
HR_SYNERGY,,1,2,2,,0.8072820285072854,,,
HR_COMPAT,,1,2,3,,1,,,
HR_SYNERGY,,1,2,3,,0.6524599285700551,,,
HR_COMPAT,,1,2,4,,0,,,
HR_SYNERGY,,1,2,4,,0.7961074961640543,,,
HR_COMPAT,,1,2,5,,0,,,
HR_SYNERGY,,1,2,5,,0.6787761313776028,,,
HR_COMPAT,,1,3,0,,1,,,
HR_SYNERGY,,1,3,0,,0.7561212592754363,,,
HR_COMPAT,,1,3,1,,1,,,
HR_SYNERGY,,1,3,1,,0.8254775561432224,,,
HR_COMPAT,,1,3,2,,1,,,
HR_SYNERGY,,1,3,2,,0.8036052937942815,,,
HR_COMPAT,,1,3,3,,1,,,
HR_SYNERGY,,1,3,3,,0.823483940840345,,,
HR_COMPAT,,1,3,4,,0,,,
HR_SYNERGY,,1,3,4,,0.670559989932573,,,
HR_COMPAT,,1,3,5,,1,,,
HR_SYNERGY,,1,3,5,,0.7646946587928043,,,
HR_COMPAT,,1,4,0,,1,,,
HR_SYNERGY,,1,4,0,,0.7977619396261445,,,
HR_COMPAT,,1,4,1,,1,,,
HR_SYNERGY,,1,4,1,,0.8030918584364046,,,
HR_COMPAT,,1,4,2,,1,,,
HR_SYNERGY,,1,4,2,,0.7873399689689204,,,
HR_COMPAT,,1,4,3,,1,,,
HR_SYNERGY,,1,4,3,,0.8006319618389174,,,
HR_COMPAT,,1,4,4,,0,,,
HR_SYNERGY,,1,4,4,,0.8082044663015642,,,
HR_COMPAT,,1,4,5,,0,,,
HR_SYNERGY,,1,4,5,,0.7666973746969467,,,
HR_COMPAT,,1,5,0,,1,,,
HR_SYNERGY,,1,5,0,,0.7393490505542892,,,
HR_COMPAT,,1,5,1,,0,,,
HR_SYNERGY,,1,5,1,,0.7297754800195798,,,
HR_COMPAT,,1,5,2,,1,,,
HR_SYNERGY,,1,5,2,,0.8327270164593691,,,
HR_COMPAT,,1,5,3,,1,,,
HR_SYNERGY,,1,5,3,,0.7788352656396506,,,
HR_COMPAT,,1,5,4,,0,,,
HR_SYNERGY,,1,5,4,,0.7061625023544537,,,
HR_COMPAT,,1,5,5,,1,,,
HR_SYNERGY,,1,5,5,,0.7992260338755286,,,
HR_COMPAT,,1,6,0,,1,,,
HR_SYNERGY,,1,6,0,,0.8692990990249371,,,
HR_COMPAT,,1,6,1,,0,,,
HR_SYNERGY,,1,6,1,,0.7745405930108192,,,
HR_COMPAT,,1,6,2,,1,,,
HR_SYNERGY,,1,6,2,,0.7014149778094279,,,
HR_COMPAT,,1,6,3,,1,,,
HR_SYNERGY,,1,6,3,,0.8299504361674261,,,
HR_COMPAT,,1,6,4,,0,,,
HR_SYNERGY,,1,6,4,,0.7629591419833309,,,
HR_COMPAT,,1,6,5,,1,,,
HR_SYNERGY,,1,6,5,,0.8143287136391324,,,
HR_COMPAT,,2,0,0,,0,,,
HR_SYNERGY,,2,0,0,,0.8649037914739017,,,
HR_COMPAT,,2,0,1,,1,,,
HR_SYNERGY,,2,0,1,,0.7927865402241244,,,
HR_COMPAT,,2,0,2,,0,,,
HR_SYNERGY,,2,0,2,,0.8894684916187794,,,
HR_COMPAT,,2,0,3,,1,,,
HR_SYNERGY,,2,0,3,,0.7762920675813325,,,
HR_COMPAT,,2,0,4,,1,,,
HR_SYNERGY,,2,0,4,,0.7758492454334738,,,
HR_COMPAT,,2,0,5,,0,,,
HR_SYNERGY,,2,0,5,,0.6629173851592014,,,
HR_COMPAT,,2,1,0,,0,,,
HR_SYNERGY,,2,1,0,,0.8911224994528122,,,
HR_COMPAT,,2,1,1,,1,,,
HR_SYNERGY,,2,1,1,,0.6530075432351086,,,
HR_COMPAT,,2,1,2,,1,,,
HR_SYNERGY,,2,1,2,,0.7576599884543644,,,
HR_COMPAT,,2,1,3,,1,,,
HR_SYNERGY,,2,1,3,,0.8064120336363183,,,
HR_COMPAT,,2,1,4,,1,,,
HR_SYNERGY,,2,1,4,,0.7853883567510886,,,
HR_COMPAT,,2,1,5,,0,,,
HR_SYNERGY,,2,1,5,,0.6675885707535893,,,
HR_COMPAT,,2,2,0,,0,,,
HR_SYNERGY,,2,2,0,,0.7648027481587272,,,
HR_COMPAT,,2,2,1,,1,,,
HR_SYNERGY,,2,2,1,,0.8164928290272185,,,
HR_COMPAT,,2,2,2,,0,,,
HR_SYNERGY,,2,2,2,,0.7672640447710906,,,
HR_COMPAT,,2,2,3,,1,,,
HR_SYNERGY,,2,2,3,,0.7088968720437636,,,
HR_COMPAT,,2,2,4,,1,,,
HR_SYNERGY,,2,2,4,,0.8189891179467256,,,
HR_COMPAT,,2,2,5,,0,,,
HR_SYNERGY,,2,2,5,,0.8091620598619889,,,
HR_COMPAT,,2,3,0,,0,,,
HR_SYNERGY,,2,3,0,,0.7548593963234639,,,
HR_COMPAT,,2,3,1,,1,,,
HR_SYNERGY,,2,3,1,,0.7303946495537673,,,
HR_COMPAT,,2,3,2,,1,,,
HR_SYNERGY,,2,3,2,,0.7110329100808157,,,
HR_COMPAT,,2,3,3,,1,,,
HR_SYNERGY,,2,3,3,,0.8968615240004374,,,
HR_COMPAT,,2,3,4,,1,,,
HR_SYNERGY,,2,3,4,,0.7022311766162639,,,
HR_COMPAT,,2,3,5,,1,,,
HR_SYNERGY,,2,3,5,,0.7182772208804908,,,
HR_COMPAT,,2,4,0,,0,,,
HR_SYNERGY,,2,4,0,,0.7873108144588793,,,
HR_COMPAT,,2,4,1,,1,,,
HR_SYNERGY,,2,4,1,,0.6891529841678091,,,
HR_COMPAT,,2,4,2,,1,,,
HR_SYNERGY,,2,4,2,,0.833378400666001,,,
HR_COMPAT,,2,4,3,,1,,,
HR_SYNERGY,,2,4,3,,0.7601418397280197,,,
HR_COMPAT,,2,4,4,,1,,,
HR_SYNERGY,,2,4,4,,0.8406918520727036,,,
HR_COMPAT,,2,4,5,,0,,,
HR_SYNERGY,,2,4,5,,0.8645408404569572,,,
HR_COMPAT,,2,5,0,,0,,,
HR_SYNERGY,,2,5,0,,0.7156150905276172,,,
HR_COMPAT,,2,5,1,,1,,,
HR_SYNERGY,,2,5,1,,0.7358506519984774,,,
HR_COMPAT,,2,5,2,,1,,,
HR_SYNERGY,,2,5,2,,0.7697301909458327,,,
HR_COMPAT,,2,5,3,,1,,,
HR_SYNERGY,,2,5,3,,0.8891312253754381,,,
HR_COMPAT,,2,5,4,,0,,,
HR_SYNERGY,,2,5,4,,0.8666815081111284,,,
HR_COMPAT,,2,5,5,,1,,,
HR_SYNERGY,,2,5,5,,0.8659536912559277,,,
HR_COMPAT,,2,6,0,,0,,,
HR_SYNERGY,,2,6,0,,0.8647591799025426,,,
HR_COMPAT,,2,6,1,,0,,,
HR_SYNERGY,,2,6,1,,0.7907727070135153,,,
HR_COMPAT,,2,6,2,,1,,,
HR_SYNERGY,,2,6,2,,0.661833424286953,,,
HR_COMPAT,,2,6,3,,1,,,
HR_SYNERGY,,2,6,3,,0.7138351828783714,,,
HR_COMPAT,,2,6,4,,1,,,
HR_SYNERGY,,2,6,4,,0.721199383805115,,,
HR_COMPAT,,2,6,5,,1,,,
HR_SYNERGY,,2,6,5,,0.7581504902529452,,,
HR_COMPAT,,3,0,0,,1,,,
HR_SYNERGY,,3,0,0,,0.7093273088055894,,,
HR_COMPAT,,3,0,1,,0,,,
HR_SYNERGY,,3,0,1,,0.7017666840314318,,,
HR_COMPAT,,3,0,2,,0,,,
HR_SYNERGY,,3,0,2,,0.7853785443204117,,,
HR_COMPAT,,3,0,3,,1,,,
HR_SYNERGY,,3,0,3,,0.8412024926541821,,,
HR_COMPAT,,3,0,4,,1,,,
HR_SYNERGY,,3,0,4,,0.7152359357899898,,,
HR_COMPAT,,3,0,5,,0,,,
HR_SYNERGY,,3,0,5,,0.6833727357925328,,,
HR_COMPAT,,3,1,0,,1,,,
HR_SYNERGY,,3,1,0,,0.7506595853598079,,,
HR_COMPAT,,3,1,1,,1,,,
HR_SYNERGY,,3,1,1,,0.8633552778867358,,,
HR_COMPAT,,3,1,2,,1,,,
HR_SYNERGY,,3,1,2,,0.7325365697503885,,,
HR_COMPAT,,3,1,3,,1,,,
HR_SYNERGY,,3,1,3,,0.7384658213024966,,,
HR_COMPAT,,3,1,4,,1,,,
HR_SYNERGY,,3,1,4,,0.7023307927964543,,,
HR_COMPAT,,3,1,5,,1,,,
HR_SYNERGY,,3,1,5,,0.8668438050262687,,,
HR_COMPAT,,3,2,0,,1,,,
HR_SYNERGY,,3,2,0,,0.8057119362638893,,,
HR_COMPAT,,3,2,1,,1,,,
HR_SYNERGY,,3,2,1,,0.852631894156773,,,
HR_COMPAT,,3,2,2,,0,,,
HR_SYNERGY,,3,2,2,,0.8169195057804102,,,
HR_COMPAT,,3,2,3,,1,,,
HR_SYNERGY,,3,2,3,,0.7321603108048234,,,
HR_COMPAT,,3,2,4,,1,,,
HR_SYNERGY,,3,2,4,,0.6695362283942488,,,
HR_COMPAT,,3,2,5,,0,,,
HR_SYNERGY,,3,2,5,,0.8214780651756752,,,
HR_COMPAT,,3,3,0,,1,,,
HR_SYNERGY,,3,3,0,,0.6750190631969843,,,
HR_COMPAT,,3,3,1,,1,,,
HR_SYNERGY,,3,3,1,,0.7342378527057357,,,
HR_COMPAT,,3,3,2,,0,,,
HR_SYNERGY,,3,3,2,,0.6817166223385095,,,
HR_COMPAT,,3,3,3,,1,,,
HR_SYNERGY,,3,3,3,,0.6937826690732081,,,
HR_COMPAT,,3,3,4,,1,,,
HR_SYNERGY,,3,3,4,,0.8173967004520388,,,
HR_COMPAT,,3,3,5,,1,,,
HR_SYNERGY,,3,3,5,,0.878860163432883,,,
HR_COMPAT,,3,4,0,,1,,,
HR_SYNERGY,,3,4,0,,0.6570219985760374,,,
HR_COMPAT,,3,4,1,,1,,,
HR_SYNERGY,,3,4,1,,0.7085174341922269,,,
HR_COMPAT,,3,4,2,,1,,,
HR_SYNERGY,,3,4,2,,0.7938727685549576,,,
HR_COMPAT,,3,4,3,,1,,,
HR_SYNERGY,,3,4,3,,0.6880650334885394,,,
HR_COMPAT,,3,4,4,,1,,,
HR_SYNERGY,,3,4,4,,0.8238485441833063,,,
HR_COMPAT,,3,4,5,,0,,,
HR_SYNERGY,,3,4,5,,0.6917939276464022,,,
HR_COMPAT,,3,5,0,,1,,,
HR_SYNERGY,,3,5,0,,0.8138556452990269,,,
HR_COMPAT,,3,5,1,,1,,,
HR_SYNERGY,,3,5,1,,0.835552084840719,,,
HR_COMPAT,,3,5,2,,1,,,
HR_SYNERGY,,3,5,2,,0.8842367568937971,,,
HR_COMPAT,,3,5,3,,1,,,
HR_SYNERGY,,3,5,3,,0.6511504440748133,,,
HR_COMPAT,,3,5,4,,1,,,
HR_SYNERGY,,3,5,4,,0.6707516422592408,,,
HR_COMPAT,,3,5,5,,1,,,
HR_SYNERGY,,3,5,5,,0.7277452044062926,,,
HR_COMPAT,,3,6,0,,1,,,
HR_SYNERGY,,3,6,0,,0.7055312943606469,,,
HR_COMPAT,,3,6,1,,0,,,
HR_SYNERGY,,3,6,1,,0.7729802922553219,,,
HR_COMPAT,,3,6,2,,1,,,
HR_SYNERGY,,3,6,2,,0.6845579514291857,,,
HR_COMPAT,,3,6,3,,0,,,
HR_SYNERGY,,3,6,3,,0.7161555705547091,,,
HR_COMPAT,,3,6,4,,1,,,
HR_SYNERGY,,3,6,4,,0.7901015905834967,,,
HR_COMPAT,,3,6,5,,1,,,
HR_SYNERGY,,3,6,5,,0.8041166933549113,,,
HR_COMPAT,,4,0,0,,1,,,
HR_SYNERGY,,4,0,0,,0.7978516785179588,,,
HR_COMPAT,,4,0,1,,1,,,
HR_SYNERGY,,4,0,1,,0.8812722940956149,,,
HR_COMPAT,,4,0,2,,0,,,
HR_SYNERGY,,4,0,2,,0.7250792749070947,,,
HR_COMPAT,,4,0,3,,1,,,
HR_SYNERGY,,4,0,3,,0.6996471886322162,,,
HR_COMPAT,,4,0,4,,0,,,
HR_SYNERGY,,4,0,4,,0.8892519820336424,,,
HR_COMPAT,,4,0,5,,0,,,
HR_SYNERGY,,4,0,5,,0.7196638416648488,,,
HR_COMPAT,,4,1,0,,1,,,
HR_SYNERGY,,4,1,0,,0.6997370600011193,,,
HR_COMPAT,,4,1,1,,1,,,
HR_SYNERGY,,4,1,1,,0.8662539010783419,,,
HR_COMPAT,,4,1,2,,0,,,
HR_SYNERGY,,4,1,2,,0.7672998336415146,,,
HR_COMPAT,,4,1,3,,1,,,
HR_SYNERGY,,4,1,3,,0.7706025464813098,,,
HR_COMPAT,,4,1,4,,1,,,
HR_SYNERGY,,4,1,4,,0.7774441097029344,,,
HR_COMPAT,,4,1,5,,1,,,
HR_SYNERGY,,4,1,5,,0.7658636739394271,,,
HR_COMPAT,,4,2,0,,1,,,
HR_SYNERGY,,4,2,0,,0.7856856284722853,,,
HR_COMPAT,,4,2,1,,1,,,
HR_SYNERGY,,4,2,1,,0.8931007948659146,,,
HR_COMPAT,,4,2,2,,0,,,
HR_SYNERGY,,4,2,2,,0.7512888351653928,,,
HR_COMPAT,,4,2,3,,1,,,
HR_SYNERGY,,4,2,3,,0.716288194781278,,,
HR_COMPAT,,4,2,4,,0,,,
HR_SYNERGY,,4,2,4,,0.769193507840631,,,
HR_COMPAT,,4,2,5,,0,,,
HR_SYNERGY,,4,2,5,,0.8295971581535655,,,
HR_COMPAT,,4,3,0,,1,,,
HR_SYNERGY,,4,3,0,,0.793476009819196,,,
HR_COMPAT,,4,3,1,,1,,,
HR_SYNERGY,,4,3,1,,0.6604673010628919,,,
HR_COMPAT,,4,3,2,,1,,,
HR_SYNERGY,,4,3,2,,0.7023507489284898,,,
HR_COMPAT,,4,3,3,,1,,,
HR_SYNERGY,,4,3,3,,0.8047759231416798,,,
HR_COMPAT,,4,3,4,,1,,,
HR_SYNERGY,,4,3,4,,0.8929962623370595,,,
HR_COMPAT,,4,3,5,,1,,,
HR_SYNERGY,,4,3,5,,0.8831375550284467,,,
HR_COMPAT,,4,4,0,,1,,,
HR_SYNERGY,,4,4,0,,0.796685935497339,,,
HR_COMPAT,,4,4,1,,1,,,
HR_SYNERGY,,4,4,1,,0.7384958170420366,,,
HR_COMPAT,,4,4,2,,1,,,
HR_SYNERGY,,4,4,2,,0.6899761535016071,,,
HR_COMPAT,,4,4,3,,1,,,
HR_SYNERGY,,4,4,3,,0.7074669362046841,,,
HR_COMPAT,,4,4,4,,1,,,
HR_SYNERGY,,4,4,4,,0.8810571654058506,,,
HR_COMPAT,,4,4,5,,0,,,
HR_SYNERGY,,4,4,5,,0.8035273529820177,,,
HR_COMPAT,,4,5,0,,1,,,
HR_SYNERGY,,4,5,0,,0.8584809021774141,,,
HR_COMPAT,,4,5,1,,1,,,
HR_SYNERGY,,4,5,1,,0.7860924015400821,,,
HR_COMPAT,,4,5,2,,1,,,
HR_SYNERGY,,4,5,2,,0.8547976338041261,,,
HR_COMPAT,,4,5,3,,1,,,
HR_SYNERGY,,4,5,3,,0.6690405587761656,,,
HR_COMPAT,,4,5,4,,0,,,
HR_SYNERGY,,4,5,4,,0.7909962329949034,,,
HR_COMPAT,,4,5,5,,1,,,
HR_SYNERGY,,4,5,5,,0.7453766132633801,,,
HR_COMPAT,,4,6,0,,1,,,
HR_SYNERGY,,4,6,0,,0.8975079483847851,,,
HR_COMPAT,,4,6,1,,0,,,
HR_SYNERGY,,4,6,1,,0.8916481228054813,,,
HR_COMPAT,,4,6,2,,1,,,
HR_SYNERGY,,4,6,2,,0.8934960413686672,,,
HR_COMPAT,,4,6,3,,1,,,
HR_SYNERGY,,4,6,3,,0.7643029168963217,,,
HR_COMPAT,,4,6,4,,1,,,
HR_SYNERGY,,4,6,4,,0.7407808098714082,,,
HR_COMPAT,,4,6,5,,1,,,
HR_SYNERGY,,4,6,5,,0.8371295557324931,,,
HR_COMPAT,,5,0,0,,1,,,
HR_SYNERGY,,5,0,0,,0.7908639609142044,,,
HR_COMPAT,,5,0,1,,1,,,
HR_SYNERGY,,5,0,1,,0.837690093305405,,,
HR_COMPAT,,5,0,2,,0,,,
HR_SYNERGY,,5,0,2,,0.816594907646968,,,
HR_COMPAT,,5,0,3,,1,,,
HR_SYNERGY,,5,0,3,,0.8567333387691161,,,
HR_COMPAT,,5,0,4,,1,,,
HR_SYNERGY,,5,0,4,,0.6752975196581653,,,
HR_COMPAT,,5,0,5,,0,,,
HR_SYNERGY,,5,0,5,,0.6682521041757851,,,
HR_COMPAT,,5,1,0,,1,,,
HR_SYNERGY,,5,1,0,,0.830087263362007,,,
HR_COMPAT,,5,1,1,,1,,,
HR_SYNERGY,,5,1,1,,0.6614098543512636,,,
HR_COMPAT,,5,1,2,,1,,,
HR_SYNERGY,,5,1,2,,0.7731325731868197,,,
HR_COMPAT,,5,1,3,,1,,,
HR_SYNERGY,,5,1,3,,0.8477648832580242,,,
HR_COMPAT,,5,1,4,,1,,,
HR_SYNERGY,,5,1,4,,0.7175316841204851,,,
HR_COMPAT,,5,1,5,,0,,,
HR_SYNERGY,,5,1,5,,0.8632916367971778,,,
HR_COMPAT,,5,2,0,,1,,,
HR_SYNERGY,,5,2,0,,0.8857327288858883,,,
HR_COMPAT,,5,2,1,,1,,,
HR_SYNERGY,,5,2,1,,0.8509093170080796,,,
HR_COMPAT,,5,2,2,,0,,,
HR_SYNERGY,,5,2,2,,0.7858225350123202,,,
HR_COMPAT,,5,2,3,,1,,,
HR_SYNERGY,,5,2,3,,0.8569540153692377,,,
HR_COMPAT,,5,2,4,,1,,,
HR_SYNERGY,,5,2,4,,0.8240912365215372,,,
HR_COMPAT,,5,2,5,,0,,,
HR_SYNERGY,,5,2,5,,0.7063784018312447,,,
HR_COMPAT,,5,3,0,,1,,,
HR_SYNERGY,,5,3,0,,0.6943068517053578,,,
HR_COMPAT,,5,3,1,,1,,,
HR_SYNERGY,,5,3,1,,0.6847198700568131,,,
HR_COMPAT,,5,3,2,,1,,,
HR_SYNERGY,,5,3,2,,0.6667045428519517,,,
HR_COMPAT,,5,3,3,,1,,,
HR_SYNERGY,,5,3,3,,0.8678813635601277,,,
HR_COMPAT,,5,3,4,,1,,,
HR_SYNERGY,,5,3,4,,0.7364225095213123,,,
HR_COMPAT,,5,3,5,,0,,,
HR_SYNERGY,,5,3,5,,0.8354880168032904,,,
HR_COMPAT,,5,4,0,,1,,,
HR_SYNERGY,,5,4,0,,0.6532469654755527,,,
HR_COMPAT,,5,4,1,,1,,,
HR_SYNERGY,,5,4,1,,0.7740252843586698,,,
HR_COMPAT,,5,4,2,,1,,,
HR_SYNERGY,,5,4,2,,0.6574135521180564,,,
HR_COMPAT,,5,4,3,,1,,,
HR_SYNERGY,,5,4,3,,0.6704181129221696,,,
HR_COMPAT,,5,4,4,,1,,,
HR_SYNERGY,,5,4,4,,0.8190625899797609,,,
HR_COMPAT,,5,4,5,,0,,,
HR_SYNERGY,,5,4,5,,0.662142942356293,,,
HR_COMPAT,,5,5,0,,1,,,
HR_SYNERGY,,5,5,0,,0.6805727482298379,,,
HR_COMPAT,,5,5,1,,1,,,
HR_SYNERGY,,5,5,1,,0.8531885368206419,,,
HR_COMPAT,,5,5,2,,0,,,
HR_SYNERGY,,5,5,2,,0.864745037870299,,,
HR_COMPAT,,5,5,3,,1,,,
HR_SYNERGY,,5,5,3,,0.855817008088306,,,
HR_COMPAT,,5,5,4,,1,,,
HR_SYNERGY,,5,5,4,,0.7763759078068913,,,
HR_COMPAT,,5,5,5,,0,,,
HR_SYNERGY,,5,5,5,,0.695335060027307,,,
HR_COMPAT,,5,6,0,,1,,,
HR_SYNERGY,,5,6,0,,0.7806380006782176,,,
HR_COMPAT,,5,6,1,,0,,,
HR_SYNERGY,,5,6,1,,0.7245112694973141,,,
HR_COMPAT,,5,6,2,,1,,,
HR_SYNERGY,,5,6,2,,0.7526115815210395,,,
HR_COMPAT,,5,6,3,,1,,,
HR_SYNERGY,,5,6,3,,0.7676070695080723,,,
HR_COMPAT,,5,6,4,,1,,,
HR_SYNERGY,,5,6,4,,0.7831660699652473,,,
HR_COMPAT,,5,6,5,,0,,,
HR_SYNERGY,,5,6,5,,0.8423784141892189,,,
HR_COMPAT,,6,0,0,,1,,,
HR_SYNERGY,,6,0,0,,0.7711208627873128,,,
HR_COMPAT,,6,0,1,,1,,,
HR_SYNERGY,,6,0,1,,0.8980380018270822,,,
HR_COMPAT,,6,0,2,,0,,,
HR_SYNERGY,,6,0,2,,0.8695765829813351,,,
HR_COMPAT,,6,0,3,,1,,,
HR_SYNERGY,,6,0,3,,0.8954099854758734,,,
HR_COMPAT,,6,0,4,,1,,,
HR_SYNERGY,,6,0,4,,0.8726890526079781,,,
HR_COMPAT,,6,0,5,,0,,,
HR_SYNERGY,,6,0,5,,0.7100668834890244,,,
HR_COMPAT,,6,1,0,,1,,,
HR_SYNERGY,,6,1,0,,0.8817109985982067,,,
HR_COMPAT,,6,1,1,,1,,,
HR_SYNERGY,,6,1,1,,0.8695407236161774,,,
HR_COMPAT,,6,1,2,,1,,,
HR_SYNERGY,,6,1,2,,0.8660182571530558,,,
HR_COMPAT,,6,1,3,,1,,,
HR_SYNERGY,,6,1,3,,0.8212903831609368,,,
HR_COMPAT,,6,1,4,,1,,,
HR_SYNERGY,,6,1,4,,0.844489817354484,,,
HR_COMPAT,,6,1,5,,1,,,
HR_SYNERGY,,6,1,5,,0.8961551454268195,,,
HR_COMPAT,,6,2,0,,1,,,
HR_SYNERGY,,6,2,0,,0.8859065066296389,,,
HR_COMPAT,,6,2,1,,1,,,
HR_SYNERGY,,6,2,1,,0.7471762734565115,,,
HR_COMPAT,,6,2,2,,0,,,
HR_SYNERGY,,6,2,2,,0.6822557253231543,,,
HR_COMPAT,,6,2,3,,1,,,
HR_SYNERGY,,6,2,3,,0.8705866221309534,,,
HR_COMPAT,,6,2,4,,1,,,
HR_SYNERGY,,6,2,4,,0.8778117799125794,,,
HR_COMPAT,,6,2,5,,0,,,
HR_SYNERGY,,6,2,5,,0.8757714439377318,,,
HR_COMPAT,,6,3,0,,1,,,
HR_SYNERGY,,6,3,0,,0.8448799099879437,,,
HR_COMPAT,,6,3,1,,1,,,
HR_SYNERGY,,6,3,1,,0.7528929706194383,,,
HR_COMPAT,,6,3,2,,1,,,
HR_SYNERGY,,6,3,2,,0.8022696267027142,,,
HR_COMPAT,,6,3,3,,1,,,
HR_SYNERGY,,6,3,3,,0.795559523867669,,,
HR_COMPAT,,6,3,4,,1,,,
HR_SYNERGY,,6,3,4,,0.6852097229225678,,,
HR_COMPAT,,6,3,5,,1,,,
HR_SYNERGY,,6,3,5,,0.7628072435432545,,,
HR_COMPAT,,6,4,0,,1,,,
HR_SYNERGY,,6,4,0,,0.8957499998006724,,,
HR_COMPAT,,6,4,1,,1,,,
HR_SYNERGY,,6,4,1,,0.7720632712357365,,,
HR_COMPAT,,6,4,2,,1,,,
HR_SYNERGY,,6,4,2,,0.8473309801948394,,,
HR_COMPAT,,6,4,3,,1,,,
HR_SYNERGY,,6,4,3,,0.7930952924547418,,,
HR_COMPAT,,6,4,4,,1,,,
HR_SYNERGY,,6,4,4,,0.6944147342229556,,,
HR_COMPAT,,6,4,5,,0,,,
HR_SYNERGY,,6,4,5,,0.7861442456027263,,,
HR_COMPAT,,6,5,0,,1,,,
HR_SYNERGY,,6,5,0,,0.6577520674309223,,,
HR_COMPAT,,6,5,1,,0,,,
HR_SYNERGY,,6,5,1,,0.7895206579222455,,,
HR_COMPAT,,6,5,2,,1,,,
HR_SYNERGY,,6,5,2,,0.8101270090132086,,,
HR_COMPAT,,6,5,3,,1,,,
HR_SYNERGY,,6,5,3,,0.6770545211189085,,,
HR_COMPAT,,6,5,4,,0,,,
HR_SYNERGY,,6,5,4,,0.7622514807746248,,,
HR_COMPAT,,6,5,5,,1,,,
HR_SYNERGY,,6,5,5,,0.7674973191539908,,,
HR_COMPAT,,6,6,0,,1,,,
HR_SYNERGY,,6,6,0,,0.8649777044054825,,,
HR_COMPAT,,6,6,1,,0,,,
HR_SYNERGY,,6,6,1,,0.7958347219960142,,,
HR_COMPAT,,6,6,2,,1,,,
HR_SYNERGY,,6,6,2,,0.6919095857650162,,,
HR_COMPAT,,6,6,3,,1,,,
HR_SYNERGY,,6,6,3,,0.8893652936665428,,,
HR_COMPAT,,6,6,4,,1,,,
HR_SYNERGY,,6,6,4,,0.7063239898698549,,,
HR_COMPAT,,6,6,5,,1,,,
HR_SYNERGY,,6,6,5,,0.8923316533094393,,,
HR_COMPAT,,7,0,0,,1,,,
HR_SYNERGY,,7,0,0,,0.7475993380140641,,,
HR_COMPAT,,7,0,1,,1,,,
HR_SYNERGY,,7,0,1,,0.8473216556725627,,,
HR_COMPAT,,7,0,2,,0,,,
HR_SYNERGY,,7,0,2,,0.7669859843994555,,,
HR_COMPAT,,7,0,3,,1,,,
HR_SYNERGY,,7,0,3,,0.8705712292114252,,,
HR_COMPAT,,7,0,4,,1,,,
HR_SYNERGY,,7,0,4,,0.760819055419164,,,
HR_COMPAT,,7,0,5,,0,,,
HR_SYNERGY,,7,0,5,,0.8236051089448103,,,
HR_COMPAT,,7,1,0,,1,,,
HR_SYNERGY,,7,1,0,,0.8890850118286318,,,
HR_COMPAT,,7,1,1,,1,,,
HR_SYNERGY,,7,1,1,,0.8641183806897282,,,
HR_COMPAT,,7,1,2,,1,,,
HR_SYNERGY,,7,1,2,,0.7742855906567064,,,
HR_COMPAT,,7,1,3,,1,,,
HR_SYNERGY,,7,1,3,,0.8451479543267062,,,
HR_COMPAT,,7,1,4,,1,,,
HR_SYNERGY,,7,1,4,,0.836785622622145,,,
HR_COMPAT,,7,1,5,,1,,,
HR_SYNERGY,,7,1,5,,0.8627297465217112,,,
HR_COMPAT,,7,2,0,,1,,,
HR_SYNERGY,,7,2,0,,0.8383361559740623,,,
HR_COMPAT,,7,2,1,,1,,,
HR_SYNERGY,,7,2,1,,0.7477822264285379,,,
HR_COMPAT,,7,2,2,,0,,,
HR_SYNERGY,,7,2,2,,0.7662686877697805,,,
HR_COMPAT,,7,2,3,,1,,,
HR_SYNERGY,,7,2,3,,0.7560453109487636,,,
HR_COMPAT,,7,2,4,,1,,,
HR_SYNERGY,,7,2,4,,0.8934927537064344,,,
HR_COMPAT,,7,2,5,,0,,,
HR_SYNERGY,,7,2,5,,0.7512870294554211,,,
HR_COMPAT,,7,3,0,,1,,,
HR_SYNERGY,,7,3,0,,0.6653972601535046,,,
HR_COMPAT,,7,3,1,,1,,,
HR_SYNERGY,,7,3,1,,0.8351447142425152,,,
HR_COMPAT,,7,3,2,,1,,,
HR_SYNERGY,,7,3,2,,0.8566060607719923,,,
HR_COMPAT,,7,3,3,,1,,,
HR_SYNERGY,,7,3,3,,0.7138849636536129,,,
HR_COMPAT,,7,3,4,,1,,,
HR_SYNERGY,,7,3,4,,0.8958165684444545,,,
HR_COMPAT,,7,3,5,,1,,,
HR_SYNERGY,,7,3,5,,0.7021101751921875,,,
HR_COMPAT,,7,4,0,,1,,,
HR_SYNERGY,,7,4,0,,0.8809600773462114,,,
HR_COMPAT,,7,4,1,,0,,,
HR_SYNERGY,,7,4,1,,0.7686480142353279,,,
HR_COMPAT,,7,4,2,,1,,,
HR_SYNERGY,,7,4,2,,0.7356111610560869,,,
HR_COMPAT,,7,4,3,,0,,,
HR_SYNERGY,,7,4,3,,0.7662907395413066,,,
HR_COMPAT,,7,4,4,,1,,,
HR_SYNERGY,,7,4,4,,0.7627155193307649,,,
HR_COMPAT,,7,4,5,,0,,,
HR_SYNERGY,,7,4,5,,0.7253511239555901,,,
HR_COMPAT,,7,5,0,,1,,,
HR_SYNERGY,,7,5,0,,0.8934493927710242,,,
HR_COMPAT,,7,5,1,,1,,,
HR_SYNERGY,,7,5,1,,0.7384490701567334,,,
HR_COMPAT,,7,5,2,,1,,,
HR_SYNERGY,,7,5,2,,0.8547196735121365,,,
HR_COMPAT,,7,5,3,,0,,,
HR_SYNERGY,,7,5,3,,0.762824823978824,,,
HR_COMPAT,,7,5,4,,1,,,
HR_SYNERGY,,7,5,4,,0.7976181345260314,,,
HR_COMPAT,,7,5,5,,1,,,
HR_SYNERGY,,7,5,5,,0.6923977933038665,,,
HR_COMPAT,,7,6,0,,1,,,
HR_SYNERGY,,7,6,0,,0.8308192409565154,,,
HR_COMPAT,,7,6,1,,0,,,
HR_SYNERGY,,7,6,1,,0.6577043075074346,,,
HR_COMPAT,,7,6,2,,1,,,
HR_SYNERGY,,7,6,2,,0.8878032645235001,,,
HR_COMPAT,,7,6,3,,1,,,
HR_SYNERGY,,7,6,3,,0.7617696788773051,,,
HR_COMPAT,,7,6,4,,1,,,
HR_SYNERGY,,7,6,4,,0.7587314050627115,,,
HR_COMPAT,,7,6,5,,1,,,
HR_SYNERGY,,7,6,5,,0.6698883269639758,,,
WORKER_RELOC,,0,0,0,,0.0,,,
WORKER_RELOC,,0,0,1,,5.560504493225267,,,
WORKER_RELOC,,0,0,2,,3.553574632318913,,,
WORKER_RELOC,,0,0,3,,6.005946349060649,,,
WORKER_RELOC,,0,0,4,,3.790381123882697,,,
WORKER_RELOC,,0,0,5,,3.5932548552593864,,,
WORKER_RELOC,,0,0,6,,6.224703251258895,,,
WORKER_RELOC,,0,0,7,,6.0784915869587515,,,
WORKER_RELOC,,0,0,8,,5.571918210293123,,,
WORKER_RELOC,,0,0,9,,7.786377738301596,,,
WORKER_RELOC,,0,0,10,,4.7164291467853,,,
WORKER_RELOC,,0,0,11,,6.033895713691102,,,
WORKER_RELOC,,0,1,0,,3.470693621149611,,,
WORKER_RELOC,,0,1,1,,0.0,,,
WORKER_RELOC,,0,1,2,,2.3933975866525277,,,
WORKER_RELOC,,0,1,3,,5.971491871641409,,,
WORKER_RELOC,,0,1,4,,4.831483279270252,,,
WORKER_RELOC,,0,1,5,,6.777407494263906,,,
WORKER_RELOC,,0,1,6,,4.265513445607765,,,
WORKER_RELOC,,0,1,7,,5.277562056477426,,,
WORKER_RELOC,,0,1,8,,3.7627088261660404,,,
WORKER_RELOC,,0,1,9,,6.257447266440931,,,
WORKER_RELOC,,0,1,10,,4.918470687319952,,,
WORKER_RELOC,,0,1,11,,3.9010490848688626,,,
WORKER_RELOC,,0,2,0,,4.813413135746552,,,
WORKER_RELOC,,0,2,1,,1.1297003939691648,,,
WORKER_RELOC,,0,2,2,,0.0,,,
WORKER_RELOC,,0,2,3,,3.021432403687292,,,
WORKER_RELOC,,0,2,4,,6.261869975352464,,,
WORKER_RELOC,,0,2,5,,7.27435908354394,,,
WORKER_RELOC,,0,2,6,,5.018268084152542,,,
WORKER_RELOC,,0,2,7,,3.097796403242527,,,
WORKER_RELOC,,0,2,8,,4.926063059841906,,,
WORKER_RELOC,,0,2,9,,6.8564764779551295,,,
WORKER_RELOC,,0,2,10,,3.2743528116964775,,,
WORKER_RELOC,,0,2,11,,4.839697782258646,,,
WORKER_RELOC,,0,3,0,,6.358196624627582,,,
WORKER_RELOC,,0,3,1,,3.249082745165844,,,
WORKER_RELOC,,0,3,2,,6.76461420242267,,,
WORKER_RELOC,,0,3,3,,0.0,,,
WORKER_RELOC,,0,3,4,,2.591368387227573,,,
WORKER_RELOC,,0,3,5,,1.7121085350841523,,,
WORKER_RELOC,,0,3,6,,7.674393155007164,,,
WORKER_RELOC,,0,3,7,,3.5923295227056666,,,
WORKER_RELOC,,0,3,8,,4.296726551907671,,,
WORKER_RELOC,,0,3,9,,3.929383702496369,,,
WORKER_RELOC,,0,3,10,,6.190319927274697,,,
WORKER_RELOC,,0,3,11,,7.356521412364484,,,
WORKER_RELOC,,0,4,0,,5.103910148888341,,,
WORKER_RELOC,,0,4,1,,7.856579490137974,,,
WORKER_RELOC,,0,4,2,,4.208452725197578,,,
WORKER_RELOC,,0,4,3,,1.1218411886024129,,,
WORKER_RELOC,,0,4,4,,0.0,,,
WORKER_RELOC,,0,4,5,,1.4734685708413697,,,
WORKER_RELOC,,0,4,6,,3.4822827054440797,,,
WORKER_RELOC,,0,4,7,,4.266932460688761,,,
WORKER_RELOC,,0,4,8,,7.947884864960672,,,
WORKER_RELOC,,0,4,9,,5.524972992203186,,,
WORKER_RELOC,,0,4,10,,3.864081267548788,,,
WORKER_RELOC,,0,4,11,,4.44078536644035,,,
WORKER_RELOC,,0,5,0,,5.301414825282995,,,
WORKER_RELOC,,0,5,1,,4.325463663410604,,,
WORKER_RELOC,,0,5,2,,4.211256111519828,,,
WORKER_RELOC,,0,5,3,,1.6041100545591827,,,
WORKER_RELOC,,0,5,4,,2.843252720949606,,,
WORKER_RELOC,,0,5,5,,0.0,,,
WORKER_RELOC,,0,5,6,,7.1131201595307605,,,
WORKER_RELOC,,0,5,7,,6.609903696620519,,,
WORKER_RELOC,,0,5,8,,6.688821568364208,,,
WORKER_RELOC,,0,5,9,,6.103465067748521,,,
WORKER_RELOC,,0,5,10,,5.983779811405367,,,
WORKER_RELOC,,0,5,11,,5.85637465742516,,,
WORKER_RELOC,,0,6,0,,4.225109043939033,,,
WORKER_RELOC,,0,6,1,,3.912189932996601,,,
WORKER_RELOC,,0,6,2,,6.6583041491384725,,,
WORKER_RELOC,,0,6,3,,3.2368636271114797,,,
WORKER_RELOC,,0,6,4,,7.0962414775308975,,,
WORKER_RELOC,,0,6,5,,6.466221638008115,,,
WORKER_RELOC,,0,6,6,,0.0,,,
WORKER_RELOC,,0,6,7,,1.3891877709193314,,,
WORKER_RELOC,,0,6,8,,5.377107244861477,,,
WORKER_RELOC,,0,6,9,,5.705350998188733,,,
WORKER_RELOC,,0,6,10,,7.750041107307446,,,
WORKER_RELOC,,0,6,11,,5.865595666525885,,,
WORKER_RELOC,,0,7,0,,3.4067463308427453,,,
WORKER_RELOC,,0,7,1,,5.624415300140561,,,
WORKER_RELOC,,0,7,2,,5.061158735109692,,,
WORKER_RELOC,,0,7,3,,5.4201913019178,,,
WORKER_RELOC,,0,7,4,,7.180852033905145,,,
WORKER_RELOC,,0,7,5,,5.716283224084849,,,
WORKER_RELOC,,0,7,6,,2.642450773598159,,,
WORKER_RELOC,,0,7,7,,0.0,,,
WORKER_RELOC,,0,7,8,,3.6184512573302507,,,
WORKER_RELOC,,0,7,9,,4.6759808717666225,,,
WORKER_RELOC,,0,7,10,,6.163756116880059,,,
WORKER_RELOC,,0,7,11,,6.980379074986941,,,
WORKER_RELOC,,0,8,0,,3.4159648431554155,,,
WORKER_RELOC,,0,8,1,,5.088590245415698,,,
WORKER_RELOC,,0,8,2,,7.6088768752272635,,,
WORKER_RELOC,,0,8,3,,4.656116414526673,,,
WORKER_RELOC,,0,8,4,,3.360666938756456,,,
WORKER_RELOC,,0,8,5,,5.9306484195432025,,,
WORKER_RELOC,,0,8,6,,7.878195604788011,,,
WORKER_RELOC,,0,8,7,,7.363786435758059,,,
WORKER_RELOC,,0,8,8,,0.0,,,
WORKER_RELOC,,0,8,9,,3.8170748944625683,,,
WORKER_RELOC,,0,8,10,,4.517766457217368,,,
WORKER_RELOC,,0,8,11,,3.479407121549028,,,
WORKER_RELOC,,0,9,0,,7.396993907675146,,,
WORKER_RELOC,,0,9,1,,4.13078232006133,,,
WORKER_RELOC,,0,9,2,,7.218265747368207,,,
WORKER_RELOC,,0,9,3,,6.6325908013640635,,,
WORKER_RELOC,,0,9,4,,6.9982136634951075,,,
WORKER_RELOC,,0,9,5,,4.043611276092507,,,
WORKER_RELOC,,0,9,6,,5.653086034331418,,,
WORKER_RELOC,,0,9,7,,6.671466079337474,,,
WORKER_RELOC,,0,9,8,,3.8010047417876627,,,
WORKER_RELOC,,0,9,9,,0.0,,,
WORKER_RELOC,,0,9,10,,2.394007516599445,,,
WORKER_RELOC,,0,9,11,,2.7630927401440646,,,
WORKER_RELOC,,0,10,0,,5.825936191679679,,,
WORKER_RELOC,,0,10,1,,3.417097040383971,,,
WORKER_RELOC,,0,10,2,,4.93216810316404,,,
WORKER_RELOC,,0,10,3,,3.8059156193060697,,,
WORKER_RELOC,,0,10,4,,6.601564136258679,,,
WORKER_RELOC,,0,10,5,,7.949415307115291,,,
WORKER_RELOC,,0,10,6,,7.6649236761739346,,,
WORKER_RELOC,,0,10,7,,7.494330639777439,,,
WORKER_RELOC,,0,10,8,,4.94003707346552,,,
WORKER_RELOC,,0,10,9,,1.6149067863370137,,,
WORKER_RELOC,,0,10,10,,0.0,,,
WORKER_RELOC,,0,10,11,,1.2733297397409762,,,
WORKER_RELOC,,0,11,0,,4.654516867063762,,,
WORKER_RELOC,,0,11,1,,4.927080766428908,,,
WORKER_RELOC,,0,11,2,,7.933219531900136,,,
WORKER_RELOC,,0,11,3,,7.967206472600959,,,
WORKER_RELOC,,0,11,4,,5.342690112970999,,,
WORKER_RELOC,,0,11,5,,4.30754417130791,,,
WORKER_RELOC,,0,11,6,,4.913354325832868,,,
WORKER_RELOC,,0,11,7,,7.70733318557975,,,
WORKER_RELOC,,0,11,8,,3.1206132460078457,,,
WORKER_RELOC,,0,11,9,,2.731814366468991,,,
WORKER_RELOC,,0,11,10,,1.9727447451641076,,,
WORKER_RELOC,,0,11,11,,0.0,,,
WORKER_RELOC,,1,0,0,,0.0,,,
WORKER_RELOC,,1,0,1,,5.354857650640618,,,
WORKER_RELOC,,1,0,2,,7.986223108724412,,,
WORKER_RELOC,,1,0,3,,5.715138909242033,,,
WORKER_RELOC,,1,0,4,,6.211442364740115,,,
WORKER_RELOC,,1,0,5,,7.367533651650494,,,
WORKER_RELOC,,1,0,6,,3.095893222834734,,,
WORKER_RELOC,,1,0,7,,3.527514860916989,,,
WORKER_RELOC,,1,0,8,,5.162142927191249,,,
WORKER_RELOC,,1,0,9,,7.673425113212218,,,
WORKER_RELOC,,1,0,10,,3.3381317047945425,,,
WORKER_RELOC,,1,0,11,,6.70680145291421,,,
WORKER_RELOC,,1,1,0,,5.39037961082112,,,
WORKER_RELOC,,1,1,1,,0.0,,,
WORKER_RELOC,,1,1,2,,2.295783773269009,,,
WORKER_RELOC,,1,1,3,,4.964942629190368,,,
WORKER_RELOC,,1,1,4,,7.46906333270864,,,
WORKER_RELOC,,1,1,5,,6.5130218633366015,,,
WORKER_RELOC,,1,1,6,,5.299626590374288,,,
WORKER_RELOC,,1,1,7,,4.8804984870288965,,,
WORKER_RELOC,,1,1,8,,5.65535987671624,,,
WORKER_RELOC,,1,1,9,,4.808465587810199,,,
WORKER_RELOC,,1,1,10,,5.927211005316694,,,
WORKER_RELOC,,1,1,11,,4.832028263714108,,,
WORKER_RELOC,,1,2,0,,3.2391841861419812,,,
WORKER_RELOC,,1,2,1,,2.3331406218713733,,,
WORKER_RELOC,,1,2,2,,0.0,,,
WORKER_RELOC,,1,2,3,,7.5886781666116025,,,
WORKER_RELOC,,1,2,4,,6.067734397349334,,,
WORKER_RELOC,,1,2,5,,3.4304954029169554,,,
WORKER_RELOC,,1,2,6,,6.220696767359929,,,
WORKER_RELOC,,1,2,7,,7.759624955389464,,,
WORKER_RELOC,,1,2,8,,4.840808293349448,,,
WORKER_RELOC,,1,2,9,,4.759243909408674,,,
WORKER_RELOC,,1,2,10,,6.91082567794211,,,
WORKER_RELOC,,1,2,11,,7.2293386401937125,,,
WORKER_RELOC,,1,3,0,,7.357401781618069,,,
WORKER_RELOC,,1,3,1,,4.090651728239115,,,
WORKER_RELOC,,1,3,2,,4.459506613817412,,,
WORKER_RELOC,,1,3,3,,0.0,,,
WORKER_RELOC,,1,3,4,,1.2706637273240935,,,
WORKER_RELOC,,1,3,5,,1.0549379084210257,,,
WORKER_RELOC,,1,3,6,,3.108998633412711,,,
WORKER_RELOC,,1,3,7,,3.7907676983458196,,,
WORKER_RELOC,,1,3,8,,3.2097568571398205,,,
WORKER_RELOC,,1,3,9,,3.526339834121883,,,
WORKER_RELOC,,1,3,10,,3.940947534233203,,,
WORKER_RELOC,,1,3,11,,5.951309180170327,,,
WORKER_RELOC,,1,4,0,,4.1978939328334715,,,
WORKER_RELOC,,1,4,1,,3.4582564929672355,,,
WORKER_RELOC,,1,4,2,,7.087121907148211,,,
WORKER_RELOC,,1,4,3,,1.1651755786300508,,,
WORKER_RELOC,,1,4,4,,0.0,,,
WORKER_RELOC,,1,4,5,,2.3227120525529212,,,
WORKER_RELOC,,1,4,6,,6.487599328649566,,,
WORKER_RELOC,,1,4,7,,3.7903306157130445,,,
WORKER_RELOC,,1,4,8,,6.910500098166162,,,
WORKER_RELOC,,1,4,9,,7.755501235611407,,,
WORKER_RELOC,,1,4,10,,3.8930729609882944,,,
WORKER_RELOC,,1,4,11,,7.539764137350244,,,
WORKER_RELOC,,1,5,0,,7.241369439420203,,,
WORKER_RELOC,,1,5,1,,3.7120735146567863,,,
WORKER_RELOC,,1,5,2,,3.283166158266117,,,
WORKER_RELOC,,1,5,3,,1.3052587357206031,,,
WORKER_RELOC,,1,5,4,,2.5227922674225263,,,
WORKER_RELOC,,1,5,5,,0.0,,,
WORKER_RELOC,,1,5,6,,7.609383594670852,,,
WORKER_RELOC,,1,5,7,,4.675051579853358,,,
WORKER_RELOC,,1,5,8,,4.166521294077869,,,
WORKER_RELOC,,1,5,9,,5.240541378876559,,,
WORKER_RELOC,,1,5,10,,6.951990668569374,,,
WORKER_RELOC,,1,5,11,,4.8533306109213745,,,
WORKER_RELOC,,1,6,0,,7.8234933767414425,,,
WORKER_RELOC,,1,6,1,,6.566861233560236,,,
WORKER_RELOC,,1,6,2,,3.8916890153929424,,,
WORKER_RELOC,,1,6,3,,5.38371129890346,,,
WORKER_RELOC,,1,6,4,,6.730063383601327,,,
WORKER_RELOC,,1,6,5,,5.8231465436054926,,,
WORKER_RELOC,,1,6,6,,0.0,,,
WORKER_RELOC,,1,6,7,,2.5997776886175856,,,
WORKER_RELOC,,1,6,8,,6.258654925571682,,,
WORKER_RELOC,,1,6,9,,5.688740162971138,,,
WORKER_RELOC,,1,6,10,,5.294230196928089,,,
WORKER_RELOC,,1,6,11,,4.17438687354162,,,
WORKER_RELOC,,1,7,0,,4.111607885933221,,,
WORKER_RELOC,,1,7,1,,4.448687771746664,,,
WORKER_RELOC,,1,7,2,,4.254851567218835,,,
WORKER_RELOC,,1,7,3,,5.856664568400861,,,
WORKER_RELOC,,1,7,4,,6.121726815256782,,,
WORKER_RELOC,,1,7,5,,4.733048599443054,,,
WORKER_RELOC,,1,7,6,,2.270596171105702,,,
WORKER_RELOC,,1,7,7,,0.0,,,
WORKER_RELOC,,1,7,8,,6.937852397512669,,,
WORKER_RELOC,,1,7,9,,7.214156013183942,,,
WORKER_RELOC,,1,7,10,,3.250590974113705,,,
WORKER_RELOC,,1,7,11,,4.082293217294444,,,
WORKER_RELOC,,1,8,0,,7.07065901139422,,,
WORKER_RELOC,,1,8,1,,6.825817833987683,,,
WORKER_RELOC,,1,8,2,,4.493787816519843,,,
WORKER_RELOC,,1,8,3,,3.564555141902482,,,
WORKER_RELOC,,1,8,4,,5.128556564872008,,,
WORKER_RELOC,,1,8,5,,5.113405192923643,,,
WORKER_RELOC,,1,8,6,,3.107566842354747,,,
WORKER_RELOC,,1,8,7,,7.923732819365253,,,
WORKER_RELOC,,1,8,8,,0.0,,,
WORKER_RELOC,,1,8,9,,4.283423006531459,,,
WORKER_RELOC,,1,8,10,,3.576349592442798,,,
WORKER_RELOC,,1,8,11,,5.7545443140120245,,,
WORKER_RELOC,,1,9,0,,3.8378189672289196,,,
WORKER_RELOC,,1,9,1,,3.9395580014359197,,,
WORKER_RELOC,,1,9,2,,5.3385425177458625,,,
WORKER_RELOC,,1,9,3,,7.7172551946262145,,,
WORKER_RELOC,,1,9,4,,5.516671295842786,,,
WORKER_RELOC,,1,9,5,,3.1497344501958775,,,
WORKER_RELOC,,1,9,6,,6.18713475365394,,,
WORKER_RELOC,,1,9,7,,6.741531908932103,,,
WORKER_RELOC,,1,9,8,,7.1124868519915285,,,
WORKER_RELOC,,1,9,9,,0.0,,,
WORKER_RELOC,,1,9,10,,1.433161967933532,,,
WORKER_RELOC,,1,9,11,,1.1232817681402414,,,
WORKER_RELOC,,1,10,0,,4.688496980927323,,,
WORKER_RELOC,,1,10,1,,6.990403628612142,,,
WORKER_RELOC,,1,10,2,,6.14664947562576,,,
WORKER_RELOC,,1,10,3,,3.36384908532739,,,
WORKER_RELOC,,1,10,4,,4.17166707180902,,,
WORKER_RELOC,,1,10,5,,6.009359373519994,,,
WORKER_RELOC,,1,10,6,,7.229200493333775,,,
WORKER_RELOC,,1,10,7,,5.336010813012193,,,
WORKER_RELOC,,1,10,8,,5.415993211386425,,,
WORKER_RELOC,,1,10,9,,1.1372288131047013,,,
WORKER_RELOC,,1,10,10,,0.0,,,
WORKER_RELOC,,1,10,11,,2.6005870982173764,,,
WORKER_RELOC,,1,11,0,,7.783918734708205,,,
WORKER_RELOC,,1,11,1,,5.584372836765024,,,
WORKER_RELOC,,1,11,2,,7.9403483505715675,,,
WORKER_RELOC,,1,11,3,,7.332155111955468,,,
WORKER_RELOC,,1,11,4,,7.1339202805882795,,,
WORKER_RELOC,,1,11,5,,4.8381584821764,,,
WORKER_RELOC,,1,11,6,,4.475490159011059,,,
WORKER_RELOC,,1,11,7,,6.11134860882472,,,
WORKER_RELOC,,1,11,8,,7.749715619352389,,,
WORKER_RELOC,,1,11,9,,1.2685587861489187,,,
WORKER_RELOC,,1,11,10,,2.427297056483266,,,
WORKER_RELOC,,1,11,11,,0.0,,,
WORKER_RELOC,,2,0,0,,0.0,,,
WORKER_RELOC,,2,0,1,,4.888621925771464,,,
WORKER_RELOC,,2,0,2,,5.342817797054899,,,
WORKER_RELOC,,2,0,3,,7.610683247633436,,,
WORKER_RELOC,,2,0,4,,4.241190266586875,,,
WORKER_RELOC,,2,0,5,,3.587881958313999,,,
WORKER_RELOC,,2,0,6,,3.5643242272593794,,,
WORKER_RELOC,,2,0,7,,5.102914893989151,,,
WORKER_RELOC,,2,0,8,,4.965133101029924,,,
WORKER_RELOC,,2,0,9,,6.495406546382699,,,
WORKER_RELOC,,2,0,10,,3.2430086116163577,,,
WORKER_RELOC,,2,0,11,,5.2301673235749275,,,
WORKER_RELOC,,2,1,0,,4.119679677124149,,,
WORKER_RELOC,,2,1,1,,0.0,,,
WORKER_RELOC,,2,1,2,,1.4089074946820574,,,
WORKER_RELOC,,2,1,3,,6.9583156876962455,,,
WORKER_RELOC,,2,1,4,,6.324500610388533,,,
WORKER_RELOC,,2,1,5,,5.4261418618165145,,,
WORKER_RELOC,,2,1,6,,6.134306255984792,,,
WORKER_RELOC,,2,1,7,,7.069786064360045,,,
WORKER_RELOC,,2,1,8,,4.078224468184612,,,
WORKER_RELOC,,2,1,9,,5.345093622282391,,,
WORKER_RELOC,,2,1,10,,6.738209226980027,,,
WORKER_RELOC,,2,1,11,,5.822213721506178,,,
WORKER_RELOC,,2,2,0,,6.493251610195899,,,
WORKER_RELOC,,2,2,1,,2.656629833808975,,,
WORKER_RELOC,,2,2,2,,0.0,,,
WORKER_RELOC,,2,2,3,,4.045704587989478,,,
WORKER_RELOC,,2,2,4,,5.94583584349995,,,
WORKER_RELOC,,2,2,5,,6.833998993882988,,,
WORKER_RELOC,,2,2,6,,7.0636376971341335,,,
WORKER_RELOC,,2,2,7,,4.667146098408606,,,
WORKER_RELOC,,2,2,8,,5.5783152388190445,,,
WORKER_RELOC,,2,2,9,,3.872766266229811,,,
WORKER_RELOC,,2,2,10,,4.313134189249407,,,
WORKER_RELOC,,2,2,11,,6.9380023412552045,,,
WORKER_RELOC,,2,3,0,,3.448189766024743,,,
WORKER_RELOC,,2,3,1,,3.3470935778084927,,,
WORKER_RELOC,,2,3,2,,5.029543166415766,,,
WORKER_RELOC,,2,3,3,,0.0,,,
WORKER_RELOC,,2,3,4,,2.554631366257781,,,
WORKER_RELOC,,2,3,5,,2.219110231092815,,,
WORKER_RELOC,,2,3,6,,7.30552666004669,,,
WORKER_RELOC,,2,3,7,,5.580635987000637,,,
WORKER_RELOC,,2,3,8,,3.0225575152022928,,,
WORKER_RELOC,,2,3,9,,7.441755735636659,,,
WORKER_RELOC,,2,3,10,,5.597851101965988,,,
WORKER_RELOC,,2,3,11,,6.747979317997005,,,
WORKER_RELOC,,2,4,0,,3.4645803271996622,,,
WORKER_RELOC,,2,4,1,,7.078762936732586,,,
WORKER_RELOC,,2,4,2,,5.585235353814776,,,
WORKER_RELOC,,2,4,3,,1.553823683416025,,,
WORKER_RELOC,,2,4,4,,0.0,,,
WORKER_RELOC,,2,4,5,,1.2648932782587323,,,
WORKER_RELOC,,2,4,6,,3.2155579675783836,,,
WORKER_RELOC,,2,4,7,,3.057457829785414,,,
WORKER_RELOC,,2,4,8,,4.657685963793817,,,
WORKER_RELOC,,2,4,9,,7.892526519777087,,,
WORKER_RELOC,,2,4,10,,3.5737129985696985,,,
WORKER_RELOC,,2,4,11,,5.993443800712044,,,
WORKER_RELOC,,2,5,0,,3.8018731716718004,,,
WORKER_RELOC,,2,5,1,,5.500999952265213,,,
WORKER_RELOC,,2,5,2,,3.5180373599252874,,,
WORKER_RELOC,,2,5,3,,1.1396178139378033,,,
WORKER_RELOC,,2,5,4,,2.6657736925782505,,,
WORKER_RELOC,,2,5,5,,0.0,,,
WORKER_RELOC,,2,5,6,,6.837338175232157,,,
WORKER_RELOC,,2,5,7,,6.634290871719371,,,
WORKER_RELOC,,2,5,8,,6.672277537581536,,,
WORKER_RELOC,,2,5,9,,4.890505369188436,,,
WORKER_RELOC,,2,5,10,,4.215055011881301,,,
WORKER_RELOC,,2,5,11,,3.755178850050991,,,
WORKER_RELOC,,2,6,0,,4.493300252587648,,,
WORKER_RELOC,,2,6,1,,3.53096360260765,,,
WORKER_RELOC,,2,6,2,,5.8866118798109515,,,
WORKER_RELOC,,2,6,3,,7.001831264273074,,,
WORKER_RELOC,,2,6,4,,3.437469453359809,,,
WORKER_RELOC,,2,6,5,,6.438146171336706,,,
WORKER_RELOC,,2,6,6,,0.0,,,
WORKER_RELOC,,2,6,7,,1.9865384073805448,,,
WORKER_RELOC,,2,6,8,,3.0119443449284966,,,
WORKER_RELOC,,2,6,9,,4.6262539657309985,,,
WORKER_RELOC,,2,6,10,,3.2337871194932752,,,
WORKER_RELOC,,2,6,11,,5.93489536188923,,,
WORKER_RELOC,,2,7,0,,4.709565624531309,,,
WORKER_RELOC,,2,7,1,,4.340242289101354,,,
WORKER_RELOC,,2,7,2,,6.963662706450106,,,
WORKER_RELOC,,2,7,3,,6.203083579769983,,,
WORKER_RELOC,,2,7,4,,6.214968846536227,,,
WORKER_RELOC,,2,7,5,,4.662915445782918,,,
WORKER_RELOC,,2,7,6,,2.5943688589921168,,,
WORKER_RELOC,,2,7,7,,0.0,,,
WORKER_RELOC,,2,7,8,,7.661160364524591,,,
WORKER_RELOC,,2,7,9,,4.341981906667399,,,
WORKER_RELOC,,2,7,10,,5.980504725938529,,,
WORKER_RELOC,,2,7,11,,3.723802435724135,,,
WORKER_RELOC,,2,8,0,,4.377989835310047,,,
WORKER_RELOC,,2,8,1,,7.741817324203892,,,
WORKER_RELOC,,2,8,2,,6.468183908418501,,,
WORKER_RELOC,,2,8,3,,3.981671859642195,,,
WORKER_RELOC,,2,8,4,,3.654816189882129,,,
WORKER_RELOC,,2,8,5,,3.680399184155543,,,
WORKER_RELOC,,2,8,6,,7.1938544558910635,,,
WORKER_RELOC,,2,8,7,,7.731289681236095,,,
WORKER_RELOC,,2,8,8,,0.0,,,
WORKER_RELOC,,2,8,9,,5.394771772036046,,,
WORKER_RELOC,,2,8,10,,4.4066343357360545,,,
WORKER_RELOC,,2,8,11,,5.4250385745503635,,,
WORKER_RELOC,,2,9,0,,3.020052875787575,,,
WORKER_RELOC,,2,9,1,,4.903947151810293,,,
WORKER_RELOC,,2,9,2,,5.556676901139976,,,
WORKER_RELOC,,2,9,3,,5.793625113832782,,,
WORKER_RELOC,,2,9,4,,6.0936614525161765,,,
WORKER_RELOC,,2,9,5,,6.871766106489108,,,
WORKER_RELOC,,2,9,6,,6.105095339437428,,,
WORKER_RELOC,,2,9,7,,5.994609027237349,,,
WORKER_RELOC,,2,9,8,,5.538556211017971,,,
WORKER_RELOC,,2,9,9,,0.0,,,
WORKER_RELOC,,2,9,10,,2.632359660089665,,,
WORKER_RELOC,,2,9,11,,2.767324240235208,,,
WORKER_RELOC,,2,10,0,,5.80610959807057,,,
WORKER_RELOC,,2,10,1,,5.930586426078981,,,
WORKER_RELOC,,2,10,2,,5.444356045412891,,,
WORKER_RELOC,,2,10,3,,3.868268536502181,,,
WORKER_RELOC,,2,10,4,,3.7651507928984107,,,
WORKER_RELOC,,2,10,5,,4.093843556583067,,,
WORKER_RELOC,,2,10,6,,4.691903243000905,,,
WORKER_RELOC,,2,10,7,,7.172959249881027,,,
WORKER_RELOC,,2,10,8,,5.673169545327918,,,
WORKER_RELOC,,2,10,9,,1.2395560896678726,,,
WORKER_RELOC,,2,10,10,,0.0,,,
WORKER_RELOC,,2,10,11,,1.268620076253031,,,
WORKER_RELOC,,2,11,0,,6.5545516950911935,,,
WORKER_RELOC,,2,11,1,,5.606718439368743,,,
WORKER_RELOC,,2,11,2,,4.899465465891835,,,
WORKER_RELOC,,2,11,3,,5.386857812745959,,,
WORKER_RELOC,,2,11,4,,6.032777439171662,,,
WORKER_RELOC,,2,11,5,,6.481124511418005,,,
WORKER_RELOC,,2,11,6,,5.999611384371856,,,
WORKER_RELOC,,2,11,7,,5.666367313125093,,,
WORKER_RELOC,,2,11,8,,5.2704269683294775,,,
WORKER_RELOC,,2,11,9,,2.9800582960406863,,,
WORKER_RELOC,,2,11,10,,2.1104234295033084,,,
WORKER_RELOC,,2,11,11,,0.0,,,
WORKER_RELOC,,3,0,0,,0.0,,,
WORKER_RELOC,,3,0,1,,6.075433013102429,,,
WORKER_RELOC,,3,0,2,,6.063217908157733,,,
WORKER_RELOC,,3,0,3,,6.235680108510852,,,
WORKER_RELOC,,3,0,4,,3.162932921565279,,,
WORKER_RELOC,,3,0,5,,6.312463689257966,,,
WORKER_RELOC,,3,0,6,,3.6266765876695706,,,
WORKER_RELOC,,3,0,7,,4.715922394301071,,,
WORKER_RELOC,,3,0,8,,3.4439895862182763,,,
WORKER_RELOC,,3,0,9,,6.402845540958349,,,
WORKER_RELOC,,3,0,10,,6.124353594466614,,,
WORKER_RELOC,,3,0,11,,5.0158329274988365,,,
WORKER_RELOC,,3,1,0,,4.374951183358339,,,
WORKER_RELOC,,3,1,1,,0.0,,,
WORKER_RELOC,,3,1,2,,2.8054126940758266,,,
WORKER_RELOC,,3,1,3,,4.35389641593376,,,
WORKER_RELOC,,3,1,4,,6.958735900142505,,,
WORKER_RELOC,,3,1,5,,3.4924286607869828,,,
WORKER_RELOC,,3,1,6,,4.413452948946048,,,
WORKER_RELOC,,3,1,7,,6.063126180040924,,,
WORKER_RELOC,,3,1,8,,4.089346658831494,,,
WORKER_RELOC,,3,1,9,,5.803519892603808,,,
WORKER_RELOC,,3,1,10,,3.0090963909127812,,,
WORKER_RELOC,,3,1,11,,4.457705834664315,,,
WORKER_RELOC,,3,2,0,,4.251470581219315,,,
WORKER_RELOC,,3,2,1,,2.8222528197557817,,,
WORKER_RELOC,,3,2,2,,0.0,,,
WORKER_RELOC,,3,2,3,,5.901541122771959,,,
WORKER_RELOC,,3,2,4,,6.316031385572974,,,
WORKER_RELOC,,3,2,5,,7.221583910702033,,,
WORKER_RELOC,,3,2,6,,5.797882256316277,,,
WORKER_RELOC,,3,2,7,,4.505244546420766,,,
WORKER_RELOC,,3,2,8,,6.069733214706202,,,
WORKER_RELOC,,3,2,9,,5.7464546619446875,,,
WORKER_RELOC,,3,2,10,,3.2055651333501505,,,
WORKER_RELOC,,3,2,11,,5.2536691764394785,,,
WORKER_RELOC,,3,3,0,,3.3838383317949834,,,
WORKER_RELOC,,3,3,1,,3.4134271395259685,,,
WORKER_RELOC,,3,3,2,,3.9739458017819835,,,
WORKER_RELOC,,3,3,3,,0.0,,,
WORKER_RELOC,,3,3,4,,2.6857752586737242,,,
WORKER_RELOC,,3,3,5,,1.3564962685303044,,,
WORKER_RELOC,,3,3,6,,4.621079768315777,,,
WORKER_RELOC,,3,3,7,,3.5806130614733407,,,
WORKER_RELOC,,3,3,8,,7.169850168419794,,,
WORKER_RELOC,,3,3,9,,5.20831344372459,,,
WORKER_RELOC,,3,3,10,,3.7307043922993994,,,
WORKER_RELOC,,3,3,11,,3.813799709840177,,,
WORKER_RELOC,,3,4,0,,3.0898957191297374,,,
WORKER_RELOC,,3,4,1,,3.9207872895064955,,,
WORKER_RELOC,,3,4,2,,6.509131789384928,,,
WORKER_RELOC,,3,4,3,,2.3793329740860503,,,
WORKER_RELOC,,3,4,4,,0.0,,,
WORKER_RELOC,,3,4,5,,1.4277372254058576,,,
WORKER_RELOC,,3,4,6,,3.3348245241292114,,,
WORKER_RELOC,,3,4,7,,7.313701400161532,,,
WORKER_RELOC,,3,4,8,,3.3917091085592475,,,
WORKER_RELOC,,3,4,9,,3.219821540460715,,,
WORKER_RELOC,,3,4,10,,5.214591960561571,,,
WORKER_RELOC,,3,4,11,,4.492198312479806,,,
WORKER_RELOC,,3,5,0,,5.9324685394864,,,
WORKER_RELOC,,3,5,1,,6.9888214641621,,,
WORKER_RELOC,,3,5,2,,5.01437532795429,,,
WORKER_RELOC,,3,5,3,,2.8470860854134603,,,
WORKER_RELOC,,3,5,4,,2.8122558635481116,,,
WORKER_RELOC,,3,5,5,,0.0,,,
WORKER_RELOC,,3,5,6,,5.173233384641046,,,
WORKER_RELOC,,3,5,7,,7.9328128086611125,,,
WORKER_RELOC,,3,5,8,,4.103776700133638,,,
WORKER_RELOC,,3,5,9,,4.146784457982343,,,
WORKER_RELOC,,3,5,10,,3.4825854447298905,,,
WORKER_RELOC,,3,5,11,,7.489240712727049,,,
WORKER_RELOC,,3,6,0,,3.30816871377458,,,
WORKER_RELOC,,3,6,1,,7.532852212283753,,,
WORKER_RELOC,,3,6,2,,3.1971311387526793,,,
WORKER_RELOC,,3,6,3,,6.044110840979066,,,
WORKER_RELOC,,3,6,4,,7.404180077986265,,,
WORKER_RELOC,,3,6,5,,3.2809773577101464,,,
WORKER_RELOC,,3,6,6,,0.0,,,
WORKER_RELOC,,3,6,7,,1.7225511488542204,,,
WORKER_RELOC,,3,6,8,,4.2343868051982945,,,
WORKER_RELOC,,3,6,9,,6.743456029550764,,,
WORKER_RELOC,,3,6,10,,5.535344191050523,,,
WORKER_RELOC,,3,6,11,,3.6368399983071744,,,
WORKER_RELOC,,3,7,0,,7.56007424830502,,,
WORKER_RELOC,,3,7,1,,3.6762542034774004,,,
WORKER_RELOC,,3,7,2,,6.619281802561733,,,
WORKER_RELOC,,3,7,3,,4.373103804226474,,,
WORKER_RELOC,,3,7,4,,6.780324330357257,,,
WORKER_RELOC,,3,7,5,,4.902268139115291,,,
WORKER_RELOC,,3,7,6,,2.7968521328168356,,,
WORKER_RELOC,,3,7,7,,0.0,,,
WORKER_RELOC,,3,7,8,,7.0723693020015785,,,
WORKER_RELOC,,3,7,9,,3.3272619473276435,,,
WORKER_RELOC,,3,7,10,,6.6038909309243685,,,
WORKER_RELOC,,3,7,11,,4.952506081447555,,,
WORKER_RELOC,,3,8,0,,7.370367190952734,,,
WORKER_RELOC,,3,8,1,,4.954084739005388,,,
WORKER_RELOC,,3,8,2,,7.197581423436022,,,
WORKER_RELOC,,3,8,3,,6.3913599467408115,,,
WORKER_RELOC,,3,8,4,,5.722946234810976,,,
WORKER_RELOC,,3,8,5,,4.653511188838099,,,
WORKER_RELOC,,3,8,6,,7.057552090226993,,,
WORKER_RELOC,,3,8,7,,4.483363847630995,,,
WORKER_RELOC,,3,8,8,,0.0,,,
WORKER_RELOC,,3,8,9,,7.039753764363461,,,
WORKER_RELOC,,3,8,10,,5.631280298950852,,,
WORKER_RELOC,,3,8,11,,3.734138543130661,,,
WORKER_RELOC,,3,9,0,,5.988062834538808,,,
WORKER_RELOC,,3,9,1,,7.719096785217876,,,
WORKER_RELOC,,3,9,2,,7.453027699694909,,,
WORKER_RELOC,,3,9,3,,7.012899208518374,,,
WORKER_RELOC,,3,9,4,,5.487744334214463,,,
WORKER_RELOC,,3,9,5,,4.099972972657355,,,
WORKER_RELOC,,3,9,6,,3.2806463506054477,,,
WORKER_RELOC,,3,9,7,,7.212485588298353,,,
WORKER_RELOC,,3,9,8,,4.756063633030431,,,
WORKER_RELOC,,3,9,9,,0.0,,,
WORKER_RELOC,,3,9,10,,1.588375049622775,,,
WORKER_RELOC,,3,9,11,,1.8809638089275358,,,
WORKER_RELOC,,3,10,0,,6.421412452691926,,,
WORKER_RELOC,,3,10,1,,5.948099241711581,,,
WORKER_RELOC,,3,10,2,,6.917022145557207,,,
WORKER_RELOC,,3,10,3,,7.002869733868217,,,
WORKER_RELOC,,3,10,4,,3.262603337249001,,,
WORKER_RELOC,,3,10,5,,4.402402773079906,,,
WORKER_RELOC,,3,10,6,,3.5081784959374107,,,
WORKER_RELOC,,3,10,7,,5.5053370545167155,,,
WORKER_RELOC,,3,10,8,,4.326509014515508,,,
WORKER_RELOC,,3,10,9,,2.1363563809665553,,,
WORKER_RELOC,,3,10,10,,0.0,,,
WORKER_RELOC,,3,10,11,,2.104689695648676,,,
WORKER_RELOC,,3,11,0,,3.321565141277076,,,
WORKER_RELOC,,3,11,1,,7.715655250079283,,,
WORKER_RELOC,,3,11,2,,3.393833578288442,,,
WORKER_RELOC,,3,11,3,,6.14308131725193,,,
WORKER_RELOC,,3,11,4,,5.138522002895062,,,
WORKER_RELOC,,3,11,5,,6.456713484951302,,,
WORKER_RELOC,,3,11,6,,6.491503549840485,,,
WORKER_RELOC,,3,11,7,,6.3785489865588,,,
WORKER_RELOC,,3,11,8,,3.5335532540075425,,,
WORKER_RELOC,,3,11,9,,1.1316575938639442,,,
WORKER_RELOC,,3,11,10,,2.64037025707343,,,
WORKER_RELOC,,3,11,11,,0.0,,,
WORKER_RELOC,,4,0,0,,0.0,,,
WORKER_RELOC,,4,0,1,,6.048284799058987,,,
WORKER_RELOC,,4,0,2,,4.439391079641134,,,
WORKER_RELOC,,4,0,3,,3.4220798750406556,,,
WORKER_RELOC,,4,0,4,,6.589539759009397,,,
WORKER_RELOC,,4,0,5,,4.783074359219951,,,
WORKER_RELOC,,4,0,6,,5.568518888345469,,,
WORKER_RELOC,,4,0,7,,6.3203830917492585,,,
WORKER_RELOC,,4,0,8,,5.936647259188097,,,
WORKER_RELOC,,4,0,9,,3.8849970693209936,,,
WORKER_RELOC,,4,0,10,,3.2026007137696393,,,
WORKER_RELOC,,4,0,11,,7.01686119792547,,,
WORKER_RELOC,,4,1,0,,7.198443286494893,,,
WORKER_RELOC,,4,1,1,,0.0,,,
WORKER_RELOC,,4,1,2,,1.844211409432938,,,
WORKER_RELOC,,4,1,3,,4.265611329282349,,,
WORKER_RELOC,,4,1,4,,3.2384125121752474,,,
WORKER_RELOC,,4,1,5,,3.829940010387293,,,
WORKER_RELOC,,4,1,6,,3.148547432574506,,,
WORKER_RELOC,,4,1,7,,4.87959763303631,,,
WORKER_RELOC,,4,1,8,,7.426052376053259,,,
WORKER_RELOC,,4,1,9,,5.907755020493058,,,
WORKER_RELOC,,4,1,10,,6.488142403613141,,,
WORKER_RELOC,,4,1,11,,4.7175759233104255,,,
WORKER_RELOC,,4,2,0,,6.505005227800459,,,
WORKER_RELOC,,4,2,1,,2.8678255469931977,,,
WORKER_RELOC,,4,2,2,,0.0,,,
WORKER_RELOC,,4,2,3,,3.4311416094424785,,,
WORKER_RELOC,,4,2,4,,7.575025550126104,,,
WORKER_RELOC,,4,2,5,,6.183751089467129,,,
WORKER_RELOC,,4,2,6,,6.270968129677989,,,
WORKER_RELOC,,4,2,7,,6.283697762165231,,,
WORKER_RELOC,,4,2,8,,3.1438751117528247,,,
WORKER_RELOC,,4,2,9,,6.601456710091709,,,
WORKER_RELOC,,4,2,10,,5.75936942918837,,,
WORKER_RELOC,,4,2,11,,5.592162125541686,,,
WORKER_RELOC,,4,3,0,,4.863702003338034,,,
WORKER_RELOC,,4,3,1,,6.988274595054597,,,
WORKER_RELOC,,4,3,2,,4.34923349628522,,,
WORKER_RELOC,,4,3,3,,0.0,,,
WORKER_RELOC,,4,3,4,,1.7112955158704506,,,
WORKER_RELOC,,4,3,5,,1.7327201877757867,,,
WORKER_RELOC,,4,3,6,,3.4686666949131357,,,
WORKER_RELOC,,4,3,7,,6.456029539283756,,,
WORKER_RELOC,,4,3,8,,5.8768137004818115,,,
WORKER_RELOC,,4,3,9,,4.4967400846465235,,,
WORKER_RELOC,,4,3,10,,5.073625396280704,,,
WORKER_RELOC,,4,3,11,,6.468187469880239,,,
WORKER_RELOC,,4,4,0,,6.396893412822303,,,
WORKER_RELOC,,4,4,1,,3.9154638465849887,,,
WORKER_RELOC,,4,4,2,,3.8217626862577636,,,
WORKER_RELOC,,4,4,3,,1.5260142863395347,,,
WORKER_RELOC,,4,4,4,,0.0,,,
WORKER_RELOC,,4,4,5,,2.2332822726444626,,,
WORKER_RELOC,,4,4,6,,4.784871939275369,,,
WORKER_RELOC,,4,4,7,,7.89611983193273,,,
WORKER_RELOC,,4,4,8,,6.347639150734881,,,
WORKER_RELOC,,4,4,9,,3.7618110871202615,,,
WORKER_RELOC,,4,4,10,,3.6889103436562176,,,
WORKER_RELOC,,4,4,11,,5.0744637921904285,,,
WORKER_RELOC,,4,5,0,,7.180115602440543,,,
WORKER_RELOC,,4,5,1,,6.166252306388628,,,
WORKER_RELOC,,4,5,2,,3.8309881969851016,,,
WORKER_RELOC,,4,5,3,,1.251946595351653,,,
WORKER_RELOC,,4,5,4,,1.4168694208931003,,,
WORKER_RELOC,,4,5,5,,0.0,,,
WORKER_RELOC,,4,5,6,,5.276884127361486,,,
WORKER_RELOC,,4,5,7,,4.335893545212718,,,
WORKER_RELOC,,4,5,8,,3.21790668476707,,,
WORKER_RELOC,,4,5,9,,4.435666939067513,,,
WORKER_RELOC,,4,5,10,,6.934963405644045,,,
WORKER_RELOC,,4,5,11,,5.207175661097982,,,
WORKER_RELOC,,4,6,0,,7.844738004238327,,,
WORKER_RELOC,,4,6,1,,7.1562411236080745,,,
WORKER_RELOC,,4,6,2,,3.7813809417563746,,,
WORKER_RELOC,,4,6,3,,7.917063289143851,,,
WORKER_RELOC,,4,6,4,,7.286511263067297,,,
WORKER_RELOC,,4,6,5,,3.1583209829863117,,,
WORKER_RELOC,,4,6,6,,0.0,,,
WORKER_RELOC,,4,6,7,,1.1754978785046397,,,
WORKER_RELOC,,4,6,8,,7.474007746375898,,,
WORKER_RELOC,,4,6,9,,4.327480290841022,,,
WORKER_RELOC,,4,6,10,,7.731903580567804,,,
WORKER_RELOC,,4,6,11,,6.845601633724024,,,
WORKER_RELOC,,4,7,0,,5.247936111148139,,,
WORKER_RELOC,,4,7,1,,3.3168979444607856,,,
WORKER_RELOC,,4,7,2,,7.134555708924664,,,
WORKER_RELOC,,4,7,3,,3.7626899312390236,,,
WORKER_RELOC,,4,7,4,,6.146924004974122,,,
WORKER_RELOC,,4,7,5,,4.998461383580782,,,
WORKER_RELOC,,4,7,6,,2.84352624482343,,,
WORKER_RELOC,,4,7,7,,0.0,,,
WORKER_RELOC,,4,7,8,,7.073274663167934,,,
WORKER_RELOC,,4,7,9,,5.71252286797329,,,
WORKER_RELOC,,4,7,10,,3.3421699929950464,,,
WORKER_RELOC,,4,7,11,,7.590269835005029,,,
WORKER_RELOC,,4,8,0,,6.55432590058113,,,
WORKER_RELOC,,4,8,1,,4.818774625759138,,,
WORKER_RELOC,,4,8,2,,4.106889798136194,,,
WORKER_RELOC,,4,8,3,,7.048636881452287,,,
WORKER_RELOC,,4,8,4,,6.479972713747355,,,
WORKER_RELOC,,4,8,5,,4.669305112732426,,,
WORKER_RELOC,,4,8,6,,6.460887922584268,,,
WORKER_RELOC,,4,8,7,,6.715897394934431,,,
WORKER_RELOC,,4,8,8,,0.0,,,
WORKER_RELOC,,4,8,9,,4.180683145836962,,,
WORKER_RELOC,,4,8,10,,6.124319799252926,,,
WORKER_RELOC,,4,8,11,,3.7738352416308834,,,
WORKER_RELOC,,4,9,0,,5.4071451490306295,,,
WORKER_RELOC,,4,9,1,,3.872875130776815,,,
WORKER_RELOC,,4,9,2,,4.816192755947493,,,
WORKER_RELOC,,4,9,3,,4.206095713319959,,,
WORKER_RELOC,,4,9,4,,6.890920617665913,,,
WORKER_RELOC,,4,9,5,,4.189281578788733,,,
WORKER_RELOC,,4,9,6,,7.52437521102622,,,
WORKER_RELOC,,4,9,7,,3.2301769988984788,,,
WORKER_RELOC,,4,9,8,,6.757792081427909,,,
WORKER_RELOC,,4,9,9,,0.0,,,
WORKER_RELOC,,4,9,10,,1.757239857368827,,,
WORKER_RELOC,,4,9,11,,2.2165081861822094,,,
WORKER_RELOC,,4,10,0,,7.490468619783577,,,
WORKER_RELOC,,4,10,1,,4.67600162737984,,,
WORKER_RELOC,,4,10,2,,5.119269349951727,,,
WORKER_RELOC,,4,10,3,,7.057638938047487,,,
WORKER_RELOC,,4,10,4,,5.987007141777346,,,
WORKER_RELOC,,4,10,5,,7.104935022941717,,,
WORKER_RELOC,,4,10,6,,3.4175707599486027,,,
WORKER_RELOC,,4,10,7,,6.412110376662282,,,
WORKER_RELOC,,4,10,8,,4.099094665172211,,,
WORKER_RELOC,,4,10,9,,2.319237284004467,,,
WORKER_RELOC,,4,10,10,,0.0,,,
WORKER_RELOC,,4,10,11,,2.7507221905145256,,,
WORKER_RELOC,,4,11,0,,6.72044997838884,,,
WORKER_RELOC,,4,11,1,,5.305803258753284,,,
WORKER_RELOC,,4,11,2,,6.60187887792461,,,
WORKER_RELOC,,4,11,3,,5.206035031262213,,,
WORKER_RELOC,,4,11,4,,7.119279401863702,,,
WORKER_RELOC,,4,11,5,,4.803026977790946,,,
WORKER_RELOC,,4,11,6,,7.18377450966348,,,
WORKER_RELOC,,4,11,7,,3.4321752692186687,,,
WORKER_RELOC,,4,11,8,,3.629969649991496,,,
WORKER_RELOC,,4,11,9,,1.1115091571842242,,,
WORKER_RELOC,,4,11,10,,2.166003592293692,,,
WORKER_RELOC,,4,11,11,,0.0,,,
WORKER_RELOC,,5,0,0,,0.0,,,
WORKER_RELOC,,5,0,1,,6.285422535982313,,,
WORKER_RELOC,,5,0,2,,7.051129750154323,,,
WORKER_RELOC,,5,0,3,,5.41582003297423,,,
WORKER_RELOC,,5,0,4,,6.4128749465723365,,,
WORKER_RELOC,,5,0,5,,5.98897148474645,,,
WORKER_RELOC,,5,0,6,,7.16956160137508,,,
WORKER_RELOC,,5,0,7,,7.547504320889135,,,
WORKER_RELOC,,5,0,8,,6.442752859878533,,,
WORKER_RELOC,,5,0,9,,5.915744904323004,,,
WORKER_RELOC,,5,0,10,,7.372643430163158,,,
WORKER_RELOC,,5,0,11,,4.938980996182753,,,
WORKER_RELOC,,5,1,0,,4.755579565369223,,,
WORKER_RELOC,,5,1,1,,0.0,,,
WORKER_RELOC,,5,1,2,,1.7405508443181479,,,
WORKER_RELOC,,5,1,3,,6.466625200047484,,,
WORKER_RELOC,,5,1,4,,6.758000000665055,,,
WORKER_RELOC,,5,1,5,,6.361609401221239,,,
WORKER_RELOC,,5,1,6,,5.3166612035823935,,,
WORKER_RELOC,,5,1,7,,4.58013408436944,,,
WORKER_RELOC,,5,1,8,,4.780517202840249,,,
WORKER_RELOC,,5,1,9,,5.502181438223229,,,
WORKER_RELOC,,5,1,10,,6.224149175280271,,,
WORKER_RELOC,,5,1,11,,7.182342335116554,,,
WORKER_RELOC,,5,2,0,,7.624944860385177,,,
WORKER_RELOC,,5,2,1,,2.790686478563746,,,
WORKER_RELOC,,5,2,2,,0.0,,,
WORKER_RELOC,,5,2,3,,5.690867900081679,,,
WORKER_RELOC,,5,2,4,,3.7761693871373865,,,
WORKER_RELOC,,5,2,5,,7.886611445839827,,,
WORKER_RELOC,,5,2,6,,6.29627373013744,,,
WORKER_RELOC,,5,2,7,,7.414018961184364,,,
WORKER_RELOC,,5,2,8,,7.440262721485774,,,
WORKER_RELOC,,5,2,9,,7.1930176770124685,,,
WORKER_RELOC,,5,2,10,,5.99717251276119,,,
WORKER_RELOC,,5,2,11,,3.0105012425037603,,,
WORKER_RELOC,,5,3,0,,4.241514827696498,,,
WORKER_RELOC,,5,3,1,,5.949160038060506,,,
WORKER_RELOC,,5,3,2,,7.430591579063597,,,
WORKER_RELOC,,5,3,3,,0.0,,,
WORKER_RELOC,,5,3,4,,1.48702535473192,,,
WORKER_RELOC,,5,3,5,,2.7840027893328783,,,
WORKER_RELOC,,5,3,6,,4.023435694957735,,,
WORKER_RELOC,,5,3,7,,4.503386830198496,,,
WORKER_RELOC,,5,3,8,,4.748314835553595,,,
WORKER_RELOC,,5,3,9,,3.699457131578889,,,
WORKER_RELOC,,5,3,10,,3.817516126243903,,,
WORKER_RELOC,,5,3,11,,6.122456803307159,,,
WORKER_RELOC,,5,4,0,,3.5841868335685403,,,
WORKER_RELOC,,5,4,1,,7.691387595267515,,,
WORKER_RELOC,,5,4,2,,3.0481792505379057,,,
WORKER_RELOC,,5,4,3,,1.1591846695851689,,,
WORKER_RELOC,,5,4,4,,0.0,,,
WORKER_RELOC,,5,4,5,,2.6275569993661065,,,
WORKER_RELOC,,5,4,6,,3.8412337103242757,,,
WORKER_RELOC,,5,4,7,,7.589868175117283,,,
WORKER_RELOC,,5,4,8,,7.041929080386593,,,
WORKER_RELOC,,5,4,9,,6.664310846564706,,,
WORKER_RELOC,,5,4,10,,6.015699387727138,,,
WORKER_RELOC,,5,4,11,,6.01613831383977,,,
WORKER_RELOC,,5,5,0,,7.975631207781014,,,
WORKER_RELOC,,5,5,1,,5.180236877773812,,,
WORKER_RELOC,,5,5,2,,6.750352327101165,,,
WORKER_RELOC,,5,5,3,,2.0569460977851626,,,
WORKER_RELOC,,5,5,4,,2.31477130026846,,,
WORKER_RELOC,,5,5,5,,0.0,,,
WORKER_RELOC,,5,5,6,,3.4429000934656235,,,
WORKER_RELOC,,5,5,7,,6.6586694878404185,,,
WORKER_RELOC,,5,5,8,,6.6357153473429875,,,
WORKER_RELOC,,5,5,9,,4.399169037537451,,,
WORKER_RELOC,,5,5,10,,5.093560782519951,,,
WORKER_RELOC,,5,5,11,,6.296561000590737,,,
WORKER_RELOC,,5,6,0,,7.8346361402540055,,,
WORKER_RELOC,,5,6,1,,6.50064413106405,,,
WORKER_RELOC,,5,6,2,,5.046515038783104,,,
WORKER_RELOC,,5,6,3,,7.154989077606503,,,
WORKER_RELOC,,5,6,4,,5.252899143506248,,,
WORKER_RELOC,,5,6,5,,6.578336649517475,,,
WORKER_RELOC,,5,6,6,,0.0,,,
WORKER_RELOC,,5,6,7,,2.081394352527199,,,
WORKER_RELOC,,5,6,8,,4.180813222425515,,,
WORKER_RELOC,,5,6,9,,3.850714621513025,,,
WORKER_RELOC,,5,6,10,,5.578221679563777,,,
WORKER_RELOC,,5,6,11,,3.927136998330092,,,
WORKER_RELOC,,5,7,0,,4.233385633033677,,,
WORKER_RELOC,,5,7,1,,7.187622735473283,,,
WORKER_RELOC,,5,7,2,,7.335004321422486,,,
WORKER_RELOC,,5,7,3,,5.737780466483016,,,
WORKER_RELOC,,5,7,4,,4.256803157898748,,,
WORKER_RELOC,,5,7,5,,4.135520761708943,,,
WORKER_RELOC,,5,7,6,,1.7747782293154457,,,
WORKER_RELOC,,5,7,7,,0.0,,,
WORKER_RELOC,,5,7,8,,4.188728882206604,,,
WORKER_RELOC,,5,7,9,,4.154683110555171,,,
WORKER_RELOC,,5,7,10,,3.9359699205505763,,,
WORKER_RELOC,,5,7,11,,4.483595514305398,,,
WORKER_RELOC,,5,8,0,,6.164734336267363,,,
WORKER_RELOC,,5,8,1,,6.488661384737328,,,
WORKER_RELOC,,5,8,2,,6.319148097022987,,,
WORKER_RELOC,,5,8,3,,6.403240972691789,,,
WORKER_RELOC,,5,8,4,,6.8590726622812275,,,
WORKER_RELOC,,5,8,5,,5.081460703940072,,,
WORKER_RELOC,,5,8,6,,4.643914839867724,,,
WORKER_RELOC,,5,8,7,,4.434126284355926,,,
WORKER_RELOC,,5,8,8,,0.0,,,
WORKER_RELOC,,5,8,9,,6.684026260956542,,,
WORKER_RELOC,,5,8,10,,6.138122203011292,,,
WORKER_RELOC,,5,8,11,,5.162253403730199,,,
WORKER_RELOC,,5,9,0,,6.316823701889881,,,
WORKER_RELOC,,5,9,1,,7.044339905660945,,,
WORKER_RELOC,,5,9,2,,3.8215710738521516,,,
WORKER_RELOC,,5,9,3,,6.964573714221555,,,
WORKER_RELOC,,5,9,4,,4.300751166960351,,,
WORKER_RELOC,,5,9,5,,6.16389269732575,,,
WORKER_RELOC,,5,9,6,,4.999937479684663,,,
WORKER_RELOC,,5,9,7,,5.553973515998411,,,
WORKER_RELOC,,5,9,8,,3.3238633283348173,,,
WORKER_RELOC,,5,9,9,,0.0,,,
WORKER_RELOC,,5,9,10,,1.6256762207503825,,,
WORKER_RELOC,,5,9,11,,2.243233531788902,,,
WORKER_RELOC,,5,10,0,,3.2249375606562714,,,
WORKER_RELOC,,5,10,1,,5.077996691179344,,,
WORKER_RELOC,,5,10,2,,5.6317152325060675,,,
WORKER_RELOC,,5,10,3,,6.652811227699311,,,
WORKER_RELOC,,5,10,4,,5.5211613839010365,,,
WORKER_RELOC,,5,10,5,,5.815547568887469,,,
WORKER_RELOC,,5,10,6,,5.62674564132946,,,
WORKER_RELOC,,5,10,7,,6.385583758773362,,,
WORKER_RELOC,,5,10,8,,5.022752932601355,,,
WORKER_RELOC,,5,10,9,,2.1655617893823704,,,
WORKER_RELOC,,5,10,10,,0.0,,,
WORKER_RELOC,,5,10,11,,1.191971039189915,,,
WORKER_RELOC,,5,11,0,,7.984907797703009,,,
WORKER_RELOC,,5,11,1,,7.489220575243053,,,
WORKER_RELOC,,5,11,2,,3.800975842524925,,,
WORKER_RELOC,,5,11,3,,4.024616717889312,,,
WORKER_RELOC,,5,11,4,,6.600460493017668,,,
WORKER_RELOC,,5,11,5,,3.9341176262175055,,,
WORKER_RELOC,,5,11,6,,5.25330803155465,,,
WORKER_RELOC,,5,11,7,,6.008000562557272,,,
WORKER_RELOC,,5,11,8,,6.9407885043757584,,,
WORKER_RELOC,,5,11,9,,2.627251404064872,,,
WORKER_RELOC,,5,11,10,,2.672201779983448,,,
WORKER_RELOC,,5,11,11,,0.0,,,
WORKER_RELOC,,6,0,0,,0.0,,,
WORKER_RELOC,,6,0,1,,4.816689170052438,,,
WORKER_RELOC,,6,0,2,,3.8587447083283384,,,
WORKER_RELOC,,6,0,3,,5.573945877575482,,,
WORKER_RELOC,,6,0,4,,5.921062769441249,,,
WORKER_RELOC,,6,0,5,,5.522379755187419,,,
WORKER_RELOC,,6,0,6,,5.526410259876225,,,
WORKER_RELOC,,6,0,7,,5.824156125707608,,,
WORKER_RELOC,,6,0,8,,4.2218328249335375,,,
WORKER_RELOC,,6,0,9,,3.6404562791201256,,,
WORKER_RELOC,,6,0,10,,4.236888300839354,,,
WORKER_RELOC,,6,0,11,,7.728531553102746,,,
WORKER_RELOC,,6,1,0,,4.822966960505571,,,
WORKER_RELOC,,6,1,1,,0.0,,,
WORKER_RELOC,,6,1,2,,1.369435425638423,,,
WORKER_RELOC,,6,1,3,,3.8223151957417336,,,
WORKER_RELOC,,6,1,4,,7.46417284921448,,,
WORKER_RELOC,,6,1,5,,4.8191861764582224,,,
WORKER_RELOC,,6,1,6,,7.720790581936917,,,
WORKER_RELOC,,6,1,7,,3.4104296512655914,,,
WORKER_RELOC,,6,1,8,,4.702260732906531,,,
WORKER_RELOC,,6,1,9,,7.605306771688104,,,
WORKER_RELOC,,6,1,10,,3.5874014943806607,,,
WORKER_RELOC,,6,1,11,,4.6584633086106395,,,
WORKER_RELOC,,6,2,0,,5.0186050128721265,,,
WORKER_RELOC,,6,2,1,,1.5033305415142577,,,
WORKER_RELOC,,6,2,2,,0.0,,,
WORKER_RELOC,,6,2,3,,4.112189641286599,,,
WORKER_RELOC,,6,2,4,,7.25001093123709,,,
WORKER_RELOC,,6,2,5,,3.835795306416356,,,
WORKER_RELOC,,6,2,6,,7.476933085532606,,,
WORKER_RELOC,,6,2,7,,7.476548159012384,,,
WORKER_RELOC,,6,2,8,,4.443812510812794,,,
WORKER_RELOC,,6,2,9,,3.1755110447927692,,,
WORKER_RELOC,,6,2,10,,6.707842301575065,,,
WORKER_RELOC,,6,2,11,,5.500219982659313,,,
WORKER_RELOC,,6,3,0,,7.910544614243941,,,
WORKER_RELOC,,6,3,1,,6.296009426400436,,,
WORKER_RELOC,,6,3,2,,5.249757653413429,,,
WORKER_RELOC,,6,3,3,,0.0,,,
WORKER_RELOC,,6,3,4,,2.752194773783229,,,
WORKER_RELOC,,6,3,5,,2.2694374971908955,,,
WORKER_RELOC,,6,3,6,,5.757384697827108,,,
WORKER_RELOC,,6,3,7,,7.347365756271832,,,
WORKER_RELOC,,6,3,8,,7.939567624871947,,,
WORKER_RELOC,,6,3,9,,6.943906382849729,,,
WORKER_RELOC,,6,3,10,,6.36031764988798,,,
WORKER_RELOC,,6,3,11,,4.3837553988003375,,,
WORKER_RELOC,,6,4,0,,5.873297723755588,,,
WORKER_RELOC,,6,4,1,,6.928987221060568,,,
WORKER_RELOC,,6,4,2,,3.494609112563314,,,
WORKER_RELOC,,6,4,3,,1.6147242753754638,,,
WORKER_RELOC,,6,4,4,,0.0,,,
WORKER_RELOC,,6,4,5,,2.6727025766070325,,,
WORKER_RELOC,,6,4,6,,7.173397502734611,,,
WORKER_RELOC,,6,4,7,,3.656827265782863,,,
WORKER_RELOC,,6,4,8,,5.094531525145778,,,
WORKER_RELOC,,6,4,9,,6.306502505986542,,,
WORKER_RELOC,,6,4,10,,3.1235204686102653,,,
WORKER_RELOC,,6,4,11,,6.198654309479645,,,
WORKER_RELOC,,6,5,0,,5.571097736103651,,,
WORKER_RELOC,,6,5,1,,7.276616046906888,,,
WORKER_RELOC,,6,5,2,,3.2012127367758336,,,
WORKER_RELOC,,6,5,3,,2.6803008827528747,,,
WORKER_RELOC,,6,5,4,,1.1979819946037369,,,
WORKER_RELOC,,6,5,5,,0.0,,,
WORKER_RELOC,,6,5,6,,4.402719295662784,,,
WORKER_RELOC,,6,5,7,,7.801432239547816,,,
WORKER_RELOC,,6,5,8,,5.113290487007564,,,
WORKER_RELOC,,6,5,9,,4.959556390325177,,,
WORKER_RELOC,,6,5,10,,3.778505928521471,,,
WORKER_RELOC,,6,5,11,,5.625752444389503,,,
WORKER_RELOC,,6,6,0,,4.2294969442039,,,
WORKER_RELOC,,6,6,1,,3.23938540992627,,,
WORKER_RELOC,,6,6,2,,5.920382896106256,,,
WORKER_RELOC,,6,6,3,,4.590722061115588,,,
WORKER_RELOC,,6,6,4,,6.648492636891404,,,
WORKER_RELOC,,6,6,5,,3.8058364342322695,,,
WORKER_RELOC,,6,6,6,,0.0,,,
WORKER_RELOC,,6,6,7,,1.435198706415615,,,
WORKER_RELOC,,6,6,8,,4.993580003472926,,,
WORKER_RELOC,,6,6,9,,7.414213013132095,,,
WORKER_RELOC,,6,6,10,,5.320659303180461,,,
WORKER_RELOC,,6,6,11,,5.9209882214450875,,,
WORKER_RELOC,,6,7,0,,6.310083261608902,,,
WORKER_RELOC,,6,7,1,,3.988289597237275,,,
WORKER_RELOC,,6,7,2,,7.726141468189871,,,
WORKER_RELOC,,6,7,3,,3.9532080221984858,,,
WORKER_RELOC,,6,7,4,,3.156145608355447,,,
WORKER_RELOC,,6,7,5,,5.0125994258572595,,,
WORKER_RELOC,,6,7,6,,2.0356928918548065,,,
WORKER_RELOC,,6,7,7,,0.0,,,
WORKER_RELOC,,6,7,8,,5.676574742849006,,,
WORKER_RELOC,,6,7,9,,6.14741030965264,,,
WORKER_RELOC,,6,7,10,,6.7966480471111765,,,
WORKER_RELOC,,6,7,11,,4.411579310701305,,,
WORKER_RELOC,,6,8,0,,6.639368630783554,,,
WORKER_RELOC,,6,8,1,,6.5070160883964085,,,
WORKER_RELOC,,6,8,2,,5.035443096933724,,,
WORKER_RELOC,,6,8,3,,4.2860455163484765,,,
WORKER_RELOC,,6,8,4,,4.655577340047496,,,
WORKER_RELOC,,6,8,5,,4.831905391342037,,,
WORKER_RELOC,,6,8,6,,5.552815340162365,,,
WORKER_RELOC,,6,8,7,,7.829057795731532,,,
WORKER_RELOC,,6,8,8,,0.0,,,
WORKER_RELOC,,6,8,9,,4.635165712847964,,,
WORKER_RELOC,,6,8,10,,7.213466917993082,,,
WORKER_RELOC,,6,8,11,,4.6601385589213935,,,
WORKER_RELOC,,6,9,0,,5.896759334386159,,,
WORKER_RELOC,,6,9,1,,4.415003472739622,,,
WORKER_RELOC,,6,9,2,,6.469368265404678,,,
WORKER_RELOC,,6,9,3,,4.352476575896209,,,
WORKER_RELOC,,6,9,4,,6.886957960083108,,,
WORKER_RELOC,,6,9,5,,7.193082440837016,,,
WORKER_RELOC,,6,9,6,,5.422332920741793,,,
WORKER_RELOC,,6,9,7,,4.026177098933681,,,
WORKER_RELOC,,6,9,8,,7.670845003393289,,,
WORKER_RELOC,,6,9,9,,0.0,,,
WORKER_RELOC,,6,9,10,,1.1041696652033557,,,
WORKER_RELOC,,6,9,11,,2.887957889273303,,,
WORKER_RELOC,,6,10,0,,6.076595106609365,,,
WORKER_RELOC,,6,10,1,,4.018670722211902,,,
WORKER_RELOC,,6,10,2,,5.4589448647398235,,,
WORKER_RELOC,,6,10,3,,7.898174980554303,,,
WORKER_RELOC,,6,10,4,,7.641590197459924,,,
WORKER_RELOC,,6,10,5,,5.208782610408569,,,
WORKER_RELOC,,6,10,6,,5.97983076245876,,,
WORKER_RELOC,,6,10,7,,3.0303315776742323,,,
WORKER_RELOC,,6,10,8,,3.3149673888832787,,,
WORKER_RELOC,,6,10,9,,1.2227178646147658,,,
WORKER_RELOC,,6,10,10,,0.0,,,
WORKER_RELOC,,6,10,11,,2.3562039455942445,,,
WORKER_RELOC,,6,11,0,,6.823040562588685,,,
WORKER_RELOC,,6,11,1,,7.265738197717085,,,
WORKER_RELOC,,6,11,2,,4.205703392561157,,,
WORKER_RELOC,,6,11,3,,6.5161691038069645,,,
WORKER_RELOC,,6,11,4,,7.296839672099921,,,
WORKER_RELOC,,6,11,5,,3.684591498880888,,,
WORKER_RELOC,,6,11,6,,4.228049598606283,,,
WORKER_RELOC,,6,11,7,,5.018524579162085,,,
WORKER_RELOC,,6,11,8,,6.535944879415546,,,
WORKER_RELOC,,6,11,9,,2.8977688671417203,,,
WORKER_RELOC,,6,11,10,,2.28469676761207,,,
WORKER_RELOC,,6,11,11,,0.0,,,
WORKER_RELOC,,7,0,0,,0.0,,,
WORKER_RELOC,,7,0,1,,3.8761110980827946,,,
WORKER_RELOC,,7,0,2,,7.591036322991368,,,
WORKER_RELOC,,7,0,3,,6.304300252490904,,,
WORKER_RELOC,,7,0,4,,3.5686987668850274,,,
WORKER_RELOC,,7,0,5,,7.6251652255736895,,,
WORKER_RELOC,,7,0,6,,4.036037369834348,,,
WORKER_RELOC,,7,0,7,,6.680070195396533,,,
WORKER_RELOC,,7,0,8,,4.242594720580303,,,
WORKER_RELOC,,7,0,9,,3.2376751203401994,,,
WORKER_RELOC,,7,0,10,,7.579710744252141,,,
WORKER_RELOC,,7,0,11,,4.982093648278555,,,
WORKER_RELOC,,7,1,0,,6.346216330436993,,,
WORKER_RELOC,,7,1,1,,0.0,,,
WORKER_RELOC,,7,1,2,,2.3715681132538187,,,
WORKER_RELOC,,7,1,3,,6.138403704304318,,,
WORKER_RELOC,,7,1,4,,4.768162231592201,,,
WORKER_RELOC,,7,1,5,,6.1292857051146274,,,
WORKER_RELOC,,7,1,6,,3.876867505331014,,,
WORKER_RELOC,,7,1,7,,3.728635761330853,,,
WORKER_RELOC,,7,1,8,,3.064175508462738,,,
WORKER_RELOC,,7,1,9,,7.445416002457829,,,
WORKER_RELOC,,7,1,10,,4.046827649067774,,,
WORKER_RELOC,,7,1,11,,3.5083112798629106,,,
WORKER_RELOC,,7,2,0,,6.04709719021925,,,
WORKER_RELOC,,7,2,1,,2.7183204605934117,,,
WORKER_RELOC,,7,2,2,,0.0,,,
WORKER_RELOC,,7,2,3,,5.7854991072113755,,,
WORKER_RELOC,,7,2,4,,3.335667414357301,,,
WORKER_RELOC,,7,2,5,,6.206123039841684,,,
WORKER_RELOC,,7,2,6,,3.5359698403846096,,,
WORKER_RELOC,,7,2,7,,3.428935280636407,,,
WORKER_RELOC,,7,2,8,,4.678152161386149,,,
WORKER_RELOC,,7,2,9,,5.5457159941591705,,,
WORKER_RELOC,,7,2,10,,3.3322532359898824,,,
WORKER_RELOC,,7,2,11,,5.427516631322442,,,
WORKER_RELOC,,7,3,0,,4.2986023311372,,,
WORKER_RELOC,,7,3,1,,7.123798170711302,,,
WORKER_RELOC,,7,3,2,,3.9691466929609156,,,
WORKER_RELOC,,7,3,3,,0.0,,,
WORKER_RELOC,,7,3,4,,2.3104541242281096,,,
WORKER_RELOC,,7,3,5,,1.894702001800338,,,
WORKER_RELOC,,7,3,6,,6.047894730149712,,,
WORKER_RELOC,,7,3,7,,5.058857620241986,,,
WORKER_RELOC,,7,3,8,,3.019848849083485,,,
WORKER_RELOC,,7,3,9,,7.591792799277386,,,
WORKER_RELOC,,7,3,10,,4.739769697593074,,,
WORKER_RELOC,,7,3,11,,4.023652861487269,,,
WORKER_RELOC,,7,4,0,,3.261401342452037,,,
WORKER_RELOC,,7,4,1,,7.912865262658765,,,
WORKER_RELOC,,7,4,2,,5.208055427348063,,,
WORKER_RELOC,,7,4,3,,1.6799214942995682,,,
WORKER_RELOC,,7,4,4,,0.0,,,
WORKER_RELOC,,7,4,5,,1.4658962189771965,,,
WORKER_RELOC,,7,4,6,,3.057186980366069,,,
WORKER_RELOC,,7,4,7,,7.331498735172235,,,
WORKER_RELOC,,7,4,8,,3.600156040537525,,,
WORKER_RELOC,,7,4,9,,5.497436826315756,,,
WORKER_RELOC,,7,4,10,,6.710771811941221,,,
WORKER_RELOC,,7,4,11,,5.615733196826671,,,
WORKER_RELOC,,7,5,0,,6.0565207156396825,,,
WORKER_RELOC,,7,5,1,,7.33542084797783,,,
WORKER_RELOC,,7,5,2,,3.1826524008810546,,,
WORKER_RELOC,,7,5,3,,2.7426506512441025,,,
WORKER_RELOC,,7,5,4,,2.91090191861377,,,
WORKER_RELOC,,7,5,5,,0.0,,,
WORKER_RELOC,,7,5,6,,3.9094098102784165,,,
WORKER_RELOC,,7,5,7,,7.510330333561144,,,
WORKER_RELOC,,7,5,8,,3.208349561274477,,,
WORKER_RELOC,,7,5,9,,7.1162421308978985,,,
WORKER_RELOC,,7,5,10,,6.1298852532858925,,,
WORKER_RELOC,,7,5,11,,7.622108459973604,,,
WORKER_RELOC,,7,6,0,,6.560201749994988,,,
WORKER_RELOC,,7,6,1,,5.750404215163611,,,
WORKER_RELOC,,7,6,2,,5.05751016789133,,,
WORKER_RELOC,,7,6,3,,7.075505768003368,,,
WORKER_RELOC,,7,6,4,,5.337924853707877,,,
WORKER_RELOC,,7,6,5,,3.308472906646429,,,
WORKER_RELOC,,7,6,6,,0.0,,,
WORKER_RELOC,,7,6,7,,1.7799160887864824,,,
WORKER_RELOC,,7,6,8,,4.279246861245783,,,
WORKER_RELOC,,7,6,9,,5.536615616763546,,,
WORKER_RELOC,,7,6,10,,3.644002234628654,,,
WORKER_RELOC,,7,6,11,,6.320964529076784,,,
WORKER_RELOC,,7,7,0,,7.354741856652116,,,
WORKER_RELOC,,7,7,1,,6.475068313328142,,,
WORKER_RELOC,,7,7,2,,6.737576553212149,,,
WORKER_RELOC,,7,7,3,,5.254033079625638,,,
WORKER_RELOC,,7,7,4,,7.682411146807849,,,
WORKER_RELOC,,7,7,5,,5.98310276524684,,,
WORKER_RELOC,,7,7,6,,1.9610749257188655,,,
WORKER_RELOC,,7,7,7,,0.0,,,
WORKER_RELOC,,7,7,8,,5.233591387042533,,,
WORKER_RELOC,,7,7,9,,4.50423073893631,,,
WORKER_RELOC,,7,7,10,,6.285022230201635,,,
WORKER_RELOC,,7,7,11,,4.1234273756310476,,,
WORKER_RELOC,,7,8,0,,5.202973353698786,,,
WORKER_RELOC,,7,8,1,,7.923015904220247,,,
WORKER_RELOC,,7,8,2,,5.097579451802735,,,
WORKER_RELOC,,7,8,3,,3.8315662964765025,,,
WORKER_RELOC,,7,8,4,,5.106090299510737,,,
WORKER_RELOC,,7,8,5,,6.058584958834821,,,
WORKER_RELOC,,7,8,6,,6.005744724677531,,,
WORKER_RELOC,,7,8,7,,5.335445222047122,,,
WORKER_RELOC,,7,8,8,,0.0,,,
WORKER_RELOC,,7,8,9,,3.714455910464045,,,
WORKER_RELOC,,7,8,10,,5.141683326462715,,,
WORKER_RELOC,,7,8,11,,3.8416684775907317,,,
WORKER_RELOC,,7,9,0,,3.9478554387886744,,,
WORKER_RELOC,,7,9,1,,4.321058588953179,,,
WORKER_RELOC,,7,9,2,,3.0122893497379275,,,
WORKER_RELOC,,7,9,3,,3.8731370265694256,,,
WORKER_RELOC,,7,9,4,,4.333376149906906,,,
WORKER_RELOC,,7,9,5,,5.774753936065262,,,
WORKER_RELOC,,7,9,6,,7.144635433798103,,,
WORKER_RELOC,,7,9,7,,7.9628879176086915,,,
WORKER_RELOC,,7,9,8,,5.6616788551031245,,,
WORKER_RELOC,,7,9,9,,0.0,,,
WORKER_RELOC,,7,9,10,,2.5465022196218214,,,
WORKER_RELOC,,7,9,11,,1.4832660309976928,,,
WORKER_RELOC,,7,10,0,,6.158606025568912,,,
WORKER_RELOC,,7,10,1,,6.497021928276485,,,
WORKER_RELOC,,7,10,2,,3.837042466034842,,,
WORKER_RELOC,,7,10,3,,6.835941470929599,,,
WORKER_RELOC,,7,10,4,,4.841984407018504,,,
WORKER_RELOC,,7,10,5,,5.756554093242616,,,
WORKER_RELOC,,7,10,6,,3.353484273526492,,,
WORKER_RELOC,,7,10,7,,6.276553837373268,,,
WORKER_RELOC,,7,10,8,,7.298328682064366,,,
WORKER_RELOC,,7,10,9,,2.7651218954003065,,,
WORKER_RELOC,,7,10,10,,0.0,,,
WORKER_RELOC,,7,10,11,,2.5180426494701886,,,
WORKER_RELOC,,7,11,0,,3.3309479088906944,,,
WORKER_RELOC,,7,11,1,,3.623840782529767,,,
WORKER_RELOC,,7,11,2,,5.49074783627544,,,
WORKER_RELOC,,7,11,3,,4.12318390460582,,,
WORKER_RELOC,,7,11,4,,7.266173366405577,,,
WORKER_RELOC,,7,11,5,,3.8331566657548795,,,
WORKER_RELOC,,7,11,6,,7.678685856526588,,,
WORKER_RELOC,,7,11,7,,5.524859307193873,,,
WORKER_RELOC,,7,11,8,,4.218070051782268,,,
WORKER_RELOC,,7,11,9,,2.1509961801579247,,,
WORKER_RELOC,,7,11,10,,2.22283734147877,,,
WORKER_RELOC,,7,11,11,,0.0,,,
ROBOT_RELOC,,0,0,0,,0.0,,,
ROBOT_RELOC,,0,0,1,,7.593468064216163,,,
ROBOT_RELOC,,0,0,2,,5.8813460867849905,,,
ROBOT_RELOC,,0,0,3,,6.046977431028287,,,
ROBOT_RELOC,,0,0,4,,6.623215497641155,,,
ROBOT_RELOC,,0,0,5,,7.514696976807976,,,
ROBOT_RELOC,,0,0,6,,4.506264732945292,,,
ROBOT_RELOC,,0,0,7,,7.415871136775551,,,
ROBOT_RELOC,,0,0,8,,4.054172023305013,,,
ROBOT_RELOC,,0,0,9,,6.184610112725874,,,
ROBOT_RELOC,,0,0,10,,7.924170854986876,,,
ROBOT_RELOC,,0,0,11,,7.783231154890569,,,
ROBOT_RELOC,,0,1,0,,6.078266355197554,,,
ROBOT_RELOC,,0,1,1,,0.0,,,
ROBOT_RELOC,,0,1,2,,1.8109622172374038,,,
ROBOT_RELOC,,0,1,3,,5.024995042628422,,,
ROBOT_RELOC,,0,1,4,,7.728499155228441,,,
ROBOT_RELOC,,0,1,5,,6.333928805616688,,,
ROBOT_RELOC,,0,1,6,,4.695433887599417,,,
ROBOT_RELOC,,0,1,7,,5.987781362734113,,,
ROBOT_RELOC,,0,1,8,,5.2134619801415605,,,
ROBOT_RELOC,,0,1,9,,5.9048022581285835,,,
ROBOT_RELOC,,0,1,10,,3.8000491355167485,,,
ROBOT_RELOC,,0,1,11,,6.501561369502625,,,
ROBOT_RELOC,,0,2,0,,3.6640521537237682,,,
ROBOT_RELOC,,0,2,1,,1.5534474425038074,,,
ROBOT_RELOC,,0,2,2,,0.0,,,
ROBOT_RELOC,,0,2,3,,3.8267093528409353,,,
ROBOT_RELOC,,0,2,4,,5.437880588509813,,,
ROBOT_RELOC,,0,2,5,,3.569252971449483,,,
ROBOT_RELOC,,0,2,6,,3.0986162687830294,,,
ROBOT_RELOC,,0,2,7,,7.818203253809184,,,
ROBOT_RELOC,,0,2,8,,7.004640898510725,,,
ROBOT_RELOC,,0,2,9,,5.283996469390009,,,
ROBOT_RELOC,,0,2,10,,4.300444875739379,,,
ROBOT_RELOC,,0,2,11,,7.814757050207468,,,
ROBOT_RELOC,,0,3,0,,6.821226729824787,,,
ROBOT_RELOC,,0,3,1,,4.11069168083144,,,
ROBOT_RELOC,,0,3,2,,5.538727207209201,,,
ROBOT_RELOC,,0,3,3,,0.0,,,
ROBOT_RELOC,,0,3,4,,2.9551432112592346,,,
ROBOT_RELOC,,0,3,5,,2.5807166329824103,,,
ROBOT_RELOC,,0,3,6,,6.223227971187826,,,
ROBOT_RELOC,,0,3,7,,7.803907720127201,,,
ROBOT_RELOC,,0,3,8,,7.882348835048381,,,
ROBOT_RELOC,,0,3,9,,6.3041393140352975,,,
ROBOT_RELOC,,0,3,10,,3.2118550606248775,,,
ROBOT_RELOC,,0,3,11,,3.810605137282734,,,
ROBOT_RELOC,,0,4,0,,5.784345114235023,,,
ROBOT_RELOC,,0,4,1,,7.678215495778271,,,
ROBOT_RELOC,,0,4,2,,6.381692325099962,,,
ROBOT_RELOC,,0,4,3,,2.2750142358140666,,,
ROBOT_RELOC,,0,4,4,,0.0,,,
ROBOT_RELOC,,0,4,5,,1.817193382384198,,,
ROBOT_RELOC,,0,4,6,,5.963842500895009,,,
ROBOT_RELOC,,0,4,7,,5.970819068634342,,,
ROBOT_RELOC,,0,4,8,,3.9330890616519567,,,
ROBOT_RELOC,,0,4,9,,4.332822069840336,,,
ROBOT_RELOC,,0,4,10,,5.705404118866083,,,
ROBOT_RELOC,,0,4,11,,5.908582052014445,,,
ROBOT_RELOC,,0,5,0,,6.601577153174258,,,
ROBOT_RELOC,,0,5,1,,5.213733958812794,,,
ROBOT_RELOC,,0,5,2,,4.533535523445153,,,
ROBOT_RELOC,,0,5,3,,1.8979055106191556,,,
ROBOT_RELOC,,0,5,4,,2.467677326266603,,,
ROBOT_RELOC,,0,5,5,,0.0,,,
ROBOT_RELOC,,0,5,6,,7.119339481369984,,,
ROBOT_RELOC,,0,5,7,,4.4633565166216655,,,
ROBOT_RELOC,,0,5,8,,5.470433472788637,,,
ROBOT_RELOC,,0,5,9,,7.2977403548837145,,,
ROBOT_RELOC,,0,5,10,,6.797692966824493,,,
ROBOT_RELOC,,0,5,11,,7.845454004683017,,,
ROBOT_RELOC,,0,6,0,,4.975890140771329,,,
ROBOT_RELOC,,0,6,1,,7.397517729804026,,,
ROBOT_RELOC,,0,6,2,,7.419301021477603,,,
ROBOT_RELOC,,0,6,3,,7.422129155811901,,,
ROBOT_RELOC,,0,6,4,,5.8667910232821,,,
ROBOT_RELOC,,0,6,5,,3.0060750758031443,,,
ROBOT_RELOC,,0,6,6,,0.0,,,
ROBOT_RELOC,,0,6,7,,2.130933843050389,,,
ROBOT_RELOC,,0,6,8,,4.738181754225133,,,
ROBOT_RELOC,,0,6,9,,3.2633185377887797,,,
ROBOT_RELOC,,0,6,10,,4.301668075497617,,,
ROBOT_RELOC,,0,6,11,,7.000582680983865,,,
ROBOT_RELOC,,0,7,0,,5.861739763865649,,,
ROBOT_RELOC,,0,7,1,,6.507691886590542,,,
ROBOT_RELOC,,0,7,2,,4.335298252248862,,,
ROBOT_RELOC,,0,7,3,,5.25918398828851,,,
ROBOT_RELOC,,0,7,4,,4.158129108710828,,,
ROBOT_RELOC,,0,7,5,,7.916900455029193,,,
ROBOT_RELOC,,0,7,6,,1.5853575949945304,,,
ROBOT_RELOC,,0,7,7,,0.0,,,
ROBOT_RELOC,,0,7,8,,5.885881573014298,,,
ROBOT_RELOC,,0,7,9,,5.805691517458198,,,
ROBOT_RELOC,,0,7,10,,3.7237973245020424,,,
ROBOT_RELOC,,0,7,11,,3.5480779488657186,,,
ROBOT_RELOC,,0,8,0,,7.493466536252252,,,
ROBOT_RELOC,,0,8,1,,5.639310005735771,,,
ROBOT_RELOC,,0,8,2,,5.575076523068915,,,
ROBOT_RELOC,,0,8,3,,5.215586675620934,,,
ROBOT_RELOC,,0,8,4,,6.444385416239535,,,
ROBOT_RELOC,,0,8,5,,4.282701426887812,,,
ROBOT_RELOC,,0,8,6,,5.3385395741033905,,,
ROBOT_RELOC,,0,8,7,,5.329714004266965,,,
ROBOT_RELOC,,0,8,8,,0.0,,,
ROBOT_RELOC,,0,8,9,,7.892803267688533,,,
ROBOT_RELOC,,0,8,10,,4.959052114112712,,,
ROBOT_RELOC,,0,8,11,,6.200665106144349,,,
ROBOT_RELOC,,0,9,0,,5.743628789704276,,,
ROBOT_RELOC,,0,9,1,,4.354616445274922,,,
ROBOT_RELOC,,0,9,2,,3.2329263801629744,,,
ROBOT_RELOC,,0,9,3,,4.758874553644743,,,
ROBOT_RELOC,,0,9,4,,6.090341553808982,,,
ROBOT_RELOC,,0,9,5,,6.0289721024705685,,,
ROBOT_RELOC,,0,9,6,,6.1608993708926105,,,
ROBOT_RELOC,,0,9,7,,5.646725571859562,,,
ROBOT_RELOC,,0,9,8,,4.234329297397146,,,
ROBOT_RELOC,,0,9,9,,0.0,,,
ROBOT_RELOC,,0,9,10,,2.822076943520333,,,
ROBOT_RELOC,,0,9,11,,2.5595572844298564,,,
ROBOT_RELOC,,0,10,0,,6.243134919258136,,,
ROBOT_RELOC,,0,10,1,,3.0957067413565964,,,
ROBOT_RELOC,,0,10,2,,3.3694350796138646,,,
ROBOT_RELOC,,0,10,3,,5.636551148385236,,,
ROBOT_RELOC,,0,10,4,,4.502755758879005,,,
ROBOT_RELOC,,0,10,5,,5.158621395618195,,,
ROBOT_RELOC,,0,10,6,,7.886796417380763,,,
ROBOT_RELOC,,0,10,7,,3.2683769269271212,,,
ROBOT_RELOC,,0,10,8,,7.4424070789737256,,,
ROBOT_RELOC,,0,10,9,,1.9737905311227821,,,
ROBOT_RELOC,,0,10,10,,0.0,,,
ROBOT_RELOC,,0,10,11,,1.6402707007776047,,,
ROBOT_RELOC,,0,11,0,,6.594435762157633,,,
ROBOT_RELOC,,0,11,1,,6.355137723566928,,,
ROBOT_RELOC,,0,11,2,,3.626682415730917,,,
ROBOT_RELOC,,0,11,3,,4.925656804083578,,,
ROBOT_RELOC,,0,11,4,,7.682996428780731,,,
ROBOT_RELOC,,0,11,5,,7.6374614830104885,,,
ROBOT_RELOC,,0,11,6,,6.0438938930372395,,,
ROBOT_RELOC,,0,11,7,,6.416112497917291,,,
ROBOT_RELOC,,0,11,8,,7.385635695270416,,,
ROBOT_RELOC,,0,11,9,,1.010627341904542,,,
ROBOT_RELOC,,0,11,10,,2.9801785265602203,,,
ROBOT_RELOC,,0,11,11,,0.0,,,
ROBOT_RELOC,,1,0,0,,0.0,,,
ROBOT_RELOC,,1,0,1,,7.021575735471618,,,
ROBOT_RELOC,,1,0,2,,6.54960693846568,,,
ROBOT_RELOC,,1,0,3,,6.526775970663314,,,
ROBOT_RELOC,,1,0,4,,7.656852030052738,,,
ROBOT_RELOC,,1,0,5,,3.6704182234858265,,,
ROBOT_RELOC,,1,0,6,,3.3410254033544136,,,
ROBOT_RELOC,,1,0,7,,7.760005082988674,,,
ROBOT_RELOC,,1,0,8,,6.936356409237751,,,
ROBOT_RELOC,,1,0,9,,4.237839306030781,,,
ROBOT_RELOC,,1,0,10,,6.616722677790415,,,
ROBOT_RELOC,,1,0,11,,3.443908708837718,,,
ROBOT_RELOC,,1,1,0,,3.4251720691540655,,,
ROBOT_RELOC,,1,1,1,,0.0,,,
ROBOT_RELOC,,1,1,2,,1.3091220695653292,,,
ROBOT_RELOC,,1,1,3,,3.6943356154685842,,,
ROBOT_RELOC,,1,1,4,,5.816563713857988,,,
ROBOT_RELOC,,1,1,5,,6.532313240987394,,,
ROBOT_RELOC,,1,1,6,,7.267076063336551,,,
ROBOT_RELOC,,1,1,7,,7.908314794848707,,,
ROBOT_RELOC,,1,1,8,,6.770032787121181,,,
ROBOT_RELOC,,1,1,9,,5.592077297511902,,,
ROBOT_RELOC,,1,1,10,,4.529472508409772,,,
ROBOT_RELOC,,1,1,11,,7.105714223463847,,,
ROBOT_RELOC,,1,2,0,,3.10442271492424,,,
ROBOT_RELOC,,1,2,1,,1.972602262588213,,,
ROBOT_RELOC,,1,2,2,,0.0,,,
ROBOT_RELOC,,1,2,3,,4.420796417726654,,,
ROBOT_RELOC,,1,2,4,,6.5353653219443455,,,
ROBOT_RELOC,,1,2,5,,5.453726422373187,,,
ROBOT_RELOC,,1,2,6,,6.511916486596986,,,
ROBOT_RELOC,,1,2,7,,7.412548943812134,,,
ROBOT_RELOC,,1,2,8,,4.290636694167146,,,
ROBOT_RELOC,,1,2,9,,7.652555648168548,,,
ROBOT_RELOC,,1,2,10,,4.878907618441559,,,
ROBOT_RELOC,,1,2,11,,3.2085523240825555,,,
ROBOT_RELOC,,1,3,0,,4.684589566752251,,,
ROBOT_RELOC,,1,3,1,,6.560520356119396,,,
ROBOT_RELOC,,1,3,2,,4.135726238800562,,,
ROBOT_RELOC,,1,3,3,,0.0,,,
ROBOT_RELOC,,1,3,4,,2.0697803389085916,,,
ROBOT_RELOC,,1,3,5,,2.970178715926238,,,
ROBOT_RELOC,,1,3,6,,6.442146203002864,,,
ROBOT_RELOC,,1,3,7,,3.7831385380134614,,,
ROBOT_RELOC,,1,3,8,,3.999915823312823,,,
ROBOT_RELOC,,1,3,9,,5.622647665480018,,,
ROBOT_RELOC,,1,3,10,,3.1938334830738766,,,
ROBOT_RELOC,,1,3,11,,7.849250306001918,,,
ROBOT_RELOC,,1,4,0,,5.490573792694434,,,
ROBOT_RELOC,,1,4,1,,5.216102443168699,,,
ROBOT_RELOC,,1,4,2,,7.718802730587191,,,
ROBOT_RELOC,,1,4,3,,2.723338320670112,,,
ROBOT_RELOC,,1,4,4,,0.0,,,
ROBOT_RELOC,,1,4,5,,2.8572092657170725,,,
ROBOT_RELOC,,1,4,6,,3.00220617967456,,,
ROBOT_RELOC,,1,4,7,,3.2907245021547915,,,
ROBOT_RELOC,,1,4,8,,5.503330066067715,,,
ROBOT_RELOC,,1,4,9,,6.549926786124554,,,
ROBOT_RELOC,,1,4,10,,3.2415011731232313,,,
ROBOT_RELOC,,1,4,11,,6.585116654717369,,,
ROBOT_RELOC,,1,5,0,,3.8492266332794367,,,
ROBOT_RELOC,,1,5,1,,7.41552848751933,,,
ROBOT_RELOC,,1,5,2,,5.115866604758875,,,
ROBOT_RELOC,,1,5,3,,2.0151858043676505,,,
ROBOT_RELOC,,1,5,4,,2.0607266991758264,,,
ROBOT_RELOC,,1,5,5,,0.0,,,
ROBOT_RELOC,,1,5,6,,3.0704466479175077,,,
ROBOT_RELOC,,1,5,7,,7.350342808822779,,,
ROBOT_RELOC,,1,5,8,,3.8937003389768785,,,
ROBOT_RELOC,,1,5,9,,3.5284739726246066,,,
ROBOT_RELOC,,1,5,10,,7.556443204517971,,,
ROBOT_RELOC,,1,5,11,,4.178335044868615,,,
ROBOT_RELOC,,1,6,0,,3.5276449639766274,,,
ROBOT_RELOC,,1,6,1,,7.387024893545133,,,
ROBOT_RELOC,,1,6,2,,6.402487408442115,,,
ROBOT_RELOC,,1,6,3,,4.86089149534673,,,
ROBOT_RELOC,,1,6,4,,3.6954218912389623,,,
ROBOT_RELOC,,1,6,5,,5.939484409534277,,,
ROBOT_RELOC,,1,6,6,,0.0,,,
ROBOT_RELOC,,1,6,7,,2.9159242150685873,,,
ROBOT_RELOC,,1,6,8,,6.0793947990034525,,,
ROBOT_RELOC,,1,6,9,,3.5097962432788443,,,
ROBOT_RELOC,,1,6,10,,7.68243861426727,,,
ROBOT_RELOC,,1,6,11,,5.875771890353766,,,
ROBOT_RELOC,,1,7,0,,5.735245616462908,,,
ROBOT_RELOC,,1,7,1,,3.004127111666298,,,
ROBOT_RELOC,,1,7,2,,5.3870124756743625,,,
ROBOT_RELOC,,1,7,3,,6.608388320198118,,,
ROBOT_RELOC,,1,7,4,,3.294596561115305,,,
ROBOT_RELOC,,1,7,5,,3.806385939447849,,,
ROBOT_RELOC,,1,7,6,,2.4997650275003633,,,
ROBOT_RELOC,,1,7,7,,0.0,,,
ROBOT_RELOC,,1,7,8,,6.15302285432126,,,
ROBOT_RELOC,,1,7,9,,7.127535356532869,,,
ROBOT_RELOC,,1,7,10,,4.862668309111079,,,
ROBOT_RELOC,,1,7,11,,5.473837688215008,,,
ROBOT_RELOC,,1,8,0,,5.591781125351657,,,
ROBOT_RELOC,,1,8,1,,7.645881962252837,,,
ROBOT_RELOC,,1,8,2,,6.472752215297932,,,
ROBOT_RELOC,,1,8,3,,6.24101225472558,,,
ROBOT_RELOC,,1,8,4,,4.167899250750047,,,
ROBOT_RELOC,,1,8,5,,5.439637831730206,,,
ROBOT_RELOC,,1,8,6,,7.349937497527408,,,
ROBOT_RELOC,,1,8,7,,3.522313535306196,,,
ROBOT_RELOC,,1,8,8,,0.0,,,
ROBOT_RELOC,,1,8,9,,5.454425654043419,,,
ROBOT_RELOC,,1,8,10,,3.8977442469508863,,,
ROBOT_RELOC,,1,8,11,,3.5802800582569603,,,
ROBOT_RELOC,,1,9,0,,6.411878007890783,,,
ROBOT_RELOC,,1,9,1,,7.42172913589634,,,
ROBOT_RELOC,,1,9,2,,6.521753851445597,,,
ROBOT_RELOC,,1,9,3,,5.991421629044549,,,
ROBOT_RELOC,,1,9,4,,7.1031803731687715,,,
ROBOT_RELOC,,1,9,5,,4.852042373037014,,,
ROBOT_RELOC,,1,9,6,,4.125190085366644,,,
ROBOT_RELOC,,1,9,7,,5.404170388294293,,,
ROBOT_RELOC,,1,9,8,,3.0330746087461287,,,
ROBOT_RELOC,,1,9,9,,0.0,,,
ROBOT_RELOC,,1,9,10,,2.2686763410532875,,,
ROBOT_RELOC,,1,9,11,,1.1501309368053279,,,
ROBOT_RELOC,,1,10,0,,7.86267142757322,,,
ROBOT_RELOC,,1,10,1,,3.8606272248654747,,,
ROBOT_RELOC,,1,10,2,,5.356767243910758,,,
ROBOT_RELOC,,1,10,3,,5.521337774627129,,,
ROBOT_RELOC,,1,10,4,,6.310523522250893,,,
ROBOT_RELOC,,1,10,5,,3.5795952625234118,,,
ROBOT_RELOC,,1,10,6,,6.171155250865844,,,
ROBOT_RELOC,,1,10,7,,3.617751683423114,,,
ROBOT_RELOC,,1,10,8,,5.2418800788130895,,,
ROBOT_RELOC,,1,10,9,,1.2701158874834646,,,
ROBOT_RELOC,,1,10,10,,0.0,,,
ROBOT_RELOC,,1,10,11,,2.6007071978277647,,,
ROBOT_RELOC,,1,11,0,,6.363455374025806,,,
ROBOT_RELOC,,1,11,1,,7.169132112315483,,,
ROBOT_RELOC,,1,11,2,,7.540018037387268,,,
ROBOT_RELOC,,1,11,3,,3.2067585581931386,,,
ROBOT_RELOC,,1,11,4,,3.4305068534062912,,,
ROBOT_RELOC,,1,11,5,,5.106419225441356,,,
ROBOT_RELOC,,1,11,6,,6.762249864215471,,,
ROBOT_RELOC,,1,11,7,,5.712126082308301,,,
ROBOT_RELOC,,1,11,8,,7.741179834151439,,,
ROBOT_RELOC,,1,11,9,,1.0377296793851685,,,
ROBOT_RELOC,,1,11,10,,1.080099855696735,,,
ROBOT_RELOC,,1,11,11,,0.0,,,
ROBOT_RELOC,,2,0,0,,0.0,,,
ROBOT_RELOC,,2,0,1,,5.506446278380416,,,
ROBOT_RELOC,,2,0,2,,3.681293946637869,,,
ROBOT_RELOC,,2,0,3,,7.105327805851418,,,
ROBOT_RELOC,,2,0,4,,5.770953637224905,,,
ROBOT_RELOC,,2,0,5,,5.305723364003262,,,
ROBOT_RELOC,,2,0,6,,4.794999139821329,,,
ROBOT_RELOC,,2,0,7,,5.494295350401927,,,
ROBOT_RELOC,,2,0,8,,3.6142201814511035,,,
ROBOT_RELOC,,2,0,9,,7.782937511031955,,,
ROBOT_RELOC,,2,0,10,,5.640657748745735,,,
ROBOT_RELOC,,2,0,11,,7.239710578996043,,,
ROBOT_RELOC,,2,1,0,,5.469890471048743,,,
ROBOT_RELOC,,2,1,1,,0.0,,,
ROBOT_RELOC,,2,1,2,,1.8554507609374975,,,
ROBOT_RELOC,,2,1,3,,7.586476806561236,,,
ROBOT_RELOC,,2,1,4,,7.4727575671939555,,,
ROBOT_RELOC,,2,1,5,,7.448360040285449,,,
ROBOT_RELOC,,2,1,6,,5.304748352107069,,,
ROBOT_RELOC,,2,1,7,,6.064229990271283,,,
ROBOT_RELOC,,2,1,8,,6.1434948637586455,,,
ROBOT_RELOC,,2,1,9,,7.2331903674881515,,,
ROBOT_RELOC,,2,1,10,,4.632336780983514,,,
ROBOT_RELOC,,2,1,11,,4.704537094920098,,,
ROBOT_RELOC,,2,2,0,,4.231140693088503,,,
ROBOT_RELOC,,2,2,1,,1.2713335929285285,,,
ROBOT_RELOC,,2,2,2,,0.0,,,
ROBOT_RELOC,,2,2,3,,6.5079667576657885,,,
ROBOT_RELOC,,2,2,4,,3.2933699278313044,,,
ROBOT_RELOC,,2,2,5,,5.952044992618681,,,
ROBOT_RELOC,,2,2,6,,5.25318411304259,,,
ROBOT_RELOC,,2,2,7,,5.489575896313214,,,
ROBOT_RELOC,,2,2,8,,6.635409110697306,,,
ROBOT_RELOC,,2,2,9,,4.8719491853206165,,,
ROBOT_RELOC,,2,2,10,,5.49380502406521,,,
ROBOT_RELOC,,2,2,11,,7.23388296650068,,,
ROBOT_RELOC,,2,3,0,,5.160430104913791,,,
ROBOT_RELOC,,2,3,1,,4.729516496292863,,,
ROBOT_RELOC,,2,3,2,,3.4158394848211637,,,
ROBOT_RELOC,,2,3,3,,0.0,,,
ROBOT_RELOC,,2,3,4,,2.2011425751631615,,,
ROBOT_RELOC,,2,3,5,,1.8461184422913297,,,
ROBOT_RELOC,,2,3,6,,3.1629397894506712,,,
ROBOT_RELOC,,2,3,7,,7.665951902613899,,,
ROBOT_RELOC,,2,3,8,,5.186204912060181,,,
ROBOT_RELOC,,2,3,9,,5.486827495394195,,,
ROBOT_RELOC,,2,3,10,,4.472350387869845,,,
ROBOT_RELOC,,2,3,11,,7.2363228586808,,,
ROBOT_RELOC,,2,4,0,,3.2525850487206855,,,
ROBOT_RELOC,,2,4,1,,3.172431429364386,,,
ROBOT_RELOC,,2,4,2,,7.269372194835688,,,
ROBOT_RELOC,,2,4,3,,1.0801733438907588,,,
ROBOT_RELOC,,2,4,4,,0.0,,,
ROBOT_RELOC,,2,4,5,,1.0188287453302631,,,
ROBOT_RELOC,,2,4,6,,3.725114913886057,,,
ROBOT_RELOC,,2,4,7,,6.142103780730226,,,
ROBOT_RELOC,,2,4,8,,7.976320748942399,,,
ROBOT_RELOC,,2,4,9,,6.305012951797542,,,
ROBOT_RELOC,,2,4,10,,6.9719491382329775,,,
ROBOT_RELOC,,2,4,11,,5.165879174739985,,,
ROBOT_RELOC,,2,5,0,,6.055060014198915,,,
ROBOT_RELOC,,2,5,1,,6.524815604731908,,,
ROBOT_RELOC,,2,5,2,,6.601421935542097,,,
ROBOT_RELOC,,2,5,3,,1.8127939791246641,,,
ROBOT_RELOC,,2,5,4,,2.9706966684223732,,,
ROBOT_RELOC,,2,5,5,,0.0,,,
ROBOT_RELOC,,2,5,6,,6.342201968667908,,,
ROBOT_RELOC,,2,5,7,,5.913167169861876,,,
ROBOT_RELOC,,2,5,8,,5.788658623478454,,,
ROBOT_RELOC,,2,5,9,,5.080825913273645,,,
ROBOT_RELOC,,2,5,10,,5.402694123707849,,,
ROBOT_RELOC,,2,5,11,,5.817505161032241,,,
ROBOT_RELOC,,2,6,0,,3.018882515496859,,,
ROBOT_RELOC,,2,6,1,,7.543389351225068,,,
ROBOT_RELOC,,2,6,2,,6.5271525379080035,,,
ROBOT_RELOC,,2,6,3,,5.822708179706725,,,
ROBOT_RELOC,,2,6,4,,3.0945726196870993,,,
ROBOT_RELOC,,2,6,5,,5.558661136089906,,,
ROBOT_RELOC,,2,6,6,,0.0,,,
ROBOT_RELOC,,2,6,7,,2.361010504256078,,,
ROBOT_RELOC,,2,6,8,,4.07701416058556,,,
ROBOT_RELOC,,2,6,9,,6.394849054357134,,,
ROBOT_RELOC,,2,6,10,,5.068272357717591,,,
ROBOT_RELOC,,2,6,11,,4.229031783771491,,,
ROBOT_RELOC,,2,7,0,,4.574405431975773,,,
ROBOT_RELOC,,2,7,1,,3.900763365457722,,,
ROBOT_RELOC,,2,7,2,,3.913044071285496,,,
ROBOT_RELOC,,2,7,3,,6.928243485466895,,,
ROBOT_RELOC,,2,7,4,,4.456267436632899,,,
ROBOT_RELOC,,2,7,5,,6.194698471974842,,,
ROBOT_RELOC,,2,7,6,,2.305304418969902,,,
ROBOT_RELOC,,2,7,7,,0.0,,,
ROBOT_RELOC,,2,7,8,,3.3848677041730255,,,
ROBOT_RELOC,,2,7,9,,6.33981686358074,,,
ROBOT_RELOC,,2,7,10,,4.299522492272151,,,
ROBOT_RELOC,,2,7,11,,3.5372240902598153,,,
ROBOT_RELOC,,2,8,0,,5.667074838544964,,,
ROBOT_RELOC,,2,8,1,,5.35820984593476,,,
ROBOT_RELOC,,2,8,2,,5.8128584672923935,,,
ROBOT_RELOC,,2,8,3,,7.76240668356936,,,
ROBOT_RELOC,,2,8,4,,4.372033731728905,,,
ROBOT_RELOC,,2,8,5,,6.3559769101175085,,,
ROBOT_RELOC,,2,8,6,,3.844523742407304,,,
ROBOT_RELOC,,2,8,7,,7.052594526530192,,,
ROBOT_RELOC,,2,8,8,,0.0,,,
ROBOT_RELOC,,2,8,9,,5.707957514859807,,,
ROBOT_RELOC,,2,8,10,,6.695693665099926,,,
ROBOT_RELOC,,2,8,11,,5.419253226510966,,,
ROBOT_RELOC,,2,9,0,,7.817649345753275,,,
ROBOT_RELOC,,2,9,1,,7.273861704669652,,,
ROBOT_RELOC,,2,9,2,,6.189286309022279,,,
ROBOT_RELOC,,2,9,3,,4.967581486952602,,,
ROBOT_RELOC,,2,9,4,,7.83878297411756,,,
ROBOT_RELOC,,2,9,5,,4.548942918095495,,,
ROBOT_RELOC,,2,9,6,,4.628849519185416,,,
ROBOT_RELOC,,2,9,7,,4.681939982541146,,,
ROBOT_RELOC,,2,9,8,,3.935115287493726,,,
ROBOT_RELOC,,2,9,9,,0.0,,,
ROBOT_RELOC,,2,9,10,,1.8671734876111235,,,
ROBOT_RELOC,,2,9,11,,2.1688986674579662,,,
ROBOT_RELOC,,2,10,0,,3.884623185578654,,,
ROBOT_RELOC,,2,10,1,,6.5961785794569145,,,
ROBOT_RELOC,,2,10,2,,4.760931483898523,,,
ROBOT_RELOC,,2,10,3,,3.0232392009582814,,,
ROBOT_RELOC,,2,10,4,,3.2869945379337695,,,
ROBOT_RELOC,,2,10,5,,7.5627801435687045,,,
ROBOT_RELOC,,2,10,6,,7.642983901072214,,,
ROBOT_RELOC,,2,10,7,,7.546815685901661,,,
ROBOT_RELOC,,2,10,8,,6.849524616435643,,,
ROBOT_RELOC,,2,10,9,,2.8103191354108548,,,
ROBOT_RELOC,,2,10,10,,0.0,,,
ROBOT_RELOC,,2,10,11,,1.02413345685996,,,
ROBOT_RELOC,,2,11,0,,6.539390885183323,,,
ROBOT_RELOC,,2,11,1,,6.528242814438041,,,
ROBOT_RELOC,,2,11,2,,5.82778218610555,,,
ROBOT_RELOC,,2,11,3,,7.661074662416429,,,
ROBOT_RELOC,,2,11,4,,7.3011201489166355,,,
ROBOT_RELOC,,2,11,5,,5.1061124386030095,,,
ROBOT_RELOC,,2,11,6,,4.221563042437149,,,
ROBOT_RELOC,,2,11,7,,5.89520941189478,,,
ROBOT_RELOC,,2,11,8,,4.728761720204798,,,
ROBOT_RELOC,,2,11,9,,2.237296183951875,,,
ROBOT_RELOC,,2,11,10,,2.4357894536731584,,,
ROBOT_RELOC,,2,11,11,,0.0,,,
ROBOT_RELOC,,3,0,0,,0.0,,,
ROBOT_RELOC,,3,0,1,,7.44025344541121,,,
ROBOT_RELOC,,3,0,2,,3.3381931270314613,,,
ROBOT_RELOC,,3,0,3,,4.986394657247055,,,
ROBOT_RELOC,,3,0,4,,7.9140643300497135,,,
ROBOT_RELOC,,3,0,5,,6.075954451794031,,,
ROBOT_RELOC,,3,0,6,,3.889183551842188,,,
ROBOT_RELOC,,3,0,7,,6.540445896619038,,,
ROBOT_RELOC,,3,0,8,,3.6263338487630463,,,
ROBOT_RELOC,,3,0,9,,7.800495560961736,,,
ROBOT_RELOC,,3,0,10,,3.524840498660868,,,
ROBOT_RELOC,,3,0,11,,4.979916685442289,,,
ROBOT_RELOC,,3,1,0,,5.904248141948531,,,
ROBOT_RELOC,,3,1,1,,0.0,,,
ROBOT_RELOC,,3,1,2,,2.3905976293966926,,,
ROBOT_RELOC,,3,1,3,,4.450424332634681,,,
ROBOT_RELOC,,3,1,4,,3.1286999491089817,,,
ROBOT_RELOC,,3,1,5,,6.441462776414688,,,
ROBOT_RELOC,,3,1,6,,7.378800773526637,,,
ROBOT_RELOC,,3,1,7,,3.9884143328914083,,,
ROBOT_RELOC,,3,1,8,,7.442877862471281,,,
ROBOT_RELOC,,3,1,9,,7.884558928429684,,,
ROBOT_RELOC,,3,1,10,,6.434541967933868,,,
ROBOT_RELOC,,3,1,11,,6.706361197820851,,,
ROBOT_RELOC,,3,2,0,,3.177302861666064,,,
ROBOT_RELOC,,3,2,1,,1.5956479706875097,,,
ROBOT_RELOC,,3,2,2,,0.0,,,
ROBOT_RELOC,,3,2,3,,4.654272282413894,,,
ROBOT_RELOC,,3,2,4,,3.4302017865271295,,,
ROBOT_RELOC,,3,2,5,,5.019448702580956,,,
ROBOT_RELOC,,3,2,6,,4.26366936240298,,,
ROBOT_RELOC,,3,2,7,,3.836056625999989,,,
ROBOT_RELOC,,3,2,8,,4.374813993212802,,,
ROBOT_RELOC,,3,2,9,,6.499204553567651,,,
ROBOT_RELOC,,3,2,10,,3.819882583508991,,,
ROBOT_RELOC,,3,2,11,,6.704061374076405,,,
ROBOT_RELOC,,3,3,0,,6.733843772539265,,,
ROBOT_RELOC,,3,3,1,,5.36293997494484,,,
ROBOT_RELOC,,3,3,2,,3.386040538913451,,,
ROBOT_RELOC,,3,3,3,,0.0,,,
ROBOT_RELOC,,3,3,4,,1.4968658427355979,,,
ROBOT_RELOC,,3,3,5,,1.472040366412043,,,
ROBOT_RELOC,,3,3,6,,4.657114766011361,,,
ROBOT_RELOC,,3,3,7,,5.84922324083595,,,
ROBOT_RELOC,,3,3,8,,5.972402751076181,,,
ROBOT_RELOC,,3,3,9,,3.8974370644928213,,,
ROBOT_RELOC,,3,3,10,,3.6756119258211317,,,
ROBOT_RELOC,,3,3,11,,6.4888025608782325,,,
ROBOT_RELOC,,3,4,0,,4.816559814450931,,,
ROBOT_RELOC,,3,4,1,,5.774685089060904,,,
ROBOT_RELOC,,3,4,2,,4.803841455434476,,,
ROBOT_RELOC,,3,4,3,,1.9616059326942372,,,
ROBOT_RELOC,,3,4,4,,0.0,,,
ROBOT_RELOC,,3,4,5,,2.1916948847296744,,,
ROBOT_RELOC,,3,4,6,,4.417746925941286,,,
ROBOT_RELOC,,3,4,7,,7.429958129031756,,,
ROBOT_RELOC,,3,4,8,,5.237604867982028,,,
ROBOT_RELOC,,3,4,9,,4.879030240035036,,,
ROBOT_RELOC,,3,4,10,,3.6849186371426255,,,
ROBOT_RELOC,,3,4,11,,5.846030310840612,,,
ROBOT_RELOC,,3,5,0,,6.798098977362269,,,
ROBOT_RELOC,,3,5,1,,4.424549606655711,,,
ROBOT_RELOC,,3,5,2,,6.166161705166193,,,
ROBOT_RELOC,,3,5,3,,2.872123315826846,,,
ROBOT_RELOC,,3,5,4,,2.9306592774046196,,,
ROBOT_RELOC,,3,5,5,,0.0,,,
ROBOT_RELOC,,3,5,6,,3.86635876297144,,,
ROBOT_RELOC,,3,5,7,,7.561154462516541,,,
ROBOT_RELOC,,3,5,8,,6.32225552571734,,,
ROBOT_RELOC,,3,5,9,,3.572832703199151,,,
ROBOT_RELOC,,3,5,10,,4.02836136766631,,,
ROBOT_RELOC,,3,5,11,,3.211842223496408,,,
ROBOT_RELOC,,3,6,0,,4.290347591108323,,,
ROBOT_RELOC,,3,6,1,,3.9839189590304906,,,
ROBOT_RELOC,,3,6,2,,7.967442969411895,,,
ROBOT_RELOC,,3,6,3,,5.57719760908779,,,
ROBOT_RELOC,,3,6,4,,6.063364410506155,,,
ROBOT_RELOC,,3,6,5,,7.312087067090793,,,
ROBOT_RELOC,,3,6,6,,0.0,,,
ROBOT_RELOC,,3,6,7,,1.1821581027401173,,,
ROBOT_RELOC,,3,6,8,,5.208833037270073,,,
ROBOT_RELOC,,3,6,9,,7.394892261662103,,,
ROBOT_RELOC,,3,6,10,,3.7575734823641045,,,
ROBOT_RELOC,,3,6,11,,3.47736359862245,,,
ROBOT_RELOC,,3,7,0,,5.382591161318306,,,
ROBOT_RELOC,,3,7,1,,4.835549893764973,,,
ROBOT_RELOC,,3,7,2,,6.677713574065921,,,
ROBOT_RELOC,,3,7,3,,7.266018152734427,,,
ROBOT_RELOC,,3,7,4,,5.899600645884345,,,
ROBOT_RELOC,,3,7,5,,3.153544106318922,,,
ROBOT_RELOC,,3,7,6,,2.4362475715599956,,,
ROBOT_RELOC,,3,7,7,,0.0,,,
ROBOT_RELOC,,3,7,8,,4.2454118545902615,,,
ROBOT_RELOC,,3,7,9,,3.7652488293733333,,,
ROBOT_RELOC,,3,7,10,,3.990858592198252,,,
ROBOT_RELOC,,3,7,11,,7.040436477846106,,,
ROBOT_RELOC,,3,8,0,,5.781127661023557,,,
ROBOT_RELOC,,3,8,1,,6.77629739843512,,,
ROBOT_RELOC,,3,8,2,,3.8686645822128245,,,
ROBOT_RELOC,,3,8,3,,5.0669183204733015,,,
ROBOT_RELOC,,3,8,4,,3.6604947017911273,,,
ROBOT_RELOC,,3,8,5,,5.678020739499862,,,
ROBOT_RELOC,,3,8,6,,3.7134500669299255,,,
ROBOT_RELOC,,3,8,7,,3.0642693339545124,,,
ROBOT_RELOC,,3,8,8,,0.0,,,
ROBOT_RELOC,,3,8,9,,7.051704670033735,,,
ROBOT_RELOC,,3,8,10,,6.9196224174482435,,,
ROBOT_RELOC,,3,8,11,,3.785086954871166,,,
ROBOT_RELOC,,3,9,0,,5.868430886708337,,,
ROBOT_RELOC,,3,9,1,,7.681583611251234,,,
ROBOT_RELOC,,3,9,2,,4.612826537725795,,,
ROBOT_RELOC,,3,9,3,,7.347344265028961,,,
ROBOT_RELOC,,3,9,4,,7.7198953164820745,,,
ROBOT_RELOC,,3,9,5,,6.463961084743712,,,
ROBOT_RELOC,,3,9,6,,7.348137790185581,,,
ROBOT_RELOC,,3,9,7,,6.739335433824104,,,
ROBOT_RELOC,,3,9,8,,3.3754901750545643,,,
ROBOT_RELOC,,3,9,9,,0.0,,,
ROBOT_RELOC,,3,9,10,,1.4167295339909585,,,
ROBOT_RELOC,,3,9,11,,1.902359421200392,,,
ROBOT_RELOC,,3,10,0,,3.062788292509607,,,
ROBOT_RELOC,,3,10,1,,5.860349424982475,,,
ROBOT_RELOC,,3,10,2,,3.505498595351683,,,
ROBOT_RELOC,,3,10,3,,4.666113066942053,,,
ROBOT_RELOC,,3,10,4,,4.05177122476471,,,
ROBOT_RELOC,,3,10,5,,4.355421034263733,,,
ROBOT_RELOC,,3,10,6,,3.2655708738942386,,,
ROBOT_RELOC,,3,10,7,,4.131150178639686,,,
ROBOT_RELOC,,3,10,8,,4.05126827969156,,,
ROBOT_RELOC,,3,10,9,,1.4507703438932216,,,
ROBOT_RELOC,,3,10,10,,0.0,,,
ROBOT_RELOC,,3,10,11,,1.7343840712134255,,,
ROBOT_RELOC,,3,11,0,,6.536402633199922,,,
ROBOT_RELOC,,3,11,1,,7.973648015648084,,,
ROBOT_RELOC,,3,11,2,,5.676068160131941,,,
ROBOT_RELOC,,3,11,3,,7.45902633383697,,,
ROBOT_RELOC,,3,11,4,,4.578424904150831,,,
ROBOT_RELOC,,3,11,5,,5.294901604066468,,,
ROBOT_RELOC,,3,11,6,,5.956170472853266,,,
ROBOT_RELOC,,3,11,7,,7.177350845598619,,,
ROBOT_RELOC,,3,11,8,,4.661310644453786,,,
ROBOT_RELOC,,3,11,9,,2.911459779163498,,,
ROBOT_RELOC,,3,11,10,,1.369018194499605,,,
ROBOT_RELOC,,3,11,11,,0.0,,,
ROBOT_RELOC,,4,0,0,,0.0,,,
ROBOT_RELOC,,4,0,1,,3.7239189574609166,,,
ROBOT_RELOC,,4,0,2,,7.003550053271649,,,
ROBOT_RELOC,,4,0,3,,5.733182495626155,,,
ROBOT_RELOC,,4,0,4,,6.496334991152111,,,
ROBOT_RELOC,,4,0,5,,4.122951881837114,,,
ROBOT_RELOC,,4,0,6,,4.0935774625210595,,,
ROBOT_RELOC,,4,0,7,,7.645812704788813,,,
ROBOT_RELOC,,4,0,8,,7.40781209774655,,,
ROBOT_RELOC,,4,0,9,,5.113798314823663,,,
ROBOT_RELOC,,4,0,10,,7.368798491009358,,,
ROBOT_RELOC,,4,0,11,,4.008421941080563,,,
ROBOT_RELOC,,4,1,0,,4.792165281418319,,,
ROBOT_RELOC,,4,1,1,,0.0,,,
ROBOT_RELOC,,4,1,2,,1.4679511898140591,,,
ROBOT_RELOC,,4,1,3,,5.535952067922242,,,
ROBOT_RELOC,,4,1,4,,6.673624680142007,,,
ROBOT_RELOC,,4,1,5,,3.4069298524141467,,,
ROBOT_RELOC,,4,1,6,,5.541139113330775,,,
ROBOT_RELOC,,4,1,7,,7.029713214377605,,,
ROBOT_RELOC,,4,1,8,,5.388184335347889,,,
ROBOT_RELOC,,4,1,9,,5.910616576062705,,,
ROBOT_RELOC,,4,1,10,,5.7501431349862715,,,
ROBOT_RELOC,,4,1,11,,6.135905615987326,,,
ROBOT_RELOC,,4,2,0,,7.704398110378628,,,
ROBOT_RELOC,,4,2,1,,2.7707573364444333,,,
ROBOT_RELOC,,4,2,2,,0.0,,,
ROBOT_RELOC,,4,2,3,,5.114879411345974,,,
ROBOT_RELOC,,4,2,4,,4.40250992536153,,,
ROBOT_RELOC,,4,2,5,,7.949442464200614,,,
ROBOT_RELOC,,4,2,6,,4.108422435528361,,,
ROBOT_RELOC,,4,2,7,,6.889308404676422,,,
ROBOT_RELOC,,4,2,8,,6.240382125094108,,,
ROBOT_RELOC,,4,2,9,,7.862973408127424,,,
ROBOT_RELOC,,4,2,10,,3.019868430181919,,,
ROBOT_RELOC,,4,2,11,,6.96001939639032,,,
ROBOT_RELOC,,4,3,0,,3.909128539817885,,,
ROBOT_RELOC,,4,3,1,,4.766344063349927,,,
ROBOT_RELOC,,4,3,2,,5.6590368316074855,,,
ROBOT_RELOC,,4,3,3,,0.0,,,
ROBOT_RELOC,,4,3,4,,2.939673980451622,,,
ROBOT_RELOC,,4,3,5,,1.9076279458045575,,,
ROBOT_RELOC,,4,3,6,,7.331694553003309,,,
ROBOT_RELOC,,4,3,7,,4.071753328673379,,,
ROBOT_RELOC,,4,3,8,,4.988862597047897,,,
ROBOT_RELOC,,4,3,9,,5.734866796948438,,,
ROBOT_RELOC,,4,3,10,,7.752761681083107,,,
ROBOT_RELOC,,4,3,11,,5.347562114130819,,,
ROBOT_RELOC,,4,4,0,,5.7252974254689235,,,
ROBOT_RELOC,,4,4,1,,4.576604406074493,,,
ROBOT_RELOC,,4,4,2,,4.534357814065679,,,
ROBOT_RELOC,,4,4,3,,1.9947722935768915,,,
ROBOT_RELOC,,4,4,4,,0.0,,,
ROBOT_RELOC,,4,4,5,,2.370232810308047,,,
ROBOT_RELOC,,4,4,6,,3.643111620558037,,,
ROBOT_RELOC,,4,4,7,,6.272570953384806,,,
ROBOT_RELOC,,4,4,8,,5.085613609113294,,,
ROBOT_RELOC,,4,4,9,,3.366825087206521,,,
ROBOT_RELOC,,4,4,10,,4.158186138400988,,,
ROBOT_RELOC,,4,4,11,,3.233620121223512,,,
ROBOT_RELOC,,4,5,0,,4.471997569272677,,,
ROBOT_RELOC,,4,5,1,,4.760137617607195,,,
ROBOT_RELOC,,4,5,2,,4.8273014447877935,,,
ROBOT_RELOC,,4,5,3,,1.2539651423353295,,,
ROBOT_RELOC,,4,5,4,,2.433745178428747,,,
ROBOT_RELOC,,4,5,5,,0.0,,,
ROBOT_RELOC,,4,5,6,,4.326447976303382,,,
ROBOT_RELOC,,4,5,7,,5.624471554075486,,,
ROBOT_RELOC,,4,5,8,,5.971666683685449,,,
ROBOT_RELOC,,4,5,9,,3.965279144837959,,,
ROBOT_RELOC,,4,5,10,,3.579017805145234,,,
ROBOT_RELOC,,4,5,11,,7.050698037741725,,,
ROBOT_RELOC,,4,6,0,,4.617503153045394,,,
ROBOT_RELOC,,4,6,1,,4.903825499591519,,,
ROBOT_RELOC,,4,6,2,,3.715938273855657,,,
ROBOT_RELOC,,4,6,3,,3.2554817329277226,,,
ROBOT_RELOC,,4,6,4,,7.087577509571728,,,
ROBOT_RELOC,,4,6,5,,7.4604544169623805,,,
ROBOT_RELOC,,4,6,6,,0.0,,,
ROBOT_RELOC,,4,6,7,,2.5436162575220473,,,
ROBOT_RELOC,,4,6,8,,5.650229007886655,,,
ROBOT_RELOC,,4,6,9,,5.843408112473133,,,
ROBOT_RELOC,,4,6,10,,7.584240923528346,,,
ROBOT_RELOC,,4,6,11,,7.378281435300351,,,
ROBOT_RELOC,,4,7,0,,7.967097273757221,,,
ROBOT_RELOC,,4,7,1,,4.008872610385258,,,
ROBOT_RELOC,,4,7,2,,3.74020402490014,,,
ROBOT_RELOC,,4,7,3,,6.806379196087159,,,
ROBOT_RELOC,,4,7,4,,7.184649220389645,,,
ROBOT_RELOC,,4,7,5,,3.3365296110547664,,,
ROBOT_RELOC,,4,7,6,,2.1867914049913812,,,
ROBOT_RELOC,,4,7,7,,0.0,,,
ROBOT_RELOC,,4,7,8,,7.513827269760697,,,
ROBOT_RELOC,,4,7,9,,3.253673712834386,,,
ROBOT_RELOC,,4,7,10,,7.837492279498464,,,
ROBOT_RELOC,,4,7,11,,4.563657837260903,,,
ROBOT_RELOC,,4,8,0,,7.268033186750165,,,
ROBOT_RELOC,,4,8,1,,4.322739704969556,,,
ROBOT_RELOC,,4,8,2,,6.6481934490785255,,,
ROBOT_RELOC,,4,8,3,,6.8605190951738075,,,
ROBOT_RELOC,,4,8,4,,3.0113177252144854,,,
ROBOT_RELOC,,4,8,5,,7.730858831712864,,,
ROBOT_RELOC,,4,8,6,,7.7710583961036015,,,
ROBOT_RELOC,,4,8,7,,7.865971673820217,,,
ROBOT_RELOC,,4,8,8,,0.0,,,
ROBOT_RELOC,,4,8,9,,5.1694533818663935,,,
ROBOT_RELOC,,4,8,10,,4.960579191756482,,,
ROBOT_RELOC,,4,8,11,,5.9088420015473755,,,
ROBOT_RELOC,,4,9,0,,7.568526588702715,,,
ROBOT_RELOC,,4,9,1,,5.935529621583883,,,
ROBOT_RELOC,,4,9,2,,5.491202642160038,,,
ROBOT_RELOC,,4,9,3,,4.890836644946745,,,
ROBOT_RELOC,,4,9,4,,5.982544629765004,,,
ROBOT_RELOC,,4,9,5,,6.760993281222508,,,
ROBOT_RELOC,,4,9,6,,7.290070421430406,,,
ROBOT_RELOC,,4,9,7,,3.6138833869086713,,,
ROBOT_RELOC,,4,9,8,,7.800132769399029,,,
ROBOT_RELOC,,4,9,9,,0.0,,,
ROBOT_RELOC,,4,9,10,,2.406781143786234,,,
ROBOT_RELOC,,4,9,11,,1.9250914651660371,,,
ROBOT_RELOC,,4,10,0,,6.025704272411151,,,
ROBOT_RELOC,,4,10,1,,5.9166224723016185,,,
ROBOT_RELOC,,4,10,2,,4.1628031594173,,,
ROBOT_RELOC,,4,10,3,,7.416852479306217,,,
ROBOT_RELOC,,4,10,4,,3.814079123262651,,,
ROBOT_RELOC,,4,10,5,,7.646541605473745,,,
ROBOT_RELOC,,4,10,6,,3.2323315868501448,,,
ROBOT_RELOC,,4,10,7,,4.668652247162748,,,
ROBOT_RELOC,,4,10,8,,7.471011437495605,,,
ROBOT_RELOC,,4,10,9,,1.9391323831179959,,,
ROBOT_RELOC,,4,10,10,,0.0,,,
ROBOT_RELOC,,4,10,11,,2.532932705882211,,,
ROBOT_RELOC,,4,11,0,,5.9271948350961186,,,
ROBOT_RELOC,,4,11,1,,4.4797927685533185,,,
ROBOT_RELOC,,4,11,2,,4.10318601228103,,,
ROBOT_RELOC,,4,11,3,,5.698503208998407,,,
ROBOT_RELOC,,4,11,4,,5.977346389248457,,,
ROBOT_RELOC,,4,11,5,,3.629479910686181,,,
ROBOT_RELOC,,4,11,6,,5.7251624627573,,,
ROBOT_RELOC,,4,11,7,,7.608381592035011,,,
ROBOT_RELOC,,4,11,8,,7.8556076430023785,,,
ROBOT_RELOC,,4,11,9,,1.1872524700978653,,,
ROBOT_RELOC,,4,11,10,,2.2065978608445542,,,
ROBOT_RELOC,,4,11,11,,0.0,,,
ROBOT_RELOC,,5,0,0,,0.0,,,
ROBOT_RELOC,,5,0,1,,6.4041721806777465,,,
ROBOT_RELOC,,5,0,2,,6.285024608211575,,,
ROBOT_RELOC,,5,0,3,,5.449548443039287,,,
ROBOT_RELOC,,5,0,4,,4.694810750167801,,,
ROBOT_RELOC,,5,0,5,,7.828320056139127,,,
ROBOT_RELOC,,5,0,6,,6.137977432902115,,,
ROBOT_RELOC,,5,0,7,,4.873559060664547,,,
ROBOT_RELOC,,5,0,8,,3.121248907298524,,,
ROBOT_RELOC,,5,0,9,,4.77004574414317,,,
ROBOT_RELOC,,5,0,10,,7.098028848792293,,,
ROBOT_RELOC,,5,0,11,,3.7519471608919313,,,
ROBOT_RELOC,,5,1,0,,4.919881578784381,,,
ROBOT_RELOC,,5,1,1,,0.0,,,
ROBOT_RELOC,,5,1,2,,1.877928511378501,,,
ROBOT_RELOC,,5,1,3,,5.4841882555745105,,,
ROBOT_RELOC,,5,1,4,,3.2235907136862947,,,
ROBOT_RELOC,,5,1,5,,4.517114878485765,,,
ROBOT_RELOC,,5,1,6,,5.195612879152794,,,
ROBOT_RELOC,,5,1,7,,4.379362627494194,,,
ROBOT_RELOC,,5,1,8,,4.498876319460159,,,
ROBOT_RELOC,,5,1,9,,7.907018409620471,,,
ROBOT_RELOC,,5,1,10,,6.924728322787932,,,
ROBOT_RELOC,,5,1,11,,6.501384849603915,,,
ROBOT_RELOC,,5,2,0,,6.7512039988607,,,
ROBOT_RELOC,,5,2,1,,1.6170611470751242,,,
ROBOT_RELOC,,5,2,2,,0.0,,,
ROBOT_RELOC,,5,2,3,,7.214167580547489,,,
ROBOT_RELOC,,5,2,4,,7.896079528660983,,,
ROBOT_RELOC,,5,2,5,,5.728352596298519,,,
ROBOT_RELOC,,5,2,6,,4.251388318714284,,,
ROBOT_RELOC,,5,2,7,,6.509208409250258,,,
ROBOT_RELOC,,5,2,8,,7.300943341845938,,,
ROBOT_RELOC,,5,2,9,,6.780358676362872,,,
ROBOT_RELOC,,5,2,10,,4.623138019579033,,,
ROBOT_RELOC,,5,2,11,,3.5857040562089972,,,
ROBOT_RELOC,,5,3,0,,7.657342273423363,,,
ROBOT_RELOC,,5,3,1,,7.322059934284196,,,
ROBOT_RELOC,,5,3,2,,3.2619997101464104,,,
ROBOT_RELOC,,5,3,3,,0.0,,,
ROBOT_RELOC,,5,3,4,,2.654548107498705,,,
ROBOT_RELOC,,5,3,5,,2.638467712506019,,,
ROBOT_RELOC,,5,3,6,,4.818955116738472,,,
ROBOT_RELOC,,5,3,7,,7.25018055363629,,,
ROBOT_RELOC,,5,3,8,,6.69041850615106,,,
ROBOT_RELOC,,5,3,9,,4.738578189313301,,,
ROBOT_RELOC,,5,3,10,,5.425840551181845,,,
ROBOT_RELOC,,5,3,11,,3.540770173236236,,,
ROBOT_RELOC,,5,4,0,,5.8167340854852885,,,
ROBOT_RELOC,,5,4,1,,6.477349068024971,,,
ROBOT_RELOC,,5,4,2,,7.81868870952776,,,
ROBOT_RELOC,,5,4,3,,2.491058308710224,,,
ROBOT_RELOC,,5,4,4,,0.0,,,
ROBOT_RELOC,,5,4,5,,2.8786417165608125,,,
ROBOT_RELOC,,5,4,6,,4.331201438382694,,,
ROBOT_RELOC,,5,4,7,,4.49835058727108,,,
ROBOT_RELOC,,5,4,8,,6.164292111451589,,,
ROBOT_RELOC,,5,4,9,,6.648693948207058,,,
ROBOT_RELOC,,5,4,10,,3.896318217518725,,,
ROBOT_RELOC,,5,4,11,,5.876684994539669,,,
ROBOT_RELOC,,5,5,0,,3.455340081963344,,,
ROBOT_RELOC,,5,5,1,,5.849733614247192,,,
ROBOT_RELOC,,5,5,2,,6.638318948983703,,,
ROBOT_RELOC,,5,5,3,,1.7146616753071928,,,
ROBOT_RELOC,,5,5,4,,1.8672319232674979,,,
ROBOT_RELOC,,5,5,5,,0.0,,,
ROBOT_RELOC,,5,5,6,,4.188820444463495,,,
ROBOT_RELOC,,5,5,7,,7.165582222956045,,,
ROBOT_RELOC,,5,5,8,,6.356134088931935,,,
ROBOT_RELOC,,5,5,9,,5.741882094483668,,,
ROBOT_RELOC,,5,5,10,,6.85173196489453,,,
ROBOT_RELOC,,5,5,11,,7.033736276807654,,,
ROBOT_RELOC,,5,6,0,,6.971648852136342,,,
ROBOT_RELOC,,5,6,1,,5.438563611678898,,,
ROBOT_RELOC,,5,6,2,,7.257698824315936,,,
ROBOT_RELOC,,5,6,3,,3.308554816421433,,,
ROBOT_RELOC,,5,6,4,,3.4402058626117396,,,
ROBOT_RELOC,,5,6,5,,3.6382033987804276,,,
ROBOT_RELOC,,5,6,6,,0.0,,,
ROBOT_RELOC,,5,6,7,,1.642421033875444,,,
ROBOT_RELOC,,5,6,8,,3.2967219223710575,,,
ROBOT_RELOC,,5,6,9,,3.423639312144206,,,
ROBOT_RELOC,,5,6,10,,7.03268923362462,,,
ROBOT_RELOC,,5,6,11,,3.2506902367153026,,,
ROBOT_RELOC,,5,7,0,,4.412304173986792,,,
ROBOT_RELOC,,5,7,1,,5.017682633935512,,,
ROBOT_RELOC,,5,7,2,,4.597212825084062,,,
ROBOT_RELOC,,5,7,3,,7.858055237051863,,,
ROBOT_RELOC,,5,7,4,,6.774754778702774,,,
ROBOT_RELOC,,5,7,5,,4.939956911244266,,,
ROBOT_RELOC,,5,7,6,,2.3211778021643648,,,
ROBOT_RELOC,,5,7,7,,0.0,,,
ROBOT_RELOC,,5,7,8,,6.44281905344566,,,
ROBOT_RELOC,,5,7,9,,3.5957563798113936,,,
ROBOT_RELOC,,5,7,10,,4.283964681393469,,,
ROBOT_RELOC,,5,7,11,,3.9528601243013712,,,
ROBOT_RELOC,,5,8,0,,7.397198837258182,,,
ROBOT_RELOC,,5,8,1,,4.586160432426885,,,
ROBOT_RELOC,,5,8,2,,7.947479914341067,,,
ROBOT_RELOC,,5,8,3,,5.453021116176897,,,
ROBOT_RELOC,,5,8,4,,4.113543954348019,,,
ROBOT_RELOC,,5,8,5,,5.437172656615077,,,
ROBOT_RELOC,,5,8,6,,7.549994547564357,,,
ROBOT_RELOC,,5,8,7,,6.723155024760683,,,
ROBOT_RELOC,,5,8,8,,0.0,,,
ROBOT_RELOC,,5,8,9,,4.002345183348845,,,
ROBOT_RELOC,,5,8,10,,5.222967609312121,,,
ROBOT_RELOC,,5,8,11,,3.5616635189498353,,,
ROBOT_RELOC,,5,9,0,,4.850689579388582,,,
ROBOT_RELOC,,5,9,1,,5.721815042155852,,,
ROBOT_RELOC,,5,9,2,,4.16684824427772,,,
ROBOT_RELOC,,5,9,3,,3.233334402515977,,,
ROBOT_RELOC,,5,9,4,,4.517844157331048,,,
ROBOT_RELOC,,5,9,5,,5.478644799726698,,,
ROBOT_RELOC,,5,9,6,,6.810221884441951,,,
ROBOT_RELOC,,5,9,7,,6.955252465142386,,,
ROBOT_RELOC,,5,9,8,,5.934606059291193,,,
ROBOT_RELOC,,5,9,9,,0.0,,,
ROBOT_RELOC,,5,9,10,,1.2613805363150237,,,
ROBOT_RELOC,,5,9,11,,1.844481591514689,,,
ROBOT_RELOC,,5,10,0,,7.404775373223838,,,
ROBOT_RELOC,,5,10,1,,3.3555147518994746,,,
ROBOT_RELOC,,5,10,2,,3.2863332967557977,,,
ROBOT_RELOC,,5,10,3,,5.310926345473627,,,
ROBOT_RELOC,,5,10,4,,6.985228451940403,,,
ROBOT_RELOC,,5,10,5,,7.577361061208504,,,
ROBOT_RELOC,,5,10,6,,3.8437397420789186,,,
ROBOT_RELOC,,5,10,7,,5.58233849132456,,,
ROBOT_RELOC,,5,10,8,,4.5031497370738345,,,
ROBOT_RELOC,,5,10,9,,2.9023349839555745,,,
ROBOT_RELOC,,5,10,10,,0.0,,,
ROBOT_RELOC,,5,10,11,,2.8767559721058413,,,
ROBOT_RELOC,,5,11,0,,6.16288953728533,,,
ROBOT_RELOC,,5,11,1,,6.636076791554071,,,
ROBOT_RELOC,,5,11,2,,3.6352201264342403,,,
ROBOT_RELOC,,5,11,3,,7.034306159785556,,,
ROBOT_RELOC,,5,11,4,,5.785759457383108,,,
ROBOT_RELOC,,5,11,5,,5.133269218662556,,,
ROBOT_RELOC,,5,11,6,,6.798308719557343,,,
ROBOT_RELOC,,5,11,7,,5.203244715532222,,,
ROBOT_RELOC,,5,11,8,,6.1056811717071575,,,
ROBOT_RELOC,,5,11,9,,2.9236336567988177,,,
ROBOT_RELOC,,5,11,10,,2.9960759388704026,,,
ROBOT_RELOC,,5,11,11,,0.0,,,
ROBOT_RELOC,,6,0,0,,0.0,,,
ROBOT_RELOC,,6,0,1,,6.813364368682297,,,
ROBOT_RELOC,,6,0,2,,5.145967254034064,,,
ROBOT_RELOC,,6,0,3,,6.97614583882807,,,
ROBOT_RELOC,,6,0,4,,4.5033962278367925,,,
ROBOT_RELOC,,6,0,5,,6.0524393591817915,,,
ROBOT_RELOC,,6,0,6,,6.278488193052075,,,
ROBOT_RELOC,,6,0,7,,4.829683055210323,,,
ROBOT_RELOC,,6,0,8,,6.369566191432158,,,
ROBOT_RELOC,,6,0,9,,7.574859068811911,,,
ROBOT_RELOC,,6,0,10,,5.467817051919755,,,
ROBOT_RELOC,,6,0,11,,3.934265323798698,,,
ROBOT_RELOC,,6,1,0,,3.7502689671062552,,,
ROBOT_RELOC,,6,1,1,,0.0,,,
ROBOT_RELOC,,6,1,2,,1.3863868187059598,,,
ROBOT_RELOC,,6,1,3,,5.053521762327103,,,
ROBOT_RELOC,,6,1,4,,6.739148712735574,,,
ROBOT_RELOC,,6,1,5,,7.73333509241522,,,
ROBOT_RELOC,,6,1,6,,5.7185152594559145,,,
ROBOT_RELOC,,6,1,7,,6.376061738499578,,,
ROBOT_RELOC,,6,1,8,,6.20783770485974,,,
ROBOT_RELOC,,6,1,9,,6.351127945028976,,,
ROBOT_RELOC,,6,1,10,,7.784833417279149,,,
ROBOT_RELOC,,6,1,11,,6.828072989433462,,,
ROBOT_RELOC,,6,2,0,,6.951718234410748,,,
ROBOT_RELOC,,6,2,1,,2.9483231919774395,,,
ROBOT_RELOC,,6,2,2,,0.0,,,
ROBOT_RELOC,,6,2,3,,6.163116272069879,,,
ROBOT_RELOC,,6,2,4,,4.015533446162096,,,
ROBOT_RELOC,,6,2,5,,3.9788183388395364,,,
ROBOT_RELOC,,6,2,6,,3.373792130798539,,,
ROBOT_RELOC,,6,2,7,,7.661498929483236,,,
ROBOT_RELOC,,6,2,8,,6.495191114163536,,,
ROBOT_RELOC,,6,2,9,,6.670487188346306,,,
ROBOT_RELOC,,6,2,10,,6.945859447522501,,,
ROBOT_RELOC,,6,2,11,,7.340896150740345,,,
ROBOT_RELOC,,6,3,0,,5.175156244919871,,,
ROBOT_RELOC,,6,3,1,,7.308438481806252,,,
ROBOT_RELOC,,6,3,2,,3.3719353556979774,,,
ROBOT_RELOC,,6,3,3,,0.0,,,
ROBOT_RELOC,,6,3,4,,1.8651640488591221,,,
ROBOT_RELOC,,6,3,5,,2.045573916487264,,,
ROBOT_RELOC,,6,3,6,,3.23212733442132,,,
ROBOT_RELOC,,6,3,7,,7.981728577567716,,,
ROBOT_RELOC,,6,3,8,,4.540517545393641,,,
ROBOT_RELOC,,6,3,9,,5.914232184936091,,,
ROBOT_RELOC,,6,3,10,,4.195453148207359,,,
ROBOT_RELOC,,6,3,11,,5.450086959034772,,,
ROBOT_RELOC,,6,4,0,,4.670629507338486,,,
ROBOT_RELOC,,6,4,1,,3.021475990639081,,,
ROBOT_RELOC,,6,4,2,,6.32700000484956,,,
ROBOT_RELOC,,6,4,3,,1.045184275508003,,,
ROBOT_RELOC,,6,4,4,,0.0,,,
ROBOT_RELOC,,6,4,5,,2.399122026736823,,,
ROBOT_RELOC,,6,4,6,,7.080332886613771,,,
ROBOT_RELOC,,6,4,7,,7.337451672609879,,,
ROBOT_RELOC,,6,4,8,,4.82033116412196,,,
ROBOT_RELOC,,6,4,9,,3.763764547242325,,,
ROBOT_RELOC,,6,4,10,,4.739550066946385,,,
ROBOT_RELOC,,6,4,11,,4.993205177731902,,,
ROBOT_RELOC,,6,5,0,,7.204859640829764,,,
ROBOT_RELOC,,6,5,1,,4.298624238656641,,,
ROBOT_RELOC,,6,5,2,,6.341506346719099,,,
ROBOT_RELOC,,6,5,3,,1.3796076920117804,,,
ROBOT_RELOC,,6,5,4,,2.638938570858203,,,
ROBOT_RELOC,,6,5,5,,0.0,,,
ROBOT_RELOC,,6,5,6,,7.065570145935144,,,
ROBOT_RELOC,,6,5,7,,4.005768081698076,,,
ROBOT_RELOC,,6,5,8,,7.209857503949006,,,
ROBOT_RELOC,,6,5,9,,4.231265131462612,,,
ROBOT_RELOC,,6,5,10,,7.41560492176534,,,
ROBOT_RELOC,,6,5,11,,4.9387237991431325,,,
ROBOT_RELOC,,6,6,0,,6.481719239912907,,,
ROBOT_RELOC,,6,6,1,,5.219214164628365,,,
ROBOT_RELOC,,6,6,2,,4.073217183444029,,,
ROBOT_RELOC,,6,6,3,,5.232176334926049,,,
ROBOT_RELOC,,6,6,4,,6.182822016541719,,,
ROBOT_RELOC,,6,6,5,,4.859541818953936,,,
ROBOT_RELOC,,6,6,6,,0.0,,,
ROBOT_RELOC,,6,6,7,,2.432172425317635,,,
ROBOT_RELOC,,6,6,8,,6.029891583167896,,,
ROBOT_RELOC,,6,6,9,,4.165005912372028,,,
ROBOT_RELOC,,6,6,10,,6.472215008449025,,,
ROBOT_RELOC,,6,6,11,,3.216645332026031,,,
ROBOT_RELOC,,6,7,0,,4.903292351915972,,,
ROBOT_RELOC,,6,7,1,,3.120519942895048,,,
ROBOT_RELOC,,6,7,2,,7.235822501862905,,,
ROBOT_RELOC,,6,7,3,,4.20417844139503,,,
ROBOT_RELOC,,6,7,4,,4.445623496193998,,,
ROBOT_RELOC,,6,7,5,,7.0344527033872915,,,
ROBOT_RELOC,,6,7,6,,1.7779575172355124,,,
ROBOT_RELOC,,6,7,7,,0.0,,,
ROBOT_RELOC,,6,7,8,,4.993133873564357,,,
ROBOT_RELOC,,6,7,9,,4.519079358692471,,,
ROBOT_RELOC,,6,7,10,,4.115788861162752,,,
ROBOT_RELOC,,6,7,11,,4.952646398208019,,,
ROBOT_RELOC,,6,8,0,,5.066421965450925,,,
ROBOT_RELOC,,6,8,1,,7.845380416648054,,,
ROBOT_RELOC,,6,8,2,,3.0147283342304885,,,
ROBOT_RELOC,,6,8,3,,5.092490580327689,,,
ROBOT_RELOC,,6,8,4,,4.453521137056439,,,
ROBOT_RELOC,,6,8,5,,4.952802637592434,,,
ROBOT_RELOC,,6,8,6,,7.054465221138258,,,
ROBOT_RELOC,,6,8,7,,3.9862719355842424,,,
ROBOT_RELOC,,6,8,8,,0.0,,,
ROBOT_RELOC,,6,8,9,,6.138592061512153,,,
ROBOT_RELOC,,6,8,10,,4.040489194549165,,,
ROBOT_RELOC,,6,8,11,,6.985142172114127,,,
ROBOT_RELOC,,6,9,0,,4.031690195054871,,,
ROBOT_RELOC,,6,9,1,,3.6514120150478204,,,
ROBOT_RELOC,,6,9,2,,3.934289249320024,,,
ROBOT_RELOC,,6,9,3,,3.0041773026271597,,,
ROBOT_RELOC,,6,9,4,,7.646275331523147,,,
ROBOT_RELOC,,6,9,5,,3.917844167627624,,,
ROBOT_RELOC,,6,9,6,,6.358673935133187,,,
ROBOT_RELOC,,6,9,7,,6.405259196197511,,,
ROBOT_RELOC,,6,9,8,,7.675510572528,,,
ROBOT_RELOC,,6,9,9,,0.0,,,
ROBOT_RELOC,,6,9,10,,2.5205712587644147,,,
ROBOT_RELOC,,6,9,11,,2.992286229834891,,,
ROBOT_RELOC,,6,10,0,,6.361538899569052,,,
ROBOT_RELOC,,6,10,1,,7.640491492275291,,,
ROBOT_RELOC,,6,10,2,,3.775473597746579,,,
ROBOT_RELOC,,6,10,3,,7.898335986126162,,,
ROBOT_RELOC,,6,10,4,,4.265894105405084,,,
ROBOT_RELOC,,6,10,5,,7.556760669129483,,,
ROBOT_RELOC,,6,10,6,,3.096494650484598,,,
ROBOT_RELOC,,6,10,7,,5.851714676341674,,,
ROBOT_RELOC,,6,10,8,,7.816325482619883,,,
ROBOT_RELOC,,6,10,9,,2.2847416141872117,,,
ROBOT_RELOC,,6,10,10,,0.0,,,
ROBOT_RELOC,,6,10,11,,1.9772372714181077,,,
ROBOT_RELOC,,6,11,0,,6.530545736687335,,,
ROBOT_RELOC,,6,11,1,,5.328443214784931,,,
ROBOT_RELOC,,6,11,2,,4.249763900086927,,,
ROBOT_RELOC,,6,11,3,,3.617365199012408,,,
ROBOT_RELOC,,6,11,4,,3.6862525153062866,,,
ROBOT_RELOC,,6,11,5,,4.122059967368836,,,
ROBOT_RELOC,,6,11,6,,7.505897559629999,,,
ROBOT_RELOC,,6,11,7,,5.9726179623234525,,,
ROBOT_RELOC,,6,11,8,,5.293233656697962,,,
ROBOT_RELOC,,6,11,9,,2.120454422918874,,,
ROBOT_RELOC,,6,11,10,,1.6762652380127085,,,
ROBOT_RELOC,,6,11,11,,0.0,,,
INITIAL_WORKER,,0,0,,,,,,
INITIAL_WORKER,,1,11,,,,,,
INITIAL_WORKER,,2,9,,,,,,
INITIAL_WORKER,,3,10,,,,,,
INITIAL_WORKER,,4,4,,,,,,
INITIAL_WORKER,,5,3,,,,,,
INITIAL_WORKER,,6,1,,,,,,
INITIAL_WORKER,,7,6,,,,,,
INITIAL_ROBOT,,0,2,,,,,,
INITIAL_ROBOT,,1,10,,,,,,
INITIAL_ROBOT,,2,7,,,,,,
INITIAL_ROBOT,,3,11,,,,,,
INITIAL_ROBOT,,4,1,,,,,,
INITIAL_ROBOT,,5,8,,,,,,
INITIAL_ROBOT,,6,0,,,,,,
ORDER,,0,0,2,,0.0,53.23102029995553,,
ORDER,,1,0,1,,1.4584314816797916,53.54210083097214,,
ORDER,,2,0,2,,1.6089284753172324,50.56078416277874,,
ORDER,,3,0,1,,2.4499306752638326,56.292385244087384,,
ORDER,,4,0,1,,17.27079536110495,63.303806132489626,,
ORDER,,5,4,1,,20.90256795371139,85.15629557324522,,
ORDER,,6,0,1,,24.78977045112063,81.05076590486323,,
ORDER,,7,0,1,,31.60751652975868,90.45312359328065,,
ORDER,,8,0,1,,37.3566768332275,85.47004822247715,,
ORDER,,9,4,1,,39.32821845401078,92.00567472990885,,
ORDER,,10,1,1,,58.376905987461704,136.35430398158056,,
ORDER,,11,0,1,,60.86961376949666,118.24858730211517,,
ORDER,,12,0,4,,61.151540096584526,119.96019034977259,,
ORDER,,13,0,2,,62.09447742104038,116.1256622142289,,
ORDER,,14,0,1,,69.32391621496382,119.32626065873609,,
ORDER,,15,0,4,,102.89290827544903,158.20645243092193,,
ORDER,,16,0,1,,125.66107751705002,175.29874938748944,,
ORDER,,17,0,2,,127.57574173985441,177.19648528384582,,
ORDER,,18,0,2,,131.73926939414235,181.62135524833775,,
ORDER,,19,1,1,,132.49969173914943,202.7734377100171,,
ORDER,,20,0,2,,133.7739725598691,187.45933263814655,,
ORDER,,21,0,4,,134.63296074162275,183.62584160896762,,
ORDER,,22,0,4,,135.45866699449766,186.42482592560282,,
ORDER,,23,0,1,,142.03605434969757,198.815714240309,,
ORDER,,24,0,1,,144.76516328604868,201.70613214706873,,
ORDER,,25,4,1,,147.07602648034822,202.02072919312826,,
ORDER,,26,2,1,,160.33158672032883,214.0088052163612,,
ORDER,,27,1,1,,161.69054746939045,240.94789795385748,,
ORDER,,28,1,2,,162.08084890914174,224.75563054720692,,
ORDER,,29,1,1,,162.8450431318238,234.8775498095378,,
ORDER,,30,1,2,,168.89880496983042,236.93168816948895,,
ORDER,,31,1,4,,176.19435777070822,249.28615174568284,,
ORDER,,32,1,1,,180.72694826207717,247.87836540301697,,
ORDER,,33,4,1,,186.1105316355193,241.1530892124424,,
ORDER,,34,1,4,,187.26659848014393,262.0687475782666,,
ORDER,,35,1,4,,189.91945054960286,262.4167373959256,,
ORDER,,36,3,4,,194.01607656100762,268.3666413682629,,
ORDER,,37,1,1,,195.21659811575998,270.30556638916516,,
ORDER,,38,0,1,,198.66180070054332,254.4570687565461,,
ORDER,,39,4,2,,200.4500785746488,259.58939116947306,,
ORDER,,40,1,2,,202.6229752033326,268.2295920534201,,
ORDER,,41,1,1,,203.52179496486536,276.9441757568831,,
ORDER,,42,4,1,,204.01494811168388,261.5736019745246,,
ORDER,,43,3,4,,206.6492682524687,286.92797278851134,,
ORDER,,44,0,1,,207.29520807737353,255.18156525938846,,
ORDER,,45,3,2,,210.37266738561507,294.85055197663166,,
ORDER,,46,1,2,,214.7158920234476,291.5119215476641,,
ORDER,,47,2,1,,216.40427833928487,281.8593663852456,,
ORDER,,48,1,1,,221.2929435979015,291.8796154351373,,
ORDER,,49,1,4,,224.6363733879073,292.9865411032877,,
ORDER,,50,0,2,,227.8139942159961,279.86964053279564,,
ORDER,,51,2,1,,233.89512614096918,294.1390839763036,,
ORDER,,52,1,2,,235.08607266620632,310.63534583817545,,
ORDER,,53,2,1,,260.9110905452024,326.2129388122124,,
ORDER,,54,1,1,,270.64481096955336,337.74906842780894,,
ORDER,,55,2,1,,277.42638752290236,340.04996281593577,,
ORDER,,56,4,1,,283.18638007668255,336.29199935808447,,
ORDER,,57,2,1,,291.01318343492017,357.6115737576848,,
ORDER,,58,0,4,,292.2730476805422,343.74250643164976,,
ORDER,,59,2,1,,293.74427124837223,360.77342822660535,,
ORDER,,60,2,1,,297.35763907611465,363.75380796332087,,
ORDER,,61,0,2,,300.2696979889488,350.67189134669957,,
ORDER,,62,3,2,,303.8058782363032,392.7169605051669,,
ORDER,,63,2,4,,305.2126675094837,357.9042837550636,,
ORDER,,64,2,4,,305.531463077669,367.5547015647433,,
ORDER,,65,2,1,,309.84962900816544,364.5895636423485,,
ORDER,,66,2,1,,315.8632985611454,370.91786041621265,,
ORDER,,67,3,1,,318.8681865841624,401.3017217682415,,
ORDER,,68,3,2,,319.7046347295217,400.5956165804913,,
ORDER,,69,2,2,,324.15739594426805,383.4643880386577,,
ORDER,,70,0,1,,330.7691682887302,385.16594200592067,,
ORDER,,71,2,1,,333.8516783255953,392.6672647875674,,
ORDER,,72,2,1,,334.95655703529945,391.2673737900638,,
ORDER,,73,3,1,,341.1297221221557,425.27112448614156,,
ORDER,,74,0,1,,342.4098369598256,393.8838757203231,,
ORDER,,75,2,2,,347.0603703379379,403.08512941114947,,
ORDER,,76,2,4,,352.46229422868447,420.05408199564465,,
ORDER,,77,0,1,,353.27031946623686,399.1710730307924,,
ORDER,,78,2,4,,353.6307354667738,415.2579318847655,,
ORDER,,79,2,4,,359.27425610379345,424.48311375913516,,
