record_type,key,i,j,k,l,value,value2,value3,text
META,instance_id,,,,,,,,"""sensitivity_L_18_08_10_160_D1_rho095_loose_000_wsd060_rcd080"""
META,scale,,,,,,,,"""L"""
META,scenario,,,,,,,,"""D1"""
META,generation_seed,,,,,,,,3194321682
META,target_load_ratio,,,,,,,,0.95
META,due_tightness,,,,,,,,"""loose"""
META,worker_skill_density,,,,,,,,0.6
META,robot_capability_density,,,,,,,,0.8
META,relocation_multiplier,,,,,,,,1.0
META,num_stages,,,,,,,,8
META,generation_meta,,,,,,,,"{""paper_vs_implementation"":{""paper_specified"":[""scale ranges"",""70-100% route coverage"",""processing/efficiency/synergy distributions"",""skill/capability density choices"",""D1-D5 qualitative scenario definitions"",""load-ratio choices"",""weight distribution"",""due-date-factor ranges"",""relocation-time ranges"",""load-balance initial configuration with random perturbation""],""implementation_choices"":{""arrival_rate_calibration"":""work_content_over_effective_parallel_servers"",""same_stage_cells_are_adjacent"":true,""initial_configuration_perturbation_rate"":0.15,""scenario_timing_basis"":""order_index_fraction"",""base_product_mix"":""uniform""}},""base_arrival_rate_orders_per_minute"":0.28946046215112314,""effective_parallel_servers_for_load_calibration"":18,""mean_minimum_route_work_minutes"":59.07542561399053,""actual_hr_compatibility_rate_parameter"":0.8110968552785714,""actual_worker_skill_density"":0.5729166666666666,""actual_robot_capability_density"":0.8375,""instance_parameter_table"":{""scale"":""L"",""M"":18,""S"":8,""R"":10,""J"":160,""H"":12,""V"":8,""parameter_case_id"":""L_18_08_10_160""},""parameter_case_id"":""L_18_08_10_160"",""dimensions"":{""S"":8,""M"":18,""J"":160,""H"":12,""R"":10,""V"":8},""scenario_parameters"":{""timing_basis"":""order_index_fraction"",""base_product_mix"":""uniform"",""d2_sampled_burst_multiplier"":null,""d2_burst_window"":[0.4,0.7],""d3_mix_switch_ratio"":0.5,""d3_dominant_product_sequence"":[0,1],""d4_change_ratios"":[0.33,0.67],""d4_arrival_rate_multipliers"":[1.0,1.75,1.25],""d4_dominant_product_sequence"":[0,1,2],""d5_urgent_index_window"":[72,88],""d5_urgent_arrival_rate_multiplier"":3.0,""d5_urgent_dominant_product"":1,""dominant_product_share"":0.7},""route_stage_coverage"":[0.7,1.0],""min_multi_cell_stage_ratio"":0.3}"
CELL,,0,0,,,,,,
CELL,,1,0,,,,,,
CELL,,2,1,,,,,,
CELL,,3,2,,,,,,
CELL,,4,2,,,,,,
CELL,,5,2,,,,,,
CELL,,6,3,,,,,,
CELL,,7,4,,,,,,
CELL,,8,4,,,,,,
CELL,,9,4,,,,,,
CELL,,10,5,,,,,,
CELL,,11,5,,,,,,
CELL,,12,5,,,,,,
CELL,,13,6,,,,,,
CELL,,14,6,,,,,,
CELL,,15,7,,,,,,
CELL,,16,7,,,,,,
CELL,,17,7,,,,,,
ROUTE,,0,0,0,,,,,
ROUTE,,0,1,1,,,,,
ROUTE,,0,2,2,,,,,
ROUTE,,0,3,3,,,,,
ROUTE,,0,4,4,,,,,
ROUTE,,0,5,5,,,,,
ROUTE,,0,6,6,,,,,
ROUTE,,0,7,7,,,,,
ROUTE,,1,0,1,,,,,
ROUTE,,1,1,2,,,,,
ROUTE,,1,2,3,,,,,
ROUTE,,1,3,4,,,,,
ROUTE,,1,4,5,,,,,
ROUTE,,1,5,6,,,,,
ROUTE,,1,6,7,,,,,
ROUTE,,2,0,0,,,,,
ROUTE,,2,1,1,,,,,
ROUTE,,2,2,3,,,,,
ROUTE,,2,3,4,,,,,
ROUTE,,2,4,5,,,,,
ROUTE,,2,5,6,,,,,
ROUTE,,2,6,7,,,,,
ROUTE,,3,0,0,,,,,
ROUTE,,3,1,1,,,,,
ROUTE,,3,2,2,,,,,
ROUTE,,3,3,4,,,,,
ROUTE,,3,4,5,,,,,
ROUTE,,3,5,6,,,,,
ROUTE,,3,6,7,,,,,
ROUTE,,4,0,0,,,,,
ROUTE,,4,1,1,,,,,
ROUTE,,4,2,2,,,,,
ROUTE,,4,3,3,,,,,
ROUTE,,4,4,4,,,,,
ROUTE,,4,5,5,,,,,
ROUTE,,4,6,6,,,,,
ROUTE,,4,7,7,,,,,
ROUTE,,5,0,0,,,,,
ROUTE,,5,1,1,,,,,
ROUTE,,5,2,3,,,,,
ROUTE,,5,3,5,,,,,
ROUTE,,5,4,6,,,,,
ROUTE,,5,5,7,,,,,
ROUTE,,6,0,0,,,,,
ROUTE,,6,1,1,,,,,
ROUTE,,6,2,2,,,,,
ROUTE,,6,3,5,,,,,
ROUTE,,6,4,6,,,,,
ROUTE,,6,5,7,,,,,
ROUTE,,7,0,0,,,,,
ROUTE,,7,1,1,,,,,
ROUTE,,7,2,2,,,,,
ROUTE,,7,3,3,,,,,
ROUTE,,7,4,4,,,,,
ROUTE,,7,5,7,,,,,
BASE_PROCESS,,0,0,,,18.555148888957426,,,
BASE_PROCESS,,0,1,,,12.273946189434112,,,
BASE_PROCESS,,0,2,,,10.656612865065805,,,
BASE_PROCESS,,0,3,,,20.03391373473407,,,
BASE_PROCESS,,0,4,,,22.76434918758087,,,
BASE_PROCESS,,0,5,,,12.127298005115186,,,
BASE_PROCESS,,0,6,,,24.712294460779027,,,
BASE_PROCESS,,0,7,,,15.767106541872023,,,
BASE_PROCESS,,1,0,,,13.654921058179202,,,
BASE_PROCESS,,1,1,,,14.118800316828839,,,
BASE_PROCESS,,1,2,,,10.685987641970492,,,
BASE_PROCESS,,1,3,,,11.38257639543816,,,
BASE_PROCESS,,1,4,,,9.377863606346976,,,
BASE_PROCESS,,1,5,,,17.263044469602598,,,
BASE_PROCESS,,1,6,,,24.33490904833642,,,
BASE_PROCESS,,1,7,,,20.30417396517076,,,
BASE_PROCESS,,2,0,,,20.862597082673854,,,
BASE_PROCESS,,2,1,,,15.411523407217459,,,
BASE_PROCESS,,2,2,,,20.53607408536083,,,
BASE_PROCESS,,2,3,,,15.219595008993267,,,
BASE_PROCESS,,2,4,,,9.99569548606161,,,
BASE_PROCESS,,2,5,,,9.5854901853079,,,
BASE_PROCESS,,2,6,,,12.453296209185265,,,
BASE_PROCESS,,2,7,,,21.77795425658702,,,
BASE_PROCESS,,3,0,,,16.17124401417577,,,
BASE_PROCESS,,3,1,,,16.130954526770807,,,
BASE_PROCESS,,3,2,,,10.247746797261538,,,
BASE_PROCESS,,3,3,,,17.43436233778848,,,
BASE_PROCESS,,3,4,,,9.21592315378983,,,
BASE_PROCESS,,3,5,,,22.613464914797042,,,
BASE_PROCESS,,3,6,,,8.98772586446003,,,
BASE_PROCESS,,3,7,,,14.670814206950276,,,
BASE_PROCESS,,4,0,,,12.871794392242233,,,
BASE_PROCESS,,4,1,,,9.02421572738942,,,
BASE_PROCESS,,4,2,,,9.603594674606205,,,
BASE_PROCESS,,4,3,,,20.530227937174494,,,
BASE_PROCESS,,4,4,,,24.90384227835764,,,
BASE_PROCESS,,4,5,,,21.196570638816052,,,
BASE_PROCESS,,4,6,,,9.673964183639296,,,
BASE_PROCESS,,4,7,,,11.243564663656764,,,
BASE_PROCESS,,5,0,,,13.702966452736472,,,
BASE_PROCESS,,5,1,,,10.85741008016318,,,
BASE_PROCESS,,5,2,,,23.015458146767237,,,
BASE_PROCESS,,5,3,,,19.500324984493,,,
BASE_PROCESS,,5,4,,,18.429385139334382,,,
BASE_PROCESS,,5,5,,,15.818115544372906,,,
BASE_PROCESS,,5,6,,,15.341416931920346,,,
BASE_PROCESS,,5,7,,,20.41732580898741,,,
BASE_PROCESS,,6,0,,,21.456157874560624,,,
BASE_PROCESS,,6,1,,,14.705873265169965,,,
BASE_PROCESS,,6,2,,,16.516536131123534,,,
BASE_PROCESS,,6,3,,,18.371186848843735,,,
BASE_PROCESS,,6,4,,,17.256280671252433,,,
BASE_PROCESS,,6,5,,,21.451983745224716,,,
BASE_PROCESS,,6,6,,,11.316140867032935,,,
BASE_PROCESS,,6,7,,,19.051537407985915,,,
BASE_PROCESS,,7,0,,,20.45934042855629,,,
BASE_PROCESS,,7,1,,,15.918320155985212,,,
BASE_PROCESS,,7,2,,,17.62997842679145,,,
BASE_PROCESS,,7,3,,,9.211331693040345,,,
BASE_PROCESS,,7,4,,,19.699355762262655,,,
BASE_PROCESS,,7,5,,,23.55781374885641,,,
BASE_PROCESS,,7,6,,,8.822525899768454,,,
BASE_PROCESS,,7,7,,,8.507362981854282,,,
WORKER_SKILL,,0,0,,,0,,,
WORKER_SKILL,,0,1,,,1,,,
WORKER_SKILL,,0,2,,,0,,,
WORKER_SKILL,,0,3,,,1,,,
WORKER_SKILL,,0,4,,,0,,,
WORKER_SKILL,,0,5,,,1,,,
WORKER_SKILL,,0,6,,,0,,,
WORKER_SKILL,,0,7,,,0,,,
WORKER_SKILL,,1,0,,,1,,,
WORKER_SKILL,,1,1,,,1,,,
WORKER_SKILL,,1,2,,,1,,,
WORKER_SKILL,,1,3,,,0,,,
WORKER_SKILL,,1,4,,,1,,,
WORKER_SKILL,,1,5,,,0,,,
WORKER_SKILL,,1,6,,,0,,,
WORKER_SKILL,,1,7,,,1,,,
WORKER_SKILL,,2,0,,,1,,,
WORKER_SKILL,,2,1,,,0,,,
WORKER_SKILL,,2,2,,,0,,,
WORKER_SKILL,,2,3,,,1,,,
WORKER_SKILL,,2,4,,,1,,,
WORKER_SKILL,,2,5,,,1,,,
WORKER_SKILL,,2,6,,,1,,,
WORKER_SKILL,,2,7,,,0,,,
WORKER_SKILL,,3,0,,,1,,,
WORKER_SKILL,,3,1,,,0,,,
WORKER_SKILL,,3,2,,,1,,,
WORKER_SKILL,,3,3,,,1,,,
WORKER_SKILL,,3,4,,,0,,,
WORKER_SKILL,,3,5,,,1,,,
WORKER_SKILL,,3,6,,,0,,,
WORKER_SKILL,,3,7,,,1,,,
WORKER_SKILL,,4,0,,,1,,,
WORKER_SKILL,,4,1,,,1,,,
WORKER_SKILL,,4,2,,,1,,,
WORKER_SKILL,,4,3,,,1,,,
WORKER_SKILL,,4,4,,,1,,,
WORKER_SKILL,,4,5,,,1,,,
WORKER_SKILL,,4,6,,,0,,,
WORKER_SKILL,,4,7,,,1,,,
WORKER_SKILL,,5,0,,,1,,,
WORKER_SKILL,,5,1,,,0,,,
WORKER_SKILL,,5,2,,,0,,,
WORKER_SKILL,,5,3,,,0,,,
WORKER_SKILL,,5,4,,,1,,,
WORKER_SKILL,,5,5,,,1,,,
WORKER_SKILL,,5,6,,,1,,,
WORKER_SKILL,,5,7,,,0,,,
WORKER_SKILL,,6,0,,,1,,,
WORKER_SKILL,,6,1,,,0,,,
WORKER_SKILL,,6,2,,,1,,,
WORKER_SKILL,,6,3,,,1,,,
WORKER_SKILL,,6,4,,,0,,,
WORKER_SKILL,,6,5,,,0,,,
WORKER_SKILL,,6,6,,,0,,,
WORKER_SKILL,,6,7,,,1,,,
WORKER_SKILL,,7,0,,,0,,,
WORKER_SKILL,,7,1,,,0,,,
WORKER_SKILL,,7,2,,,0,,,
WORKER_SKILL,,7,3,,,1,,,
WORKER_SKILL,,7,4,,,1,,,
WORKER_SKILL,,7,5,,,0,,,
WORKER_SKILL,,7,6,,,0,,,
WORKER_SKILL,,7,7,,,1,,,
WORKER_SKILL,,8,0,,,0,,,
WORKER_SKILL,,8,1,,,1,,,
WORKER_SKILL,,8,2,,,0,,,
WORKER_SKILL,,8,3,,,0,,,
WORKER_SKILL,,8,4,,,1,,,
WORKER_SKILL,,8,5,,,0,,,
WORKER_SKILL,,8,6,,,1,,,
WORKER_SKILL,,8,7,,,1,,,
WORKER_SKILL,,9,0,,,0,,,
WORKER_SKILL,,9,1,,,1,,,
WORKER_SKILL,,9,2,,,1,,,
WORKER_SKILL,,9,3,,,0,,,
WORKER_SKILL,,9,4,,,1,,,
WORKER_SKILL,,9,5,,,0,,,
WORKER_SKILL,,9,6,,,1,,,
WORKER_SKILL,,9,7,,,1,,,
WORKER_SKILL,,10,0,,,1,,,
WORKER_SKILL,,10,1,,,1,,,
WORKER_SKILL,,10,2,,,0,,,
WORKER_SKILL,,10,3,,,0,,,
WORKER_SKILL,,10,4,,,1,,,
WORKER_SKILL,,10,5,,,1,,,
WORKER_SKILL,,10,6,,,1,,,
WORKER_SKILL,,10,7,,,1,,,
WORKER_SKILL,,11,0,,,1,,,
WORKER_SKILL,,11,1,,,0,,,
WORKER_SKILL,,11,2,,,1,,,
WORKER_SKILL,,11,3,,,0,,,
WORKER_SKILL,,11,4,,,1,,,
WORKER_SKILL,,11,5,,,0,,,
WORKER_SKILL,,11,6,,,0,,,
WORKER_SKILL,,11,7,,,1,,,
WORKER_EFF,,0,0,,,1.0529164784294018,,,
WORKER_EFF,,0,1,,,0.8306009475781176,,,
WORKER_EFF,,0,2,,,0.9029195603720487,,,
WORKER_EFF,,0,3,,,0.8486473658451695,,,
WORKER_EFF,,0,4,,,1.1417944399655442,,,
WORKER_EFF,,0,5,,,1.019236022311036,,,
WORKER_EFF,,0,6,,,1.072109564264787,,,
WORKER_EFF,,0,7,,,1.1119778827241333,,,
WORKER_EFF,,1,0,,,0.9773171151859593,,,
WORKER_EFF,,1,1,,,1.1530620472460498,,,
WORKER_EFF,,1,2,,,1.0090988525522406,,,
WORKER_EFF,,1,3,,,1.1979408588108718,,,
WORKER_EFF,,1,4,,,0.9123284626904352,,,
WORKER_EFF,,1,5,,,1.099016067686255,,,
WORKER_EFF,,1,6,,,1.0509759611711373,,,
WORKER_EFF,,1,7,,,1.0043373855660336,,,
WORKER_EFF,,2,0,,,0.8164178607380086,,,
WORKER_EFF,,2,1,,,0.8884393983828442,,,
WORKER_EFF,,2,2,,,0.8084868256839526,,,
WORKER_EFF,,2,3,,,1.1930919259474217,,,
WORKER_EFF,,2,4,,,0.9844115439508528,,,
WORKER_EFF,,2,5,,,0.947589901643146,,,
WORKER_EFF,,2,6,,,0.8448487855465108,,,
WORKER_EFF,,2,7,,,1.1255632644206206,,,
WORKER_EFF,,3,0,,,0.8479086649685406,,,
WORKER_EFF,,3,1,,,0.9659128647130453,,,
WORKER_EFF,,3,2,,,1.183643709280916,,,
WORKER_EFF,,3,3,,,1.1092159791941416,,,
WORKER_EFF,,3,4,,,0.8941918346651087,,,
WORKER_EFF,,3,5,,,0.9257379757077191,,,
WORKER_EFF,,3,6,,,1.0102217430475586,,,
WORKER_EFF,,3,7,,,1.1444145411108542,,,
WORKER_EFF,,4,0,,,1.121855487536062,,,
WORKER_EFF,,4,1,,,1.185364562045467,,,
WORKER_EFF,,4,2,,,1.117891913899874,,,
WORKER_EFF,,4,3,,,0.942391129328144,,,
WORKER_EFF,,4,4,,,0.9186900482273193,,,
WORKER_EFF,,4,5,,,1.0194238065764554,,,
WORKER_EFF,,4,6,,,0.9676687969962882,,,
WORKER_EFF,,4,7,,,1.1288869616193646,,,
WORKER_EFF,,5,0,,,1.0336957021161293,,,
WORKER_EFF,,5,1,,,1.170849276117238,,,
WORKER_EFF,,5,2,,,1.1456302272165624,,,
WORKER_EFF,,5,3,,,0.861250091608012,,,
WORKER_EFF,,5,4,,,0.9267823031241786,,,
WORKER_EFF,,5,5,,,0.9927474938988081,,,
WORKER_EFF,,5,6,,,0.9682509717390765,,,
WORKER_EFF,,5,7,,,1.16098988306286,,,
WORKER_EFF,,6,0,,,0.9669526033621454,,,
WORKER_EFF,,6,1,,,1.1661931041542932,,,
WORKER_EFF,,6,2,,,1.0531417493510293,,,
WORKER_EFF,,6,3,,,1.132845759899615,,,
WORKER_EFF,,6,4,,,1.107056980176504,,,
WORKER_EFF,,6,5,,,0.9982523873167031,,,
WORKER_EFF,,6,6,,,1.1497853656349148,,,
WORKER_EFF,,6,7,,,0.9799478166701335,,,
WORKER_EFF,,7,0,,,0.8157643229228588,,,
WORKER_EFF,,7,1,,,1.0479090788506866,,,
WORKER_EFF,,7,2,,,0.9172534941707859,,,
WORKER_EFF,,7,3,,,1.1349264221855149,,,
WORKER_EFF,,7,4,,,1.0113083469081916,,,
WORKER_EFF,,7,5,,,1.1347722279869168,,,
WORKER_EFF,,7,6,,,0.939720300962448,,,
WORKER_EFF,,7,7,,,1.0048081200346288,,,
WORKER_EFF,,8,0,,,0.8535905399499162,,,
WORKER_EFF,,8,1,,,1.1326178532842694,,,
WORKER_EFF,,8,2,,,1.1453873873534763,,,
WORKER_EFF,,8,3,,,1.0840693656983817,,,
WORKER_EFF,,8,4,,,0.8586371540551723,,,
WORKER_EFF,,8,5,,,0.8920743434977753,,,
WORKER_EFF,,8,6,,,0.8518820694713113,,,
WORKER_EFF,,8,7,,,1.0380783604286563,,,
WORKER_EFF,,9,0,,,1.0690579241086442,,,
WORKER_EFF,,9,1,,,1.0313181513409413,,,
WORKER_EFF,,9,2,,,1.004407167842558,,,
WORKER_EFF,,9,3,,,1.0677594537590864,,,
WORKER_EFF,,9,4,,,0.8880288761102023,,,
WORKER_EFF,,9,5,,,0.9322863922987368,,,
WORKER_EFF,,9,6,,,0.8445882708896731,,,
WORKER_EFF,,9,7,,,0.9308632799108891,,,
WORKER_EFF,,10,0,,,0.8514962067913088,,,
WORKER_EFF,,10,1,,,1.0372243492271385,,,
WORKER_EFF,,10,2,,,1.141686827206776,,,
WORKER_EFF,,10,3,,,1.169467801784643,,,
WORKER_EFF,,10,4,,,0.8996007103963208,,,
WORKER_EFF,,10,5,,,1.0564541445124425,,,
WORKER_EFF,,10,6,,,0.8112683702905003,,,
WORKER_EFF,,10,7,,,1.0946099430491278,,,
WORKER_EFF,,11,0,,,1.1103932751678767,,,
WORKER_EFF,,11,1,,,0.9726861520768395,,,
WORKER_EFF,,11,2,,,0.9254205006481597,,,
WORKER_EFF,,11,3,,,1.0031414423377014,,,
WORKER_EFF,,11,4,,,1.016627397665671,,,
WORKER_EFF,,11,5,,,0.9466960066893356,,,
WORKER_EFF,,11,6,,,0.8438453233064468,,,
WORKER_EFF,,11,7,,,1.1578795658948693,,,
ROBOT_CAP,,0,0,,,1,,,
ROBOT_CAP,,0,1,,,1,,,
ROBOT_CAP,,0,2,,,1,,,
ROBOT_CAP,,0,3,,,1,,,
ROBOT_CAP,,0,4,,,1,,,
ROBOT_CAP,,0,5,,,1,,,
ROBOT_CAP,,0,6,,,1,,,
ROBOT_CAP,,0,7,,,1,,,
ROBOT_CAP,,1,0,,,1,,,
ROBOT_CAP,,1,1,,,1,,,
ROBOT_CAP,,1,2,,,1,,,
ROBOT_CAP,,1,3,,,1,,,
ROBOT_CAP,,1,4,,,1,,,
ROBOT_CAP,,1,5,,,1,,,
ROBOT_CAP,,1,6,,,1,,,
ROBOT_CAP,,1,7,,,1,,,
ROBOT_CAP,,2,0,,,1,,,
ROBOT_CAP,,2,1,,,1,,,
ROBOT_CAP,,2,2,,,0,,,
ROBOT_CAP,,2,3,,,0,,,
ROBOT_CAP,,2,4,,,1,,,
ROBOT_CAP,,2,5,,,1,,,
ROBOT_CAP,,2,6,,,1,,,
ROBOT_CAP,,2,7,,,1,,,
ROBOT_CAP,,3,0,,,0,,,
ROBOT_CAP,,3,1,,,1,,,
ROBOT_CAP,,3,2,,,1,,,
ROBOT_CAP,,3,3,,,1,,,
ROBOT_CAP,,3,4,,,1,,,
ROBOT_CAP,,3,5,,,1,,,
ROBOT_CAP,,3,6,,,0,,,
ROBOT_CAP,,3,7,,,1,,,
ROBOT_CAP,,4,0,,,1,,,
ROBOT_CAP,,4,1,,,1,,,
ROBOT_CAP,,4,2,,,1,,,
ROBOT_CAP,,4,3,,,1,,,
ROBOT_CAP,,4,4,,,1,,,
ROBOT_CAP,,4,5,,,1,,,
ROBOT_CAP,,4,6,,,1,,,
ROBOT_CAP,,4,7,,,0,,,
ROBOT_CAP,,5,0,,,1,,,
ROBOT_CAP,,5,1,,,1,,,
ROBOT_CAP,,5,2,,,0,,,
ROBOT_CAP,,5,3,,,0,,,
ROBOT_CAP,,5,4,,,1,,,
ROBOT_CAP,,5,5,,,1,,,
ROBOT_CAP,,5,6,,,0,,,
ROBOT_CAP,,5,7,,,1,,,
ROBOT_CAP,,6,0,,,0,,,
ROBOT_CAP,,6,1,,,1,,,
ROBOT_CAP,,6,2,,,1,,,
ROBOT_CAP,,6,3,,,1,,,
ROBOT_CAP,,6,4,,,1,,,
ROBOT_CAP,,6,5,,,1,,,
ROBOT_CAP,,6,6,,,1,,,
ROBOT_CAP,,6,7,,,1,,,
ROBOT_CAP,,7,0,,,1,,,
ROBOT_CAP,,7,1,,,1,,,
ROBOT_CAP,,7,2,,,1,,,
ROBOT_CAP,,7,3,,,0,,,
ROBOT_CAP,,7,4,,,0,,,
ROBOT_CAP,,7,5,,,1,,,
ROBOT_CAP,,7,6,,,0,,,
ROBOT_CAP,,7,7,,,1,,,
ROBOT_CAP,,8,0,,,1,,,
ROBOT_CAP,,8,1,,,1,,,
ROBOT_CAP,,8,2,,,1,,,
ROBOT_CAP,,8,3,,,1,,,
ROBOT_CAP,,8,4,,,1,,,
ROBOT_CAP,,8,5,,,1,,,
ROBOT_CAP,,8,6,,,1,,,
ROBOT_CAP,,8,7,,,1,,,
ROBOT_CAP,,9,0,,,1,,,
ROBOT_CAP,,9,1,,,1,,,
ROBOT_CAP,,9,2,,,1,,,
ROBOT_CAP,,9,3,,,1,,,
ROBOT_CAP,,9,4,,,0,,,
ROBOT_CAP,,9,5,,,1,,,
ROBOT_CAP,,9,6,,,1,,,
ROBOT_CAP,,9,7,,,1,,,
ROBOT_EFF,,0,0,,,1.0712892516182317,,,
ROBOT_EFF,,0,1,,,0.8712209508650386,,,
ROBOT_EFF,,0,2,,,1.1668984499014154,,,
ROBOT_EFF,,0,3,,,1.1384287498467587,,,
ROBOT_EFF,,0,4,,,0.9715167610975849,,,
ROBOT_EFF,,0,5,,,1.2457990140712876,,,
ROBOT_EFF,,0,6,,,1.140344160682913,,,
ROBOT_EFF,,0,7,,,1.1978772541283806,,,
ROBOT_EFF,,1,0,,,1.1151422873895318,,,
ROBOT_EFF,,1,1,,,0.9942814038738076,,,
ROBOT_EFF,,1,2,,,0.9972171141624584,,,
ROBOT_EFF,,1,3,,,0.9779658908035116,,,
ROBOT_EFF,,1,4,,,0.852283746765022,,,
ROBOT_EFF,,1,5,,,1.0563608295964702,,,
ROBOT_EFF,,1,6,,,0.876634782969546,,,
ROBOT_EFF,,1,7,,,0.8714512708362803,,,
ROBOT_EFF,,2,0,,,0.9519198935425943,,,
ROBOT_EFF,,2,1,,,1.0757551637689855,,,
ROBOT_EFF,,2,2,,,1.2103877341256153,,,
ROBOT_EFF,,2,3,,,1.270110100947642,,,
ROBOT_EFF,,2,4,,,1.0431918661033548,,,
ROBOT_EFF,,2,5,,,0.871305740201021,,,
ROBOT_EFF,,2,6,,,1.1290920894978018,,,
ROBOT_EFF,,2,7,,,0.9702876369873632,,,
ROBOT_EFF,,3,0,,,0.9849347942829414,,,
ROBOT_EFF,,3,1,,,1.1275606202415482,,,
ROBOT_EFF,,3,2,,,1.1328929175647295,,,
ROBOT_EFF,,3,3,,,0.9721565875753464,,,
ROBOT_EFF,,3,4,,,1.1279973596902264,,,
ROBOT_EFF,,3,5,,,1.2225461393622803,,,
ROBOT_EFF,,3,6,,,1.1524685059022317,,,
ROBOT_EFF,,3,7,,,1.015577492220194,,,
ROBOT_EFF,,4,0,,,1.0342908540540534,,,
ROBOT_EFF,,4,1,,,1.0315293002448964,,,
ROBOT_EFF,,4,2,,,1.20010026701886,,,
ROBOT_EFF,,4,3,,,1.179791872293325,,,
ROBOT_EFF,,4,4,,,1.0261300673715779,,,
ROBOT_EFF,,4,5,,,0.938046267727525,,,
ROBOT_EFF,,4,6,,,0.9482678370692891,,,
ROBOT_EFF,,4,7,,,1.0585903342941652,,,
ROBOT_EFF,,5,0,,,1.2088191719433312,,,
ROBOT_EFF,,5,1,,,0.9496440734227634,,,
ROBOT_EFF,,5,2,,,1.01840029739551,,,
ROBOT_EFF,,5,3,,,0.9952329618619185,,,
ROBOT_EFF,,5,4,,,1.2905025720420535,,,
ROBOT_EFF,,5,5,,,0.906760426363121,,,
ROBOT_EFF,,5,6,,,1.2978026459292635,,,
ROBOT_EFF,,5,7,,,1.100777235443829,,,
ROBOT_EFF,,6,0,,,0.9973075238260962,,,
ROBOT_EFF,,6,1,,,1.1502775768100202,,,
ROBOT_EFF,,6,2,,,1.10057532881382,,,
ROBOT_EFF,,6,3,,,0.9475087909040041,,,
ROBOT_EFF,,6,4,,,1.1498838540538496,,,
ROBOT_EFF,,6,5,,,1.2502064686158116,,,
ROBOT_EFF,,6,6,,,0.9290778893051503,,,
ROBOT_EFF,,6,7,,,1.0926094788872376,,,
ROBOT_EFF,,7,0,,,1.004935314573574,,,
ROBOT_EFF,,7,1,,,1.0740943766094941,,,
ROBOT_EFF,,7,2,,,1.2494777624022047,,,
ROBOT_EFF,,7,3,,,0.9246286380676972,,,
ROBOT_EFF,,7,4,,,0.960408175939353,,,
ROBOT_EFF,,7,5,,,1.1896521590092242,,,
ROBOT_EFF,,7,6,,,1.0294807258478342,,,
ROBOT_EFF,,7,7,,,1.1522985338389606,,,
ROBOT_EFF,,8,0,,,1.0255531400403801,,,
ROBOT_EFF,,8,1,,,1.0502034025283509,,,
ROBOT_EFF,,8,2,,,1.1654084773050553,,,
ROBOT_EFF,,8,3,,,1.1674917941429994,,,
ROBOT_EFF,,8,4,,,1.1153376827918635,,,
ROBOT_EFF,,8,5,,,0.910637903916237,,,
ROBOT_EFF,,8,6,,,1.1719935774774384,,,
ROBOT_EFF,,8,7,,,0.9955365917492889,,,
ROBOT_EFF,,9,0,,,1.176386941221638,,,
ROBOT_EFF,,9,1,,,0.9261330071320034,,,
ROBOT_EFF,,9,2,,,1.1541355662140873,,,
ROBOT_EFF,,9,3,,,1.2055040144945144,,,
ROBOT_EFF,,9,4,,,1.1274026180306531,,,
ROBOT_EFF,,9,5,,,0.905400978308207,,,
ROBOT_EFF,,9,6,,,1.1595723657810904,,,
ROBOT_EFF,,9,7,,,1.1974657832228806,,,
HR_COMPAT,,0,0,0,,0,,,
HR_SYNERGY,,0,0,0,,0.7257079604745011,,,
HR_COMPAT,,0,0,1,,1,,,
HR_SYNERGY,,0,0,1,,0.8561442354276815,,,
HR_COMPAT,,0,0,2,,0,,,
HR_SYNERGY,,0,0,2,,0.8573369735956735,,,
HR_COMPAT,,0,0,3,,1,,,
HR_SYNERGY,,0,0,3,,0.724111192608536,,,
HR_COMPAT,,0,0,4,,0,,,
HR_SYNERGY,,0,0,4,,0.7968168381913592,,,
HR_COMPAT,,0,0,5,,1,,,
HR_SYNERGY,,0,0,5,,0.8298790769623466,,,
HR_COMPAT,,0,0,6,,0,,,
HR_SYNERGY,,0,0,6,,0.8243134182269016,,,
HR_COMPAT,,0,0,7,,0,,,
HR_SYNERGY,,0,0,7,,0.8652342092502925,,,
HR_COMPAT,,0,1,0,,0,,,
HR_SYNERGY,,0,1,0,,0.7863389397789583,,,
HR_COMPAT,,0,1,1,,1,,,
HR_SYNERGY,,0,1,1,,0.7534032935234065,,,
HR_COMPAT,,0,1,2,,0,,,
HR_SYNERGY,,0,1,2,,0.8322947282600798,,,
HR_COMPAT,,0,1,3,,1,,,
HR_SYNERGY,,0,1,3,,0.7763079408346396,,,
HR_COMPAT,,0,1,4,,0,,,
HR_SYNERGY,,0,1,4,,0.7018189178516767,,,
HR_COMPAT,,0,1,5,,1,,,
HR_SYNERGY,,0,1,5,,0.7881245406137066,,,
HR_COMPAT,,0,1,6,,0,,,
HR_SYNERGY,,0,1,6,,0.8296827683716529,,,
HR_COMPAT,,0,1,7,,0,,,
HR_SYNERGY,,0,1,7,,0.7352550798681701,,,
HR_COMPAT,,0,2,0,,0,,,
HR_SYNERGY,,0,2,0,,0.6747330953555655,,,
HR_COMPAT,,0,2,1,,0,,,
HR_SYNERGY,,0,2,1,,0.7482081054165232,,,
HR_COMPAT,,0,2,2,,0,,,
HR_SYNERGY,,0,2,2,,0.7257611966677944,,,
HR_COMPAT,,0,2,3,,0,,,
HR_SYNERGY,,0,2,3,,0.6705615630455075,,,
HR_COMPAT,,0,2,4,,0,,,
HR_SYNERGY,,0,2,4,,0.8973539517838203,,,
HR_COMPAT,,0,2,5,,1,,,
HR_SYNERGY,,0,2,5,,0.7297840138345348,,,
HR_COMPAT,,0,2,6,,0,,,
HR_SYNERGY,,0,2,6,,0.7560594620030184,,,
HR_COMPAT,,0,2,7,,0,,,
HR_SYNERGY,,0,2,7,,0.8126525043300102,,,
HR_COMPAT,,0,3,0,,0,,,
HR_SYNERGY,,0,3,0,,0.8103481973632742,,,
HR_COMPAT,,0,3,1,,1,,,
HR_SYNERGY,,0,3,1,,0.8987100641761923,,,
HR_COMPAT,,0,3,2,,0,,,
HR_SYNERGY,,0,3,2,,0.7045505097728182,,,
HR_COMPAT,,0,3,3,,1,,,
HR_SYNERGY,,0,3,3,,0.6837090381070585,,,
HR_COMPAT,,0,3,4,,0,,,
HR_SYNERGY,,0,3,4,,0.8006422823454348,,,
HR_COMPAT,,0,3,5,,1,,,
HR_SYNERGY,,0,3,5,,0.6749216166229912,,,
HR_COMPAT,,0,3,6,,0,,,
HR_SYNERGY,,0,3,6,,0.7280572999938549,,,
HR_COMPAT,,0,3,7,,0,,,
HR_SYNERGY,,0,3,7,,0.8815415782803975,,,
HR_COMPAT,,0,4,0,,0,,,
HR_SYNERGY,,0,4,0,,0.8292189089550469,,,
HR_COMPAT,,0,4,1,,1,,,
HR_SYNERGY,,0,4,1,,0.8930134064759622,,,
HR_COMPAT,,0,4,2,,0,,,
HR_SYNERGY,,0,4,2,,0.7838922645351007,,,
HR_COMPAT,,0,4,3,,1,,,
HR_SYNERGY,,0,4,3,,0.8953754796153577,,,
HR_COMPAT,,0,4,4,,0,,,
HR_SYNERGY,,0,4,4,,0.7503752305595809,,,
HR_COMPAT,,0,4,5,,1,,,
HR_SYNERGY,,0,4,5,,0.8285581059526884,,,
HR_COMPAT,,0,4,6,,0,,,
HR_SYNERGY,,0,4,6,,0.8079755186718343,,,
HR_COMPAT,,0,4,7,,0,,,
HR_SYNERGY,,0,4,7,,0.8762722332827233,,,
HR_COMPAT,,0,5,0,,0,,,
HR_SYNERGY,,0,5,0,,0.7810662833383989,,,
HR_COMPAT,,0,5,1,,0,,,
HR_SYNERGY,,0,5,1,,0.7825954840589906,,,
HR_COMPAT,,0,5,2,,0,,,
HR_SYNERGY,,0,5,2,,0.8820808570857179,,,
HR_COMPAT,,0,5,3,,0,,,
HR_SYNERGY,,0,5,3,,0.8691793130883124,,,
HR_COMPAT,,0,5,4,,0,,,
HR_SYNERGY,,0,5,4,,0.6647305866127678,,,
HR_COMPAT,,0,5,5,,1,,,
HR_SYNERGY,,0,5,5,,0.7160989261217976,,,
HR_COMPAT,,0,5,6,,0,,,
HR_SYNERGY,,0,5,6,,0.8242420909567497,,,
HR_COMPAT,,0,5,7,,0,,,
HR_SYNERGY,,0,5,7,,0.8788347410210765,,,
HR_COMPAT,,0,6,0,,0,,,
HR_SYNERGY,,0,6,0,,0.8908445478981617,,,
HR_COMPAT,,0,6,1,,1,,,
HR_SYNERGY,,0,6,1,,0.8747427543312956,,,
HR_COMPAT,,0,6,2,,0,,,
HR_SYNERGY,,0,6,2,,0.7507002018508557,,,
HR_COMPAT,,0,6,3,,1,,,
HR_SYNERGY,,0,6,3,,0.7209409968105615,,,
HR_COMPAT,,0,6,4,,0,,,
HR_SYNERGY,,0,6,4,,0.7859208859958279,,,
HR_COMPAT,,0,6,5,,1,,,
HR_SYNERGY,,0,6,5,,0.8163607072420642,,,
HR_COMPAT,,0,6,6,,0,,,
HR_SYNERGY,,0,6,6,,0.6817430554071249,,,
HR_COMPAT,,0,6,7,,0,,,
HR_SYNERGY,,0,6,7,,0.7024436650830197,,,
HR_COMPAT,,0,7,0,,0,,,
HR_SYNERGY,,0,7,0,,0.7569532401550871,,,
HR_COMPAT,,0,7,1,,1,,,
HR_SYNERGY,,0,7,1,,0.674246964797054,,,
HR_COMPAT,,0,7,2,,0,,,
HR_SYNERGY,,0,7,2,,0.658690925658111,,,
HR_COMPAT,,0,7,3,,0,,,
HR_SYNERGY,,0,7,3,,0.8370836155345892,,,
HR_COMPAT,,0,7,4,,0,,,
HR_SYNERGY,,0,7,4,,0.8783283226191203,,,
HR_COMPAT,,0,7,5,,1,,,
HR_SYNERGY,,0,7,5,,0.7197717244100553,,,
HR_COMPAT,,0,7,6,,0,,,
HR_SYNERGY,,0,7,6,,0.720331875066178,,,
HR_COMPAT,,0,7,7,,0,,,
HR_SYNERGY,,0,7,7,,0.8839233347477724,,,
HR_COMPAT,,0,8,0,,0,,,
HR_SYNERGY,,0,8,0,,0.8018907722552169,,,
HR_COMPAT,,0,8,1,,1,,,
HR_SYNERGY,,0,8,1,,0.7702746981506852,,,
HR_COMPAT,,0,8,2,,0,,,
HR_SYNERGY,,0,8,2,,0.8980109494712152,,,
HR_COMPAT,,0,8,3,,1,,,
HR_SYNERGY,,0,8,3,,0.8161097839262085,,,
HR_COMPAT,,0,8,4,,0,,,
HR_SYNERGY,,0,8,4,,0.661450023211621,,,
HR_COMPAT,,0,8,5,,1,,,
HR_SYNERGY,,0,8,5,,0.7241270922563519,,,
HR_COMPAT,,0,8,6,,0,,,
HR_SYNERGY,,0,8,6,,0.8505518013184811,,,
HR_COMPAT,,0,8,7,,0,,,
HR_SYNERGY,,0,8,7,,0.7494004455402672,,,
HR_COMPAT,,0,9,0,,0,,,
HR_SYNERGY,,0,9,0,,0.7558997597496878,,,
HR_COMPAT,,0,9,1,,0,,,
HR_SYNERGY,,0,9,1,,0.8681974822587957,,,
HR_COMPAT,,0,9,2,,0,,,
HR_SYNERGY,,0,9,2,,0.8360571421744263,,,
HR_COMPAT,,0,9,3,,1,,,
HR_SYNERGY,,0,9,3,,0.8180631804681884,,,
HR_COMPAT,,0,9,4,,0,,,
HR_SYNERGY,,0,9,4,,0.668292701783477,,,
HR_COMPAT,,0,9,5,,1,,,
HR_SYNERGY,,0,9,5,,0.8901788863964454,,,
HR_COMPAT,,0,9,6,,0,,,
HR_SYNERGY,,0,9,6,,0.7443345977007625,,,
HR_COMPAT,,0,9,7,,0,,,
HR_SYNERGY,,0,9,7,,0.6566190835506506,,,
HR_COMPAT,,1,0,0,,1,,,
HR_SYNERGY,,1,0,0,,0.7767281502482359,,,
HR_COMPAT,,1,0,1,,1,,,
HR_SYNERGY,,1,0,1,,0.828654480918678,,,
HR_COMPAT,,1,0,2,,0,,,
HR_SYNERGY,,1,0,2,,0.8876971766514585,,,
HR_COMPAT,,1,0,3,,0,,,
HR_SYNERGY,,1,0,3,,0.6739479716157888,,,
HR_COMPAT,,1,0,4,,1,,,
HR_SYNERGY,,1,0,4,,0.7742327953608792,,,
HR_COMPAT,,1,0,5,,0,,,
HR_SYNERGY,,1,0,5,,0.7774099545119528,,,
HR_COMPAT,,1,0,6,,0,,,
HR_SYNERGY,,1,0,6,,0.719975453090486,,,
HR_COMPAT,,1,0,7,,1,,,
HR_SYNERGY,,1,0,7,,0.7230185729928484,,,
HR_COMPAT,,1,1,0,,1,,,
HR_SYNERGY,,1,1,0,,0.7862718127964917,,,
HR_COMPAT,,1,1,1,,0,,,
HR_SYNERGY,,1,1,1,,0.8226343019482221,,,
HR_COMPAT,,1,1,2,,1,,,
HR_SYNERGY,,1,1,2,,0.766246517964521,,,
HR_COMPAT,,1,1,3,,0,,,
HR_SYNERGY,,1,1,3,,0.7812378194615581,,,
HR_COMPAT,,1,1,4,,0,,,
HR_SYNERGY,,1,1,4,,0.8167293198803431,,,
HR_COMPAT,,1,1,5,,0,,,
HR_SYNERGY,,1,1,5,,0.7332592730691364,,,
HR_COMPAT,,1,1,6,,0,,,
HR_SYNERGY,,1,1,6,,0.6539596570405432,,,
HR_COMPAT,,1,1,7,,1,,,
HR_SYNERGY,,1,1,7,,0.7950775878093608,,,
HR_COMPAT,,1,2,0,,0,,,
HR_SYNERGY,,1,2,0,,0.7948508340632334,,,
HR_COMPAT,,1,2,1,,1,,,
HR_SYNERGY,,1,2,1,,0.7245305765391583,,,
HR_COMPAT,,1,2,2,,0,,,
HR_SYNERGY,,1,2,2,,0.7355417182404096,,,
HR_COMPAT,,1,2,3,,0,,,
HR_SYNERGY,,1,2,3,,0.7254144744759891,,,
HR_COMPAT,,1,2,4,,1,,,
HR_SYNERGY,,1,2,4,,0.7034222339054367,,,
HR_COMPAT,,1,2,5,,0,,,
HR_SYNERGY,,1,2,5,,0.8875302198592786,,,
HR_COMPAT,,1,2,6,,0,,,
HR_SYNERGY,,1,2,6,,0.7076184216297637,,,
HR_COMPAT,,1,2,7,,1,,,
HR_SYNERGY,,1,2,7,,0.7553166752139835,,,
HR_COMPAT,,1,3,0,,0,,,
HR_SYNERGY,,1,3,0,,0.6834570579790233,,,
HR_COMPAT,,1,3,1,,1,,,
HR_SYNERGY,,1,3,1,,0.7879797526681653,,,
HR_COMPAT,,1,3,2,,1,,,
HR_SYNERGY,,1,3,2,,0.7090461802644984,,,
HR_COMPAT,,1,3,3,,0,,,
HR_SYNERGY,,1,3,3,,0.740332894708039,,,
HR_COMPAT,,1,3,4,,1,,,
HR_SYNERGY,,1,3,4,,0.793811164303369,,,
HR_COMPAT,,1,3,5,,0,,,
HR_SYNERGY,,1,3,5,,0.6625461494338478,,,
HR_COMPAT,,1,3,6,,0,,,
HR_SYNERGY,,1,3,6,,0.6591952475610503,,,
HR_COMPAT,,1,3,7,,1,,,
HR_SYNERGY,,1,3,7,,0.6702840525602896,,,
HR_COMPAT,,1,4,0,,1,,,
HR_SYNERGY,,1,4,0,,0.7549279579132913,,,
HR_COMPAT,,1,4,1,,1,,,
HR_SYNERGY,,1,4,1,,0.8153507290406341,,,
HR_COMPAT,,1,4,2,,1,,,
HR_SYNERGY,,1,4,2,,0.7300381779271263,,,
HR_COMPAT,,1,4,3,,0,,,
HR_SYNERGY,,1,4,3,,0.6823241634108879,,,
HR_COMPAT,,1,4,4,,1,,,
HR_SYNERGY,,1,4,4,,0.8872116193841124,,,
HR_COMPAT,,1,4,5,,0,,,
HR_SYNERGY,,1,4,5,,0.8081607944665707,,,
HR_COMPAT,,1,4,6,,0,,,
HR_SYNERGY,,1,4,6,,0.6972933728486244,,,
HR_COMPAT,,1,4,7,,0,,,
HR_SYNERGY,,1,4,7,,0.7135252790068369,,,
HR_COMPAT,,1,5,0,,1,,,
HR_SYNERGY,,1,5,0,,0.7333557366548638,,,
HR_COMPAT,,1,5,1,,1,,,
HR_SYNERGY,,1,5,1,,0.7686332299824724,,,
HR_COMPAT,,1,5,2,,0,,,
HR_SYNERGY,,1,5,2,,0.6536877615232934,,,
HR_COMPAT,,1,5,3,,0,,,
HR_SYNERGY,,1,5,3,,0.7922338988939028,,,
HR_COMPAT,,1,5,4,,1,,,
HR_SYNERGY,,1,5,4,,0.7238966209455611,,,
HR_COMPAT,,1,5,5,,0,,,
HR_SYNERGY,,1,5,5,,0.777452896393282,,,
HR_COMPAT,,1,5,6,,0,,,
HR_SYNERGY,,1,5,6,,0.889803940651813,,,
HR_COMPAT,,1,5,7,,1,,,
HR_SYNERGY,,1,5,7,,0.7609566361629266,,,
HR_COMPAT,,1,6,0,,0,,,
HR_SYNERGY,,1,6,0,,0.7207071601776333,,,
HR_COMPAT,,1,6,1,,0,,,
HR_SYNERGY,,1,6,1,,0.7884541530522706,,,
HR_COMPAT,,1,6,2,,1,,,
HR_SYNERGY,,1,6,2,,0.718213824190032,,,
HR_COMPAT,,1,6,3,,0,,,
HR_SYNERGY,,1,6,3,,0.7314707806555667,,,
HR_COMPAT,,1,6,4,,1,,,
HR_SYNERGY,,1,6,4,,0.7886981880175061,,,
HR_COMPAT,,1,6,5,,0,,,
HR_SYNERGY,,1,6,5,,0.7073325408368607,,,
HR_COMPAT,,1,6,6,,0,,,
HR_SYNERGY,,1,6,6,,0.7208074540985193,,,
HR_COMPAT,,1,6,7,,1,,,
HR_SYNERGY,,1,6,7,,0.7981754056113094,,,
HR_COMPAT,,1,7,0,,1,,,
HR_SYNERGY,,1,7,0,,0.6687310494781753,,,
HR_COMPAT,,1,7,1,,1,,,
HR_SYNERGY,,1,7,1,,0.7422352013409691,,,
HR_COMPAT,,1,7,2,,1,,,
HR_SYNERGY,,1,7,2,,0.738353781102297,,,
HR_COMPAT,,1,7,3,,0,,,
HR_SYNERGY,,1,7,3,,0.7033209192220069,,,
HR_COMPAT,,1,7,4,,0,,,
HR_SYNERGY,,1,7,4,,0.6935436029708248,,,
HR_COMPAT,,1,7,5,,0,,,
HR_SYNERGY,,1,7,5,,0.875885951435413,,,
HR_COMPAT,,1,7,6,,0,,,
HR_SYNERGY,,1,7,6,,0.7566662356890921,,,
HR_COMPAT,,1,7,7,,1,,,
HR_SYNERGY,,1,7,7,,0.7284702889264756,,,
HR_COMPAT,,1,8,0,,0,,,
HR_SYNERGY,,1,8,0,,0.74283670242891,,,
HR_COMPAT,,1,8,1,,1,,,
HR_SYNERGY,,1,8,1,,0.6944903960563802,,,
HR_COMPAT,,1,8,2,,0,,,
HR_SYNERGY,,1,8,2,,0.805853293735732,,,
HR_COMPAT,,1,8,3,,0,,,
HR_SYNERGY,,1,8,3,,0.6519153448949216,,,
HR_COMPAT,,1,8,4,,1,,,
HR_SYNERGY,,1,8,4,,0.6905894013245644,,,
HR_COMPAT,,1,8,5,,0,,,
HR_SYNERGY,,1,8,5,,0.858072281268846,,,
HR_COMPAT,,1,8,6,,0,,,
HR_SYNERGY,,1,8,6,,0.7244340098533757,,,
HR_COMPAT,,1,8,7,,1,,,
HR_SYNERGY,,1,8,7,,0.7597254178770484,,,
HR_COMPAT,,1,9,0,,1,,,
HR_SYNERGY,,1,9,0,,0.750494572252442,,,
HR_COMPAT,,1,9,1,,1,,,
HR_SYNERGY,,1,9,1,,0.7014606276871052,,,
HR_COMPAT,,1,9,2,,1,,,
HR_SYNERGY,,1,9,2,,0.7078636436652923,,,
HR_COMPAT,,1,9,3,,0,,,
HR_SYNERGY,,1,9,3,,0.8048620439688527,,,
HR_COMPAT,,1,9,4,,0,,,
HR_SYNERGY,,1,9,4,,0.8745087736855102,,,
HR_COMPAT,,1,9,5,,0,,,
HR_SYNERGY,,1,9,5,,0.8576993671383444,,,
HR_COMPAT,,1,9,6,,0,,,
HR_SYNERGY,,1,9,6,,0.7971397325888793,,,
HR_COMPAT,,1,9,7,,1,,,
HR_SYNERGY,,1,9,7,,0.6781349984179368,,,
HR_COMPAT,,2,0,0,,0,,,
HR_SYNERGY,,2,0,0,,0.850024363121787,,,
HR_COMPAT,,2,0,1,,0,,,
HR_SYNERGY,,2,0,1,,0.8177181704631186,,,
HR_COMPAT,,2,0,2,,0,,,
HR_SYNERGY,,2,0,2,,0.739306299846794,,,
HR_COMPAT,,2,0,3,,1,,,
HR_SYNERGY,,2,0,3,,0.8680550389493205,,,
HR_COMPAT,,2,0,4,,1,,,
HR_SYNERGY,,2,0,4,,0.7222382386426369,,,
HR_COMPAT,,2,0,5,,1,,,
HR_SYNERGY,,2,0,5,,0.7235755777116157,,,
HR_COMPAT,,2,0,6,,1,,,
HR_SYNERGY,,2,0,6,,0.7629983130699334,,,
HR_COMPAT,,2,0,7,,0,,,
HR_SYNERGY,,2,0,7,,0.7954383696695351,,,
HR_COMPAT,,2,1,0,,1,,,
HR_SYNERGY,,2,1,0,,0.8769364457582973,,,
HR_COMPAT,,2,1,1,,0,,,
HR_SYNERGY,,2,1,1,,0.8399091789661648,,,
HR_COMPAT,,2,1,2,,0,,,
HR_SYNERGY,,2,1,2,,0.8023479871822841,,,
HR_COMPAT,,2,1,3,,1,,,
HR_SYNERGY,,2,1,3,,0.6929967428475489,,,
HR_COMPAT,,2,1,4,,1,,,
HR_SYNERGY,,2,1,4,,0.8890124967268556,,,
HR_COMPAT,,2,1,5,,1,,,
HR_SYNERGY,,2,1,5,,0.8665618468780412,,,
HR_COMPAT,,2,1,6,,1,,,
HR_SYNERGY,,2,1,6,,0.818047566237389,,,
HR_COMPAT,,2,1,7,,0,,,
HR_SYNERGY,,2,1,7,,0.7149176234207848,,,
HR_COMPAT,,2,2,0,,0,,,
HR_SYNERGY,,2,2,0,,0.7474870465049033,,,
HR_COMPAT,,2,2,1,,0,,,
HR_SYNERGY,,2,2,1,,0.8596787994963142,,,
HR_COMPAT,,2,2,2,,0,,,
HR_SYNERGY,,2,2,2,,0.6717158654370539,,,
HR_COMPAT,,2,2,3,,0,,,
HR_SYNERGY,,2,2,3,,0.7468137598215349,,,
HR_COMPAT,,2,2,4,,1,,,
HR_SYNERGY,,2,2,4,,0.8050427119146589,,,
HR_COMPAT,,2,2,5,,1,,,
HR_SYNERGY,,2,2,5,,0.8813201344051748,,,
HR_COMPAT,,2,2,6,,1,,,
HR_SYNERGY,,2,2,6,,0.744912092689209,,,
HR_COMPAT,,2,2,7,,0,,,
HR_SYNERGY,,2,2,7,,0.8459109832666769,,,
HR_COMPAT,,2,3,0,,0,,,
HR_SYNERGY,,2,3,0,,0.7593582419629425,,,
HR_COMPAT,,2,3,1,,0,,,
HR_SYNERGY,,2,3,1,,0.8691703945237956,,,
HR_COMPAT,,2,3,2,,0,,,
HR_SYNERGY,,2,3,2,,0.7371754039005198,,,
HR_COMPAT,,2,3,3,,1,,,
HR_SYNERGY,,2,3,3,,0.7443697057176055,,,
HR_COMPAT,,2,3,4,,1,,,
HR_SYNERGY,,2,3,4,,0.7589184135564272,,,
HR_COMPAT,,2,3,5,,0,,,
HR_SYNERGY,,2,3,5,,0.7654339783739724,,,
HR_COMPAT,,2,3,6,,0,,,
HR_SYNERGY,,2,3,6,,0.7202333537616481,,,
HR_COMPAT,,2,3,7,,0,,,
HR_SYNERGY,,2,3,7,,0.8513574277466827,,,
HR_COMPAT,,2,4,0,,1,,,
HR_SYNERGY,,2,4,0,,0.7308539127507752,,,
HR_COMPAT,,2,4,1,,0,,,
HR_SYNERGY,,2,4,1,,0.7658125541190466,,,
HR_COMPAT,,2,4,2,,0,,,
HR_SYNERGY,,2,4,2,,0.7743692857429405,,,
HR_COMPAT,,2,4,3,,0,,,
HR_SYNERGY,,2,4,3,,0.762259907473498,,,
HR_COMPAT,,2,4,4,,1,,,
HR_SYNERGY,,2,4,4,,0.7518060248584321,,,
HR_COMPAT,,2,4,5,,1,,,
HR_SYNERGY,,2,4,5,,0.8258863792334221,,,
HR_COMPAT,,2,4,6,,1,,,
HR_SYNERGY,,2,4,6,,0.8436056882801943,,,
HR_COMPAT,,2,4,7,,0,,,
HR_SYNERGY,,2,4,7,,0.6685430105861883,,,
HR_COMPAT,,2,5,0,,1,,,
HR_SYNERGY,,2,5,0,,0.7662804042564264,,,
HR_COMPAT,,2,5,1,,0,,,
HR_SYNERGY,,2,5,1,,0.8154464898478962,,,
HR_COMPAT,,2,5,2,,0,,,
HR_SYNERGY,,2,5,2,,0.7974925281495766,,,
HR_COMPAT,,2,5,3,,0,,,
HR_SYNERGY,,2,5,3,,0.8427762147799945,,,
HR_COMPAT,,2,5,4,,1,,,
HR_SYNERGY,,2,5,4,,0.87835591868578,,,
HR_COMPAT,,2,5,5,,0,,,
HR_SYNERGY,,2,5,5,,0.7165715014308501,,,
HR_COMPAT,,2,5,6,,0,,,
HR_SYNERGY,,2,5,6,,0.6536370283807442,,,
HR_COMPAT,,2,5,7,,0,,,
HR_SYNERGY,,2,5,7,,0.7991611215050528,,,
HR_COMPAT,,2,6,0,,0,,,
HR_SYNERGY,,2,6,0,,0.8460155217112812,,,
HR_COMPAT,,2,6,1,,0,,,
HR_SYNERGY,,2,6,1,,0.7161443192035195,,,
HR_COMPAT,,2,6,2,,0,,,
HR_SYNERGY,,2,6,2,,0.7097747686986766,,,
HR_COMPAT,,2,6,3,,1,,,
HR_SYNERGY,,2,6,3,,0.7453829057127768,,,
HR_COMPAT,,2,6,4,,1,,,
HR_SYNERGY,,2,6,4,,0.6524920988041804,,,
HR_COMPAT,,2,6,5,,1,,,
HR_SYNERGY,,2,6,5,,0.7682389265322286,,,
HR_COMPAT,,2,6,6,,1,,,
HR_SYNERGY,,2,6,6,,0.6885231101188842,,,
HR_COMPAT,,2,6,7,,0,,,
HR_SYNERGY,,2,6,7,,0.8988781618540649,,,
HR_COMPAT,,2,7,0,,1,,,
HR_SYNERGY,,2,7,0,,0.6818733211847601,,,
HR_COMPAT,,2,7,1,,0,,,
HR_SYNERGY,,2,7,1,,0.8585039909420195,,,
HR_COMPAT,,2,7,2,,0,,,
HR_SYNERGY,,2,7,2,,0.7233604310709061,,,
HR_COMPAT,,2,7,3,,0,,,
HR_SYNERGY,,2,7,3,,0.7660231194750291,,,
HR_COMPAT,,2,7,4,,0,,,
HR_SYNERGY,,2,7,4,,0.7628923302421637,,,
HR_COMPAT,,2,7,5,,1,,,
HR_SYNERGY,,2,7,5,,0.6899709089750781,,,
HR_COMPAT,,2,7,6,,0,,,
HR_SYNERGY,,2,7,6,,0.7423497842669964,,,
HR_COMPAT,,2,7,7,,0,,,
HR_SYNERGY,,2,7,7,,0.7734943745660521,,,
HR_COMPAT,,2,8,0,,1,,,
HR_SYNERGY,,2,8,0,,0.8630823632532019,,,
HR_COMPAT,,2,8,1,,0,,,
HR_SYNERGY,,2,8,1,,0.8255807334356928,,,
HR_COMPAT,,2,8,2,,0,,,
HR_SYNERGY,,2,8,2,,0.6961984965845845,,,
HR_COMPAT,,2,8,3,,1,,,
HR_SYNERGY,,2,8,3,,0.749035826643508,,,
HR_COMPAT,,2,8,4,,1,,,
HR_SYNERGY,,2,8,4,,0.8140137323299006,,,
HR_COMPAT,,2,8,5,,1,,,
HR_SYNERGY,,2,8,5,,0.7832872726447383,,,
HR_COMPAT,,2,8,6,,1,,,
HR_SYNERGY,,2,8,6,,0.8514184170300543,,,
HR_COMPAT,,2,8,7,,0,,,
HR_SYNERGY,,2,8,7,,0.78644363726094,,,
HR_COMPAT,,2,9,0,,1,,,
HR_SYNERGY,,2,9,0,,0.8839413602804969,,,
HR_COMPAT,,2,9,1,,0,,,
HR_SYNERGY,,2,9,1,,0.7251765292364177,,,
HR_COMPAT,,2,9,2,,0,,,
HR_SYNERGY,,2,9,2,,0.6620306521673753,,,
HR_COMPAT,,2,9,3,,1,,,
HR_SYNERGY,,2,9,3,,0.6884078538883592,,,
HR_COMPAT,,2,9,4,,0,,,
HR_SYNERGY,,2,9,4,,0.7295665110924308,,,
HR_COMPAT,,2,9,5,,1,,,
HR_SYNERGY,,2,9,5,,0.889823165669487,,,
HR_COMPAT,,2,9,6,,1,,,
HR_SYNERGY,,2,9,6,,0.7803358201659502,,,
HR_COMPAT,,2,9,7,,0,,,
HR_SYNERGY,,2,9,7,,0.6683069234302136,,,
HR_COMPAT,,3,0,0,,1,,,
HR_SYNERGY,,3,0,0,,0.7153803921240176,,,
HR_COMPAT,,3,0,1,,0,,,
HR_SYNERGY,,3,0,1,,0.8753880545771449,,,
HR_COMPAT,,3,0,2,,1,,,
HR_SYNERGY,,3,0,2,,0.7659734978987202,,,
HR_COMPAT,,3,0,3,,0,,,
HR_SYNERGY,,3,0,3,,0.7015893844974511,,,
HR_COMPAT,,3,0,4,,0,,,
HR_SYNERGY,,3,0,4,,0.7314092922429958,,,
HR_COMPAT,,3,0,5,,1,,,
HR_SYNERGY,,3,0,5,,0.781632754064225,,,
HR_COMPAT,,3,0,6,,0,,,
HR_SYNERGY,,3,0,6,,0.8160310400948723,,,
HR_COMPAT,,3,0,7,,1,,,
HR_SYNERGY,,3,0,7,,0.8572723671786919,,,
HR_COMPAT,,3,1,0,,1,,,
HR_SYNERGY,,3,1,0,,0.8058563633838112,,,
HR_COMPAT,,3,1,1,,0,,,
HR_SYNERGY,,3,1,1,,0.8645615593921478,,,
HR_COMPAT,,3,1,2,,0,,,
HR_SYNERGY,,3,1,2,,0.7576611152864362,,,
HR_COMPAT,,3,1,3,,1,,,
HR_SYNERGY,,3,1,3,,0.6673921188852289,,,
HR_COMPAT,,3,1,4,,0,,,
HR_SYNERGY,,3,1,4,,0.7642736054338135,,,
HR_COMPAT,,3,1,5,,1,,,
HR_SYNERGY,,3,1,5,,0.6531498929501725,,,
HR_COMPAT,,3,1,6,,0,,,
HR_SYNERGY,,3,1,6,,0.698709268842223,,,
HR_COMPAT,,3,1,7,,1,,,
HR_SYNERGY,,3,1,7,,0.6982922915576766,,,
HR_COMPAT,,3,2,0,,1,,,
HR_SYNERGY,,3,2,0,,0.7405097851662439,,,
HR_COMPAT,,3,2,1,,0,,,
HR_SYNERGY,,3,2,1,,0.8677044295755504,,,
HR_COMPAT,,3,2,2,,0,,,
HR_SYNERGY,,3,2,2,,0.8533116084425085,,,
HR_COMPAT,,3,2,3,,0,,,
HR_SYNERGY,,3,2,3,,0.698708846141679,,,
HR_COMPAT,,3,2,4,,0,,,
HR_SYNERGY,,3,2,4,,0.7730486783670164,,,
HR_COMPAT,,3,2,5,,1,,,
HR_SYNERGY,,3,2,5,,0.8945550631908372,,,
HR_COMPAT,,3,2,6,,0,,,
HR_SYNERGY,,3,2,6,,0.8221489538043485,,,
HR_COMPAT,,3,2,7,,0,,,
HR_SYNERGY,,3,2,7,,0.6697736113741544,,,
HR_COMPAT,,3,3,0,,0,,,
HR_SYNERGY,,3,3,0,,0.8727878891072457,,,
HR_COMPAT,,3,3,1,,0,,,
HR_SYNERGY,,3,3,1,,0.8790246722939131,,,
HR_COMPAT,,3,3,2,,0,,,
HR_SYNERGY,,3,3,2,,0.834517523028502,,,
HR_COMPAT,,3,3,3,,1,,,
HR_SYNERGY,,3,3,3,,0.6789235184331189,,,
HR_COMPAT,,3,3,4,,0,,,
HR_SYNERGY,,3,3,4,,0.7931608887655435,,,
HR_COMPAT,,3,3,5,,1,,,
HR_SYNERGY,,3,3,5,,0.7662565736730906,,,
HR_COMPAT,,3,3,6,,0,,,
HR_SYNERGY,,3,3,6,,0.672570179756369,,,
HR_COMPAT,,3,3,7,,1,,,
HR_SYNERGY,,3,3,7,,0.7975909803887854,,,
HR_COMPAT,,3,4,0,,1,,,
HR_SYNERGY,,3,4,0,,0.8490255181651378,,,
HR_COMPAT,,3,4,1,,0,,,
HR_SYNERGY,,3,4,1,,0.6940827042778739,,,
HR_COMPAT,,3,4,2,,1,,,
HR_SYNERGY,,3,4,2,,0.7514083200700635,,,
HR_COMPAT,,3,4,3,,1,,,
HR_SYNERGY,,3,4,3,,0.753588971488936,,,
HR_COMPAT,,3,4,4,,0,,,
HR_SYNERGY,,3,4,4,,0.797929850124599,,,
HR_COMPAT,,3,4,5,,1,,,
HR_SYNERGY,,3,4,5,,0.7275145291198517,,,
HR_COMPAT,,3,4,6,,0,,,
HR_SYNERGY,,3,4,6,,0.8846714490321129,,,
HR_COMPAT,,3,4,7,,0,,,
HR_SYNERGY,,3,4,7,,0.8273948169116156,,,
HR_COMPAT,,3,5,0,,1,,,
HR_SYNERGY,,3,5,0,,0.716237909652346,,,
HR_COMPAT,,3,5,1,,0,,,
HR_SYNERGY,,3,5,1,,0.6826425057042216,,,
HR_COMPAT,,3,5,2,,0,,,
HR_SYNERGY,,3,5,2,,0.8570435921956634,,,
HR_COMPAT,,3,5,3,,0,,,
HR_SYNERGY,,3,5,3,,0.7858070926552557,,,
HR_COMPAT,,3,5,4,,0,,,
HR_SYNERGY,,3,5,4,,0.6970114939056095,,,
HR_COMPAT,,3,5,5,,0,,,
HR_SYNERGY,,3,5,5,,0.8697075118727251,,,
HR_COMPAT,,3,5,6,,0,,,
HR_SYNERGY,,3,5,6,,0.7227542888758325,,,
HR_COMPAT,,3,5,7,,1,,,
HR_SYNERGY,,3,5,7,,0.6608499806112031,,,
HR_COMPAT,,3,6,0,,0,,,
HR_SYNERGY,,3,6,0,,0.8411177483298132,,,
HR_COMPAT,,3,6,1,,0,,,
HR_SYNERGY,,3,6,1,,0.8469542560706167,,,
HR_COMPAT,,3,6,2,,1,,,
HR_SYNERGY,,3,6,2,,0.7905429188986403,,,
HR_COMPAT,,3,6,3,,1,,,
HR_SYNERGY,,3,6,3,,0.7723750782480522,,,
HR_COMPAT,,3,6,4,,0,,,
HR_SYNERGY,,3,6,4,,0.8334123093195321,,,
HR_COMPAT,,3,6,5,,1,,,
HR_SYNERGY,,3,6,5,,0.6703888174093795,,,
HR_COMPAT,,3,6,6,,0,,,
HR_SYNERGY,,3,6,6,,0.8618863284700364,,,
HR_COMPAT,,3,6,7,,0,,,
HR_SYNERGY,,3,6,7,,0.8979447691546409,,,
HR_COMPAT,,3,7,0,,1,,,
HR_SYNERGY,,3,7,0,,0.6613390702965006,,,
HR_COMPAT,,3,7,1,,0,,,
HR_SYNERGY,,3,7,1,,0.8369139602912855,,,
HR_COMPAT,,3,7,2,,1,,,
HR_SYNERGY,,3,7,2,,0.6698866934186891,,,
HR_COMPAT,,3,7,3,,0,,,
HR_SYNERGY,,3,7,3,,0.7752346465255305,,,
HR_COMPAT,,3,7,4,,0,,,
HR_SYNERGY,,3,7,4,,0.6681938282611859,,,
HR_COMPAT,,3,7,5,,1,,,
HR_SYNERGY,,3,7,5,,0.7375762157370283,,,
HR_COMPAT,,3,7,6,,0,,,
HR_SYNERGY,,3,7,6,,0.7287209318692237,,,
HR_COMPAT,,3,7,7,,1,,,
HR_SYNERGY,,3,7,7,,0.8361492840681597,,,
HR_COMPAT,,3,8,0,,1,,,
HR_SYNERGY,,3,8,0,,0.8536895350152495,,,
HR_COMPAT,,3,8,1,,0,,,
HR_SYNERGY,,3,8,1,,0.6642320655424871,,,
HR_COMPAT,,3,8,2,,1,,,
HR_SYNERGY,,3,8,2,,0.8820293087139042,,,
HR_COMPAT,,3,8,3,,1,,,
HR_SYNERGY,,3,8,3,,0.7809286061812838,,,
HR_COMPAT,,3,8,4,,0,,,
HR_SYNERGY,,3,8,4,,0.6508357493002302,,,
HR_COMPAT,,3,8,5,,1,,,
HR_SYNERGY,,3,8,5,,0.8746608287408961,,,
HR_COMPAT,,3,8,6,,0,,,
HR_SYNERGY,,3,8,6,,0.6660961470361296,,,
HR_COMPAT,,3,8,7,,1,,,
HR_SYNERGY,,3,8,7,,0.8449302851023607,,,
HR_COMPAT,,3,9,0,,1,,,
HR_SYNERGY,,3,9,0,,0.7268382090843888,,,
HR_COMPAT,,3,9,1,,0,,,
HR_SYNERGY,,3,9,1,,0.8812361204443235,,,
HR_COMPAT,,3,9,2,,1,,,
HR_SYNERGY,,3,9,2,,0.7183151618240063,,,
HR_COMPAT,,3,9,3,,1,,,
HR_SYNERGY,,3,9,3,,0.7213795316258838,,,
HR_COMPAT,,3,9,4,,0,,,
HR_SYNERGY,,3,9,4,,0.8455698413833846,,,
HR_COMPAT,,3,9,5,,1,,,
HR_SYNERGY,,3,9,5,,0.6942190004707914,,,
HR_COMPAT,,3,9,6,,0,,,
HR_SYNERGY,,3,9,6,,0.7709616209508188,,,
HR_COMPAT,,3,9,7,,1,,,
HR_SYNERGY,,3,9,7,,0.6824366440387583,,,
HR_COMPAT,,4,0,0,,1,,,
HR_SYNERGY,,4,0,0,,0.707951339883442,,,
HR_COMPAT,,4,0,1,,1,,,
HR_SYNERGY,,4,0,1,,0.8309819118391044,,,
HR_COMPAT,,4,0,2,,1,,,
HR_SYNERGY,,4,0,2,,0.7423092629194338,,,
HR_COMPAT,,4,0,3,,0,,,
HR_SYNERGY,,4,0,3,,0.800795075542676,,,
HR_COMPAT,,4,0,4,,0,,,
HR_SYNERGY,,4,0,4,,0.6632395254911707,,,
HR_COMPAT,,4,0,5,,1,,,
HR_SYNERGY,,4,0,5,,0.7868394888758488,,,
HR_COMPAT,,4,0,6,,0,,,
HR_SYNERGY,,4,0,6,,0.8127298090438916,,,
HR_COMPAT,,4,0,7,,0,,,
HR_SYNERGY,,4,0,7,,0.7474850992838145,,,
HR_COMPAT,,4,1,0,,1,,,
HR_SYNERGY,,4,1,0,,0.8239919111628674,,,
HR_COMPAT,,4,1,1,,1,,,
HR_SYNERGY,,4,1,1,,0.8000415286865833,,,
HR_COMPAT,,4,1,2,,1,,,
HR_SYNERGY,,4,1,2,,0.8512990062087796,,,
HR_COMPAT,,4,1,3,,1,,,
HR_SYNERGY,,4,1,3,,0.660386428363522,,,
HR_COMPAT,,4,1,4,,1,,,
HR_SYNERGY,,4,1,4,,0.7240228705857468,,,
HR_COMPAT,,4,1,5,,1,,,
HR_SYNERGY,,4,1,5,,0.7765739756527223,,,
HR_COMPAT,,4,1,6,,0,,,
HR_SYNERGY,,4,1,6,,0.8601430501116447,,,
HR_COMPAT,,4,1,7,,1,,,
HR_SYNERGY,,4,1,7,,0.8913660291374279,,,
HR_COMPAT,,4,2,0,,1,,,
HR_SYNERGY,,4,2,0,,0.8106804034786494,,,
HR_COMPAT,,4,2,1,,0,,,
HR_SYNERGY,,4,2,1,,0.8043656756772285,,,
HR_COMPAT,,4,2,2,,0,,,
HR_SYNERGY,,4,2,2,,0.8315532026968643,,,
HR_COMPAT,,4,2,3,,0,,,
HR_SYNERGY,,4,2,3,,0.8430275374960836,,,
HR_COMPAT,,4,2,4,,0,,,
HR_SYNERGY,,4,2,4,,0.8534168409659625,,,
HR_COMPAT,,4,2,5,,0,,,
HR_SYNERGY,,4,2,5,,0.7470827636141841,,,
HR_COMPAT,,4,2,6,,0,,,
HR_SYNERGY,,4,2,6,,0.887732871203929,,,
HR_COMPAT,,4,2,7,,1,,,
HR_SYNERGY,,4,2,7,,0.8463119870799274,,,
HR_COMPAT,,4,3,0,,0,,,
HR_SYNERGY,,4,3,0,,0.6684183224524398,,,
HR_COMPAT,,4,3,1,,1,,,
HR_SYNERGY,,4,3,1,,0.8168335799682838,,,
HR_COMPAT,,4,3,2,,1,,,
HR_SYNERGY,,4,3,2,,0.7652363262908433,,,
HR_COMPAT,,4,3,3,,1,,,
HR_SYNERGY,,4,3,3,,0.7322262982252021,,,
HR_COMPAT,,4,3,4,,1,,,
HR_SYNERGY,,4,3,4,,0.8543402952285553,,,
HR_COMPAT,,4,3,5,,0,,,
HR_SYNERGY,,4,3,5,,0.798330219406767,,,
HR_COMPAT,,4,3,6,,0,,,
HR_SYNERGY,,4,3,6,,0.6839417836063613,,,
HR_COMPAT,,4,3,7,,1,,,
HR_SYNERGY,,4,3,7,,0.8492184836990826,,,
HR_COMPAT,,4,4,0,,1,,,
HR_SYNERGY,,4,4,0,,0.850497886327886,,,
HR_COMPAT,,4,4,1,,1,,,
HR_SYNERGY,,4,4,1,,0.7777385900526775,,,
HR_COMPAT,,4,4,2,,1,,,
HR_SYNERGY,,4,4,2,,0.8264899236445842,,,
HR_COMPAT,,4,4,3,,0,,,
HR_SYNERGY,,4,4,3,,0.7376734794224711,,,
HR_COMPAT,,4,4,4,,1,,,
HR_SYNERGY,,4,4,4,,0.8813631643684572,,,
HR_COMPAT,,4,4,5,,1,,,
HR_SYNERGY,,4,4,5,,0.7862362115595501,,,
HR_COMPAT,,4,4,6,,0,,,
HR_SYNERGY,,4,4,6,,0.8388322075491261,,,
HR_COMPAT,,4,4,7,,0,,,
HR_SYNERGY,,4,4,7,,0.7986814610004692,,,
HR_COMPAT,,4,5,0,,1,,,
HR_SYNERGY,,4,5,0,,0.7769083008984595,,,
HR_COMPAT,,4,5,1,,1,,,
HR_SYNERGY,,4,5,1,,0.7254578868610849,,,
HR_COMPAT,,4,5,2,,0,,,
HR_SYNERGY,,4,5,2,,0.8391426824423572,,,
HR_COMPAT,,4,5,3,,0,,,
HR_SYNERGY,,4,5,3,,0.8081221966495998,,,
HR_COMPAT,,4,5,4,,1,,,
HR_SYNERGY,,4,5,4,,0.7832345706211856,,,
HR_COMPAT,,4,5,5,,1,,,
HR_SYNERGY,,4,5,5,,0.7028420274790872,,,
HR_COMPAT,,4,5,6,,0,,,
HR_SYNERGY,,4,5,6,,0.7447223465080715,,,
HR_COMPAT,,4,5,7,,1,,,
HR_SYNERGY,,4,5,7,,0.8779168978357081,,,
HR_COMPAT,,4,6,0,,0,,,
HR_SYNERGY,,4,6,0,,0.8411725478711786,,,
HR_COMPAT,,4,6,1,,0,,,
HR_SYNERGY,,4,6,1,,0.8719063377143917,,,
HR_COMPAT,,4,6,2,,1,,,
HR_SYNERGY,,4,6,2,,0.7114844677659855,,,
HR_COMPAT,,4,6,3,,1,,,
HR_SYNERGY,,4,6,3,,0.844306146663533,,,
HR_COMPAT,,4,6,4,,0,,,
HR_SYNERGY,,4,6,4,,0.8557398218043332,,,
HR_COMPAT,,4,6,5,,1,,,
HR_SYNERGY,,4,6,5,,0.860425698268742,,,
HR_COMPAT,,4,6,6,,0,,,
HR_SYNERGY,,4,6,6,,0.8659148018101429,,,
HR_COMPAT,,4,6,7,,0,,,
HR_SYNERGY,,4,6,7,,0.744642509359895,,,
HR_COMPAT,,4,7,0,,0,,,
HR_SYNERGY,,4,7,0,,0.652872295676811,,,
HR_COMPAT,,4,7,1,,1,,,
HR_SYNERGY,,4,7,1,,0.719151392472642,,,
HR_COMPAT,,4,7,2,,1,,,
HR_SYNERGY,,4,7,2,,0.7235254417050118,,,
HR_COMPAT,,4,7,3,,0,,,
HR_SYNERGY,,4,7,3,,0.725969186190343,,,
HR_COMPAT,,4,7,4,,0,,,
HR_SYNERGY,,4,7,4,,0.8586128917447824,,,
HR_COMPAT,,4,7,5,,1,,,
HR_SYNERGY,,4,7,5,,0.7478181344019394,,,
HR_COMPAT,,4,7,6,,0,,,
HR_SYNERGY,,4,7,6,,0.7425420374398432,,,
HR_COMPAT,,4,7,7,,1,,,
HR_SYNERGY,,4,7,7,,0.8237838132122002,,,
HR_COMPAT,,4,8,0,,1,,,
HR_SYNERGY,,4,8,0,,0.8329142452840554,,,
HR_COMPAT,,4,8,1,,1,,,
HR_SYNERGY,,4,8,1,,0.8308602680711927,,,
HR_COMPAT,,4,8,2,,1,,,
HR_SYNERGY,,4,8,2,,0.6614878618451554,,,
HR_COMPAT,,4,8,3,,1,,,
HR_SYNERGY,,4,8,3,,0.7293934658312775,,,
HR_COMPAT,,4,8,4,,1,,,
HR_SYNERGY,,4,8,4,,0.8324859913085814,,,
HR_COMPAT,,4,8,5,,1,,,
HR_SYNERGY,,4,8,5,,0.8126947088875311,,,
HR_COMPAT,,4,8,6,,0,,,
HR_SYNERGY,,4,8,6,,0.8828314562211825,,,
HR_COMPAT,,4,8,7,,0,,,
HR_SYNERGY,,4,8,7,,0.766372113497489,,,
HR_COMPAT,,4,9,0,,0,,,
HR_SYNERGY,,4,9,0,,0.7330035756159688,,,
HR_COMPAT,,4,9,1,,1,,,
HR_SYNERGY,,4,9,1,,0.8060464936579902,,,
HR_COMPAT,,4,9,2,,0,,,
HR_SYNERGY,,4,9,2,,0.7984573663542097,,,
HR_COMPAT,,4,9,3,,1,,,
HR_SYNERGY,,4,9,3,,0.675652799972216,,,
HR_COMPAT,,4,9,4,,0,,,
HR_SYNERGY,,4,9,4,,0.7808213476648759,,,
HR_COMPAT,,4,9,5,,0,,,
HR_SYNERGY,,4,9,5,,0.8588149243870794,,,
HR_COMPAT,,4,9,6,,0,,,
HR_SYNERGY,,4,9,6,,0.7378480572287639,,,
HR_COMPAT,,4,9,7,,1,,,
HR_SYNERGY,,4,9,7,,0.8889831664439339,,,
HR_COMPAT,,5,0,0,,1,,,
HR_SYNERGY,,5,0,0,,0.8380373717129274,,,
HR_COMPAT,,5,0,1,,0,,,
HR_SYNERGY,,5,0,1,,0.732988270208389,,,
HR_COMPAT,,5,0,2,,0,,,
HR_SYNERGY,,5,0,2,,0.8260980154682008,,,
HR_COMPAT,,5,0,3,,0,,,
HR_SYNERGY,,5,0,3,,0.7715548434346908,,,
HR_COMPAT,,5,0,4,,1,,,
HR_SYNERGY,,5,0,4,,0.8586703380743483,,,
HR_COMPAT,,5,0,5,,0,,,
HR_SYNERGY,,5,0,5,,0.8561592941727186,,,
HR_COMPAT,,5,0,6,,1,,,
HR_SYNERGY,,5,0,6,,0.7343065741814054,,,
HR_COMPAT,,5,0,7,,0,,,
HR_SYNERGY,,5,0,7,,0.8135493379308683,,,
HR_COMPAT,,5,1,0,,1,,,
HR_SYNERGY,,5,1,0,,0.7258525445912685,,,
HR_COMPAT,,5,1,1,,0,,,
HR_SYNERGY,,5,1,1,,0.6937399549037846,,,
HR_COMPAT,,5,1,2,,0,,,
HR_SYNERGY,,5,1,2,,0.8016233959240544,,,
HR_COMPAT,,5,1,3,,0,,,
HR_SYNERGY,,5,1,3,,0.719516794599966,,,
HR_COMPAT,,5,1,4,,1,,,
HR_SYNERGY,,5,1,4,,0.7235252229227345,,,
HR_COMPAT,,5,1,5,,0,,,
HR_SYNERGY,,5,1,5,,0.678197944576833,,,
HR_COMPAT,,5,1,6,,0,,,
HR_SYNERGY,,5,1,6,,0.7260005677073784,,,
HR_COMPAT,,5,1,7,,0,,,
HR_SYNERGY,,5,1,7,,0.726017161165397,,,
HR_COMPAT,,5,2,0,,1,,,
HR_SYNERGY,,5,2,0,,0.6578928272584224,,,
HR_COMPAT,,5,2,1,,0,,,
HR_SYNERGY,,5,2,1,,0.6907588393636085,,,
HR_COMPAT,,5,2,2,,0,,,
HR_SYNERGY,,5,2,2,,0.8993365212716148,,,
HR_COMPAT,,5,2,3,,0,,,
HR_SYNERGY,,5,2,3,,0.8257620206632186,,,
HR_COMPAT,,5,2,4,,1,,,
HR_SYNERGY,,5,2,4,,0.6999251795805335,,,
HR_COMPAT,,5,2,5,,1,,,
HR_SYNERGY,,5,2,5,,0.720761150605322,,,
HR_COMPAT,,5,2,6,,1,,,
HR_SYNERGY,,5,2,6,,0.8022614353514982,,,
HR_COMPAT,,5,2,7,,0,,,
HR_SYNERGY,,5,2,7,,0.8113888645119769,,,
HR_COMPAT,,5,3,0,,0,,,
HR_SYNERGY,,5,3,0,,0.8809457520377567,,,
HR_COMPAT,,5,3,1,,0,,,
HR_SYNERGY,,5,3,1,,0.7256844487123653,,,
HR_COMPAT,,5,3,2,,0,,,
HR_SYNERGY,,5,3,2,,0.7380174574155244,,,
HR_COMPAT,,5,3,3,,0,,,
HR_SYNERGY,,5,3,3,,0.8873598132789117,,,
HR_COMPAT,,5,3,4,,1,,,
HR_SYNERGY,,5,3,4,,0.7411979099168723,,,
HR_COMPAT,,5,3,5,,1,,,
HR_SYNERGY,,5,3,5,,0.8174370444014238,,,
HR_COMPAT,,5,3,6,,0,,,
HR_SYNERGY,,5,3,6,,0.8935386283917706,,,
HR_COMPAT,,5,3,7,,0,,,
HR_SYNERGY,,5,3,7,,0.7568173823164496,,,
HR_COMPAT,,5,4,0,,1,,,
HR_SYNERGY,,5,4,0,,0.8352684001317225,,,
HR_COMPAT,,5,4,1,,0,,,
HR_SYNERGY,,5,4,1,,0.7940624364106785,,,
HR_COMPAT,,5,4,2,,0,,,
HR_SYNERGY,,5,4,2,,0.8659018050312721,,,
HR_COMPAT,,5,4,3,,0,,,
HR_SYNERGY,,5,4,3,,0.8482163034581489,,,
HR_COMPAT,,5,4,4,,1,,,
HR_SYNERGY,,5,4,4,,0.7227285538269217,,,
HR_COMPAT,,5,4,5,,1,,,
HR_SYNERGY,,5,4,5,,0.8687174334585327,,,
HR_COMPAT,,5,4,6,,1,,,
HR_SYNERGY,,5,4,6,,0.8691735724606546,,,
HR_COMPAT,,5,4,7,,0,,,
HR_SYNERGY,,5,4,7,,0.7054396088852464,,,
HR_COMPAT,,5,5,0,,1,,,
HR_SYNERGY,,5,5,0,,0.7678015144883668,,,
HR_COMPAT,,5,5,1,,0,,,
HR_SYNERGY,,5,5,1,,0.8764587200345934,,,
HR_COMPAT,,5,5,2,,0,,,
HR_SYNERGY,,5,5,2,,0.8587815762305817,,,
HR_COMPAT,,5,5,3,,0,,,
HR_SYNERGY,,5,5,3,,0.6772527332257303,,,
HR_COMPAT,,5,5,4,,1,,,
HR_SYNERGY,,5,5,4,,0.6799259180882626,,,
HR_COMPAT,,5,5,5,,0,,,
HR_SYNERGY,,5,5,5,,0.8620456780174608,,,
HR_COMPAT,,5,5,6,,0,,,
HR_SYNERGY,,5,5,6,,0.6639221992584237,,,
HR_COMPAT,,5,5,7,,0,,,
HR_SYNERGY,,5,5,7,,0.8955949090776764,,,
HR_COMPAT,,5,6,0,,0,,,
HR_SYNERGY,,5,6,0,,0.8346167210435248,,,
HR_COMPAT,,5,6,1,,0,,,
HR_SYNERGY,,5,6,1,,0.8329856032554563,,,
HR_COMPAT,,5,6,2,,0,,,
HR_SYNERGY,,5,6,2,,0.6774538950233653,,,
HR_COMPAT,,5,6,3,,0,,,
HR_SYNERGY,,5,6,3,,0.7205974195203823,,,
HR_COMPAT,,5,6,4,,0,,,
HR_SYNERGY,,5,6,4,,0.677170375205089,,,
HR_COMPAT,,5,6,5,,1,,,
HR_SYNERGY,,5,6,5,,0.7462955446436256,,,
HR_COMPAT,,5,6,6,,0,,,
HR_SYNERGY,,5,6,6,,0.7354556914734885,,,
HR_COMPAT,,5,6,7,,0,,,
HR_SYNERGY,,5,6,7,,0.8142903338441547,,,
HR_COMPAT,,5,7,0,,1,,,
HR_SYNERGY,,5,7,0,,0.771828595396373,,,
HR_COMPAT,,5,7,1,,0,,,
HR_SYNERGY,,5,7,1,,0.8662614237152381,,,
HR_COMPAT,,5,7,2,,0,,,
HR_SYNERGY,,5,7,2,,0.8130400377349098,,,
HR_COMPAT,,5,7,3,,0,,,
HR_SYNERGY,,5,7,3,,0.6792367555571364,,,
HR_COMPAT,,5,7,4,,0,,,
HR_SYNERGY,,5,7,4,,0.6883071257568779,,,
HR_COMPAT,,5,7,5,,1,,,
HR_SYNERGY,,5,7,5,,0.7625181233292713,,,
HR_COMPAT,,5,7,6,,0,,,
HR_SYNERGY,,5,7,6,,0.7142576969954629,,,
HR_COMPAT,,5,7,7,,0,,,
HR_SYNERGY,,5,7,7,,0.8289313705690695,,,
HR_COMPAT,,5,8,0,,1,,,
HR_SYNERGY,,5,8,0,,0.6699934291631151,,,
HR_COMPAT,,5,8,1,,0,,,
HR_SYNERGY,,5,8,1,,0.6588723520479629,,,
HR_COMPAT,,5,8,2,,0,,,
HR_SYNERGY,,5,8,2,,0.6983850758739749,,,
HR_COMPAT,,5,8,3,,0,,,
HR_SYNERGY,,5,8,3,,0.8883885733599606,,,
HR_COMPAT,,5,8,4,,1,,,
HR_SYNERGY,,5,8,4,,0.8635284965507648,,,
HR_COMPAT,,5,8,5,,1,,,
HR_SYNERGY,,5,8,5,,0.7723640428292596,,,
HR_COMPAT,,5,8,6,,1,,,
HR_SYNERGY,,5,8,6,,0.7590324964924362,,,
HR_COMPAT,,5,8,7,,0,,,
HR_SYNERGY,,5,8,7,,0.8310757700265851,,,
HR_COMPAT,,5,9,0,,1,,,
HR_SYNERGY,,5,9,0,,0.8935614598252828,,,
HR_COMPAT,,5,9,1,,0,,,
HR_SYNERGY,,5,9,1,,0.6802157833371317,,,
HR_COMPAT,,5,9,2,,0,,,
HR_SYNERGY,,5,9,2,,0.6742987686937567,,,
HR_COMPAT,,5,9,3,,0,,,
HR_SYNERGY,,5,9,3,,0.7952352426459744,,,
HR_COMPAT,,5,9,4,,0,,,
HR_SYNERGY,,5,9,4,,0.8745355896828888,,,
HR_COMPAT,,5,9,5,,1,,,
HR_SYNERGY,,5,9,5,,0.8614989860577569,,,
HR_COMPAT,,5,9,6,,0,,,
HR_SYNERGY,,5,9,6,,0.8164068638690475,,,
HR_COMPAT,,5,9,7,,0,,,
HR_SYNERGY,,5,9,7,,0.8027028089802036,,,
HR_COMPAT,,6,0,0,,1,,,
HR_SYNERGY,,6,0,0,,0.6787714098434445,,,
HR_COMPAT,,6,0,1,,0,,,
HR_SYNERGY,,6,0,1,,0.7028402396135244,,,
HR_COMPAT,,6,0,2,,1,,,
HR_SYNERGY,,6,0,2,,0.7567096824824355,,,
HR_COMPAT,,6,0,3,,1,,,
HR_SYNERGY,,6,0,3,,0.7132232683334924,,,
HR_COMPAT,,6,0,4,,0,,,
HR_SYNERGY,,6,0,4,,0.7345210436457599,,,
HR_COMPAT,,6,0,5,,0,,,
HR_SYNERGY,,6,0,5,,0.70318745318092,,,
HR_COMPAT,,6,0,6,,0,,,
HR_SYNERGY,,6,0,6,,0.8903846056520275,,,
HR_COMPAT,,6,0,7,,1,,,
HR_SYNERGY,,6,0,7,,0.7626719405245113,,,
HR_COMPAT,,6,1,0,,1,,,
HR_SYNERGY,,6,1,0,,0.8696451075769533,,,
HR_COMPAT,,6,1,1,,0,,,
HR_SYNERGY,,6,1,1,,0.8752713905603257,,,
HR_COMPAT,,6,1,2,,1,,,
HR_SYNERGY,,6,1,2,,0.7252788800369885,,,
HR_COMPAT,,6,1,3,,1,,,
HR_SYNERGY,,6,1,3,,0.8099546588553113,,,
HR_COMPAT,,6,1,4,,0,,,
HR_SYNERGY,,6,1,4,,0.823377480507396,,,
HR_COMPAT,,6,1,5,,0,,,
HR_SYNERGY,,6,1,5,,0.7361656395341801,,,
HR_COMPAT,,6,1,6,,0,,,
HR_SYNERGY,,6,1,6,,0.8700948732976219,,,
HR_COMPAT,,6,1,7,,1,,,
HR_SYNERGY,,6,1,7,,0.7963568127330385,,,
HR_COMPAT,,6,2,0,,1,,,
HR_SYNERGY,,6,2,0,,0.7641160812163001,,,
HR_COMPAT,,6,2,1,,0,,,
HR_SYNERGY,,6,2,1,,0.797633555514906,,,
HR_COMPAT,,6,2,2,,0,,,
HR_SYNERGY,,6,2,2,,0.7632416230242103,,,
HR_COMPAT,,6,2,3,,0,,,
HR_SYNERGY,,6,2,3,,0.791632964738811,,,
HR_COMPAT,,6,2,4,,0,,,
HR_SYNERGY,,6,2,4,,0.8968869135545081,,,
HR_COMPAT,,6,2,5,,0,,,
HR_SYNERGY,,6,2,5,,0.8039396967489579,,,
HR_COMPAT,,6,2,6,,0,,,
HR_SYNERGY,,6,2,6,,0.724816639480806,,,
HR_COMPAT,,6,2,7,,0,,,
HR_SYNERGY,,6,2,7,,0.7828247218516545,,,
HR_COMPAT,,6,3,0,,0,,,
HR_SYNERGY,,6,3,0,,0.6889357559429049,,,
HR_COMPAT,,6,3,1,,0,,,
HR_SYNERGY,,6,3,1,,0.8461977227084791,,,
HR_COMPAT,,6,3,2,,0,,,
HR_SYNERGY,,6,3,2,,0.7202856240267737,,,
HR_COMPAT,,6,3,3,,0,,,
HR_SYNERGY,,6,3,3,,0.8576933228186816,,,
HR_COMPAT,,6,3,4,,0,,,
HR_SYNERGY,,6,3,4,,0.7822595091345539,,,
HR_COMPAT,,6,3,5,,0,,,
HR_SYNERGY,,6,3,5,,0.8174139035975997,,,
HR_COMPAT,,6,3,6,,0,,,
HR_SYNERGY,,6,3,6,,0.7120738980623256,,,
HR_COMPAT,,6,3,7,,1,,,
HR_SYNERGY,,6,3,7,,0.7718877266629566,,,
HR_COMPAT,,6,4,0,,1,,,
HR_SYNERGY,,6,4,0,,0.6960887014071646,,,
HR_COMPAT,,6,4,1,,0,,,
HR_SYNERGY,,6,4,1,,0.7554192266640889,,,
HR_COMPAT,,6,4,2,,1,,,
HR_SYNERGY,,6,4,2,,0.7464215434533262,,,
HR_COMPAT,,6,4,3,,1,,,
HR_SYNERGY,,6,4,3,,0.7717553746315774,,,
HR_COMPAT,,6,4,4,,0,,,
HR_SYNERGY,,6,4,4,,0.6651596201700233,,,
HR_COMPAT,,6,4,5,,0,,,
HR_SYNERGY,,6,4,5,,0.6794993099047352,,,
HR_COMPAT,,6,4,6,,0,,,
HR_SYNERGY,,6,4,6,,0.7633061750992378,,,
HR_COMPAT,,6,4,7,,0,,,
HR_SYNERGY,,6,4,7,,0.821377310440277,,,
HR_COMPAT,,6,5,0,,1,,,
HR_SYNERGY,,6,5,0,,0.6832848475921303,,,
HR_COMPAT,,6,5,1,,0,,,
HR_SYNERGY,,6,5,1,,0.7723715044682143,,,
HR_COMPAT,,6,5,2,,0,,,
HR_SYNERGY,,6,5,2,,0.6986216701115565,,,
HR_COMPAT,,6,5,3,,0,,,
HR_SYNERGY,,6,5,3,,0.7027471093812014,,,
HR_COMPAT,,6,5,4,,0,,,
HR_SYNERGY,,6,5,4,,0.7723583211438465,,,
HR_COMPAT,,6,5,5,,0,,,
HR_SYNERGY,,6,5,5,,0.800561043796667,,,
HR_COMPAT,,6,5,6,,0,,,
HR_SYNERGY,,6,5,6,,0.7423218423790146,,,
HR_COMPAT,,6,5,7,,1,,,
HR_SYNERGY,,6,5,7,,0.7949212871782871,,,
HR_COMPAT,,6,6,0,,0,,,
HR_SYNERGY,,6,6,0,,0.6580176839005959,,,
HR_COMPAT,,6,6,1,,0,,,
HR_SYNERGY,,6,6,1,,0.7666919215264927,,,
HR_COMPAT,,6,6,2,,0,,,
HR_SYNERGY,,6,6,2,,0.8252244190194344,,,
HR_COMPAT,,6,6,3,,0,,,
HR_SYNERGY,,6,6,3,,0.8401329909572081,,,
HR_COMPAT,,6,6,4,,0,,,
HR_SYNERGY,,6,6,4,,0.69113748978579,,,
HR_COMPAT,,6,6,5,,0,,,
HR_SYNERGY,,6,6,5,,0.8399921190671638,,,
HR_COMPAT,,6,6,6,,0,,,
HR_SYNERGY,,6,6,6,,0.7440259316144179,,,
HR_COMPAT,,6,6,7,,1,,,
HR_SYNERGY,,6,6,7,,0.6579630178222551,,,
HR_COMPAT,,6,7,0,,0,,,
HR_SYNERGY,,6,7,0,,0.8098791199708426,,,
HR_COMPAT,,6,7,1,,0,,,
HR_SYNERGY,,6,7,1,,0.8691952127490091,,,
HR_COMPAT,,6,7,2,,1,,,
HR_SYNERGY,,6,7,2,,0.7998290268060839,,,
HR_COMPAT,,6,7,3,,0,,,
HR_SYNERGY,,6,7,3,,0.6559183830741275,,,
HR_COMPAT,,6,7,4,,0,,,
HR_SYNERGY,,6,7,4,,0.7768485465769902,,,
HR_COMPAT,,6,7,5,,0,,,
HR_SYNERGY,,6,7,5,,0.6915712333019548,,,
HR_COMPAT,,6,7,6,,0,,,
HR_SYNERGY,,6,7,6,,0.737476998943712,,,
HR_COMPAT,,6,7,7,,0,,,
HR_SYNERGY,,6,7,7,,0.8541558766505954,,,
HR_COMPAT,,6,8,0,,1,,,
HR_SYNERGY,,6,8,0,,0.6557310979436644,,,
HR_COMPAT,,6,8,1,,0,,,
HR_SYNERGY,,6,8,1,,0.8635178422316308,,,
HR_COMPAT,,6,8,2,,1,,,
HR_SYNERGY,,6,8,2,,0.8683810525547658,,,
HR_COMPAT,,6,8,3,,1,,,
HR_SYNERGY,,6,8,3,,0.8078830616060617,,,
HR_COMPAT,,6,8,4,,0,,,
HR_SYNERGY,,6,8,4,,0.7552747680698869,,,
HR_COMPAT,,6,8,5,,0,,,
HR_SYNERGY,,6,8,5,,0.6980349995776023,,,
HR_COMPAT,,6,8,6,,0,,,
HR_SYNERGY,,6,8,6,,0.7864645117324057,,,
HR_COMPAT,,6,8,7,,1,,,
HR_SYNERGY,,6,8,7,,0.7523925323748281,,,
HR_COMPAT,,6,9,0,,0,,,
HR_SYNERGY,,6,9,0,,0.8823331228964236,,,
HR_COMPAT,,6,9,1,,0,,,
HR_SYNERGY,,6,9,1,,0.8612232679422285,,,
HR_COMPAT,,6,9,2,,1,,,
HR_SYNERGY,,6,9,2,,0.8142322716674889,,,
HR_COMPAT,,6,9,3,,1,,,
HR_SYNERGY,,6,9,3,,0.7093615308286337,,,
HR_COMPAT,,6,9,4,,0,,,
HR_SYNERGY,,6,9,4,,0.7243877278767729,,,
HR_COMPAT,,6,9,5,,0,,,
HR_SYNERGY,,6,9,5,,0.7324561300368145,,,
HR_COMPAT,,6,9,6,,0,,,
HR_SYNERGY,,6,9,6,,0.8723094332261805,,,
HR_COMPAT,,6,9,7,,1,,,
HR_SYNERGY,,6,9,7,,0.8195180964293348,,,
HR_COMPAT,,7,0,0,,0,,,
HR_SYNERGY,,7,0,0,,0.7227245815133236,,,
HR_COMPAT,,7,0,1,,0,,,
HR_SYNERGY,,7,0,1,,0.8470884110444266,,,
HR_COMPAT,,7,0,2,,0,,,
HR_SYNERGY,,7,0,2,,0.8283496457541348,,,
HR_COMPAT,,7,0,3,,1,,,
HR_SYNERGY,,7,0,3,,0.8830008871859458,,,
HR_COMPAT,,7,0,4,,1,,,
HR_SYNERGY,,7,0,4,,0.7170414322785469,,,
HR_COMPAT,,7,0,5,,0,,,
HR_SYNERGY,,7,0,5,,0.788308300555328,,,
HR_COMPAT,,7,0,6,,0,,,
HR_SYNERGY,,7,0,6,,0.830736621118146,,,
HR_COMPAT,,7,0,7,,1,,,
HR_SYNERGY,,7,0,7,,0.6887147424047058,,,
HR_COMPAT,,7,1,0,,0,,,
HR_SYNERGY,,7,1,0,,0.7921445970923541,,,
HR_COMPAT,,7,1,1,,0,,,
HR_SYNERGY,,7,1,1,,0.7676548321100258,,,
HR_COMPAT,,7,1,2,,0,,,
HR_SYNERGY,,7,1,2,,0.8363848832563181,,,
HR_COMPAT,,7,1,3,,1,,,
HR_SYNERGY,,7,1,3,,0.7696825099676263,,,
HR_COMPAT,,7,1,4,,1,,,
HR_SYNERGY,,7,1,4,,0.8670416446654032,,,
HR_COMPAT,,7,1,5,,0,,,
HR_SYNERGY,,7,1,5,,0.6823794688822407,,,
HR_COMPAT,,7,1,6,,0,,,
HR_SYNERGY,,7,1,6,,0.6792212291275008,,,
HR_COMPAT,,7,1,7,,1,,,
HR_SYNERGY,,7,1,7,,0.8440312369907557,,,
HR_COMPAT,,7,2,0,,0,,,
HR_SYNERGY,,7,2,0,,0.8802679507849838,,,
HR_COMPAT,,7,2,1,,0,,,
HR_SYNERGY,,7,2,1,,0.6580561360665147,,,
HR_COMPAT,,7,2,2,,0,,,
HR_SYNERGY,,7,2,2,,0.7141571070827735,,,
HR_COMPAT,,7,2,3,,0,,,
HR_SYNERGY,,7,2,3,,0.7112102514998851,,,
HR_COMPAT,,7,2,4,,1,,,
HR_SYNERGY,,7,2,4,,0.7712074223486035,,,
HR_COMPAT,,7,2,5,,0,,,
HR_SYNERGY,,7,2,5,,0.8003922139146975,,,
HR_COMPAT,,7,2,6,,0,,,
HR_SYNERGY,,7,2,6,,0.7598212759018119,,,
HR_COMPAT,,7,2,7,,0,,,
HR_SYNERGY,,7,2,7,,0.8336799071450007,,,
HR_COMPAT,,7,3,0,,0,,,
HR_SYNERGY,,7,3,0,,0.6939081395630049,,,
HR_COMPAT,,7,3,1,,0,,,
HR_SYNERGY,,7,3,1,,0.8473049587755783,,,
HR_COMPAT,,7,3,2,,0,,,
HR_SYNERGY,,7,3,2,,0.7485142938366146,,,
HR_COMPAT,,7,3,3,,1,,,
HR_SYNERGY,,7,3,3,,0.7153642369919097,,,
HR_COMPAT,,7,3,4,,0,,,
HR_SYNERGY,,7,3,4,,0.8289681116491502,,,
HR_COMPAT,,7,3,5,,0,,,
HR_SYNERGY,,7,3,5,,0.8489713114717679,,,
HR_COMPAT,,7,3,6,,0,,,
HR_SYNERGY,,7,3,6,,0.8078087671641012,,,
HR_COMPAT,,7,3,7,,1,,,
HR_SYNERGY,,7,3,7,,0.795482663477905,,,
HR_COMPAT,,7,4,0,,0,,,
HR_SYNERGY,,7,4,0,,0.7485297467080265,,,
HR_COMPAT,,7,4,1,,0,,,
HR_SYNERGY,,7,4,1,,0.6538018844070099,,,
HR_COMPAT,,7,4,2,,0,,,
HR_SYNERGY,,7,4,2,,0.8164519652751592,,,
HR_COMPAT,,7,4,3,,1,,,
HR_SYNERGY,,7,4,3,,0.8155017496233444,,,
HR_COMPAT,,7,4,4,,1,,,
HR_SYNERGY,,7,4,4,,0.8021835316863908,,,
HR_COMPAT,,7,4,5,,0,,,
HR_SYNERGY,,7,4,5,,0.8573666479296784,,,
HR_COMPAT,,7,4,6,,0,,,
HR_SYNERGY,,7,4,6,,0.6648678397780948,,,
HR_COMPAT,,7,4,7,,0,,,
HR_SYNERGY,,7,4,7,,0.8904880290636107,,,
HR_COMPAT,,7,5,0,,0,,,
HR_SYNERGY,,7,5,0,,0.7971071074684558,,,
HR_COMPAT,,7,5,1,,0,,,
HR_SYNERGY,,7,5,1,,0.8213173379662804,,,
HR_COMPAT,,7,5,2,,0,,,
HR_SYNERGY,,7,5,2,,0.6878768776470554,,,
HR_COMPAT,,7,5,3,,0,,,
HR_SYNERGY,,7,5,3,,0.6502177891418556,,,
HR_COMPAT,,7,5,4,,1,,,
HR_SYNERGY,,7,5,4,,0.7715684893960959,,,
HR_COMPAT,,7,5,5,,0,,,
HR_SYNERGY,,7,5,5,,0.7456702346709377,,,
HR_COMPAT,,7,5,6,,0,,,
HR_SYNERGY,,7,5,6,,0.7128190979397021,,,
HR_COMPAT,,7,5,7,,1,,,
HR_SYNERGY,,7,5,7,,0.7747254002659163,,,
HR_COMPAT,,7,6,0,,0,,,
HR_SYNERGY,,7,6,0,,0.8971660897469609,,,
HR_COMPAT,,7,6,1,,0,,,
HR_SYNERGY,,7,6,1,,0.8655100774636444,,,
HR_COMPAT,,7,6,2,,0,,,
HR_SYNERGY,,7,6,2,,0.7563287747574015,,,
HR_COMPAT,,7,6,3,,1,,,
HR_SYNERGY,,7,6,3,,0.6751052718157232,,,
HR_COMPAT,,7,6,4,,0,,,
HR_SYNERGY,,7,6,4,,0.7372878160806711,,,
HR_COMPAT,,7,6,5,,0,,,
HR_SYNERGY,,7,6,5,,0.7761076088763009,,,
HR_COMPAT,,7,6,6,,0,,,
HR_SYNERGY,,7,6,6,,0.791371554759334,,,
HR_COMPAT,,7,6,7,,1,,,
HR_SYNERGY,,7,6,7,,0.6954758669899427,,,
HR_COMPAT,,7,7,0,,0,,,
HR_SYNERGY,,7,7,0,,0.8265698692531698,,,
HR_COMPAT,,7,7,1,,0,,,
HR_SYNERGY,,7,7,1,,0.8957637498820621,,,
HR_COMPAT,,7,7,2,,0,,,
HR_SYNERGY,,7,7,2,,0.7848037522168626,,,
HR_COMPAT,,7,7,3,,0,,,
HR_SYNERGY,,7,7,3,,0.6937714026566595,,,
HR_COMPAT,,7,7,4,,0,,,
HR_SYNERGY,,7,7,4,,0.8380252194984505,,,
HR_COMPAT,,7,7,5,,0,,,
HR_SYNERGY,,7,7,5,,0.7037273186339343,,,
HR_COMPAT,,7,7,6,,0,,,
HR_SYNERGY,,7,7,6,,0.6633390623264662,,,
HR_COMPAT,,7,7,7,,0,,,
HR_SYNERGY,,7,7,7,,0.8232708239213464,,,
HR_COMPAT,,7,8,0,,0,,,
HR_SYNERGY,,7,8,0,,0.7479042639212761,,,
HR_COMPAT,,7,8,1,,0,,,
HR_SYNERGY,,7,8,1,,0.8457870932897391,,,
HR_COMPAT,,7,8,2,,0,,,
HR_SYNERGY,,7,8,2,,0.710249962365176,,,
HR_COMPAT,,7,8,3,,0,,,
HR_SYNERGY,,7,8,3,,0.7927972980354778,,,
HR_COMPAT,,7,8,4,,1,,,
HR_SYNERGY,,7,8,4,,0.8697040516009364,,,
HR_COMPAT,,7,8,5,,0,,,
HR_SYNERGY,,7,8,5,,0.6793347868349789,,,
HR_COMPAT,,7,8,6,,0,,,
HR_SYNERGY,,7,8,6,,0.836283902997458,,,
HR_COMPAT,,7,8,7,,0,,,
HR_SYNERGY,,7,8,7,,0.8084936484847309,,,
HR_COMPAT,,7,9,0,,0,,,
HR_SYNERGY,,7,9,0,,0.7880386130868754,,,
HR_COMPAT,,7,9,1,,0,,,
HR_SYNERGY,,7,9,1,,0.7975351183130605,,,
HR_COMPAT,,7,9,2,,0,,,
HR_SYNERGY,,7,9,2,,0.6691511785370129,,,
HR_COMPAT,,7,9,3,,1,,,
HR_SYNERGY,,7,9,3,,0.6594085430667305,,,
HR_COMPAT,,7,9,4,,0,,,
HR_SYNERGY,,7,9,4,,0.8543840185278071,,,
HR_COMPAT,,7,9,5,,0,,,
HR_SYNERGY,,7,9,5,,0.878569289943683,,,
HR_COMPAT,,7,9,6,,0,,,
HR_SYNERGY,,7,9,6,,0.7916006108371755,,,
HR_COMPAT,,7,9,7,,1,,,
HR_SYNERGY,,7,9,7,,0.8376735273271565,,,
HR_COMPAT,,8,0,0,,0,,,
HR_SYNERGY,,8,0,0,,0.7052165038817427,,,
HR_COMPAT,,8,0,1,,0,,,
HR_SYNERGY,,8,0,1,,0.725900290880135,,,
HR_COMPAT,,8,0,2,,0,,,
HR_SYNERGY,,8,0,2,,0.7406804989566731,,,
HR_COMPAT,,8,0,3,,0,,,
HR_SYNERGY,,8,0,3,,0.8081094593829967,,,
HR_COMPAT,,8,0,4,,1,,,
HR_SYNERGY,,8,0,4,,0.836316908160881,,,
HR_COMPAT,,8,0,5,,0,,,
HR_SYNERGY,,8,0,5,,0.779002402952168,,,
HR_COMPAT,,8,0,6,,1,,,
HR_SYNERGY,,8,0,6,,0.8804858734732905,,,
HR_COMPAT,,8,0,7,,1,,,
HR_SYNERGY,,8,0,7,,0.8496622155976019,,,
HR_COMPAT,,8,1,0,,0,,,
HR_SYNERGY,,8,1,0,,0.8215457905522433,,,
HR_COMPAT,,8,1,1,,1,,,
HR_SYNERGY,,8,1,1,,0.6947784829282095,,,
HR_COMPAT,,8,1,2,,0,,,
HR_SYNERGY,,8,1,2,,0.6762377537856034,,,
HR_COMPAT,,8,1,3,,0,,,
HR_SYNERGY,,8,1,3,,0.6605058926750063,,,
HR_COMPAT,,8,1,4,,1,,,
HR_SYNERGY,,8,1,4,,0.7135980495257752,,,
HR_COMPAT,,8,1,5,,0,,,
HR_SYNERGY,,8,1,5,,0.761940169438003,,,
HR_COMPAT,,8,1,6,,1,,,
HR_SYNERGY,,8,1,6,,0.7563092717193145,,,
HR_COMPAT,,8,1,7,,0,,,
HR_SYNERGY,,8,1,7,,0.8902090203490878,,,
HR_COMPAT,,8,2,0,,0,,,
HR_SYNERGY,,8,2,0,,0.7852361011230335,,,
HR_COMPAT,,8,2,1,,1,,,
HR_SYNERGY,,8,2,1,,0.6914794262699133,,,
HR_COMPAT,,8,2,2,,0,,,
HR_SYNERGY,,8,2,2,,0.6855209661562478,,,
HR_COMPAT,,8,2,3,,0,,,
HR_SYNERGY,,8,2,3,,0.6640200131352132,,,
HR_COMPAT,,8,2,4,,1,,,
HR_SYNERGY,,8,2,4,,0.8343726639790319,,,
HR_COMPAT,,8,2,5,,0,,,
HR_SYNERGY,,8,2,5,,0.8342979803267898,,,
HR_COMPAT,,8,2,6,,1,,,
HR_SYNERGY,,8,2,6,,0.8268385695195622,,,
HR_COMPAT,,8,2,7,,1,,,
HR_SYNERGY,,8,2,7,,0.8953107940425487,,,
HR_COMPAT,,8,3,0,,0,,,
HR_SYNERGY,,8,3,0,,0.842469697144474,,,
HR_COMPAT,,8,3,1,,1,,,
HR_SYNERGY,,8,3,1,,0.6758421945265843,,,
HR_COMPAT,,8,3,2,,0,,,
HR_SYNERGY,,8,3,2,,0.7148057396698463,,,
HR_COMPAT,,8,3,3,,0,,,
HR_SYNERGY,,8,3,3,,0.8512475428495793,,,
HR_COMPAT,,8,3,4,,1,,,
HR_SYNERGY,,8,3,4,,0.6779101313640765,,,
HR_COMPAT,,8,3,5,,0,,,
HR_SYNERGY,,8,3,5,,0.7725036358232401,,,
HR_COMPAT,,8,3,6,,0,,,
HR_SYNERGY,,8,3,6,,0.6869372912018099,,,
HR_COMPAT,,8,3,7,,0,,,
HR_SYNERGY,,8,3,7,,0.6938402681402136,,,
HR_COMPAT,,8,4,0,,0,,,
HR_SYNERGY,,8,4,0,,0.6600146215900635,,,
HR_COMPAT,,8,4,1,,1,,,
HR_SYNERGY,,8,4,1,,0.6796323517841074,,,
HR_COMPAT,,8,4,2,,0,,,
HR_SYNERGY,,8,4,2,,0.7017926731032578,,,
HR_COMPAT,,8,4,3,,0,,,
HR_SYNERGY,,8,4,3,,0.8675004602666161,,,
HR_COMPAT,,8,4,4,,1,,,
HR_SYNERGY,,8,4,4,,0.7770108371079337,,,
HR_COMPAT,,8,4,5,,0,,,
HR_SYNERGY,,8,4,5,,0.8296949551854975,,,
HR_COMPAT,,8,4,6,,1,,,
HR_SYNERGY,,8,4,6,,0.7622159158688324,,,
HR_COMPAT,,8,4,7,,0,,,
HR_SYNERGY,,8,4,7,,0.6650032186394552,,,
HR_COMPAT,,8,5,0,,0,,,
HR_SYNERGY,,8,5,0,,0.7473622908162507,,,
HR_COMPAT,,8,5,1,,0,,,
HR_SYNERGY,,8,5,1,,0.8898577019561319,,,
HR_COMPAT,,8,5,2,,0,,,
HR_SYNERGY,,8,5,2,,0.7161953919552035,,,
HR_COMPAT,,8,5,3,,0,,,
HR_SYNERGY,,8,5,3,,0.8486013349564278,,,
HR_COMPAT,,8,5,4,,1,,,
HR_SYNERGY,,8,5,4,,0.7457768004900602,,,
HR_COMPAT,,8,5,5,,0,,,
HR_SYNERGY,,8,5,5,,0.8895339866858232,,,
HR_COMPAT,,8,5,6,,0,,,
HR_SYNERGY,,8,5,6,,0.7262576586211907,,,
HR_COMPAT,,8,5,7,,0,,,
HR_SYNERGY,,8,5,7,,0.709488049373246,,,
HR_COMPAT,,8,6,0,,0,,,
HR_SYNERGY,,8,6,0,,0.7636932271581066,,,
HR_COMPAT,,8,6,1,,1,,,
HR_SYNERGY,,8,6,1,,0.7080819353117161,,,
HR_COMPAT,,8,6,2,,0,,,
HR_SYNERGY,,8,6,2,,0.6643405457922638,,,
HR_COMPAT,,8,6,3,,0,,,
HR_SYNERGY,,8,6,3,,0.781079266137673,,,
HR_COMPAT,,8,6,4,,1,,,
HR_SYNERGY,,8,6,4,,0.7218807692734351,,,
HR_COMPAT,,8,6,5,,0,,,
HR_SYNERGY,,8,6,5,,0.8943031116188148,,,
HR_COMPAT,,8,6,6,,0,,,
HR_SYNERGY,,8,6,6,,0.6589082060270874,,,
HR_COMPAT,,8,6,7,,1,,,
HR_SYNERGY,,8,6,7,,0.733062343423335,,,
HR_COMPAT,,8,7,0,,0,,,
HR_SYNERGY,,8,7,0,,0.8235659295812814,,,
HR_COMPAT,,8,7,1,,1,,,
HR_SYNERGY,,8,7,1,,0.6704761637606856,,,
HR_COMPAT,,8,7,2,,0,,,
HR_SYNERGY,,8,7,2,,0.8267988839292082,,,
HR_COMPAT,,8,7,3,,0,,,
HR_SYNERGY,,8,7,3,,0.8519455933587862,,,
HR_COMPAT,,8,7,4,,0,,,
HR_SYNERGY,,8,7,4,,0.7900405216725986,,,
HR_COMPAT,,8,7,5,,0,,,
HR_SYNERGY,,8,7,5,,0.7459736210002718,,,
HR_COMPAT,,8,7,6,,0,,,
HR_SYNERGY,,8,7,6,,0.6933002640499334,,,
HR_COMPAT,,8,7,7,,1,,,
HR_SYNERGY,,8,7,7,,0.8864239773806651,,,
HR_COMPAT,,8,8,0,,0,,,
HR_SYNERGY,,8,8,0,,0.8644429103180907,,,
HR_COMPAT,,8,8,1,,1,,,
HR_SYNERGY,,8,8,1,,0.7302488437257569,,,
HR_COMPAT,,8,8,2,,0,,,
HR_SYNERGY,,8,8,2,,0.8859723375167367,,,
HR_COMPAT,,8,8,3,,0,,,
HR_SYNERGY,,8,8,3,,0.7448706803085308,,,
HR_COMPAT,,8,8,4,,1,,,
HR_SYNERGY,,8,8,4,,0.8402707900166625,,,
HR_COMPAT,,8,8,5,,0,,,
HR_SYNERGY,,8,8,5,,0.7720788114896218,,,
HR_COMPAT,,8,8,6,,1,,,
HR_SYNERGY,,8,8,6,,0.8499304049273514,,,
HR_COMPAT,,8,8,7,,1,,,
HR_SYNERGY,,8,8,7,,0.8829311422053041,,,
HR_COMPAT,,8,9,0,,0,,,
HR_SYNERGY,,8,9,0,,0.8082564800771508,,,
HR_COMPAT,,8,9,1,,1,,,
HR_SYNERGY,,8,9,1,,0.6744957648161715,,,
HR_COMPAT,,8,9,2,,0,,,
HR_SYNERGY,,8,9,2,,0.7633721499017924,,,
HR_COMPAT,,8,9,3,,0,,,
HR_SYNERGY,,8,9,3,,0.7366395658108886,,,
HR_COMPAT,,8,9,4,,0,,,
HR_SYNERGY,,8,9,4,,0.7589484288498138,,,
HR_COMPAT,,8,9,5,,0,,,
HR_SYNERGY,,8,9,5,,0.658630856333337,,,
HR_COMPAT,,8,9,6,,1,,,
HR_SYNERGY,,8,9,6,,0.8914698856866055,,,
HR_COMPAT,,8,9,7,,0,,,
HR_SYNERGY,,8,9,7,,0.7621694270432136,,,
HR_COMPAT,,9,0,0,,0,,,
HR_SYNERGY,,9,0,0,,0.8466065510055794,,,
HR_COMPAT,,9,0,1,,1,,,
HR_SYNERGY,,9,0,1,,0.6632179209504989,,,
HR_COMPAT,,9,0,2,,1,,,
HR_SYNERGY,,9,0,2,,0.8169250390484646,,,
HR_COMPAT,,9,0,3,,0,,,
HR_SYNERGY,,9,0,3,,0.6948072206150205,,,
HR_COMPAT,,9,0,4,,0,,,
HR_SYNERGY,,9,0,4,,0.8831152981288133,,,
HR_COMPAT,,9,0,5,,0,,,
HR_SYNERGY,,9,0,5,,0.6703472307323575,,,
HR_COMPAT,,9,0,6,,0,,,
HR_SYNERGY,,9,0,6,,0.8513220820987564,,,
HR_COMPAT,,9,0,7,,1,,,
HR_SYNERGY,,9,0,7,,0.8065270584545523,,,
HR_COMPAT,,9,1,0,,0,,,
HR_SYNERGY,,9,1,0,,0.6517048040248556,,,
HR_COMPAT,,9,1,1,,1,,,
HR_SYNERGY,,9,1,1,,0.7832682480463073,,,
HR_COMPAT,,9,1,2,,1,,,
HR_SYNERGY,,9,1,2,,0.8308321233102264,,,
HR_COMPAT,,9,1,3,,0,,,
HR_SYNERGY,,9,1,3,,0.8101265445859791,,,
HR_COMPAT,,9,1,4,,1,,,
HR_SYNERGY,,9,1,4,,0.6597123602185677,,,
HR_COMPAT,,9,1,5,,0,,,
HR_SYNERGY,,9,1,5,,0.7345952019439987,,,
HR_COMPAT,,9,1,6,,1,,,
HR_SYNERGY,,9,1,6,,0.7361867605679466,,,
HR_COMPAT,,9,1,7,,1,,,
HR_SYNERGY,,9,1,7,,0.797549055614114,,,
HR_COMPAT,,9,2,0,,0,,,
HR_SYNERGY,,9,2,0,,0.7313230204279813,,,
HR_COMPAT,,9,2,1,,1,,,
HR_SYNERGY,,9,2,1,,0.8830804031355177,,,
HR_COMPAT,,9,2,2,,0,,,
HR_SYNERGY,,9,2,2,,0.8272293999816573,,,
HR_COMPAT,,9,2,3,,0,,,
HR_SYNERGY,,9,2,3,,0.6912902985204995,,,
HR_COMPAT,,9,2,4,,1,,,
HR_SYNERGY,,9,2,4,,0.7945596394014215,,,
HR_COMPAT,,9,2,5,,0,,,
HR_SYNERGY,,9,2,5,,0.6652514197639291,,,
HR_COMPAT,,9,2,6,,1,,,
HR_SYNERGY,,9,2,6,,0.8668113453687647,,,
HR_COMPAT,,9,2,7,,0,,,
HR_SYNERGY,,9,2,7,,0.7026664383423945,,,
HR_COMPAT,,9,3,0,,0,,,
HR_SYNERGY,,9,3,0,,0.7496748193542869,,,
HR_COMPAT,,9,3,1,,1,,,
HR_SYNERGY,,9,3,1,,0.8816756125723718,,,
HR_COMPAT,,9,3,2,,1,,,
HR_SYNERGY,,9,3,2,,0.8323542240965511,,,
HR_COMPAT,,9,3,3,,0,,,
HR_SYNERGY,,9,3,3,,0.7767900743873919,,,
HR_COMPAT,,9,3,4,,1,,,
HR_SYNERGY,,9,3,4,,0.8824471753526157,,,
HR_COMPAT,,9,3,5,,0,,,
HR_SYNERGY,,9,3,5,,0.7596814735914462,,,
HR_COMPAT,,9,3,6,,0,,,
HR_SYNERGY,,9,3,6,,0.746626551093415,,,
HR_COMPAT,,9,3,7,,1,,,
HR_SYNERGY,,9,3,7,,0.7081955256217534,,,
HR_COMPAT,,9,4,0,,0,,,
HR_SYNERGY,,9,4,0,,0.709114516773236,,,
HR_COMPAT,,9,4,1,,1,,,
HR_SYNERGY,,9,4,1,,0.7416779593416766,,,
HR_COMPAT,,9,4,2,,0,,,
HR_SYNERGY,,9,4,2,,0.6914176814517856,,,
HR_COMPAT,,9,4,3,,0,,,
HR_SYNERGY,,9,4,3,,0.692828521664704,,,
HR_COMPAT,,9,4,4,,1,,,
HR_SYNERGY,,9,4,4,,0.7854918218504964,,,
HR_COMPAT,,9,4,5,,0,,,
HR_SYNERGY,,9,4,5,,0.7289734685982284,,,
HR_COMPAT,,9,4,6,,1,,,
HR_SYNERGY,,9,4,6,,0.7847429887984004,,,
HR_COMPAT,,9,4,7,,0,,,
HR_SYNERGY,,9,4,7,,0.8463699083611406,,,
HR_COMPAT,,9,5,0,,0,,,
HR_SYNERGY,,9,5,0,,0.8199423167992206,,,
HR_COMPAT,,9,5,1,,1,,,
HR_SYNERGY,,9,5,1,,0.7652391099762825,,,
HR_COMPAT,,9,5,2,,0,,,
HR_SYNERGY,,9,5,2,,0.7722906356617826,,,
HR_COMPAT,,9,5,3,,0,,,
HR_SYNERGY,,9,5,3,,0.7846225491611927,,,
HR_COMPAT,,9,5,4,,1,,,
HR_SYNERGY,,9,5,4,,0.7124521522819973,,,
HR_COMPAT,,9,5,5,,0,,,
HR_SYNERGY,,9,5,5,,0.7895274901716882,,,
HR_COMPAT,,9,5,6,,0,,,
HR_SYNERGY,,9,5,6,,0.7040339024014518,,,
HR_COMPAT,,9,5,7,,0,,,
HR_SYNERGY,,9,5,7,,0.7834095714248689,,,
HR_COMPAT,,9,6,0,,0,,,
HR_SYNERGY,,9,6,0,,0.7973557043923878,,,
HR_COMPAT,,9,6,1,,1,,,
HR_SYNERGY,,9,6,1,,0.6746652476513412,,,
HR_COMPAT,,9,6,2,,0,,,
HR_SYNERGY,,9,6,2,,0.7025263461347563,,,
HR_COMPAT,,9,6,3,,0,,,
HR_SYNERGY,,9,6,3,,0.81860477192107,,,
HR_COMPAT,,9,6,4,,1,,,
HR_SYNERGY,,9,6,4,,0.7925548954984696,,,
HR_COMPAT,,9,6,5,,0,,,
HR_SYNERGY,,9,6,5,,0.8868876272943969,,,
HR_COMPAT,,9,6,6,,1,,,
HR_SYNERGY,,9,6,6,,0.6895829831076005,,,
HR_COMPAT,,9,6,7,,1,,,
HR_SYNERGY,,9,6,7,,0.8870983504752729,,,
HR_COMPAT,,9,7,0,,0,,,
HR_SYNERGY,,9,7,0,,0.8132648352541623,,,
HR_COMPAT,,9,7,1,,1,,,
HR_SYNERGY,,9,7,1,,0.8337419609599683,,,
HR_COMPAT,,9,7,2,,1,,,
HR_SYNERGY,,9,7,2,,0.8819237329298963,,,
HR_COMPAT,,9,7,3,,0,,,
HR_SYNERGY,,9,7,3,,0.8365316465897813,,,
HR_COMPAT,,9,7,4,,0,,,
HR_SYNERGY,,9,7,4,,0.7311721102344466,,,
HR_COMPAT,,9,7,5,,0,,,
HR_SYNERGY,,9,7,5,,0.6963633320205573,,,
HR_COMPAT,,9,7,6,,0,,,
HR_SYNERGY,,9,7,6,,0.7540360473701015,,,
HR_COMPAT,,9,7,7,,1,,,
HR_SYNERGY,,9,7,7,,0.8606076703169219,,,
HR_COMPAT,,9,8,0,,0,,,
HR_SYNERGY,,9,8,0,,0.7626182556381508,,,
HR_COMPAT,,9,8,1,,1,,,
HR_SYNERGY,,9,8,1,,0.8550435319569046,,,
HR_COMPAT,,9,8,2,,0,,,
HR_SYNERGY,,9,8,2,,0.684124794336008,,,
HR_COMPAT,,9,8,3,,0,,,
HR_SYNERGY,,9,8,3,,0.868177251031695,,,
HR_COMPAT,,9,8,4,,1,,,
HR_SYNERGY,,9,8,4,,0.7234396613598344,,,
HR_COMPAT,,9,8,5,,0,,,
HR_SYNERGY,,9,8,5,,0.8991786784726676,,,
HR_COMPAT,,9,8,6,,1,,,
HR_SYNERGY,,9,8,6,,0.6508968658377513,,,
HR_COMPAT,,9,8,7,,1,,,
HR_SYNERGY,,9,8,7,,0.6816910198421453,,,
HR_COMPAT,,9,9,0,,0,,,
HR_SYNERGY,,9,9,0,,0.6928743221036356,,,
HR_COMPAT,,9,9,1,,1,,,
HR_SYNERGY,,9,9,1,,0.8804017295524917,,,
HR_COMPAT,,9,9,2,,1,,,
HR_SYNERGY,,9,9,2,,0.8750659349504025,,,
HR_COMPAT,,9,9,3,,0,,,
HR_SYNERGY,,9,9,3,,0.7640932487504002,,,
HR_COMPAT,,9,9,4,,0,,,
HR_SYNERGY,,9,9,4,,0.8778140759614338,,,
HR_COMPAT,,9,9,5,,0,,,
HR_SYNERGY,,9,9,5,,0.7410193295742128,,,
HR_COMPAT,,9,9,6,,1,,,
HR_SYNERGY,,9,9,6,,0.8962979396247097,,,
HR_COMPAT,,9,9,7,,1,,,
HR_SYNERGY,,9,9,7,,0.8221825303241177,,,
HR_COMPAT,,10,0,0,,1,,,
HR_SYNERGY,,10,0,0,,0.7933730055852928,,,
HR_COMPAT,,10,0,1,,1,,,
HR_SYNERGY,,10,0,1,,0.7328417523065065,,,
HR_COMPAT,,10,0,2,,0,,,
HR_SYNERGY,,10,0,2,,0.8412131033517221,,,
HR_COMPAT,,10,0,3,,0,,,
HR_SYNERGY,,10,0,3,,0.7405145522706174,,,
HR_COMPAT,,10,0,4,,1,,,
HR_SYNERGY,,10,0,4,,0.8030078708775751,,,
HR_COMPAT,,10,0,5,,1,,,
HR_SYNERGY,,10,0,5,,0.706246428588508,,,
HR_COMPAT,,10,0,6,,1,,,
HR_SYNERGY,,10,0,6,,0.8862526529558803,,,
HR_COMPAT,,10,0,7,,1,,,
HR_SYNERGY,,10,0,7,,0.8113247931222363,,,
HR_COMPAT,,10,1,0,,1,,,
HR_SYNERGY,,10,1,0,,0.6789379490852876,,,
HR_COMPAT,,10,1,1,,1,,,
HR_SYNERGY,,10,1,1,,0.8196080514339861,,,
HR_COMPAT,,10,1,2,,0,,,
HR_SYNERGY,,10,1,2,,0.6938406303943135,,,
HR_COMPAT,,10,1,3,,0,,,
HR_SYNERGY,,10,1,3,,0.8418332940371137,,,
HR_COMPAT,,10,1,4,,1,,,
HR_SYNERGY,,10,1,4,,0.785296920867726,,,
HR_COMPAT,,10,1,5,,1,,,
HR_SYNERGY,,10,1,5,,0.6715489292749165,,,
HR_COMPAT,,10,1,6,,0,,,
HR_SYNERGY,,10,1,6,,0.7990300427345391,,,
HR_COMPAT,,10,1,7,,1,,,
HR_SYNERGY,,10,1,7,,0.8700753255152872,,,
HR_COMPAT,,10,2,0,,1,,,
HR_SYNERGY,,10,2,0,,0.7687367140912835,,,
HR_COMPAT,,10,2,1,,1,,,
HR_SYNERGY,,10,2,1,,0.7403210625656093,,,
HR_COMPAT,,10,2,2,,0,,,
HR_SYNERGY,,10,2,2,,0.7060912120902325,,,
HR_COMPAT,,10,2,3,,0,,,
HR_SYNERGY,,10,2,3,,0.7626283119945749,,,
HR_COMPAT,,10,2,4,,1,,,
HR_SYNERGY,,10,2,4,,0.8898141533493911,,,
HR_COMPAT,,10,2,5,,1,,,
HR_SYNERGY,,10,2,5,,0.8014997196667332,,,
HR_COMPAT,,10,2,6,,1,,,
HR_SYNERGY,,10,2,6,,0.7991534436133992,,,
HR_COMPAT,,10,2,7,,1,,,
HR_SYNERGY,,10,2,7,,0.6868311476520492,,,
HR_COMPAT,,10,3,0,,0,,,
HR_SYNERGY,,10,3,0,,0.7253797417881634,,,
HR_COMPAT,,10,3,1,,1,,,
HR_SYNERGY,,10,3,1,,0.8278287382266831,,,
HR_COMPAT,,10,3,2,,0,,,
HR_SYNERGY,,10,3,2,,0.8459076569268379,,,
HR_COMPAT,,10,3,3,,0,,,
HR_SYNERGY,,10,3,3,,0.7261706931855643,,,
HR_COMPAT,,10,3,4,,1,,,
HR_SYNERGY,,10,3,4,,0.7400078076968861,,,
HR_COMPAT,,10,3,5,,0,,,
HR_SYNERGY,,10,3,5,,0.8085463380071863,,,
HR_COMPAT,,10,3,6,,0,,,
HR_SYNERGY,,10,3,6,,0.7850293509286469,,,
HR_COMPAT,,10,3,7,,1,,,
HR_SYNERGY,,10,3,7,,0.7996044823672654,,,
HR_COMPAT,,10,4,0,,1,,,
HR_SYNERGY,,10,4,0,,0.8396947674776356,,,
HR_COMPAT,,10,4,1,,1,,,
HR_SYNERGY,,10,4,1,,0.7165156674981521,,,
HR_COMPAT,,10,4,2,,0,,,
HR_SYNERGY,,10,4,2,,0.8861454902554126,,,
HR_COMPAT,,10,4,3,,0,,,
HR_SYNERGY,,10,4,3,,0.8989950173946166,,,
HR_COMPAT,,10,4,4,,1,,,
HR_SYNERGY,,10,4,4,,0.7800117345869851,,,
HR_COMPAT,,10,4,5,,1,,,
HR_SYNERGY,,10,4,5,,0.7707341622829245,,,
HR_COMPAT,,10,4,6,,1,,,
HR_SYNERGY,,10,4,6,,0.8745838849551602,,,
HR_COMPAT,,10,4,7,,0,,,
HR_SYNERGY,,10,4,7,,0.6528145792828146,,,
HR_COMPAT,,10,5,0,,1,,,
HR_SYNERGY,,10,5,0,,0.7796164655472583,,,
HR_COMPAT,,10,5,1,,1,,,
HR_SYNERGY,,10,5,1,,0.7808852754384613,,,
HR_COMPAT,,10,5,2,,0,,,
HR_SYNERGY,,10,5,2,,0.7910658560948679,,,
HR_COMPAT,,10,5,3,,0,,,
HR_SYNERGY,,10,5,3,,0.7685078213389683,,,
HR_COMPAT,,10,5,4,,1,,,
HR_SYNERGY,,10,5,4,,0.7277880153223607,,,
HR_COMPAT,,10,5,5,,1,,,
HR_SYNERGY,,10,5,5,,0.754361047067834,,,
HR_COMPAT,,10,5,6,,0,,,
HR_SYNERGY,,10,5,6,,0.7391293350270447,,,
HR_COMPAT,,10,5,7,,1,,,
HR_SYNERGY,,10,5,7,,0.8475913332201668,,,
HR_COMPAT,,10,6,0,,0,,,
HR_SYNERGY,,10,6,0,,0.7542163203948447,,,
HR_COMPAT,,10,6,1,,1,,,
HR_SYNERGY,,10,6,1,,0.7740542082109109,,,
HR_COMPAT,,10,6,2,,0,,,
HR_SYNERGY,,10,6,2,,0.8560421541099146,,,
HR_COMPAT,,10,6,3,,0,,,
HR_SYNERGY,,10,6,3,,0.8989777829567138,,,
HR_COMPAT,,10,6,4,,1,,,
HR_SYNERGY,,10,6,4,,0.7185959127325938,,,
HR_COMPAT,,10,6,5,,1,,,
HR_SYNERGY,,10,6,5,,0.6778852831443006,,,
HR_COMPAT,,10,6,6,,1,,,
HR_SYNERGY,,10,6,6,,0.7928436965944416,,,
HR_COMPAT,,10,6,7,,1,,,
HR_SYNERGY,,10,6,7,,0.6968957388976506,,,
HR_COMPAT,,10,7,0,,0,,,
HR_SYNERGY,,10,7,0,,0.7570660340201578,,,
HR_COMPAT,,10,7,1,,1,,,
HR_SYNERGY,,10,7,1,,0.8877871009705894,,,
HR_COMPAT,,10,7,2,,0,,,
HR_SYNERGY,,10,7,2,,0.7017415567172804,,,
HR_COMPAT,,10,7,3,,0,,,
HR_SYNERGY,,10,7,3,,0.7519687906761049,,,
HR_COMPAT,,10,7,4,,0,,,
HR_SYNERGY,,10,7,4,,0.8331986183028448,,,
HR_COMPAT,,10,7,5,,1,,,
HR_SYNERGY,,10,7,5,,0.7142949612769545,,,
HR_COMPAT,,10,7,6,,0,,,
HR_SYNERGY,,10,7,6,,0.8300869018864102,,,
HR_COMPAT,,10,7,7,,1,,,
HR_SYNERGY,,10,7,7,,0.7538796110621908,,,
HR_COMPAT,,10,8,0,,1,,,
HR_SYNERGY,,10,8,0,,0.7745257130359359,,,
HR_COMPAT,,10,8,1,,0,,,
HR_SYNERGY,,10,8,1,,0.8950128025064379,,,
HR_COMPAT,,10,8,2,,0,,,
HR_SYNERGY,,10,8,2,,0.6576387221684687,,,
HR_COMPAT,,10,8,3,,0,,,
HR_SYNERGY,,10,8,3,,0.6718563975440479,,,
HR_COMPAT,,10,8,4,,1,,,
HR_SYNERGY,,10,8,4,,0.7077653955999015,,,
HR_COMPAT,,10,8,5,,1,,,
HR_SYNERGY,,10,8,5,,0.7623582748392645,,,
HR_COMPAT,,10,8,6,,0,,,
HR_SYNERGY,,10,8,6,,0.695686348347157,,,
HR_COMPAT,,10,8,7,,1,,,
HR_SYNERGY,,10,8,7,,0.7383956041453006,,,
HR_COMPAT,,10,9,0,,0,,,
HR_SYNERGY,,10,9,0,,0.7245732931803586,,,
HR_COMPAT,,10,9,1,,1,,,
HR_SYNERGY,,10,9,1,,0.7320301152470929,,,
HR_COMPAT,,10,9,2,,0,,,
HR_SYNERGY,,10,9,2,,0.8432461528873917,,,
HR_COMPAT,,10,9,3,,0,,,
HR_SYNERGY,,10,9,3,,0.6542978669496391,,,
HR_COMPAT,,10,9,4,,0,,,
HR_SYNERGY,,10,9,4,,0.7664476243494721,,,
HR_COMPAT,,10,9,5,,1,,,
HR_SYNERGY,,10,9,5,,0.825770141174128,,,
HR_COMPAT,,10,9,6,,1,,,
HR_SYNERGY,,10,9,6,,0.65211734154486,,,
HR_COMPAT,,10,9,7,,1,,,
HR_SYNERGY,,10,9,7,,0.8553954755072691,,,
HR_COMPAT,,11,0,0,,0,,,
HR_SYNERGY,,11,0,0,,0.8442032352661809,,,
HR_COMPAT,,11,0,1,,0,,,
HR_SYNERGY,,11,0,1,,0.7228181746826651,,,
HR_COMPAT,,11,0,2,,1,,,
HR_SYNERGY,,11,0,2,,0.8896169044027419,,,
HR_COMPAT,,11,0,3,,0,,,
HR_SYNERGY,,11,0,3,,0.8718004384582844,,,
HR_COMPAT,,11,0,4,,1,,,
HR_SYNERGY,,11,0,4,,0.7347280226784931,,,
HR_COMPAT,,11,0,5,,0,,,
HR_SYNERGY,,11,0,5,,0.7037613274799425,,,
HR_COMPAT,,11,0,6,,0,,,
HR_SYNERGY,,11,0,6,,0.7450868057681322,,,
HR_COMPAT,,11,0,7,,1,,,
HR_SYNERGY,,11,0,7,,0.7437859180569918,,,
HR_COMPAT,,11,1,0,,0,,,
HR_SYNERGY,,11,1,0,,0.8818091870802968,,,
HR_COMPAT,,11,1,1,,0,,,
HR_SYNERGY,,11,1,1,,0.8001385495223408,,,
HR_COMPAT,,11,1,2,,1,,,
HR_SYNERGY,,11,1,2,,0.830051697146921,,,
HR_COMPAT,,11,1,3,,0,,,
HR_SYNERGY,,11,1,3,,0.8638997804610986,,,
HR_COMPAT,,11,1,4,,1,,,
HR_SYNERGY,,11,1,4,,0.7922955720167812,,,
HR_COMPAT,,11,1,5,,0,,,
HR_SYNERGY,,11,1,5,,0.8849879452646976,,,
HR_COMPAT,,11,1,6,,0,,,
HR_SYNERGY,,11,1,6,,0.7484767751460771,,,
HR_COMPAT,,11,1,7,,1,,,
HR_SYNERGY,,11,1,7,,0.8493092476828586,,,
HR_COMPAT,,11,2,0,,1,,,
HR_SYNERGY,,11,2,0,,0.8458939123073731,,,
HR_COMPAT,,11,2,1,,0,,,
HR_SYNERGY,,11,2,1,,0.7619359982347664,,,
HR_COMPAT,,11,2,2,,0,,,
HR_SYNERGY,,11,2,2,,0.8229674468415364,,,
HR_COMPAT,,11,2,3,,0,,,
HR_SYNERGY,,11,2,3,,0.8869619384802738,,,
HR_COMPAT,,11,2,4,,1,,,
HR_SYNERGY,,11,2,4,,0.7892261937157823,,,
HR_COMPAT,,11,2,5,,0,,,
HR_SYNERGY,,11,2,5,,0.7951080459160051,,,
HR_COMPAT,,11,2,6,,0,,,
HR_SYNERGY,,11,2,6,,0.7820278624761766,,,
HR_COMPAT,,11,2,7,,1,,,
HR_SYNERGY,,11,2,7,,0.8128320354322199,,,
HR_COMPAT,,11,3,0,,0,,,
HR_SYNERGY,,11,3,0,,0.8381562213317698,,,
HR_COMPAT,,11,3,1,,0,,,
HR_SYNERGY,,11,3,1,,0.8845051770919933,,,
HR_COMPAT,,11,3,2,,1,,,
HR_SYNERGY,,11,3,2,,0.8894153344316844,,,
HR_COMPAT,,11,3,3,,0,,,
HR_SYNERGY,,11,3,3,,0.7314628190396778,,,
HR_COMPAT,,11,3,4,,0,,,
HR_SYNERGY,,11,3,4,,0.6638962910506966,,,
HR_COMPAT,,11,3,5,,0,,,
HR_SYNERGY,,11,3,5,,0.7361529856784645,,,
HR_COMPAT,,11,3,6,,0,,,
HR_SYNERGY,,11,3,6,,0.8844246299000527,,,
HR_COMPAT,,11,3,7,,1,,,
HR_SYNERGY,,11,3,7,,0.8007717920421814,,,
HR_COMPAT,,11,4,0,,1,,,
HR_SYNERGY,,11,4,0,,0.7992070196252306,,,
HR_COMPAT,,11,4,1,,0,,,
HR_SYNERGY,,11,4,1,,0.8648020456425382,,,
HR_COMPAT,,11,4,2,,1,,,
HR_SYNERGY,,11,4,2,,0.7180552098534789,,,
HR_COMPAT,,11,4,3,,0,,,
HR_SYNERGY,,11,4,3,,0.7627122474267279,,,
HR_COMPAT,,11,4,4,,0,,,
HR_SYNERGY,,11,4,4,,0.8694335705842412,,,
HR_COMPAT,,11,4,5,,0,,,
HR_SYNERGY,,11,4,5,,0.7081080847363743,,,
HR_COMPAT,,11,4,6,,0,,,
HR_SYNERGY,,11,4,6,,0.7244117379847841,,,
HR_COMPAT,,11,4,7,,0,,,
HR_SYNERGY,,11,4,7,,0.8159025968041953,,,
HR_COMPAT,,11,5,0,,1,,,
HR_SYNERGY,,11,5,0,,0.6556436591904653,,,
HR_COMPAT,,11,5,1,,0,,,
HR_SYNERGY,,11,5,1,,0.7713418590376355,,,
HR_COMPAT,,11,5,2,,0,,,
HR_SYNERGY,,11,5,2,,0.8864794535918477,,,
HR_COMPAT,,11,5,3,,0,,,
HR_SYNERGY,,11,5,3,,0.7975593901459295,,,
HR_COMPAT,,11,5,4,,0,,,
HR_SYNERGY,,11,5,4,,0.7339722760460897,,,
HR_COMPAT,,11,5,5,,0,,,
HR_SYNERGY,,11,5,5,,0.7090594197032818,,,
HR_COMPAT,,11,5,6,,0,,,
HR_SYNERGY,,11,5,6,,0.8200965448173165,,,
HR_COMPAT,,11,5,7,,0,,,
HR_SYNERGY,,11,5,7,,0.6687322182888161,,,
HR_COMPAT,,11,6,0,,0,,,
HR_SYNERGY,,11,6,0,,0.762485507549465,,,
HR_COMPAT,,11,6,1,,0,,,
HR_SYNERGY,,11,6,1,,0.6504119663124494,,,
HR_COMPAT,,11,6,2,,0,,,
HR_SYNERGY,,11,6,2,,0.6794871304154165,,,
HR_COMPAT,,11,6,3,,0,,,
HR_SYNERGY,,11,6,3,,0.8130966388973186,,,
HR_COMPAT,,11,6,4,,1,,,
HR_SYNERGY,,11,6,4,,0.7772254117818495,,,
HR_COMPAT,,11,6,5,,0,,,
HR_SYNERGY,,11,6,5,,0.7791942051761664,,,
HR_COMPAT,,11,6,6,,0,,,
HR_SYNERGY,,11,6,6,,0.8397001175819873,,,
HR_COMPAT,,11,6,7,,1,,,
HR_SYNERGY,,11,6,7,,0.8969635226537372,,,
HR_COMPAT,,11,7,0,,0,,,
HR_SYNERGY,,11,7,0,,0.6544648359139438,,,
HR_COMPAT,,11,7,1,,0,,,
HR_SYNERGY,,11,7,1,,0.8849796880454205,,,
HR_COMPAT,,11,7,2,,1,,,
HR_SYNERGY,,11,7,2,,0.7121169677219178,,,
HR_COMPAT,,11,7,3,,0,,,
HR_SYNERGY,,11,7,3,,0.7940128538368937,,,
HR_COMPAT,,11,7,4,,0,,,
HR_SYNERGY,,11,7,4,,0.7323245329764403,,,
HR_COMPAT,,11,7,5,,0,,,
HR_SYNERGY,,11,7,5,,0.8276092348713322,,,
HR_COMPAT,,11,7,6,,0,,,
HR_SYNERGY,,11,7,6,,0.6565692742781245,,,
HR_COMPAT,,11,7,7,,1,,,
HR_SYNERGY,,11,7,7,,0.823385715095298,,,
HR_COMPAT,,11,8,0,,1,,,
HR_SYNERGY,,11,8,0,,0.8843471894730891,,,
HR_COMPAT,,11,8,1,,0,,,
HR_SYNERGY,,11,8,1,,0.8393761230760792,,,
HR_COMPAT,,11,8,2,,1,,,
HR_SYNERGY,,11,8,2,,0.7688586063931248,,,
HR_COMPAT,,11,8,3,,0,,,
HR_SYNERGY,,11,8,3,,0.7025148923637791,,,
HR_COMPAT,,11,8,4,,1,,,
HR_SYNERGY,,11,8,4,,0.7257003301493639,,,
HR_COMPAT,,11,8,5,,0,,,
HR_SYNERGY,,11,8,5,,0.8595842171250961,,,
HR_COMPAT,,11,8,6,,0,,,
HR_SYNERGY,,11,8,6,,0.6573393431052272,,,
HR_COMPAT,,11,8,7,,1,,,
HR_SYNERGY,,11,8,7,,0.7224719213883318,,,
HR_COMPAT,,11,9,0,,1,,,
HR_SYNERGY,,11,9,0,,0.787407924801625,,,
HR_COMPAT,,11,9,1,,0,,,
HR_SYNERGY,,11,9,1,,0.8813188166388987,,,
HR_COMPAT,,11,9,2,,1,,,
HR_SYNERGY,,11,9,2,,0.8851105229957253,,,
HR_COMPAT,,11,9,3,,0,,,
HR_SYNERGY,,11,9,3,,0.8244169891206168,,,
HR_COMPAT,,11,9,4,,0,,,
HR_SYNERGY,,11,9,4,,0.8850515993855097,,,
HR_COMPAT,,11,9,5,,0,,,
HR_SYNERGY,,11,9,5,,0.8867322785393413,,,
HR_COMPAT,,11,9,6,,0,,,
HR_SYNERGY,,11,9,6,,0.8425445986233187,,,
HR_COMPAT,,11,9,7,,1,,,
HR_SYNERGY,,11,9,7,,0.8526413606047473,,,
WORKER_RELOC,,0,0,0,,0.0,,,
WORKER_RELOC,,0,0,1,,2.6299550982000737,,,
WORKER_RELOC,,0,0,2,,3.7001992460742414,,,
WORKER_RELOC,,0,0,3,,3.5069236941735884,,,
WORKER_RELOC,,0,0,4,,3.9059665519039193,,,
WORKER_RELOC,,0,0,5,,6.450916233067806,,,
WORKER_RELOC,,0,0,6,,3.6950437416164963,,,
WORKER_RELOC,,0,0,7,,6.6051743197356325,,,
WORKER_RELOC,,0,0,8,,7.083895783854849,,,
WORKER_RELOC,,0,0,9,,3.8470653797536185,,,
WORKER_RELOC,,0,0,10,,7.10478333937066,,,
WORKER_RELOC,,0,0,11,,7.455510341908464,,,
WORKER_RELOC,,0,0,12,,7.088883639081585,,,
WORKER_RELOC,,0,0,13,,3.202030452317357,,,
WORKER_RELOC,,0,0,14,,6.239256490821347,,,
WORKER_RELOC,,0,0,15,,7.200238909145196,,,
WORKER_RELOC,,0,0,16,,5.610961836151729,,,
WORKER_RELOC,,0,0,17,,7.965484095249112,,,
WORKER_RELOC,,0,1,0,,1.0531792323803493,,,
WORKER_RELOC,,0,1,1,,0.0,,,
WORKER_RELOC,,0,1,2,,5.957106962359038,,,
WORKER_RELOC,,0,1,3,,4.8499008402145245,,,
WORKER_RELOC,,0,1,4,,5.856139622708946,,,
WORKER_RELOC,,0,1,5,,7.691309119893643,,,
WORKER_RELOC,,0,1,6,,6.177787331366616,,,
WORKER_RELOC,,0,1,7,,4.482281981216695,,,
WORKER_RELOC,,0,1,8,,3.9056850764947857,,,
WORKER_RELOC,,0,1,9,,5.855834606440694,,,
WORKER_RELOC,,0,1,10,,4.0230101973925425,,,
WORKER_RELOC,,0,1,11,,4.128397765322238,,,
WORKER_RELOC,,0,1,12,,5.080968483925275,,,
WORKER_RELOC,,0,1,13,,6.845856427711688,,,
WORKER_RELOC,,0,1,14,,7.803808524822128,,,
WORKER_RELOC,,0,1,15,,4.197425690609688,,,
WORKER_RELOC,,0,1,16,,5.875816104668327,,,
WORKER_RELOC,,0,1,17,,6.892053628915173,,,
WORKER_RELOC,,0,2,0,,6.447263910152252,,,
WORKER_RELOC,,0,2,1,,7.615052820287458,,,
WORKER_RELOC,,0,2,2,,0.0,,,
WORKER_RELOC,,0,2,3,,4.191293228193429,,,
WORKER_RELOC,,0,2,4,,7.439543734526569,,,
WORKER_RELOC,,0,2,5,,7.940778950040211,,,
WORKER_RELOC,,0,2,6,,5.799307804158273,,,
WORKER_RELOC,,0,2,7,,3.314476972566682,,,
WORKER_RELOC,,0,2,8,,3.573208388543697,,,
WORKER_RELOC,,0,2,9,,3.2454078460851754,,,
WORKER_RELOC,,0,2,10,,7.745300270956494,,,
WORKER_RELOC,,0,2,11,,4.491620975611987,,,
WORKER_RELOC,,0,2,12,,7.501880616307086,,,
WORKER_RELOC,,0,2,13,,7.094176476840317,,,
WORKER_RELOC,,0,2,14,,4.2199125898539105,,,
WORKER_RELOC,,0,2,15,,5.999062721479547,,,
WORKER_RELOC,,0,2,16,,6.811224081686123,,,
WORKER_RELOC,,0,2,17,,6.219526887782767,,,
WORKER_RELOC,,0,3,0,,3.999921357981397,,,
WORKER_RELOC,,0,3,1,,5.595939049071113,,,
WORKER_RELOC,,0,3,2,,7.897127904002627,,,
WORKER_RELOC,,0,3,3,,0.0,,,
WORKER_RELOC,,0,3,4,,1.6945929795396268,,,
WORKER_RELOC,,0,3,5,,1.9951549150576622,,,
WORKER_RELOC,,0,3,6,,6.583576276628268,,,
WORKER_RELOC,,0,3,7,,3.522826036269862,,,
WORKER_RELOC,,0,3,8,,3.7691711487919757,,,
WORKER_RELOC,,0,3,9,,7.022464645235293,,,
WORKER_RELOC,,0,3,10,,5.4065565681651915,,,
WORKER_RELOC,,0,3,11,,7.761446372112408,,,
WORKER_RELOC,,0,3,12,,7.718843592292427,,,
WORKER_RELOC,,0,3,13,,5.961351299719807,,,
WORKER_RELOC,,0,3,14,,6.226751494030888,,,
WORKER_RELOC,,0,3,15,,7.520988618458483,,,
WORKER_RELOC,,0,3,16,,3.2827060352286543,,,
WORKER_RELOC,,0,3,17,,7.187760734332306,,,
WORKER_RELOC,,0,4,0,,7.360820315323222,,,
WORKER_RELOC,,0,4,1,,7.1693452161501465,,,
WORKER_RELOC,,0,4,2,,4.192006956617,,,
WORKER_RELOC,,0,4,3,,2.3768869360656244,,,
WORKER_RELOC,,0,4,4,,0.0,,,
WORKER_RELOC,,0,4,5,,2.153667137076546,,,
WORKER_RELOC,,0,4,6,,6.485258320188743,,,
WORKER_RELOC,,0,4,7,,6.042875067443347,,,
WORKER_RELOC,,0,4,8,,7.1300587534374635,,,
WORKER_RELOC,,0,4,9,,7.151196632034896,,,
WORKER_RELOC,,0,4,10,,3.9635142742537943,,,
WORKER_RELOC,,0,4,11,,3.147752253281799,,,
WORKER_RELOC,,0,4,12,,6.734982106030207,,,
WORKER_RELOC,,0,4,13,,7.594698799334265,,,
WORKER_RELOC,,0,4,14,,6.77431379127189,,,
WORKER_RELOC,,0,4,15,,4.271537631458426,,,
WORKER_RELOC,,0,4,16,,3.1390939481482896,,,
WORKER_RELOC,,0,4,17,,5.838781699987418,,,
WORKER_RELOC,,0,5,0,,4.688586564498817,,,
WORKER_RELOC,,0,5,1,,3.930972979987918,,,
WORKER_RELOC,,0,5,2,,3.4964795967469344,,,
WORKER_RELOC,,0,5,3,,1.3478639617839705,,,
WORKER_RELOC,,0,5,4,,1.482734763266001,,,
WORKER_RELOC,,0,5,5,,0.0,,,
WORKER_RELOC,,0,5,6,,6.471355011257628,,,
WORKER_RELOC,,0,5,7,,7.616301240628081,,,
WORKER_RELOC,,0,5,8,,4.1055668292531795,,,
WORKER_RELOC,,0,5,9,,3.0420797452625115,,,
WORKER_RELOC,,0,5,10,,7.139574023397513,,,
WORKER_RELOC,,0,5,11,,6.149673999675164,,,
WORKER_RELOC,,0,5,12,,6.899803991935283,,,
WORKER_RELOC,,0,5,13,,3.6701611379513412,,,
WORKER_RELOC,,0,5,14,,3.6946262588102647,,,
WORKER_RELOC,,0,5,15,,6.77358598964984,,,
WORKER_RELOC,,0,5,16,,6.2635520895728245,,,
WORKER_RELOC,,0,5,17,,3.204226190244008,,,
WORKER_RELOC,,0,6,0,,6.882461665652439,,,
WORKER_RELOC,,0,6,1,,7.498510601619655,,,
WORKER_RELOC,,0,6,2,,5.700804549638264,,,
WORKER_RELOC,,0,6,3,,6.355035939036769,,,
WORKER_RELOC,,0,6,4,,6.3917622623534385,,,
WORKER_RELOC,,0,6,5,,4.974327717380577,,,
WORKER_RELOC,,0,6,6,,0.0,,,
WORKER_RELOC,,0,6,7,,4.779261482790109,,,
WORKER_RELOC,,0,6,8,,7.707315020849185,,,
WORKER_RELOC,,0,6,9,,6.604601475949581,,,
WORKER_RELOC,,0,6,10,,6.615482740858768,,,
WORKER_RELOC,,0,6,11,,3.2858795254528586,,,
WORKER_RELOC,,0,6,12,,4.615327236983053,,,
WORKER_RELOC,,0,6,13,,3.264119434164169,,,
WORKER_RELOC,,0,6,14,,6.294093453443287,,,
WORKER_RELOC,,0,6,15,,6.271538919591426,,,
WORKER_RELOC,,0,6,16,,5.3582757198495905,,,
WORKER_RELOC,,0,6,17,,4.133169657743027,,,
WORKER_RELOC,,0,7,0,,5.189861604204795,,,
WORKER_RELOC,,0,7,1,,7.530035409372058,,,
WORKER_RELOC,,0,7,2,,5.933133130880581,,,
WORKER_RELOC,,0,7,3,,6.752028149801412,,,
WORKER_RELOC,,0,7,4,,7.309204211498457,,,
WORKER_RELOC,,0,7,5,,5.938624154402214,,,
WORKER_RELOC,,0,7,6,,3.005437340191223,,,
WORKER_RELOC,,0,7,7,,0.0,,,
WORKER_RELOC,,0,7,8,,1.2809286556660695,,,
WORKER_RELOC,,0,7,9,,2.466931772167217,,,
WORKER_RELOC,,0,7,10,,7.920442121219846,,,
WORKER_RELOC,,0,7,11,,7.556947485918213,,,
WORKER_RELOC,,0,7,12,,5.272898780683692,,,
WORKER_RELOC,,0,7,13,,6.337565244565042,,,
WORKER_RELOC,,0,7,14,,5.384524821106799,,,
WORKER_RELOC,,0,7,15,,7.811356595024212,,,
WORKER_RELOC,,0,7,16,,6.0644529550507045,,,
WORKER_RELOC,,0,7,17,,6.742645290347275,,,
WORKER_RELOC,,0,8,0,,5.91285714899751,,,
WORKER_RELOC,,0,8,1,,5.435482707803272,,,
WORKER_RELOC,,0,8,2,,6.455097754372305,,,
WORKER_RELOC,,0,8,3,,6.97246537467703,,,
WORKER_RELOC,,0,8,4,,4.265284721255119,,,
WORKER_RELOC,,0,8,5,,5.3941784666593575,,,
WORKER_RELOC,,0,8,6,,7.807642343374932,,,
WORKER_RELOC,,0,8,7,,2.8029057162619644,,,
WORKER_RELOC,,0,8,8,,0.0,,,
WORKER_RELOC,,0,8,9,,1.5305113022850174,,,
WORKER_RELOC,,0,8,10,,5.20579038982377,,,
WORKER_RELOC,,0,8,11,,3.5130765219558464,,,
WORKER_RELOC,,0,8,12,,6.04423819891781,,,
WORKER_RELOC,,0,8,13,,3.2859124495941097,,,
WORKER_RELOC,,0,8,14,,4.355904805902384,,,
WORKER_RELOC,,0,8,15,,4.565652359916102,,,
WORKER_RELOC,,0,8,16,,6.335622577615974,,,
WORKER_RELOC,,0,8,17,,4.184615500402769,,,
WORKER_RELOC,,0,9,0,,5.651478712693369,,,
WORKER_RELOC,,0,9,1,,7.402851884134084,,,
WORKER_RELOC,,0,9,2,,5.986965559844523,,,
WORKER_RELOC,,0,9,3,,7.105610154679221,,,
WORKER_RELOC,,0,9,4,,4.200000778338495,,,
WORKER_RELOC,,0,9,5,,5.381545563505316,,,
WORKER_RELOC,,0,9,6,,4.350707236808594,,,
WORKER_RELOC,,0,9,7,,1.0002368356189137,,,
WORKER_RELOC,,0,9,8,,2.7367448330103077,,,
WORKER_RELOC,,0,9,9,,0.0,,,
WORKER_RELOC,,0,9,10,,3.660537108587158,,,
WORKER_RELOC,,0,9,11,,6.22031647710749,,,
WORKER_RELOC,,0,9,12,,4.064387749759207,,,
WORKER_RELOC,,0,9,13,,7.884034690764468,,,
WORKER_RELOC,,0,9,14,,5.746782933909496,,,
WORKER_RELOC,,0,9,15,,3.9989595423843567,,,
WORKER_RELOC,,0,9,16,,6.737297215726549,,,
WORKER_RELOC,,0,9,17,,4.955756670588755,,,
WORKER_RELOC,,0,10,0,,7.5761623367014845,,,
WORKER_RELOC,,0,10,1,,6.877988146625826,,,
WORKER_RELOC,,0,10,2,,7.722408173487069,,,
WORKER_RELOC,,0,10,3,,5.107857458442734,,,
WORKER_RELOC,,0,10,4,,7.314553507933171,,,
WORKER_RELOC,,0,10,5,,3.750805085420985,,,
WORKER_RELOC,,0,10,6,,3.142102005998189,,,
WORKER_RELOC,,0,10,7,,4.292320074185991,,,
WORKER_RELOC,,0,10,8,,4.9735904164993885,,,
WORKER_RELOC,,0,10,9,,4.607427871327793,,,
WORKER_RELOC,,0,10,10,,0.0,,,
WORKER_RELOC,,0,10,11,,2.3279891569283477,,,
WORKER_RELOC,,0,10,12,,2.396263628663382,,,
WORKER_RELOC,,0,10,13,,6.86303730139611,,,
WORKER_RELOC,,0,10,14,,6.872237539281773,,,
WORKER_RELOC,,0,10,15,,7.9451773018131835,,,
WORKER_RELOC,,0,10,16,,6.769781677839955,,,
WORKER_RELOC,,0,10,17,,7.478935435304141,,,
WORKER_RELOC,,0,11,0,,4.36061448552508,,,
WORKER_RELOC,,0,11,1,,6.223473662904536,,,
WORKER_RELOC,,0,11,2,,4.080560371280247,,,
WORKER_RELOC,,0,11,3,,5.3917571086672496,,,
WORKER_RELOC,,0,11,4,,6.55986336457466,,,
WORKER_RELOC,,0,11,5,,4.707133621655889,,,
WORKER_RELOC,,0,11,6,,7.187248751236488,,,
WORKER_RELOC,,0,11,7,,6.829580906642352,,,
WORKER_RELOC,,0,11,8,,7.523506690804043,,,
WORKER_RELOC,,0,11,9,,3.932001502577042,,,
WORKER_RELOC,,0,11,10,,1.6103941980808116,,,
WORKER_RELOC,,0,11,11,,0.0,,,
WORKER_RELOC,,0,11,12,,2.427476397352928,,,
WORKER_RELOC,,0,11,13,,6.969204796265814,,,
WORKER_RELOC,,0,11,14,,3.9432609619878694,,,
WORKER_RELOC,,0,11,15,,4.721125059028612,,,
WORKER_RELOC,,0,11,16,,7.281678777341703,,,
WORKER_RELOC,,0,11,17,,3.2116363092924,,,
WORKER_RELOC,,0,12,0,,4.589766202310436,,,
WORKER_RELOC,,0,12,1,,7.080082165500553,,,
WORKER_RELOC,,0,12,2,,7.970446028679963,,,
WORKER_RELOC,,0,12,3,,4.862729901466306,,,
WORKER_RELOC,,0,12,4,,6.41167979746196,,,
WORKER_RELOC,,0,12,5,,4.104978529117627,,,
WORKER_RELOC,,0,12,6,,3.3438431199754,,,
WORKER_RELOC,,0,12,7,,5.944152646295964,,,
WORKER_RELOC,,0,12,8,,6.649480385460628,,,
WORKER_RELOC,,0,12,9,,7.6100038619358354,,,
WORKER_RELOC,,0,12,10,,2.0676157698251316,,,
WORKER_RELOC,,0,12,11,,2.090448495573494,,,
WORKER_RELOC,,0,12,12,,0.0,,,
WORKER_RELOC,,0,12,13,,4.2255180260878324,,,
WORKER_RELOC,,0,12,14,,7.911540488580737,,,
WORKER_RELOC,,0,12,15,,4.408102352203262,,,
WORKER_RELOC,,0,12,16,,5.247710110436569,,,
WORKER_RELOC,,0,12,17,,5.764348240869192,,,
WORKER_RELOC,,0,13,0,,3.260196670581636,,,
WORKER_RELOC,,0,13,1,,7.7652585368143106,,,
WORKER_RELOC,,0,13,2,,7.4681959480697735,,,
WORKER_RELOC,,0,13,3,,7.2573534592210684,,,
WORKER_RELOC,,0,13,4,,6.572865892397538,,,
WORKER_RELOC,,0,13,5,,3.7169402215712894,,,
WORKER_RELOC,,0,13,6,,3.1945874314897598,,,
WORKER_RELOC,,0,13,7,,7.392212123838119,,,
WORKER_RELOC,,0,13,8,,3.0628074015601268,,,
WORKER_RELOC,,0,13,9,,7.109449008060898,,,
WORKER_RELOC,,0,13,10,,3.6394199635001407,,,
WORKER_RELOC,,0,13,11,,3.3198324158722015,,,
WORKER_RELOC,,0,13,12,,5.707793006131643,,,
WORKER_RELOC,,0,13,13,,0.0,,,
WORKER_RELOC,,0,13,14,,2.582309547299019,,,
WORKER_RELOC,,0,13,15,,7.94175289159818,,,
WORKER_RELOC,,0,13,16,,4.013817314538384,,,
WORKER_RELOC,,0,13,17,,7.866848192172986,,,
WORKER_RELOC,,0,14,0,,7.311277080881921,,,
WORKER_RELOC,,0,14,1,,4.453822334758945,,,
WORKER_RELOC,,0,14,2,,5.1896453640105555,,,
WORKER_RELOC,,0,14,3,,3.4212146060904525,,,
WORKER_RELOC,,0,14,4,,7.644800076549832,,,
WORKER_RELOC,,0,14,5,,4.795211076387867,,,
WORKER_RELOC,,0,14,6,,7.803841295421875,,,
WORKER_RELOC,,0,14,7,,7.795102057535664,,,
WORKER_RELOC,,0,14,8,,3.01925311001239,,,
WORKER_RELOC,,0,14,9,,4.250096884517079,,,
WORKER_RELOC,,0,14,10,,4.0043486193146,,,
WORKER_RELOC,,0,14,11,,6.463808178947819,,,
WORKER_RELOC,,0,14,12,,7.016254509717242,,,
WORKER_RELOC,,0,14,13,,1.9640152653034513,,,
WORKER_RELOC,,0,14,14,,0.0,,,
WORKER_RELOC,,0,14,15,,4.557785652227904,,,
WORKER_RELOC,,0,14,16,,5.879734065217523,,,
WORKER_RELOC,,0,14,17,,5.937925701667799,,,
WORKER_RELOC,,0,15,0,,7.703312419260033,,,
WORKER_RELOC,,0,15,1,,4.056811207485295,,,
WORKER_RELOC,,0,15,2,,4.852855559145218,,,
WORKER_RELOC,,0,15,3,,5.95179092033838,,,
WORKER_RELOC,,0,15,4,,6.923870209539514,,,
WORKER_RELOC,,0,15,5,,5.7595542421356996,,,
WORKER_RELOC,,0,15,6,,6.5038377913171095,,,
WORKER_RELOC,,0,15,7,,3.260572927079106,,,
WORKER_RELOC,,0,15,8,,3.969165350241845,,,
WORKER_RELOC,,0,15,9,,3.3196064393520808,,,
WORKER_RELOC,,0,15,10,,7.334266233268901,,,
WORKER_RELOC,,0,15,11,,4.142917400957046,,,
WORKER_RELOC,,0,15,12,,6.436442653721249,,,
WORKER_RELOC,,0,15,13,,7.262184699142801,,,
WORKER_RELOC,,0,15,14,,3.9064002991269544,,,
WORKER_RELOC,,0,15,15,,0.0,,,
WORKER_RELOC,,0,15,16,,1.9937025577786534,,,
WORKER_RELOC,,0,15,17,,2.55449975939995,,,
WORKER_RELOC,,0,16,0,,7.002849661060909,,,
WORKER_RELOC,,0,16,1,,3.58378729127263,,,
WORKER_RELOC,,0,16,2,,3.483612640900239,,,
WORKER_RELOC,,0,16,3,,5.194250903281851,,,
WORKER_RELOC,,0,16,4,,7.932922634139959,,,
WORKER_RELOC,,0,16,5,,6.021971469465074,,,
WORKER_RELOC,,0,16,6,,4.11803287838734,,,
WORKER_RELOC,,0,16,7,,3.56174335119752,,,
WORKER_RELOC,,0,16,8,,7.3803720581270165,,,
WORKER_RELOC,,0,16,9,,6.008799479784955,,,
WORKER_RELOC,,0,16,10,,3.8258568721958337,,,
WORKER_RELOC,,0,16,11,,4.868383106498316,,,
WORKER_RELOC,,0,16,12,,7.393859048817133,,,
WORKER_RELOC,,0,16,13,,4.888592081517418,,,
WORKER_RELOC,,0,16,14,,5.115893484268968,,,
WORKER_RELOC,,0,16,15,,1.0191415691617531,,,
WORKER_RELOC,,0,16,16,,0.0,,,
WORKER_RELOC,,0,16,17,,1.962575226699208,,,
WORKER_RELOC,,0,17,0,,7.639932610839729,,,
WORKER_RELOC,,0,17,1,,7.893325701729991,,,
WORKER_RELOC,,0,17,2,,5.80165461726587,,,
WORKER_RELOC,,0,17,3,,4.3328415525575,,,
WORKER_RELOC,,0,17,4,,3.1646430268515413,,,
WORKER_RELOC,,0,17,5,,7.246416244770143,,,
WORKER_RELOC,,0,17,6,,6.311361449269,,,
WORKER_RELOC,,0,17,7,,3.0838194878362715,,,
WORKER_RELOC,,0,17,8,,7.09723940643178,,,
WORKER_RELOC,,0,17,9,,7.151014695988055,,,
WORKER_RELOC,,0,17,10,,6.120043556878985,,,
WORKER_RELOC,,0,17,11,,7.573551537950276,,,
WORKER_RELOC,,0,17,12,,3.8373040751483334,,,
WORKER_RELOC,,0,17,13,,4.773356568999867,,,
WORKER_RELOC,,0,17,14,,7.411876248719204,,,
WORKER_RELOC,,0,17,15,,2.914756236997566,,,
WORKER_RELOC,,0,17,16,,2.446768749202013,,,
WORKER_RELOC,,0,17,17,,0.0,,,
WORKER_RELOC,,1,0,0,,0.0,,,
WORKER_RELOC,,1,0,1,,1.5770118731821943,,,
WORKER_RELOC,,1,0,2,,5.2992827381346235,,,
WORKER_RELOC,,1,0,3,,7.079408889356401,,,
WORKER_RELOC,,1,0,4,,5.995786151015666,,,
WORKER_RELOC,,1,0,5,,3.4418837196754333,,,
WORKER_RELOC,,1,0,6,,7.458778311847522,,,
WORKER_RELOC,,1,0,7,,4.742498472849292,,,
WORKER_RELOC,,1,0,8,,7.820557477767794,,,
WORKER_RELOC,,1,0,9,,7.2696994176825065,,,
WORKER_RELOC,,1,0,10,,4.301178349332805,,,
WORKER_RELOC,,1,0,11,,5.051631695080154,,,
WORKER_RELOC,,1,0,12,,6.562282459086611,,,
WORKER_RELOC,,1,0,13,,5.20656455590577,,,
WORKER_RELOC,,1,0,14,,4.205605752470241,,,
WORKER_RELOC,,1,0,15,,7.472462075609523,,,
WORKER_RELOC,,1,0,16,,3.790568475862136,,,
WORKER_RELOC,,1,0,17,,5.566789444556332,,,
WORKER_RELOC,,1,1,0,,1.4788265635433313,,,
WORKER_RELOC,,1,1,1,,0.0,,,
WORKER_RELOC,,1,1,2,,5.613978282628441,,,
WORKER_RELOC,,1,1,3,,5.959942904165602,,,
WORKER_RELOC,,1,1,4,,4.98749106982252,,,
WORKER_RELOC,,1,1,5,,5.963461691707675,,,
WORKER_RELOC,,1,1,6,,6.159875818126947,,,
WORKER_RELOC,,1,1,7,,3.4125317488732305,,,
WORKER_RELOC,,1,1,8,,3.1745250760910304,,,
WORKER_RELOC,,1,1,9,,6.451865663597905,,,
WORKER_RELOC,,1,1,10,,6.260304361785042,,,
WORKER_RELOC,,1,1,11,,6.176265664561236,,,
WORKER_RELOC,,1,1,12,,3.3263103917090855,,,
WORKER_RELOC,,1,1,13,,3.240574187728584,,,
WORKER_RELOC,,1,1,14,,4.89369016157247,,,
WORKER_RELOC,,1,1,15,,7.934196147020308,,,
WORKER_RELOC,,1,1,16,,4.405878770392231,,,
WORKER_RELOC,,1,1,17,,6.725810752162381,,,
WORKER_RELOC,,1,2,0,,5.418454438057733,,,
WORKER_RELOC,,1,2,1,,5.09228249904398,,,
WORKER_RELOC,,1,2,2,,0.0,,,
WORKER_RELOC,,1,2,3,,6.479014314606662,,,
WORKER_RELOC,,1,2,4,,7.072049972890967,,,
WORKER_RELOC,,1,2,5,,6.491823743132858,,,
WORKER_RELOC,,1,2,6,,7.674177468925981,,,
WORKER_RELOC,,1,2,7,,5.322424252965364,,,
WORKER_RELOC,,1,2,8,,5.3056643936291135,,,
WORKER_RELOC,,1,2,9,,3.1516105557562875,,,
WORKER_RELOC,,1,2,10,,4.273920440576905,,,
WORKER_RELOC,,1,2,11,,7.476760667592489,,,
WORKER_RELOC,,1,2,12,,4.980309055456392,,,
WORKER_RELOC,,1,2,13,,6.226777479398665,,,
WORKER_RELOC,,1,2,14,,7.760251521079454,,,
WORKER_RELOC,,1,2,15,,3.6118780624296747,,,
WORKER_RELOC,,1,2,16,,6.282958308209523,,,
WORKER_RELOC,,1,2,17,,6.795677694626335,,,
WORKER_RELOC,,1,3,0,,7.9393522015601565,,,
WORKER_RELOC,,1,3,1,,7.290363912424937,,,
WORKER_RELOC,,1,3,2,,3.735476859312065,,,
WORKER_RELOC,,1,3,3,,0.0,,,
WORKER_RELOC,,1,3,4,,1.3437196106713487,,,
WORKER_RELOC,,1,3,5,,2.020699306484995,,,
WORKER_RELOC,,1,3,6,,7.089072066731098,,,
WORKER_RELOC,,1,3,7,,3.1619559400624078,,,
WORKER_RELOC,,1,3,8,,3.7146866545316986,,,
WORKER_RELOC,,1,3,9,,7.433658036714951,,,
WORKER_RELOC,,1,3,10,,3.6451274562776406,,,
WORKER_RELOC,,1,3,11,,7.842736524333375,,,
WORKER_RELOC,,1,3,12,,4.056263375298316,,,
WORKER_RELOC,,1,3,13,,4.119429598353959,,,
WORKER_RELOC,,1,3,14,,6.169610673163801,,,
WORKER_RELOC,,1,3,15,,3.181998206174625,,,
WORKER_RELOC,,1,3,16,,6.40897990444568,,,
WORKER_RELOC,,1,3,17,,5.986305216125712,,,
WORKER_RELOC,,1,4,0,,7.714498018205398,,,
WORKER_RELOC,,1,4,1,,7.609387373602863,,,
WORKER_RELOC,,1,4,2,,5.614256459420055,,,
WORKER_RELOC,,1,4,3,,2.02600384519895,,,
WORKER_RELOC,,1,4,4,,0.0,,,
WORKER_RELOC,,1,4,5,,1.8562335530353142,,,
WORKER_RELOC,,1,4,6,,5.383507464078059,,,
WORKER_RELOC,,1,4,7,,4.278534281034221,,,
WORKER_RELOC,,1,4,8,,3.502589663978687,,,
WORKER_RELOC,,1,4,9,,4.889679210556419,,,
WORKER_RELOC,,1,4,10,,6.945188156351012,,,
WORKER_RELOC,,1,4,11,,3.9066486994247573,,,
WORKER_RELOC,,1,4,12,,3.5048008460511832,,,
WORKER_RELOC,,1,4,13,,5.4423497128941385,,,
WORKER_RELOC,,1,4,14,,5.801634586099562,,,
WORKER_RELOC,,1,4,15,,7.246427469663149,,,
WORKER_RELOC,,1,4,16,,5.051408358036552,,,
WORKER_RELOC,,1,4,17,,7.818139196265491,,,
WORKER_RELOC,,1,5,0,,3.610342274244025,,,
WORKER_RELOC,,1,5,1,,6.05545157173015,,,
WORKER_RELOC,,1,5,2,,4.945628010929672,,,
WORKER_RELOC,,1,5,3,,1.306655743627072,,,
WORKER_RELOC,,1,5,4,,2.9064776075929197,,,
WORKER_RELOC,,1,5,5,,0.0,,,
WORKER_RELOC,,1,5,6,,5.052285988637195,,,
WORKER_RELOC,,1,5,7,,6.554289566541451,,,
WORKER_RELOC,,1,5,8,,3.31842031971443,,,
WORKER_RELOC,,1,5,9,,4.660290318743294,,,
WORKER_RELOC,,1,5,10,,5.141713332492738,,,
WORKER_RELOC,,1,5,11,,3.381134033222512,,,
WORKER_RELOC,,1,5,12,,6.651071279647178,,,
WORKER_RELOC,,1,5,13,,3.9568825228789493,,,
WORKER_RELOC,,1,5,14,,6.040834501728984,,,
WORKER_RELOC,,1,5,15,,6.9278450806249445,,,
WORKER_RELOC,,1,5,16,,7.10047324901852,,,
WORKER_RELOC,,1,5,17,,7.547579021456565,,,
WORKER_RELOC,,1,6,0,,4.482549732082826,,,
WORKER_RELOC,,1,6,1,,3.8245369392556468,,,
WORKER_RELOC,,1,6,2,,7.231263726131511,,,
WORKER_RELOC,,1,6,3,,4.755610479476788,,,
WORKER_RELOC,,1,6,4,,4.724013024517611,,,
WORKER_RELOC,,1,6,5,,7.98465543328167,,,
WORKER_RELOC,,1,6,6,,0.0,,,
WORKER_RELOC,,1,6,7,,7.21985449678881,,,
WORKER_RELOC,,1,6,8,,3.302632906796765,,,
WORKER_RELOC,,1,6,9,,5.262525283611919,,,
WORKER_RELOC,,1,6,10,,6.103499349698634,,,
WORKER_RELOC,,1,6,11,,4.277369563626911,,,
WORKER_RELOC,,1,6,12,,5.7576353864187935,,,
WORKER_RELOC,,1,6,13,,5.120692097568245,,,
WORKER_RELOC,,1,6,14,,6.176797266261613,,,
WORKER_RELOC,,1,6,15,,3.1465313704001203,,,
WORKER_RELOC,,1,6,16,,7.0657201938456975,,,
WORKER_RELOC,,1,6,17,,5.138033116021954,,,
WORKER_RELOC,,1,7,0,,5.646056636229807,,,
WORKER_RELOC,,1,7,1,,3.879114785911047,,,
WORKER_RELOC,,1,7,2,,6.274205596783542,,,
WORKER_RELOC,,1,7,3,,6.603962995652521,,,
WORKER_RELOC,,1,7,4,,6.6252119457770915,,,
WORKER_RELOC,,1,7,5,,6.860070548438682,,,
WORKER_RELOC,,1,7,6,,7.988823098464451,,,
WORKER_RELOC,,1,7,7,,0.0,,,
WORKER_RELOC,,1,7,8,,1.501283323692074,,,
WORKER_RELOC,,1,7,9,,2.617330377413876,,,
WORKER_RELOC,,1,7,10,,4.792897645996837,,,
WORKER_RELOC,,1,7,11,,7.737279434132514,,,
WORKER_RELOC,,1,7,12,,7.123118308854716,,,
WORKER_RELOC,,1,7,13,,7.972677935621755,,,
WORKER_RELOC,,1,7,14,,3.827594786523588,,,
WORKER_RELOC,,1,7,15,,6.393400296682401,,,
WORKER_RELOC,,1,7,16,,6.646579066824946,,,
WORKER_RELOC,,1,7,17,,3.05107486245524,,,
WORKER_RELOC,,1,8,0,,3.3904248955192573,,,
WORKER_RELOC,,1,8,1,,7.950051932629212,,,
WORKER_RELOC,,1,8,2,,6.246936701101973,,,
WORKER_RELOC,,1,8,3,,4.002779474486386,,,
WORKER_RELOC,,1,8,4,,6.800222424913772,,,
WORKER_RELOC,,1,8,5,,4.805542500318976,,,
WORKER_RELOC,,1,8,6,,7.988665768092312,,,
WORKER_RELOC,,1,8,7,,1.486680746999729,,,
WORKER_RELOC,,1,8,8,,0.0,,,
WORKER_RELOC,,1,8,9,,2.9836831524651943,,,
WORKER_RELOC,,1,8,10,,5.772933405449299,,,
WORKER_RELOC,,1,8,11,,3.7812998593731417,,,
WORKER_RELOC,,1,8,12,,7.425341057524504,,,
WORKER_RELOC,,1,8,13,,7.034544572144718,,,
WORKER_RELOC,,1,8,14,,6.250265977808191,,,
WORKER_RELOC,,1,8,15,,5.663647082798011,,,
WORKER_RELOC,,1,8,16,,5.57797055949886,,,
WORKER_RELOC,,1,8,17,,6.689339136887425,,,
WORKER_RELOC,,1,9,0,,5.7119027597898535,,,
WORKER_RELOC,,1,9,1,,6.4228204340194415,,,
WORKER_RELOC,,1,9,2,,4.075620286686946,,,
WORKER_RELOC,,1,9,3,,6.660467783884447,,,
WORKER_RELOC,,1,9,4,,3.6147717364181116,,,
WORKER_RELOC,,1,9,5,,6.971708705066822,,,
WORKER_RELOC,,1,9,6,,4.610970791503497,,,
WORKER_RELOC,,1,9,7,,2.93743235262108,,,
WORKER_RELOC,,1,9,8,,2.5872481242365124,,,
WORKER_RELOC,,1,9,9,,0.0,,,
WORKER_RELOC,,1,9,10,,6.856777966458419,,,
WORKER_RELOC,,1,9,11,,3.1341144835764965,,,
WORKER_RELOC,,1,9,12,,6.705731024420082,,,
WORKER_RELOC,,1,9,13,,5.83417909554883,,,
WORKER_RELOC,,1,9,14,,3.9863447475329328,,,
WORKER_RELOC,,1,9,15,,5.932361403825991,,,
WORKER_RELOC,,1,9,16,,6.636273012349787,,,
WORKER_RELOC,,1,9,17,,3.0476524657363306,,,
WORKER_RELOC,,1,10,0,,3.1845634595471313,,,
WORKER_RELOC,,1,10,1,,7.577017618053764,,,
WORKER_RELOC,,1,10,2,,6.703021233349061,,,
WORKER_RELOC,,1,10,3,,3.1028278444698754,,,
WORKER_RELOC,,1,10,4,,6.32974976817947,,,
WORKER_RELOC,,1,10,5,,5.768123428494718,,,
WORKER_RELOC,,1,10,6,,5.152600697487161,,,
WORKER_RELOC,,1,10,7,,3.1305875972360484,,,
WORKER_RELOC,,1,10,8,,5.479400693958427,,,
WORKER_RELOC,,1,10,9,,6.227620470122902,,,
WORKER_RELOC,,1,10,10,,0.0,,,
WORKER_RELOC,,1,10,11,,1.629361567921909,,,
WORKER_RELOC,,1,10,12,,1.7904958699925608,,,
WORKER_RELOC,,1,10,13,,3.160016183997445,,,
WORKER_RELOC,,1,10,14,,6.480190623429585,,,
WORKER_RELOC,,1,10,15,,5.582824797529027,,,
WORKER_RELOC,,1,10,16,,3.606660097511147,,,
WORKER_RELOC,,1,10,17,,3.9221095350042723,,,
WORKER_RELOC,,1,11,0,,6.330021125728052,,,
WORKER_RELOC,,1,11,1,,5.882730658804981,,,
WORKER_RELOC,,1,11,2,,6.625789976706116,,,
WORKER_RELOC,,1,11,3,,5.431833437464282,,,
WORKER_RELOC,,1,11,4,,7.316500735480534,,,
WORKER_RELOC,,1,11,5,,6.819017039639548,,,
WORKER_RELOC,,1,11,6,,3.1513954271406135,,,
WORKER_RELOC,,1,11,7,,7.380178787069063,,,
WORKER_RELOC,,1,11,8,,3.790879843534355,,,
WORKER_RELOC,,1,11,9,,5.098553331300357,,,
WORKER_RELOC,,1,11,10,,2.404912111238607,,,
WORKER_RELOC,,1,11,11,,0.0,,,
WORKER_RELOC,,1,11,12,,2.632471287676075,,,
WORKER_RELOC,,1,11,13,,5.259544299941038,,,
WORKER_RELOC,,1,11,14,,3.0770101605842965,,,
WORKER_RELOC,,1,11,15,,6.254621925752819,,,
WORKER_RELOC,,1,11,16,,3.980386286347515,,,
WORKER_RELOC,,1,11,17,,4.308502226363235,,,
WORKER_RELOC,,1,12,0,,4.355349165134877,,,
WORKER_RELOC,,1,12,1,,5.793104151079106,,,
WORKER_RELOC,,1,12,2,,4.471707200414837,,,
WORKER_RELOC,,1,12,3,,6.999873378417092,,,
WORKER_RELOC,,1,12,4,,3.718626600088987,,,
WORKER_RELOC,,1,12,5,,3.108350274814816,,,
WORKER_RELOC,,1,12,6,,5.386049623263382,,,
WORKER_RELOC,,1,12,7,,4.033404035797414,,,
WORKER_RELOC,,1,12,8,,3.126937315963551,,,
WORKER_RELOC,,1,12,9,,5.571766256985672,,,
WORKER_RELOC,,1,12,10,,1.5883156576534891,,,
WORKER_RELOC,,1,12,11,,2.1111462972450212,,,
WORKER_RELOC,,1,12,12,,0.0,,,
WORKER_RELOC,,1,12,13,,6.945458741296318,,,
WORKER_RELOC,,1,12,14,,3.727868493670354,,,
WORKER_RELOC,,1,12,15,,3.6687668136651634,,,
WORKER_RELOC,,1,12,16,,5.033815669743103,,,
WORKER_RELOC,,1,12,17,,6.3550910188200245,,,
WORKER_RELOC,,1,13,0,,3.769774689637535,,,
WORKER_RELOC,,1,13,1,,6.361684846684465,,,
WORKER_RELOC,,1,13,2,,7.247742535178062,,,
WORKER_RELOC,,1,13,3,,5.950485857770745,,,
WORKER_RELOC,,1,13,4,,5.053479033374383,,,
WORKER_RELOC,,1,13,5,,3.3711167953943493,,,
WORKER_RELOC,,1,13,6,,4.386695610288692,,,
WORKER_RELOC,,1,13,7,,7.780991426053887,,,
WORKER_RELOC,,1,13,8,,3.0749270699428015,,,
WORKER_RELOC,,1,13,9,,4.303118408927781,,,
WORKER_RELOC,,1,13,10,,4.252335836145842,,,
WORKER_RELOC,,1,13,11,,4.631554202674935,,,
WORKER_RELOC,,1,13,12,,3.5902235518329246,,,
WORKER_RELOC,,1,13,13,,0.0,,,
WORKER_RELOC,,1,13,14,,1.0258179981338749,,,
WORKER_RELOC,,1,13,15,,5.15371677151494,,,
WORKER_RELOC,,1,13,16,,7.786291274953676,,,
WORKER_RELOC,,1,13,17,,7.950035063647064,,,
WORKER_RELOC,,1,14,0,,6.531575246018185,,,
WORKER_RELOC,,1,14,1,,4.723583536199193,,,
WORKER_RELOC,,1,14,2,,3.688400821581202,,,
WORKER_RELOC,,1,14,3,,7.70488847806599,,,
WORKER_RELOC,,1,14,4,,3.6133309372879125,,,
WORKER_RELOC,,1,14,5,,6.309629293686672,,,
WORKER_RELOC,,1,14,6,,7.359911624319898,,,
WORKER_RELOC,,1,14,7,,3.4397336238675216,,,
WORKER_RELOC,,1,14,8,,5.210824382907501,,,
WORKER_RELOC,,1,14,9,,7.680683191229712,,,
WORKER_RELOC,,1,14,10,,3.7296603350704256,,,
WORKER_RELOC,,1,14,11,,7.964542052800111,,,
WORKER_RELOC,,1,14,12,,7.241646010231793,,,
WORKER_RELOC,,1,14,13,,1.5968440901414405,,,
WORKER_RELOC,,1,14,14,,0.0,,,
WORKER_RELOC,,1,14,15,,3.697717803310249,,,
WORKER_RELOC,,1,14,16,,7.944383389208354,,,
WORKER_RELOC,,1,14,17,,6.387058610101734,,,
WORKER_RELOC,,1,15,0,,6.528176040804638,,,
WORKER_RELOC,,1,15,1,,4.337888917855562,,,
WORKER_RELOC,,1,15,2,,3.075542481140584,,,
WORKER_RELOC,,1,15,3,,4.775582513949571,,,
WORKER_RELOC,,1,15,4,,5.640173228686653,,,
WORKER_RELOC,,1,15,5,,7.825937383283698,,,
WORKER_RELOC,,1,15,6,,5.161272859676873,,,
WORKER_RELOC,,1,15,7,,6.925148102196677,,,
WORKER_RELOC,,1,15,8,,6.4538536055379065,,,
WORKER_RELOC,,1,15,9,,3.6764756094825275,,,
WORKER_RELOC,,1,15,10,,5.854352908928284,,,
WORKER_RELOC,,1,15,11,,6.477231479253179,,,
WORKER_RELOC,,1,15,12,,4.7414367496940075,,,
WORKER_RELOC,,1,15,13,,4.4128976794884895,,,
WORKER_RELOC,,1,15,14,,3.4888486136448633,,,
WORKER_RELOC,,1,15,15,,0.0,,,
WORKER_RELOC,,1,15,16,,2.56814867901055,,,
WORKER_RELOC,,1,15,17,,1.8620873675026197,,,
WORKER_RELOC,,1,16,0,,7.585308618045759,,,
WORKER_RELOC,,1,16,1,,5.344170882403903,,,
WORKER_RELOC,,1,16,2,,6.301638902761911,,,
WORKER_RELOC,,1,16,3,,3.2373892524092907,,,
WORKER_RELOC,,1,16,4,,5.125048237609544,,,
WORKER_RELOC,,1,16,5,,7.478019931413592,,,
WORKER_RELOC,,1,16,6,,5.725494439962295,,,
WORKER_RELOC,,1,16,7,,4.463434302121732,,,
WORKER_RELOC,,1,16,8,,5.406135602373116,,,
WORKER_RELOC,,1,16,9,,5.195053284226322,,,
WORKER_RELOC,,1,16,10,,7.096729693162178,,,
WORKER_RELOC,,1,16,11,,4.43279671169312,,,
WORKER_RELOC,,1,16,12,,4.762910949425569,,,
WORKER_RELOC,,1,16,13,,4.611580728918247,,,
WORKER_RELOC,,1,16,14,,5.494982485624728,,,
WORKER_RELOC,,1,16,15,,2.7604676879007792,,,
WORKER_RELOC,,1,16,16,,0.0,,,
WORKER_RELOC,,1,16,17,,1.1226527344118893,,,
WORKER_RELOC,,1,17,0,,5.365273139026403,,,
WORKER_RELOC,,1,17,1,,6.011540560714485,,,
WORKER_RELOC,,1,17,2,,6.007318765506357,,,
WORKER_RELOC,,1,17,3,,4.349616061876478,,,
WORKER_RELOC,,1,17,4,,6.584790851353196,,,
WORKER_RELOC,,1,17,5,,4.533160008318525,,,
WORKER_RELOC,,1,17,6,,4.981182739943493,,,
WORKER_RELOC,,1,17,7,,5.776964506525271,,,
WORKER_RELOC,,1,17,8,,4.870581250643312,,,
WORKER_RELOC,,1,17,9,,5.380218196248133,,,
WORKER_RELOC,,1,17,10,,4.373788967512079,,,
WORKER_RELOC,,1,17,11,,3.0137511925970504,,,
WORKER_RELOC,,1,17,12,,7.2086157938628,,,
WORKER_RELOC,,1,17,13,,6.6003331272328065,,,
WORKER_RELOC,,1,17,14,,4.6422117038500685,,,
WORKER_RELOC,,1,17,15,,2.9405199640717634,,,
WORKER_RELOC,,1,17,16,,2.4598768349692657,,,
WORKER_RELOC,,1,17,17,,0.0,,,
WORKER_RELOC,,2,0,0,,0.0,,,
WORKER_RELOC,,2,0,1,,2.6767496678502134,,,
WORKER_RELOC,,2,0,2,,7.617198506326657,,,
WORKER_RELOC,,2,0,3,,3.6644167546380073,,,
WORKER_RELOC,,2,0,4,,5.740115062201552,,,
WORKER_RELOC,,2,0,5,,6.794230224598159,,,
WORKER_RELOC,,2,0,6,,5.36535766011424,,,
WORKER_RELOC,,2,0,7,,4.8708594696443,,,
WORKER_RELOC,,2,0,8,,6.721739552295926,,,
WORKER_RELOC,,2,0,9,,6.662162120484613,,,
WORKER_RELOC,,2,0,10,,4.071854767025065,,,
WORKER_RELOC,,2,0,11,,6.466055367863081,,,
WORKER_RELOC,,2,0,12,,6.076562802768509,,,
WORKER_RELOC,,2,0,13,,7.775831044888436,,,
WORKER_RELOC,,2,0,14,,4.267284918752092,,,
WORKER_RELOC,,2,0,15,,4.657039674260471,,,
WORKER_RELOC,,2,0,16,,6.5136587275277655,,,
WORKER_RELOC,,2,0,17,,7.992716473710658,,,
WORKER_RELOC,,2,1,0,,2.3647022388830763,,,
WORKER_RELOC,,2,1,1,,0.0,,,
WORKER_RELOC,,2,1,2,,3.383233425052458,,,
WORKER_RELOC,,2,1,3,,5.585958584690442,,,
WORKER_RELOC,,2,1,4,,5.956051273691822,,,
WORKER_RELOC,,2,1,5,,3.431148455745851,,,
WORKER_RELOC,,2,1,6,,3.401851561185426,,,
WORKER_RELOC,,2,1,7,,4.239316488931394,,,
WORKER_RELOC,,2,1,8,,3.2603469315585496,,,
WORKER_RELOC,,2,1,9,,6.835884521295113,,,
WORKER_RELOC,,2,1,10,,6.235743069451296,,,
WORKER_RELOC,,2,1,11,,3.1279467699252073,,,
WORKER_RELOC,,2,1,12,,3.0570904862133457,,,
WORKER_RELOC,,2,1,13,,6.54232023957065,,,
WORKER_RELOC,,2,1,14,,6.359660006111962,,,
WORKER_RELOC,,2,1,15,,4.7056264579544616,,,
WORKER_RELOC,,2,1,16,,6.273774874836373,,,
WORKER_RELOC,,2,1,17,,4.718200009520645,,,
WORKER_RELOC,,2,2,0,,5.652339517692104,,,
WORKER_RELOC,,2,2,1,,3.8421287496012084,,,
WORKER_RELOC,,2,2,2,,0.0,,,
WORKER_RELOC,,2,2,3,,6.417514353897036,,,
WORKER_RELOC,,2,2,4,,5.6231318894748465,,,
WORKER_RELOC,,2,2,5,,7.418540252924776,,,
WORKER_RELOC,,2,2,6,,7.185497166399385,,,
WORKER_RELOC,,2,2,7,,6.922495005294601,,,
WORKER_RELOC,,2,2,8,,6.150201809102793,,,
WORKER_RELOC,,2,2,9,,5.608099798832687,,,
WORKER_RELOC,,2,2,10,,4.042080172092913,,,
WORKER_RELOC,,2,2,11,,5.704503510130738,,,
WORKER_RELOC,,2,2,12,,3.4626096070897443,,,
WORKER_RELOC,,2,2,13,,4.874619890288745,,,
WORKER_RELOC,,2,2,14,,7.352151831993292,,,
WORKER_RELOC,,2,2,15,,7.669362383008612,,,
WORKER_RELOC,,2,2,16,,7.541566398744749,,,
WORKER_RELOC,,2,2,17,,4.351745361473275,,,
WORKER_RELOC,,2,3,0,,3.3880780747701786,,,
WORKER_RELOC,,2,3,1,,5.371194039359285,,,
WORKER_RELOC,,2,3,2,,5.836263218041772,,,
WORKER_RELOC,,2,3,3,,0.0,,,
WORKER_RELOC,,2,3,4,,1.186921533304311,,,
WORKER_RELOC,,2,3,5,,2.6073185596513184,,,
WORKER_RELOC,,2,3,6,,5.375453304842479,,,
WORKER_RELOC,,2,3,7,,6.925416400227453,,,
WORKER_RELOC,,2,3,8,,5.865023775430142,,,
WORKER_RELOC,,2,3,9,,6.772225132219471,,,
WORKER_RELOC,,2,3,10,,6.104634961411143,,,
WORKER_RELOC,,2,3,11,,3.4802754013989734,,,
WORKER_RELOC,,2,3,12,,6.442270351580243,,,
WORKER_RELOC,,2,3,13,,4.64664587138685,,,
WORKER_RELOC,,2,3,14,,3.8815553614208635,,,
WORKER_RELOC,,2,3,15,,7.27067265854366,,,
WORKER_RELOC,,2,3,16,,3.290350448690369,,,
WORKER_RELOC,,2,3,17,,5.992900501623609,,,
WORKER_RELOC,,2,4,0,,5.3964765248311295,,,
WORKER_RELOC,,2,4,1,,6.469354605402588,,,
WORKER_RELOC,,2,4,2,,3.039706226095327,,,
WORKER_RELOC,,2,4,3,,2.6839511437168406,,,
WORKER_RELOC,,2,4,4,,0.0,,,
WORKER_RELOC,,2,4,5,,2.869688584290049,,,
WORKER_RELOC,,2,4,6,,4.5955731300510365,,,
WORKER_RELOC,,2,4,7,,5.130255469505631,,,
WORKER_RELOC,,2,4,8,,6.07111689297583,,,
WORKER_RELOC,,2,4,9,,4.315923772499448,,,
WORKER_RELOC,,2,4,10,,3.31576174463674,,,
WORKER_RELOC,,2,4,11,,6.55379081967799,,,
WORKER_RELOC,,2,4,12,,4.846453352814391,,,
WORKER_RELOC,,2,4,13,,7.6150566077203825,,,
WORKER_RELOC,,2,4,14,,5.731274014364022,,,
WORKER_RELOC,,2,4,15,,7.058275668709657,,,
WORKER_RELOC,,2,4,16,,3.390661281495569,,,
WORKER_RELOC,,2,4,17,,7.011219914296821,,,
WORKER_RELOC,,2,5,0,,3.208183460651761,,,
WORKER_RELOC,,2,5,1,,4.709175379300681,,,
WORKER_RELOC,,2,5,2,,5.610377140939424,,,
WORKER_RELOC,,2,5,3,,1.0427582008832312,,,
WORKER_RELOC,,2,5,4,,2.0912727853289055,,,
WORKER_RELOC,,2,5,5,,0.0,,,
WORKER_RELOC,,2,5,6,,3.6895117838773674,,,
WORKER_RELOC,,2,5,7,,7.959916111492322,,,
WORKER_RELOC,,2,5,8,,4.488792356710407,,,
WORKER_RELOC,,2,5,9,,7.5561701814743865,,,
WORKER_RELOC,,2,5,10,,3.6435519212119516,,,
WORKER_RELOC,,2,5,11,,4.8524284360962975,,,
WORKER_RELOC,,2,5,12,,7.976858089451202,,,
WORKER_RELOC,,2,5,13,,5.685287739573604,,,
WORKER_RELOC,,2,5,14,,5.787808675187426,,,
WORKER_RELOC,,2,5,15,,4.315035815941461,,,
WORKER_RELOC,,2,5,16,,5.422064098698129,,,
WORKER_RELOC,,2,5,17,,6.195331628058445,,,
WORKER_RELOC,,2,6,0,,7.604239002308892,,,
WORKER_RELOC,,2,6,1,,6.600504056617908,,,
WORKER_RELOC,,2,6,2,,5.197379845886585,,,
WORKER_RELOC,,2,6,3,,3.571780775003006,,,
WORKER_RELOC,,2,6,4,,6.6472813930884085,,,
WORKER_RELOC,,2,6,5,,7.115563903689,,,
WORKER_RELOC,,2,6,6,,0.0,,,
WORKER_RELOC,,2,6,7,,5.697069716223103,,,
WORKER_RELOC,,2,6,8,,6.890479762482017,,,
WORKER_RELOC,,2,6,9,,7.920535508018386,,,
WORKER_RELOC,,2,6,10,,3.5425374397148808,,,
WORKER_RELOC,,2,6,11,,7.371876582072865,,,
WORKER_RELOC,,2,6,12,,4.623487519746331,,,
WORKER_RELOC,,2,6,13,,3.3741996922478883,,,
WORKER_RELOC,,2,6,14,,5.133801683226811,,,
WORKER_RELOC,,2,6,15,,3.0540779918403125,,,
WORKER_RELOC,,2,6,16,,7.306894213403304,,,
WORKER_RELOC,,2,6,17,,4.399821403344795,,,
WORKER_RELOC,,2,7,0,,6.014623317513322,,,
WORKER_RELOC,,2,7,1,,5.508740778709041,,,
WORKER_RELOC,,2,7,2,,6.628716600862457,,,
WORKER_RELOC,,2,7,3,,7.934418058295786,,,
WORKER_RELOC,,2,7,4,,7.794628719990093,,,
WORKER_RELOC,,2,7,5,,4.928821337349224,,,
WORKER_RELOC,,2,7,6,,3.1198806611311376,,,
WORKER_RELOC,,2,7,7,,0.0,,,
WORKER_RELOC,,2,7,8,,1.1350694746882748,,,
WORKER_RELOC,,2,7,9,,1.6179294989012005,,,
WORKER_RELOC,,2,7,10,,6.086735346094989,,,
WORKER_RELOC,,2,7,11,,7.140526457893554,,,
WORKER_RELOC,,2,7,12,,7.329980003611795,,,
WORKER_RELOC,,2,7,13,,7.160314473165907,,,
WORKER_RELOC,,2,7,14,,7.305214704363831,,,
WORKER_RELOC,,2,7,15,,6.838398510219755,,,
WORKER_RELOC,,2,7,16,,6.375204784200523,,,
WORKER_RELOC,,2,7,17,,6.1322828892286765,,,
WORKER_RELOC,,2,8,0,,4.280813380673954,,,
WORKER_RELOC,,2,8,1,,4.588156167064456,,,
WORKER_RELOC,,2,8,2,,4.703400638680194,,,
WORKER_RELOC,,2,8,3,,4.836624241439177,,,
WORKER_RELOC,,2,8,4,,4.111235234494301,,,
WORKER_RELOC,,2,8,5,,4.24546443752661,,,
WORKER_RELOC,,2,8,6,,3.328136510845102,,,
WORKER_RELOC,,2,8,7,,1.7592402584626083,,,
WORKER_RELOC,,2,8,8,,0.0,,,
WORKER_RELOC,,2,8,9,,2.27373857150565,,,
WORKER_RELOC,,2,8,10,,5.822896270766952,,,
WORKER_RELOC,,2,8,11,,4.920415881285514,,,
WORKER_RELOC,,2,8,12,,4.982178046615713,,,
WORKER_RELOC,,2,8,13,,4.32327272350439,,,
WORKER_RELOC,,2,8,14,,5.552206639033267,,,
WORKER_RELOC,,2,8,15,,4.165895797789078,,,
WORKER_RELOC,,2,8,16,,4.880369539199453,,,
WORKER_RELOC,,2,8,17,,5.203530313169667,,,
WORKER_RELOC,,2,9,0,,4.8046422104183435,,,
WORKER_RELOC,,2,9,1,,5.133922708175787,,,
WORKER_RELOC,,2,9,2,,5.532672545041445,,,
WORKER_RELOC,,2,9,3,,7.566199889766291,,,
WORKER_RELOC,,2,9,4,,6.092608292804751,,,
WORKER_RELOC,,2,9,5,,6.054625592280402,,,
WORKER_RELOC,,2,9,6,,4.056393376992691,,,
WORKER_RELOC,,2,9,7,,1.2061784140050895,,,
WORKER_RELOC,,2,9,8,,1.0452745462427715,,,
WORKER_RELOC,,2,9,9,,0.0,,,
WORKER_RELOC,,2,9,10,,3.963180821355136,,,
WORKER_RELOC,,2,9,11,,5.955026670657341,,,
WORKER_RELOC,,2,9,12,,6.155842925828134,,,
WORKER_RELOC,,2,9,13,,5.76517071818766,,,
WORKER_RELOC,,2,9,14,,6.683609739280489,,,
WORKER_RELOC,,2,9,15,,6.536773663163144,,,
WORKER_RELOC,,2,9,16,,6.208580437752637,,,
WORKER_RELOC,,2,9,17,,6.114938368371765,,,
WORKER_RELOC,,2,10,0,,6.579706850309758,,,
WORKER_RELOC,,2,10,1,,4.4106490432346765,,,
WORKER_RELOC,,2,10,2,,3.2878305508084233,,,
WORKER_RELOC,,2,10,3,,3.9680968545382824,,,
WORKER_RELOC,,2,10,4,,7.493877033789423,,,
WORKER_RELOC,,2,10,5,,3.086628734307697,,,
WORKER_RELOC,,2,10,6,,6.189966666095984,,,
WORKER_RELOC,,2,10,7,,4.378944161115296,,,
WORKER_RELOC,,2,10,8,,3.3743612855824106,,,
WORKER_RELOC,,2,10,9,,6.263797144664992,,,
WORKER_RELOC,,2,10,10,,0.0,,,
WORKER_RELOC,,2,10,11,,2.5142814966887252,,,
WORKER_RELOC,,2,10,12,,2.4500894031821696,,,
WORKER_RELOC,,2,10,13,,5.977821597268387,,,
WORKER_RELOC,,2,10,14,,7.77987815814881,,,
WORKER_RELOC,,2,10,15,,4.9940381605149575,,,
WORKER_RELOC,,2,10,16,,6.958946101278806,,,
WORKER_RELOC,,2,10,17,,6.904649342732283,,,
WORKER_RELOC,,2,11,0,,6.132825016837298,,,
WORKER_RELOC,,2,11,1,,7.447735979272985,,,
WORKER_RELOC,,2,11,2,,6.864657442526806,,,
WORKER_RELOC,,2,11,3,,3.346103074299803,,,
WORKER_RELOC,,2,11,4,,7.683219774496586,,,
WORKER_RELOC,,2,11,5,,4.522190524267262,,,
WORKER_RELOC,,2,11,6,,5.449821838503317,,,
WORKER_RELOC,,2,11,7,,3.1944342332539524,,,
WORKER_RELOC,,2,11,8,,3.2642294708084014,,,
WORKER_RELOC,,2,11,9,,3.298586685489502,,,
WORKER_RELOC,,2,11,10,,1.3477763214456109,,,
WORKER_RELOC,,2,11,11,,0.0,,,
WORKER_RELOC,,2,11,12,,2.515869287516681,,,
WORKER_RELOC,,2,11,13,,7.822719550872295,,,
WORKER_RELOC,,2,11,14,,7.70385734142865,,,
WORKER_RELOC,,2,11,15,,4.593979258767855,,,
WORKER_RELOC,,2,11,16,,5.705459948313681,,,
WORKER_RELOC,,2,11,17,,3.728894717771549,,,
WORKER_RELOC,,2,12,0,,5.583616736998922,,,
WORKER_RELOC,,2,12,1,,3.5886991032469484,,,
WORKER_RELOC,,2,12,2,,5.680847768391953,,,
WORKER_RELOC,,2,12,3,,6.666141225035968,,,
WORKER_RELOC,,2,12,4,,5.251760758569565,,,
WORKER_RELOC,,2,12,5,,3.4676162358722706,,,
WORKER_RELOC,,2,12,6,,3.236848861390497,,,
WORKER_RELOC,,2,12,7,,6.961099760953001,,,
WORKER_RELOC,,2,12,8,,6.479591906240879,,,
WORKER_RELOC,,2,12,9,,4.875139181295777,,,
WORKER_RELOC,,2,12,10,,1.681900406627091,,,
WORKER_RELOC,,2,12,11,,2.921161945397687,,,
WORKER_RELOC,,2,12,12,,0.0,,,
WORKER_RELOC,,2,12,13,,6.358105388637321,,,
WORKER_RELOC,,2,12,14,,5.715505356040001,,,
WORKER_RELOC,,2,12,15,,4.642978513483219,,,
WORKER_RELOC,,2,12,16,,6.31816387356426,,,
WORKER_RELOC,,2,12,17,,3.95341939405986,,,
WORKER_RELOC,,2,13,0,,5.583654461770543,,,
WORKER_RELOC,,2,13,1,,7.871814575266036,,,
WORKER_RELOC,,2,13,2,,7.154028983621015,,,
WORKER_RELOC,,2,13,3,,5.959161992275339,,,
WORKER_RELOC,,2,13,4,,6.620761762209807,,,
WORKER_RELOC,,2,13,5,,7.795759640248177,,,
WORKER_RELOC,,2,13,6,,4.949440046240785,,,
WORKER_RELOC,,2,13,7,,7.597457989590248,,,
WORKER_RELOC,,2,13,8,,5.578961387775815,,,
WORKER_RELOC,,2,13,9,,3.2273318061554104,,,
WORKER_RELOC,,2,13,10,,5.482144841557734,,,
WORKER_RELOC,,2,13,11,,6.632471506993542,,,
WORKER_RELOC,,2,13,12,,7.176113568332779,,,
WORKER_RELOC,,2,13,13,,0.0,,,
WORKER_RELOC,,2,13,14,,2.061109805940795,,,
WORKER_RELOC,,2,13,15,,5.1408188164022715,,,
WORKER_RELOC,,2,13,16,,5.582020395848741,,,
WORKER_RELOC,,2,13,17,,6.868165465255702,,,
WORKER_RELOC,,2,14,0,,6.188393518695807,,,
WORKER_RELOC,,2,14,1,,7.82682892651174,,,
WORKER_RELOC,,2,14,2,,3.374994104341294,,,
WORKER_RELOC,,2,14,3,,5.761901411639206,,,
WORKER_RELOC,,2,14,4,,6.694545251401001,,,
WORKER_RELOC,,2,14,5,,3.81496508030222,,,
WORKER_RELOC,,2,14,6,,3.405884378096944,,,
WORKER_RELOC,,2,14,7,,4.443803492487753,,,
WORKER_RELOC,,2,14,8,,3.6242641930953097,,,
WORKER_RELOC,,2,14,9,,6.4138015683910705,,,
WORKER_RELOC,,2,14,10,,7.430390895375925,,,
WORKER_RELOC,,2,14,11,,3.5380310427241857,,,
WORKER_RELOC,,2,14,12,,6.939833348572957,,,
WORKER_RELOC,,2,14,13,,1.7153329526645331,,,
WORKER_RELOC,,2,14,14,,0.0,,,
WORKER_RELOC,,2,14,15,,5.255203190795681,,,
WORKER_RELOC,,2,14,16,,6.183089900146489,,,
WORKER_RELOC,,2,14,17,,7.87032843150215,,,
WORKER_RELOC,,2,15,0,,5.913622268536152,,,
WORKER_RELOC,,2,15,1,,3.1432559457723177,,,
WORKER_RELOC,,2,15,2,,5.280548740939643,,,
WORKER_RELOC,,2,15,3,,7.63073083149744,,,
WORKER_RELOC,,2,15,4,,5.852264772428389,,,
WORKER_RELOC,,2,15,5,,7.510453351815266,,,
WORKER_RELOC,,2,15,6,,6.538040905279418,,,
WORKER_RELOC,,2,15,7,,4.7573455001128835,,,
WORKER_RELOC,,2,15,8,,3.252058312727562,,,
WORKER_RELOC,,2,15,9,,6.739390418036365,,,
WORKER_RELOC,,2,15,10,,3.2294197833708274,,,
WORKER_RELOC,,2,15,11,,3.0463633988253367,,,
WORKER_RELOC,,2,15,12,,4.325886535507841,,,
WORKER_RELOC,,2,15,13,,7.53244735860401,,,
WORKER_RELOC,,2,15,14,,3.221908386359586,,,
WORKER_RELOC,,2,15,15,,0.0,,,
WORKER_RELOC,,2,15,16,,2.699120136365991,,,
WORKER_RELOC,,2,15,17,,1.3966598365717653,,,
WORKER_RELOC,,2,16,0,,7.358397722562387,,,
WORKER_RELOC,,2,16,1,,3.3989618849517385,,,
WORKER_RELOC,,2,16,2,,7.367501920291069,,,
WORKER_RELOC,,2,16,3,,5.034689524779573,,,
WORKER_RELOC,,2,16,4,,3.9135124714283998,,,
WORKER_RELOC,,2,16,5,,5.053022383503246,,,
WORKER_RELOC,,2,16,6,,3.4755004808651977,,,
WORKER_RELOC,,2,16,7,,4.572017376742549,,,
WORKER_RELOC,,2,16,8,,4.678318937723209,,,
WORKER_RELOC,,2,16,9,,4.926964256641401,,,
WORKER_RELOC,,2,16,10,,6.320032868194583,,,
WORKER_RELOC,,2,16,11,,6.873963370296842,,,
WORKER_RELOC,,2,16,12,,3.7805630968786397,,,
WORKER_RELOC,,2,16,13,,5.790440872124884,,,
WORKER_RELOC,,2,16,14,,5.048207093441627,,,
WORKER_RELOC,,2,16,15,,2.2462972507060135,,,
WORKER_RELOC,,2,16,16,,0.0,,,
WORKER_RELOC,,2,16,17,,2.6239795802576964,,,
WORKER_RELOC,,2,17,0,,3.885423018617031,,,
WORKER_RELOC,,2,17,1,,3.1958985040035834,,,
WORKER_RELOC,,2,17,2,,4.171482064520008,,,
WORKER_RELOC,,2,17,3,,3.5505672174848004,,,
WORKER_RELOC,,2,17,4,,6.488333561884328,,,
WORKER_RELOC,,2,17,5,,3.8698513005506783,,,
WORKER_RELOC,,2,17,6,,3.0064252878090363,,,
WORKER_RELOC,,2,17,7,,3.176598921858055,,,
WORKER_RELOC,,2,17,8,,4.491262707935308,,,
WORKER_RELOC,,2,17,9,,6.559066116406207,,,
WORKER_RELOC,,2,17,10,,4.845222424794446,,,
WORKER_RELOC,,2,17,11,,5.742615343560885,,,
WORKER_RELOC,,2,17,12,,6.680227736452112,,,
WORKER_RELOC,,2,17,13,,4.294331029055889,,,
WORKER_RELOC,,2,17,14,,7.550793490699865,,,
WORKER_RELOC,,2,17,15,,1.3743434570256192,,,
WORKER_RELOC,,2,17,16,,1.2971186558105028,,,
WORKER_RELOC,,2,17,17,,0.0,,,
WORKER_RELOC,,3,0,0,,0.0,,,
WORKER_RELOC,,3,0,1,,1.5247435182615583,,,
WORKER_RELOC,,3,0,2,,4.311275746693401,,,
WORKER_RELOC,,3,0,3,,5.416598874899616,,,
WORKER_RELOC,,3,0,4,,5.418888008823243,,,
WORKER_RELOC,,3,0,5,,3.7075878997407408,,,
WORKER_RELOC,,3,0,6,,6.087932862603341,,,
WORKER_RELOC,,3,0,7,,7.184688930724157,,,
WORKER_RELOC,,3,0,8,,7.629701701152696,,,
WORKER_RELOC,,3,0,9,,7.202868633367288,,,
WORKER_RELOC,,3,0,10,,4.973517967840123,,,
WORKER_RELOC,,3,0,11,,3.344319916316791,,,
WORKER_RELOC,,3,0,12,,7.785685635352105,,,
WORKER_RELOC,,3,0,13,,5.624469026792093,,,
WORKER_RELOC,,3,0,14,,6.3008612144232945,,,
WORKER_RELOC,,3,0,15,,5.099936409014979,,,
WORKER_RELOC,,3,0,16,,7.376491340063535,,,
WORKER_RELOC,,3,0,17,,5.416444108011725,,,
WORKER_RELOC,,3,1,0,,2.6664807301209743,,,
WORKER_RELOC,,3,1,1,,0.0,,,
WORKER_RELOC,,3,1,2,,4.010654875239213,,,
WORKER_RELOC,,3,1,3,,6.261747080048767,,,
WORKER_RELOC,,3,1,4,,7.938795660209871,,,
WORKER_RELOC,,3,1,5,,6.42050546009687,,,
WORKER_RELOC,,3,1,6,,3.7315401616962354,,,
WORKER_RELOC,,3,1,7,,7.394271861477424,,,
WORKER_RELOC,,3,1,8,,7.383000411993188,,,
WORKER_RELOC,,3,1,9,,4.091609293473677,,,
WORKER_RELOC,,3,1,10,,4.612296883615983,,,
WORKER_RELOC,,3,1,11,,3.5098736424670216,,,
WORKER_RELOC,,3,1,12,,4.08724025623199,,,
WORKER_RELOC,,3,1,13,,7.968788877093069,,,
WORKER_RELOC,,3,1,14,,5.065388877154367,,,
WORKER_RELOC,,3,1,15,,6.660038558521977,,,
WORKER_RELOC,,3,1,16,,3.2631417317422855,,,
WORKER_RELOC,,3,1,17,,5.813682584609469,,,
WORKER_RELOC,,3,2,0,,5.773204193775517,,,
WORKER_RELOC,,3,2,1,,4.176473700518577,,,
WORKER_RELOC,,3,2,2,,0.0,,,
WORKER_RELOC,,3,2,3,,5.918946034422834,,,
WORKER_RELOC,,3,2,4,,5.7199642084077045,,,
WORKER_RELOC,,3,2,5,,4.820529293633346,,,
WORKER_RELOC,,3,2,6,,5.670411317644815,,,
WORKER_RELOC,,3,2,7,,4.650875993437405,,,
WORKER_RELOC,,3,2,8,,5.147659785573781,,,
WORKER_RELOC,,3,2,9,,7.484220743021355,,,
WORKER_RELOC,,3,2,10,,6.421876683810682,,,
WORKER_RELOC,,3,2,11,,7.236506626953874,,,
WORKER_RELOC,,3,2,12,,3.033725814678907,,,
WORKER_RELOC,,3,2,13,,5.4562780657781,,,
WORKER_RELOC,,3,2,14,,7.003381718312271,,,
WORKER_RELOC,,3,2,15,,5.772679237172181,,,
WORKER_RELOC,,3,2,16,,3.620781105177766,,,
WORKER_RELOC,,3,2,17,,4.914299086760488,,,
WORKER_RELOC,,3,3,0,,5.46609530256104,,,
WORKER_RELOC,,3,3,1,,3.9466544733992133,,,
WORKER_RELOC,,3,3,2,,3.5343001410863013,,,
WORKER_RELOC,,3,3,3,,0.0,,,
WORKER_RELOC,,3,3,4,,2.640863136568613,,,
WORKER_RELOC,,3,3,5,,2.6671236779259604,,,
WORKER_RELOC,,3,3,6,,3.767151125168153,,,
WORKER_RELOC,,3,3,7,,5.334600324351154,,,
WORKER_RELOC,,3,3,8,,4.781620241484949,,,
WORKER_RELOC,,3,3,9,,4.094133820048666,,,
WORKER_RELOC,,3,3,10,,4.3550258520361735,,,
WORKER_RELOC,,3,3,11,,4.635033981451197,,,
WORKER_RELOC,,3,3,12,,3.5705519734578717,,,
WORKER_RELOC,,3,3,13,,7.522836679839719,,,
WORKER_RELOC,,3,3,14,,4.447748920397014,,,
WORKER_RELOC,,3,3,15,,6.054659482059549,,,
WORKER_RELOC,,3,3,16,,5.652450033352196,,,
WORKER_RELOC,,3,3,17,,5.436157070648371,,,
WORKER_RELOC,,3,4,0,,3.192061230441562,,,
WORKER_RELOC,,3,4,1,,5.0368626414257935,,,
WORKER_RELOC,,3,4,2,,4.463637651300446,,,
WORKER_RELOC,,3,4,3,,2.0927947550808232,,,
WORKER_RELOC,,3,4,4,,0.0,,,
WORKER_RELOC,,3,4,5,,2.2898879104908394,,,
WORKER_RELOC,,3,4,6,,7.461754530320119,,,
WORKER_RELOC,,3,4,7,,6.915886672270026,,,
WORKER_RELOC,,3,4,8,,7.230179135108256,,,
WORKER_RELOC,,3,4,9,,6.507257184127808,,,
WORKER_RELOC,,3,4,10,,4.446111024297974,,,
WORKER_RELOC,,3,4,11,,5.50118533671113,,,
WORKER_RELOC,,3,4,12,,7.860506687539196,,,
WORKER_RELOC,,3,4,13,,5.382109052277432,,,
WORKER_RELOC,,3,4,14,,3.365617635354286,,,
WORKER_RELOC,,3,4,15,,7.194054181031877,,,
WORKER_RELOC,,3,4,16,,6.69761543576764,,,
WORKER_RELOC,,3,4,17,,5.462414383824531,,,
WORKER_RELOC,,3,5,0,,5.953049342315603,,,
WORKER_RELOC,,3,5,1,,3.5877308579177463,,,
WORKER_RELOC,,3,5,2,,7.14848146125934,,,
WORKER_RELOC,,3,5,3,,2.592504047127503,,,
WORKER_RELOC,,3,5,4,,1.4266577816237391,,,
WORKER_RELOC,,3,5,5,,0.0,,,
WORKER_RELOC,,3,5,6,,4.517543588272067,,,
WORKER_RELOC,,3,5,7,,7.831370367677565,,,
WORKER_RELOC,,3,5,8,,6.48957260764764,,,
WORKER_RELOC,,3,5,9,,6.04256884528492,,,
WORKER_RELOC,,3,5,10,,7.8989641032624505,,,
WORKER_RELOC,,3,5,11,,3.3668451773595587,,,
WORKER_RELOC,,3,5,12,,7.261069551873475,,,
WORKER_RELOC,,3,5,13,,6.705732566627662,,,
WORKER_RELOC,,3,5,14,,6.531113884032633,,,
WORKER_RELOC,,3,5,15,,6.730544830589428,,,
WORKER_RELOC,,3,5,16,,3.4353462114148177,,,
WORKER_RELOC,,3,5,17,,3.572501933182779,,,
WORKER_RELOC,,3,6,0,,6.010820112936491,,,
WORKER_RELOC,,3,6,1,,6.493152771695902,,,
WORKER_RELOC,,3,6,2,,6.656852017062151,,,
WORKER_RELOC,,3,6,3,,7.6455005890647065,,,
WORKER_RELOC,,3,6,4,,5.675902121004002,,,
WORKER_RELOC,,3,6,5,,5.3295821133028625,,,
WORKER_RELOC,,3,6,6,,0.0,,,
WORKER_RELOC,,3,6,7,,6.528617041731858,,,
WORKER_RELOC,,3,6,8,,7.274078354428431,,,
WORKER_RELOC,,3,6,9,,5.0459989054692045,,,
WORKER_RELOC,,3,6,10,,5.926620705815277,,,
WORKER_RELOC,,3,6,11,,3.5816081224648233,,,
WORKER_RELOC,,3,6,12,,7.999517433210296,,,
WORKER_RELOC,,3,6,13,,3.757988148881868,,,
WORKER_RELOC,,3,6,14,,6.106546346242034,,,
WORKER_RELOC,,3,6,15,,6.1800803433771,,,
WORKER_RELOC,,3,6,16,,6.477055775631539,,,
WORKER_RELOC,,3,6,17,,7.759229370172366,,,
WORKER_RELOC,,3,7,0,,3.370185569601918,,,
WORKER_RELOC,,3,7,1,,6.832168989187128,,,
WORKER_RELOC,,3,7,2,,5.669534780920863,,,
WORKER_RELOC,,3,7,3,,4.271827564480175,,,
WORKER_RELOC,,3,7,4,,5.306360100546469,,,
WORKER_RELOC,,3,7,5,,7.32150530955266,,,
WORKER_RELOC,,3,7,6,,7.6359197581719584,,,
WORKER_RELOC,,3,7,7,,0.0,,,
WORKER_RELOC,,3,7,8,,1.6952842095653982,,,
WORKER_RELOC,,3,7,9,,2.411637358559199,,,
WORKER_RELOC,,3,7,10,,3.9280694070337567,,,
WORKER_RELOC,,3,7,11,,6.708623879519977,,,
WORKER_RELOC,,3,7,12,,3.9956483119291675,,,
WORKER_RELOC,,3,7,13,,5.309337706673741,,,
WORKER_RELOC,,3,7,14,,7.715616088896336,,,
WORKER_RELOC,,3,7,15,,7.208631208881701,,,
WORKER_RELOC,,3,7,16,,7.389658042178432,,,
WORKER_RELOC,,3,7,17,,7.308443934166436,,,
WORKER_RELOC,,3,8,0,,5.988665555206257,,,
WORKER_RELOC,,3,8,1,,3.518774627138887,,,
WORKER_RELOC,,3,8,2,,6.849699516578735,,,
WORKER_RELOC,,3,8,3,,6.447459053489071,,,
WORKER_RELOC,,3,8,4,,4.716429331841983,,,
WORKER_RELOC,,3,8,5,,5.739581774135302,,,
WORKER_RELOC,,3,8,6,,5.586030444931127,,,
WORKER_RELOC,,3,8,7,,1.6046477023734709,,,
WORKER_RELOC,,3,8,8,,0.0,,,
WORKER_RELOC,,3,8,9,,1.5805179577304624,,,
WORKER_RELOC,,3,8,10,,7.075683429595186,,,
WORKER_RELOC,,3,8,11,,3.7629925974799123,,,
WORKER_RELOC,,3,8,12,,3.4326568847259296,,,
WORKER_RELOC,,3,8,13,,7.715185260206797,,,
WORKER_RELOC,,3,8,14,,6.111154779420291,,,
WORKER_RELOC,,3,8,15,,4.982269265776452,,,
WORKER_RELOC,,3,8,16,,3.7839402519407104,,,
WORKER_RELOC,,3,8,17,,4.497807733161863,,,
WORKER_RELOC,,3,9,0,,7.789425824094233,,,
WORKER_RELOC,,3,9,1,,4.983932633048296,,,
WORKER_RELOC,,3,9,2,,3.517942404113116,,,
WORKER_RELOC,,3,9,3,,5.725728535340274,,,
WORKER_RELOC,,3,9,4,,7.05086503101709,,,
WORKER_RELOC,,3,9,5,,4.814090980191571,,,
WORKER_RELOC,,3,9,6,,5.583223912894905,,,
WORKER_RELOC,,3,9,7,,1.961174358084819,,,
WORKER_RELOC,,3,9,8,,2.3254328367768147,,,
WORKER_RELOC,,3,9,9,,0.0,,,
WORKER_RELOC,,3,9,10,,7.937995451671709,,,
WORKER_RELOC,,3,9,11,,5.246423861107046,,,
WORKER_RELOC,,3,9,12,,3.8224785117844693,,,
WORKER_RELOC,,3,9,13,,6.890354397760792,,,
WORKER_RELOC,,3,9,14,,3.245154504636904,,,
WORKER_RELOC,,3,9,15,,7.0328100306276475,,,
WORKER_RELOC,,3,9,16,,7.460111738244815,,,
WORKER_RELOC,,3,9,17,,7.114505843983751,,,
WORKER_RELOC,,3,10,0,,6.191415814378789,,,
WORKER_RELOC,,3,10,1,,3.442043964571443,,,
WORKER_RELOC,,3,10,2,,3.904687398897235,,,
WORKER_RELOC,,3,10,3,,4.75300122081139,,,
WORKER_RELOC,,3,10,4,,5.218007719350345,,,
WORKER_RELOC,,3,10,5,,5.171987211127519,,,
WORKER_RELOC,,3,10,6,,4.934157155964782,,,
WORKER_RELOC,,3,10,7,,7.871703290363136,,,
WORKER_RELOC,,3,10,8,,3.5155899110681093,,,
WORKER_RELOC,,3,10,9,,4.920301928752308,,,
WORKER_RELOC,,3,10,10,,0.0,,,
WORKER_RELOC,,3,10,11,,1.1777318529534813,,,
WORKER_RELOC,,3,10,12,,1.2389794991747243,,,
WORKER_RELOC,,3,10,13,,4.2490159976683834,,,
WORKER_RELOC,,3,10,14,,5.127487651522067,,,
WORKER_RELOC,,3,10,15,,4.625133569722664,,,
WORKER_RELOC,,3,10,16,,3.015512582249425,,,
WORKER_RELOC,,3,10,17,,4.069054525533704,,,
WORKER_RELOC,,3,11,0,,7.176639421993581,,,
WORKER_RELOC,,3,11,1,,4.968337548346395,,,
WORKER_RELOC,,3,11,2,,4.602955625172392,,,
WORKER_RELOC,,3,11,3,,3.5029522041357732,,,
WORKER_RELOC,,3,11,4,,3.568570056110427,,,
WORKER_RELOC,,3,11,5,,4.852615034577919,,,
WORKER_RELOC,,3,11,6,,3.1141004646236614,,,
WORKER_RELOC,,3,11,7,,3.7447783819061,,,
WORKER_RELOC,,3,11,8,,5.803283741499191,,,
WORKER_RELOC,,3,11,9,,7.113649605624631,,,
WORKER_RELOC,,3,11,10,,2.8904718413382597,,,
WORKER_RELOC,,3,11,11,,0.0,,,
WORKER_RELOC,,3,11,12,,1.0299939595371093,,,
WORKER_RELOC,,3,11,13,,4.045509108017004,,,
WORKER_RELOC,,3,11,14,,7.63631584034714,,,
WORKER_RELOC,,3,11,15,,6.87625045994961,,,
WORKER_RELOC,,3,11,16,,7.929062515259638,,,
WORKER_RELOC,,3,11,17,,6.668686618930895,,,
WORKER_RELOC,,3,12,0,,3.1315789836281285,,,
WORKER_RELOC,,3,12,1,,6.646504020692772,,,
WORKER_RELOC,,3,12,2,,6.150275128109259,,,
WORKER_RELOC,,3,12,3,,4.999354487942064,,,
WORKER_RELOC,,3,12,4,,3.8333202955812835,,,
WORKER_RELOC,,3,12,5,,3.4504380434466935,,,
WORKER_RELOC,,3,12,6,,4.8346076081490335,,,
WORKER_RELOC,,3,12,7,,5.212094702399985,,,
WORKER_RELOC,,3,12,8,,4.967121790432201,,,
WORKER_RELOC,,3,12,9,,3.9172330735933403,,,
WORKER_RELOC,,3,12,10,,1.912076608745226,,,
WORKER_RELOC,,3,12,11,,2.039201544512494,,,
WORKER_RELOC,,3,12,12,,0.0,,,
WORKER_RELOC,,3,12,13,,3.4653339058521584,,,
WORKER_RELOC,,3,12,14,,7.2523430722557105,,,
WORKER_RELOC,,3,12,15,,3.722365641098759,,,
WORKER_RELOC,,3,12,16,,6.678251206223837,,,
WORKER_RELOC,,3,12,17,,5.919318622287942,,,
WORKER_RELOC,,3,13,0,,4.147011338865175,,,
WORKER_RELOC,,3,13,1,,4.214199150994899,,,
WORKER_RELOC,,3,13,2,,4.097077126082251,,,
WORKER_RELOC,,3,13,3,,4.213498691159347,,,
WORKER_RELOC,,3,13,4,,6.04919847268125,,,
WORKER_RELOC,,3,13,5,,7.023902816991481,,,
WORKER_RELOC,,3,13,6,,4.1767027073359095,,,
WORKER_RELOC,,3,13,7,,5.927715639819232,,,
WORKER_RELOC,,3,13,8,,5.997947744180232,,,
WORKER_RELOC,,3,13,9,,6.183624488897973,,,
WORKER_RELOC,,3,13,10,,5.149881948357775,,,
WORKER_RELOC,,3,13,11,,7.77774928275601,,,
WORKER_RELOC,,3,13,12,,5.162151152463448,,,
WORKER_RELOC,,3,13,13,,0.0,,,
WORKER_RELOC,,3,13,14,,1.661746290146635,,,
WORKER_RELOC,,3,13,15,,3.762990473387694,,,
WORKER_RELOC,,3,13,16,,4.050336957736473,,,
WORKER_RELOC,,3,13,17,,3.462824322376826,,,
WORKER_RELOC,,3,14,0,,7.0542699799066035,,,
WORKER_RELOC,,3,14,1,,4.8000241164779,,,
WORKER_RELOC,,3,14,2,,7.243275913671307,,,
WORKER_RELOC,,3,14,3,,7.524352704864641,,,
WORKER_RELOC,,3,14,4,,4.071831036422681,,,
WORKER_RELOC,,3,14,5,,7.314923285184991,,,
WORKER_RELOC,,3,14,6,,3.5235602014356666,,,
WORKER_RELOC,,3,14,7,,7.524681160951029,,,
WORKER_RELOC,,3,14,8,,6.827056442944553,,,
WORKER_RELOC,,3,14,9,,5.961558718429869,,,
WORKER_RELOC,,3,14,10,,4.856188438367955,,,
WORKER_RELOC,,3,14,11,,4.197018969081186,,,
WORKER_RELOC,,3,14,12,,5.443724445358059,,,
WORKER_RELOC,,3,14,13,,2.115725578133638,,,
WORKER_RELOC,,3,14,14,,0.0,,,
WORKER_RELOC,,3,14,15,,3.324043522652006,,,
WORKER_RELOC,,3,14,16,,7.950814268458624,,,
WORKER_RELOC,,3,14,17,,4.5871167455813815,,,
WORKER_RELOC,,3,15,0,,4.118408121621892,,,
WORKER_RELOC,,3,15,1,,4.462661331137985,,,
WORKER_RELOC,,3,15,2,,5.786547714186987,,,
WORKER_RELOC,,3,15,3,,3.061271283727238,,,
WORKER_RELOC,,3,15,4,,5.079306999688454,,,
WORKER_RELOC,,3,15,5,,6.560774165868734,,,
WORKER_RELOC,,3,15,6,,4.018662378547399,,,
WORKER_RELOC,,3,15,7,,4.716651415089165,,,
WORKER_RELOC,,3,15,8,,5.913292039785253,,,
WORKER_RELOC,,3,15,9,,7.1095450104557045,,,
WORKER_RELOC,,3,15,10,,3.621890630775442,,,
WORKER_RELOC,,3,15,11,,4.237052692540823,,,
WORKER_RELOC,,3,15,12,,6.386123886243236,,,
WORKER_RELOC,,3,15,13,,5.662196359551596,,,
WORKER_RELOC,,3,15,14,,3.6092694154879936,,,
WORKER_RELOC,,3,15,15,,0.0,,,
WORKER_RELOC,,3,15,16,,1.3948756779919993,,,
WORKER_RELOC,,3,15,17,,2.672897539652279,,,
WORKER_RELOC,,3,16,0,,3.4196800417015867,,,
WORKER_RELOC,,3,16,1,,5.094792548623872,,,
WORKER_RELOC,,3,16,2,,7.283203495292954,,,
WORKER_RELOC,,3,16,3,,5.018950639410404,,,
WORKER_RELOC,,3,16,4,,3.4513249912812185,,,
WORKER_RELOC,,3,16,5,,7.1092779635661225,,,
WORKER_RELOC,,3,16,6,,4.509219896911683,,,
WORKER_RELOC,,3,16,7,,4.767280337402084,,,
WORKER_RELOC,,3,16,8,,4.2437720735498115,,,
WORKER_RELOC,,3,16,9,,7.9261718310888405,,,
WORKER_RELOC,,3,16,10,,5.901110833940107,,,
WORKER_RELOC,,3,16,11,,3.900069150318534,,,
WORKER_RELOC,,3,16,12,,7.440687409063974,,,
WORKER_RELOC,,3,16,13,,5.303197407240072,,,
WORKER_RELOC,,3,16,14,,6.047413541016917,,,
WORKER_RELOC,,3,16,15,,1.9683859070996266,,,
WORKER_RELOC,,3,16,16,,0.0,,,
WORKER_RELOC,,3,16,17,,2.214433615428672,,,
WORKER_RELOC,,3,17,0,,6.037509334507773,,,
WORKER_RELOC,,3,17,1,,5.49791447973911,,,
WORKER_RELOC,,3,17,2,,7.769850578156014,,,
WORKER_RELOC,,3,17,3,,6.668936717269749,,,
WORKER_RELOC,,3,17,4,,5.7284025772327105,,,
WORKER_RELOC,,3,17,5,,6.096113559792855,,,
WORKER_RELOC,,3,17,6,,7.763939611715184,,,
WORKER_RELOC,,3,17,7,,7.317466769496921,,,
WORKER_RELOC,,3,17,8,,7.298334956406606,,,
WORKER_RELOC,,3,17,9,,7.305653795521763,,,
WORKER_RELOC,,3,17,10,,5.249248117714577,,,
WORKER_RELOC,,3,17,11,,6.380656643535832,,,
WORKER_RELOC,,3,17,12,,5.30733979390883,,,
WORKER_RELOC,,3,17,13,,7.617537320910216,,,
WORKER_RELOC,,3,17,14,,6.983831248556356,,,
WORKER_RELOC,,3,17,15,,1.3830606758110815,,,
WORKER_RELOC,,3,17,16,,2.562307418421515,,,
WORKER_RELOC,,3,17,17,,0.0,,,
WORKER_RELOC,,4,0,0,,0.0,,,
WORKER_RELOC,,4,0,1,,2.59441353262571,,,
WORKER_RELOC,,4,0,2,,5.963058321561979,,,
WORKER_RELOC,,4,0,3,,7.64927574883138,,,
WORKER_RELOC,,4,0,4,,5.520999850589483,,,
WORKER_RELOC,,4,0,5,,7.351853899189531,,,
WORKER_RELOC,,4,0,6,,3.6022428215568185,,,
WORKER_RELOC,,4,0,7,,6.560014320966046,,,
WORKER_RELOC,,4,0,8,,6.840964016507764,,,
WORKER_RELOC,,4,0,9,,6.427922025180337,,,
WORKER_RELOC,,4,0,10,,3.3756569201348476,,,
WORKER_RELOC,,4,0,11,,5.9266629747189015,,,
WORKER_RELOC,,4,0,12,,5.265722847875533,,,
WORKER_RELOC,,4,0,13,,7.360319980231748,,,
WORKER_RELOC,,4,0,14,,3.5065982975157746,,,
WORKER_RELOC,,4,0,15,,4.933805009635542,,,
WORKER_RELOC,,4,0,16,,7.505686780596653,,,
WORKER_RELOC,,4,0,17,,4.888316546720984,,,
WORKER_RELOC,,4,1,0,,2.878832637492939,,,
WORKER_RELOC,,4,1,1,,0.0,,,
WORKER_RELOC,,4,1,2,,5.3164600137693,,,
WORKER_RELOC,,4,1,3,,7.726030942382394,,,
WORKER_RELOC,,4,1,4,,4.082641611576582,,,
WORKER_RELOC,,4,1,5,,6.653464300677309,,,
WORKER_RELOC,,4,1,6,,5.692420874073935,,,
WORKER_RELOC,,4,1,7,,7.131252573057643,,,
WORKER_RELOC,,4,1,8,,6.263681162317752,,,
WORKER_RELOC,,4,1,9,,4.8972943973364735,,,
WORKER_RELOC,,4,1,10,,6.037156779831352,,,
WORKER_RELOC,,4,1,11,,7.42953038572841,,,
WORKER_RELOC,,4,1,12,,6.397178390380974,,,
WORKER_RELOC,,4,1,13,,5.7732508372576845,,,
WORKER_RELOC,,4,1,14,,3.035590812012991,,,
WORKER_RELOC,,4,1,15,,4.091950459098747,,,
WORKER_RELOC,,4,1,16,,3.135903709526997,,,
WORKER_RELOC,,4,1,17,,6.353393335984377,,,
WORKER_RELOC,,4,2,0,,4.693076282767821,,,
WORKER_RELOC,,4,2,1,,6.751416134250861,,,
WORKER_RELOC,,4,2,2,,0.0,,,
WORKER_RELOC,,4,2,3,,5.440661085038379,,,
WORKER_RELOC,,4,2,4,,7.02783792945735,,,
WORKER_RELOC,,4,2,5,,5.803124435357891,,,
WORKER_RELOC,,4,2,6,,4.240994930134562,,,
WORKER_RELOC,,4,2,7,,3.5624476335575377,,,
WORKER_RELOC,,4,2,8,,3.289199118551322,,,
WORKER_RELOC,,4,2,9,,7.081176033495542,,,
WORKER_RELOC,,4,2,10,,6.286420926797933,,,
WORKER_RELOC,,4,2,11,,4.454831260577856,,,
WORKER_RELOC,,4,2,12,,7.694341431580516,,,
WORKER_RELOC,,4,2,13,,5.4423098004739625,,,
WORKER_RELOC,,4,2,14,,4.042431488926487,,,
WORKER_RELOC,,4,2,15,,5.342868451345774,,,
WORKER_RELOC,,4,2,16,,4.121498597286675,,,
WORKER_RELOC,,4,2,17,,5.583627661885117,,,
WORKER_RELOC,,4,3,0,,5.85503723778868,,,
WORKER_RELOC,,4,3,1,,6.172449140398777,,,
WORKER_RELOC,,4,3,2,,3.8306772696386284,,,
WORKER_RELOC,,4,3,3,,0.0,,,
WORKER_RELOC,,4,3,4,,1.3313782407776351,,,
WORKER_RELOC,,4,3,5,,2.749321523551324,,,
WORKER_RELOC,,4,3,6,,7.21589335603121,,,
WORKER_RELOC,,4,3,7,,5.823934853870702,,,
WORKER_RELOC,,4,3,8,,7.941600577136099,,,
WORKER_RELOC,,4,3,9,,3.9177708686240553,,,
WORKER_RELOC,,4,3,10,,3.5778203132295703,,,
WORKER_RELOC,,4,3,11,,3.0226889848640983,,,
WORKER_RELOC,,4,3,12,,5.509297207723168,,,
WORKER_RELOC,,4,3,13,,6.336900226283844,,,
WORKER_RELOC,,4,3,14,,4.5975406386412505,,,
WORKER_RELOC,,4,3,15,,4.815575947051958,,,
WORKER_RELOC,,4,3,16,,5.374267361324263,,,
WORKER_RELOC,,4,3,17,,4.066712703095556,,,
WORKER_RELOC,,4,4,0,,5.473678953415121,,,
WORKER_RELOC,,4,4,1,,7.244608933065417,,,
WORKER_RELOC,,4,4,2,,4.570354261792459,,,
WORKER_RELOC,,4,4,3,,1.1209077768651092,,,
WORKER_RELOC,,4,4,4,,0.0,,,
WORKER_RELOC,,4,4,5,,1.8523457203668405,,,
WORKER_RELOC,,4,4,6,,7.407303368105929,,,
WORKER_RELOC,,4,4,7,,4.112340563055158,,,
WORKER_RELOC,,4,4,8,,6.149407070282203,,,
WORKER_RELOC,,4,4,9,,3.3946049847239683,,,
WORKER_RELOC,,4,4,10,,4.580798596994967,,,
WORKER_RELOC,,4,4,11,,5.20055537455889,,,
WORKER_RELOC,,4,4,12,,5.059096701484141,,,
WORKER_RELOC,,4,4,13,,3.668475171511709,,,
WORKER_RELOC,,4,4,14,,5.0983071112361635,,,
WORKER_RELOC,,4,4,15,,3.3980809309084576,,,
WORKER_RELOC,,4,4,16,,3.701251212183234,,,
WORKER_RELOC,,4,4,17,,6.429406790000246,,,
WORKER_RELOC,,4,5,0,,7.830041657971556,,,
WORKER_RELOC,,4,5,1,,7.336109691430778,,,
WORKER_RELOC,,4,5,2,,3.4544208110888324,,,
WORKER_RELOC,,4,5,3,,2.1580293089559675,,,
WORKER_RELOC,,4,5,4,,1.8596595375143101,,,
WORKER_RELOC,,4,5,5,,0.0,,,
WORKER_RELOC,,4,5,6,,5.080783853957531,,,
WORKER_RELOC,,4,5,7,,5.1679460206776415,,,
WORKER_RELOC,,4,5,8,,3.1429462874092136,,,
WORKER_RELOC,,4,5,9,,3.628007681028649,,,
WORKER_RELOC,,4,5,10,,6.147235088532316,,,
WORKER_RELOC,,4,5,11,,6.4650033426810385,,,
WORKER_RELOC,,4,5,12,,3.4604710718447342,,,
WORKER_RELOC,,4,5,13,,4.377644838610471,,,
WORKER_RELOC,,4,5,14,,4.64194503678444,,,
WORKER_RELOC,,4,5,15,,3.228976014332808,,,
WORKER_RELOC,,4,5,16,,4.760489233446956,,,
WORKER_RELOC,,4,5,17,,5.515120843885644,,,
WORKER_RELOC,,4,6,0,,7.1856453741832444,,,
WORKER_RELOC,,4,6,1,,7.83881934148258,,,
WORKER_RELOC,,4,6,2,,4.0139282280161215,,,
WORKER_RELOC,,4,6,3,,7.104448482422814,,,
WORKER_RELOC,,4,6,4,,4.993991518051841,,,
WORKER_RELOC,,4,6,5,,7.060403106342384,,,
WORKER_RELOC,,4,6,6,,0.0,,,
WORKER_RELOC,,4,6,7,,7.612160651176826,,,
WORKER_RELOC,,4,6,8,,4.39689697280995,,,
WORKER_RELOC,,4,6,9,,6.301067599708059,,,
WORKER_RELOC,,4,6,10,,3.9378797346310224,,,
WORKER_RELOC,,4,6,11,,3.4208834543494184,,,
WORKER_RELOC,,4,6,12,,7.1447889585069655,,,
WORKER_RELOC,,4,6,13,,4.261213502574654,,,
WORKER_RELOC,,4,6,14,,6.553968496422951,,,
WORKER_RELOC,,4,6,15,,5.954359122633763,,,
WORKER_RELOC,,4,6,16,,7.890851902844311,,,
WORKER_RELOC,,4,6,17,,6.487527069724014,,,
WORKER_RELOC,,4,7,0,,5.678421347034639,,,
WORKER_RELOC,,4,7,1,,7.704893806196008,,,
WORKER_RELOC,,4,7,2,,4.710405803888673,,,
WORKER_RELOC,,4,7,3,,6.107195925677186,,,
WORKER_RELOC,,4,7,4,,5.731546911648264,,,
WORKER_RELOC,,4,7,5,,6.31433210419447,,,
WORKER_RELOC,,4,7,6,,7.64961477998569,,,
WORKER_RELOC,,4,7,7,,0.0,,,
WORKER_RELOC,,4,7,8,,2.326826491049397,,,
WORKER_RELOC,,4,7,9,,2.204685594706014,,,
WORKER_RELOC,,4,7,10,,5.932220747734183,,,
WORKER_RELOC,,4,7,11,,3.446559186397022,,,
WORKER_RELOC,,4,7,12,,7.881314862145029,,,
WORKER_RELOC,,4,7,13,,4.948580449117436,,,
WORKER_RELOC,,4,7,14,,6.577202346810061,,,
WORKER_RELOC,,4,7,15,,3.373693223856148,,,
WORKER_RELOC,,4,7,16,,3.8931451541735926,,,
WORKER_RELOC,,4,7,17,,6.213489579457288,,,
WORKER_RELOC,,4,8,0,,7.381310825150232,,,
WORKER_RELOC,,4,8,1,,3.1817951311338923,,,
WORKER_RELOC,,4,8,2,,3.377578399335039,,,
WORKER_RELOC,,4,8,3,,6.4540834187793745,,,
WORKER_RELOC,,4,8,4,,3.2785545932446016,,,
WORKER_RELOC,,4,8,5,,3.59126606145242,,,
WORKER_RELOC,,4,8,6,,3.7267162399546203,,,
WORKER_RELOC,,4,8,7,,2.920860151156301,,,
WORKER_RELOC,,4,8,8,,0.0,,,
WORKER_RELOC,,4,8,9,,2.5986314945527473,,,
WORKER_RELOC,,4,8,10,,6.080504456569054,,,
WORKER_RELOC,,4,8,11,,3.5972666419271793,,,
WORKER_RELOC,,4,8,12,,4.1487805548962875,,,
WORKER_RELOC,,4,8,13,,6.673168815647778,,,
WORKER_RELOC,,4,8,14,,3.971072499248098,,,
WORKER_RELOC,,4,8,15,,7.304532764968919,,,
WORKER_RELOC,,4,8,16,,6.211562898962873,,,
WORKER_RELOC,,4,8,17,,5.339096288506184,,,
WORKER_RELOC,,4,9,0,,6.20134324332352,,,
WORKER_RELOC,,4,9,1,,5.382178889288319,,,
WORKER_RELOC,,4,9,2,,7.456368465881052,,,
WORKER_RELOC,,4,9,3,,3.4248261696411824,,,
WORKER_RELOC,,4,9,4,,6.9318206036665915,,,
WORKER_RELOC,,4,9,5,,5.918551087932128,,,
WORKER_RELOC,,4,9,6,,7.22255178255928,,,
WORKER_RELOC,,4,9,7,,2.168194225496465,,,
WORKER_RELOC,,4,9,8,,2.3997110066493477,,,
WORKER_RELOC,,4,9,9,,0.0,,,
WORKER_RELOC,,4,9,10,,5.577603001107886,,,
WORKER_RELOC,,4,9,11,,6.53709996921617,,,
WORKER_RELOC,,4,9,12,,6.776217677414334,,,
WORKER_RELOC,,4,9,13,,3.7206034357641276,,,
WORKER_RELOC,,4,9,14,,7.774648447060839,,,
WORKER_RELOC,,4,9,15,,6.325176421895906,,,
WORKER_RELOC,,4,9,16,,3.4144733960964695,,,
WORKER_RELOC,,4,9,17,,5.08847315971723,,,
WORKER_RELOC,,4,10,0,,3.543379586110189,,,
WORKER_RELOC,,4,10,1,,4.183314407309759,,,
WORKER_RELOC,,4,10,2,,5.529054627539158,,,
WORKER_RELOC,,4,10,3,,3.5791175544843568,,,
WORKER_RELOC,,4,10,4,,3.5347286258577046,,,
WORKER_RELOC,,4,10,5,,3.504811155263835,,,
WORKER_RELOC,,4,10,6,,3.6647851559065354,,,
WORKER_RELOC,,4,10,7,,7.167315942467873,,,
WORKER_RELOC,,4,10,8,,5.307539866303275,,,
WORKER_RELOC,,4,10,9,,3.903369534978358,,,
WORKER_RELOC,,4,10,10,,0.0,,,
WORKER_RELOC,,4,10,11,,1.7072744241297657,,,
WORKER_RELOC,,4,10,12,,2.9737375833273987,,,
WORKER_RELOC,,4,10,13,,3.828186907136388,,,
WORKER_RELOC,,4,10,14,,7.982888529324205,,,
WORKER_RELOC,,4,10,15,,3.1752250765306695,,,
WORKER_RELOC,,4,10,16,,5.89502401192002,,,
WORKER_RELOC,,4,10,17,,4.978660214865631,,,
WORKER_RELOC,,4,11,0,,5.679721003009036,,,
WORKER_RELOC,,4,11,1,,4.61626863001286,,,
WORKER_RELOC,,4,11,2,,4.198508515829326,,,
WORKER_RELOC,,4,11,3,,4.021316182699925,,,
WORKER_RELOC,,4,11,4,,6.91208034666816,,,
WORKER_RELOC,,4,11,5,,7.1584929169253595,,,
WORKER_RELOC,,4,11,6,,7.161762391945606,,,
WORKER_RELOC,,4,11,7,,6.6156160856888295,,,
WORKER_RELOC,,4,11,8,,7.349807807257216,,,
WORKER_RELOC,,4,11,9,,4.043180043509334,,,
WORKER_RELOC,,4,11,10,,1.7857527189905682,,,
WORKER_RELOC,,4,11,11,,0.0,,,
WORKER_RELOC,,4,11,12,,2.756512335704928,,,
WORKER_RELOC,,4,11,13,,4.979964685871397,,,
WORKER_RELOC,,4,11,14,,5.16380779391262,,,
WORKER_RELOC,,4,11,15,,5.844783811085012,,,
WORKER_RELOC,,4,11,16,,4.96493583178331,,,
WORKER_RELOC,,4,11,17,,3.913517220495019,,,
WORKER_RELOC,,4,12,0,,4.442080846034226,,,
WORKER_RELOC,,4,12,1,,3.8534543793140426,,,
WORKER_RELOC,,4,12,2,,3.022410983277667,,,
WORKER_RELOC,,4,12,3,,5.315494397824148,,,
WORKER_RELOC,,4,12,4,,5.269579683351994,,,
WORKER_RELOC,,4,12,5,,5.181075614802179,,,
WORKER_RELOC,,4,12,6,,7.5039139431521305,,,
WORKER_RELOC,,4,12,7,,4.389159523106057,,,
WORKER_RELOC,,4,12,8,,7.7941819607809,,,
WORKER_RELOC,,4,12,9,,5.7025475463120205,,,
WORKER_RELOC,,4,12,10,,1.7005619296497738,,,
WORKER_RELOC,,4,12,11,,1.8766664757624825,,,
WORKER_RELOC,,4,12,12,,0.0,,,
WORKER_RELOC,,4,12,13,,6.831763485366803,,,
WORKER_RELOC,,4,12,14,,4.554206909759119,,,
WORKER_RELOC,,4,12,15,,4.913815593505189,,,
WORKER_RELOC,,4,12,16,,7.700531205877667,,,
WORKER_RELOC,,4,12,17,,6.275960515150403,,,
WORKER_RELOC,,4,13,0,,5.176344218177892,,,
WORKER_RELOC,,4,13,1,,7.054485441240278,,,
WORKER_RELOC,,4,13,2,,4.675813913665163,,,
WORKER_RELOC,,4,13,3,,4.809829912114035,,,
WORKER_RELOC,,4,13,4,,5.968196441600108,,,
WORKER_RELOC,,4,13,5,,4.721692807445791,,,
WORKER_RELOC,,4,13,6,,5.259867935797241,,,
WORKER_RELOC,,4,13,7,,3.0333510394863428,,,
WORKER_RELOC,,4,13,8,,4.054562132065759,,,
WORKER_RELOC,,4,13,9,,6.520376623906212,,,
WORKER_RELOC,,4,13,10,,4.801068142274648,,,
WORKER_RELOC,,4,13,11,,7.620286894047944,,,
WORKER_RELOC,,4,13,12,,7.778793987649807,,,
WORKER_RELOC,,4,13,13,,0.0,,,
WORKER_RELOC,,4,13,14,,2.7179470132946397,,,
WORKER_RELOC,,4,13,15,,6.450244089651101,,,
WORKER_RELOC,,4,13,16,,7.344323119123336,,,
WORKER_RELOC,,4,13,17,,7.328181576720224,,,
WORKER_RELOC,,4,14,0,,3.9070584704543094,,,
WORKER_RELOC,,4,14,1,,3.4724947522266087,,,
WORKER_RELOC,,4,14,2,,6.343104428348395,,,
WORKER_RELOC,,4,14,3,,7.12776158952847,,,
WORKER_RELOC,,4,14,4,,5.027082864351002,,,
WORKER_RELOC,,4,14,5,,4.657210158181105,,,
WORKER_RELOC,,4,14,6,,5.524945888529652,,,
WORKER_RELOC,,4,14,7,,3.2861838487766635,,,
WORKER_RELOC,,4,14,8,,5.465067618428888,,,
WORKER_RELOC,,4,14,9,,7.069293882288888,,,
WORKER_RELOC,,4,14,10,,4.816391082484285,,,
WORKER_RELOC,,4,14,11,,5.070084891379788,,,
WORKER_RELOC,,4,14,12,,7.157397917456382,,,
WORKER_RELOC,,4,14,13,,1.4004264168429934,,,
WORKER_RELOC,,4,14,14,,0.0,,,
WORKER_RELOC,,4,14,15,,3.5149489102170297,,,
WORKER_RELOC,,4,14,16,,3.781425725700437,,,
WORKER_RELOC,,4,14,17,,3.749985269882843,,,
WORKER_RELOC,,4,15,0,,6.550015547874022,,,
WORKER_RELOC,,4,15,1,,6.541538795023669,,,
WORKER_RELOC,,4,15,2,,7.342144995255563,,,
WORKER_RELOC,,4,15,3,,6.971369975480574,,,
WORKER_RELOC,,4,15,4,,3.4034215475180276,,,
WORKER_RELOC,,4,15,5,,4.669866500934609,,,
WORKER_RELOC,,4,15,6,,3.2892179288860772,,,
WORKER_RELOC,,4,15,7,,6.10649229367995,,,
WORKER_RELOC,,4,15,8,,3.867062097591927,,,
WORKER_RELOC,,4,15,9,,7.508392662073865,,,
WORKER_RELOC,,4,15,10,,4.714006745793881,,,
WORKER_RELOC,,4,15,11,,5.568916636485994,,,
WORKER_RELOC,,4,15,12,,6.824977170384041,,,
WORKER_RELOC,,4,15,13,,7.158554269438034,,,
WORKER_RELOC,,4,15,14,,6.300897426214416,,,
WORKER_RELOC,,4,15,15,,0.0,,,
WORKER_RELOC,,4,15,16,,1.4242307235652498,,,
WORKER_RELOC,,4,15,17,,1.9615225750751282,,,
WORKER_RELOC,,4,16,0,,4.323379840392935,,,
WORKER_RELOC,,4,16,1,,5.53039918562429,,,
WORKER_RELOC,,4,16,2,,3.452637831537789,,,
WORKER_RELOC,,4,16,3,,6.571311392979986,,,
WORKER_RELOC,,4,16,4,,6.116328989405174,,,
WORKER_RELOC,,4,16,5,,6.184488137452423,,,
WORKER_RELOC,,4,16,6,,5.763885370133466,,,
WORKER_RELOC,,4,16,7,,7.622702073010702,,,
WORKER_RELOC,,4,16,8,,3.828846463930315,,,
WORKER_RELOC,,4,16,9,,3.680759259279542,,,
WORKER_RELOC,,4,16,10,,5.972524054018709,,,
WORKER_RELOC,,4,16,11,,6.604803745171995,,,
WORKER_RELOC,,4,16,12,,5.4427828752960625,,,
WORKER_RELOC,,4,16,13,,5.201302212614385,,,
WORKER_RELOC,,4,16,14,,4.320396688510002,,,
WORKER_RELOC,,4,16,15,,2.4282164068145056,,,
WORKER_RELOC,,4,16,16,,0.0,,,
WORKER_RELOC,,4,16,17,,2.4597735935385603,,,
WORKER_RELOC,,4,17,0,,6.82884591964019,,,
WORKER_RELOC,,4,17,1,,3.3773515210061333,,,
WORKER_RELOC,,4,17,2,,4.437022940854929,,,
WORKER_RELOC,,4,17,3,,6.437547581106438,,,
WORKER_RELOC,,4,17,4,,7.745258461644256,,,
WORKER_RELOC,,4,17,5,,4.881518167011986,,,
WORKER_RELOC,,4,17,6,,3.9090854533418655,,,
WORKER_RELOC,,4,17,7,,6.911680434343033,,,
WORKER_RELOC,,4,17,8,,6.507050302301076,,,
WORKER_RELOC,,4,17,9,,4.365602035595844,,,
WORKER_RELOC,,4,17,10,,4.265737315044683,,,
WORKER_RELOC,,4,17,11,,7.67803502632565,,,
WORKER_RELOC,,4,17,12,,6.568531498913585,,,
WORKER_RELOC,,4,17,13,,7.379403594973006,,,
WORKER_RELOC,,4,17,14,,5.973179427056261,,,
WORKER_RELOC,,4,17,15,,2.5336163940856404,,,
WORKER_RELOC,,4,17,16,,1.1885478246121748,,,
WORKER_RELOC,,4,17,17,,0.0,,,
WORKER_RELOC,,5,0,0,,0.0,,,
WORKER_RELOC,,5,0,1,,1.230608243723236,,,
WORKER_RELOC,,5,0,2,,6.201567502028855,,,
WORKER_RELOC,,5,0,3,,3.0612138185344797,,,
WORKER_RELOC,,5,0,4,,7.028864625928119,,,
WORKER_RELOC,,5,0,5,,7.6709689700246155,,,
WORKER_RELOC,,5,0,6,,4.512811622617263,,,
WORKER_RELOC,,5,0,7,,6.246697151051242,,,
WORKER_RELOC,,5,0,8,,7.84089564500638,,,
WORKER_RELOC,,5,0,9,,6.024330314158711,,,
WORKER_RELOC,,5,0,10,,7.622015528783438,,,
WORKER_RELOC,,5,0,11,,7.034369061256094,,,
WORKER_RELOC,,5,0,12,,7.903431441915757,,,
WORKER_RELOC,,5,0,13,,3.2944614070174967,,,
WORKER_RELOC,,5,0,14,,6.022780479117611,,,
WORKER_RELOC,,5,0,15,,5.432386676549228,,,
WORKER_RELOC,,5,0,16,,4.598103423331975,,,
WORKER_RELOC,,5,0,17,,4.032770177349986,,,
WORKER_RELOC,,5,1,0,,1.602303639743456,,,
WORKER_RELOC,,5,1,1,,0.0,,,
WORKER_RELOC,,5,1,2,,5.4015413575202205,,,
WORKER_RELOC,,5,1,3,,3.677167176306796,,,
WORKER_RELOC,,5,1,4,,4.007279035115857,,,
WORKER_RELOC,,5,1,5,,4.740576552821301,,,
WORKER_RELOC,,5,1,6,,5.656213798601201,,,
WORKER_RELOC,,5,1,7,,7.816325264280868,,,
WORKER_RELOC,,5,1,8,,5.991506307197932,,,
WORKER_RELOC,,5,1,9,,6.0613887881625725,,,
WORKER_RELOC,,5,1,10,,6.029070888051679,,,
WORKER_RELOC,,5,1,11,,7.8807904973348535,,,
WORKER_RELOC,,5,1,12,,5.280550773652042,,,
WORKER_RELOC,,5,1,13,,6.23270650603985,,,
WORKER_RELOC,,5,1,14,,3.7772737739362956,,,
WORKER_RELOC,,5,1,15,,3.84778518090237,,,
WORKER_RELOC,,5,1,16,,5.435798576614907,,,
WORKER_RELOC,,5,1,17,,4.333375090836718,,,
WORKER_RELOC,,5,2,0,,3.7608083713458407,,,
WORKER_RELOC,,5,2,1,,6.4880952827774845,,,
WORKER_RELOC,,5,2,2,,0.0,,,
WORKER_RELOC,,5,2,3,,7.869946871683182,,,
WORKER_RELOC,,5,2,4,,4.3326994478033125,,,
WORKER_RELOC,,5,2,5,,4.617441834672086,,,
WORKER_RELOC,,5,2,6,,4.233613322265376,,,
WORKER_RELOC,,5,2,7,,4.780876887438542,,,
WORKER_RELOC,,5,2,8,,4.524897581225041,,,
WORKER_RELOC,,5,2,9,,7.4802926004678785,,,
WORKER_RELOC,,5,2,10,,7.997110743575969,,,
WORKER_RELOC,,5,2,11,,7.727307441832042,,,
WORKER_RELOC,,5,2,12,,6.628546217372431,,,
WORKER_RELOC,,5,2,13,,4.753108128384945,,,
WORKER_RELOC,,5,2,14,,6.066892179389919,,,
WORKER_RELOC,,5,2,15,,7.794477017148958,,,
WORKER_RELOC,,5,2,16,,6.121976531825984,,,
WORKER_RELOC,,5,2,17,,6.293211506944366,,,
WORKER_RELOC,,5,3,0,,4.779478490330899,,,
WORKER_RELOC,,5,3,1,,4.989707055753886,,,
WORKER_RELOC,,5,3,2,,4.938149570530683,,,
WORKER_RELOC,,5,3,3,,0.0,,,
WORKER_RELOC,,5,3,4,,2.5341368310416392,,,
WORKER_RELOC,,5,3,5,,2.989374861525234,,,
WORKER_RELOC,,5,3,6,,3.446713932792755,,,
WORKER_RELOC,,5,3,7,,7.534319168986001,,,
WORKER_RELOC,,5,3,8,,4.847964660786342,,,
WORKER_RELOC,,5,3,9,,6.104115252104095,,,
WORKER_RELOC,,5,3,10,,4.681805603631042,,,
WORKER_RELOC,,5,3,11,,4.068490615672868,,,
WORKER_RELOC,,5,3,12,,4.290649385315744,,,
WORKER_RELOC,,5,3,13,,5.625110315834172,,,
WORKER_RELOC,,5,3,14,,5.1199340617460045,,,
WORKER_RELOC,,5,3,15,,4.1489708780675265,,,
WORKER_RELOC,,5,3,16,,3.829643149533607,,,
WORKER_RELOC,,5,3,17,,3.216836650740656,,,
WORKER_RELOC,,5,4,0,,5.2547699081542465,,,
WORKER_RELOC,,5,4,1,,6.691303007114775,,,
WORKER_RELOC,,5,4,2,,7.197374650520166,,,
WORKER_RELOC,,5,4,3,,1.3621648980453283,,,
WORKER_RELOC,,5,4,4,,0.0,,,
WORKER_RELOC,,5,4,5,,1.7375283319025725,,,
WORKER_RELOC,,5,4,6,,3.6526270310755073,,,
WORKER_RELOC,,5,4,7,,6.405840774639049,,,
WORKER_RELOC,,5,4,8,,3.164406981982159,,,
WORKER_RELOC,,5,4,9,,5.167740245195883,,,
WORKER_RELOC,,5,4,10,,4.892450672287018,,,
WORKER_RELOC,,5,4,11,,3.8014402634354396,,,
WORKER_RELOC,,5,4,12,,6.144384273500096,,,
WORKER_RELOC,,5,4,13,,5.905073452298632,,,
WORKER_RELOC,,5,4,14,,5.089360346430068,,,
WORKER_RELOC,,5,4,15,,5.512177195723735,,,
WORKER_RELOC,,5,4,16,,7.438055957395545,,,
WORKER_RELOC,,5,4,17,,6.238659464755701,,,
WORKER_RELOC,,5,5,0,,3.2030571044567635,,,
WORKER_RELOC,,5,5,1,,4.107709003432635,,,
WORKER_RELOC,,5,5,2,,4.469481951337954,,,
WORKER_RELOC,,5,5,3,,1.3921377700738333,,,
WORKER_RELOC,,5,5,4,,2.925049369050331,,,
WORKER_RELOC,,5,5,5,,0.0,,,
WORKER_RELOC,,5,5,6,,5.346020665601972,,,
WORKER_RELOC,,5,5,7,,5.413179187470374,,,
WORKER_RELOC,,5,5,8,,5.097427804199157,,,
WORKER_RELOC,,5,5,9,,4.35076650658693,,,
WORKER_RELOC,,5,5,10,,5.359376427407582,,,
WORKER_RELOC,,5,5,11,,5.768400452407919,,,
WORKER_RELOC,,5,5,12,,3.0288339605143086,,,
WORKER_RELOC,,5,5,13,,6.871390940720483,,,
WORKER_RELOC,,5,5,14,,7.6304396996993455,,,
WORKER_RELOC,,5,5,15,,6.564842252667109,,,
WORKER_RELOC,,5,5,16,,4.5255366715370196,,,
WORKER_RELOC,,5,5,17,,3.593714912810749,,,
WORKER_RELOC,,5,6,0,,3.0279581435957725,,,
WORKER_RELOC,,5,6,1,,6.315176259872073,,,
WORKER_RELOC,,5,6,2,,3.9768506765957903,,,
WORKER_RELOC,,5,6,3,,3.5366604971433513,,,
WORKER_RELOC,,5,6,4,,6.6957417365494605,,,
WORKER_RELOC,,5,6,5,,7.1525611560094395,,,
WORKER_RELOC,,5,6,6,,0.0,,,
WORKER_RELOC,,5,6,7,,3.177961917225083,,,
WORKER_RELOC,,5,6,8,,5.006093909134924,,,
WORKER_RELOC,,5,6,9,,7.617501433743894,,,
WORKER_RELOC,,5,6,10,,7.827017914721116,,,
WORKER_RELOC,,5,6,11,,7.1275110804934565,,,
WORKER_RELOC,,5,6,12,,3.7390510822309233,,,
WORKER_RELOC,,5,6,13,,6.164639962229945,,,
WORKER_RELOC,,5,6,14,,4.9154242503262076,,,
WORKER_RELOC,,5,6,15,,7.082828801926031,,,
WORKER_RELOC,,5,6,16,,6.1119291157502795,,,
WORKER_RELOC,,5,6,17,,7.860889590420059,,,
WORKER_RELOC,,5,7,0,,7.991402452884866,,,
WORKER_RELOC,,5,7,1,,4.293079022568902,,,
WORKER_RELOC,,5,7,2,,5.2815139202960655,,,
WORKER_RELOC,,5,7,3,,5.486997943847889,,,
WORKER_RELOC,,5,7,4,,7.225062400344094,,,
WORKER_RELOC,,5,7,5,,3.5060489408055844,,,
WORKER_RELOC,,5,7,6,,3.5567580662958376,,,
WORKER_RELOC,,5,7,7,,0.0,,,
WORKER_RELOC,,5,7,8,,2.888673610036627,,,
WORKER_RELOC,,5,7,9,,2.6210503946637176,,,
WORKER_RELOC,,5,7,10,,5.363246081579849,,,
WORKER_RELOC,,5,7,11,,3.0036750353486443,,,
WORKER_RELOC,,5,7,12,,4.541655613978911,,,
WORKER_RELOC,,5,7,13,,4.8941121575370055,,,
WORKER_RELOC,,5,7,14,,5.49003092711391,,,
WORKER_RELOC,,5,7,15,,3.9037797912517003,,,
WORKER_RELOC,,5,7,16,,5.446063023469376,,,
WORKER_RELOC,,5,7,17,,4.18471794174394,,,
WORKER_RELOC,,5,8,0,,3.030184741085616,,,
WORKER_RELOC,,5,8,1,,3.471949255290791,,,
WORKER_RELOC,,5,8,2,,6.252175256334173,,,
WORKER_RELOC,,5,8,3,,3.398439461715126,,,
WORKER_RELOC,,5,8,4,,4.942494278420268,,,
WORKER_RELOC,,5,8,5,,3.3255716601646426,,,
WORKER_RELOC,,5,8,6,,5.122806752218025,,,
WORKER_RELOC,,5,8,7,,1.7804683043333953,,,
WORKER_RELOC,,5,8,8,,0.0,,,
WORKER_RELOC,,5,8,9,,1.7936523225759922,,,
WORKER_RELOC,,5,8,10,,7.251929564854941,,,
WORKER_RELOC,,5,8,11,,7.1520602953628165,,,
WORKER_RELOC,,5,8,12,,7.56381596381874,,,
WORKER_RELOC,,5,8,13,,4.622657782055745,,,
WORKER_RELOC,,5,8,14,,5.102314453351209,,,
WORKER_RELOC,,5,8,15,,4.214957228036116,,,
WORKER_RELOC,,5,8,16,,7.022251592280082,,,
WORKER_RELOC,,5,8,17,,3.8928553991775434,,,
WORKER_RELOC,,5,9,0,,6.078747805481372,,,
WORKER_RELOC,,5,9,1,,4.7637764996173875,,,
WORKER_RELOC,,5,9,2,,4.587279437955997,,,
WORKER_RELOC,,5,9,3,,7.2001310966952,,,
WORKER_RELOC,,5,9,4,,3.684755682120813,,,
WORKER_RELOC,,5,9,5,,5.213088558255778,,,
WORKER_RELOC,,5,9,6,,5.122474409939282,,,
WORKER_RELOC,,5,9,7,,1.3738617311629095,,,
WORKER_RELOC,,5,9,8,,1.2478729893664133,,,
WORKER_RELOC,,5,9,9,,0.0,,,
WORKER_RELOC,,5,9,10,,3.0685377199178254,,,
WORKER_RELOC,,5,9,11,,4.510217166683709,,,
WORKER_RELOC,,5,9,12,,5.022358200609608,,,
WORKER_RELOC,,5,9,13,,4.928188570070237,,,
WORKER_RELOC,,5,9,14,,6.553507733838081,,,
WORKER_RELOC,,5,9,15,,3.358682034735127,,,
WORKER_RELOC,,5,9,16,,4.544903489783601,,,
WORKER_RELOC,,5,9,17,,6.64628140984451,,,
WORKER_RELOC,,5,10,0,,3.993443024131337,,,
WORKER_RELOC,,5,10,1,,6.9510490433829055,,,
WORKER_RELOC,,5,10,2,,3.5735100498501904,,,
WORKER_RELOC,,5,10,3,,4.468336067156524,,,
WORKER_RELOC,,5,10,4,,4.836414223288975,,,
WORKER_RELOC,,5,10,5,,5.638738761994029,,,
WORKER_RELOC,,5,10,6,,7.7027644715779235,,,
WORKER_RELOC,,5,10,7,,6.454306247259267,,,
WORKER_RELOC,,5,10,8,,3.5759369677929294,,,
WORKER_RELOC,,5,10,9,,4.036375449174632,,,
WORKER_RELOC,,5,10,10,,0.0,,,
WORKER_RELOC,,5,10,11,,2.5270512926000697,,,
WORKER_RELOC,,5,10,12,,1.1293172232514734,,,
WORKER_RELOC,,5,10,13,,4.331620756556177,,,
WORKER_RELOC,,5,10,14,,4.58554345806915,,,
WORKER_RELOC,,5,10,15,,5.204592616190402,,,
WORKER_RELOC,,5,10,16,,5.055470662046881,,,
WORKER_RELOC,,5,10,17,,3.1321203758533267,,,
WORKER_RELOC,,5,11,0,,6.171504515682578,,,
WORKER_RELOC,,5,11,1,,6.9899391602344485,,,
WORKER_RELOC,,5,11,2,,5.676323267039845,,,
WORKER_RELOC,,5,11,3,,5.3368912203514824,,,
WORKER_RELOC,,5,11,4,,7.227944102779701,,,
WORKER_RELOC,,5,11,5,,5.704713975829854,,,
WORKER_RELOC,,5,11,6,,3.690676971519472,,,
WORKER_RELOC,,5,11,7,,3.655400183115493,,,
WORKER_RELOC,,5,11,8,,7.796319976438478,,,
WORKER_RELOC,,5,11,9,,5.751609630021901,,,
WORKER_RELOC,,5,11,10,,1.9048500089637814,,,
WORKER_RELOC,,5,11,11,,0.0,,,
WORKER_RELOC,,5,11,12,,2.0589196824108797,,,
WORKER_RELOC,,5,11,13,,7.117916956565063,,,
WORKER_RELOC,,5,11,14,,3.7408785481003317,,,
WORKER_RELOC,,5,11,15,,6.266400776670189,,,
WORKER_RELOC,,5,11,16,,6.320467395980625,,,
WORKER_RELOC,,5,11,17,,3.948010653827773,,,
WORKER_RELOC,,5,12,0,,4.094801853054239,,,
WORKER_RELOC,,5,12,1,,6.837378910258782,,,
WORKER_RELOC,,5,12,2,,3.512215195509969,,,
WORKER_RELOC,,5,12,3,,4.013851763481535,,,
WORKER_RELOC,,5,12,4,,3.634365497339716,,,
WORKER_RELOC,,5,12,5,,3.620857637309034,,,
WORKER_RELOC,,5,12,6,,4.437291413573016,,,
WORKER_RELOC,,5,12,7,,4.554257410880726,,,
WORKER_RELOC,,5,12,8,,7.003894869766236,,,
WORKER_RELOC,,5,12,9,,5.091127787874184,,,
WORKER_RELOC,,5,12,10,,1.889653549769418,,,
WORKER_RELOC,,5,12,11,,1.7636798304809933,,,
WORKER_RELOC,,5,12,12,,0.0,,,
WORKER_RELOC,,5,12,13,,4.478584131696808,,,
WORKER_RELOC,,5,12,14,,3.448507204586908,,,
WORKER_RELOC,,5,12,15,,4.51174523256139,,,
WORKER_RELOC,,5,12,16,,3.1998515804107894,,,
WORKER_RELOC,,5,12,17,,5.069170896043779,,,
WORKER_RELOC,,5,13,0,,4.29376372284931,,,
WORKER_RELOC,,5,13,1,,3.0261914067301965,,,
WORKER_RELOC,,5,13,2,,4.7447539654558915,,,
WORKER_RELOC,,5,13,3,,4.899723457663547,,,
WORKER_RELOC,,5,13,4,,3.3156317514129316,,,
WORKER_RELOC,,5,13,5,,4.866987473485944,,,
WORKER_RELOC,,5,13,6,,4.78584736049773,,,
WORKER_RELOC,,5,13,7,,6.3228291536230214,,,
WORKER_RELOC,,5,13,8,,7.649585029318394,,,
WORKER_RELOC,,5,13,9,,5.600996778375851,,,
WORKER_RELOC,,5,13,10,,6.326091973784168,,,
WORKER_RELOC,,5,13,11,,5.110874072479594,,,
WORKER_RELOC,,5,13,12,,7.705393142164496,,,
WORKER_RELOC,,5,13,13,,0.0,,,
WORKER_RELOC,,5,13,14,,1.550743517146249,,,
WORKER_RELOC,,5,13,15,,4.066143746474554,,,
WORKER_RELOC,,5,13,16,,5.1723584175769535,,,
WORKER_RELOC,,5,13,17,,6.467040196134023,,,
WORKER_RELOC,,5,14,0,,4.090987790077303,,,
WORKER_RELOC,,5,14,1,,6.662517790580042,,,
WORKER_RELOC,,5,14,2,,7.6012523577326885,,,
WORKER_RELOC,,5,14,3,,7.989419035715258,,,
WORKER_RELOC,,5,14,4,,4.172713627102784,,,
WORKER_RELOC,,5,14,5,,7.924985517423595,,,
WORKER_RELOC,,5,14,6,,3.2848006558569645,,,
WORKER_RELOC,,5,14,7,,4.484908885624042,,,
WORKER_RELOC,,5,14,8,,4.182300788188334,,,
WORKER_RELOC,,5,14,9,,3.490941612176836,,,
WORKER_RELOC,,5,14,10,,4.783844281669329,,,
WORKER_RELOC,,5,14,11,,7.550468121018837,,,
WORKER_RELOC,,5,14,12,,3.2012668911705595,,,
WORKER_RELOC,,5,14,13,,1.4126224164887764,,,
WORKER_RELOC,,5,14,14,,0.0,,,
WORKER_RELOC,,5,14,15,,3.625577718467132,,,
WORKER_RELOC,,5,14,16,,3.0142717590465598,,,
WORKER_RELOC,,5,14,17,,7.255847691062758,,,
WORKER_RELOC,,5,15,0,,3.6729577642549462,,,
WORKER_RELOC,,5,15,1,,3.905498460196102,,,
WORKER_RELOC,,5,15,2,,7.6064443688644925,,,
WORKER_RELOC,,5,15,3,,7.820115504995507,,,
WORKER_RELOC,,5,15,4,,7.4848643868793205,,,
WORKER_RELOC,,5,15,5,,5.639323833057377,,,
WORKER_RELOC,,5,15,6,,6.815819358682827,,,
WORKER_RELOC,,5,15,7,,3.2139408849395794,,,
WORKER_RELOC,,5,15,8,,6.437931383569917,,,
WORKER_RELOC,,5,15,9,,4.13574188147451,,,
WORKER_RELOC,,5,15,10,,4.582288146218132,,,
WORKER_RELOC,,5,15,11,,3.4979009630308546,,,
WORKER_RELOC,,5,15,12,,7.20874714913274,,,
WORKER_RELOC,,5,15,13,,4.71610357399018,,,
WORKER_RELOC,,5,15,14,,4.98764951100925,,,
WORKER_RELOC,,5,15,15,,0.0,,,
WORKER_RELOC,,5,15,16,,1.382547092684548,,,
WORKER_RELOC,,5,15,17,,2.233668161928138,,,
WORKER_RELOC,,5,16,0,,5.228137409148493,,,
WORKER_RELOC,,5,16,1,,3.1712157215226155,,,
WORKER_RELOC,,5,16,2,,6.9853846852081904,,,
WORKER_RELOC,,5,16,3,,5.096106395778803,,,
WORKER_RELOC,,5,16,4,,3.9747182014661226,,,
WORKER_RELOC,,5,16,5,,6.155952073151766,,,
WORKER_RELOC,,5,16,6,,4.162364778119416,,,
WORKER_RELOC,,5,16,7,,3.359143957385016,,,
WORKER_RELOC,,5,16,8,,6.17892520039022,,,
WORKER_RELOC,,5,16,9,,5.786138521380405,,,
WORKER_RELOC,,5,16,10,,3.7086511067808483,,,
WORKER_RELOC,,5,16,11,,3.6416661233794145,,,
WORKER_RELOC,,5,16,12,,4.650218346961957,,,
WORKER_RELOC,,5,16,13,,4.094715261967137,,,
WORKER_RELOC,,5,16,14,,3.97519373636485,,,
WORKER_RELOC,,5,16,15,,1.5038005185509697,,,
WORKER_RELOC,,5,16,16,,0.0,,,
WORKER_RELOC,,5,16,17,,1.5231044000719145,,,
WORKER_RELOC,,5,17,0,,7.1343747236583015,,,
WORKER_RELOC,,5,17,1,,6.532669123226904,,,
WORKER_RELOC,,5,17,2,,6.70283356916288,,,
WORKER_RELOC,,5,17,3,,3.3864746799634906,,,
WORKER_RELOC,,5,17,4,,6.560236645680543,,,
WORKER_RELOC,,5,17,5,,5.23376118117514,,,
WORKER_RELOC,,5,17,6,,7.919607480726683,,,
WORKER_RELOC,,5,17,7,,7.129129427905951,,,
WORKER_RELOC,,5,17,8,,6.463467406658839,,,
WORKER_RELOC,,5,17,9,,5.59701107141083,,,
WORKER_RELOC,,5,17,10,,4.383644698837967,,,
WORKER_RELOC,,5,17,11,,4.432673901671002,,,
WORKER_RELOC,,5,17,12,,6.205309137576535,,,
WORKER_RELOC,,5,17,13,,5.098781104143212,,,
WORKER_RELOC,,5,17,14,,6.756289736897257,,,
WORKER_RELOC,,5,17,15,,2.5962978677910655,,,
WORKER_RELOC,,5,17,16,,1.500323856763099,,,
WORKER_RELOC,,5,17,17,,0.0,,,
WORKER_RELOC,,6,0,0,,0.0,,,
WORKER_RELOC,,6,0,1,,1.5448596360099327,,,
WORKER_RELOC,,6,0,2,,5.021750691942696,,,
WORKER_RELOC,,6,0,3,,7.624747142908125,,,
WORKER_RELOC,,6,0,4,,6.763428046431121,,,
WORKER_RELOC,,6,0,5,,5.815489404543822,,,
WORKER_RELOC,,6,0,6,,6.228917388009573,,,
WORKER_RELOC,,6,0,7,,6.29683067668209,,,
WORKER_RELOC,,6,0,8,,4.659273033970342,,,
WORKER_RELOC,,6,0,9,,4.207626180178381,,,
WORKER_RELOC,,6,0,10,,3.9332436363596535,,,
WORKER_RELOC,,6,0,11,,3.3457180987809267,,,
WORKER_RELOC,,6,0,12,,7.09799111357197,,,
WORKER_RELOC,,6,0,13,,6.767721995245054,,,
WORKER_RELOC,,6,0,14,,5.885383391778866,,,
WORKER_RELOC,,6,0,15,,7.931285243100711,,,
WORKER_RELOC,,6,0,16,,4.414658087515316,,,
WORKER_RELOC,,6,0,17,,3.158043423251149,,,
WORKER_RELOC,,6,1,0,,1.418127379618858,,,
WORKER_RELOC,,6,1,1,,0.0,,,
WORKER_RELOC,,6,1,2,,3.942704413031069,,,
WORKER_RELOC,,6,1,3,,6.214829781972399,,,
WORKER_RELOC,,6,1,4,,3.383915836284104,,,
WORKER_RELOC,,6,1,5,,3.035716502618086,,,
WORKER_RELOC,,6,1,6,,4.822986822172296,,,
WORKER_RELOC,,6,1,7,,6.814430479572164,,,
WORKER_RELOC,,6,1,8,,5.516017126985105,,,
WORKER_RELOC,,6,1,9,,5.169789455400519,,,
WORKER_RELOC,,6,1,10,,4.52446516377092,,,
WORKER_RELOC,,6,1,11,,7.545333891731759,,,
WORKER_RELOC,,6,1,12,,6.019297717712879,,,
WORKER_RELOC,,6,1,13,,7.92801670048258,,,
WORKER_RELOC,,6,1,14,,5.15016164484661,,,
WORKER_RELOC,,6,1,15,,3.4870719927194918,,,
WORKER_RELOC,,6,1,16,,7.936961157644284,,,
WORKER_RELOC,,6,1,17,,3.866300237164006,,,
WORKER_RELOC,,6,2,0,,7.180369566587175,,,
WORKER_RELOC,,6,2,1,,7.345231331461509,,,
WORKER_RELOC,,6,2,2,,0.0,,,
WORKER_RELOC,,6,2,3,,7.505137711964238,,,
WORKER_RELOC,,6,2,4,,7.844244190044618,,,
WORKER_RELOC,,6,2,5,,5.06016516878621,,,
WORKER_RELOC,,6,2,6,,3.7260577170538918,,,
WORKER_RELOC,,6,2,7,,3.281329523735974,,,
WORKER_RELOC,,6,2,8,,7.577423938427147,,,
WORKER_RELOC,,6,2,9,,6.698300369604354,,,
WORKER_RELOC,,6,2,10,,3.1735552701808167,,,
WORKER_RELOC,,6,2,11,,6.33665604592645,,,
WORKER_RELOC,,6,2,12,,4.843430965753058,,,
WORKER_RELOC,,6,2,13,,4.027257335790068,,,
WORKER_RELOC,,6,2,14,,7.655578332228179,,,
WORKER_RELOC,,6,2,15,,4.376345372214383,,,
WORKER_RELOC,,6,2,16,,5.607996789972463,,,
WORKER_RELOC,,6,2,17,,7.617060048570667,,,
WORKER_RELOC,,6,3,0,,4.984878929424496,,,
WORKER_RELOC,,6,3,1,,5.1565134486975595,,,
WORKER_RELOC,,6,3,2,,3.734281189849159,,,
WORKER_RELOC,,6,3,3,,0.0,,,
WORKER_RELOC,,6,3,4,,2.2264765002966738,,,
WORKER_RELOC,,6,3,5,,2.257618513977051,,,
WORKER_RELOC,,6,3,6,,5.890409539804482,,,
WORKER_RELOC,,6,3,7,,4.1070327593262625,,,
WORKER_RELOC,,6,3,8,,6.305873608981949,,,
WORKER_RELOC,,6,3,9,,5.679037230512787,,,
WORKER_RELOC,,6,3,10,,4.740849411152148,,,
WORKER_RELOC,,6,3,11,,6.0936159620874975,,,
WORKER_RELOC,,6,3,12,,5.04123528822114,,,
WORKER_RELOC,,6,3,13,,5.4926150077229305,,,
WORKER_RELOC,,6,3,14,,3.941987845890881,,,
WORKER_RELOC,,6,3,15,,6.743308979166503,,,
WORKER_RELOC,,6,3,16,,6.956896361592068,,,
WORKER_RELOC,,6,3,17,,5.696182385508345,,,
WORKER_RELOC,,6,4,0,,4.599792810547988,,,
WORKER_RELOC,,6,4,1,,4.601659808401154,,,
WORKER_RELOC,,6,4,2,,5.943430009805925,,,
WORKER_RELOC,,6,4,3,,1.34788512847739,,,
WORKER_RELOC,,6,4,4,,0.0,,,
WORKER_RELOC,,6,4,5,,2.811141942896306,,,
WORKER_RELOC,,6,4,6,,5.8299655953572636,,,
WORKER_RELOC,,6,4,7,,4.474354518642098,,,
WORKER_RELOC,,6,4,8,,5.274275426534089,,,
WORKER_RELOC,,6,4,9,,7.459266650853274,,,
WORKER_RELOC,,6,4,10,,3.49370816312253,,,
WORKER_RELOC,,6,4,11,,5.887235236730842,,,
WORKER_RELOC,,6,4,12,,6.30589569083155,,,
WORKER_RELOC,,6,4,13,,6.644608252454747,,,
WORKER_RELOC,,6,4,14,,3.4296864853999005,,,
WORKER_RELOC,,6,4,15,,3.026444856399428,,,
WORKER_RELOC,,6,4,16,,7.923626531223052,,,
WORKER_RELOC,,6,4,17,,4.493815329228919,,,
WORKER_RELOC,,6,5,0,,3.303896684451574,,,
WORKER_RELOC,,6,5,1,,4.386126988488359,,,
WORKER_RELOC,,6,5,2,,6.080025336108809,,,
WORKER_RELOC,,6,5,3,,2.7103484700636424,,,
WORKER_RELOC,,6,5,4,,1.1353564136944931,,,
WORKER_RELOC,,6,5,5,,0.0,,,
WORKER_RELOC,,6,5,6,,7.248810036363243,,,
WORKER_RELOC,,6,5,7,,7.989434666237918,,,
WORKER_RELOC,,6,5,8,,5.9002059118520815,,,
WORKER_RELOC,,6,5,9,,6.8370198528103,,,
WORKER_RELOC,,6,5,10,,5.268546828579916,,,
WORKER_RELOC,,6,5,11,,3.7631416624713836,,,
WORKER_RELOC,,6,5,12,,7.34958232261193,,,
WORKER_RELOC,,6,5,13,,4.030519315220705,,,
WORKER_RELOC,,6,5,14,,5.663548179284649,,,
WORKER_RELOC,,6,5,15,,5.962632839243638,,,
WORKER_RELOC,,6,5,16,,4.859371260938717,,,
WORKER_RELOC,,6,5,17,,7.527258600972976,,,
WORKER_RELOC,,6,6,0,,3.1499887542316336,,,
WORKER_RELOC,,6,6,1,,3.361828545381939,,,
WORKER_RELOC,,6,6,2,,6.201222702754496,,,
WORKER_RELOC,,6,6,3,,6.7210280956878705,,,
WORKER_RELOC,,6,6,4,,4.264698903861891,,,
WORKER_RELOC,,6,6,5,,7.957242559068552,,,
WORKER_RELOC,,6,6,6,,0.0,,,
WORKER_RELOC,,6,6,7,,3.697893915364553,,,
WORKER_RELOC,,6,6,8,,3.8473821551754357,,,
WORKER_RELOC,,6,6,9,,5.807926978171039,,,
WORKER_RELOC,,6,6,10,,6.242931237481033,,,
WORKER_RELOC,,6,6,11,,3.269202562292568,,,
WORKER_RELOC,,6,6,12,,6.499862108609022,,,
WORKER_RELOC,,6,6,13,,6.723155128566258,,,
WORKER_RELOC,,6,6,14,,3.185479850340666,,,
WORKER_RELOC,,6,6,15,,7.4543586453743025,,,
WORKER_RELOC,,6,6,16,,6.512203291733277,,,
WORKER_RELOC,,6,6,17,,4.83369037996197,,,
WORKER_RELOC,,6,7,0,,6.049080392549029,,,
WORKER_RELOC,,6,7,1,,5.815491896927869,,,
WORKER_RELOC,,6,7,2,,4.7489375610607905,,,
WORKER_RELOC,,6,7,3,,7.182031679969321,,,
WORKER_RELOC,,6,7,4,,7.467397450679443,,,
WORKER_RELOC,,6,7,5,,4.903040156039071,,,
WORKER_RELOC,,6,7,6,,3.041510683529907,,,
WORKER_RELOC,,6,7,7,,0.0,,,
WORKER_RELOC,,6,7,8,,1.2628139580640123,,,
WORKER_RELOC,,6,7,9,,1.6851569074796842,,,
WORKER_RELOC,,6,7,10,,7.354718596026297,,,
WORKER_RELOC,,6,7,11,,4.955481352838424,,,
WORKER_RELOC,,6,7,12,,4.766227451334611,,,
WORKER_RELOC,,6,7,13,,7.778338068597364,,,
WORKER_RELOC,,6,7,14,,7.670424593525048,,,
WORKER_RELOC,,6,7,15,,7.583034183043848,,,
WORKER_RELOC,,6,7,16,,4.042568206766376,,,
WORKER_RELOC,,6,7,17,,5.708275736923824,,,
WORKER_RELOC,,6,8,0,,5.792733355010678,,,
WORKER_RELOC,,6,8,1,,6.755818385592991,,,
WORKER_RELOC,,6,8,2,,3.3821341983827016,,,
WORKER_RELOC,,6,8,3,,5.888026923254419,,,
WORKER_RELOC,,6,8,4,,7.755205436678017,,,
WORKER_RELOC,,6,8,5,,3.497216663718211,,,
WORKER_RELOC,,6,8,6,,3.4081783965087045,,,
WORKER_RELOC,,6,8,7,,2.374357536293811,,,
WORKER_RELOC,,6,8,8,,0.0,,,
WORKER_RELOC,,6,8,9,,1.289571381806964,,,
WORKER_RELOC,,6,8,10,,5.603136079853534,,,
WORKER_RELOC,,6,8,11,,4.251477667154129,,,
WORKER_RELOC,,6,8,12,,4.938186917557619,,,
WORKER_RELOC,,6,8,13,,4.63820829988036,,,
WORKER_RELOC,,6,8,14,,6.573915504796734,,,
WORKER_RELOC,,6,8,15,,3.259800297303686,,,
WORKER_RELOC,,6,8,16,,6.545892188901929,,,
WORKER_RELOC,,6,8,17,,3.231097590167396,,,
WORKER_RELOC,,6,9,0,,5.4149967870295495,,,
WORKER_RELOC,,6,9,1,,4.527770794473622,,,
WORKER_RELOC,,6,9,2,,3.766440221785487,,,
WORKER_RELOC,,6,9,3,,6.150653613273882,,,
WORKER_RELOC,,6,9,4,,3.164864796707682,,,
WORKER_RELOC,,6,9,5,,3.9190359126237624,,,
WORKER_RELOC,,6,9,6,,6.896750117797506,,,
WORKER_RELOC,,6,9,7,,2.8950250172761884,,,
WORKER_RELOC,,6,9,8,,2.829607747399032,,,
WORKER_RELOC,,6,9,9,,0.0,,,
WORKER_RELOC,,6,9,10,,6.514337598279664,,,
WORKER_RELOC,,6,9,11,,6.789006812324326,,,
WORKER_RELOC,,6,9,12,,6.270973214823951,,,
WORKER_RELOC,,6,9,13,,6.079349937309541,,,
WORKER_RELOC,,6,9,14,,4.079255754846026,,,
WORKER_RELOC,,6,9,15,,4.520967264349351,,,
WORKER_RELOC,,6,9,16,,3.7374687161429034,,,
WORKER_RELOC,,6,9,17,,3.399019341320137,,,
WORKER_RELOC,,6,10,0,,6.977608732679882,,,
WORKER_RELOC,,6,10,1,,4.839841826942988,,,
WORKER_RELOC,,6,10,2,,4.833680012993009,,,
WORKER_RELOC,,6,10,3,,7.605303604352679,,,
WORKER_RELOC,,6,10,4,,7.7495009809451965,,,
WORKER_RELOC,,6,10,5,,5.260855395622266,,,
WORKER_RELOC,,6,10,6,,5.593998018482211,,,
WORKER_RELOC,,6,10,7,,3.606172792479808,,,
WORKER_RELOC,,6,10,8,,7.571389552512813,,,
WORKER_RELOC,,6,10,9,,5.894062101429765,,,
WORKER_RELOC,,6,10,10,,0.0,,,
WORKER_RELOC,,6,10,11,,1.8644419479413705,,,
WORKER_RELOC,,6,10,12,,1.5029881232960733,,,
WORKER_RELOC,,6,10,13,,7.6144506811350015,,,
WORKER_RELOC,,6,10,14,,7.705686894454243,,,
WORKER_RELOC,,6,10,15,,7.172108002918872,,,
WORKER_RELOC,,6,10,16,,5.792843998201694,,,
WORKER_RELOC,,6,10,17,,4.5003105093743905,,,
WORKER_RELOC,,6,11,0,,6.12723251366022,,,
WORKER_RELOC,,6,11,1,,3.1211009444523983,,,
WORKER_RELOC,,6,11,2,,3.943265528483121,,,
WORKER_RELOC,,6,11,3,,4.328190165262719,,,
WORKER_RELOC,,6,11,4,,4.0946550090719835,,,
WORKER_RELOC,,6,11,5,,6.828763988353456,,,
WORKER_RELOC,,6,11,6,,4.771228185245225,,,
WORKER_RELOC,,6,11,7,,4.240886724431531,,,
WORKER_RELOC,,6,11,8,,7.337391470207061,,,
WORKER_RELOC,,6,11,9,,4.4398290993420195,,,
WORKER_RELOC,,6,11,10,,2.51822131183521,,,
WORKER_RELOC,,6,11,11,,0.0,,,
WORKER_RELOC,,6,11,12,,1.7939551043108521,,,
WORKER_RELOC,,6,11,13,,7.722873406074932,,,
WORKER_RELOC,,6,11,14,,4.370420590997314,,,
WORKER_RELOC,,6,11,15,,6.814240801349801,,,
WORKER_RELOC,,6,11,16,,3.6293998156838514,,,
WORKER_RELOC,,6,11,17,,7.612923094381997,,,
WORKER_RELOC,,6,12,0,,4.599628561491924,,,
WORKER_RELOC,,6,12,1,,5.654505286041216,,,
WORKER_RELOC,,6,12,2,,7.961115715364181,,,
WORKER_RELOC,,6,12,3,,6.380190818969336,,,
WORKER_RELOC,,6,12,4,,6.757115467495012,,,
WORKER_RELOC,,6,12,5,,7.086963489367275,,,
WORKER_RELOC,,6,12,6,,3.2280455540299604,,,
WORKER_RELOC,,6,12,7,,3.379708458135624,,,
WORKER_RELOC,,6,12,8,,4.03611460297164,,,
WORKER_RELOC,,6,12,9,,7.208200458789752,,,
WORKER_RELOC,,6,12,10,,1.8465390078903956,,,
WORKER_RELOC,,6,12,11,,1.2132497190578524,,,
WORKER_RELOC,,6,12,12,,0.0,,,
WORKER_RELOC,,6,12,13,,4.84060101653753,,,
WORKER_RELOC,,6,12,14,,4.694615500394727,,,
WORKER_RELOC,,6,12,15,,3.9321971501588107,,,
WORKER_RELOC,,6,12,16,,6.140888843424213,,,
WORKER_RELOC,,6,12,17,,5.915247362926671,,,
WORKER_RELOC,,6,13,0,,5.283555059736214,,,
WORKER_RELOC,,6,13,1,,5.541948278642261,,,
WORKER_RELOC,,6,13,2,,7.4283155324975505,,,
WORKER_RELOC,,6,13,3,,3.6369354716992555,,,
WORKER_RELOC,,6,13,4,,6.340150569245574,,,
WORKER_RELOC,,6,13,5,,3.3987289805137717,,,
WORKER_RELOC,,6,13,6,,6.378907167962957,,,
WORKER_RELOC,,6,13,7,,7.208954408575138,,,
WORKER_RELOC,,6,13,8,,6.553986872593115,,,
WORKER_RELOC,,6,13,9,,7.851189169843241,,,
WORKER_RELOC,,6,13,10,,6.066867542645504,,,
WORKER_RELOC,,6,13,11,,7.0895187029526054,,,
WORKER_RELOC,,6,13,12,,6.8032149542516995,,,
WORKER_RELOC,,6,13,13,,0.0,,,
WORKER_RELOC,,6,13,14,,1.6261244458240143,,,
WORKER_RELOC,,6,13,15,,4.19363769232404,,,
WORKER_RELOC,,6,13,16,,6.156092361928222,,,
WORKER_RELOC,,6,13,17,,5.652188837662468,,,
WORKER_RELOC,,6,14,0,,7.557413891362311,,,
WORKER_RELOC,,6,14,1,,6.9201002055453715,,,
WORKER_RELOC,,6,14,2,,5.976428860755282,,,
WORKER_RELOC,,6,14,3,,4.889593977097271,,,
WORKER_RELOC,,6,14,4,,7.613794035358433,,,
WORKER_RELOC,,6,14,5,,4.549524702877176,,,
WORKER_RELOC,,6,14,6,,5.044952079791955,,,
WORKER_RELOC,,6,14,7,,7.220957941288999,,,
WORKER_RELOC,,6,14,8,,3.9102383915482193,,,
WORKER_RELOC,,6,14,9,,6.984122761897411,,,
WORKER_RELOC,,6,14,10,,6.417891581438919,,,
WORKER_RELOC,,6,14,11,,4.0768796373139224,,,
WORKER_RELOC,,6,14,12,,3.116798739414026,,,
WORKER_RELOC,,6,14,13,,1.4890388423044145,,,
WORKER_RELOC,,6,14,14,,0.0,,,
WORKER_RELOC,,6,14,15,,3.906017625129303,,,
WORKER_RELOC,,6,14,16,,6.048750968837265,,,
WORKER_RELOC,,6,14,17,,7.620507223597902,,,
WORKER_RELOC,,6,15,0,,5.003045680025437,,,
WORKER_RELOC,,6,15,1,,5.75856616761828,,,
WORKER_RELOC,,6,15,2,,4.335585381019065,,,
WORKER_RELOC,,6,15,3,,5.550881518815712,,,
WORKER_RELOC,,6,15,4,,4.925113186663724,,,
WORKER_RELOC,,6,15,5,,4.033361360187031,,,
WORKER_RELOC,,6,15,6,,6.912643744232076,,,
WORKER_RELOC,,6,15,7,,7.258617048919865,,,
WORKER_RELOC,,6,15,8,,7.25955554448777,,,
WORKER_RELOC,,6,15,9,,4.708509434178833,,,
WORKER_RELOC,,6,15,10,,3.843790368695151,,,
WORKER_RELOC,,6,15,11,,5.2575180473781,,,
WORKER_RELOC,,6,15,12,,6.546312252531786,,,
WORKER_RELOC,,6,15,13,,3.6084980886516704,,,
WORKER_RELOC,,6,15,14,,5.155887033751376,,,
WORKER_RELOC,,6,15,15,,0.0,,,
WORKER_RELOC,,6,15,16,,1.580025525279136,,,
WORKER_RELOC,,6,15,17,,2.5672330987546985,,,
WORKER_RELOC,,6,16,0,,3.62424791205842,,,
WORKER_RELOC,,6,16,1,,7.722349886928983,,,
WORKER_RELOC,,6,16,2,,6.140705759703914,,,
WORKER_RELOC,,6,16,3,,3.678455333108459,,,
WORKER_RELOC,,6,16,4,,4.7195508342164505,,,
WORKER_RELOC,,6,16,5,,4.409122214598705,,,
WORKER_RELOC,,6,16,6,,3.065309971987496,,,
WORKER_RELOC,,6,16,7,,4.76669465256502,,,
WORKER_RELOC,,6,16,8,,6.46601434965576,,,
WORKER_RELOC,,6,16,9,,4.043803880372467,,,
WORKER_RELOC,,6,16,10,,4.806228266894718,,,
WORKER_RELOC,,6,16,11,,7.527056280104164,,,
WORKER_RELOC,,6,16,12,,7.3283007051173215,,,
WORKER_RELOC,,6,16,13,,5.483866810469235,,,
WORKER_RELOC,,6,16,14,,7.632278143132277,,,
WORKER_RELOC,,6,16,15,,1.0850791882966622,,,
WORKER_RELOC,,6,16,16,,0.0,,,
WORKER_RELOC,,6,16,17,,1.7234988045938797,,,
WORKER_RELOC,,6,17,0,,3.005836991091452,,,
WORKER_RELOC,,6,17,1,,4.7580870376665825,,,
WORKER_RELOC,,6,17,2,,7.912675821489829,,,
WORKER_RELOC,,6,17,3,,6.612486512946635,,,
WORKER_RELOC,,6,17,4,,5.320867649288235,,,
WORKER_RELOC,,6,17,5,,5.016093091288406,,,
WORKER_RELOC,,6,17,6,,6.082099571597524,,,
WORKER_RELOC,,6,17,7,,6.69939593680879,,,
WORKER_RELOC,,6,17,8,,3.552259459671362,,,
WORKER_RELOC,,6,17,9,,3.9243015433977058,,,
WORKER_RELOC,,6,17,10,,5.075790564263501,,,
WORKER_RELOC,,6,17,11,,5.846011996808519,,,
WORKER_RELOC,,6,17,12,,4.6474695174852005,,,
WORKER_RELOC,,6,17,13,,5.4450046519867685,,,
WORKER_RELOC,,6,17,14,,5.323397299984933,,,
WORKER_RELOC,,6,17,15,,2.6716246236801977,,,
WORKER_RELOC,,6,17,16,,1.2431252918366553,,,
WORKER_RELOC,,6,17,17,,0.0,,,
WORKER_RELOC,,7,0,0,,0.0,,,
WORKER_RELOC,,7,0,1,,1.3313074049160598,,,
WORKER_RELOC,,7,0,2,,3.2004072593363766,,,
WORKER_RELOC,,7,0,3,,5.810953749250432,,,
WORKER_RELOC,,7,0,4,,5.322003711394937,,,
WORKER_RELOC,,7,0,5,,6.545118999054665,,,
WORKER_RELOC,,7,0,6,,6.77119775708551,,,
WORKER_RELOC,,7,0,7,,6.520407067534749,,,
WORKER_RELOC,,7,0,8,,6.105180438850054,,,
WORKER_RELOC,,7,0,9,,7.470580908798368,,,
WORKER_RELOC,,7,0,10,,6.607120029622239,,,
WORKER_RELOC,,7,0,11,,5.615027566204683,,,
WORKER_RELOC,,7,0,12,,7.128672871029174,,,
WORKER_RELOC,,7,0,13,,4.418322104810951,,,
WORKER_RELOC,,7,0,14,,6.1685837866001165,,,
WORKER_RELOC,,7,0,15,,6.68770976633786,,,
WORKER_RELOC,,7,0,16,,6.354648218808533,,,
WORKER_RELOC,,7,0,17,,4.512400454375385,,,
WORKER_RELOC,,7,1,0,,1.3327145140870722,,,
WORKER_RELOC,,7,1,1,,0.0,,,
WORKER_RELOC,,7,1,2,,5.685008524015046,,,
WORKER_RELOC,,7,1,3,,6.673704219363322,,,
WORKER_RELOC,,7,1,4,,7.475574070350121,,,
WORKER_RELOC,,7,1,5,,6.115343404338892,,,
WORKER_RELOC,,7,1,6,,5.754261687890986,,,
WORKER_RELOC,,7,1,7,,5.443973416255438,,,
WORKER_RELOC,,7,1,8,,6.861286797406051,,,
WORKER_RELOC,,7,1,9,,3.0687307111340023,,,
WORKER_RELOC,,7,1,10,,5.598610805228683,,,
WORKER_RELOC,,7,1,11,,7.380141361718442,,,
WORKER_RELOC,,7,1,12,,6.05408098779824,,,
WORKER_RELOC,,7,1,13,,7.641803695406054,,,
WORKER_RELOC,,7,1,14,,6.776364164328435,,,
WORKER_RELOC,,7,1,15,,7.875033210602994,,,
WORKER_RELOC,,7,1,16,,6.86569652729657,,,
WORKER_RELOC,,7,1,17,,3.796478008009427,,,
WORKER_RELOC,,7,2,0,,5.214238318113605,,,
WORKER_RELOC,,7,2,1,,4.011372466875704,,,
WORKER_RELOC,,7,2,2,,0.0,,,
WORKER_RELOC,,7,2,3,,3.40696967360357,,,
WORKER_RELOC,,7,2,4,,7.862001509707335,,,
WORKER_RELOC,,7,2,5,,6.001892920067496,,,
WORKER_RELOC,,7,2,6,,7.890909543968081,,,
WORKER_RELOC,,7,2,7,,6.392268854313569,,,
WORKER_RELOC,,7,2,8,,3.4422976518871713,,,
WORKER_RELOC,,7,2,9,,3.635140735069724,,,
WORKER_RELOC,,7,2,10,,4.896713183342708,,,
WORKER_RELOC,,7,2,11,,3.681345761228882,,,
WORKER_RELOC,,7,2,12,,7.298050204352121,,,
WORKER_RELOC,,7,2,13,,5.017041293434765,,,
WORKER_RELOC,,7,2,14,,5.088119756544203,,,
WORKER_RELOC,,7,2,15,,7.612377256854132,,,
WORKER_RELOC,,7,2,16,,4.969416194588315,,,
WORKER_RELOC,,7,2,17,,7.274388817967526,,,
WORKER_RELOC,,7,3,0,,6.503153874613801,,,
WORKER_RELOC,,7,3,1,,7.7329326524379205,,,
WORKER_RELOC,,7,3,2,,5.954473766879744,,,
WORKER_RELOC,,7,3,3,,0.0,,,
WORKER_RELOC,,7,3,4,,1.7127454583300923,,,
WORKER_RELOC,,7,3,5,,1.214927158100011,,,
WORKER_RELOC,,7,3,6,,5.28853837005547,,,
WORKER_RELOC,,7,3,7,,6.436526277804658,,,
WORKER_RELOC,,7,3,8,,4.510091651069363,,,
WORKER_RELOC,,7,3,9,,5.679748782869828,,,
WORKER_RELOC,,7,3,10,,3.6706650217042465,,,
WORKER_RELOC,,7,3,11,,6.963630830337932,,,
WORKER_RELOC,,7,3,12,,6.570977707735555,,,
WORKER_RELOC,,7,3,13,,4.873482098653245,,,
WORKER_RELOC,,7,3,14,,7.873580002899589,,,
WORKER_RELOC,,7,3,15,,3.7121881036639066,,,
WORKER_RELOC,,7,3,16,,5.986767063111423,,,
WORKER_RELOC,,7,3,17,,6.260576165538917,,,
WORKER_RELOC,,7,4,0,,4.3877049549649225,,,
WORKER_RELOC,,7,4,1,,3.1132361410637484,,,
WORKER_RELOC,,7,4,2,,7.4205038034857465,,,
WORKER_RELOC,,7,4,3,,1.5677347077765813,,,
WORKER_RELOC,,7,4,4,,0.0,,,
WORKER_RELOC,,7,4,5,,1.4143859163942802,,,
WORKER_RELOC,,7,4,6,,6.637191099398556,,,
WORKER_RELOC,,7,4,7,,7.796242755048738,,,
WORKER_RELOC,,7,4,8,,7.320934844485476,,,
WORKER_RELOC,,7,4,9,,7.820274201133686,,,
WORKER_RELOC,,7,4,10,,4.4967550903435,,,
WORKER_RELOC,,7,4,11,,4.079984334322658,,,
WORKER_RELOC,,7,4,12,,4.541455057241066,,,
WORKER_RELOC,,7,4,13,,5.208413811897408,,,
WORKER_RELOC,,7,4,14,,3.1031738085823313,,,
WORKER_RELOC,,7,4,15,,6.036109411986292,,,
WORKER_RELOC,,7,4,16,,4.220367869437794,,,
WORKER_RELOC,,7,4,17,,7.380322957049956,,,
WORKER_RELOC,,7,5,0,,7.597655057767608,,,
WORKER_RELOC,,7,5,1,,7.099640623622073,,,
WORKER_RELOC,,7,5,2,,6.796705473423998,,,
WORKER_RELOC,,7,5,3,,1.054906250611896,,,
WORKER_RELOC,,7,5,4,,1.6268393711556497,,,
WORKER_RELOC,,7,5,5,,0.0,,,
WORKER_RELOC,,7,5,6,,4.255446531166201,,,
WORKER_RELOC,,7,5,7,,4.700401271982944,,,
WORKER_RELOC,,7,5,8,,7.48827523268834,,,
WORKER_RELOC,,7,5,9,,5.193703952815129,,,
WORKER_RELOC,,7,5,10,,4.721267128331796,,,
WORKER_RELOC,,7,5,11,,3.5016438998285686,,,
WORKER_RELOC,,7,5,12,,5.465987527257337,,,
WORKER_RELOC,,7,5,13,,6.8162607823520025,,,
WORKER_RELOC,,7,5,14,,4.987803877557065,,,
WORKER_RELOC,,7,5,15,,5.862804860830763,,,
WORKER_RELOC,,7,5,16,,7.469308033756696,,,
WORKER_RELOC,,7,5,17,,3.5789075247567412,,,
WORKER_RELOC,,7,6,0,,7.935168469371839,,,
WORKER_RELOC,,7,6,1,,3.6723564413066985,,,
WORKER_RELOC,,7,6,2,,6.138132066963503,,,
WORKER_RELOC,,7,6,3,,7.810197028013292,,,
WORKER_RELOC,,7,6,4,,5.046165815490941,,,
WORKER_RELOC,,7,6,5,,4.455836477960906,,,
WORKER_RELOC,,7,6,6,,0.0,,,
WORKER_RELOC,,7,6,7,,5.989734868749352,,,
WORKER_RELOC,,7,6,8,,3.857233975527723,,,
WORKER_RELOC,,7,6,9,,6.655058966328708,,,
WORKER_RELOC,,7,6,10,,3.2452955923815687,,,
WORKER_RELOC,,7,6,11,,6.4605610384428775,,,
WORKER_RELOC,,7,6,12,,5.010354530247821,,,
WORKER_RELOC,,7,6,13,,4.68662388496104,,,
WORKER_RELOC,,7,6,14,,6.6724661720422125,,,
WORKER_RELOC,,7,6,15,,5.882729192245539,,,
WORKER_RELOC,,7,6,16,,4.110401825424075,,,
WORKER_RELOC,,7,6,17,,3.786131365922273,,,
WORKER_RELOC,,7,7,0,,5.952256924674363,,,
WORKER_RELOC,,7,7,1,,6.6728695704040195,,,
WORKER_RELOC,,7,7,2,,6.907256439001742,,,
WORKER_RELOC,,7,7,3,,5.196562520503973,,,
WORKER_RELOC,,7,7,4,,7.6529350985206115,,,
WORKER_RELOC,,7,7,5,,7.8680987202566675,,,
WORKER_RELOC,,7,7,6,,7.174174410706456,,,
WORKER_RELOC,,7,7,7,,0.0,,,
WORKER_RELOC,,7,7,8,,1.654215202562838,,,
WORKER_RELOC,,7,7,9,,1.6433427245474121,,,
WORKER_RELOC,,7,7,10,,6.995996296294807,,,
WORKER_RELOC,,7,7,11,,5.386654912971702,,,
WORKER_RELOC,,7,7,12,,4.672030293676729,,,
WORKER_RELOC,,7,7,13,,6.510878458565543,,,
WORKER_RELOC,,7,7,14,,6.608721116498763,,,
WORKER_RELOC,,7,7,15,,6.353747727335201,,,
WORKER_RELOC,,7,7,16,,6.026019483712517,,,
WORKER_RELOC,,7,7,17,,6.062701952170043,,,
WORKER_RELOC,,7,8,0,,4.711179620941531,,,
WORKER_RELOC,,7,8,1,,7.916084928164482,,,
WORKER_RELOC,,7,8,2,,4.773472135445258,,,
WORKER_RELOC,,7,8,3,,5.209539564303952,,,
WORKER_RELOC,,7,8,4,,6.814475508442788,,,
WORKER_RELOC,,7,8,5,,5.75267004778237,,,
WORKER_RELOC,,7,8,6,,6.263162013748154,,,
WORKER_RELOC,,7,8,7,,2.7305183969361524,,,
WORKER_RELOC,,7,8,8,,0.0,,,
WORKER_RELOC,,7,8,9,,1.5917672564693193,,,
WORKER_RELOC,,7,8,10,,4.282702260133225,,,
WORKER_RELOC,,7,8,11,,7.56505139057983,,,
WORKER_RELOC,,7,8,12,,5.477599912523448,,,
WORKER_RELOC,,7,8,13,,6.64015106851695,,,
WORKER_RELOC,,7,8,14,,7.501565491702496,,,
WORKER_RELOC,,7,8,15,,4.809612067514015,,,
WORKER_RELOC,,7,8,16,,4.980593928061213,,,
WORKER_RELOC,,7,8,17,,6.732859522480485,,,
WORKER_RELOC,,7,9,0,,6.813313292306408,,,
WORKER_RELOC,,7,9,1,,4.093740916250397,,,
WORKER_RELOC,,7,9,2,,6.29037280380593,,,
WORKER_RELOC,,7,9,3,,3.0011088309441396,,,
WORKER_RELOC,,7,9,4,,4.366584633569095,,,
WORKER_RELOC,,7,9,5,,3.111329454450134,,,
WORKER_RELOC,,7,9,6,,5.856326331813843,,,
WORKER_RELOC,,7,9,7,,1.4624511486874192,,,
WORKER_RELOC,,7,9,8,,1.4750423421289156,,,
WORKER_RELOC,,7,9,9,,0.0,,,
WORKER_RELOC,,7,9,10,,6.675810830991066,,,
WORKER_RELOC,,7,9,11,,3.4503189053715007,,,
WORKER_RELOC,,7,9,12,,5.84310537451077,,,
WORKER_RELOC,,7,9,13,,5.755225157526586,,,
WORKER_RELOC,,7,9,14,,6.733012485061018,,,
WORKER_RELOC,,7,9,15,,5.530669693965331,,,
WORKER_RELOC,,7,9,16,,4.879307543899111,,,
WORKER_RELOC,,7,9,17,,3.160593918000345,,,
WORKER_RELOC,,7,10,0,,5.968171842895198,,,
WORKER_RELOC,,7,10,1,,3.189430751510176,,,
WORKER_RELOC,,7,10,2,,4.68123004518529,,,
WORKER_RELOC,,7,10,3,,4.8593578804495,,,
WORKER_RELOC,,7,10,4,,7.6069434486927126,,,
WORKER_RELOC,,7,10,5,,3.060739928602132,,,
WORKER_RELOC,,7,10,6,,6.307055458099695,,,
WORKER_RELOC,,7,10,7,,6.514436050649982,,,
WORKER_RELOC,,7,10,8,,6.400273457144895,,,
WORKER_RELOC,,7,10,9,,7.101703184204874,,,
WORKER_RELOC,,7,10,10,,0.0,,,
WORKER_RELOC,,7,10,11,,2.17732918399447,,,
WORKER_RELOC,,7,10,12,,2.9737854946144155,,,
WORKER_RELOC,,7,10,13,,5.425242985249476,,,
WORKER_RELOC,,7,10,14,,6.120945644950862,,,
WORKER_RELOC,,7,10,15,,4.8941205834364805,,,
WORKER_RELOC,,7,10,16,,6.637550432916791,,,
WORKER_RELOC,,7,10,17,,7.641557822991628,,,
WORKER_RELOC,,7,11,0,,3.349070669359746,,,
WORKER_RELOC,,7,11,1,,7.272818531586183,,,
WORKER_RELOC,,7,11,2,,3.718022533187882,,,
WORKER_RELOC,,7,11,3,,3.9991310617818856,,,
WORKER_RELOC,,7,11,4,,7.976814948019132,,,
WORKER_RELOC,,7,11,5,,6.989372293817972,,,
WORKER_RELOC,,7,11,6,,5.832659526374899,,,
WORKER_RELOC,,7,11,7,,4.637748704954021,,,
WORKER_RELOC,,7,11,8,,4.335206804817753,,,
WORKER_RELOC,,7,11,9,,6.334443051512892,,,
WORKER_RELOC,,7,11,10,,1.6949400234707848,,,
WORKER_RELOC,,7,11,11,,0.0,,,
WORKER_RELOC,,7,11,12,,2.846005330127446,,,
WORKER_RELOC,,7,11,13,,5.620316340985728,,,
WORKER_RELOC,,7,11,14,,3.465617977853328,,,
WORKER_RELOC,,7,11,15,,4.3036504688847526,,,
WORKER_RELOC,,7,11,16,,7.562661976823177,,,
WORKER_RELOC,,7,11,17,,3.7810356832583336,,,
WORKER_RELOC,,7,12,0,,4.223522788090259,,,
WORKER_RELOC,,7,12,1,,3.770854053163702,,,
WORKER_RELOC,,7,12,2,,4.320044932168902,,,
WORKER_RELOC,,7,12,3,,5.481744888072259,,,
WORKER_RELOC,,7,12,4,,4.43425681542533,,,
WORKER_RELOC,,7,12,5,,3.308788166120471,,,
WORKER_RELOC,,7,12,6,,3.658782437902748,,,
WORKER_RELOC,,7,12,7,,6.960293000439616,,,
WORKER_RELOC,,7,12,8,,3.8672620140700755,,,
WORKER_RELOC,,7,12,9,,5.2340389370965585,,,
WORKER_RELOC,,7,12,10,,2.3457418574384454,,,
WORKER_RELOC,,7,12,11,,2.955879282608431,,,
WORKER_RELOC,,7,12,12,,0.0,,,
WORKER_RELOC,,7,12,13,,3.2776501456611897,,,
WORKER_RELOC,,7,12,14,,6.11532035967429,,,
WORKER_RELOC,,7,12,15,,7.8356354363859575,,,
WORKER_RELOC,,7,12,16,,7.608102142110665,,,
WORKER_RELOC,,7,12,17,,5.625833934066553,,,
WORKER_RELOC,,7,13,0,,7.501190737834588,,,
WORKER_RELOC,,7,13,1,,4.649575377552071,,,
WORKER_RELOC,,7,13,2,,4.020908119589068,,,
WORKER_RELOC,,7,13,3,,5.9724358845316985,,,
WORKER_RELOC,,7,13,4,,7.292397866610722,,,
WORKER_RELOC,,7,13,5,,6.961136699647122,,,
WORKER_RELOC,,7,13,6,,4.251092241360352,,,
WORKER_RELOC,,7,13,7,,7.098158621936311,,,
WORKER_RELOC,,7,13,8,,5.447924017402478,,,
WORKER_RELOC,,7,13,9,,6.850403052511746,,,
WORKER_RELOC,,7,13,10,,7.992753643976775,,,
WORKER_RELOC,,7,13,11,,6.644516653287916,,,
WORKER_RELOC,,7,13,12,,7.63499246584827,,,
WORKER_RELOC,,7,13,13,,0.0,,,
WORKER_RELOC,,7,13,14,,2.3288410661901544,,,
WORKER_RELOC,,7,13,15,,7.335375004285295,,,
WORKER_RELOC,,7,13,16,,4.221045949907019,,,
WORKER_RELOC,,7,13,17,,6.376617975651849,,,
WORKER_RELOC,,7,14,0,,7.727420524044877,,,
WORKER_RELOC,,7,14,1,,3.3258018965937026,,,
WORKER_RELOC,,7,14,2,,3.5783205511715463,,,
WORKER_RELOC,,7,14,3,,6.89301206901375,,,
WORKER_RELOC,,7,14,4,,3.1605709829734234,,,
WORKER_RELOC,,7,14,5,,6.632023564475068,,,
WORKER_RELOC,,7,14,6,,4.187073287213798,,,
WORKER_RELOC,,7,14,7,,3.6006393586327703,,,
WORKER_RELOC,,7,14,8,,5.15672713519401,,,
WORKER_RELOC,,7,14,9,,5.0493419804733115,,,
WORKER_RELOC,,7,14,10,,5.9275458375782435,,,
WORKER_RELOC,,7,14,11,,6.631922054377116,,,
WORKER_RELOC,,7,14,12,,4.913649176747201,,,
WORKER_RELOC,,7,14,13,,2.752791507760922,,,
WORKER_RELOC,,7,14,14,,0.0,,,
WORKER_RELOC,,7,14,15,,6.1676499602881165,,,
WORKER_RELOC,,7,14,16,,5.038335570231819,,,
WORKER_RELOC,,7,14,17,,4.818419656094125,,,
WORKER_RELOC,,7,15,0,,7.554625936044331,,,
WORKER_RELOC,,7,15,1,,4.6630886202870885,,,
WORKER_RELOC,,7,15,2,,4.397234649339232,,,
WORKER_RELOC,,7,15,3,,5.653934593616711,,,
WORKER_RELOC,,7,15,4,,3.251391952481184,,,
WORKER_RELOC,,7,15,5,,6.0527913341768,,,
WORKER_RELOC,,7,15,6,,6.6961700084842795,,,
WORKER_RELOC,,7,15,7,,7.560201205311774,,,
WORKER_RELOC,,7,15,8,,4.964394464576533,,,
WORKER_RELOC,,7,15,9,,4.858909054484693,,,
WORKER_RELOC,,7,15,10,,4.1022615373279105,,,
WORKER_RELOC,,7,15,11,,7.44102078460683,,,
WORKER_RELOC,,7,15,12,,5.365535698146616,,,
WORKER_RELOC,,7,15,13,,5.208487899205695,,,
WORKER_RELOC,,7,15,14,,5.969319851952833,,,
WORKER_RELOC,,7,15,15,,0.0,,,
WORKER_RELOC,,7,15,16,,2.505902700404026,,,
WORKER_RELOC,,7,15,17,,1.5478207175427676,,,
WORKER_RELOC,,7,16,0,,5.634206476381833,,,
WORKER_RELOC,,7,16,1,,3.7959457446855343,,,
WORKER_RELOC,,7,16,2,,4.663908285059387,,,
WORKER_RELOC,,7,16,3,,6.556341513038424,,,
WORKER_RELOC,,7,16,4,,5.733220066723883,,,
WORKER_RELOC,,7,16,5,,3.011432617924709,,,
WORKER_RELOC,,7,16,6,,4.977632210020512,,,
WORKER_RELOC,,7,16,7,,6.066288471189457,,,
WORKER_RELOC,,7,16,8,,3.5233678409015248,,,
WORKER_RELOC,,7,16,9,,6.36593872350381,,,
WORKER_RELOC,,7,16,10,,7.926325308243785,,,
WORKER_RELOC,,7,16,11,,6.160735299972113,,,
WORKER_RELOC,,7,16,12,,3.898275011870227,,,
WORKER_RELOC,,7,16,13,,6.566722652680765,,,
WORKER_RELOC,,7,16,14,,7.615935098162074,,,
WORKER_RELOC,,7,16,15,,2.621131908327399,,,
WORKER_RELOC,,7,16,16,,0.0,,,
WORKER_RELOC,,7,16,17,,1.6811940261065508,,,
WORKER_RELOC,,7,17,0,,5.10381141067706,,,
WORKER_RELOC,,7,17,1,,7.36212098421441,,,
WORKER_RELOC,,7,17,2,,5.646560952979078,,,
WORKER_RELOC,,7,17,3,,7.160651992456627,,,
WORKER_RELOC,,7,17,4,,6.903245510349304,,,
WORKER_RELOC,,7,17,5,,6.228633091147877,,,
WORKER_RELOC,,7,17,6,,5.537251185864605,,,
WORKER_RELOC,,7,17,7,,5.786618514258401,,,
WORKER_RELOC,,7,17,8,,3.8335177577738575,,,
WORKER_RELOC,,7,17,9,,4.560850481834341,,,
WORKER_RELOC,,7,17,10,,4.464433834836287,,,
WORKER_RELOC,,7,17,11,,6.566387994485745,,,
WORKER_RELOC,,7,17,12,,7.646470856474357,,,
WORKER_RELOC,,7,17,13,,3.4515267520213317,,,
WORKER_RELOC,,7,17,14,,7.305594616378462,,,
WORKER_RELOC,,7,17,15,,2.2420072677250067,,,
WORKER_RELOC,,7,17,16,,1.5506292962214285,,,
WORKER_RELOC,,7,17,17,,0.0,,,
WORKER_RELOC,,8,0,0,,0.0,,,
WORKER_RELOC,,8,0,1,,2.214050471163368,,,
WORKER_RELOC,,8,0,2,,5.721040159217882,,,
WORKER_RELOC,,8,0,3,,7.5723300581858854,,,
WORKER_RELOC,,8,0,4,,4.373242049441929,,,
WORKER_RELOC,,8,0,5,,6.747104785763664,,,
WORKER_RELOC,,8,0,6,,6.127834202724115,,,
WORKER_RELOC,,8,0,7,,7.833541401547216,,,
WORKER_RELOC,,8,0,8,,4.188140575951303,,,
WORKER_RELOC,,8,0,9,,5.469891961912552,,,
WORKER_RELOC,,8,0,10,,5.633740427005144,,,
WORKER_RELOC,,8,0,11,,3.7221582385955387,,,
WORKER_RELOC,,8,0,12,,4.031057762332609,,,
WORKER_RELOC,,8,0,13,,4.908974146825486,,,
WORKER_RELOC,,8,0,14,,6.533156587158613,,,
WORKER_RELOC,,8,0,15,,5.538548697792772,,,
WORKER_RELOC,,8,0,16,,7.462467502270818,,,
WORKER_RELOC,,8,0,17,,5.395273540246965,,,
WORKER_RELOC,,8,1,0,,2.458521288629294,,,
WORKER_RELOC,,8,1,1,,0.0,,,
WORKER_RELOC,,8,1,2,,6.530793700286759,,,
WORKER_RELOC,,8,1,3,,6.460059908767245,,,
WORKER_RELOC,,8,1,4,,6.438345360656205,,,
WORKER_RELOC,,8,1,5,,7.566199477327607,,,
WORKER_RELOC,,8,1,6,,4.408853519279399,,,
WORKER_RELOC,,8,1,7,,3.1180025815687706,,,
WORKER_RELOC,,8,1,8,,3.1221937807041162,,,
WORKER_RELOC,,8,1,9,,4.873526641276523,,,
WORKER_RELOC,,8,1,10,,5.251552515259638,,,
WORKER_RELOC,,8,1,11,,4.020825898569813,,,
WORKER_RELOC,,8,1,12,,3.4941357907878308,,,
WORKER_RELOC,,8,1,13,,3.129986448352118,,,
WORKER_RELOC,,8,1,14,,7.921181556658148,,,
WORKER_RELOC,,8,1,15,,3.0306422075312893,,,
WORKER_RELOC,,8,1,16,,7.76581116610094,,,
WORKER_RELOC,,8,1,17,,5.785521482198231,,,
WORKER_RELOC,,8,2,0,,4.475238049617066,,,
WORKER_RELOC,,8,2,1,,5.657671045391282,,,
WORKER_RELOC,,8,2,2,,0.0,,,
WORKER_RELOC,,8,2,3,,4.055431710365316,,,
WORKER_RELOC,,8,2,4,,5.527337459009402,,,
WORKER_RELOC,,8,2,5,,4.831351621811955,,,
WORKER_RELOC,,8,2,6,,5.2760558410564204,,,
WORKER_RELOC,,8,2,7,,4.379454545646587,,,
WORKER_RELOC,,8,2,8,,3.293597952209355,,,
WORKER_RELOC,,8,2,9,,7.018738977897147,,,
WORKER_RELOC,,8,2,10,,5.935704656481428,,,
WORKER_RELOC,,8,2,11,,7.456366827743777,,,
WORKER_RELOC,,8,2,12,,3.0643036978168317,,,
WORKER_RELOC,,8,2,13,,7.876864612859882,,,
WORKER_RELOC,,8,2,14,,6.094432561093263,,,
WORKER_RELOC,,8,2,15,,6.862175918495334,,,
WORKER_RELOC,,8,2,16,,5.085258024093554,,,
WORKER_RELOC,,8,2,17,,5.9248761087447,,,
WORKER_RELOC,,8,3,0,,7.99938725155146,,,
WORKER_RELOC,,8,3,1,,6.743981559877856,,,
WORKER_RELOC,,8,3,2,,6.758159146580102,,,
WORKER_RELOC,,8,3,3,,0.0,,,
WORKER_RELOC,,8,3,4,,2.1230503415558912,,,
WORKER_RELOC,,8,3,5,,2.5075085078141006,,,
WORKER_RELOC,,8,3,6,,7.797578896873747,,,
WORKER_RELOC,,8,3,7,,7.801960554910228,,,
WORKER_RELOC,,8,3,8,,5.114238675410514,,,
WORKER_RELOC,,8,3,9,,4.009202213418692,,,
WORKER_RELOC,,8,3,10,,4.171780641952816,,,
WORKER_RELOC,,8,3,11,,3.003444104140389,,,
WORKER_RELOC,,8,3,12,,6.479210865800734,,,
WORKER_RELOC,,8,3,13,,7.055573503127537,,,
WORKER_RELOC,,8,3,14,,5.64823662050769,,,
WORKER_RELOC,,8,3,15,,7.5202702985999945,,,
WORKER_RELOC,,8,3,16,,7.672201719348415,,,
WORKER_RELOC,,8,3,17,,5.488354240170789,,,
WORKER_RELOC,,8,4,0,,6.911584462128591,,,
WORKER_RELOC,,8,4,1,,6.0799631142614565,,,
WORKER_RELOC,,8,4,2,,4.243960931487962,,,
WORKER_RELOC,,8,4,3,,2.561368175920809,,,
WORKER_RELOC,,8,4,4,,0.0,,,
WORKER_RELOC,,8,4,5,,1.2408906935851136,,,
WORKER_RELOC,,8,4,6,,7.075923527912105,,,
WORKER_RELOC,,8,4,7,,7.501347404897678,,,
WORKER_RELOC,,8,4,8,,4.364287942787709,,,
WORKER_RELOC,,8,4,9,,3.044929519052887,,,
WORKER_RELOC,,8,4,10,,5.178165079210066,,,
WORKER_RELOC,,8,4,11,,6.544541951491064,,,
WORKER_RELOC,,8,4,12,,4.7283540343327655,,,
WORKER_RELOC,,8,4,13,,6.754445886364332,,,
WORKER_RELOC,,8,4,14,,7.500265061501166,,,
WORKER_RELOC,,8,4,15,,6.157169384694676,,,
WORKER_RELOC,,8,4,16,,7.159035202353961,,,
WORKER_RELOC,,8,4,17,,5.9163175225851905,,,
WORKER_RELOC,,8,5,0,,3.6400495083292346,,,
WORKER_RELOC,,8,5,1,,4.780044016916975,,,
WORKER_RELOC,,8,5,2,,4.1430778671696995,,,
WORKER_RELOC,,8,5,3,,2.1602907006936247,,,
WORKER_RELOC,,8,5,4,,1.0641211450338284,,,
WORKER_RELOC,,8,5,5,,0.0,,,
WORKER_RELOC,,8,5,6,,5.708215324910677,,,
WORKER_RELOC,,8,5,7,,3.780273174294259,,,
WORKER_RELOC,,8,5,8,,4.77459198789045,,,
WORKER_RELOC,,8,5,9,,5.1606048970679606,,,
WORKER_RELOC,,8,5,10,,3.5308515367185915,,,
WORKER_RELOC,,8,5,11,,5.2547886492887255,,,
WORKER_RELOC,,8,5,12,,7.259557130359734,,,
WORKER_RELOC,,8,5,13,,3.1524110542170476,,,
WORKER_RELOC,,8,5,14,,5.458123907757723,,,
WORKER_RELOC,,8,5,15,,6.546371619423178,,,
WORKER_RELOC,,8,5,16,,5.474779004111502,,,
WORKER_RELOC,,8,5,17,,7.816034300088461,,,
WORKER_RELOC,,8,6,0,,3.8163822972521335,,,
WORKER_RELOC,,8,6,1,,7.8242043077691825,,,
WORKER_RELOC,,8,6,2,,5.7862125845634225,,,
WORKER_RELOC,,8,6,3,,7.004177696651631,,,
WORKER_RELOC,,8,6,4,,7.361695567066612,,,
WORKER_RELOC,,8,6,5,,3.7342010257815184,,,
WORKER_RELOC,,8,6,6,,0.0,,,
WORKER_RELOC,,8,6,7,,7.329401300345575,,,
WORKER_RELOC,,8,6,8,,5.763337263505925,,,
WORKER_RELOC,,8,6,9,,5.610490898204004,,,
WORKER_RELOC,,8,6,10,,4.164959234874942,,,
WORKER_RELOC,,8,6,11,,7.20351239050092,,,
WORKER_RELOC,,8,6,12,,5.378487080070816,,,
WORKER_RELOC,,8,6,13,,6.954546849141204,,,
WORKER_RELOC,,8,6,14,,3.2790537665483983,,,
WORKER_RELOC,,8,6,15,,3.022245518645778,,,
WORKER_RELOC,,8,6,16,,6.978910086367836,,,
WORKER_RELOC,,8,6,17,,5.749165215865609,,,
WORKER_RELOC,,8,7,0,,5.1099974658830085,,,
WORKER_RELOC,,8,7,1,,7.64135940851335,,,
WORKER_RELOC,,8,7,2,,7.583044509622726,,,
WORKER_RELOC,,8,7,3,,7.909552603624662,,,
WORKER_RELOC,,8,7,4,,5.973643554816845,,,
WORKER_RELOC,,8,7,5,,7.084824277094155,,,
WORKER_RELOC,,8,7,6,,5.587061951105117,,,
WORKER_RELOC,,8,7,7,,0.0,,,
WORKER_RELOC,,8,7,8,,2.2771974657619625,,,
WORKER_RELOC,,8,7,9,,2.1093968965685117,,,
WORKER_RELOC,,8,7,10,,7.5399213694167475,,,
WORKER_RELOC,,8,7,11,,4.07247441337889,,,
WORKER_RELOC,,8,7,12,,6.075281514004065,,,
WORKER_RELOC,,8,7,13,,3.601411780839396,,,
WORKER_RELOC,,8,7,14,,3.742899159828922,,,
WORKER_RELOC,,8,7,15,,5.545358591927003,,,
WORKER_RELOC,,8,7,16,,4.412710797529208,,,
WORKER_RELOC,,8,7,17,,5.087924145005404,,,
WORKER_RELOC,,8,8,0,,7.437448945382894,,,
WORKER_RELOC,,8,8,1,,6.439814342769017,,,
WORKER_RELOC,,8,8,2,,5.925488638464078,,,
WORKER_RELOC,,8,8,3,,5.406664816418411,,,
WORKER_RELOC,,8,8,4,,7.2540042000893505,,,
WORKER_RELOC,,8,8,5,,4.801654535803671,,,
WORKER_RELOC,,8,8,6,,4.225485757492867,,,
WORKER_RELOC,,8,8,7,,2.8920674623365707,,,
WORKER_RELOC,,8,8,8,,0.0,,,
WORKER_RELOC,,8,8,9,,1.8964197109297836,,,
WORKER_RELOC,,8,8,10,,6.113750255699424,,,
WORKER_RELOC,,8,8,11,,5.312488839834412,,,
WORKER_RELOC,,8,8,12,,5.065479525347082,,,
WORKER_RELOC,,8,8,13,,4.076435849384476,,,
WORKER_RELOC,,8,8,14,,4.762209576193028,,,
WORKER_RELOC,,8,8,15,,5.524964338249159,,,
WORKER_RELOC,,8,8,16,,3.932491010916988,,,
WORKER_RELOC,,8,8,17,,6.93215045447981,,,
WORKER_RELOC,,8,9,0,,6.726814777636296,,,
WORKER_RELOC,,8,9,1,,3.050498596686376,,,
WORKER_RELOC,,8,9,2,,3.517131541934935,,,
WORKER_RELOC,,8,9,3,,6.886103846672219,,,
WORKER_RELOC,,8,9,4,,3.942644262986559,,,
WORKER_RELOC,,8,9,5,,6.279782750896162,,,
WORKER_RELOC,,8,9,6,,4.240421454417416,,,
WORKER_RELOC,,8,9,7,,2.4533175165143386,,,
WORKER_RELOC,,8,9,8,,2.956495949010295,,,
WORKER_RELOC,,8,9,9,,0.0,,,
WORKER_RELOC,,8,9,10,,4.44257601394133,,,
WORKER_RELOC,,8,9,11,,6.945249684425181,,,
WORKER_RELOC,,8,9,12,,4.994805428379394,,,
WORKER_RELOC,,8,9,13,,4.341130542309898,,,
WORKER_RELOC,,8,9,14,,5.442127662786503,,,
WORKER_RELOC,,8,9,15,,3.2379750227029813,,,
WORKER_RELOC,,8,9,16,,5.266187558854742,,,
WORKER_RELOC,,8,9,17,,7.0382970595449486,,,
WORKER_RELOC,,8,10,0,,3.278793145401217,,,
WORKER_RELOC,,8,10,1,,5.214305505230892,,,
WORKER_RELOC,,8,10,2,,4.67242800126813,,,
WORKER_RELOC,,8,10,3,,3.5657190175648266,,,
WORKER_RELOC,,8,10,4,,3.0168720601630126,,,
WORKER_RELOC,,8,10,5,,4.404986632992401,,,
WORKER_RELOC,,8,10,6,,7.489868372597244,,,
WORKER_RELOC,,8,10,7,,3.958084735779047,,,
WORKER_RELOC,,8,10,8,,6.563790694605752,,,
WORKER_RELOC,,8,10,9,,7.653415317155129,,,
WORKER_RELOC,,8,10,10,,0.0,,,
WORKER_RELOC,,8,10,11,,1.4171301140618922,,,
WORKER_RELOC,,8,10,12,,1.340784601216242,,,
WORKER_RELOC,,8,10,13,,5.77282160283127,,,
WORKER_RELOC,,8,10,14,,3.7187454659291466,,,
WORKER_RELOC,,8,10,15,,6.846984448155156,,,
WORKER_RELOC,,8,10,16,,4.485494393438289,,,
WORKER_RELOC,,8,10,17,,5.058227174695192,,,
WORKER_RELOC,,8,11,0,,7.856707078919061,,,
WORKER_RELOC,,8,11,1,,5.71505156389072,,,
WORKER_RELOC,,8,11,2,,5.968040034594454,,,
WORKER_RELOC,,8,11,3,,4.473697293323667,,,
WORKER_RELOC,,8,11,4,,5.067451189066254,,,
WORKER_RELOC,,8,11,5,,7.649011003833075,,,
WORKER_RELOC,,8,11,6,,5.756294745809501,,,
WORKER_RELOC,,8,11,7,,4.800476579324332,,,
WORKER_RELOC,,8,11,8,,3.100224199790487,,,
WORKER_RELOC,,8,11,9,,4.615555784875483,,,
WORKER_RELOC,,8,11,10,,2.620691771372943,,,
WORKER_RELOC,,8,11,11,,0.0,,,
WORKER_RELOC,,8,11,12,,1.7112413042103511,,,
WORKER_RELOC,,8,11,13,,3.242909042829593,,,
WORKER_RELOC,,8,11,14,,4.994992771814967,,,
WORKER_RELOC,,8,11,15,,4.3251874222824185,,,
WORKER_RELOC,,8,11,16,,7.479929509699441,,,
WORKER_RELOC,,8,11,17,,4.998137008183615,,,
WORKER_RELOC,,8,12,0,,3.3515945906809903,,,
WORKER_RELOC,,8,12,1,,4.889961920182039,,,
WORKER_RELOC,,8,12,2,,7.186597115476237,,,
WORKER_RELOC,,8,12,3,,3.9622296024726906,,,
WORKER_RELOC,,8,12,4,,6.0674786618027685,,,
WORKER_RELOC,,8,12,5,,7.1249087019812904,,,
WORKER_RELOC,,8,12,6,,6.568471627275792,,,
WORKER_RELOC,,8,12,7,,5.373092457152276,,,
WORKER_RELOC,,8,12,8,,5.010020448943125,,,
WORKER_RELOC,,8,12,9,,3.784334783719423,,,
WORKER_RELOC,,8,12,10,,2.5307441695868715,,,
WORKER_RELOC,,8,12,11,,2.3933398977873277,,,
WORKER_RELOC,,8,12,12,,0.0,,,
WORKER_RELOC,,8,12,13,,3.1640744734861093,,,
WORKER_RELOC,,8,12,14,,7.102069458892576,,,
WORKER_RELOC,,8,12,15,,7.190504570663981,,,
WORKER_RELOC,,8,12,16,,7.796118171166939,,,
WORKER_RELOC,,8,12,17,,4.553039947710307,,,
WORKER_RELOC,,8,13,0,,7.1397628379722535,,,
WORKER_RELOC,,8,13,1,,6.9672174692774265,,,
WORKER_RELOC,,8,13,2,,6.991774325457003,,,
WORKER_RELOC,,8,13,3,,6.576692721261069,,,
WORKER_RELOC,,8,13,4,,7.508734186000758,,,
WORKER_RELOC,,8,13,5,,3.012713903949368,,,
WORKER_RELOC,,8,13,6,,5.0635749563520305,,,
WORKER_RELOC,,8,13,7,,5.267864140462573,,,
WORKER_RELOC,,8,13,8,,6.894301250056616,,,
WORKER_RELOC,,8,13,9,,5.968631680472509,,,
WORKER_RELOC,,8,13,10,,3.0849719093522245,,,
WORKER_RELOC,,8,13,11,,6.793951025350934,,,
WORKER_RELOC,,8,13,12,,3.9869345049286893,,,
WORKER_RELOC,,8,13,13,,0.0,,,
WORKER_RELOC,,8,13,14,,2.5061991704213042,,,
WORKER_RELOC,,8,13,15,,5.563476671990328,,,
WORKER_RELOC,,8,13,16,,4.735785519511369,,,
WORKER_RELOC,,8,13,17,,6.993651491918904,,,
WORKER_RELOC,,8,14,0,,6.41915896927253,,,
WORKER_RELOC,,8,14,1,,3.5911185124412413,,,
WORKER_RELOC,,8,14,2,,5.48389392692448,,,
WORKER_RELOC,,8,14,3,,5.382595597661803,,,
WORKER_RELOC,,8,14,4,,4.77010875167281,,,
WORKER_RELOC,,8,14,5,,4.888046675131232,,,
WORKER_RELOC,,8,14,6,,5.88240620363108,,,
WORKER_RELOC,,8,14,7,,4.716918037305418,,,
WORKER_RELOC,,8,14,8,,7.078438907949261,,,
WORKER_RELOC,,8,14,9,,5.735513345140698,,,
WORKER_RELOC,,8,14,10,,5.24851821029667,,,
WORKER_RELOC,,8,14,11,,6.019744752668933,,,
WORKER_RELOC,,8,14,12,,6.963772934448596,,,
WORKER_RELOC,,8,14,13,,2.964821236041094,,,
WORKER_RELOC,,8,14,14,,0.0,,,
WORKER_RELOC,,8,14,15,,6.83196979431105,,,
WORKER_RELOC,,8,14,16,,7.895084013145614,,,
WORKER_RELOC,,8,14,17,,4.609491077770711,,,
WORKER_RELOC,,8,15,0,,4.525507989332887,,,
WORKER_RELOC,,8,15,1,,7.235854818420284,,,
WORKER_RELOC,,8,15,2,,4.992910040200411,,,
WORKER_RELOC,,8,15,3,,6.418729624687947,,,
WORKER_RELOC,,8,15,4,,7.64851222258542,,,
WORKER_RELOC,,8,15,5,,7.631943357749736,,,
WORKER_RELOC,,8,15,6,,5.311800900573823,,,
WORKER_RELOC,,8,15,7,,3.003794704136111,,,
WORKER_RELOC,,8,15,8,,5.42745164136651,,,
WORKER_RELOC,,8,15,9,,4.522997002761636,,,
WORKER_RELOC,,8,15,10,,7.864703778457194,,,
WORKER_RELOC,,8,15,11,,4.389388531088705,,,
WORKER_RELOC,,8,15,12,,5.171099731921941,,,
WORKER_RELOC,,8,15,13,,4.315457741010768,,,
WORKER_RELOC,,8,15,14,,3.585945818461797,,,
WORKER_RELOC,,8,15,15,,0.0,,,
WORKER_RELOC,,8,15,16,,2.452726885968481,,,
WORKER_RELOC,,8,15,17,,2.396901697528132,,,
WORKER_RELOC,,8,16,0,,7.218612174723598,,,
WORKER_RELOC,,8,16,1,,3.3919933796366215,,,
WORKER_RELOC,,8,16,2,,5.081004412875814,,,
WORKER_RELOC,,8,16,3,,6.998597977695476,,,
WORKER_RELOC,,8,16,4,,3.42065582144092,,,
WORKER_RELOC,,8,16,5,,7.373772680279075,,,
WORKER_RELOC,,8,16,6,,5.421754201192162,,,
WORKER_RELOC,,8,16,7,,6.314584777763197,,,
WORKER_RELOC,,8,16,8,,7.743780044501574,,,
WORKER_RELOC,,8,16,9,,5.491397629994067,,,
WORKER_RELOC,,8,16,10,,4.95341853892443,,,
WORKER_RELOC,,8,16,11,,7.528760377283184,,,
WORKER_RELOC,,8,16,12,,6.40217134710317,,,
WORKER_RELOC,,8,16,13,,5.02006713267967,,,
WORKER_RELOC,,8,16,14,,6.048591734520841,,,
WORKER_RELOC,,8,16,15,,1.6940899789655506,,,
WORKER_RELOC,,8,16,16,,0.0,,,
WORKER_RELOC,,8,16,17,,2.796136173149468,,,
WORKER_RELOC,,8,17,0,,4.911598725516665,,,
WORKER_RELOC,,8,17,1,,6.23770665943447,,,
WORKER_RELOC,,8,17,2,,7.7900622545363465,,,
WORKER_RELOC,,8,17,3,,5.4547021083296805,,,
WORKER_RELOC,,8,17,4,,7.828098613617724,,,
WORKER_RELOC,,8,17,5,,6.713717362909087,,,
WORKER_RELOC,,8,17,6,,5.101726741394707,,,
WORKER_RELOC,,8,17,7,,5.711639221023701,,,
WORKER_RELOC,,8,17,8,,4.291657799880042,,,
WORKER_RELOC,,8,17,9,,3.642115529420753,,,
WORKER_RELOC,,8,17,10,,3.9076799789092034,,,
WORKER_RELOC,,8,17,11,,3.6480959697650572,,,
WORKER_RELOC,,8,17,12,,4.633896129522668,,,
WORKER_RELOC,,8,17,13,,3.937686143383859,,,
WORKER_RELOC,,8,17,14,,3.2862247991807076,,,
WORKER_RELOC,,8,17,15,,2.9678964540027906,,,
WORKER_RELOC,,8,17,16,,2.9000875383182034,,,
WORKER_RELOC,,8,17,17,,0.0,,,
WORKER_RELOC,,9,0,0,,0.0,,,
WORKER_RELOC,,9,0,1,,1.1439496558243227,,,
WORKER_RELOC,,9,0,2,,4.87826285594797,,,
WORKER_RELOC,,9,0,3,,6.940571040419739,,,
WORKER_RELOC,,9,0,4,,7.145027639260849,,,
WORKER_RELOC,,9,0,5,,6.5904840314833715,,,
WORKER_RELOC,,9,0,6,,7.252302184334492,,,
WORKER_RELOC,,9,0,7,,4.479967634703989,,,
WORKER_RELOC,,9,0,8,,7.212578370664383,,,
WORKER_RELOC,,9,0,9,,7.51848495366871,,,
WORKER_RELOC,,9,0,10,,5.206603911155059,,,
WORKER_RELOC,,9,0,11,,6.425692851408758,,,
WORKER_RELOC,,9,0,12,,6.004312579134979,,,
WORKER_RELOC,,9,0,13,,3.894461937624858,,,
WORKER_RELOC,,9,0,14,,4.2357319054963725,,,
WORKER_RELOC,,9,0,15,,4.597835892493306,,,
WORKER_RELOC,,9,0,16,,6.114710751503754,,,
WORKER_RELOC,,9,0,17,,6.655010925328684,,,
WORKER_RELOC,,9,1,0,,2.3844332983105665,,,
WORKER_RELOC,,9,1,1,,0.0,,,
WORKER_RELOC,,9,1,2,,5.93403048127918,,,
WORKER_RELOC,,9,1,3,,7.626002311558137,,,
WORKER_RELOC,,9,1,4,,6.2718458636801575,,,
WORKER_RELOC,,9,1,5,,5.959503201726934,,,
WORKER_RELOC,,9,1,6,,5.060438782676107,,,
WORKER_RELOC,,9,1,7,,6.893738508137302,,,
WORKER_RELOC,,9,1,8,,4.864097841006173,,,
WORKER_RELOC,,9,1,9,,5.098379680340054,,,
WORKER_RELOC,,9,1,10,,3.2344961780591097,,,
WORKER_RELOC,,9,1,11,,3.132188143766853,,,
WORKER_RELOC,,9,1,12,,3.8274739505978825,,,
WORKER_RELOC,,9,1,13,,5.153412947154949,,,
WORKER_RELOC,,9,1,14,,3.0826694859844235,,,
WORKER_RELOC,,9,1,15,,3.803701243530965,,,
WORKER_RELOC,,9,1,16,,3.9826193615807925,,,
WORKER_RELOC,,9,1,17,,5.307074173985697,,,
WORKER_RELOC,,9,2,0,,5.326369517162996,,,
WORKER_RELOC,,9,2,1,,3.8236296055349994,,,
WORKER_RELOC,,9,2,2,,0.0,,,
WORKER_RELOC,,9,2,3,,4.279120606799999,,,
WORKER_RELOC,,9,2,4,,3.547571828032985,,,
WORKER_RELOC,,9,2,5,,3.5582307972438216,,,
WORKER_RELOC,,9,2,6,,4.369340471107937,,,
WORKER_RELOC,,9,2,7,,3.592391433898056,,,
WORKER_RELOC,,9,2,8,,5.387318292858047,,,
WORKER_RELOC,,9,2,9,,6.445473201499724,,,
WORKER_RELOC,,9,2,10,,5.554928675293039,,,
WORKER_RELOC,,9,2,11,,6.879815850511773,,,
WORKER_RELOC,,9,2,12,,4.603555369453116,,,
WORKER_RELOC,,9,2,13,,3.518667589717326,,,
WORKER_RELOC,,9,2,14,,7.975488522595917,,,
WORKER_RELOC,,9,2,15,,5.188891215852142,,,
WORKER_RELOC,,9,2,16,,5.492223096472223,,,
WORKER_RELOC,,9,2,17,,7.0981840963110505,,,
WORKER_RELOC,,9,3,0,,7.547898586445848,,,
WORKER_RELOC,,9,3,1,,6.992856161653376,,,
WORKER_RELOC,,9,3,2,,3.923883117673527,,,
WORKER_RELOC,,9,3,3,,0.0,,,
WORKER_RELOC,,9,3,4,,1.5796682838874216,,,
WORKER_RELOC,,9,3,5,,1.3625189915706974,,,
WORKER_RELOC,,9,3,6,,7.644269831440992,,,
WORKER_RELOC,,9,3,7,,4.8647094584519674,,,
WORKER_RELOC,,9,3,8,,3.1495560751042078,,,
WORKER_RELOC,,9,3,9,,7.7466064770430485,,,
WORKER_RELOC,,9,3,10,,5.2640994373053624,,,
WORKER_RELOC,,9,3,11,,3.086656003752808,,,
WORKER_RELOC,,9,3,12,,4.344062595449488,,,
WORKER_RELOC,,9,3,13,,6.561855651403274,,,
WORKER_RELOC,,9,3,14,,6.011797325994609,,,
WORKER_RELOC,,9,3,15,,6.825088002311913,,,
WORKER_RELOC,,9,3,16,,6.486236187932475,,,
WORKER_RELOC,,9,3,17,,3.81308152269988,,,
WORKER_RELOC,,9,4,0,,7.032690384491319,,,
WORKER_RELOC,,9,4,1,,4.899800682712309,,,
WORKER_RELOC,,9,4,2,,3.70395024381205,,,
WORKER_RELOC,,9,4,3,,1.9912148750203529,,,
WORKER_RELOC,,9,4,4,,0.0,,,
WORKER_RELOC,,9,4,5,,2.5177116022933372,,,
WORKER_RELOC,,9,4,6,,5.521255789153576,,,
WORKER_RELOC,,9,4,7,,3.6511277565243585,,,
WORKER_RELOC,,9,4,8,,5.458179649681558,,,
WORKER_RELOC,,9,4,9,,7.133403417081678,,,
WORKER_RELOC,,9,4,10,,6.051511513116996,,,
WORKER_RELOC,,9,4,11,,3.631626450356984,,,
WORKER_RELOC,,9,4,12,,5.641713827605876,,,
WORKER_RELOC,,9,4,13,,4.152411045692569,,,
WORKER_RELOC,,9,4,14,,6.500032255867524,,,
WORKER_RELOC,,9,4,15,,6.324372083549921,,,
WORKER_RELOC,,9,4,16,,5.358504704183959,,,
WORKER_RELOC,,9,4,17,,4.952770019544343,,,
WORKER_RELOC,,9,5,0,,5.311310884504312,,,
WORKER_RELOC,,9,5,1,,6.600242148318896,,,
WORKER_RELOC,,9,5,2,,4.571128964605091,,,
WORKER_RELOC,,9,5,3,,2.432512208364777,,,
WORKER_RELOC,,9,5,4,,1.0037941176396188,,,
WORKER_RELOC,,9,5,5,,0.0,,,
WORKER_RELOC,,9,5,6,,7.283548940009184,,,
WORKER_RELOC,,9,5,7,,6.812397037134329,,,
WORKER_RELOC,,9,5,8,,7.509075620768378,,,
WORKER_RELOC,,9,5,9,,5.65621468165183,,,
WORKER_RELOC,,9,5,10,,7.276707053664304,,,
WORKER_RELOC,,9,5,11,,4.477472774768397,,,
WORKER_RELOC,,9,5,12,,5.084173051292685,,,
WORKER_RELOC,,9,5,13,,3.2405694281315345,,,
WORKER_RELOC,,9,5,14,,6.620096313490292,,,
WORKER_RELOC,,9,5,15,,3.597245643558045,,,
WORKER_RELOC,,9,5,16,,6.730047627199362,,,
WORKER_RELOC,,9,5,17,,3.648706070199262,,,
WORKER_RELOC,,9,6,0,,4.938150844790627,,,
WORKER_RELOC,,9,6,1,,7.792518485001663,,,
WORKER_RELOC,,9,6,2,,7.368994461563088,,,
WORKER_RELOC,,9,6,3,,5.686460063799978,,,
WORKER_RELOC,,9,6,4,,6.820730413088681,,,
WORKER_RELOC,,9,6,5,,3.062691329763631,,,
WORKER_RELOC,,9,6,6,,0.0,,,
WORKER_RELOC,,9,6,7,,4.158804390796302,,,
WORKER_RELOC,,9,6,8,,4.319575094386392,,,
WORKER_RELOC,,9,6,9,,3.99931143994922,,,
WORKER_RELOC,,9,6,10,,7.545180901007407,,,
WORKER_RELOC,,9,6,11,,5.207274687690962,,,
WORKER_RELOC,,9,6,12,,6.446873089174195,,,
WORKER_RELOC,,9,6,13,,6.273232042204471,,,
WORKER_RELOC,,9,6,14,,5.498108431228838,,,
WORKER_RELOC,,9,6,15,,4.327049048570698,,,
WORKER_RELOC,,9,6,16,,6.749936754352359,,,
WORKER_RELOC,,9,6,17,,3.444389071035223,,,
WORKER_RELOC,,9,7,0,,6.680409879913336,,,
WORKER_RELOC,,9,7,1,,5.957483167368742,,,
WORKER_RELOC,,9,7,2,,7.226710400463226,,,
WORKER_RELOC,,9,7,3,,6.807594059462403,,,
WORKER_RELOC,,9,7,4,,4.226643791653949,,,
WORKER_RELOC,,9,7,5,,4.117081647813361,,,
WORKER_RELOC,,9,7,6,,7.078270844018649,,,
WORKER_RELOC,,9,7,7,,0.0,,,
WORKER_RELOC,,9,7,8,,1.367174956501807,,,
WORKER_RELOC,,9,7,9,,2.499637197788772,,,
WORKER_RELOC,,9,7,10,,3.5874993282110577,,,
WORKER_RELOC,,9,7,11,,7.368701327813196,,,
WORKER_RELOC,,9,7,12,,4.481887455998154,,,
WORKER_RELOC,,9,7,13,,5.163011225523896,,,
WORKER_RELOC,,9,7,14,,7.8394056262367044,,,
WORKER_RELOC,,9,7,15,,7.634896382607083,,,
WORKER_RELOC,,9,7,16,,5.362027642122072,,,
WORKER_RELOC,,9,7,17,,6.3794299007050865,,,
WORKER_RELOC,,9,8,0,,4.195242890641975,,,
WORKER_RELOC,,9,8,1,,4.322216836405761,,,
WORKER_RELOC,,9,8,2,,3.520213749841756,,,
WORKER_RELOC,,9,8,3,,4.735931808213132,,,
WORKER_RELOC,,9,8,4,,3.8481790947876098,,,
WORKER_RELOC,,9,8,5,,4.683197570688851,,,
WORKER_RELOC,,9,8,6,,5.470550070360101,,,
WORKER_RELOC,,9,8,7,,1.503358739922994,,,
WORKER_RELOC,,9,8,8,,0.0,,,
WORKER_RELOC,,9,8,9,,2.464052212779893,,,
WORKER_RELOC,,9,8,10,,6.635107695807797,,,
WORKER_RELOC,,9,8,11,,3.4186356753323546,,,
WORKER_RELOC,,9,8,12,,6.033521876812125,,,
WORKER_RELOC,,9,8,13,,5.0208185647008055,,,
WORKER_RELOC,,9,8,14,,5.3780200434595535,,,
WORKER_RELOC,,9,8,15,,3.8435242421926303,,,
WORKER_RELOC,,9,8,16,,7.023334979468686,,,
WORKER_RELOC,,9,8,17,,5.424481653291153,,,
WORKER_RELOC,,9,9,0,,7.90272412723525,,,
WORKER_RELOC,,9,9,1,,6.953238401328997,,,
WORKER_RELOC,,9,9,2,,5.529060721683854,,,
WORKER_RELOC,,9,9,3,,6.9322158583450895,,,
WORKER_RELOC,,9,9,4,,3.4934543980239092,,,
WORKER_RELOC,,9,9,5,,7.471141060530807,,,
WORKER_RELOC,,9,9,6,,4.1439958384749485,,,
WORKER_RELOC,,9,9,7,,1.6251149150792632,,,
WORKER_RELOC,,9,9,8,,2.8570811272238235,,,
WORKER_RELOC,,9,9,9,,0.0,,,
WORKER_RELOC,,9,9,10,,3.609486971359553,,,
WORKER_RELOC,,9,9,11,,7.40234641278802,,,
WORKER_RELOC,,9,9,12,,6.4690506665127945,,,
WORKER_RELOC,,9,9,13,,6.547963750791668,,,
WORKER_RELOC,,9,9,14,,6.614608232301304,,,
WORKER_RELOC,,9,9,15,,5.895712043919778,,,
WORKER_RELOC,,9,9,16,,3.57107201367013,,,
WORKER_RELOC,,9,9,17,,3.751383051078106,,,
WORKER_RELOC,,9,10,0,,4.206401680700907,,,
WORKER_RELOC,,9,10,1,,3.568140822883099,,,
WORKER_RELOC,,9,10,2,,4.682049654140121,,,
WORKER_RELOC,,9,10,3,,6.437579667447581,,,
WORKER_RELOC,,9,10,4,,6.37825941933451,,,
WORKER_RELOC,,9,10,5,,7.671772948690601,,,
WORKER_RELOC,,9,10,6,,5.978206586531157,,,
WORKER_RELOC,,9,10,7,,7.962581830358337,,,
WORKER_RELOC,,9,10,8,,6.171944319068728,,,
WORKER_RELOC,,9,10,9,,6.046845984425749,,,
WORKER_RELOC,,9,10,10,,0.0,,,
WORKER_RELOC,,9,10,11,,2.851877349968907,,,
WORKER_RELOC,,9,10,12,,1.0421171766096282,,,
WORKER_RELOC,,9,10,13,,3.721589227030564,,,
WORKER_RELOC,,9,10,14,,4.703600930118263,,,
WORKER_RELOC,,9,10,15,,6.471794682176075,,,
WORKER_RELOC,,9,10,16,,3.9752490371873455,,,
WORKER_RELOC,,9,10,17,,4.4875185278567145,,,
WORKER_RELOC,,9,11,0,,5.3185189675583455,,,
WORKER_RELOC,,9,11,1,,7.791652191421457,,,
WORKER_RELOC,,9,11,2,,6.9910063883329485,,,
WORKER_RELOC,,9,11,3,,7.850584280095947,,,
WORKER_RELOC,,9,11,4,,7.9529948564866375,,,
WORKER_RELOC,,9,11,5,,5.651222257132111,,,
WORKER_RELOC,,9,11,6,,5.893980280907144,,,
WORKER_RELOC,,9,11,7,,7.945077139098984,,,
WORKER_RELOC,,9,11,8,,3.9588739692406985,,,
WORKER_RELOC,,9,11,9,,6.63581997782812,,,
WORKER_RELOC,,9,11,10,,2.500319589507328,,,
WORKER_RELOC,,9,11,11,,0.0,,,
WORKER_RELOC,,9,11,12,,2.254976163092266,,,
WORKER_RELOC,,9,11,13,,4.817219474332344,,,
WORKER_RELOC,,9,11,14,,7.8299079191546825,,,
WORKER_RELOC,,9,11,15,,6.356849916954257,,,
WORKER_RELOC,,9,11,16,,4.692632271408449,,,
WORKER_RELOC,,9,11,17,,4.7308046121836025,,,
WORKER_RELOC,,9,12,0,,5.317261552877703,,,
WORKER_RELOC,,9,12,1,,3.2629318747066196,,,
WORKER_RELOC,,9,12,2,,7.6601443097765225,,,
WORKER_RELOC,,9,12,3,,4.90960219263842,,,
WORKER_RELOC,,9,12,4,,4.876057818725643,,,
WORKER_RELOC,,9,12,5,,5.258230390929597,,,
WORKER_RELOC,,9,12,6,,4.299800390310099,,,
WORKER_RELOC,,9,12,7,,7.6597596224946445,,,
WORKER_RELOC,,9,12,8,,7.640818532195078,,,
WORKER_RELOC,,9,12,9,,7.87641455531688,,,
WORKER_RELOC,,9,12,10,,2.9095198647783302,,,
WORKER_RELOC,,9,12,11,,2.2383567904846635,,,
WORKER_RELOC,,9,12,12,,0.0,,,
WORKER_RELOC,,9,12,13,,5.788757273068143,,,
WORKER_RELOC,,9,12,14,,3.190296511913199,,,
WORKER_RELOC,,9,12,15,,4.661928875524103,,,
WORKER_RELOC,,9,12,16,,6.615488857289717,,,
WORKER_RELOC,,9,12,17,,5.628729810357302,,,
WORKER_RELOC,,9,13,0,,4.608601578642265,,,
WORKER_RELOC,,9,13,1,,7.192899957050526,,,
WORKER_RELOC,,9,13,2,,7.495889864303308,,,
WORKER_RELOC,,9,13,3,,7.156738444809565,,,
WORKER_RELOC,,9,13,4,,3.899523871960397,,,
WORKER_RELOC,,9,13,5,,7.389861547606384,,,
WORKER_RELOC,,9,13,6,,7.088969310455953,,,
WORKER_RELOC,,9,13,7,,7.0588370940323495,,,
WORKER_RELOC,,9,13,8,,7.770480451880528,,,
WORKER_RELOC,,9,13,9,,6.35093735268024,,,
WORKER_RELOC,,9,13,10,,5.736782510972439,,,
WORKER_RELOC,,9,13,11,,4.28289092365255,,,
WORKER_RELOC,,9,13,12,,3.414775411444266,,,
WORKER_RELOC,,9,13,13,,0.0,,,
WORKER_RELOC,,9,13,14,,1.5482765225217827,,,
WORKER_RELOC,,9,13,15,,3.939431981788586,,,
WORKER_RELOC,,9,13,16,,5.377181510974491,,,
WORKER_RELOC,,9,13,17,,6.459668226698341,,,
WORKER_RELOC,,9,14,0,,5.774714084341001,,,
WORKER_RELOC,,9,14,1,,3.2566667794025306,,,
WORKER_RELOC,,9,14,2,,7.988195180091319,,,
WORKER_RELOC,,9,14,3,,4.460667180781218,,,
WORKER_RELOC,,9,14,4,,5.4937335075961,,,
WORKER_RELOC,,9,14,5,,7.270581952183061,,,
WORKER_RELOC,,9,14,6,,5.557055416583358,,,
WORKER_RELOC,,9,14,7,,3.8289847973190416,,,
WORKER_RELOC,,9,14,8,,7.509731767884874,,,
WORKER_RELOC,,9,14,9,,5.070900387495377,,,
WORKER_RELOC,,9,14,10,,5.690751431596939,,,
WORKER_RELOC,,9,14,11,,7.240862358921362,,,
WORKER_RELOC,,9,14,12,,7.878941187459602,,,
WORKER_RELOC,,9,14,13,,1.2846785508909866,,,
WORKER_RELOC,,9,14,14,,0.0,,,
WORKER_RELOC,,9,14,15,,3.3227536445677286,,,
WORKER_RELOC,,9,14,16,,4.523467836305872,,,
WORKER_RELOC,,9,14,17,,6.0614966740538385,,,
WORKER_RELOC,,9,15,0,,4.8888154300377025,,,
WORKER_RELOC,,9,15,1,,4.197315320494592,,,
WORKER_RELOC,,9,15,2,,4.761646008177946,,,
WORKER_RELOC,,9,15,3,,5.46227648814822,,,
WORKER_RELOC,,9,15,4,,4.908335932349736,,,
WORKER_RELOC,,9,15,5,,3.628269128271051,,,
WORKER_RELOC,,9,15,6,,6.483614689979632,,,
WORKER_RELOC,,9,15,7,,6.626675015771655,,,
WORKER_RELOC,,9,15,8,,6.634660636572075,,,
WORKER_RELOC,,9,15,9,,6.586477709973041,,,
WORKER_RELOC,,9,15,10,,6.891433218245032,,,
WORKER_RELOC,,9,15,11,,4.110648550981357,,,
WORKER_RELOC,,9,15,12,,3.3838091771029886,,,
WORKER_RELOC,,9,15,13,,7.094652646907254,,,
WORKER_RELOC,,9,15,14,,5.306899559526867,,,
WORKER_RELOC,,9,15,15,,0.0,,,
WORKER_RELOC,,9,15,16,,2.257341454937416,,,
WORKER_RELOC,,9,15,17,,1.8888142484116668,,,
WORKER_RELOC,,9,16,0,,7.185832793794829,,,
WORKER_RELOC,,9,16,1,,3.0282050643927283,,,
WORKER_RELOC,,9,16,2,,3.156818055408357,,,
WORKER_RELOC,,9,16,3,,7.091641032696365,,,
WORKER_RELOC,,9,16,4,,5.919236737779045,,,
WORKER_RELOC,,9,16,5,,7.122949440777367,,,
WORKER_RELOC,,9,16,6,,3.710416142940435,,,
WORKER_RELOC,,9,16,7,,5.594618753423694,,,
WORKER_RELOC,,9,16,8,,7.316077244253706,,,
WORKER_RELOC,,9,16,9,,3.8345091613923565,,,
WORKER_RELOC,,9,16,10,,6.934652274350718,,,
WORKER_RELOC,,9,16,11,,7.604030591673329,,,
WORKER_RELOC,,9,16,12,,5.926356738304553,,,
WORKER_RELOC,,9,16,13,,3.9879686849946863,,,
WORKER_RELOC,,9,16,14,,4.869596095794597,,,
WORKER_RELOC,,9,16,15,,1.8890688353214626,,,
WORKER_RELOC,,9,16,16,,0.0,,,
WORKER_RELOC,,9,16,17,,2.4881462074515595,,,
WORKER_RELOC,,9,17,0,,6.430928229620876,,,
WORKER_RELOC,,9,17,1,,7.582312751436273,,,
WORKER_RELOC,,9,17,2,,6.594588633551977,,,
WORKER_RELOC,,9,17,3,,4.016130890068613,,,
WORKER_RELOC,,9,17,4,,5.6852247259999,,,
WORKER_RELOC,,9,17,5,,3.436052936139972,,,
WORKER_RELOC,,9,17,6,,7.173992411917624,,,
WORKER_RELOC,,9,17,7,,5.570407023053013,,,
WORKER_RELOC,,9,17,8,,6.061255148599127,,,
WORKER_RELOC,,9,17,9,,4.511537180617618,,,
WORKER_RELOC,,9,17,10,,3.0765253902627845,,,
WORKER_RELOC,,9,17,11,,7.5634624749508745,,,
WORKER_RELOC,,9,17,12,,7.063226997281067,,,
WORKER_RELOC,,9,17,13,,5.788395035221293,,,
WORKER_RELOC,,9,17,14,,4.7911123698960925,,,
WORKER_RELOC,,9,17,15,,1.224476455382576,,,
WORKER_RELOC,,9,17,16,,2.2467940831493975,,,
WORKER_RELOC,,9,17,17,,0.0,,,
WORKER_RELOC,,10,0,0,,0.0,,,
WORKER_RELOC,,10,0,1,,2.742215230438088,,,
WORKER_RELOC,,10,0,2,,4.317492249299654,,,
WORKER_RELOC,,10,0,3,,7.760812451986375,,,
WORKER_RELOC,,10,0,4,,4.44503971419396,,,
WORKER_RELOC,,10,0,5,,4.4438740928514004,,,
WORKER_RELOC,,10,0,6,,3.0456216723801797,,,
WORKER_RELOC,,10,0,7,,6.813072919254115,,,
WORKER_RELOC,,10,0,8,,6.214626079859678,,,
WORKER_RELOC,,10,0,9,,6.222303473681501,,,
WORKER_RELOC,,10,0,10,,6.458197308150844,,,
WORKER_RELOC,,10,0,11,,7.749359287325484,,,
WORKER_RELOC,,10,0,12,,5.794330352053372,,,
WORKER_RELOC,,10,0,13,,4.138113106469229,,,
WORKER_RELOC,,10,0,14,,4.292148875851552,,,
WORKER_RELOC,,10,0,15,,6.418386353352865,,,
WORKER_RELOC,,10,0,16,,5.5417633924664225,,,
WORKER_RELOC,,10,0,17,,6.204469680122623,,,
WORKER_RELOC,,10,1,0,,2.991965665238352,,,
WORKER_RELOC,,10,1,1,,0.0,,,
WORKER_RELOC,,10,1,2,,4.56328055558448,,,
WORKER_RELOC,,10,1,3,,3.5534940288610413,,,
WORKER_RELOC,,10,1,4,,7.336030540049388,,,
WORKER_RELOC,,10,1,5,,3.339850412438412,,,
WORKER_RELOC,,10,1,6,,3.173607620202541,,,
WORKER_RELOC,,10,1,7,,3.2339175830483065,,,
WORKER_RELOC,,10,1,8,,6.708098925798971,,,
WORKER_RELOC,,10,1,9,,5.641987607826373,,,
WORKER_RELOC,,10,1,10,,7.0098819800996335,,,
WORKER_RELOC,,10,1,11,,5.089333656409867,,,
WORKER_RELOC,,10,1,12,,7.198064066053299,,,
WORKER_RELOC,,10,1,13,,7.97559433465088,,,
WORKER_RELOC,,10,1,14,,7.017534695712678,,,
WORKER_RELOC,,10,1,15,,7.2161422121417385,,,
WORKER_RELOC,,10,1,16,,4.312801637908212,,,
WORKER_RELOC,,10,1,17,,6.891383776782455,,,
WORKER_RELOC,,10,2,0,,6.7978221707285575,,,
WORKER_RELOC,,10,2,1,,4.02255624713818,,,
WORKER_RELOC,,10,2,2,,0.0,,,
WORKER_RELOC,,10,2,3,,5.112275965463764,,,
WORKER_RELOC,,10,2,4,,6.867667078063969,,,
WORKER_RELOC,,10,2,5,,5.583787880841873,,,
WORKER_RELOC,,10,2,6,,3.592410760922105,,,
WORKER_RELOC,,10,2,7,,7.42484231781129,,,
WORKER_RELOC,,10,2,8,,7.170706387155524,,,
WORKER_RELOC,,10,2,9,,5.248962543184008,,,
WORKER_RELOC,,10,2,10,,3.396995224723457,,,
WORKER_RELOC,,10,2,11,,3.035106870936107,,,
WORKER_RELOC,,10,2,12,,3.7833124577136266,,,
WORKER_RELOC,,10,2,13,,5.819420767072497,,,
WORKER_RELOC,,10,2,14,,4.0916924129652195,,,
WORKER_RELOC,,10,2,15,,5.607032801356682,,,
WORKER_RELOC,,10,2,16,,7.514149169725533,,,
WORKER_RELOC,,10,2,17,,5.78157773300669,,,
WORKER_RELOC,,10,3,0,,3.1503032707134637,,,
WORKER_RELOC,,10,3,1,,6.7709401891504495,,,
WORKER_RELOC,,10,3,2,,6.257636258493557,,,
WORKER_RELOC,,10,3,3,,0.0,,,
WORKER_RELOC,,10,3,4,,2.975670993929514,,,
WORKER_RELOC,,10,3,5,,1.2382625840900965,,,
WORKER_RELOC,,10,3,6,,6.217906850506569,,,
WORKER_RELOC,,10,3,7,,3.597216735667728,,,
WORKER_RELOC,,10,3,8,,3.0059094693386585,,,
WORKER_RELOC,,10,3,9,,7.130490023306337,,,
WORKER_RELOC,,10,3,10,,7.441948263219114,,,
WORKER_RELOC,,10,3,11,,3.535672726397374,,,
WORKER_RELOC,,10,3,12,,4.460765069682573,,,
WORKER_RELOC,,10,3,13,,5.519621351973366,,,
WORKER_RELOC,,10,3,14,,6.166879586744618,,,
WORKER_RELOC,,10,3,15,,4.798370802737194,,,
WORKER_RELOC,,10,3,16,,5.440849529844186,,,
WORKER_RELOC,,10,3,17,,4.777372673114643,,,
WORKER_RELOC,,10,4,0,,4.1895750589338565,,,
WORKER_RELOC,,10,4,1,,5.81478218035428,,,
WORKER_RELOC,,10,4,2,,4.318706526323155,,,
WORKER_RELOC,,10,4,3,,1.4526420061672831,,,
WORKER_RELOC,,10,4,4,,0.0,,,
WORKER_RELOC,,10,4,5,,2.770541493885247,,,
WORKER_RELOC,,10,4,6,,4.836678118421101,,,
WORKER_RELOC,,10,4,7,,6.313499121851958,,,
WORKER_RELOC,,10,4,8,,6.535140485993464,,,
WORKER_RELOC,,10,4,9,,7.562400826219516,,,
WORKER_RELOC,,10,4,10,,4.540004187592769,,,
WORKER_RELOC,,10,4,11,,4.281923777934459,,,
WORKER_RELOC,,10,4,12,,4.838759433512825,,,
WORKER_RELOC,,10,4,13,,6.130477486458734,,,
WORKER_RELOC,,10,4,14,,6.263645769824676,,,
WORKER_RELOC,,10,4,15,,6.196118526329089,,,
WORKER_RELOC,,10,4,16,,7.397744634092401,,,
WORKER_RELOC,,10,4,17,,7.789433707902685,,,
WORKER_RELOC,,10,5,0,,3.7079480163234555,,,
WORKER_RELOC,,10,5,1,,6.500322156431217,,,
WORKER_RELOC,,10,5,2,,3.318153433479955,,,
WORKER_RELOC,,10,5,3,,1.3909047868070203,,,
WORKER_RELOC,,10,5,4,,2.614945736198706,,,
WORKER_RELOC,,10,5,5,,0.0,,,
WORKER_RELOC,,10,5,6,,6.930424321578368,,,
WORKER_RELOC,,10,5,7,,6.766859013017008,,,
WORKER_RELOC,,10,5,8,,3.7169225522371736,,,
WORKER_RELOC,,10,5,9,,5.923828911943716,,,
WORKER_RELOC,,10,5,10,,7.700724436458931,,,
WORKER_RELOC,,10,5,11,,7.5022664654348485,,,
WORKER_RELOC,,10,5,12,,5.028710314510082,,,
WORKER_RELOC,,10,5,13,,7.665584857690861,,,
WORKER_RELOC,,10,5,14,,5.967533515873942,,,
WORKER_RELOC,,10,5,15,,3.8343704682466706,,,
WORKER_RELOC,,10,5,16,,5.893002148987549,,,
WORKER_RELOC,,10,5,17,,4.620029610789755,,,
WORKER_RELOC,,10,6,0,,5.836523409673214,,,
WORKER_RELOC,,10,6,1,,4.7973314663102675,,,
WORKER_RELOC,,10,6,2,,5.384099157651546,,,
WORKER_RELOC,,10,6,3,,3.187851664230538,,,
WORKER_RELOC,,10,6,4,,4.985888549669228,,,
WORKER_RELOC,,10,6,5,,3.9122363289549322,,,
WORKER_RELOC,,10,6,6,,0.0,,,
WORKER_RELOC,,10,6,7,,3.958533813571951,,,
WORKER_RELOC,,10,6,8,,3.9035814840136904,,,
WORKER_RELOC,,10,6,9,,4.236312692420951,,,
WORKER_RELOC,,10,6,10,,3.882467169500612,,,
WORKER_RELOC,,10,6,11,,5.982046949385625,,,
WORKER_RELOC,,10,6,12,,6.787850402638678,,,
WORKER_RELOC,,10,6,13,,6.6386076780493894,,,
WORKER_RELOC,,10,6,14,,5.761357593387581,,,
WORKER_RELOC,,10,6,15,,3.485159424476054,,,
WORKER_RELOC,,10,6,16,,5.75896088401067,,,
WORKER_RELOC,,10,6,17,,6.972616502752209,,,
WORKER_RELOC,,10,7,0,,5.810505184544786,,,
WORKER_RELOC,,10,7,1,,4.296260164711257,,,
WORKER_RELOC,,10,7,2,,7.638732902108779,,,
WORKER_RELOC,,10,7,3,,7.020887200897972,,,
WORKER_RELOC,,10,7,4,,5.515711550408641,,,
WORKER_RELOC,,10,7,5,,6.13129383216944,,,
WORKER_RELOC,,10,7,6,,3.308893292824439,,,
WORKER_RELOC,,10,7,7,,0.0,,,
WORKER_RELOC,,10,7,8,,1.1898048968832373,,,
WORKER_RELOC,,10,7,9,,1.1359416038312093,,,
WORKER_RELOC,,10,7,10,,6.4112166946534845,,,
WORKER_RELOC,,10,7,11,,3.4969970039478566,,,
WORKER_RELOC,,10,7,12,,7.39928179275959,,,
WORKER_RELOC,,10,7,13,,3.6762315488124724,,,
WORKER_RELOC,,10,7,14,,7.75818333090922,,,
WORKER_RELOC,,10,7,15,,6.914360778863156,,,
WORKER_RELOC,,10,7,16,,7.702308769586358,,,
WORKER_RELOC,,10,7,17,,7.34605581383572,,,
WORKER_RELOC,,10,8,0,,6.220726543523831,,,
WORKER_RELOC,,10,8,1,,4.611121991928972,,,
WORKER_RELOC,,10,8,2,,7.607597363829855,,,
WORKER_RELOC,,10,8,3,,6.745635046407859,,,
WORKER_RELOC,,10,8,4,,5.913909752239027,,,
WORKER_RELOC,,10,8,5,,3.7179492086224784,,,
WORKER_RELOC,,10,8,6,,6.875525061935405,,,
WORKER_RELOC,,10,8,7,,1.713519519574911,,,
WORKER_RELOC,,10,8,8,,0.0,,,
WORKER_RELOC,,10,8,9,,1.6161321291638455,,,
WORKER_RELOC,,10,8,10,,5.376595365415007,,,
WORKER_RELOC,,10,8,11,,7.766438828133069,,,
WORKER_RELOC,,10,8,12,,6.431269577411706,,,
WORKER_RELOC,,10,8,13,,4.832014681827499,,,
WORKER_RELOC,,10,8,14,,6.943656873858705,,,
WORKER_RELOC,,10,8,15,,4.2652539122985065,,,
WORKER_RELOC,,10,8,16,,3.6647724181995955,,,
WORKER_RELOC,,10,8,17,,3.989976749690922,,,
WORKER_RELOC,,10,9,0,,3.4294565657638034,,,
WORKER_RELOC,,10,9,1,,3.5553676139774737,,,
WORKER_RELOC,,10,9,2,,3.6925510442251817,,,
WORKER_RELOC,,10,9,3,,5.952042790073227,,,
WORKER_RELOC,,10,9,4,,6.211527525734007,,,
WORKER_RELOC,,10,9,5,,3.408461423241482,,,
WORKER_RELOC,,10,9,6,,4.771168650853823,,,
WORKER_RELOC,,10,9,7,,1.1938736017177707,,,
WORKER_RELOC,,10,9,8,,2.547139363278972,,,
WORKER_RELOC,,10,9,9,,0.0,,,
WORKER_RELOC,,10,9,10,,3.2136867778471823,,,
WORKER_RELOC,,10,9,11,,4.4528107757712565,,,
WORKER_RELOC,,10,9,12,,6.9581187355672105,,,
WORKER_RELOC,,10,9,13,,7.585035051436902,,,
WORKER_RELOC,,10,9,14,,6.910563250705943,,,
WORKER_RELOC,,10,9,15,,3.050534256469532,,,
WORKER_RELOC,,10,9,16,,3.894595396711928,,,
WORKER_RELOC,,10,9,17,,4.915930621196054,,,
WORKER_RELOC,,10,10,0,,6.4795620161086305,,,
WORKER_RELOC,,10,10,1,,4.7600598351871914,,,
WORKER_RELOC,,10,10,2,,7.974269107284889,,,
WORKER_RELOC,,10,10,3,,4.47155403036027,,,
WORKER_RELOC,,10,10,4,,6.909095024792458,,,
WORKER_RELOC,,10,10,5,,4.266560756244199,,,
WORKER_RELOC,,10,10,6,,5.222633756976619,,,
WORKER_RELOC,,10,10,7,,7.051229521190901,,,
WORKER_RELOC,,10,10,8,,5.4078617976209635,,,
WORKER_RELOC,,10,10,9,,5.743526632546395,,,
WORKER_RELOC,,10,10,10,,0.0,,,
WORKER_RELOC,,10,10,11,,1.9193424236851697,,,
WORKER_RELOC,,10,10,12,,1.4434990987144956,,,
WORKER_RELOC,,10,10,13,,3.06289762086876,,,
WORKER_RELOC,,10,10,14,,5.228209225501687,,,
WORKER_RELOC,,10,10,15,,6.629988656290349,,,
WORKER_RELOC,,10,10,16,,3.749448337040992,,,
WORKER_RELOC,,10,10,17,,5.364678423499442,,,
WORKER_RELOC,,10,11,0,,6.812114732460115,,,
WORKER_RELOC,,10,11,1,,4.167712039240172,,,
WORKER_RELOC,,10,11,2,,4.606512304844263,,,
WORKER_RELOC,,10,11,3,,4.140033225177884,,,
WORKER_RELOC,,10,11,4,,4.542771021920661,,,
WORKER_RELOC,,10,11,5,,6.532066731435371,,,
WORKER_RELOC,,10,11,6,,4.738336891124543,,,
WORKER_RELOC,,10,11,7,,6.313551628199602,,,
WORKER_RELOC,,10,11,8,,7.271496927867492,,,
WORKER_RELOC,,10,11,9,,4.205090812752236,,,
WORKER_RELOC,,10,11,10,,2.303845965383265,,,
WORKER_RELOC,,10,11,11,,0.0,,,
WORKER_RELOC,,10,11,12,,2.501346212640517,,,
WORKER_RELOC,,10,11,13,,5.062251508639043,,,
WORKER_RELOC,,10,11,14,,6.246498156963537,,,
WORKER_RELOC,,10,11,15,,3.116407689637699,,,
WORKER_RELOC,,10,11,16,,3.5305307895758267,,,
WORKER_RELOC,,10,11,17,,3.1275075504171452,,,
WORKER_RELOC,,10,12,0,,6.451925828145101,,,
WORKER_RELOC,,10,12,1,,6.99845912483035,,,
WORKER_RELOC,,10,12,2,,6.97406450579305,,,
WORKER_RELOC,,10,12,3,,4.7221322274345905,,,
WORKER_RELOC,,10,12,4,,5.147043922552205,,,
WORKER_RELOC,,10,12,5,,4.428541908580362,,,
WORKER_RELOC,,10,12,6,,5.33983488260205,,,
WORKER_RELOC,,10,12,7,,7.24914851721806,,,
WORKER_RELOC,,10,12,8,,6.518995759474043,,,
WORKER_RELOC,,10,12,9,,7.252591115791264,,,
WORKER_RELOC,,10,12,10,,1.4275395609463009,,,
WORKER_RELOC,,10,12,11,,1.2312725074571886,,,
WORKER_RELOC,,10,12,12,,0.0,,,
WORKER_RELOC,,10,12,13,,3.600049777253565,,,
WORKER_RELOC,,10,12,14,,5.376202644834599,,,
WORKER_RELOC,,10,12,15,,3.727021773531609,,,
WORKER_RELOC,,10,12,16,,6.496676812345749,,,
WORKER_RELOC,,10,12,17,,6.094352155203245,,,
WORKER_RELOC,,10,13,0,,4.943632731621751,,,
WORKER_RELOC,,10,13,1,,3.6998611859129933,,,
WORKER_RELOC,,10,13,2,,4.1964725281786235,,,
WORKER_RELOC,,10,13,3,,7.834042148997383,,,
WORKER_RELOC,,10,13,4,,3.4430540256981867,,,
WORKER_RELOC,,10,13,5,,7.320122276378821,,,
WORKER_RELOC,,10,13,6,,6.819903859616891,,,
WORKER_RELOC,,10,13,7,,3.749067090651595,,,
WORKER_RELOC,,10,13,8,,4.902003797832856,,,
WORKER_RELOC,,10,13,9,,3.8765957689899553,,,
WORKER_RELOC,,10,13,10,,6.2733047271742,,,
WORKER_RELOC,,10,13,11,,4.023522369629839,,,
WORKER_RELOC,,10,13,12,,4.542892790591017,,,
WORKER_RELOC,,10,13,13,,0.0,,,
WORKER_RELOC,,10,13,14,,1.0562658586213178,,,
WORKER_RELOC,,10,13,15,,5.890020930251323,,,
WORKER_RELOC,,10,13,16,,3.6968015201594584,,,
WORKER_RELOC,,10,13,17,,6.17009781959202,,,
WORKER_RELOC,,10,14,0,,6.273295178423291,,,
WORKER_RELOC,,10,14,1,,6.768839017011748,,,
WORKER_RELOC,,10,14,2,,4.412129539712577,,,
WORKER_RELOC,,10,14,3,,7.960495362617462,,,
WORKER_RELOC,,10,14,4,,6.8726193800007565,,,
WORKER_RELOC,,10,14,5,,6.831780188509672,,,
WORKER_RELOC,,10,14,6,,6.329969000716527,,,
WORKER_RELOC,,10,14,7,,6.490505283771512,,,
WORKER_RELOC,,10,14,8,,5.076399819200075,,,
WORKER_RELOC,,10,14,9,,3.874202238213594,,,
WORKER_RELOC,,10,14,10,,6.47056317243941,,,
WORKER_RELOC,,10,14,11,,3.5177017391975984,,,
WORKER_RELOC,,10,14,12,,6.0390223647929915,,,
WORKER_RELOC,,10,14,13,,1.9413709814410856,,,
WORKER_RELOC,,10,14,14,,0.0,,,
WORKER_RELOC,,10,14,15,,4.901930827561989,,,
WORKER_RELOC,,10,14,16,,6.972005461749338,,,
WORKER_RELOC,,10,14,17,,4.558389963173687,,,
WORKER_RELOC,,10,15,0,,4.89304916202182,,,
WORKER_RELOC,,10,15,1,,4.38960402125875,,,
WORKER_RELOC,,10,15,2,,7.324342453757723,,,
WORKER_RELOC,,10,15,3,,3.645611045596779,,,
WORKER_RELOC,,10,15,4,,7.892543445463034,,,
WORKER_RELOC,,10,15,5,,7.753241140167369,,,
WORKER_RELOC,,10,15,6,,4.240437162140997,,,
WORKER_RELOC,,10,15,7,,6.715284829036019,,,
WORKER_RELOC,,10,15,8,,6.253194717125391,,,
WORKER_RELOC,,10,15,9,,6.899574685184266,,,
WORKER_RELOC,,10,15,10,,6.102126606118391,,,
WORKER_RELOC,,10,15,11,,5.319654173235464,,,
WORKER_RELOC,,10,15,12,,5.946844402313216,,,
WORKER_RELOC,,10,15,13,,6.0326886187247375,,,
WORKER_RELOC,,10,15,14,,7.826364019182997,,,
WORKER_RELOC,,10,15,15,,0.0,,,
WORKER_RELOC,,10,15,16,,1.2651937072119195,,,
WORKER_RELOC,,10,15,17,,2.8923725931313764,,,
WORKER_RELOC,,10,16,0,,4.205104835766333,,,
WORKER_RELOC,,10,16,1,,7.857705064941246,,,
WORKER_RELOC,,10,16,2,,3.6162821987164957,,,
WORKER_RELOC,,10,16,3,,6.936844740170867,,,
WORKER_RELOC,,10,16,4,,6.187754672247769,,,
WORKER_RELOC,,10,16,5,,7.594239622311057,,,
WORKER_RELOC,,10,16,6,,3.180831397453222,,,
WORKER_RELOC,,10,16,7,,5.376702769849103,,,
WORKER_RELOC,,10,16,8,,4.34090469380432,,,
WORKER_RELOC,,10,16,9,,6.217890391327765,,,
WORKER_RELOC,,10,16,10,,3.2843262557409556,,,
WORKER_RELOC,,10,16,11,,3.297538427912229,,,
WORKER_RELOC,,10,16,12,,6.910119877357408,,,
WORKER_RELOC,,10,16,13,,7.81510970527778,,,
WORKER_RELOC,,10,16,14,,6.683859898337016,,,
WORKER_RELOC,,10,16,15,,1.7889549575917802,,,
WORKER_RELOC,,10,16,16,,0.0,,,
WORKER_RELOC,,10,16,17,,2.730907276511611,,,
WORKER_RELOC,,10,17,0,,4.468525408308665,,,
WORKER_RELOC,,10,17,1,,7.986883658996236,,,
WORKER_RELOC,,10,17,2,,6.38707297869821,,,
WORKER_RELOC,,10,17,3,,3.9701073034931484,,,
WORKER_RELOC,,10,17,4,,7.117220589464901,,,
WORKER_RELOC,,10,17,5,,3.6738731645173797,,,
WORKER_RELOC,,10,17,6,,4.446427395027634,,,
WORKER_RELOC,,10,17,7,,6.8544754462708735,,,
WORKER_RELOC,,10,17,8,,4.9638397060037,,,
WORKER_RELOC,,10,17,9,,6.480286467349046,,,
WORKER_RELOC,,10,17,10,,5.4826351121669425,,,
WORKER_RELOC,,10,17,11,,6.994876614015107,,,
WORKER_RELOC,,10,17,12,,4.710677319291481,,,
WORKER_RELOC,,10,17,13,,7.4753568802033525,,,
WORKER_RELOC,,10,17,14,,3.023580554846246,,,
WORKER_RELOC,,10,17,15,,2.16276112538836,,,
WORKER_RELOC,,10,17,16,,2.551265380055087,,,
WORKER_RELOC,,10,17,17,,0.0,,,
WORKER_RELOC,,11,0,0,,0.0,,,
WORKER_RELOC,,11,0,1,,2.2253358979961457,,,
WORKER_RELOC,,11,0,2,,5.168822720873809,,,
WORKER_RELOC,,11,0,3,,7.513544495352291,,,
WORKER_RELOC,,11,0,4,,3.559963668628926,,,
WORKER_RELOC,,11,0,5,,6.2764187960467135,,,
WORKER_RELOC,,11,0,6,,5.909570060187691,,,
WORKER_RELOC,,11,0,7,,6.3436154566668295,,,
WORKER_RELOC,,11,0,8,,7.9116591930738505,,,
WORKER_RELOC,,11,0,9,,3.179660122260143,,,
WORKER_RELOC,,11,0,10,,4.693793805071469,,,
WORKER_RELOC,,11,0,11,,5.10467787179965,,,
WORKER_RELOC,,11,0,12,,6.899901165999588,,,
WORKER_RELOC,,11,0,13,,5.679931803538004,,,
WORKER_RELOC,,11,0,14,,3.412511245478917,,,
WORKER_RELOC,,11,0,15,,3.7108638076541194,,,
WORKER_RELOC,,11,0,16,,7.417726550316984,,,
WORKER_RELOC,,11,0,17,,5.608288163311299,,,
WORKER_RELOC,,11,1,0,,2.6253400719661935,,,
WORKER_RELOC,,11,1,1,,0.0,,,
WORKER_RELOC,,11,1,2,,3.9336784667866835,,,
WORKER_RELOC,,11,1,3,,7.459666721041767,,,
WORKER_RELOC,,11,1,4,,5.174575320904849,,,
WORKER_RELOC,,11,1,5,,3.2126869834590996,,,
WORKER_RELOC,,11,1,6,,7.832615327366375,,,
WORKER_RELOC,,11,1,7,,6.285552750335308,,,
WORKER_RELOC,,11,1,8,,7.140350458171898,,,
WORKER_RELOC,,11,1,9,,6.990644734640544,,,
WORKER_RELOC,,11,1,10,,4.176150051738538,,,
WORKER_RELOC,,11,1,11,,4.1458330057898385,,,
WORKER_RELOC,,11,1,12,,6.047456969306035,,,
WORKER_RELOC,,11,1,13,,5.700138267701479,,,
WORKER_RELOC,,11,1,14,,7.231088676850103,,,
WORKER_RELOC,,11,1,15,,3.9890260810248623,,,
WORKER_RELOC,,11,1,16,,4.534711121416992,,,
WORKER_RELOC,,11,1,17,,6.799786331085192,,,
WORKER_RELOC,,11,2,0,,3.398815624969899,,,
WORKER_RELOC,,11,2,1,,6.779870284504078,,,
WORKER_RELOC,,11,2,2,,0.0,,,
WORKER_RELOC,,11,2,3,,3.578284600444449,,,
WORKER_RELOC,,11,2,4,,3.0406519346237766,,,
WORKER_RELOC,,11,2,5,,7.464541058902052,,,
WORKER_RELOC,,11,2,6,,3.7825460917683813,,,
WORKER_RELOC,,11,2,7,,4.368386025534089,,,
WORKER_RELOC,,11,2,8,,3.0179033659443117,,,
WORKER_RELOC,,11,2,9,,6.7055717646572806,,,
WORKER_RELOC,,11,2,10,,3.206108155766916,,,
WORKER_RELOC,,11,2,11,,7.901991440350871,,,
WORKER_RELOC,,11,2,12,,6.555935446107086,,,
WORKER_RELOC,,11,2,13,,4.1348843342235435,,,
WORKER_RELOC,,11,2,14,,6.694155185163099,,,
WORKER_RELOC,,11,2,15,,3.773815307470105,,,
WORKER_RELOC,,11,2,16,,4.4600962845649175,,,
WORKER_RELOC,,11,2,17,,4.27204687596679,,,
WORKER_RELOC,,11,3,0,,4.2811699283349185,,,
WORKER_RELOC,,11,3,1,,7.149054094805944,,,
WORKER_RELOC,,11,3,2,,5.814186399711349,,,
WORKER_RELOC,,11,3,3,,0.0,,,
WORKER_RELOC,,11,3,4,,2.0918200615311386,,,
WORKER_RELOC,,11,3,5,,1.8303916907571474,,,
WORKER_RELOC,,11,3,6,,3.599140882828515,,,
WORKER_RELOC,,11,3,7,,3.3586966022236995,,,
WORKER_RELOC,,11,3,8,,6.354267355433778,,,
WORKER_RELOC,,11,3,9,,5.585489266850024,,,
WORKER_RELOC,,11,3,10,,3.8486490142467193,,,
WORKER_RELOC,,11,3,11,,5.331988373275071,,,
WORKER_RELOC,,11,3,12,,7.675276983777854,,,
WORKER_RELOC,,11,3,13,,4.454458563001291,,,
WORKER_RELOC,,11,3,14,,3.1506245005272735,,,
WORKER_RELOC,,11,3,15,,3.435470398575697,,,
WORKER_RELOC,,11,3,16,,7.930471830175965,,,
WORKER_RELOC,,11,3,17,,3.101876214085733,,,
WORKER_RELOC,,11,4,0,,7.846543599203242,,,
WORKER_RELOC,,11,4,1,,4.0574240422303935,,,
WORKER_RELOC,,11,4,2,,5.148008029982034,,,
WORKER_RELOC,,11,4,3,,2.163262872119537,,,
WORKER_RELOC,,11,4,4,,0.0,,,
WORKER_RELOC,,11,4,5,,2.6319731129312958,,,
WORKER_RELOC,,11,4,6,,4.6455167604778556,,,
WORKER_RELOC,,11,4,7,,4.186812466679673,,,
WORKER_RELOC,,11,4,8,,3.126442429188724,,,
WORKER_RELOC,,11,4,9,,6.211664215597695,,,
WORKER_RELOC,,11,4,10,,4.10595348956227,,,
WORKER_RELOC,,11,4,11,,5.382193597246837,,,
WORKER_RELOC,,11,4,12,,4.456278521774696,,,
WORKER_RELOC,,11,4,13,,3.0033552923728264,,,
WORKER_RELOC,,11,4,14,,7.059205550200248,,,
WORKER_RELOC,,11,4,15,,3.1997611636063734,,,
WORKER_RELOC,,11,4,16,,3.8224426659152533,,,
WORKER_RELOC,,11,4,17,,7.890440820144569,,,
WORKER_RELOC,,11,5,0,,4.151936993816536,,,
WORKER_RELOC,,11,5,1,,5.740454143370666,,,
WORKER_RELOC,,11,5,2,,5.588823956262818,,,
WORKER_RELOC,,11,5,3,,2.8396201691697205,,,
WORKER_RELOC,,11,5,4,,2.3580637580641164,,,
WORKER_RELOC,,11,5,5,,0.0,,,
WORKER_RELOC,,11,5,6,,6.413154130081404,,,
WORKER_RELOC,,11,5,7,,6.066987751516393,,,
WORKER_RELOC,,11,5,8,,6.963742232187008,,,
WORKER_RELOC,,11,5,9,,7.606841038930333,,,
WORKER_RELOC,,11,5,10,,5.312888221751459,,,
WORKER_RELOC,,11,5,11,,4.481575009723616,,,
WORKER_RELOC,,11,5,12,,5.716854830010871,,,
WORKER_RELOC,,11,5,13,,5.235013880239621,,,
WORKER_RELOC,,11,5,14,,3.7514724878659154,,,
WORKER_RELOC,,11,5,15,,5.373909271293919,,,
WORKER_RELOC,,11,5,16,,6.381327846808151,,,
WORKER_RELOC,,11,5,17,,7.558636298661553,,,
WORKER_RELOC,,11,6,0,,7.857992129285043,,,
WORKER_RELOC,,11,6,1,,3.8949656155248964,,,
WORKER_RELOC,,11,6,2,,6.555095382979664,,,
WORKER_RELOC,,11,6,3,,7.10861775975011,,,
WORKER_RELOC,,11,6,4,,7.831770220227172,,,
WORKER_RELOC,,11,6,5,,7.612514633969901,,,
WORKER_RELOC,,11,6,6,,0.0,,,
WORKER_RELOC,,11,6,7,,3.2714438616961585,,,
WORKER_RELOC,,11,6,8,,6.902229084012092,,,
WORKER_RELOC,,11,6,9,,7.342338210306668,,,
WORKER_RELOC,,11,6,10,,5.829901462394265,,,
WORKER_RELOC,,11,6,11,,7.930166524662375,,,
WORKER_RELOC,,11,6,12,,5.93494335617066,,,
WORKER_RELOC,,11,6,13,,7.659280065199604,,,
WORKER_RELOC,,11,6,14,,5.303957992867282,,,
WORKER_RELOC,,11,6,15,,3.0491723634002286,,,
WORKER_RELOC,,11,6,16,,3.172937840055692,,,
WORKER_RELOC,,11,6,17,,6.096379472661678,,,
WORKER_RELOC,,11,7,0,,4.190976031160711,,,
WORKER_RELOC,,11,7,1,,5.750050180773985,,,
WORKER_RELOC,,11,7,2,,5.004115739763495,,,
WORKER_RELOC,,11,7,3,,4.463156365207264,,,
WORKER_RELOC,,11,7,4,,6.5579948521894496,,,
WORKER_RELOC,,11,7,5,,4.425284634681123,,,
WORKER_RELOC,,11,7,6,,5.05399641328659,,,
WORKER_RELOC,,11,7,7,,0.0,,,
WORKER_RELOC,,11,7,8,,2.384798311300263,,,
WORKER_RELOC,,11,7,9,,1.1997331146301042,,,
WORKER_RELOC,,11,7,10,,7.711752690179514,,,
WORKER_RELOC,,11,7,11,,4.2848275773682625,,,
WORKER_RELOC,,11,7,12,,3.936589371625302,,,
WORKER_RELOC,,11,7,13,,5.027356531504141,,,
WORKER_RELOC,,11,7,14,,4.902296196138421,,,
WORKER_RELOC,,11,7,15,,3.8019779324020284,,,
WORKER_RELOC,,11,7,16,,5.929325118806151,,,
WORKER_RELOC,,11,7,17,,6.558359673175323,,,
WORKER_RELOC,,11,8,0,,4.1450203542588095,,,
WORKER_RELOC,,11,8,1,,6.123111702956965,,,
WORKER_RELOC,,11,8,2,,7.02893771116414,,,
WORKER_RELOC,,11,8,3,,7.807627376271461,,,
WORKER_RELOC,,11,8,4,,4.471934800910128,,,
WORKER_RELOC,,11,8,5,,5.493210894291656,,,
WORKER_RELOC,,11,8,6,,6.124763027822384,,,
WORKER_RELOC,,11,8,7,,2.5124813188940185,,,
WORKER_RELOC,,11,8,8,,0.0,,,
WORKER_RELOC,,11,8,9,,1.9166469374054613,,,
WORKER_RELOC,,11,8,10,,5.956123426246645,,,
WORKER_RELOC,,11,8,11,,7.094652077078755,,,
WORKER_RELOC,,11,8,12,,6.549904698007623,,,
WORKER_RELOC,,11,8,13,,6.415140039763571,,,
WORKER_RELOC,,11,8,14,,7.310859505875318,,,
WORKER_RELOC,,11,8,15,,3.849766369498118,,,
WORKER_RELOC,,11,8,16,,7.196076203828548,,,
WORKER_RELOC,,11,8,17,,6.288210845676664,,,
WORKER_RELOC,,11,9,0,,5.502777244259391,,,
WORKER_RELOC,,11,9,1,,5.060044893652654,,,
WORKER_RELOC,,11,9,2,,7.883819585226795,,,
WORKER_RELOC,,11,9,3,,3.497189603971557,,,
WORKER_RELOC,,11,9,4,,6.719147143882569,,,
WORKER_RELOC,,11,9,5,,3.1445814026735075,,,
WORKER_RELOC,,11,9,6,,3.7696210900289193,,,
WORKER_RELOC,,11,9,7,,1.449672535923117,,,
WORKER_RELOC,,11,9,8,,1.3405045597890886,,,
WORKER_RELOC,,11,9,9,,0.0,,,
WORKER_RELOC,,11,9,10,,4.852930254930901,,,
WORKER_RELOC,,11,9,11,,7.116143034857887,,,
WORKER_RELOC,,11,9,12,,6.461264602323856,,,
WORKER_RELOC,,11,9,13,,7.686425048023331,,,
WORKER_RELOC,,11,9,14,,5.052867746695494,,,
WORKER_RELOC,,11,9,15,,4.1421790067281545,,,
WORKER_RELOC,,11,9,16,,7.84450764808646,,,
WORKER_RELOC,,11,9,17,,3.577591943127627,,,
WORKER_RELOC,,11,10,0,,3.5522339590036944,,,
WORKER_RELOC,,11,10,1,,7.816352615816077,,,
WORKER_RELOC,,11,10,2,,6.670602374385071,,,
WORKER_RELOC,,11,10,3,,3.330182115639906,,,
WORKER_RELOC,,11,10,4,,3.4728847328359675,,,
WORKER_RELOC,,11,10,5,,4.768885531284962,,,
WORKER_RELOC,,11,10,6,,5.093062662149771,,,
WORKER_RELOC,,11,10,7,,4.716270710255214,,,
WORKER_RELOC,,11,10,8,,7.712344217507417,,,
WORKER_RELOC,,11,10,9,,6.8579589867795105,,,
WORKER_RELOC,,11,10,10,,0.0,,,
WORKER_RELOC,,11,10,11,,1.7718490749349562,,,
WORKER_RELOC,,11,10,12,,1.2371565733542456,,,
WORKER_RELOC,,11,10,13,,3.694459690496366,,,
WORKER_RELOC,,11,10,14,,3.8158772113018893,,,
WORKER_RELOC,,11,10,15,,3.616925532143599,,,
WORKER_RELOC,,11,10,16,,4.454636401508348,,,
WORKER_RELOC,,11,10,17,,7.9754018742188535,,,
WORKER_RELOC,,11,11,0,,7.995188099883494,,,
WORKER_RELOC,,11,11,1,,3.6291811573555313,,,
WORKER_RELOC,,11,11,2,,5.19287988543514,,,
WORKER_RELOC,,11,11,3,,7.607212242720483,,,
WORKER_RELOC,,11,11,4,,6.8913258235486925,,,
WORKER_RELOC,,11,11,5,,4.2540364375980495,,,
WORKER_RELOC,,11,11,6,,4.664601161164435,,,
WORKER_RELOC,,11,11,7,,4.995934629924214,,,
WORKER_RELOC,,11,11,8,,3.6418966631918543,,,
WORKER_RELOC,,11,11,9,,3.39539267320462,,,
WORKER_RELOC,,11,11,10,,2.2541423731722086,,,
WORKER_RELOC,,11,11,11,,0.0,,,
WORKER_RELOC,,11,11,12,,2.2105687782578114,,,
WORKER_RELOC,,11,11,13,,7.064939537137292,,,
WORKER_RELOC,,11,11,14,,6.567604319710446,,,
WORKER_RELOC,,11,11,15,,3.1268305781043173,,,
WORKER_RELOC,,11,11,16,,3.618381003149124,,,
WORKER_RELOC,,11,11,17,,6.671074254111428,,,
WORKER_RELOC,,11,12,0,,6.03288003050274,,,
WORKER_RELOC,,11,12,1,,4.145023272200577,,,
WORKER_RELOC,,11,12,2,,3.0520900998850786,,,
WORKER_RELOC,,11,12,3,,3.619582323095403,,,
WORKER_RELOC,,11,12,4,,6.863173085019089,,,
WORKER_RELOC,,11,12,5,,7.233313595082235,,,
WORKER_RELOC,,11,12,6,,3.404140297207698,,,
WORKER_RELOC,,11,12,7,,4.163107518427927,,,
WORKER_RELOC,,11,12,8,,5.9823646402464075,,,
WORKER_RELOC,,11,12,9,,3.8126219936162933,,,
WORKER_RELOC,,11,12,10,,2.2404877054410104,,,
WORKER_RELOC,,11,12,11,,2.1474097527551805,,,
WORKER_RELOC,,11,12,12,,0.0,,,
WORKER_RELOC,,11,12,13,,5.404097655340591,,,
WORKER_RELOC,,11,12,14,,4.517357700386013,,,
WORKER_RELOC,,11,12,15,,6.725019253118026,,,
WORKER_RELOC,,11,12,16,,5.49803637635788,,,
WORKER_RELOC,,11,12,17,,3.8761845315461008,,,
WORKER_RELOC,,11,13,0,,7.30609923579014,,,
WORKER_RELOC,,11,13,1,,3.4973165815331986,,,
WORKER_RELOC,,11,13,2,,3.473180754378108,,,
WORKER_RELOC,,11,13,3,,3.6043270723794336,,,
WORKER_RELOC,,11,13,4,,5.207649986705224,,,
WORKER_RELOC,,11,13,5,,3.960686931998344,,,
WORKER_RELOC,,11,13,6,,5.317982922362603,,,
WORKER_RELOC,,11,13,7,,5.735484463396109,,,
WORKER_RELOC,,11,13,8,,4.39980589656745,,,
WORKER_RELOC,,11,13,9,,3.119062538120987,,,
WORKER_RELOC,,11,13,10,,3.0792698194364667,,,
WORKER_RELOC,,11,13,11,,7.643558796406177,,,
WORKER_RELOC,,11,13,12,,5.124620207264297,,,
WORKER_RELOC,,11,13,13,,0.0,,,
WORKER_RELOC,,11,13,14,,2.3532923422578795,,,
WORKER_RELOC,,11,13,15,,5.719411598714485,,,
WORKER_RELOC,,11,13,16,,7.925973424521396,,,
WORKER_RELOC,,11,13,17,,6.667643071502477,,,
WORKER_RELOC,,11,14,0,,3.47867898072337,,,
WORKER_RELOC,,11,14,1,,5.674440861127841,,,
WORKER_RELOC,,11,14,2,,3.0928883606828674,,,
WORKER_RELOC,,11,14,3,,5.129437869170316,,,
WORKER_RELOC,,11,14,4,,6.499124590724044,,,
WORKER_RELOC,,11,14,5,,3.955629918589392,,,
WORKER_RELOC,,11,14,6,,3.15603437739209,,,
WORKER_RELOC,,11,14,7,,3.421083270955192,,,
WORKER_RELOC,,11,14,8,,4.596240057984092,,,
WORKER_RELOC,,11,14,9,,6.210632190660892,,,
WORKER_RELOC,,11,14,10,,6.198661782759311,,,
WORKER_RELOC,,11,14,11,,3.958060482534524,,,
WORKER_RELOC,,11,14,12,,3.9757823772731724,,,
WORKER_RELOC,,11,14,13,,2.6821915361609108,,,
WORKER_RELOC,,11,14,14,,0.0,,,
WORKER_RELOC,,11,14,15,,4.429802290572623,,,
WORKER_RELOC,,11,14,16,,7.213322218949115,,,
WORKER_RELOC,,11,14,17,,4.429781620384369,,,
WORKER_RELOC,,11,15,0,,5.481024539461323,,,
WORKER_RELOC,,11,15,1,,6.976179709348456,,,
WORKER_RELOC,,11,15,2,,4.991951502191574,,,
WORKER_RELOC,,11,15,3,,4.437311109419904,,,
WORKER_RELOC,,11,15,4,,6.506131093718454,,,
WORKER_RELOC,,11,15,5,,5.917414841542708,,,
WORKER_RELOC,,11,15,6,,3.441434839750347,,,
WORKER_RELOC,,11,15,7,,3.082036297447799,,,
WORKER_RELOC,,11,15,8,,5.779532427261211,,,
WORKER_RELOC,,11,15,9,,4.342728323079591,,,
WORKER_RELOC,,11,15,10,,7.951454650640052,,,
WORKER_RELOC,,11,15,11,,3.7634850431506695,,,
WORKER_RELOC,,11,15,12,,4.683262816651457,,,
WORKER_RELOC,,11,15,13,,4.544836709840153,,,
WORKER_RELOC,,11,15,14,,5.781353033508944,,,
WORKER_RELOC,,11,15,15,,0.0,,,
WORKER_RELOC,,11,15,16,,2.6840338863338404,,,
WORKER_RELOC,,11,15,17,,1.2892871512005235,,,
WORKER_RELOC,,11,16,0,,5.161269979617485,,,
WORKER_RELOC,,11,16,1,,6.752447313232706,,,
WORKER_RELOC,,11,16,2,,4.347113890512518,,,
WORKER_RELOC,,11,16,3,,3.3226916338723522,,,
WORKER_RELOC,,11,16,4,,7.85794053605035,,,
WORKER_RELOC,,11,16,5,,3.1259649819722353,,,
WORKER_RELOC,,11,16,6,,6.887549050788997,,,
WORKER_RELOC,,11,16,7,,7.86305095783076,,,
WORKER_RELOC,,11,16,8,,7.601491166932179,,,
WORKER_RELOC,,11,16,9,,6.643919846776518,,,
WORKER_RELOC,,11,16,10,,4.068265692011142,,,
WORKER_RELOC,,11,16,11,,4.2375425803308895,,,
WORKER_RELOC,,11,16,12,,3.6001581028729133,,,
WORKER_RELOC,,11,16,13,,7.523514150041121,,,
WORKER_RELOC,,11,16,14,,5.293558001849183,,,
WORKER_RELOC,,11,16,15,,2.2864051312710525,,,
WORKER_RELOC,,11,16,16,,0.0,,,
WORKER_RELOC,,11,16,17,,1.09036160612081,,,
WORKER_RELOC,,11,17,0,,6.992298733340238,,,
WORKER_RELOC,,11,17,1,,7.42883161701092,,,
WORKER_RELOC,,11,17,2,,4.0247458131743015,,,
WORKER_RELOC,,11,17,3,,7.182631467401478,,,
WORKER_RELOC,,11,17,4,,5.691236289117568,,,
WORKER_RELOC,,11,17,5,,3.7769152358884046,,,
WORKER_RELOC,,11,17,6,,3.649847384381888,,,
WORKER_RELOC,,11,17,7,,4.571611488961858,,,
WORKER_RELOC,,11,17,8,,7.123224373582429,,,
WORKER_RELOC,,11,17,9,,6.66598496229982,,,
WORKER_RELOC,,11,17,10,,7.842086120218047,,,
WORKER_RELOC,,11,17,11,,4.376873061285817,,,
WORKER_RELOC,,11,17,12,,3.6718008489505047,,,
WORKER_RELOC,,11,17,13,,4.783795250622964,,,
WORKER_RELOC,,11,17,14,,5.519262431515143,,,
WORKER_RELOC,,11,17,15,,2.358852487190395,,,
WORKER_RELOC,,11,17,16,,2.2060827626220836,,,
WORKER_RELOC,,11,17,17,,0.0,,,
ROBOT_RELOC,,0,0,0,,0.0,,,
ROBOT_RELOC,,0,0,1,,2.048397409971197,,,
ROBOT_RELOC,,0,0,2,,6.292461144863564,,,
ROBOT_RELOC,,0,0,3,,5.510054206956282,,,
ROBOT_RELOC,,0,0,4,,3.7991810045122882,,,
ROBOT_RELOC,,0,0,5,,3.208065927988752,,,
ROBOT_RELOC,,0,0,6,,5.809708269972111,,,
ROBOT_RELOC,,0,0,7,,4.045035391648287,,,
ROBOT_RELOC,,0,0,8,,7.450198058462842,,,
ROBOT_RELOC,,0,0,9,,4.922894363043506,,,
ROBOT_RELOC,,0,0,10,,4.520457458764524,,,
ROBOT_RELOC,,0,0,11,,5.775619989635249,,,
ROBOT_RELOC,,0,0,12,,3.803427229401035,,,
ROBOT_RELOC,,0,0,13,,6.802033881679692,,,
ROBOT_RELOC,,0,0,14,,6.33579375316799,,,
ROBOT_RELOC,,0,0,15,,5.15034488613413,,,
ROBOT_RELOC,,0,0,16,,3.243053395918142,,,
ROBOT_RELOC,,0,0,17,,3.9192436589641066,,,
ROBOT_RELOC,,0,1,0,,1.6463411800239842,,,
ROBOT_RELOC,,0,1,1,,0.0,,,
ROBOT_RELOC,,0,1,2,,4.5097725090067815,,,
ROBOT_RELOC,,0,1,3,,5.621577421020077,,,
ROBOT_RELOC,,0,1,4,,6.075610018855833,,,
ROBOT_RELOC,,0,1,5,,7.640781600443381,,,
ROBOT_RELOC,,0,1,6,,5.3388443355146125,,,
ROBOT_RELOC,,0,1,7,,6.992374322007368,,,
ROBOT_RELOC,,0,1,8,,5.9341132942407295,,,
ROBOT_RELOC,,0,1,9,,6.019238150943874,,,
ROBOT_RELOC,,0,1,10,,6.600379908891041,,,
ROBOT_RELOC,,0,1,11,,6.436069457311831,,,
ROBOT_RELOC,,0,1,12,,6.262482881628367,,,
ROBOT_RELOC,,0,1,13,,3.954071592327679,,,
ROBOT_RELOC,,0,1,14,,6.761743781311443,,,
ROBOT_RELOC,,0,1,15,,4.579428936027348,,,
ROBOT_RELOC,,0,1,16,,6.554343758597529,,,
ROBOT_RELOC,,0,1,17,,7.48015599084044,,,
ROBOT_RELOC,,0,2,0,,5.871736643818981,,,
ROBOT_RELOC,,0,2,1,,7.941450339354618,,,
ROBOT_RELOC,,0,2,2,,0.0,,,
ROBOT_RELOC,,0,2,3,,3.5600341328444793,,,
ROBOT_RELOC,,0,2,4,,3.6726088190078334,,,
ROBOT_RELOC,,0,2,5,,3.1217696113051883,,,
ROBOT_RELOC,,0,2,6,,3.1864562825095506,,,
ROBOT_RELOC,,0,2,7,,4.2959379779075295,,,
ROBOT_RELOC,,0,2,8,,6.578361954516812,,,
ROBOT_RELOC,,0,2,9,,3.5220212424220882,,,
ROBOT_RELOC,,0,2,10,,3.144690646672128,,,
ROBOT_RELOC,,0,2,11,,3.6383838538032354,,,
ROBOT_RELOC,,0,2,12,,6.672692935673624,,,
ROBOT_RELOC,,0,2,13,,4.988739124324188,,,
ROBOT_RELOC,,0,2,14,,5.2902521595468714,,,
ROBOT_RELOC,,0,2,15,,7.269877297961336,,,
ROBOT_RELOC,,0,2,16,,5.834817235931844,,,
ROBOT_RELOC,,0,2,17,,5.798597728534462,,,
ROBOT_RELOC,,0,3,0,,7.525127959120119,,,
ROBOT_RELOC,,0,3,1,,6.687995498396259,,,
ROBOT_RELOC,,0,3,2,,4.386247231425536,,,
ROBOT_RELOC,,0,3,3,,0.0,,,
ROBOT_RELOC,,0,3,4,,2.3956464322667594,,,
ROBOT_RELOC,,0,3,5,,1.4764894241263826,,,
ROBOT_RELOC,,0,3,6,,6.928336178314684,,,
ROBOT_RELOC,,0,3,7,,4.759285385397813,,,
ROBOT_RELOC,,0,3,8,,7.098607316438185,,,
ROBOT_RELOC,,0,3,9,,5.922932215534566,,,
ROBOT_RELOC,,0,3,10,,6.990768735659107,,,
ROBOT_RELOC,,0,3,11,,4.044033000053957,,,
ROBOT_RELOC,,0,3,12,,3.890249154211701,,,
ROBOT_RELOC,,0,3,13,,4.697124761419041,,,
ROBOT_RELOC,,0,3,14,,6.9477310870778615,,,
ROBOT_RELOC,,0,3,15,,7.42441081415729,,,
ROBOT_RELOC,,0,3,16,,5.163728657411062,,,
ROBOT_RELOC,,0,3,17,,6.334791700275369,,,
ROBOT_RELOC,,0,4,0,,4.969475669446972,,,
ROBOT_RELOC,,0,4,1,,7.190686694488177,,,
ROBOT_RELOC,,0,4,2,,6.367947844986531,,,
ROBOT_RELOC,,0,4,3,,2.91525018032962,,,
ROBOT_RELOC,,0,4,4,,0.0,,,
ROBOT_RELOC,,0,4,5,,2.398755860499187,,,
ROBOT_RELOC,,0,4,6,,6.162405053110479,,,
ROBOT_RELOC,,0,4,7,,3.6811155633617623,,,
ROBOT_RELOC,,0,4,8,,5.678083782248722,,,
ROBOT_RELOC,,0,4,9,,7.982803728766455,,,
ROBOT_RELOC,,0,4,10,,3.9010183165661063,,,
ROBOT_RELOC,,0,4,11,,4.47155834766288,,,
ROBOT_RELOC,,0,4,12,,5.732543568451287,,,
ROBOT_RELOC,,0,4,13,,5.7800973766241945,,,
ROBOT_RELOC,,0,4,14,,4.489775278168976,,,
ROBOT_RELOC,,0,4,15,,6.797994606752551,,,
ROBOT_RELOC,,0,4,16,,7.211885708914519,,,
ROBOT_RELOC,,0,4,17,,6.692028846172647,,,
ROBOT_RELOC,,0,5,0,,5.597122373321821,,,
ROBOT_RELOC,,0,5,1,,4.98810513757862,,,
ROBOT_RELOC,,0,5,2,,5.69502568477645,,,
ROBOT_RELOC,,0,5,3,,2.089722227462863,,,
ROBOT_RELOC,,0,5,4,,2.258225075577424,,,
ROBOT_RELOC,,0,5,5,,0.0,,,
ROBOT_RELOC,,0,5,6,,7.4904101520308854,,,
ROBOT_RELOC,,0,5,7,,5.599504145655819,,,
ROBOT_RELOC,,0,5,8,,7.716232054778078,,,
ROBOT_RELOC,,0,5,9,,4.078031764964549,,,
ROBOT_RELOC,,0,5,10,,3.1469187372290834,,,
ROBOT_RELOC,,0,5,11,,3.362796902418425,,,
ROBOT_RELOC,,0,5,12,,7.195792157385536,,,
ROBOT_RELOC,,0,5,13,,4.343228415727328,,,
ROBOT_RELOC,,0,5,14,,6.056784997538632,,,
ROBOT_RELOC,,0,5,15,,5.931389046406677,,,
ROBOT_RELOC,,0,5,16,,7.177933036050999,,,
ROBOT_RELOC,,0,5,17,,6.82071645109294,,,
ROBOT_RELOC,,0,6,0,,6.919800107281469,,,
ROBOT_RELOC,,0,6,1,,6.6889188751525435,,,
ROBOT_RELOC,,0,6,2,,4.922758868008927,,,
ROBOT_RELOC,,0,6,3,,6.732634021785106,,,
ROBOT_RELOC,,0,6,4,,3.4164991459583427,,,
ROBOT_RELOC,,0,6,5,,4.643764513529078,,,
ROBOT_RELOC,,0,6,6,,0.0,,,
ROBOT_RELOC,,0,6,7,,4.458836315113784,,,
ROBOT_RELOC,,0,6,8,,3.5939037596103462,,,
ROBOT_RELOC,,0,6,9,,4.828246376449975,,,
ROBOT_RELOC,,0,6,10,,3.268475653337484,,,
ROBOT_RELOC,,0,6,11,,4.346963784006825,,,
ROBOT_RELOC,,0,6,12,,5.380827480725623,,,
ROBOT_RELOC,,0,6,13,,5.646480183861256,,,
ROBOT_RELOC,,0,6,14,,4.6454375817541536,,,
ROBOT_RELOC,,0,6,15,,5.615395764630289,,,
ROBOT_RELOC,,0,6,16,,4.915042300296,,,
ROBOT_RELOC,,0,6,17,,3.6794776783602936,,,
ROBOT_RELOC,,0,7,0,,5.9326996328664485,,,
ROBOT_RELOC,,0,7,1,,6.178466539685148,,,
ROBOT_RELOC,,0,7,2,,5.059329673866383,,,
ROBOT_RELOC,,0,7,3,,7.167264799762835,,,
ROBOT_RELOC,,0,7,4,,3.1453896651203967,,,
ROBOT_RELOC,,0,7,5,,6.981503450124743,,,
ROBOT_RELOC,,0,7,6,,4.844612792512996,,,
ROBOT_RELOC,,0,7,7,,0.0,,,
ROBOT_RELOC,,0,7,8,,1.0453754832605802,,,
ROBOT_RELOC,,0,7,9,,1.6958799989131599,,,
ROBOT_RELOC,,0,7,10,,6.49610251880342,,,
ROBOT_RELOC,,0,7,11,,5.413095941525473,,,
ROBOT_RELOC,,0,7,12,,3.9363376576692155,,,
ROBOT_RELOC,,0,7,13,,4.143799467328135,,,
ROBOT_RELOC,,0,7,14,,7.530787723033046,,,
ROBOT_RELOC,,0,7,15,,3.4329553906577055,,,
ROBOT_RELOC,,0,7,16,,7.7938996554187225,,,
ROBOT_RELOC,,0,7,17,,6.16779700099589,,,
ROBOT_RELOC,,0,8,0,,6.267444459290056,,,
ROBOT_RELOC,,0,8,1,,6.722634640332858,,,
ROBOT_RELOC,,0,8,2,,7.461273332643382,,,
ROBOT_RELOC,,0,8,3,,6.240075261083157,,,
ROBOT_RELOC,,0,8,4,,6.835034424106946,,,
ROBOT_RELOC,,0,8,5,,6.1815731479488845,,,
ROBOT_RELOC,,0,8,6,,5.072280000999891,,,
ROBOT_RELOC,,0,8,7,,2.278639146055914,,,
ROBOT_RELOC,,0,8,8,,0.0,,,
ROBOT_RELOC,,0,8,9,,2.229761413720525,,,
ROBOT_RELOC,,0,8,10,,4.34922033271069,,,
ROBOT_RELOC,,0,8,11,,7.699081035696719,,,
ROBOT_RELOC,,0,8,12,,6.7873107900728575,,,
ROBOT_RELOC,,0,8,13,,3.7693604080090424,,,
ROBOT_RELOC,,0,8,14,,3.6690151950216623,,,
ROBOT_RELOC,,0,8,15,,6.420495657243314,,,
ROBOT_RELOC,,0,8,16,,3.750605857926943,,,
ROBOT_RELOC,,0,8,17,,6.541054571717323,,,
ROBOT_RELOC,,0,9,0,,4.247439164138235,,,
ROBOT_RELOC,,0,9,1,,5.2482327018960575,,,
ROBOT_RELOC,,0,9,2,,5.5785723170287955,,,
ROBOT_RELOC,,0,9,3,,3.2506317131585694,,,
ROBOT_RELOC,,0,9,4,,7.375188017972148,,,
ROBOT_RELOC,,0,9,5,,3.851520226468448,,,
ROBOT_RELOC,,0,9,6,,6.972890870376981,,,
ROBOT_RELOC,,0,9,7,,2.2222632610987088,,,
ROBOT_RELOC,,0,9,8,,1.195671505898754,,,
ROBOT_RELOC,,0,9,9,,0.0,,,
ROBOT_RELOC,,0,9,10,,3.353242049069529,,,
ROBOT_RELOC,,0,9,11,,6.9418704943658165,,,
ROBOT_RELOC,,0,9,12,,5.649744382407085,,,
ROBOT_RELOC,,0,9,13,,4.9566643274612545,,,
ROBOT_RELOC,,0,9,14,,7.468346392692676,,,
ROBOT_RELOC,,0,9,15,,3.334481777039561,,,
ROBOT_RELOC,,0,9,16,,3.565175255993406,,,
ROBOT_RELOC,,0,9,17,,5.246901934765592,,,
ROBOT_RELOC,,0,10,0,,4.441701799470316,,,
ROBOT_RELOC,,0,10,1,,4.795260861221523,,,
ROBOT_RELOC,,0,10,2,,4.504276528307768,,,
ROBOT_RELOC,,0,10,3,,6.101145987930189,,,
ROBOT_RELOC,,0,10,4,,6.554408206094842,,,
ROBOT_RELOC,,0,10,5,,7.312076914064923,,,
ROBOT_RELOC,,0,10,6,,5.019668961754293,,,
ROBOT_RELOC,,0,10,7,,3.2730726832666273,,,
ROBOT_RELOC,,0,10,8,,3.2236448425335222,,,
ROBOT_RELOC,,0,10,9,,4.123293577755593,,,
ROBOT_RELOC,,0,10,10,,0.0,,,
ROBOT_RELOC,,0,10,11,,2.1448638577054098,,,
ROBOT_RELOC,,0,10,12,,1.5790434263972115,,,
ROBOT_RELOC,,0,10,13,,5.399260682895198,,,
ROBOT_RELOC,,0,10,14,,4.580623195690372,,,
ROBOT_RELOC,,0,10,15,,3.2808738639169217,,,
ROBOT_RELOC,,0,10,16,,5.921808535483225,,,
ROBOT_RELOC,,0,10,17,,3.701203916239528,,,
ROBOT_RELOC,,0,11,0,,4.961833970430659,,,
ROBOT_RELOC,,0,11,1,,7.561971676534412,,,
ROBOT_RELOC,,0,11,2,,7.848647365677849,,,
ROBOT_RELOC,,0,11,3,,6.508855371909839,,,
ROBOT_RELOC,,0,11,4,,3.6049064070373773,,,
ROBOT_RELOC,,0,11,5,,5.113629825725092,,,
ROBOT_RELOC,,0,11,6,,4.5870389841869486,,,
ROBOT_RELOC,,0,11,7,,3.1923952629892534,,,
ROBOT_RELOC,,0,11,8,,5.450749449141292,,,
ROBOT_RELOC,,0,11,9,,5.727496812815346,,,
ROBOT_RELOC,,0,11,10,,2.5070660372466866,,,
ROBOT_RELOC,,0,11,11,,0.0,,,
ROBOT_RELOC,,0,11,12,,2.7597207451371357,,,
ROBOT_RELOC,,0,11,13,,6.068863757879466,,,
ROBOT_RELOC,,0,11,14,,5.183553700203243,,,
ROBOT_RELOC,,0,11,15,,3.6065573316820325,,,
ROBOT_RELOC,,0,11,16,,4.677590771876601,,,
ROBOT_RELOC,,0,11,17,,4.50192357044427,,,
ROBOT_RELOC,,0,12,0,,4.197848641810777,,,
ROBOT_RELOC,,0,12,1,,3.823044309018361,,,
ROBOT_RELOC,,0,12,2,,4.164308696239081,,,
ROBOT_RELOC,,0,12,3,,4.812858962904853,,,
ROBOT_RELOC,,0,12,4,,3.081801049153179,,,
ROBOT_RELOC,,0,12,5,,7.983810265254465,,,
ROBOT_RELOC,,0,12,6,,4.870631579968585,,,
ROBOT_RELOC,,0,12,7,,6.313195346806746,,,
ROBOT_RELOC,,0,12,8,,3.487877170933518,,,
ROBOT_RELOC,,0,12,9,,6.847596827399826,,,
ROBOT_RELOC,,0,12,10,,1.6288128458882378,,,
ROBOT_RELOC,,0,12,11,,1.9862104088098265,,,
ROBOT_RELOC,,0,12,12,,0.0,,,
ROBOT_RELOC,,0,12,13,,7.794041768215794,,,
ROBOT_RELOC,,0,12,14,,4.340187050964703,,,
ROBOT_RELOC,,0,12,15,,4.484632736122839,,,
ROBOT_RELOC,,0,12,16,,6.045097496911131,,,
ROBOT_RELOC,,0,12,17,,4.520730514144473,,,
ROBOT_RELOC,,0,13,0,,4.003435897452363,,,
ROBOT_RELOC,,0,13,1,,6.931734273028134,,,
ROBOT_RELOC,,0,13,2,,5.928865483289725,,,
ROBOT_RELOC,,0,13,3,,6.398406281391724,,,
ROBOT_RELOC,,0,13,4,,4.9016166292447245,,,
ROBOT_RELOC,,0,13,5,,6.073053562161966,,,
ROBOT_RELOC,,0,13,6,,3.162674416548303,,,
ROBOT_RELOC,,0,13,7,,7.425583738227939,,,
ROBOT_RELOC,,0,13,8,,3.6171167765582792,,,
ROBOT_RELOC,,0,13,9,,3.6363968592082943,,,
ROBOT_RELOC,,0,13,10,,7.6188702538790665,,,
ROBOT_RELOC,,0,13,11,,5.477745290785347,,,
ROBOT_RELOC,,0,13,12,,6.936272555244554,,,
ROBOT_RELOC,,0,13,13,,0.0,,,
ROBOT_RELOC,,0,13,14,,1.456384784125592,,,
ROBOT_RELOC,,0,13,15,,4.290338169692655,,,
ROBOT_RELOC,,0,13,16,,4.188977774965941,,,
ROBOT_RELOC,,0,13,17,,6.747518698471778,,,
ROBOT_RELOC,,0,14,0,,7.666227499876597,,,
ROBOT_RELOC,,0,14,1,,4.2605445945674125,,,
ROBOT_RELOC,,0,14,2,,6.747378306765708,,,
ROBOT_RELOC,,0,14,3,,6.646102991429347,,,
ROBOT_RELOC,,0,14,4,,4.433832091023913,,,
ROBOT_RELOC,,0,14,5,,5.6634737283467,,,
ROBOT_RELOC,,0,14,6,,7.845103303349939,,,
ROBOT_RELOC,,0,14,7,,6.390113938554942,,,
ROBOT_RELOC,,0,14,8,,6.121006869729079,,,
ROBOT_RELOC,,0,14,9,,5.91292666744821,,,
ROBOT_RELOC,,0,14,10,,7.755437770729232,,,
ROBOT_RELOC,,0,14,11,,4.541408522949784,,,
ROBOT_RELOC,,0,14,12,,5.6861581410921955,,,
ROBOT_RELOC,,0,14,13,,2.8495763301100063,,,
ROBOT_RELOC,,0,14,14,,0.0,,,
ROBOT_RELOC,,0,14,15,,4.4441555155651375,,,
ROBOT_RELOC,,0,14,16,,7.889270761990069,,,
ROBOT_RELOC,,0,14,17,,5.059843332789139,,,
ROBOT_RELOC,,0,15,0,,7.01000919066814,,,
ROBOT_RELOC,,0,15,1,,4.436353906187495,,,
ROBOT_RELOC,,0,15,2,,3.4218933233146616,,,
ROBOT_RELOC,,0,15,3,,5.7105248217037765,,,
ROBOT_RELOC,,0,15,4,,7.054112406899229,,,
ROBOT_RELOC,,0,15,5,,6.807812288721044,,,
ROBOT_RELOC,,0,15,6,,7.2762743353351915,,,
ROBOT_RELOC,,0,15,7,,6.403324617573267,,,
ROBOT_RELOC,,0,15,8,,4.222742560118704,,,
ROBOT_RELOC,,0,15,9,,7.802177088713616,,,
ROBOT_RELOC,,0,15,10,,5.393756532017008,,,
ROBOT_RELOC,,0,15,11,,4.761337352643464,,,
ROBOT_RELOC,,0,15,12,,4.82091081179108,,,
ROBOT_RELOC,,0,15,13,,3.508084918627731,,,
ROBOT_RELOC,,0,15,14,,4.982376616407722,,,
ROBOT_RELOC,,0,15,15,,0.0,,,
ROBOT_RELOC,,0,15,16,,1.8608288794630603,,,
ROBOT_RELOC,,0,15,17,,2.544194075769249,,,
ROBOT_RELOC,,0,16,0,,7.212771827164376,,,
ROBOT_RELOC,,0,16,1,,4.059711261814758,,,
ROBOT_RELOC,,0,16,2,,4.442502450591829,,,
ROBOT_RELOC,,0,16,3,,3.515396988456523,,,
ROBOT_RELOC,,0,16,4,,4.579480417156724,,,
ROBOT_RELOC,,0,16,5,,3.817129003406037,,,
ROBOT_RELOC,,0,16,6,,4.500320810103718,,,
ROBOT_RELOC,,0,16,7,,4.532915581363198,,,
ROBOT_RELOC,,0,16,8,,5.081678985255521,,,
ROBOT_RELOC,,0,16,9,,4.866685275145921,,,
ROBOT_RELOC,,0,16,10,,3.040084888293699,,,
ROBOT_RELOC,,0,16,11,,6.189654108121198,,,
ROBOT_RELOC,,0,16,12,,7.216615708629384,,,
ROBOT_RELOC,,0,16,13,,6.198832621449943,,,
ROBOT_RELOC,,0,16,14,,7.1151655611137,,,
ROBOT_RELOC,,0,16,15,,1.795760073138146,,,
ROBOT_RELOC,,0,16,16,,0.0,,,
ROBOT_RELOC,,0,16,17,,2.7755408511654505,,,
ROBOT_RELOC,,0,17,0,,3.9187640722789947,,,
ROBOT_RELOC,,0,17,1,,7.662874998910518,,,
ROBOT_RELOC,,0,17,2,,5.474772921412324,,,
ROBOT_RELOC,,0,17,3,,6.202772467908242,,,
ROBOT_RELOC,,0,17,4,,6.580653524773375,,,
ROBOT_RELOC,,0,17,5,,7.641519194102115,,,
ROBOT_RELOC,,0,17,6,,4.937565806495044,,,
ROBOT_RELOC,,0,17,7,,6.5049138339881765,,,
ROBOT_RELOC,,0,17,8,,6.24813238378314,,,
ROBOT_RELOC,,0,17,9,,5.173676958397637,,,
ROBOT_RELOC,,0,17,10,,6.492493288983631,,,
ROBOT_RELOC,,0,17,11,,5.749652045589054,,,
ROBOT_RELOC,,0,17,12,,5.860927282354896,,,
ROBOT_RELOC,,0,17,13,,6.7131976087363325,,,
ROBOT_RELOC,,0,17,14,,4.662577176486412,,,
ROBOT_RELOC,,0,17,15,,2.965300279109093,,,
ROBOT_RELOC,,0,17,16,,2.0201060140612555,,,
ROBOT_RELOC,,0,17,17,,0.0,,,
ROBOT_RELOC,,1,0,0,,0.0,,,
ROBOT_RELOC,,1,0,1,,2.726085409349153,,,
ROBOT_RELOC,,1,0,2,,5.649520516984026,,,
ROBOT_RELOC,,1,0,3,,4.432252058895752,,,
ROBOT_RELOC,,1,0,4,,4.031590349300944,,,
ROBOT_RELOC,,1,0,5,,5.41282679019064,,,
ROBOT_RELOC,,1,0,6,,7.534539484374554,,,
ROBOT_RELOC,,1,0,7,,3.3428647244155836,,,
ROBOT_RELOC,,1,0,8,,7.504622993943409,,,
ROBOT_RELOC,,1,0,9,,6.15182756129486,,,
ROBOT_RELOC,,1,0,10,,7.398559207249143,,,
ROBOT_RELOC,,1,0,11,,6.101550457445457,,,
ROBOT_RELOC,,1,0,12,,7.089503315119391,,,
ROBOT_RELOC,,1,0,13,,7.512201940679149,,,
ROBOT_RELOC,,1,0,14,,3.2396881498723302,,,
ROBOT_RELOC,,1,0,15,,6.316573657157926,,,
ROBOT_RELOC,,1,0,16,,7.919243000435143,,,
ROBOT_RELOC,,1,0,17,,4.505130955690077,,,
ROBOT_RELOC,,1,1,0,,2.6277465027627502,,,
ROBOT_RELOC,,1,1,1,,0.0,,,
ROBOT_RELOC,,1,1,2,,7.443933182056688,,,
ROBOT_RELOC,,1,1,3,,4.3162302857684995,,,
ROBOT_RELOC,,1,1,4,,6.098713230792697,,,
ROBOT_RELOC,,1,1,5,,5.904715529785397,,,
ROBOT_RELOC,,1,1,6,,5.186529306027602,,,
ROBOT_RELOC,,1,1,7,,7.234468660270808,,,
ROBOT_RELOC,,1,1,8,,4.304400303107154,,,
ROBOT_RELOC,,1,1,9,,4.23603622794789,,,
ROBOT_RELOC,,1,1,10,,7.218415412011821,,,
ROBOT_RELOC,,1,1,11,,4.6765618235430315,,,
ROBOT_RELOC,,1,1,12,,7.905596552997183,,,
ROBOT_RELOC,,1,1,13,,3.588490905558508,,,
ROBOT_RELOC,,1,1,14,,3.0868112110143815,,,
ROBOT_RELOC,,1,1,15,,6.689680574857074,,,
ROBOT_RELOC,,1,1,16,,6.949683588796116,,,
ROBOT_RELOC,,1,1,17,,5.428104581714994,,,
ROBOT_RELOC,,1,2,0,,5.521114519090341,,,
ROBOT_RELOC,,1,2,1,,3.3852915065821314,,,
ROBOT_RELOC,,1,2,2,,0.0,,,
ROBOT_RELOC,,1,2,3,,6.363561597537845,,,
ROBOT_RELOC,,1,2,4,,3.5269982361762255,,,
ROBOT_RELOC,,1,2,5,,6.748962992874377,,,
ROBOT_RELOC,,1,2,6,,5.907146437359597,,,
ROBOT_RELOC,,1,2,7,,5.621304317577357,,,
ROBOT_RELOC,,1,2,8,,4.213067851083375,,,
ROBOT_RELOC,,1,2,9,,7.239024969023747,,,
ROBOT_RELOC,,1,2,10,,3.0305218215849896,,,
ROBOT_RELOC,,1,2,11,,4.350157516576395,,,
ROBOT_RELOC,,1,2,12,,7.716938870673502,,,
ROBOT_RELOC,,1,2,13,,5.780229688970748,,,
ROBOT_RELOC,,1,2,14,,3.245744797346621,,,
ROBOT_RELOC,,1,2,15,,3.26407558341285,,,
ROBOT_RELOC,,1,2,16,,7.336158938716138,,,
ROBOT_RELOC,,1,2,17,,5.836296807279513,,,
ROBOT_RELOC,,1,3,0,,7.607375131523533,,,
ROBOT_RELOC,,1,3,1,,7.924800004644948,,,
ROBOT_RELOC,,1,3,2,,6.1260259283092795,,,
ROBOT_RELOC,,1,3,3,,0.0,,,
ROBOT_RELOC,,1,3,4,,2.356257688133941,,,
ROBOT_RELOC,,1,3,5,,1.3861392104374823,,,
ROBOT_RELOC,,1,3,6,,6.362199177400834,,,
ROBOT_RELOC,,1,3,7,,6.228159470406029,,,
ROBOT_RELOC,,1,3,8,,5.041570912828652,,,
ROBOT_RELOC,,1,3,9,,6.218218113924975,,,
ROBOT_RELOC,,1,3,10,,6.089378717993709,,,
ROBOT_RELOC,,1,3,11,,5.177405002062252,,,
ROBOT_RELOC,,1,3,12,,4.006567025596054,,,
ROBOT_RELOC,,1,3,13,,5.474553931475281,,,
ROBOT_RELOC,,1,3,14,,3.5813875717702772,,,
ROBOT_RELOC,,1,3,15,,3.910977376477268,,,
ROBOT_RELOC,,1,3,16,,5.909095557609772,,,
ROBOT_RELOC,,1,3,17,,3.320141355459968,,,
ROBOT_RELOC,,1,4,0,,5.422113432747441,,,
ROBOT_RELOC,,1,4,1,,4.277416502391511,,,
ROBOT_RELOC,,1,4,2,,3.14336903627447,,,
ROBOT_RELOC,,1,4,3,,2.833269653780576,,,
ROBOT_RELOC,,1,4,4,,0.0,,,
ROBOT_RELOC,,1,4,5,,1.701089568852802,,,
ROBOT_RELOC,,1,4,6,,4.6820191201554175,,,
ROBOT_RELOC,,1,4,7,,7.7412121245291425,,,
ROBOT_RELOC,,1,4,8,,4.172948390886313,,,
ROBOT_RELOC,,1,4,9,,4.832959183963421,,,
ROBOT_RELOC,,1,4,10,,4.99065727289216,,,
ROBOT_RELOC,,1,4,11,,7.47337882185095,,,
ROBOT_RELOC,,1,4,12,,5.5845661663721184,,,
ROBOT_RELOC,,1,4,13,,5.10237808927154,,,
ROBOT_RELOC,,1,4,14,,3.994947176743847,,,
ROBOT_RELOC,,1,4,15,,4.628361173945281,,,
ROBOT_RELOC,,1,4,16,,6.0032916999366615,,,
ROBOT_RELOC,,1,4,17,,5.346269643073533,,,
ROBOT_RELOC,,1,5,0,,4.475955333883302,,,
ROBOT_RELOC,,1,5,1,,4.899607090334135,,,
ROBOT_RELOC,,1,5,2,,4.145118358166669,,,
ROBOT_RELOC,,1,5,3,,1.9693518360535558,,,
ROBOT_RELOC,,1,5,4,,1.9414277777663127,,,
ROBOT_RELOC,,1,5,5,,0.0,,,
ROBOT_RELOC,,1,5,6,,6.425506998017891,,,
ROBOT_RELOC,,1,5,7,,7.953503346696792,,,
ROBOT_RELOC,,1,5,8,,7.615575578618449,,,
ROBOT_RELOC,,1,5,9,,5.792217092263087,,,
ROBOT_RELOC,,1,5,10,,6.087764771841213,,,
ROBOT_RELOC,,1,5,11,,3.1566002518984226,,,
ROBOT_RELOC,,1,5,12,,4.288158964544343,,,
ROBOT_RELOC,,1,5,13,,7.861892979720484,,,
ROBOT_RELOC,,1,5,14,,6.724050051707046,,,
ROBOT_RELOC,,1,5,15,,4.507456559223719,,,
ROBOT_RELOC,,1,5,16,,6.54306371179166,,,
ROBOT_RELOC,,1,5,17,,6.60157039650183,,,
ROBOT_RELOC,,1,6,0,,5.852960516434208,,,
ROBOT_RELOC,,1,6,1,,3.818615187232352,,,
ROBOT_RELOC,,1,6,2,,4.052038061364159,,,
ROBOT_RELOC,,1,6,3,,3.4030078057499282,,,
ROBOT_RELOC,,1,6,4,,5.696764950190633,,,
ROBOT_RELOC,,1,6,5,,5.208479161997903,,,
ROBOT_RELOC,,1,6,6,,0.0,,,
ROBOT_RELOC,,1,6,7,,3.4156726248514397,,,
ROBOT_RELOC,,1,6,8,,3.6499385849660126,,,
ROBOT_RELOC,,1,6,9,,3.4932773849797307,,,
ROBOT_RELOC,,1,6,10,,3.8580349623720562,,,
ROBOT_RELOC,,1,6,11,,3.4231140142523553,,,
ROBOT_RELOC,,1,6,12,,5.248797372863388,,,
ROBOT_RELOC,,1,6,13,,5.885248196934316,,,
ROBOT_RELOC,,1,6,14,,6.22895052711846,,,
ROBOT_RELOC,,1,6,15,,3.8854984773258074,,,
ROBOT_RELOC,,1,6,16,,6.951082768591781,,,
ROBOT_RELOC,,1,6,17,,5.665342433221095,,,
ROBOT_RELOC,,1,7,0,,6.481879600162976,,,
ROBOT_RELOC,,1,7,1,,6.558668124324401,,,
ROBOT_RELOC,,1,7,2,,3.5090204950000827,,,
ROBOT_RELOC,,1,7,3,,7.612810979746992,,,
ROBOT_RELOC,,1,7,4,,5.909530354336171,,,
ROBOT_RELOC,,1,7,5,,4.172493821081278,,,
ROBOT_RELOC,,1,7,6,,3.1262167727755092,,,
ROBOT_RELOC,,1,7,7,,0.0,,,
ROBOT_RELOC,,1,7,8,,1.9111349069034598,,,
ROBOT_RELOC,,1,7,9,,1.1812627084908058,,,
ROBOT_RELOC,,1,7,10,,4.166759702820926,,,
ROBOT_RELOC,,1,7,11,,7.406554123035521,,,
ROBOT_RELOC,,1,7,12,,6.943622117034102,,,
ROBOT_RELOC,,1,7,13,,7.238535165448072,,,
ROBOT_RELOC,,1,7,14,,3.925682674039599,,,
ROBOT_RELOC,,1,7,15,,3.68427258004086,,,
ROBOT_RELOC,,1,7,16,,4.44860808789348,,,
ROBOT_RELOC,,1,7,17,,7.772918180371345,,,
ROBOT_RELOC,,1,8,0,,3.9248528690431668,,,
ROBOT_RELOC,,1,8,1,,5.084366146037657,,,
ROBOT_RELOC,,1,8,2,,4.420785606751469,,,
ROBOT_RELOC,,1,8,3,,4.122918390161074,,,
ROBOT_RELOC,,1,8,4,,7.313756652145345,,,
ROBOT_RELOC,,1,8,5,,7.183184593502121,,,
ROBOT_RELOC,,1,8,6,,3.2447996718679923,,,
ROBOT_RELOC,,1,8,7,,1.9960391406186433,,,
ROBOT_RELOC,,1,8,8,,0.0,,,
ROBOT_RELOC,,1,8,9,,2.2169593640882432,,,
ROBOT_RELOC,,1,8,10,,5.53868616027258,,,
ROBOT_RELOC,,1,8,11,,4.124677589722791,,,
ROBOT_RELOC,,1,8,12,,7.772865717120879,,,
ROBOT_RELOC,,1,8,13,,5.448603839008638,,,
ROBOT_RELOC,,1,8,14,,6.464880784145552,,,
ROBOT_RELOC,,1,8,15,,4.043353893685732,,,
ROBOT_RELOC,,1,8,16,,4.716515670510127,,,
ROBOT_RELOC,,1,8,17,,3.117169487954616,,,
ROBOT_RELOC,,1,9,0,,3.078651890751373,,,
ROBOT_RELOC,,1,9,1,,4.824523172649814,,,
ROBOT_RELOC,,1,9,2,,3.586619277080684,,,
ROBOT_RELOC,,1,9,3,,4.627528255065801,,,
ROBOT_RELOC,,1,9,4,,6.834398963875431,,,
ROBOT_RELOC,,1,9,5,,3.8432647073338035,,,
ROBOT_RELOC,,1,9,6,,5.366779026872766,,,
ROBOT_RELOC,,1,9,7,,2.8259962614717535,,,
ROBOT_RELOC,,1,9,8,,1.8340188300831826,,,
ROBOT_RELOC,,1,9,9,,0.0,,,
ROBOT_RELOC,,1,9,10,,7.126715667487471,,,
ROBOT_RELOC,,1,9,11,,3.602543942163834,,,
ROBOT_RELOC,,1,9,12,,6.266317898125601,,,
ROBOT_RELOC,,1,9,13,,3.002403774499321,,,
ROBOT_RELOC,,1,9,14,,4.091070718989533,,,
ROBOT_RELOC,,1,9,15,,6.428014433760149,,,
ROBOT_RELOC,,1,9,16,,5.865141480291985,,,
ROBOT_RELOC,,1,9,17,,3.699018649356482,,,
ROBOT_RELOC,,1,10,0,,4.47304354168767,,,
ROBOT_RELOC,,1,10,1,,3.025049542235609,,,
ROBOT_RELOC,,1,10,2,,5.230789786538146,,,
ROBOT_RELOC,,1,10,3,,6.141580976564341,,,
ROBOT_RELOC,,1,10,4,,6.514298504081774,,,
ROBOT_RELOC,,1,10,5,,5.567811671935975,,,
ROBOT_RELOC,,1,10,6,,5.746487947401912,,,
ROBOT_RELOC,,1,10,7,,5.441843236801839,,,
ROBOT_RELOC,,1,10,8,,5.817609415839815,,,
ROBOT_RELOC,,1,10,9,,4.7074285986015285,,,
ROBOT_RELOC,,1,10,10,,0.0,,,
ROBOT_RELOC,,1,10,11,,2.3772577561704678,,,
ROBOT_RELOC,,1,10,12,,2.7006511716739308,,,
ROBOT_RELOC,,1,10,13,,5.311682458814506,,,
ROBOT_RELOC,,1,10,14,,5.486498977679284,,,
ROBOT_RELOC,,1,10,15,,4.873942674373215,,,
ROBOT_RELOC,,1,10,16,,7.042853730744705,,,
ROBOT_RELOC,,1,10,17,,7.965922570030649,,,
ROBOT_RELOC,,1,11,0,,7.502860687616782,,,
ROBOT_RELOC,,1,11,1,,7.519608412054523,,,
ROBOT_RELOC,,1,11,2,,6.26255256898019,,,
ROBOT_RELOC,,1,11,3,,6.472427920040586,,,
ROBOT_RELOC,,1,11,4,,5.963709615581809,,,
ROBOT_RELOC,,1,11,5,,5.11850612765158,,,
ROBOT_RELOC,,1,11,6,,6.698505875046602,,,
ROBOT_RELOC,,1,11,7,,5.899029201633079,,,
ROBOT_RELOC,,1,11,8,,7.207111883891693,,,
ROBOT_RELOC,,1,11,9,,7.275403792656908,,,
ROBOT_RELOC,,1,11,10,,1.8685433440996917,,,
ROBOT_RELOC,,1,11,11,,0.0,,,
ROBOT_RELOC,,1,11,12,,1.7633882869772042,,,
ROBOT_RELOC,,1,11,13,,5.29878800724088,,,
ROBOT_RELOC,,1,11,14,,3.5907725293290946,,,
ROBOT_RELOC,,1,11,15,,5.6754220840271605,,,
ROBOT_RELOC,,1,11,16,,4.392156121797574,,,
ROBOT_RELOC,,1,11,17,,3.531204931271673,,,
ROBOT_RELOC,,1,12,0,,4.789981748383642,,,
ROBOT_RELOC,,1,12,1,,3.4162029041784936,,,
ROBOT_RELOC,,1,12,2,,6.14833101701968,,,
ROBOT_RELOC,,1,12,3,,6.123898043422068,,,
ROBOT_RELOC,,1,12,4,,6.318477682538025,,,
ROBOT_RELOC,,1,12,5,,4.93981579948573,,,
ROBOT_RELOC,,1,12,6,,3.818959543174891,,,
ROBOT_RELOC,,1,12,7,,3.7058408503960942,,,
ROBOT_RELOC,,1,12,8,,7.417365153493849,,,
ROBOT_RELOC,,1,12,9,,6.142216570984556,,,
ROBOT_RELOC,,1,12,10,,1.4924448839327116,,,
ROBOT_RELOC,,1,12,11,,2.1235655658079633,,,
ROBOT_RELOC,,1,12,12,,0.0,,,
ROBOT_RELOC,,1,12,13,,5.576372113403403,,,
ROBOT_RELOC,,1,12,14,,7.1812337459627384,,,
ROBOT_RELOC,,1,12,15,,6.407032948421669,,,
ROBOT_RELOC,,1,12,16,,5.920038711481781,,,
ROBOT_RELOC,,1,12,17,,4.188034502107526,,,
ROBOT_RELOC,,1,13,0,,7.433729024116986,,,
ROBOT_RELOC,,1,13,1,,6.11281161890976,,,
ROBOT_RELOC,,1,13,2,,5.192842306226317,,,
ROBOT_RELOC,,1,13,3,,3.915207001257212,,,
ROBOT_RELOC,,1,13,4,,6.406510184842786,,,
ROBOT_RELOC,,1,13,5,,6.7394257092357375,,,
ROBOT_RELOC,,1,13,6,,7.1248788740823965,,,
ROBOT_RELOC,,1,13,7,,3.6314896659004727,,,
ROBOT_RELOC,,1,13,8,,6.972896455619921,,,
ROBOT_RELOC,,1,13,9,,4.236319255946004,,,
ROBOT_RELOC,,1,13,10,,6.327133465831166,,,
ROBOT_RELOC,,1,13,11,,6.109028799068569,,,
ROBOT_RELOC,,1,13,12,,4.629245327656749,,,
ROBOT_RELOC,,1,13,13,,0.0,,,
ROBOT_RELOC,,1,13,14,,1.8469527414390012,,,
ROBOT_RELOC,,1,13,15,,4.91936336644683,,,
ROBOT_RELOC,,1,13,16,,6.593841610107436,,,
ROBOT_RELOC,,1,13,17,,4.5843756718509,,,
ROBOT_RELOC,,1,14,0,,3.911995288128984,,,
ROBOT_RELOC,,1,14,1,,4.306699127302785,,,
ROBOT_RELOC,,1,14,2,,7.417098128029708,,,
ROBOT_RELOC,,1,14,3,,6.0138021217970135,,,
ROBOT_RELOC,,1,14,4,,6.798420538575883,,,
ROBOT_RELOC,,1,14,5,,3.6347221155254767,,,
ROBOT_RELOC,,1,14,6,,6.778889351999961,,,
ROBOT_RELOC,,1,14,7,,4.109760957364259,,,
ROBOT_RELOC,,1,14,8,,3.3919453641914252,,,
ROBOT_RELOC,,1,14,9,,3.823594963440703,,,
ROBOT_RELOC,,1,14,10,,7.618959006906866,,,
ROBOT_RELOC,,1,14,11,,3.3762171441144573,,,
ROBOT_RELOC,,1,14,12,,3.69838351572113,,,
ROBOT_RELOC,,1,14,13,,2.910318571732053,,,
ROBOT_RELOC,,1,14,14,,0.0,,,
ROBOT_RELOC,,1,14,15,,5.495900758013102,,,
ROBOT_RELOC,,1,14,16,,7.093599807247207,,,
ROBOT_RELOC,,1,14,17,,4.091244646847095,,,
ROBOT_RELOC,,1,15,0,,7.078648147416436,,,
ROBOT_RELOC,,1,15,1,,3.4747867372553043,,,
ROBOT_RELOC,,1,15,2,,6.796754854922263,,,
ROBOT_RELOC,,1,15,3,,5.435679189916938,,,
ROBOT_RELOC,,1,15,4,,5.6113272330930934,,,
ROBOT_RELOC,,1,15,5,,5.449425956679467,,,
ROBOT_RELOC,,1,15,6,,6.603742145111275,,,
ROBOT_RELOC,,1,15,7,,4.314824359100912,,,
ROBOT_RELOC,,1,15,8,,3.561390117722109,,,
ROBOT_RELOC,,1,15,9,,5.257518747086379,,,
ROBOT_RELOC,,1,15,10,,6.245304375713914,,,
ROBOT_RELOC,,1,15,11,,6.120133553436733,,,
ROBOT_RELOC,,1,15,12,,5.641504675967831,,,
ROBOT_RELOC,,1,15,13,,5.401205844583696,,,
ROBOT_RELOC,,1,15,14,,4.992388083946931,,,
ROBOT_RELOC,,1,15,15,,0.0,,,
ROBOT_RELOC,,1,15,16,,2.4550562359794057,,,
ROBOT_RELOC,,1,15,17,,2.747792298607422,,,
ROBOT_RELOC,,1,16,0,,7.651314577846306,,,
ROBOT_RELOC,,1,16,1,,6.060591466129075,,,
ROBOT_RELOC,,1,16,2,,4.799564845166422,,,
ROBOT_RELOC,,1,16,3,,6.619938299908618,,,
ROBOT_RELOC,,1,16,4,,5.088106830205259,,,
ROBOT_RELOC,,1,16,5,,4.371715346926486,,,
ROBOT_RELOC,,1,16,6,,4.018564671693802,,,
ROBOT_RELOC,,1,16,7,,3.479895988156795,,,
ROBOT_RELOC,,1,16,8,,7.108438388738133,,,
ROBOT_RELOC,,1,16,9,,7.587041323854818,,,
ROBOT_RELOC,,1,16,10,,4.88033129218189,,,
ROBOT_RELOC,,1,16,11,,5.6264401595121605,,,
ROBOT_RELOC,,1,16,12,,7.600571964276056,,,
ROBOT_RELOC,,1,16,13,,5.940950067544168,,,
ROBOT_RELOC,,1,16,14,,4.813514926089537,,,
ROBOT_RELOC,,1,16,15,,1.3448119147848017,,,
ROBOT_RELOC,,1,16,16,,0.0,,,
ROBOT_RELOC,,1,16,17,,1.3065795637602007,,,
ROBOT_RELOC,,1,17,0,,6.200717370517931,,,
ROBOT_RELOC,,1,17,1,,5.074514338413477,,,
ROBOT_RELOC,,1,17,2,,4.100863626821,,,
ROBOT_RELOC,,1,17,3,,4.370247158546434,,,
ROBOT_RELOC,,1,17,4,,3.7770049491889113,,,
ROBOT_RELOC,,1,17,5,,4.974800340849342,,,
ROBOT_RELOC,,1,17,6,,7.700255900776962,,,
ROBOT_RELOC,,1,17,7,,4.554284175058463,,,
ROBOT_RELOC,,1,17,8,,6.948297233010393,,,
ROBOT_RELOC,,1,17,9,,4.348892281877317,,,
ROBOT_RELOC,,1,17,10,,4.627320340579784,,,
ROBOT_RELOC,,1,17,11,,6.946257548957633,,,
ROBOT_RELOC,,1,17,12,,7.95249039428314,,,
ROBOT_RELOC,,1,17,13,,5.515261643443692,,,
ROBOT_RELOC,,1,17,14,,5.841353584519377,,,
ROBOT_RELOC,,1,17,15,,1.878756834109211,,,
ROBOT_RELOC,,1,17,16,,2.2229882332748363,,,
ROBOT_RELOC,,1,17,17,,0.0,,,
ROBOT_RELOC,,2,0,0,,0.0,,,
ROBOT_RELOC,,2,0,1,,1.4207184324817976,,,
ROBOT_RELOC,,2,0,2,,4.418272481363553,,,
ROBOT_RELOC,,2,0,3,,4.880343797682072,,,
ROBOT_RELOC,,2,0,4,,6.71167302559115,,,
ROBOT_RELOC,,2,0,5,,5.456165385501661,,,
ROBOT_RELOC,,2,0,6,,6.580604951900867,,,
ROBOT_RELOC,,2,0,7,,7.1542358291467885,,,
ROBOT_RELOC,,2,0,8,,3.5498347627911504,,,
ROBOT_RELOC,,2,0,9,,6.357287096775752,,,
ROBOT_RELOC,,2,0,10,,5.40212709516789,,,
ROBOT_RELOC,,2,0,11,,7.168926194274471,,,
ROBOT_RELOC,,2,0,12,,5.260518966926803,,,
ROBOT_RELOC,,2,0,13,,5.270824972180239,,,
ROBOT_RELOC,,2,0,14,,4.034319837864175,,,
ROBOT_RELOC,,2,0,15,,6.929543977119211,,,
ROBOT_RELOC,,2,0,16,,4.7727514422056005,,,
ROBOT_RELOC,,2,0,17,,4.9749462514974265,,,
ROBOT_RELOC,,2,1,0,,1.0434153350299369,,,
ROBOT_RELOC,,2,1,1,,0.0,,,
ROBOT_RELOC,,2,1,2,,6.4176516808221304,,,
ROBOT_RELOC,,2,1,3,,4.603639212001399,,,
ROBOT_RELOC,,2,1,4,,3.371605806359376,,,
ROBOT_RELOC,,2,1,5,,4.096777742901503,,,
ROBOT_RELOC,,2,1,6,,6.104224531461674,,,
ROBOT_RELOC,,2,1,7,,3.9788925984220516,,,
ROBOT_RELOC,,2,1,8,,5.319454063484894,,,
ROBOT_RELOC,,2,1,9,,3.4188671482994133,,,
ROBOT_RELOC,,2,1,10,,5.1417255359629355,,,
ROBOT_RELOC,,2,1,11,,3.0181412801092002,,,
ROBOT_RELOC,,2,1,12,,3.4877231529935226,,,
ROBOT_RELOC,,2,1,13,,5.764641532641252,,,
ROBOT_RELOC,,2,1,14,,5.387448096188658,,,
ROBOT_RELOC,,2,1,15,,6.592565483396146,,,
ROBOT_RELOC,,2,1,16,,4.31110233682647,,,
ROBOT_RELOC,,2,1,17,,6.404553096735998,,,
ROBOT_RELOC,,2,2,0,,7.70782338988583,,,
ROBOT_RELOC,,2,2,1,,3.638621656333689,,,
ROBOT_RELOC,,2,2,2,,0.0,,,
ROBOT_RELOC,,2,2,3,,5.683706083455119,,,
ROBOT_RELOC,,2,2,4,,4.482360964092817,,,
ROBOT_RELOC,,2,2,5,,5.995421598269717,,,
ROBOT_RELOC,,2,2,6,,6.8491661506335095,,,
ROBOT_RELOC,,2,2,7,,6.827515901315737,,,
ROBOT_RELOC,,2,2,8,,5.607219267678295,,,
ROBOT_RELOC,,2,2,9,,5.322534230247305,,,
ROBOT_RELOC,,2,2,10,,6.963852581576765,,,
ROBOT_RELOC,,2,2,11,,3.15612069188699,,,
ROBOT_RELOC,,2,2,12,,3.739928520170805,,,
ROBOT_RELOC,,2,2,13,,7.462760929908521,,,
ROBOT_RELOC,,2,2,14,,5.002645553450087,,,
ROBOT_RELOC,,2,2,15,,5.898776320315451,,,
ROBOT_RELOC,,2,2,16,,3.5637100637334305,,,
ROBOT_RELOC,,2,2,17,,3.1129543858666953,,,
ROBOT_RELOC,,2,3,0,,7.0592843225380575,,,
ROBOT_RELOC,,2,3,1,,7.223709928273821,,,
ROBOT_RELOC,,2,3,2,,3.2132820651131437,,,
ROBOT_RELOC,,2,3,3,,0.0,,,
ROBOT_RELOC,,2,3,4,,2.0278442921571833,,,
ROBOT_RELOC,,2,3,5,,2.1693090923560745,,,
ROBOT_RELOC,,2,3,6,,6.175942114724583,,,
ROBOT_RELOC,,2,3,7,,3.2665426400288173,,,
ROBOT_RELOC,,2,3,8,,4.103980644548221,,,
ROBOT_RELOC,,2,3,9,,7.919151486454337,,,
ROBOT_RELOC,,2,3,10,,7.76255629097886,,,
ROBOT_RELOC,,2,3,11,,6.1161745942216035,,,
ROBOT_RELOC,,2,3,12,,4.0057130625507416,,,
ROBOT_RELOC,,2,3,13,,5.914535445922251,,,
ROBOT_RELOC,,2,3,14,,4.1010802576417245,,,
ROBOT_RELOC,,2,3,15,,7.164986460861806,,,
ROBOT_RELOC,,2,3,16,,7.5694413961425315,,,
ROBOT_RELOC,,2,3,17,,5.539570737561825,,,
ROBOT_RELOC,,2,4,0,,7.862188778916573,,,
ROBOT_RELOC,,2,4,1,,4.013337360362311,,,
ROBOT_RELOC,,2,4,2,,7.7122939040500835,,,
ROBOT_RELOC,,2,4,3,,1.0515677368150256,,,
ROBOT_RELOC,,2,4,4,,0.0,,,
ROBOT_RELOC,,2,4,5,,1.9012449847754616,,,
ROBOT_RELOC,,2,4,6,,7.407354545285954,,,
ROBOT_RELOC,,2,4,7,,6.080942262041594,,,
ROBOT_RELOC,,2,4,8,,4.405039511387636,,,
ROBOT_RELOC,,2,4,9,,5.611386219464906,,,
ROBOT_RELOC,,2,4,10,,3.5922782932927433,,,
ROBOT_RELOC,,2,4,11,,5.751262692832002,,,
ROBOT_RELOC,,2,4,12,,6.982458647151185,,,
ROBOT_RELOC,,2,4,13,,5.554068977465369,,,
ROBOT_RELOC,,2,4,14,,6.866295428002426,,,
ROBOT_RELOC,,2,4,15,,4.688132265830434,,,
ROBOT_RELOC,,2,4,16,,3.084164242354636,,,
ROBOT_RELOC,,2,4,17,,5.945031639987877,,,
ROBOT_RELOC,,2,5,0,,7.279176052292507,,,
ROBOT_RELOC,,2,5,1,,6.247089993328094,,,
ROBOT_RELOC,,2,5,2,,6.992860779007014,,,
ROBOT_RELOC,,2,5,3,,1.3938665761116387,,,
ROBOT_RELOC,,2,5,4,,1.6296761858329243,,,
ROBOT_RELOC,,2,5,5,,0.0,,,
ROBOT_RELOC,,2,5,6,,3.1988046020462746,,,
ROBOT_RELOC,,2,5,7,,5.667306006178551,,,
ROBOT_RELOC,,2,5,8,,5.3696172101352015,,,
ROBOT_RELOC,,2,5,9,,4.704167627738377,,,
ROBOT_RELOC,,2,5,10,,5.689476371506316,,,
ROBOT_RELOC,,2,5,11,,4.611972873747916,,,
ROBOT_RELOC,,2,5,12,,7.019221232371969,,,
ROBOT_RELOC,,2,5,13,,3.770974607533061,,,
ROBOT_RELOC,,2,5,14,,4.12433854313803,,,
ROBOT_RELOC,,2,5,15,,6.151116845010353,,,
ROBOT_RELOC,,2,5,16,,5.228571372582557,,,
ROBOT_RELOC,,2,5,17,,3.4754750448104113,,,
ROBOT_RELOC,,2,6,0,,7.318811151986546,,,
ROBOT_RELOC,,2,6,1,,3.0763195087046444,,,
ROBOT_RELOC,,2,6,2,,5.07384357147356,,,
ROBOT_RELOC,,2,6,3,,6.420303589080003,,,
ROBOT_RELOC,,2,6,4,,6.46679502962767,,,
ROBOT_RELOC,,2,6,5,,5.767420637354698,,,
ROBOT_RELOC,,2,6,6,,0.0,,,
ROBOT_RELOC,,2,6,7,,7.971100845894069,,,
ROBOT_RELOC,,2,6,8,,4.169093141207849,,,
ROBOT_RELOC,,2,6,9,,6.8059320345812875,,,
ROBOT_RELOC,,2,6,10,,6.005219349245165,,,
ROBOT_RELOC,,2,6,11,,5.764236937486841,,,
ROBOT_RELOC,,2,6,12,,4.591010063064099,,,
ROBOT_RELOC,,2,6,13,,4.195742664899022,,,
ROBOT_RELOC,,2,6,14,,3.4891669112751957,,,
ROBOT_RELOC,,2,6,15,,3.8338240878234595,,,
ROBOT_RELOC,,2,6,16,,6.531463051864819,,,
ROBOT_RELOC,,2,6,17,,5.632418576108705,,,
ROBOT_RELOC,,2,7,0,,6.554125993630177,,,
ROBOT_RELOC,,2,7,1,,6.695252159718251,,,
ROBOT_RELOC,,2,7,2,,6.695941602126014,,,
ROBOT_RELOC,,2,7,3,,7.858281531666025,,,
ROBOT_RELOC,,2,7,4,,5.67823073542322,,,
ROBOT_RELOC,,2,7,5,,5.293685231036326,,,
ROBOT_RELOC,,2,7,6,,7.948018027591599,,,
ROBOT_RELOC,,2,7,7,,0.0,,,
ROBOT_RELOC,,2,7,8,,2.042725294816158,,,
ROBOT_RELOC,,2,7,9,,1.3228859347667363,,,
ROBOT_RELOC,,2,7,10,,3.197608926817565,,,
ROBOT_RELOC,,2,7,11,,5.055008715033196,,,
ROBOT_RELOC,,2,7,12,,6.003421203024617,,,
ROBOT_RELOC,,2,7,13,,6.031003069631556,,,
ROBOT_RELOC,,2,7,14,,7.235706196044774,,,
ROBOT_RELOC,,2,7,15,,7.8666346167844505,,,
ROBOT_RELOC,,2,7,16,,3.298502774457783,,,
ROBOT_RELOC,,2,7,17,,6.6046528527155335,,,
ROBOT_RELOC,,2,8,0,,6.4172836725915055,,,
ROBOT_RELOC,,2,8,1,,3.5959656784665572,,,
ROBOT_RELOC,,2,8,2,,6.495336081078449,,,
ROBOT_RELOC,,2,8,3,,3.1941087818878247,,,
ROBOT_RELOC,,2,8,4,,3.513057286589112,,,
ROBOT_RELOC,,2,8,5,,4.48391918913269,,,
ROBOT_RELOC,,2,8,6,,5.295550340757872,,,
ROBOT_RELOC,,2,8,7,,2.4087155296476315,,,
ROBOT_RELOC,,2,8,8,,0.0,,,
ROBOT_RELOC,,2,8,9,,2.9883279775617457,,,
ROBOT_RELOC,,2,8,10,,6.932528734418057,,,
ROBOT_RELOC,,2,8,11,,4.720882353899813,,,
ROBOT_RELOC,,2,8,12,,4.267702638453692,,,
ROBOT_RELOC,,2,8,13,,4.681707328606502,,,
ROBOT_RELOC,,2,8,14,,4.070143207232546,,,
ROBOT_RELOC,,2,8,15,,4.7350510543166635,,,
ROBOT_RELOC,,2,8,16,,4.632520392021293,,,
ROBOT_RELOC,,2,8,17,,5.439037210624457,,,
ROBOT_RELOC,,2,9,0,,6.639147401613194,,,
ROBOT_RELOC,,2,9,1,,5.5120606560237695,,,
ROBOT_RELOC,,2,9,2,,3.109752053011159,,,
ROBOT_RELOC,,2,9,3,,6.375272129279904,,,
ROBOT_RELOC,,2,9,4,,7.630894943189622,,,
ROBOT_RELOC,,2,9,5,,6.7764726065945435,,,
ROBOT_RELOC,,2,9,6,,6.309539932264521,,,
ROBOT_RELOC,,2,9,7,,1.2054960113822495,,,
ROBOT_RELOC,,2,9,8,,2.9099482774379926,,,
ROBOT_RELOC,,2,9,9,,0.0,,,
ROBOT_RELOC,,2,9,10,,3.0845742601635897,,,
ROBOT_RELOC,,2,9,11,,5.516550829572297,,,
ROBOT_RELOC,,2,9,12,,6.459055845944354,,,
ROBOT_RELOC,,2,9,13,,3.5961795660160893,,,
ROBOT_RELOC,,2,9,14,,7.262579076179957,,,
ROBOT_RELOC,,2,9,15,,3.661917432077516,,,
ROBOT_RELOC,,2,9,16,,3.9422990684530586,,,
ROBOT_RELOC,,2,9,17,,6.272906599245035,,,
ROBOT_RELOC,,2,10,0,,4.6407213586967515,,,
ROBOT_RELOC,,2,10,1,,7.8590301570574015,,,
ROBOT_RELOC,,2,10,2,,4.036684615875264,,,
ROBOT_RELOC,,2,10,3,,6.961900975225012,,,
ROBOT_RELOC,,2,10,4,,3.702759311522353,,,
ROBOT_RELOC,,2,10,5,,7.315473467054741,,,
ROBOT_RELOC,,2,10,6,,3.1013629843432162,,,
ROBOT_RELOC,,2,10,7,,7.777443401025546,,,
ROBOT_RELOC,,2,10,8,,5.469954576131952,,,
ROBOT_RELOC,,2,10,9,,7.496553045437642,,,
ROBOT_RELOC,,2,10,10,,0.0,,,
ROBOT_RELOC,,2,10,11,,1.6484111080685104,,,
ROBOT_RELOC,,2,10,12,,1.094711136211844,,,
ROBOT_RELOC,,2,10,13,,4.128884702007406,,,
ROBOT_RELOC,,2,10,14,,4.127144100308122,,,
ROBOT_RELOC,,2,10,15,,4.878996109190753,,,
ROBOT_RELOC,,2,10,16,,4.25070049973411,,,
ROBOT_RELOC,,2,10,17,,7.778638641272416,,,
ROBOT_RELOC,,2,11,0,,4.673356270466987,,,
ROBOT_RELOC,,2,11,1,,3.396837488644169,,,
ROBOT_RELOC,,2,11,2,,4.044437543830494,,,
ROBOT_RELOC,,2,11,3,,7.9026517567217685,,,
ROBOT_RELOC,,2,11,4,,7.766651767139747,,,
ROBOT_RELOC,,2,11,5,,7.347851568609266,,,
ROBOT_RELOC,,2,11,6,,3.990857874304694,,,
ROBOT_RELOC,,2,11,7,,7.01490369545521,,,
ROBOT_RELOC,,2,11,8,,3.699938202521314,,,
ROBOT_RELOC,,2,11,9,,3.1054905044820673,,,
ROBOT_RELOC,,2,11,10,,2.377497876001936,,,
ROBOT_RELOC,,2,11,11,,0.0,,,
ROBOT_RELOC,,2,11,12,,2.8051741849259066,,,
ROBOT_RELOC,,2,11,13,,7.690128743163246,,,
ROBOT_RELOC,,2,11,14,,4.815723853658962,,,
ROBOT_RELOC,,2,11,15,,6.713079275709858,,,
ROBOT_RELOC,,2,11,16,,3.589659810169065,,,
ROBOT_RELOC,,2,11,17,,7.652936210136535,,,
ROBOT_RELOC,,2,12,0,,3.1748792980317404,,,
ROBOT_RELOC,,2,12,1,,5.804258345430708,,,
ROBOT_RELOC,,2,12,2,,6.829609823650294,,,
ROBOT_RELOC,,2,12,3,,3.7838259235848275,,,
ROBOT_RELOC,,2,12,4,,6.462141837534332,,,
ROBOT_RELOC,,2,12,5,,6.868644046757392,,,
ROBOT_RELOC,,2,12,6,,4.5560493190302385,,,
ROBOT_RELOC,,2,12,7,,7.068843843797546,,,
ROBOT_RELOC,,2,12,8,,7.695168700370069,,,
ROBOT_RELOC,,2,12,9,,4.272787619092858,,,
ROBOT_RELOC,,2,12,10,,2.7209664467106656,,,
ROBOT_RELOC,,2,12,11,,1.1274625524112387,,,
ROBOT_RELOC,,2,12,12,,0.0,,,
ROBOT_RELOC,,2,12,13,,4.110384838493344,,,
ROBOT_RELOC,,2,12,14,,3.491194157578891,,,
ROBOT_RELOC,,2,12,15,,4.617324327937596,,,
ROBOT_RELOC,,2,12,16,,4.59527464490969,,,
ROBOT_RELOC,,2,12,17,,3.1841284607471483,,,
ROBOT_RELOC,,2,13,0,,6.920579234852671,,,
ROBOT_RELOC,,2,13,1,,6.968367090128977,,,
ROBOT_RELOC,,2,13,2,,7.362471350727743,,,
ROBOT_RELOC,,2,13,3,,3.6069690654680975,,,
ROBOT_RELOC,,2,13,4,,4.354370662352465,,,
ROBOT_RELOC,,2,13,5,,3.4820116924633737,,,
ROBOT_RELOC,,2,13,6,,5.1469417876578465,,,
ROBOT_RELOC,,2,13,7,,4.846139451233208,,,
ROBOT_RELOC,,2,13,8,,4.340118736281484,,,
ROBOT_RELOC,,2,13,9,,4.437193160990059,,,
ROBOT_RELOC,,2,13,10,,4.032004226718783,,,
ROBOT_RELOC,,2,13,11,,5.541062823341639,,,
ROBOT_RELOC,,2,13,12,,5.253292600958956,,,
ROBOT_RELOC,,2,13,13,,0.0,,,
ROBOT_RELOC,,2,13,14,,2.835973734696551,,,
ROBOT_RELOC,,2,13,15,,5.393404107944295,,,
ROBOT_RELOC,,2,13,16,,5.618066061728355,,,
ROBOT_RELOC,,2,13,17,,3.925544571287185,,,
ROBOT_RELOC,,2,14,0,,7.567723370832801,,,
ROBOT_RELOC,,2,14,1,,5.697118712798257,,,
ROBOT_RELOC,,2,14,2,,6.6216473940017675,,,
ROBOT_RELOC,,2,14,3,,5.090097292471531,,,
ROBOT_RELOC,,2,14,4,,6.514143388293774,,,
ROBOT_RELOC,,2,14,5,,6.44697608654708,,,
ROBOT_RELOC,,2,14,6,,5.100243161751611,,,
ROBOT_RELOC,,2,14,7,,7.798383884471699,,,
ROBOT_RELOC,,2,14,8,,4.668659681242387,,,
ROBOT_RELOC,,2,14,9,,6.560688582104136,,,
ROBOT_RELOC,,2,14,10,,4.968731766980931,,,
ROBOT_RELOC,,2,14,11,,6.700145370223278,,,
ROBOT_RELOC,,2,14,12,,4.295688195959556,,,
ROBOT_RELOC,,2,14,13,,2.399405914508704,,,
ROBOT_RELOC,,2,14,14,,0.0,,,
ROBOT_RELOC,,2,14,15,,4.6408341089257785,,,
ROBOT_RELOC,,2,14,16,,5.185645996847215,,,
ROBOT_RELOC,,2,14,17,,4.4597547739808086,,,
ROBOT_RELOC,,2,15,0,,7.6093111407703615,,,
ROBOT_RELOC,,2,15,1,,7.5491702577212845,,,
ROBOT_RELOC,,2,15,2,,5.610163458441011,,,
ROBOT_RELOC,,2,15,3,,6.529400040587504,,,
ROBOT_RELOC,,2,15,4,,7.756084783231563,,,
ROBOT_RELOC,,2,15,5,,5.06974312046229,,,
ROBOT_RELOC,,2,15,6,,6.3828706525933665,,,
ROBOT_RELOC,,2,15,7,,3.072171576252625,,,
ROBOT_RELOC,,2,15,8,,5.1498392281494425,,,
ROBOT_RELOC,,2,15,9,,6.514829101615126,,,
ROBOT_RELOC,,2,15,10,,4.174236076871949,,,
ROBOT_RELOC,,2,15,11,,3.790419146469156,,,
ROBOT_RELOC,,2,15,12,,6.482708711141628,,,
ROBOT_RELOC,,2,15,13,,6.19953166370854,,,
ROBOT_RELOC,,2,15,14,,3.220034722950449,,,
ROBOT_RELOC,,2,15,15,,0.0,,,
ROBOT_RELOC,,2,15,16,,1.3820972441303874,,,
ROBOT_RELOC,,2,15,17,,2.536162530975009,,,
ROBOT_RELOC,,2,16,0,,5.448039014706227,,,
ROBOT_RELOC,,2,16,1,,5.304213507420326,,,
ROBOT_RELOC,,2,16,2,,3.1775871996557683,,,
ROBOT_RELOC,,2,16,3,,5.783647874751152,,,
ROBOT_RELOC,,2,16,4,,7.4083226973000205,,,
ROBOT_RELOC,,2,16,5,,6.641555902357183,,,
ROBOT_RELOC,,2,16,6,,5.570153428319916,,,
ROBOT_RELOC,,2,16,7,,5.983165479157151,,,
ROBOT_RELOC,,2,16,8,,6.2702269752670325,,,
ROBOT_RELOC,,2,16,9,,5.166961413687703,,,
ROBOT_RELOC,,2,16,10,,6.563889937911051,,,
ROBOT_RELOC,,2,16,11,,3.0825672763556624,,,
ROBOT_RELOC,,2,16,12,,3.1950275950708074,,,
ROBOT_RELOC,,2,16,13,,4.480180316894996,,,
ROBOT_RELOC,,2,16,14,,6.662903326271681,,,
ROBOT_RELOC,,2,16,15,,2.1524979755766456,,,
ROBOT_RELOC,,2,16,16,,0.0,,,
ROBOT_RELOC,,2,16,17,,1.5162903980977356,,,
ROBOT_RELOC,,2,17,0,,7.896664509762111,,,
ROBOT_RELOC,,2,17,1,,6.9384315878257325,,,
ROBOT_RELOC,,2,17,2,,7.04478614720823,,,
ROBOT_RELOC,,2,17,3,,5.060820474514559,,,
ROBOT_RELOC,,2,17,4,,7.540686647327191,,,
ROBOT_RELOC,,2,17,5,,3.568585558185881,,,
ROBOT_RELOC,,2,17,6,,4.492761607025447,,,
ROBOT_RELOC,,2,17,7,,6.601428846709771,,,
ROBOT_RELOC,,2,17,8,,3.3448723528854316,,,
ROBOT_RELOC,,2,17,9,,4.471887028881417,,,
ROBOT_RELOC,,2,17,10,,4.493189414286613,,,
ROBOT_RELOC,,2,17,11,,6.876450563200794,,,
ROBOT_RELOC,,2,17,12,,3.186651385780665,,,
ROBOT_RELOC,,2,17,13,,3.6985037110391463,,,
ROBOT_RELOC,,2,17,14,,4.344180488298171,,,
ROBOT_RELOC,,2,17,15,,2.5316269167154415,,,
ROBOT_RELOC,,2,17,16,,2.8962706634257227,,,
ROBOT_RELOC,,2,17,17,,0.0,,,
ROBOT_RELOC,,3,0,0,,0.0,,,
ROBOT_RELOC,,3,0,1,,1.215286909511789,,,
ROBOT_RELOC,,3,0,2,,6.802941456945652,,,
ROBOT_RELOC,,3,0,3,,3.6631622653594405,,,
ROBOT_RELOC,,3,0,4,,6.24087385297301,,,
ROBOT_RELOC,,3,0,5,,4.979043358473152,,,
ROBOT_RELOC,,3,0,6,,6.884303084173769,,,
ROBOT_RELOC,,3,0,7,,7.11823264503059,,,
ROBOT_RELOC,,3,0,8,,6.9721607642444035,,,
ROBOT_RELOC,,3,0,9,,6.365926077940681,,,
ROBOT_RELOC,,3,0,10,,5.67284313375942,,,
ROBOT_RELOC,,3,0,11,,7.34248074001083,,,
ROBOT_RELOC,,3,0,12,,5.7152538301363505,,,
ROBOT_RELOC,,3,0,13,,4.8424794694491995,,,
ROBOT_RELOC,,3,0,14,,4.829033298039106,,,
ROBOT_RELOC,,3,0,15,,4.880447016644006,,,
ROBOT_RELOC,,3,0,16,,4.409431749879103,,,
ROBOT_RELOC,,3,0,17,,6.1054079447913026,,,
ROBOT_RELOC,,3,1,0,,1.06481829875756,,,
ROBOT_RELOC,,3,1,1,,0.0,,,
ROBOT_RELOC,,3,1,2,,5.393098796197638,,,
ROBOT_RELOC,,3,1,3,,7.545235650354263,,,
ROBOT_RELOC,,3,1,4,,7.877983128865976,,,
ROBOT_RELOC,,3,1,5,,7.178925381025384,,,
ROBOT_RELOC,,3,1,6,,5.401889668076678,,,
ROBOT_RELOC,,3,1,7,,5.8175208274224675,,,
ROBOT_RELOC,,3,1,8,,7.005416890659081,,,
ROBOT_RELOC,,3,1,9,,6.539133549988984,,,
ROBOT_RELOC,,3,1,10,,6.802491617070861,,,
ROBOT_RELOC,,3,1,11,,7.816941859921818,,,
ROBOT_RELOC,,3,1,12,,7.587053633103107,,,
ROBOT_RELOC,,3,1,13,,3.563684551585557,,,
ROBOT_RELOC,,3,1,14,,5.874396360945262,,,
ROBOT_RELOC,,3,1,15,,4.468000783501855,,,
ROBOT_RELOC,,3,1,16,,4.370768671860554,,,
ROBOT_RELOC,,3,1,17,,7.70588276178693,,,
ROBOT_RELOC,,3,2,0,,7.294508568319484,,,
ROBOT_RELOC,,3,2,1,,7.4594863561189495,,,
ROBOT_RELOC,,3,2,2,,0.0,,,
ROBOT_RELOC,,3,2,3,,6.124760818289825,,,
ROBOT_RELOC,,3,2,4,,5.916897448206868,,,
ROBOT_RELOC,,3,2,5,,6.585629444932526,,,
ROBOT_RELOC,,3,2,6,,5.178100719105504,,,
ROBOT_RELOC,,3,2,7,,6.729722186564986,,,
ROBOT_RELOC,,3,2,8,,5.300901211627249,,,
ROBOT_RELOC,,3,2,9,,3.780172432309848,,,
ROBOT_RELOC,,3,2,10,,5.355651779344167,,,
ROBOT_RELOC,,3,2,11,,4.569061492116614,,,
ROBOT_RELOC,,3,2,12,,6.827085611869563,,,
ROBOT_RELOC,,3,2,13,,4.394396107838048,,,
ROBOT_RELOC,,3,2,14,,7.495830804771811,,,
ROBOT_RELOC,,3,2,15,,3.156384510419867,,,
ROBOT_RELOC,,3,2,16,,4.391755518231056,,,
ROBOT_RELOC,,3,2,17,,6.849594280525179,,,
ROBOT_RELOC,,3,3,0,,7.246034559572927,,,
ROBOT_RELOC,,3,3,1,,5.953572101180251,,,
ROBOT_RELOC,,3,3,2,,3.63523887383941,,,
ROBOT_RELOC,,3,3,3,,0.0,,,
ROBOT_RELOC,,3,3,4,,1.8241358245293484,,,
ROBOT_RELOC,,3,3,5,,2.283667881196984,,,
ROBOT_RELOC,,3,3,6,,6.091805823911331,,,
ROBOT_RELOC,,3,3,7,,5.838768400148663,,,
ROBOT_RELOC,,3,3,8,,5.572522911823553,,,
ROBOT_RELOC,,3,3,9,,7.436350372536989,,,
ROBOT_RELOC,,3,3,10,,7.956607880695744,,,
ROBOT_RELOC,,3,3,11,,4.384471718938537,,,
ROBOT_RELOC,,3,3,12,,6.929194019243885,,,
ROBOT_RELOC,,3,3,13,,3.673564754583106,,,
ROBOT_RELOC,,3,3,14,,5.326773071701366,,,
ROBOT_RELOC,,3,3,15,,3.511829915478414,,,
ROBOT_RELOC,,3,3,16,,3.094607801166202,,,
ROBOT_RELOC,,3,3,17,,5.729424294820866,,,
ROBOT_RELOC,,3,4,0,,3.304962424006478,,,
ROBOT_RELOC,,3,4,1,,6.123862532625696,,,
ROBOT_RELOC,,3,4,2,,6.5186614023003,,,
ROBOT_RELOC,,3,4,3,,2.5730804701119974,,,
ROBOT_RELOC,,3,4,4,,0.0,,,
ROBOT_RELOC,,3,4,5,,2.4830034221727484,,,
ROBOT_RELOC,,3,4,6,,5.713926904318751,,,
ROBOT_RELOC,,3,4,7,,4.5309822357168485,,,
ROBOT_RELOC,,3,4,8,,7.696328957087922,,,
ROBOT_RELOC,,3,4,9,,7.983028765800601,,,
ROBOT_RELOC,,3,4,10,,5.926582634586616,,,
ROBOT_RELOC,,3,4,11,,6.10587862331646,,,
ROBOT_RELOC,,3,4,12,,4.705725929642005,,,
ROBOT_RELOC,,3,4,13,,4.178337080197145,,,
ROBOT_RELOC,,3,4,14,,4.465585737655208,,,
ROBOT_RELOC,,3,4,15,,6.651798134253385,,,
ROBOT_RELOC,,3,4,16,,6.284277580381016,,,
ROBOT_RELOC,,3,4,17,,5.6002353386632295,,,
ROBOT_RELOC,,3,5,0,,7.0292603919097845,,,
ROBOT_RELOC,,3,5,1,,3.3891809557162147,,,
ROBOT_RELOC,,3,5,2,,7.848607505435651,,,
ROBOT_RELOC,,3,5,3,,1.3300920378512426,,,
ROBOT_RELOC,,3,5,4,,2.2541777227324378,,,
ROBOT_RELOC,,3,5,5,,0.0,,,
ROBOT_RELOC,,3,5,6,,4.486756016487683,,,
ROBOT_RELOC,,3,5,7,,7.698709269476716,,,
ROBOT_RELOC,,3,5,8,,6.730329881565091,,,
ROBOT_RELOC,,3,5,9,,4.805723660569104,,,
ROBOT_RELOC,,3,5,10,,3.8669410614852247,,,
ROBOT_RELOC,,3,5,11,,6.598833441295799,,,
ROBOT_RELOC,,3,5,12,,3.716876005152398,,,
ROBOT_RELOC,,3,5,13,,7.847162665338928,,,
ROBOT_RELOC,,3,5,14,,6.7856571415857525,,,
ROBOT_RELOC,,3,5,15,,7.69291206378921,,,
ROBOT_RELOC,,3,5,16,,7.238922889710237,,,
ROBOT_RELOC,,3,5,17,,6.660268307651249,,,
ROBOT_RELOC,,3,6,0,,3.0522467622899327,,,
ROBOT_RELOC,,3,6,1,,6.1842024909173405,,,
ROBOT_RELOC,,3,6,2,,7.575792758261799,,,
ROBOT_RELOC,,3,6,3,,3.6529750968337806,,,
ROBOT_RELOC,,3,6,4,,7.178640237673434,,,
ROBOT_RELOC,,3,6,5,,5.906836980472779,,,
ROBOT_RELOC,,3,6,6,,0.0,,,
ROBOT_RELOC,,3,6,7,,3.5595345491024464,,,
ROBOT_RELOC,,3,6,8,,6.192699579574596,,,
ROBOT_RELOC,,3,6,9,,5.4580526433041126,,,
ROBOT_RELOC,,3,6,10,,4.723574321665114,,,
ROBOT_RELOC,,3,6,11,,5.637379784865434,,,
ROBOT_RELOC,,3,6,12,,7.752097729425383,,,
ROBOT_RELOC,,3,6,13,,7.08408229537714,,,
ROBOT_RELOC,,3,6,14,,3.173040711568757,,,
ROBOT_RELOC,,3,6,15,,6.859290257931777,,,
ROBOT_RELOC,,3,6,16,,6.934249783072907,,,
ROBOT_RELOC,,3,6,17,,4.332733538025606,,,
ROBOT_RELOC,,3,7,0,,6.056667131161809,,,
ROBOT_RELOC,,3,7,1,,6.523670063406368,,,
ROBOT_RELOC,,3,7,2,,5.237032596547171,,,
ROBOT_RELOC,,3,7,3,,3.6097483190751967,,,
ROBOT_RELOC,,3,7,4,,6.90482588997868,,,
ROBOT_RELOC,,3,7,5,,6.9255003967357,,,
ROBOT_RELOC,,3,7,6,,5.744437960349723,,,
ROBOT_RELOC,,3,7,7,,0.0,,,
ROBOT_RELOC,,3,7,8,,1.6413411395437405,,,
ROBOT_RELOC,,3,7,9,,1.9241609639634327,,,
ROBOT_RELOC,,3,7,10,,7.417614004426357,,,
ROBOT_RELOC,,3,7,11,,5.482676473317243,,,
ROBOT_RELOC,,3,7,12,,7.961478453598246,,,
ROBOT_RELOC,,3,7,13,,6.497318515304185,,,
ROBOT_RELOC,,3,7,14,,6.905544645156639,,,
ROBOT_RELOC,,3,7,15,,7.428705407555828,,,
ROBOT_RELOC,,3,7,16,,4.512483105739182,,,
ROBOT_RELOC,,3,7,17,,4.064264420285733,,,
ROBOT_RELOC,,3,8,0,,5.231322406793382,,,
ROBOT_RELOC,,3,8,1,,7.843040544474297,,,
ROBOT_RELOC,,3,8,2,,3.9758060750794826,,,
ROBOT_RELOC,,3,8,3,,6.353336792816301,,,
ROBOT_RELOC,,3,8,4,,7.282128219004783,,,
ROBOT_RELOC,,3,8,5,,7.917788771208334,,,
ROBOT_RELOC,,3,8,6,,4.2270607552671,,,
ROBOT_RELOC,,3,8,7,,1.793399730644037,,,
ROBOT_RELOC,,3,8,8,,0.0,,,
ROBOT_RELOC,,3,8,9,,2.12457529209525,,,
ROBOT_RELOC,,3,8,10,,4.9341538327222345,,,
ROBOT_RELOC,,3,8,11,,4.657616986264193,,,
ROBOT_RELOC,,3,8,12,,7.603155509307016,,,
ROBOT_RELOC,,3,8,13,,4.188671691403289,,,
ROBOT_RELOC,,3,8,14,,5.714118567061092,,,
ROBOT_RELOC,,3,8,15,,4.427213141055561,,,
ROBOT_RELOC,,3,8,16,,6.161439245828569,,,
ROBOT_RELOC,,3,8,17,,5.383215280468624,,,
ROBOT_RELOC,,3,9,0,,5.463717503615814,,,
ROBOT_RELOC,,3,9,1,,7.419671157060511,,,
ROBOT_RELOC,,3,9,2,,3.3617405233011786,,,
ROBOT_RELOC,,3,9,3,,5.656882326845741,,,
ROBOT_RELOC,,3,9,4,,7.218840642917609,,,
ROBOT_RELOC,,3,9,5,,4.917194361985527,,,
ROBOT_RELOC,,3,9,6,,6.906132579367337,,,
ROBOT_RELOC,,3,9,7,,2.90417571603788,,,
ROBOT_RELOC,,3,9,8,,2.2099627340186245,,,
ROBOT_RELOC,,3,9,9,,0.0,,,
ROBOT_RELOC,,3,9,10,,3.285334911065742,,,
ROBOT_RELOC,,3,9,11,,4.331102064440977,,,
ROBOT_RELOC,,3,9,12,,3.4235673436789944,,,
ROBOT_RELOC,,3,9,13,,7.166055238041867,,,
ROBOT_RELOC,,3,9,14,,4.183813838472773,,,
ROBOT_RELOC,,3,9,15,,6.3498682500572965,,,
ROBOT_RELOC,,3,9,16,,3.8811108778024854,,,
ROBOT_RELOC,,3,9,17,,6.690767839000049,,,
ROBOT_RELOC,,3,10,0,,6.55845012945624,,,
ROBOT_RELOC,,3,10,1,,6.4082803368855235,,,
ROBOT_RELOC,,3,10,2,,4.806276351705316,,,
ROBOT_RELOC,,3,10,3,,6.420444203970073,,,
ROBOT_RELOC,,3,10,4,,5.570325563360528,,,
ROBOT_RELOC,,3,10,5,,6.764305345629208,,,
ROBOT_RELOC,,3,10,6,,5.66237553158059,,,
ROBOT_RELOC,,3,10,7,,4.124345374566442,,,
ROBOT_RELOC,,3,10,8,,7.965988135005071,,,
ROBOT_RELOC,,3,10,9,,4.8982792289976045,,,
ROBOT_RELOC,,3,10,10,,0.0,,,
ROBOT_RELOC,,3,10,11,,1.2143542836624366,,,
ROBOT_RELOC,,3,10,12,,2.924364055747213,,,
ROBOT_RELOC,,3,10,13,,6.2913858969761955,,,
ROBOT_RELOC,,3,10,14,,7.138732374142016,,,
ROBOT_RELOC,,3,10,15,,3.1817033832921426,,,
ROBOT_RELOC,,3,10,16,,4.25800892580082,,,
ROBOT_RELOC,,3,10,17,,4.581664989654218,,,
ROBOT_RELOC,,3,11,0,,6.050067856483345,,,
ROBOT_RELOC,,3,11,1,,6.209514025310096,,,
ROBOT_RELOC,,3,11,2,,4.383105652630311,,,
ROBOT_RELOC,,3,11,3,,5.697884498885827,,,
ROBOT_RELOC,,3,11,4,,6.590400760609381,,,
ROBOT_RELOC,,3,11,5,,5.699661980510786,,,
ROBOT_RELOC,,3,11,6,,4.857260733376833,,,
ROBOT_RELOC,,3,11,7,,6.163333301426856,,,
ROBOT_RELOC,,3,11,8,,4.887048123492525,,,
ROBOT_RELOC,,3,11,9,,3.9976882987562217,,,
ROBOT_RELOC,,3,11,10,,2.4272026539883615,,,
ROBOT_RELOC,,3,11,11,,0.0,,,
ROBOT_RELOC,,3,11,12,,1.829834971689797,,,
ROBOT_RELOC,,3,11,13,,6.011473846612674,,,
ROBOT_RELOC,,3,11,14,,4.778201508798707,,,
ROBOT_RELOC,,3,11,15,,3.428583095859352,,,
ROBOT_RELOC,,3,11,16,,4.529628382845746,,,
ROBOT_RELOC,,3,11,17,,4.774898258659192,,,
ROBOT_RELOC,,3,12,0,,4.079869548750002,,,
ROBOT_RELOC,,3,12,1,,3.292857921646465,,,
ROBOT_RELOC,,3,12,2,,5.324681200692611,,,
ROBOT_RELOC,,3,12,3,,3.6063790433273124,,,
ROBOT_RELOC,,3,12,4,,5.996128209538113,,,
ROBOT_RELOC,,3,12,5,,7.342723891388434,,,
ROBOT_RELOC,,3,12,6,,7.813251929129362,,,
ROBOT_RELOC,,3,12,7,,6.693516819079024,,,
ROBOT_RELOC,,3,12,8,,5.61370776671988,,,
ROBOT_RELOC,,3,12,9,,6.3491110826434625,,,
ROBOT_RELOC,,3,12,10,,2.676196682452133,,,
ROBOT_RELOC,,3,12,11,,1.2681073348868979,,,
ROBOT_RELOC,,3,12,12,,0.0,,,
ROBOT_RELOC,,3,12,13,,7.916998591241255,,,
ROBOT_RELOC,,3,12,14,,7.229792228444854,,,
ROBOT_RELOC,,3,12,15,,7.312673396795481,,,
ROBOT_RELOC,,3,12,16,,5.49028813085722,,,
ROBOT_RELOC,,3,12,17,,3.8975149350382394,,,
ROBOT_RELOC,,3,13,0,,4.100121108571086,,,
ROBOT_RELOC,,3,13,1,,4.947251521768202,,,
ROBOT_RELOC,,3,13,2,,5.317851738517767,,,
ROBOT_RELOC,,3,13,3,,4.623486002661873,,,
ROBOT_RELOC,,3,13,4,,7.267276587036996,,,
ROBOT_RELOC,,3,13,5,,5.639215562456678,,,
ROBOT_RELOC,,3,13,6,,5.188382384009644,,,
ROBOT_RELOC,,3,13,7,,6.818617502300141,,,
ROBOT_RELOC,,3,13,8,,3.9788819102982584,,,
ROBOT_RELOC,,3,13,9,,5.928906763733711,,,
ROBOT_RELOC,,3,13,10,,5.775482963541398,,,
ROBOT_RELOC,,3,13,11,,4.813631101817624,,,
ROBOT_RELOC,,3,13,12,,6.297551078965796,,,
ROBOT_RELOC,,3,13,13,,0.0,,,
ROBOT_RELOC,,3,13,14,,1.0850475974943583,,,
ROBOT_RELOC,,3,13,15,,4.646557292871623,,,
ROBOT_RELOC,,3,13,16,,3.2651016293806157,,,
ROBOT_RELOC,,3,13,17,,5.981093970296384,,,
ROBOT_RELOC,,3,14,0,,7.680468792543142,,,
ROBOT_RELOC,,3,14,1,,6.114843971595921,,,
ROBOT_RELOC,,3,14,2,,6.082922517062007,,,
ROBOT_RELOC,,3,14,3,,3.7774412999155356,,,
ROBOT_RELOC,,3,14,4,,3.253475221514245,,,
ROBOT_RELOC,,3,14,5,,7.341761505513092,,,
ROBOT_RELOC,,3,14,6,,6.308920663497441,,,
ROBOT_RELOC,,3,14,7,,3.4286522028970934,,,
ROBOT_RELOC,,3,14,8,,3.927006471208701,,,
ROBOT_RELOC,,3,14,9,,6.905781858702905,,,
ROBOT_RELOC,,3,14,10,,7.350962552742517,,,
ROBOT_RELOC,,3,14,11,,4.919381026486693,,,
ROBOT_RELOC,,3,14,12,,6.082355317791044,,,
ROBOT_RELOC,,3,14,13,,2.1645572429607474,,,
ROBOT_RELOC,,3,14,14,,0.0,,,
ROBOT_RELOC,,3,14,15,,4.592121598230035,,,
ROBOT_RELOC,,3,14,16,,7.0129908443650395,,,
ROBOT_RELOC,,3,14,17,,3.4156859039192633,,,
ROBOT_RELOC,,3,15,0,,3.2823082228783216,,,
ROBOT_RELOC,,3,15,1,,6.521788434413011,,,
ROBOT_RELOC,,3,15,2,,3.420286418023417,,,
ROBOT_RELOC,,3,15,3,,6.353968302900219,,,
ROBOT_RELOC,,3,15,4,,3.135782405652389,,,
ROBOT_RELOC,,3,15,5,,6.824036110255992,,,
ROBOT_RELOC,,3,15,6,,7.919127961872647,,,
ROBOT_RELOC,,3,15,7,,7.221425052138551,,,
ROBOT_RELOC,,3,15,8,,7.998528467948164,,,
ROBOT_RELOC,,3,15,9,,6.820473406554994,,,
ROBOT_RELOC,,3,15,10,,3.935579062344213,,,
ROBOT_RELOC,,3,15,11,,3.953804845861426,,,
ROBOT_RELOC,,3,15,12,,3.8514056302342787,,,
ROBOT_RELOC,,3,15,13,,4.406971125485664,,,
ROBOT_RELOC,,3,15,14,,3.8660353025876892,,,
ROBOT_RELOC,,3,15,15,,0.0,,,
ROBOT_RELOC,,3,15,16,,2.2350992391770834,,,
ROBOT_RELOC,,3,15,17,,1.5785094113726748,,,
ROBOT_RELOC,,3,16,0,,7.8184637093630975,,,
ROBOT_RELOC,,3,16,1,,5.835530529777644,,,
ROBOT_RELOC,,3,16,2,,4.596189498367173,,,
ROBOT_RELOC,,3,16,3,,6.215037657886358,,,
ROBOT_RELOC,,3,16,4,,3.189619120743318,,,
ROBOT_RELOC,,3,16,5,,5.287581173465106,,,
ROBOT_RELOC,,3,16,6,,3.0785368974408334,,,
ROBOT_RELOC,,3,16,7,,3.685241241810759,,,
ROBOT_RELOC,,3,16,8,,5.370623974303172,,,
ROBOT_RELOC,,3,16,9,,3.5583447314251764,,,
ROBOT_RELOC,,3,16,10,,7.194646614469305,,,
ROBOT_RELOC,,3,16,11,,6.954496058567202,,,
ROBOT_RELOC,,3,16,12,,5.898793880610739,,,
ROBOT_RELOC,,3,16,13,,4.224322152916693,,,
ROBOT_RELOC,,3,16,14,,7.533550423738842,,,
ROBOT_RELOC,,3,16,15,,1.9518911629962918,,,
ROBOT_RELOC,,3,16,16,,0.0,,,
ROBOT_RELOC,,3,16,17,,2.1916522104738885,,,
ROBOT_RELOC,,3,17,0,,5.201326747461714,,,
ROBOT_RELOC,,3,17,1,,3.167621829448752,,,
ROBOT_RELOC,,3,17,2,,7.5487355327293475,,,
ROBOT_RELOC,,3,17,3,,3.4639375288930396,,,
ROBOT_RELOC,,3,17,4,,3.8834795502013844,,,
ROBOT_RELOC,,3,17,5,,4.304758169340481,,,
ROBOT_RELOC,,3,17,6,,4.146256498321898,,,
ROBOT_RELOC,,3,17,7,,7.012188395820652,,,
ROBOT_RELOC,,3,17,8,,4.069888628370346,,,
ROBOT_RELOC,,3,17,9,,4.918840763967172,,,
ROBOT_RELOC,,3,17,10,,5.11648075844457,,,
ROBOT_RELOC,,3,17,11,,6.167107295647326,,,
ROBOT_RELOC,,3,17,12,,7.963114343586512,,,
ROBOT_RELOC,,3,17,13,,3.7024260510042746,,,
ROBOT_RELOC,,3,17,14,,3.2491492814391103,,,
ROBOT_RELOC,,3,17,15,,1.7732683499665873,,,
ROBOT_RELOC,,3,17,16,,1.3922240279278022,,,
ROBOT_RELOC,,3,17,17,,0.0,,,
ROBOT_RELOC,,4,0,0,,0.0,,,
ROBOT_RELOC,,4,0,1,,1.8598385887596545,,,
ROBOT_RELOC,,4,0,2,,5.686477463811475,,,
ROBOT_RELOC,,4,0,3,,3.1310152121665626,,,
ROBOT_RELOC,,4,0,4,,4.725577480433242,,,
ROBOT_RELOC,,4,0,5,,5.543128418863282,,,
ROBOT_RELOC,,4,0,6,,3.09878551396373,,,
ROBOT_RELOC,,4,0,7,,4.123060490205916,,,
ROBOT_RELOC,,4,0,8,,6.283963588201552,,,
ROBOT_RELOC,,4,0,9,,7.976729865384967,,,
ROBOT_RELOC,,4,0,10,,3.430458333229538,,,
ROBOT_RELOC,,4,0,11,,5.4441081206921975,,,
ROBOT_RELOC,,4,0,12,,4.081202548075465,,,
ROBOT_RELOC,,4,0,13,,7.3912874952364165,,,
ROBOT_RELOC,,4,0,14,,3.569687370321128,,,
ROBOT_RELOC,,4,0,15,,4.844536817014159,,,
ROBOT_RELOC,,4,0,16,,7.551842663304557,,,
ROBOT_RELOC,,4,0,17,,6.436012019394128,,,
ROBOT_RELOC,,4,1,0,,1.9453308732178434,,,
ROBOT_RELOC,,4,1,1,,0.0,,,
ROBOT_RELOC,,4,1,2,,4.468034155639325,,,
ROBOT_RELOC,,4,1,3,,7.838512777167438,,,
ROBOT_RELOC,,4,1,4,,4.980729728524446,,,
ROBOT_RELOC,,4,1,5,,6.326812394340725,,,
ROBOT_RELOC,,4,1,6,,7.827671296858193,,,
ROBOT_RELOC,,4,1,7,,6.845947271918172,,,
ROBOT_RELOC,,4,1,8,,3.4736105477058294,,,
ROBOT_RELOC,,4,1,9,,7.1462217476450025,,,
ROBOT_RELOC,,4,1,10,,5.434993998625387,,,
ROBOT_RELOC,,4,1,11,,5.086997681978749,,,
ROBOT_RELOC,,4,1,12,,3.1973487496399224,,,
ROBOT_RELOC,,4,1,13,,5.564979820549726,,,
ROBOT_RELOC,,4,1,14,,7.673614614666805,,,
ROBOT_RELOC,,4,1,15,,7.745576735587582,,,
ROBOT_RELOC,,4,1,16,,3.5180056578934544,,,
ROBOT_RELOC,,4,1,17,,5.007181932019606,,,
ROBOT_RELOC,,4,2,0,,5.228711772088246,,,
ROBOT_RELOC,,4,2,1,,4.732250979077362,,,
ROBOT_RELOC,,4,2,2,,0.0,,,
ROBOT_RELOC,,4,2,3,,6.496916960174612,,,
ROBOT_RELOC,,4,2,4,,5.4777670782626275,,,
ROBOT_RELOC,,4,2,5,,7.961119718703408,,,
ROBOT_RELOC,,4,2,6,,5.936701694808566,,,
ROBOT_RELOC,,4,2,7,,3.2695781297067197,,,
ROBOT_RELOC,,4,2,8,,5.974081220565305,,,
ROBOT_RELOC,,4,2,9,,5.826867141757516,,,
ROBOT_RELOC,,4,2,10,,6.464225115435946,,,
ROBOT_RELOC,,4,2,11,,3.4385369261237946,,,
ROBOT_RELOC,,4,2,12,,5.350949343097235,,,
ROBOT_RELOC,,4,2,13,,6.217238811802421,,,
ROBOT_RELOC,,4,2,14,,6.8489617975059485,,,
ROBOT_RELOC,,4,2,15,,7.798253242856024,,,
ROBOT_RELOC,,4,2,16,,4.369609771951183,,,
ROBOT_RELOC,,4,2,17,,7.969357301976039,,,
ROBOT_RELOC,,4,3,0,,7.521197797571638,,,
ROBOT_RELOC,,4,3,1,,3.3835047262220663,,,
ROBOT_RELOC,,4,3,2,,6.149104189631209,,,
ROBOT_RELOC,,4,3,3,,0.0,,,
ROBOT_RELOC,,4,3,4,,1.5943709690157624,,,
ROBOT_RELOC,,4,3,5,,2.8718581716675504,,,
ROBOT_RELOC,,4,3,6,,7.670523734006812,,,
ROBOT_RELOC,,4,3,7,,7.6002818677620665,,,
ROBOT_RELOC,,4,3,8,,7.988111722156297,,,
ROBOT_RELOC,,4,3,9,,5.161511968302666,,,
ROBOT_RELOC,,4,3,10,,6.118034399078792,,,
ROBOT_RELOC,,4,3,11,,5.558930490770654,,,
ROBOT_RELOC,,4,3,12,,7.663706172893828,,,
ROBOT_RELOC,,4,3,13,,3.5708416876427975,,,
ROBOT_RELOC,,4,3,14,,7.816030943885009,,,
ROBOT_RELOC,,4,3,15,,6.271906517019794,,,
ROBOT_RELOC,,4,3,16,,5.642583007422054,,,
ROBOT_RELOC,,4,3,17,,4.355058193282895,,,
ROBOT_RELOC,,4,4,0,,3.614258580517404,,,
ROBOT_RELOC,,4,4,1,,6.704520756522069,,,
ROBOT_RELOC,,4,4,2,,5.711597532077652,,,
ROBOT_RELOC,,4,4,3,,1.0159414897270445,,,
ROBOT_RELOC,,4,4,4,,0.0,,,
ROBOT_RELOC,,4,4,5,,1.6629162182509056,,,
ROBOT_RELOC,,4,4,6,,5.0875274569814,,,
ROBOT_RELOC,,4,4,7,,3.621839988946734,,,
ROBOT_RELOC,,4,4,8,,3.8488726662726407,,,
ROBOT_RELOC,,4,4,9,,4.774927590929274,,,
ROBOT_RELOC,,4,4,10,,5.197871963742575,,,
ROBOT_RELOC,,4,4,11,,6.990733110934113,,,
ROBOT_RELOC,,4,4,12,,4.902104740310321,,,
ROBOT_RELOC,,4,4,13,,5.084743259087292,,,
ROBOT_RELOC,,4,4,14,,5.898278662036787,,,
ROBOT_RELOC,,4,4,15,,4.455925276814874,,,
ROBOT_RELOC,,4,4,16,,5.459979497741291,,,
ROBOT_RELOC,,4,4,17,,3.228796616392468,,,
ROBOT_RELOC,,4,5,0,,4.981851588661488,,,
ROBOT_RELOC,,4,5,1,,3.8471090486204464,,,
ROBOT_RELOC,,4,5,2,,4.8015253319287705,,,
ROBOT_RELOC,,4,5,3,,1.5159313877512761,,,
ROBOT_RELOC,,4,5,4,,2.838073523599032,,,
ROBOT_RELOC,,4,5,5,,0.0,,,
ROBOT_RELOC,,4,5,6,,6.53154245264958,,,
ROBOT_RELOC,,4,5,7,,4.407828236767714,,,
ROBOT_RELOC,,4,5,8,,6.407353655764376,,,
ROBOT_RELOC,,4,5,9,,3.4238294749787084,,,
ROBOT_RELOC,,4,5,10,,4.528431626114601,,,
ROBOT_RELOC,,4,5,11,,3.49242997258306,,,
ROBOT_RELOC,,4,5,12,,3.948345558169989,,,
ROBOT_RELOC,,4,5,13,,5.0247826531425925,,,
ROBOT_RELOC,,4,5,14,,6.179606729959038,,,
ROBOT_RELOC,,4,5,15,,5.547546731917093,,,
ROBOT_RELOC,,4,5,16,,7.810436106077297,,,
ROBOT_RELOC,,4,5,17,,3.718280276067107,,,
ROBOT_RELOC,,4,6,0,,6.894782295011259,,,
ROBOT_RELOC,,4,6,1,,7.573327616856917,,,
ROBOT_RELOC,,4,6,2,,4.462541932584482,,,
ROBOT_RELOC,,4,6,3,,6.5562739061015325,,,
ROBOT_RELOC,,4,6,4,,5.016557735219727,,,
ROBOT_RELOC,,4,6,5,,6.093660346311081,,,
ROBOT_RELOC,,4,6,6,,0.0,,,
ROBOT_RELOC,,4,6,7,,4.950389486477738,,,
ROBOT_RELOC,,4,6,8,,3.734787532809953,,,
ROBOT_RELOC,,4,6,9,,6.639849682999598,,,
ROBOT_RELOC,,4,6,10,,6.5404928030127305,,,
ROBOT_RELOC,,4,6,11,,6.922358287984471,,,
ROBOT_RELOC,,4,6,12,,6.2651138989741995,,,
ROBOT_RELOC,,4,6,13,,5.118656121346234,,,
ROBOT_RELOC,,4,6,14,,5.4944325528947076,,,
ROBOT_RELOC,,4,6,15,,7.686796024107027,,,
ROBOT_RELOC,,4,6,16,,6.122921236856041,,,
ROBOT_RELOC,,4,6,17,,5.214392064067847,,,
ROBOT_RELOC,,4,7,0,,5.166852559687211,,,
ROBOT_RELOC,,4,7,1,,3.770146351378233,,,
ROBOT_RELOC,,4,7,2,,5.688663743923341,,,
ROBOT_RELOC,,4,7,3,,7.193357225175626,,,
ROBOT_RELOC,,4,7,4,,4.96606376790799,,,
ROBOT_RELOC,,4,7,5,,6.4414437414238215,,,
ROBOT_RELOC,,4,7,6,,4.941416504004595,,,
ROBOT_RELOC,,4,7,7,,0.0,,,
ROBOT_RELOC,,4,7,8,,1.7843531915523254,,,
ROBOT_RELOC,,4,7,9,,1.6109391121481065,,,
ROBOT_RELOC,,4,7,10,,4.861041924603699,,,
ROBOT_RELOC,,4,7,11,,4.628832843842161,,,
ROBOT_RELOC,,4,7,12,,7.889228210895677,,,
ROBOT_RELOC,,4,7,13,,3.4041217392963343,,,
ROBOT_RELOC,,4,7,14,,7.162932357253506,,,
ROBOT_RELOC,,4,7,15,,7.919206746236816,,,
ROBOT_RELOC,,4,7,16,,3.753900532956294,,,
ROBOT_RELOC,,4,7,17,,5.228787763679894,,,
ROBOT_RELOC,,4,8,0,,5.237424599515434,,,
ROBOT_RELOC,,4,8,1,,6.920930344820852,,,
ROBOT_RELOC,,4,8,2,,4.909738794175223,,,
ROBOT_RELOC,,4,8,3,,4.143320622197299,,,
ROBOT_RELOC,,4,8,4,,6.002160029193735,,,
ROBOT_RELOC,,4,8,5,,4.2129922603614585,,,
ROBOT_RELOC,,4,8,6,,4.034714431785315,,,
ROBOT_RELOC,,4,8,7,,1.9215930569806172,,,
ROBOT_RELOC,,4,8,8,,0.0,,,
ROBOT_RELOC,,4,8,9,,2.4282618983537314,,,
ROBOT_RELOC,,4,8,10,,6.742860854371925,,,
ROBOT_RELOC,,4,8,11,,6.932942218851194,,,
ROBOT_RELOC,,4,8,12,,4.413108507205703,,,
ROBOT_RELOC,,4,8,13,,5.432782776704198,,,
ROBOT_RELOC,,4,8,14,,7.7855852080025425,,,
ROBOT_RELOC,,4,8,15,,4.689213158350174,,,
ROBOT_RELOC,,4,8,16,,6.497949109835151,,,
ROBOT_RELOC,,4,8,17,,5.160169261319433,,,
ROBOT_RELOC,,4,9,0,,7.667621412933258,,,
ROBOT_RELOC,,4,9,1,,6.755970661304206,,,
ROBOT_RELOC,,4,9,2,,7.326238692536431,,,
ROBOT_RELOC,,4,9,3,,7.298105678668367,,,
ROBOT_RELOC,,4,9,4,,5.0459047788990965,,,
ROBOT_RELOC,,4,9,5,,3.2026445550013083,,,
ROBOT_RELOC,,4,9,6,,7.638147095735466,,,
ROBOT_RELOC,,4,9,7,,1.544540041280321,,,
ROBOT_RELOC,,4,9,8,,2.377216397981787,,,
ROBOT_RELOC,,4,9,9,,0.0,,,
ROBOT_RELOC,,4,9,10,,6.312874198285705,,,
ROBOT_RELOC,,4,9,11,,6.8020446090505455,,,
ROBOT_RELOC,,4,9,12,,4.544651025532201,,,
ROBOT_RELOC,,4,9,13,,3.7435195196990123,,,
ROBOT_RELOC,,4,9,14,,6.543872401650203,,,
ROBOT_RELOC,,4,9,15,,6.498551324591021,,,
ROBOT_RELOC,,4,9,16,,6.526396398747637,,,
ROBOT_RELOC,,4,9,17,,5.957842269150886,,,
ROBOT_RELOC,,4,10,0,,3.4453008153051945,,,
ROBOT_RELOC,,4,10,1,,7.307114084782074,,,
ROBOT_RELOC,,4,10,2,,3.5732025660162483,,,
ROBOT_RELOC,,4,10,3,,6.634412873147735,,,
ROBOT_RELOC,,4,10,4,,5.829497289431211,,,
ROBOT_RELOC,,4,10,5,,7.005733119498012,,,
ROBOT_RELOC,,4,10,6,,3.625787001062657,,,
ROBOT_RELOC,,4,10,7,,7.57371004426756,,,
ROBOT_RELOC,,4,10,8,,7.229809983170566,,,
ROBOT_RELOC,,4,10,9,,7.537137037752909,,,
ROBOT_RELOC,,4,10,10,,0.0,,,
ROBOT_RELOC,,4,10,11,,2.674419156994502,,,
ROBOT_RELOC,,4,10,12,,1.016732566947714,,,
ROBOT_RELOC,,4,10,13,,7.714569282829983,,,
ROBOT_RELOC,,4,10,14,,4.476679690036747,,,
ROBOT_RELOC,,4,10,15,,6.762989982341065,,,
ROBOT_RELOC,,4,10,16,,4.199818633998106,,,
ROBOT_RELOC,,4,10,17,,3.1558421381887136,,,
ROBOT_RELOC,,4,11,0,,3.606251539840439,,,
ROBOT_RELOC,,4,11,1,,5.800558260257678,,,
ROBOT_RELOC,,4,11,2,,3.9508435661458874,,,
ROBOT_RELOC,,4,11,3,,4.938277105468176,,,
ROBOT_RELOC,,4,11,4,,7.535241409725188,,,
ROBOT_RELOC,,4,11,5,,5.6660060802554835,,,
ROBOT_RELOC,,4,11,6,,4.34163809242531,,,
ROBOT_RELOC,,4,11,7,,5.221861952582669,,,
ROBOT_RELOC,,4,11,8,,4.764486455949631,,,
ROBOT_RELOC,,4,11,9,,7.147891374465675,,,
ROBOT_RELOC,,4,11,10,,2.8339634348970533,,,
ROBOT_RELOC,,4,11,11,,0.0,,,
ROBOT_RELOC,,4,11,12,,2.0799498323275207,,,
ROBOT_RELOC,,4,11,13,,6.9580628230610895,,,
ROBOT_RELOC,,4,11,14,,5.869269616974579,,,
ROBOT_RELOC,,4,11,15,,3.324862093017559,,,
ROBOT_RELOC,,4,11,16,,3.14970891053377,,,
ROBOT_RELOC,,4,11,17,,4.21043422230818,,,
ROBOT_RELOC,,4,12,0,,5.387609876611694,,,
ROBOT_RELOC,,4,12,1,,4.36423838379005,,,
ROBOT_RELOC,,4,12,2,,6.7134598108200345,,,
ROBOT_RELOC,,4,12,3,,5.268833048963463,,,
ROBOT_RELOC,,4,12,4,,4.403375426444623,,,
ROBOT_RELOC,,4,12,5,,7.45628009863137,,,
ROBOT_RELOC,,4,12,6,,7.692567715001706,,,
ROBOT_RELOC,,4,12,7,,7.9487359137507285,,,
ROBOT_RELOC,,4,12,8,,5.544142814016007,,,
ROBOT_RELOC,,4,12,9,,7.1933354296782275,,,
ROBOT_RELOC,,4,12,10,,2.6547510886878585,,,
ROBOT_RELOC,,4,12,11,,1.7850934881670906,,,
ROBOT_RELOC,,4,12,12,,0.0,,,
ROBOT_RELOC,,4,12,13,,5.436091931254024,,,
ROBOT_RELOC,,4,12,14,,6.364261484417051,,,
ROBOT_RELOC,,4,12,15,,3.0635200767390836,,,
ROBOT_RELOC,,4,12,16,,4.37231673086586,,,
ROBOT_RELOC,,4,12,17,,4.633177739528188,,,
ROBOT_RELOC,,4,13,0,,3.269442842684575,,,
ROBOT_RELOC,,4,13,1,,6.195964158991984,,,
ROBOT_RELOC,,4,13,2,,3.7514204372277433,,,
ROBOT_RELOC,,4,13,3,,3.8861648154072226,,,
ROBOT_RELOC,,4,13,4,,4.389865451283347,,,
ROBOT_RELOC,,4,13,5,,4.638929283449362,,,
ROBOT_RELOC,,4,13,6,,3.723900951700434,,,
ROBOT_RELOC,,4,13,7,,4.768825612090902,,,
ROBOT_RELOC,,4,13,8,,4.940652038446951,,,
ROBOT_RELOC,,4,13,9,,4.299853751966792,,,
ROBOT_RELOC,,4,13,10,,3.9262471614092678,,,
ROBOT_RELOC,,4,13,11,,4.37838911310392,,,
ROBOT_RELOC,,4,13,12,,3.648866061435074,,,
ROBOT_RELOC,,4,13,13,,0.0,,,
ROBOT_RELOC,,4,13,14,,2.5190529749781705,,,
ROBOT_RELOC,,4,13,15,,5.739572969030899,,,
ROBOT_RELOC,,4,13,16,,6.926106819328705,,,
ROBOT_RELOC,,4,13,17,,5.395236908003685,,,
ROBOT_RELOC,,4,14,0,,4.995313262497104,,,
ROBOT_RELOC,,4,14,1,,6.194184823532346,,,
ROBOT_RELOC,,4,14,2,,6.497919781750972,,,
ROBOT_RELOC,,4,14,3,,7.425261678438298,,,
ROBOT_RELOC,,4,14,4,,4.768403240678097,,,
ROBOT_RELOC,,4,14,5,,7.880879589427371,,,
ROBOT_RELOC,,4,14,6,,7.68829154519388,,,
ROBOT_RELOC,,4,14,7,,4.225846946072838,,,
ROBOT_RELOC,,4,14,8,,3.78906584222536,,,
ROBOT_RELOC,,4,14,9,,4.536261449281151,,,
ROBOT_RELOC,,4,14,10,,7.456219404020343,,,
ROBOT_RELOC,,4,14,11,,6.1522463850455305,,,
ROBOT_RELOC,,4,14,12,,3.1611646179863753,,,
ROBOT_RELOC,,4,14,13,,1.9202702900232191,,,
ROBOT_RELOC,,4,14,14,,0.0,,,
ROBOT_RELOC,,4,14,15,,7.109768893008796,,,
ROBOT_RELOC,,4,14,16,,6.908350063892181,,,
ROBOT_RELOC,,4,14,17,,6.191355490737159,,,
ROBOT_RELOC,,4,15,0,,4.089250013098046,,,
ROBOT_RELOC,,4,15,1,,4.711848232589945,,,
ROBOT_RELOC,,4,15,2,,3.526819550116675,,,
ROBOT_RELOC,,4,15,3,,6.905602713534785,,,
ROBOT_RELOC,,4,15,4,,6.793926820271565,,,
ROBOT_RELOC,,4,15,5,,4.793796795405705,,,
ROBOT_RELOC,,4,15,6,,7.734357226894782,,,
ROBOT_RELOC,,4,15,7,,3.6810014916179137,,,
ROBOT_RELOC,,4,15,8,,3.8740807143512193,,,
ROBOT_RELOC,,4,15,9,,5.882772298422149,,,
ROBOT_RELOC,,4,15,10,,4.030776518028891,,,
ROBOT_RELOC,,4,15,11,,7.671006003302695,,,
ROBOT_RELOC,,4,15,12,,6.286699480515333,,,
ROBOT_RELOC,,4,15,13,,5.672966167124985,,,
ROBOT_RELOC,,4,15,14,,6.846398470285061,,,
ROBOT_RELOC,,4,15,15,,0.0,,,
ROBOT_RELOC,,4,15,16,,1.8516251750637618,,,
ROBOT_RELOC,,4,15,17,,1.9679545900370872,,,
ROBOT_RELOC,,4,16,0,,3.161306937219599,,,
ROBOT_RELOC,,4,16,1,,7.539021972409486,,,
ROBOT_RELOC,,4,16,2,,5.029024219105394,,,
ROBOT_RELOC,,4,16,3,,5.870553888222801,,,
ROBOT_RELOC,,4,16,4,,4.508074765822194,,,
ROBOT_RELOC,,4,16,5,,3.813112732564093,,,
ROBOT_RELOC,,4,16,6,,5.510805751775096,,,
ROBOT_RELOC,,4,16,7,,7.6081333341869675,,,
ROBOT_RELOC,,4,16,8,,3.4545622281504857,,,
ROBOT_RELOC,,4,16,9,,3.827812883125051,,,
ROBOT_RELOC,,4,16,10,,7.211153483360242,,,
ROBOT_RELOC,,4,16,11,,6.950637950137006,,,
ROBOT_RELOC,,4,16,12,,4.5461166431323985,,,
ROBOT_RELOC,,4,16,13,,7.230046360100371,,,
ROBOT_RELOC,,4,16,14,,6.699959416780814,,,
ROBOT_RELOC,,4,16,15,,1.7380327553563881,,,
ROBOT_RELOC,,4,16,16,,0.0,,,
ROBOT_RELOC,,4,16,17,,1.3320236094424458,,,
ROBOT_RELOC,,4,17,0,,4.137862701717724,,,
ROBOT_RELOC,,4,17,1,,4.2233281901689335,,,
ROBOT_RELOC,,4,17,2,,3.138170440686004,,,
ROBOT_RELOC,,4,17,3,,5.37206906137204,,,
ROBOT_RELOC,,4,17,4,,7.900122867412402,,,
ROBOT_RELOC,,4,17,5,,7.449510827949203,,,
ROBOT_RELOC,,4,17,6,,6.883419504546387,,,
ROBOT_RELOC,,4,17,7,,5.371678817861097,,,
ROBOT_RELOC,,4,17,8,,5.123811172170905,,,
ROBOT_RELOC,,4,17,9,,4.091330553113102,,,
ROBOT_RELOC,,4,17,10,,5.474938273187213,,,
ROBOT_RELOC,,4,17,11,,7.412134363652413,,,
ROBOT_RELOC,,4,17,12,,6.370294423845178,,,
ROBOT_RELOC,,4,17,13,,6.722055146534139,,,
ROBOT_RELOC,,4,17,14,,4.564415286801252,,,
ROBOT_RELOC,,4,17,15,,1.403381309076431,,,
ROBOT_RELOC,,4,17,16,,1.513702158250665,,,
ROBOT_RELOC,,4,17,17,,0.0,,,
ROBOT_RELOC,,5,0,0,,0.0,,,
ROBOT_RELOC,,5,0,1,,1.8377806701661026,,,
ROBOT_RELOC,,5,0,2,,7.714039841432567,,,
ROBOT_RELOC,,5,0,3,,3.4548452613217497,,,
ROBOT_RELOC,,5,0,4,,5.853212869143232,,,
ROBOT_RELOC,,5,0,5,,6.9807827264734055,,,
ROBOT_RELOC,,5,0,6,,6.204128702805233,,,
ROBOT_RELOC,,5,0,7,,4.877426629331061,,,
ROBOT_RELOC,,5,0,8,,5.9539652806856616,,,
ROBOT_RELOC,,5,0,9,,5.523054117041328,,,
ROBOT_RELOC,,5,0,10,,5.331888275619469,,,
ROBOT_RELOC,,5,0,11,,5.326757448742329,,,
ROBOT_RELOC,,5,0,12,,3.3474008794592165,,,
ROBOT_RELOC,,5,0,13,,6.116685541646312,,,
ROBOT_RELOC,,5,0,14,,4.727810687683814,,,
ROBOT_RELOC,,5,0,15,,4.283262799309434,,,
ROBOT_RELOC,,5,0,16,,6.918501681322573,,,
ROBOT_RELOC,,5,0,17,,3.15059720229356,,,
ROBOT_RELOC,,5,1,0,,2.230462468419711,,,
ROBOT_RELOC,,5,1,1,,0.0,,,
ROBOT_RELOC,,5,1,2,,5.742859452072467,,,
ROBOT_RELOC,,5,1,3,,3.797219749666835,,,
ROBOT_RELOC,,5,1,4,,5.106464728715967,,,
ROBOT_RELOC,,5,1,5,,4.944211591803525,,,
ROBOT_RELOC,,5,1,6,,4.913271383626766,,,
ROBOT_RELOC,,5,1,7,,5.857552687583299,,,
ROBOT_RELOC,,5,1,8,,3.127228810307225,,,
ROBOT_RELOC,,5,1,9,,5.846683039258677,,,
ROBOT_RELOC,,5,1,10,,3.2208883100914854,,,
ROBOT_RELOC,,5,1,11,,5.243494429075525,,,
ROBOT_RELOC,,5,1,12,,7.580798081304876,,,
ROBOT_RELOC,,5,1,13,,7.678265124645002,,,
ROBOT_RELOC,,5,1,14,,5.112825097442251,,,
ROBOT_RELOC,,5,1,15,,6.1838864881138305,,,
ROBOT_RELOC,,5,1,16,,7.636539159817196,,,
ROBOT_RELOC,,5,1,17,,7.416150034483167,,,
ROBOT_RELOC,,5,2,0,,7.072360340948694,,,
ROBOT_RELOC,,5,2,1,,3.472746460069886,,,
ROBOT_RELOC,,5,2,2,,0.0,,,
ROBOT_RELOC,,5,2,3,,6.1662948009650815,,,
ROBOT_RELOC,,5,2,4,,7.768198805209548,,,
ROBOT_RELOC,,5,2,5,,3.915614401650711,,,
ROBOT_RELOC,,5,2,6,,5.794332110818541,,,
ROBOT_RELOC,,5,2,7,,6.760619737036848,,,
ROBOT_RELOC,,5,2,8,,3.536545895276688,,,
ROBOT_RELOC,,5,2,9,,5.387200187568617,,,
ROBOT_RELOC,,5,2,10,,7.413119311198396,,,
ROBOT_RELOC,,5,2,11,,6.42850739810094,,,
ROBOT_RELOC,,5,2,12,,6.976127201473479,,,
ROBOT_RELOC,,5,2,13,,3.9659073820665194,,,
ROBOT_RELOC,,5,2,14,,5.541065644760681,,,
ROBOT_RELOC,,5,2,15,,3.0461810220648484,,,
ROBOT_RELOC,,5,2,16,,7.1697648086853185,,,
ROBOT_RELOC,,5,2,17,,3.3248104982783855,,,
ROBOT_RELOC,,5,3,0,,7.48485385921108,,,
ROBOT_RELOC,,5,3,1,,6.665693170072138,,,
ROBOT_RELOC,,5,3,2,,7.093429037740731,,,
ROBOT_RELOC,,5,3,3,,0.0,,,
ROBOT_RELOC,,5,3,4,,2.285507625048871,,,
ROBOT_RELOC,,5,3,5,,2.223986920966155,,,
ROBOT_RELOC,,5,3,6,,4.29925939619394,,,
ROBOT_RELOC,,5,3,7,,6.1630573656810395,,,
ROBOT_RELOC,,5,3,8,,6.235251059713744,,,
ROBOT_RELOC,,5,3,9,,7.228446958671224,,,
ROBOT_RELOC,,5,3,10,,6.414756225219275,,,
ROBOT_RELOC,,5,3,11,,5.02384999938214,,,
ROBOT_RELOC,,5,3,12,,7.811436248145854,,,
ROBOT_RELOC,,5,3,13,,5.199565476638456,,,
ROBOT_RELOC,,5,3,14,,5.473147976265125,,,
ROBOT_RELOC,,5,3,15,,3.0634626268853515,,,
ROBOT_RELOC,,5,3,16,,5.454993107546123,,,
ROBOT_RELOC,,5,3,17,,6.288700245203245,,,
ROBOT_RELOC,,5,4,0,,3.1556991953534976,,,
ROBOT_RELOC,,5,4,1,,7.453265917659849,,,
ROBOT_RELOC,,5,4,2,,6.218924598604605,,,
ROBOT_RELOC,,5,4,3,,1.8624470462717384,,,
ROBOT_RELOC,,5,4,4,,0.0,,,
ROBOT_RELOC,,5,4,5,,2.064939752154493,,,
ROBOT_RELOC,,5,4,6,,5.294929810183283,,,
ROBOT_RELOC,,5,4,7,,5.5297873326062925,,,
ROBOT_RELOC,,5,4,8,,4.685460949596756,,,
ROBOT_RELOC,,5,4,9,,6.6738043837633185,,,
ROBOT_RELOC,,5,4,10,,4.44484850827893,,,
ROBOT_RELOC,,5,4,11,,6.160679279105269,,,
ROBOT_RELOC,,5,4,12,,5.057838601969095,,,
ROBOT_RELOC,,5,4,13,,7.4834567101244325,,,
ROBOT_RELOC,,5,4,14,,5.913373235419348,,,
ROBOT_RELOC,,5,4,15,,3.5252132109036998,,,
ROBOT_RELOC,,5,4,16,,7.603837608538213,,,
ROBOT_RELOC,,5,4,17,,7.359097930110166,,,
ROBOT_RELOC,,5,5,0,,5.577101508095585,,,
ROBOT_RELOC,,5,5,1,,4.173595310120719,,,
ROBOT_RELOC,,5,5,2,,4.461174531004675,,,
ROBOT_RELOC,,5,5,3,,1.068749978841881,,,
ROBOT_RELOC,,5,5,4,,1.0879702655655523,,,
ROBOT_RELOC,,5,5,5,,0.0,,,
ROBOT_RELOC,,5,5,6,,4.675717805800685,,,
ROBOT_RELOC,,5,5,7,,6.429465356178814,,,
ROBOT_RELOC,,5,5,8,,3.166939663558568,,,
ROBOT_RELOC,,5,5,9,,7.401747827166795,,,
ROBOT_RELOC,,5,5,10,,6.627473185292092,,,
ROBOT_RELOC,,5,5,11,,7.016250792049047,,,
ROBOT_RELOC,,5,5,12,,6.609403587059794,,,
ROBOT_RELOC,,5,5,13,,6.2098065495250285,,,
ROBOT_RELOC,,5,5,14,,3.5803271365968077,,,
ROBOT_RELOC,,5,5,15,,3.98198630120629,,,
ROBOT_RELOC,,5,5,16,,5.788709774405851,,,
ROBOT_RELOC,,5,5,17,,7.4550563264125795,,,
ROBOT_RELOC,,5,6,0,,6.969539869746567,,,
ROBOT_RELOC,,5,6,1,,5.278924969181449,,,
ROBOT_RELOC,,5,6,2,,3.300403867897257,,,
ROBOT_RELOC,,5,6,3,,4.445144840287173,,,
ROBOT_RELOC,,5,6,4,,7.922395137250551,,,
ROBOT_RELOC,,5,6,5,,7.1253842838173345,,,
ROBOT_RELOC,,5,6,6,,0.0,,,
ROBOT_RELOC,,5,6,7,,4.894109357248544,,,
ROBOT_RELOC,,5,6,8,,3.0917002888908645,,,
ROBOT_RELOC,,5,6,9,,4.556007259504475,,,
ROBOT_RELOC,,5,6,10,,4.4177269712316365,,,
ROBOT_RELOC,,5,6,11,,6.743903899708529,,,
ROBOT_RELOC,,5,6,12,,5.6828184330468305,,,
ROBOT_RELOC,,5,6,13,,4.672488667793973,,,
ROBOT_RELOC,,5,6,14,,6.542436682878636,,,
ROBOT_RELOC,,5,6,15,,5.925471499391389,,,
ROBOT_RELOC,,5,6,16,,5.11884898079092,,,
ROBOT_RELOC,,5,6,17,,3.555593791327913,,,
ROBOT_RELOC,,5,7,0,,6.400951824126847,,,
ROBOT_RELOC,,5,7,1,,3.1866053586405654,,,
ROBOT_RELOC,,5,7,2,,7.97346010581923,,,
ROBOT_RELOC,,5,7,3,,4.710841482494057,,,
ROBOT_RELOC,,5,7,4,,3.9037164012929133,,,
ROBOT_RELOC,,5,7,5,,4.017085131264227,,,
ROBOT_RELOC,,5,7,6,,7.8678808366128825,,,
ROBOT_RELOC,,5,7,7,,0.0,,,
ROBOT_RELOC,,5,7,8,,2.7635883920757682,,,
ROBOT_RELOC,,5,7,9,,2.2241652218382115,,,
ROBOT_RELOC,,5,7,10,,3.6321562781440364,,,
ROBOT_RELOC,,5,7,11,,4.396222231023894,,,
ROBOT_RELOC,,5,7,12,,6.674775734732386,,,
ROBOT_RELOC,,5,7,13,,6.655614532826107,,,
ROBOT_RELOC,,5,7,14,,6.458105406870659,,,
ROBOT_RELOC,,5,7,15,,4.8580240395139045,,,
ROBOT_RELOC,,5,7,16,,3.3460029237763256,,,
ROBOT_RELOC,,5,7,17,,3.0681979830123263,,,
ROBOT_RELOC,,5,8,0,,5.738993801890269,,,
ROBOT_RELOC,,5,8,1,,4.648882275404028,,,
ROBOT_RELOC,,5,8,2,,4.557976319357321,,,
ROBOT_RELOC,,5,8,3,,4.1719647066607095,,,
ROBOT_RELOC,,5,8,4,,5.813941148498513,,,
ROBOT_RELOC,,5,8,5,,4.152781098278338,,,
ROBOT_RELOC,,5,8,6,,5.207317798927755,,,
ROBOT_RELOC,,5,8,7,,2.3324030830881153,,,
ROBOT_RELOC,,5,8,8,,0.0,,,
ROBOT_RELOC,,5,8,9,,2.164835287353047,,,
ROBOT_RELOC,,5,8,10,,7.945848121592645,,,
ROBOT_RELOC,,5,8,11,,6.080113762301796,,,
ROBOT_RELOC,,5,8,12,,4.079060412131148,,,
ROBOT_RELOC,,5,8,13,,3.6163925029328094,,,
ROBOT_RELOC,,5,8,14,,7.427864519205083,,,
ROBOT_RELOC,,5,8,15,,7.965111251956261,,,
ROBOT_RELOC,,5,8,16,,4.787407852233899,,,
ROBOT_RELOC,,5,8,17,,5.702540814266996,,,
ROBOT_RELOC,,5,9,0,,3.3078613057752273,,,
ROBOT_RELOC,,5,9,1,,7.738081357645942,,,
ROBOT_RELOC,,5,9,2,,4.2757489722107795,,,
ROBOT_RELOC,,5,9,3,,5.248972912547304,,,
ROBOT_RELOC,,5,9,4,,4.93660822480564,,,
ROBOT_RELOC,,5,9,5,,3.9500077827899545,,,
ROBOT_RELOC,,5,9,6,,7.048963538129971,,,
ROBOT_RELOC,,5,9,7,,2.482844592568316,,,
ROBOT_RELOC,,5,9,8,,1.351115785943623,,,
ROBOT_RELOC,,5,9,9,,0.0,,,
ROBOT_RELOC,,5,9,10,,5.054122648180551,,,
ROBOT_RELOC,,5,9,11,,4.338895429808865,,,
ROBOT_RELOC,,5,9,12,,4.5650929363339605,,,
ROBOT_RELOC,,5,9,13,,3.588157301775219,,,
ROBOT_RELOC,,5,9,14,,4.999730632559777,,,
ROBOT_RELOC,,5,9,15,,6.366442907432868,,,
ROBOT_RELOC,,5,9,16,,7.790262705382802,,,
ROBOT_RELOC,,5,9,17,,6.5215390188059255,,,
ROBOT_RELOC,,5,10,0,,4.849007793491091,,,
ROBOT_RELOC,,5,10,1,,3.4789013553185812,,,
ROBOT_RELOC,,5,10,2,,3.267015881667949,,,
ROBOT_RELOC,,5,10,3,,3.509115835108633,,,
ROBOT_RELOC,,5,10,4,,4.001692080842753,,,
ROBOT_RELOC,,5,10,5,,5.781915986914241,,,
ROBOT_RELOC,,5,10,6,,6.338290627262216,,,
ROBOT_RELOC,,5,10,7,,3.3931325564620036,,,
ROBOT_RELOC,,5,10,8,,3.487039084645777,,,
ROBOT_RELOC,,5,10,9,,3.354157877080924,,,
ROBOT_RELOC,,5,10,10,,0.0,,,
ROBOT_RELOC,,5,10,11,,2.0344861253691686,,,
ROBOT_RELOC,,5,10,12,,1.894372385315773,,,
ROBOT_RELOC,,5,10,13,,6.23057125921995,,,
ROBOT_RELOC,,5,10,14,,5.489052905829283,,,
ROBOT_RELOC,,5,10,15,,3.1012686161626153,,,
ROBOT_RELOC,,5,10,16,,4.137137300437222,,,
ROBOT_RELOC,,5,10,17,,3.091748091180622,,,
ROBOT_RELOC,,5,11,0,,4.5975237193212966,,,
ROBOT_RELOC,,5,11,1,,3.4541070757255783,,,
ROBOT_RELOC,,5,11,2,,5.661147906931252,,,
ROBOT_RELOC,,5,11,3,,6.730949230674915,,,
ROBOT_RELOC,,5,11,4,,3.3060635491338464,,,
ROBOT_RELOC,,5,11,5,,6.409635944112492,,,
ROBOT_RELOC,,5,11,6,,7.1390215066473175,,,
ROBOT_RELOC,,5,11,7,,3.221691627435323,,,
ROBOT_RELOC,,5,11,8,,3.785117316753809,,,
ROBOT_RELOC,,5,11,9,,3.933873084285812,,,
ROBOT_RELOC,,5,11,10,,2.634756374857754,,,
ROBOT_RELOC,,5,11,11,,0.0,,,
ROBOT_RELOC,,5,11,12,,2.3064969703183893,,,
ROBOT_RELOC,,5,11,13,,5.439395645714751,,,
ROBOT_RELOC,,5,11,14,,3.2268199242418345,,,
ROBOT_RELOC,,5,11,15,,6.112590449928232,,,
ROBOT_RELOC,,5,11,16,,7.425694000808892,,,
ROBOT_RELOC,,5,11,17,,4.890093025987129,,,
ROBOT_RELOC,,5,12,0,,3.2492554773826825,,,
ROBOT_RELOC,,5,12,1,,4.0323351344923655,,,
ROBOT_RELOC,,5,12,2,,6.1789016682680895,,,
ROBOT_RELOC,,5,12,3,,3.715480440923464,,,
ROBOT_RELOC,,5,12,4,,5.71732517741916,,,
ROBOT_RELOC,,5,12,5,,3.7868480119406773,,,
ROBOT_RELOC,,5,12,6,,3.308458852808,,,
ROBOT_RELOC,,5,12,7,,3.491406885738584,,,
ROBOT_RELOC,,5,12,8,,4.640537145490931,,,
ROBOT_RELOC,,5,12,9,,5.388520111004976,,,
ROBOT_RELOC,,5,12,10,,2.0661471647702347,,,
ROBOT_RELOC,,5,12,11,,2.4027319250099577,,,
ROBOT_RELOC,,5,12,12,,0.0,,,
ROBOT_RELOC,,5,12,13,,6.025814012033907,,,
ROBOT_RELOC,,5,12,14,,3.2247413165912575,,,
ROBOT_RELOC,,5,12,15,,6.2056433624548495,,,
ROBOT_RELOC,,5,12,16,,7.526054525725664,,,
ROBOT_RELOC,,5,12,17,,4.2184369629175436,,,
ROBOT_RELOC,,5,13,0,,4.85711148766411,,,
ROBOT_RELOC,,5,13,1,,7.026388105507485,,,
ROBOT_RELOC,,5,13,2,,6.979459165772139,,,
ROBOT_RELOC,,5,13,3,,5.256375842630902,,,
ROBOT_RELOC,,5,13,4,,7.514460029431888,,,
ROBOT_RELOC,,5,13,5,,4.8634038043320045,,,
ROBOT_RELOC,,5,13,6,,7.933446860415422,,,
ROBOT_RELOC,,5,13,7,,3.831500614839617,,,
ROBOT_RELOC,,5,13,8,,6.130255932303677,,,
ROBOT_RELOC,,5,13,9,,3.6564219782592358,,,
ROBOT_RELOC,,5,13,10,,6.41567601725364,,,
ROBOT_RELOC,,5,13,11,,6.100812541245288,,,
ROBOT_RELOC,,5,13,12,,5.453281836587537,,,
ROBOT_RELOC,,5,13,13,,0.0,,,
ROBOT_RELOC,,5,13,14,,1.8664573438035543,,,
ROBOT_RELOC,,5,13,15,,4.432540881455157,,,
ROBOT_RELOC,,5,13,16,,4.473280244581041,,,
ROBOT_RELOC,,5,13,17,,3.681935718158329,,,
ROBOT_RELOC,,5,14,0,,6.506838570949175,,,
ROBOT_RELOC,,5,14,1,,6.870827301138273,,,
ROBOT_RELOC,,5,14,2,,4.0408284219142505,,,
ROBOT_RELOC,,5,14,3,,6.325689962781299,,,
ROBOT_RELOC,,5,14,4,,3.615813802824176,,,
ROBOT_RELOC,,5,14,5,,5.144528708751276,,,
ROBOT_RELOC,,5,14,6,,4.883742077059658,,,
ROBOT_RELOC,,5,14,7,,5.106851163548425,,,
ROBOT_RELOC,,5,14,8,,7.800541652034135,,,
ROBOT_RELOC,,5,14,9,,6.832914031634324,,,
ROBOT_RELOC,,5,14,10,,5.175550838551853,,,
ROBOT_RELOC,,5,14,11,,6.737749929473697,,,
ROBOT_RELOC,,5,14,12,,4.900217288895383,,,
ROBOT_RELOC,,5,14,13,,2.6740147241654206,,,
ROBOT_RELOC,,5,14,14,,0.0,,,
ROBOT_RELOC,,5,14,15,,5.118715987237091,,,
ROBOT_RELOC,,5,14,16,,3.3021527403109214,,,
ROBOT_RELOC,,5,14,17,,6.4928644341546375,,,
ROBOT_RELOC,,5,15,0,,7.793091850878735,,,
ROBOT_RELOC,,5,15,1,,4.460466462318085,,,
ROBOT_RELOC,,5,15,2,,7.266256786607169,,,
ROBOT_RELOC,,5,15,3,,4.992421287945305,,,
ROBOT_RELOC,,5,15,4,,7.48776226766779,,,
ROBOT_RELOC,,5,15,5,,4.057251606626082,,,
ROBOT_RELOC,,5,15,6,,7.133744278937143,,,
ROBOT_RELOC,,5,15,7,,3.2497540939484235,,,
ROBOT_RELOC,,5,15,8,,5.821570404347094,,,
ROBOT_RELOC,,5,15,9,,7.758907818574162,,,
ROBOT_RELOC,,5,15,10,,4.949631251561081,,,
ROBOT_RELOC,,5,15,11,,5.548252649011319,,,
ROBOT_RELOC,,5,15,12,,4.40688298465867,,,
ROBOT_RELOC,,5,15,13,,3.3598987874800974,,,
ROBOT_RELOC,,5,15,14,,5.7068913084893556,,,
ROBOT_RELOC,,5,15,15,,0.0,,,
ROBOT_RELOC,,5,15,16,,1.8762469444947505,,,
ROBOT_RELOC,,5,15,17,,2.0838659471899907,,,
ROBOT_RELOC,,5,16,0,,7.357665202778087,,,
ROBOT_RELOC,,5,16,1,,3.33185526651796,,,
ROBOT_RELOC,,5,16,2,,7.479791578710413,,,
ROBOT_RELOC,,5,16,3,,6.344085019077766,,,
ROBOT_RELOC,,5,16,4,,3.7404753642966018,,,
ROBOT_RELOC,,5,16,5,,5.3682506073254395,,,
ROBOT_RELOC,,5,16,6,,7.810028445988685,,,
ROBOT_RELOC,,5,16,7,,7.349406483982238,,,
ROBOT_RELOC,,5,16,8,,7.12771845173593,,,
ROBOT_RELOC,,5,16,9,,6.366165792590779,,,
ROBOT_RELOC,,5,16,10,,6.625817364349993,,,
ROBOT_RELOC,,5,16,11,,7.638479877159768,,,
ROBOT_RELOC,,5,16,12,,4.538080386467449,,,
ROBOT_RELOC,,5,16,13,,5.811965500872072,,,
ROBOT_RELOC,,5,16,14,,4.458382581043011,,,
ROBOT_RELOC,,5,16,15,,2.233496295814074,,,
ROBOT_RELOC,,5,16,16,,0.0,,,
ROBOT_RELOC,,5,16,17,,1.4375299909393084,,,
ROBOT_RELOC,,5,17,0,,5.585093885831583,,,
ROBOT_RELOC,,5,17,1,,3.4779509999161053,,,
ROBOT_RELOC,,5,17,2,,6.091129063124023,,,
ROBOT_RELOC,,5,17,3,,4.601531631193844,,,
ROBOT_RELOC,,5,17,4,,5.233255206149503,,,
ROBOT_RELOC,,5,17,5,,5.246200306992426,,,
ROBOT_RELOC,,5,17,6,,3.091316903666664,,,
ROBOT_RELOC,,5,17,7,,5.091238701607023,,,
ROBOT_RELOC,,5,17,8,,6.781940117053619,,,
ROBOT_RELOC,,5,17,9,,6.022146082797596,,,
ROBOT_RELOC,,5,17,10,,6.98157541737444,,,
ROBOT_RELOC,,5,17,11,,4.651971717367868,,,
ROBOT_RELOC,,5,17,12,,7.786388363696757,,,
ROBOT_RELOC,,5,17,13,,3.569726743229296,,,
ROBOT_RELOC,,5,17,14,,6.6869085746737795,,,
ROBOT_RELOC,,5,17,15,,1.6925859941204822,,,
ROBOT_RELOC,,5,17,16,,2.523631353409752,,,
ROBOT_RELOC,,5,17,17,,0.0,,,
ROBOT_RELOC,,6,0,0,,0.0,,,
ROBOT_RELOC,,6,0,1,,2.851219128567431,,,
ROBOT_RELOC,,6,0,2,,7.1974511860622234,,,
ROBOT_RELOC,,6,0,3,,6.78165941410586,,,
ROBOT_RELOC,,6,0,4,,4.021323565173336,,,
ROBOT_RELOC,,6,0,5,,3.40332411291617,,,
ROBOT_RELOC,,6,0,6,,6.46092950955533,,,
ROBOT_RELOC,,6,0,7,,7.864464599545022,,,
ROBOT_RELOC,,6,0,8,,4.249375787468694,,,
ROBOT_RELOC,,6,0,9,,6.214256023958398,,,
ROBOT_RELOC,,6,0,10,,5.4302699642488985,,,
ROBOT_RELOC,,6,0,11,,5.773369683688226,,,
ROBOT_RELOC,,6,0,12,,5.027514708045324,,,
ROBOT_RELOC,,6,0,13,,7.9803274089189244,,,
ROBOT_RELOC,,6,0,14,,3.6773077394438323,,,
ROBOT_RELOC,,6,0,15,,6.661516172265778,,,
ROBOT_RELOC,,6,0,16,,7.9280271905218145,,,
ROBOT_RELOC,,6,0,17,,3.574156973528524,,,
ROBOT_RELOC,,6,1,0,,1.056525491521321,,,
ROBOT_RELOC,,6,1,1,,0.0,,,
ROBOT_RELOC,,6,1,2,,7.344740426189723,,,
ROBOT_RELOC,,6,1,3,,4.0298742723986045,,,
ROBOT_RELOC,,6,1,4,,3.336128643780698,,,
ROBOT_RELOC,,6,1,5,,6.326453846295356,,,
ROBOT_RELOC,,6,1,6,,7.358129743822533,,,
ROBOT_RELOC,,6,1,7,,5.915569458678269,,,
ROBOT_RELOC,,6,1,8,,3.877920411217998,,,
ROBOT_RELOC,,6,1,9,,5.506504086856367,,,
ROBOT_RELOC,,6,1,10,,6.852535893162135,,,
ROBOT_RELOC,,6,1,11,,3.5509409476477733,,,
ROBOT_RELOC,,6,1,12,,5.005032406782138,,,
ROBOT_RELOC,,6,1,13,,7.075221770147972,,,
ROBOT_RELOC,,6,1,14,,7.301700159483925,,,
ROBOT_RELOC,,6,1,15,,7.946772049315877,,,
ROBOT_RELOC,,6,1,16,,4.638392483396631,,,
ROBOT_RELOC,,6,1,17,,7.1382802113335035,,,
ROBOT_RELOC,,6,2,0,,6.540133081619366,,,
ROBOT_RELOC,,6,2,1,,6.987537747386744,,,
ROBOT_RELOC,,6,2,2,,0.0,,,
ROBOT_RELOC,,6,2,3,,3.182571410813977,,,
ROBOT_RELOC,,6,2,4,,7.969288217165859,,,
ROBOT_RELOC,,6,2,5,,6.511274031808512,,,
ROBOT_RELOC,,6,2,6,,7.257881889238051,,,
ROBOT_RELOC,,6,2,7,,5.868812092032068,,,
ROBOT_RELOC,,6,2,8,,7.372325119052357,,,
ROBOT_RELOC,,6,2,9,,4.074722250178332,,,
ROBOT_RELOC,,6,2,10,,5.323019222090899,,,
ROBOT_RELOC,,6,2,11,,4.161359612803702,,,
ROBOT_RELOC,,6,2,12,,3.1979687362243916,,,
ROBOT_RELOC,,6,2,13,,5.69430027011836,,,
ROBOT_RELOC,,6,2,14,,4.383641085718194,,,
ROBOT_RELOC,,6,2,15,,5.869598938116699,,,
ROBOT_RELOC,,6,2,16,,6.484400861896811,,,
ROBOT_RELOC,,6,2,17,,6.347641524783289,,,
ROBOT_RELOC,,6,3,0,,5.732518810974961,,,
ROBOT_RELOC,,6,3,1,,5.039531112120752,,,
ROBOT_RELOC,,6,3,2,,4.803950625279631,,,
ROBOT_RELOC,,6,3,3,,0.0,,,
ROBOT_RELOC,,6,3,4,,2.511307346916197,,,
ROBOT_RELOC,,6,3,5,,1.8354948096369488,,,
ROBOT_RELOC,,6,3,6,,7.127510912553666,,,
ROBOT_RELOC,,6,3,7,,3.0317075967601066,,,
ROBOT_RELOC,,6,3,8,,6.566018271550033,,,
ROBOT_RELOC,,6,3,9,,7.821008918259388,,,
ROBOT_RELOC,,6,3,10,,7.5653218511528095,,,
ROBOT_RELOC,,6,3,11,,6.957430764481712,,,
ROBOT_RELOC,,6,3,12,,5.332668382034071,,,
ROBOT_RELOC,,6,3,13,,7.392101178858173,,,
ROBOT_RELOC,,6,3,14,,7.273363716528614,,,
ROBOT_RELOC,,6,3,15,,7.743092390055836,,,
ROBOT_RELOC,,6,3,16,,6.6476458877777995,,,
ROBOT_RELOC,,6,3,17,,6.178190616188461,,,
ROBOT_RELOC,,6,4,0,,4.383814575884358,,,
ROBOT_RELOC,,6,4,1,,5.599118202655676,,,
ROBOT_RELOC,,6,4,2,,3.0536603079288227,,,
ROBOT_RELOC,,6,4,3,,1.0087729986601712,,,
ROBOT_RELOC,,6,4,4,,0.0,,,
ROBOT_RELOC,,6,4,5,,1.4955306130823933,,,
ROBOT_RELOC,,6,4,6,,4.387738693390412,,,
ROBOT_RELOC,,6,4,7,,3.8650174649710376,,,
ROBOT_RELOC,,6,4,8,,7.016682919889274,,,
ROBOT_RELOC,,6,4,9,,6.202709747756739,,,
ROBOT_RELOC,,6,4,10,,7.420385863816309,,,
ROBOT_RELOC,,6,4,11,,5.2984281451039665,,,
ROBOT_RELOC,,6,4,12,,6.624945995804633,,,
ROBOT_RELOC,,6,4,13,,3.426418532857907,,,
ROBOT_RELOC,,6,4,14,,3.894247190378395,,,
ROBOT_RELOC,,6,4,15,,4.976411640200919,,,
ROBOT_RELOC,,6,4,16,,3.0157848217458936,,,
ROBOT_RELOC,,6,4,17,,5.028965924809538,,,
ROBOT_RELOC,,6,5,0,,5.7776699817120925,,,
ROBOT_RELOC,,6,5,1,,4.529862746661967,,,
ROBOT_RELOC,,6,5,2,,3.6156791207493573,,,
ROBOT_RELOC,,6,5,3,,1.2090480140260067,,,
ROBOT_RELOC,,6,5,4,,2.1075498435262072,,,
ROBOT_RELOC,,6,5,5,,0.0,,,
ROBOT_RELOC,,6,5,6,,7.918830454748017,,,
ROBOT_RELOC,,6,5,7,,3.759156300453953,,,
ROBOT_RELOC,,6,5,8,,3.943703528188408,,,
ROBOT_RELOC,,6,5,9,,3.7372320359586433,,,
ROBOT_RELOC,,6,5,10,,7.870471479551877,,,
ROBOT_RELOC,,6,5,11,,5.575827173031126,,,
ROBOT_RELOC,,6,5,12,,3.958159598571636,,,
ROBOT_RELOC,,6,5,13,,6.454362207942487,,,
ROBOT_RELOC,,6,5,14,,4.822717639395915,,,
ROBOT_RELOC,,6,5,15,,3.0086483736953467,,,
ROBOT_RELOC,,6,5,16,,6.568010306713367,,,
ROBOT_RELOC,,6,5,17,,4.671860763226331,,,
ROBOT_RELOC,,6,6,0,,5.840241345097241,,,
ROBOT_RELOC,,6,6,1,,6.850224901687808,,,
ROBOT_RELOC,,6,6,2,,6.790435820340185,,,
ROBOT_RELOC,,6,6,3,,4.763900935072472,,,
ROBOT_RELOC,,6,6,4,,7.941814095158413,,,
ROBOT_RELOC,,6,6,5,,4.4213759023411665,,,
ROBOT_RELOC,,6,6,6,,0.0,,,
ROBOT_RELOC,,6,6,7,,4.585365528940675,,,
ROBOT_RELOC,,6,6,8,,5.568355159637813,,,
ROBOT_RELOC,,6,6,9,,6.3162557180093515,,,
ROBOT_RELOC,,6,6,10,,5.726303697074622,,,
ROBOT_RELOC,,6,6,11,,3.6793432476037315,,,
ROBOT_RELOC,,6,6,12,,3.744774318926563,,,
ROBOT_RELOC,,6,6,13,,3.015488963115608,,,
ROBOT_RELOC,,6,6,14,,6.7589322095464075,,,
ROBOT_RELOC,,6,6,15,,3.3873852402943543,,,
ROBOT_RELOC,,6,6,16,,6.093180110036104,,,
ROBOT_RELOC,,6,6,17,,7.429749453607,,,
ROBOT_RELOC,,6,7,0,,6.988260117552395,,,
ROBOT_RELOC,,6,7,1,,3.810877524256724,,,
ROBOT_RELOC,,6,7,2,,6.121300222643834,,,
ROBOT_RELOC,,6,7,3,,5.446049052026952,,,
ROBOT_RELOC,,6,7,4,,6.849768998637279,,,
ROBOT_RELOC,,6,7,5,,3.6940828095131177,,,
ROBOT_RELOC,,6,7,6,,6.260178456294049,,,
ROBOT_RELOC,,6,7,7,,0.0,,,
ROBOT_RELOC,,6,7,8,,1.6936244991442475,,,
ROBOT_RELOC,,6,7,9,,1.4951100781737536,,,
ROBOT_RELOC,,6,7,10,,5.975566656806624,,,
ROBOT_RELOC,,6,7,11,,4.890981041085933,,,
ROBOT_RELOC,,6,7,12,,7.414187298981805,,,
ROBOT_RELOC,,6,7,13,,6.823556274977899,,,
ROBOT_RELOC,,6,7,14,,4.405878984499225,,,
ROBOT_RELOC,,6,7,15,,3.262140972890575,,,
ROBOT_RELOC,,6,7,16,,6.636719458876418,,,
ROBOT_RELOC,,6,7,17,,5.667789017067669,,,
ROBOT_RELOC,,6,8,0,,6.722939270060486,,,
ROBOT_RELOC,,6,8,1,,6.229089348458077,,,
ROBOT_RELOC,,6,8,2,,4.856013492127736,,,
ROBOT_RELOC,,6,8,3,,5.165188638330703,,,
ROBOT_RELOC,,6,8,4,,3.6377517200792138,,,
ROBOT_RELOC,,6,8,5,,7.013465393794531,,,
ROBOT_RELOC,,6,8,6,,6.42584696837017,,,
ROBOT_RELOC,,6,8,7,,1.2789308354145783,,,
ROBOT_RELOC,,6,8,8,,0.0,,,
ROBOT_RELOC,,6,8,9,,1.3713489214170846,,,
ROBOT_RELOC,,6,8,10,,3.8348718923971066,,,
ROBOT_RELOC,,6,8,11,,4.681290589985682,,,
ROBOT_RELOC,,6,8,12,,6.852582007426642,,,
ROBOT_RELOC,,6,8,13,,5.373154571115587,,,
ROBOT_RELOC,,6,8,14,,6.929996902265451,,,
ROBOT_RELOC,,6,8,15,,3.254966083016073,,,
ROBOT_RELOC,,6,8,16,,4.66588392974564,,,
ROBOT_RELOC,,6,8,17,,3.069751462428644,,,
ROBOT_RELOC,,6,9,0,,5.833914515989927,,,
ROBOT_RELOC,,6,9,1,,3.8734810437015437,,,
ROBOT_RELOC,,6,9,2,,3.494316466070232,,,
ROBOT_RELOC,,6,9,3,,7.3599069160357224,,,
ROBOT_RELOC,,6,9,4,,6.3465056712386945,,,
ROBOT_RELOC,,6,9,5,,7.071580126576647,,,
ROBOT_RELOC,,6,9,6,,4.003313457973201,,,
ROBOT_RELOC,,6,9,7,,2.0668033205199627,,,
ROBOT_RELOC,,6,9,8,,2.3184582041116717,,,
ROBOT_RELOC,,6,9,9,,0.0,,,
ROBOT_RELOC,,6,9,10,,4.156922494336299,,,
ROBOT_RELOC,,6,9,11,,5.71433487536801,,,
ROBOT_RELOC,,6,9,12,,4.4858991534497035,,,
ROBOT_RELOC,,6,9,13,,7.102220044300971,,,
ROBOT_RELOC,,6,9,14,,7.823144341519406,,,
ROBOT_RELOC,,6,9,15,,5.2523958440572365,,,
ROBOT_RELOC,,6,9,16,,7.304117150485657,,,
ROBOT_RELOC,,6,9,17,,3.3082927598050533,,,
ROBOT_RELOC,,6,10,0,,5.169942804724455,,,
ROBOT_RELOC,,6,10,1,,7.192317756066336,,,
ROBOT_RELOC,,6,10,2,,7.331855849448193,,,
ROBOT_RELOC,,6,10,3,,6.151926703154141,,,
ROBOT_RELOC,,6,10,4,,5.382724458161469,,,
ROBOT_RELOC,,6,10,5,,3.86664630981407,,,
ROBOT_RELOC,,6,10,6,,6.328260810173891,,,
ROBOT_RELOC,,6,10,7,,6.256064643775411,,,
ROBOT_RELOC,,6,10,8,,5.714116485092742,,,
ROBOT_RELOC,,6,10,9,,7.252469573115912,,,
ROBOT_RELOC,,6,10,10,,0.0,,,
ROBOT_RELOC,,6,10,11,,2.5618980047239113,,,
ROBOT_RELOC,,6,10,12,,1.0288209410542255,,,
ROBOT_RELOC,,6,10,13,,6.080644054540843,,,
ROBOT_RELOC,,6,10,14,,4.679901302546213,,,
ROBOT_RELOC,,6,10,15,,6.327431275750396,,,
ROBOT_RELOC,,6,10,16,,6.524758364202391,,,
ROBOT_RELOC,,6,10,17,,4.298540939663662,,,
ROBOT_RELOC,,6,11,0,,6.1545096148735645,,,
ROBOT_RELOC,,6,11,1,,5.234009419989974,,,
ROBOT_RELOC,,6,11,2,,5.078428873670307,,,
ROBOT_RELOC,,6,11,3,,3.6685901034755153,,,
ROBOT_RELOC,,6,11,4,,5.35633443957841,,,
ROBOT_RELOC,,6,11,5,,3.8462520214907228,,,
ROBOT_RELOC,,6,11,6,,3.3291872676846257,,,
ROBOT_RELOC,,6,11,7,,6.8358879498705,,,
ROBOT_RELOC,,6,11,8,,7.62849079950657,,,
ROBOT_RELOC,,6,11,9,,3.3339259752165846,,,
ROBOT_RELOC,,6,11,10,,2.27805969984161,,,
ROBOT_RELOC,,6,11,11,,0.0,,,
ROBOT_RELOC,,6,11,12,,2.6957732768511056,,,
ROBOT_RELOC,,6,11,13,,7.329728970377664,,,
ROBOT_RELOC,,6,11,14,,4.272042188251792,,,
ROBOT_RELOC,,6,11,15,,7.165627016753646,,,
ROBOT_RELOC,,6,11,16,,4.384000365741236,,,
ROBOT_RELOC,,6,11,17,,7.886482034469621,,,
ROBOT_RELOC,,6,12,0,,3.899388597815325,,,
ROBOT_RELOC,,6,12,1,,7.883567971983714,,,
ROBOT_RELOC,,6,12,2,,6.368879351740377,,,
ROBOT_RELOC,,6,12,3,,4.939765964085089,,,
ROBOT_RELOC,,6,12,4,,7.5087224730963875,,,
ROBOT_RELOC,,6,12,5,,5.355115869726752,,,
ROBOT_RELOC,,6,12,6,,7.1577026768749885,,,
ROBOT_RELOC,,6,12,7,,7.361008536452526,,,
ROBOT_RELOC,,6,12,8,,5.573722088278528,,,
ROBOT_RELOC,,6,12,9,,3.2447130014972414,,,
ROBOT_RELOC,,6,12,10,,1.3663137869429878,,,
ROBOT_RELOC,,6,12,11,,1.8670067665420944,,,
ROBOT_RELOC,,6,12,12,,0.0,,,
ROBOT_RELOC,,6,12,13,,3.7679565751271547,,,
ROBOT_RELOC,,6,12,14,,6.716252756870246,,,
ROBOT_RELOC,,6,12,15,,6.404346248417509,,,
ROBOT_RELOC,,6,12,16,,4.458524567885835,,,
ROBOT_RELOC,,6,12,17,,6.119650462669837,,,
ROBOT_RELOC,,6,13,0,,4.540129115432681,,,
ROBOT_RELOC,,6,13,1,,4.420535067293223,,,
ROBOT_RELOC,,6,13,2,,4.513163908162294,,,
ROBOT_RELOC,,6,13,3,,5.316308498705585,,,
ROBOT_RELOC,,6,13,4,,4.650503027787304,,,
ROBOT_RELOC,,6,13,5,,3.6320919405376486,,,
ROBOT_RELOC,,6,13,6,,6.24277953365687,,,
ROBOT_RELOC,,6,13,7,,5.814950467440791,,,
ROBOT_RELOC,,6,13,8,,4.204448903597506,,,
ROBOT_RELOC,,6,13,9,,3.559324411475726,,,
ROBOT_RELOC,,6,13,10,,4.897991870618901,,,
ROBOT_RELOC,,6,13,11,,4.773766662586263,,,
ROBOT_RELOC,,6,13,12,,5.8099656991353585,,,
ROBOT_RELOC,,6,13,13,,0.0,,,
ROBOT_RELOC,,6,13,14,,2.4745759433080883,,,
ROBOT_RELOC,,6,13,15,,3.940639776470343,,,
ROBOT_RELOC,,6,13,16,,4.909813627041576,,,
ROBOT_RELOC,,6,13,17,,6.6421103440084135,,,
ROBOT_RELOC,,6,14,0,,6.657189402536601,,,
ROBOT_RELOC,,6,14,1,,5.868318397482757,,,
ROBOT_RELOC,,6,14,2,,6.735871644819322,,,
ROBOT_RELOC,,6,14,3,,6.504421695318014,,,
ROBOT_RELOC,,6,14,4,,7.2779923334368295,,,
ROBOT_RELOC,,6,14,5,,7.0077894444068605,,,
ROBOT_RELOC,,6,14,6,,6.725151795304258,,,
ROBOT_RELOC,,6,14,7,,7.9229227217456675,,,
ROBOT_RELOC,,6,14,8,,4.608908550531213,,,
ROBOT_RELOC,,6,14,9,,5.904606514808366,,,
ROBOT_RELOC,,6,14,10,,3.2895391198732162,,,
ROBOT_RELOC,,6,14,11,,7.894854019621278,,,
ROBOT_RELOC,,6,14,12,,3.283842976676935,,,
ROBOT_RELOC,,6,14,13,,1.7071158931980268,,,
ROBOT_RELOC,,6,14,14,,0.0,,,
ROBOT_RELOC,,6,14,15,,3.0301876314387024,,,
ROBOT_RELOC,,6,14,16,,6.6051506377697295,,,
ROBOT_RELOC,,6,14,17,,5.832677270009201,,,
ROBOT_RELOC,,6,15,0,,3.0838670073277297,,,
ROBOT_RELOC,,6,15,1,,6.369342550101097,,,
ROBOT_RELOC,,6,15,2,,6.746549608471225,,,
ROBOT_RELOC,,6,15,3,,6.533187659870503,,,
ROBOT_RELOC,,6,15,4,,3.9866159917985944,,,
ROBOT_RELOC,,6,15,5,,3.4284393867538308,,,
ROBOT_RELOC,,6,15,6,,5.748267595024673,,,
ROBOT_RELOC,,6,15,7,,3.0520527433428573,,,
ROBOT_RELOC,,6,15,8,,3.2923410861461173,,,
ROBOT_RELOC,,6,15,9,,3.99651622168295,,,
ROBOT_RELOC,,6,15,10,,5.106820692003819,,,
ROBOT_RELOC,,6,15,11,,6.703837226453514,,,
ROBOT_RELOC,,6,15,12,,5.452314146039898,,,
ROBOT_RELOC,,6,15,13,,5.145354943449696,,,
ROBOT_RELOC,,6,15,14,,3.7355406729548326,,,
ROBOT_RELOC,,6,15,15,,0.0,,,
ROBOT_RELOC,,6,15,16,,2.6169483899134596,,,
ROBOT_RELOC,,6,15,17,,1.4746405074320492,,,
ROBOT_RELOC,,6,16,0,,4.139372487608297,,,
ROBOT_RELOC,,6,16,1,,3.233991935205668,,,
ROBOT_RELOC,,6,16,2,,4.887254397186409,,,
ROBOT_RELOC,,6,16,3,,4.9577018562932,,,
ROBOT_RELOC,,6,16,4,,5.939252426162721,,,
ROBOT_RELOC,,6,16,5,,6.409163111820042,,,
ROBOT_RELOC,,6,16,6,,5.666526622896043,,,
ROBOT_RELOC,,6,16,7,,6.277957584042295,,,
ROBOT_RELOC,,6,16,8,,3.8526924749243268,,,
ROBOT_RELOC,,6,16,9,,5.607816841120021,,,
ROBOT_RELOC,,6,16,10,,3.4458225527059745,,,
ROBOT_RELOC,,6,16,11,,6.471775576289676,,,
ROBOT_RELOC,,6,16,12,,6.442046881429947,,,
ROBOT_RELOC,,6,16,13,,6.229761971919068,,,
ROBOT_RELOC,,6,16,14,,3.227657437078391,,,
ROBOT_RELOC,,6,16,15,,1.5364687514638111,,,
ROBOT_RELOC,,6,16,16,,0.0,,,
ROBOT_RELOC,,6,16,17,,1.449758554061872,,,
ROBOT_RELOC,,6,17,0,,6.128733134511972,,,
ROBOT_RELOC,,6,17,1,,6.769931271632916,,,
ROBOT_RELOC,,6,17,2,,7.627650114129517,,,
ROBOT_RELOC,,6,17,3,,3.367049070930596,,,
ROBOT_RELOC,,6,17,4,,4.974462960230813,,,
ROBOT_RELOC,,6,17,5,,3.2378512551349923,,,
ROBOT_RELOC,,6,17,6,,6.822074641525554,,,
ROBOT_RELOC,,6,17,7,,5.390935786143177,,,
ROBOT_RELOC,,6,17,8,,4.236652288292638,,,
ROBOT_RELOC,,6,17,9,,7.865169237931092,,,
ROBOT_RELOC,,6,17,10,,4.15834831200262,,,
ROBOT_RELOC,,6,17,11,,6.995399181595761,,,
ROBOT_RELOC,,6,17,12,,7.254919603571941,,,
ROBOT_RELOC,,6,17,13,,6.355309257079121,,,
ROBOT_RELOC,,6,17,14,,7.6909033082766065,,,
ROBOT_RELOC,,6,17,15,,1.8578637756849938,,,
ROBOT_RELOC,,6,17,16,,2.0514430955451255,,,
ROBOT_RELOC,,6,17,17,,0.0,,,
ROBOT_RELOC,,7,0,0,,0.0,,,
ROBOT_RELOC,,7,0,1,,1.0149287072964357,,,
ROBOT_RELOC,,7,0,2,,3.078879248778297,,,
ROBOT_RELOC,,7,0,3,,3.7666555250250533,,,
ROBOT_RELOC,,7,0,4,,5.615680718188595,,,
ROBOT_RELOC,,7,0,5,,4.020897729951468,,,
ROBOT_RELOC,,7,0,6,,7.767892760967735,,,
ROBOT_RELOC,,7,0,7,,6.572777056894907,,,
ROBOT_RELOC,,7,0,8,,6.584347288474134,,,
ROBOT_RELOC,,7,0,9,,4.764744770693751,,,
ROBOT_RELOC,,7,0,10,,4.430928554955547,,,
ROBOT_RELOC,,7,0,11,,5.427757362954528,,,
ROBOT_RELOC,,7,0,12,,7.967029067537722,,,
ROBOT_RELOC,,7,0,13,,3.677800112815807,,,
ROBOT_RELOC,,7,0,14,,3.3744902107180548,,,
ROBOT_RELOC,,7,0,15,,4.372627818220304,,,
ROBOT_RELOC,,7,0,16,,4.833886284364284,,,
ROBOT_RELOC,,7,0,17,,6.860780056436896,,,
ROBOT_RELOC,,7,1,0,,1.0193236080172567,,,
ROBOT_RELOC,,7,1,1,,0.0,,,
ROBOT_RELOC,,7,1,2,,4.071411517877252,,,
ROBOT_RELOC,,7,1,3,,7.20249382984104,,,
ROBOT_RELOC,,7,1,4,,5.800211491316587,,,
ROBOT_RELOC,,7,1,5,,7.9282897471017435,,,
ROBOT_RELOC,,7,1,6,,4.753154348055455,,,
ROBOT_RELOC,,7,1,7,,3.1139082007303993,,,
ROBOT_RELOC,,7,1,8,,6.7461611695743775,,,
ROBOT_RELOC,,7,1,9,,7.29881389975896,,,
ROBOT_RELOC,,7,1,10,,6.5489314512654175,,,
ROBOT_RELOC,,7,1,11,,3.2394535337518375,,,
ROBOT_RELOC,,7,1,12,,7.027287843836232,,,
ROBOT_RELOC,,7,1,13,,5.1184350534935925,,,
ROBOT_RELOC,,7,1,14,,6.859080102216579,,,
ROBOT_RELOC,,7,1,15,,5.244309312110206,,,
ROBOT_RELOC,,7,1,16,,6.609695921852101,,,
ROBOT_RELOC,,7,1,17,,6.346943416518707,,,
ROBOT_RELOC,,7,2,0,,3.573050028543631,,,
ROBOT_RELOC,,7,2,1,,6.13270074646884,,,
ROBOT_RELOC,,7,2,2,,0.0,,,
ROBOT_RELOC,,7,2,3,,4.462600154918771,,,
ROBOT_RELOC,,7,2,4,,6.92552755661527,,,
ROBOT_RELOC,,7,2,5,,6.937917495154495,,,
ROBOT_RELOC,,7,2,6,,7.1391371916000095,,,
ROBOT_RELOC,,7,2,7,,6.279055985034528,,,
ROBOT_RELOC,,7,2,8,,4.758452947511074,,,
ROBOT_RELOC,,7,2,9,,6.432452654254084,,,
ROBOT_RELOC,,7,2,10,,7.533429770765965,,,
ROBOT_RELOC,,7,2,11,,4.129646359416313,,,
ROBOT_RELOC,,7,2,12,,7.252914518227478,,,
ROBOT_RELOC,,7,2,13,,6.249849206773988,,,
ROBOT_RELOC,,7,2,14,,4.4604443794457005,,,
ROBOT_RELOC,,7,2,15,,4.509586115628099,,,
ROBOT_RELOC,,7,2,16,,5.989324948500074,,,
ROBOT_RELOC,,7,2,17,,3.919417250667842,,,
ROBOT_RELOC,,7,3,0,,4.443918815591416,,,
ROBOT_RELOC,,7,3,1,,7.998216266409172,,,
ROBOT_RELOC,,7,3,2,,3.9129458655756744,,,
ROBOT_RELOC,,7,3,3,,0.0,,,
ROBOT_RELOC,,7,3,4,,2.3912841082117087,,,
ROBOT_RELOC,,7,3,5,,2.21872434136634,,,
ROBOT_RELOC,,7,3,6,,6.147096325111816,,,
ROBOT_RELOC,,7,3,7,,5.038342735910884,,,
ROBOT_RELOC,,7,3,8,,3.5230529288085966,,,
ROBOT_RELOC,,7,3,9,,7.629295758977262,,,
ROBOT_RELOC,,7,3,10,,6.058264789278008,,,
ROBOT_RELOC,,7,3,11,,5.88437965166628,,,
ROBOT_RELOC,,7,3,12,,6.932494901483226,,,
ROBOT_RELOC,,7,3,13,,4.056925367236125,,,
ROBOT_RELOC,,7,3,14,,6.984734109583734,,,
ROBOT_RELOC,,7,3,15,,7.741792916936024,,,
ROBOT_RELOC,,7,3,16,,3.986404992458541,,,
ROBOT_RELOC,,7,3,17,,3.105749961041016,,,
ROBOT_RELOC,,7,4,0,,4.4522709456162985,,,
ROBOT_RELOC,,7,4,1,,4.3101427102619905,,,
ROBOT_RELOC,,7,4,2,,3.803048414645151,,,
ROBOT_RELOC,,7,4,3,,1.5629051976147155,,,
ROBOT_RELOC,,7,4,4,,0.0,,,
ROBOT_RELOC,,7,4,5,,1.8540865603526702,,,
ROBOT_RELOC,,7,4,6,,5.932732725967025,,,
ROBOT_RELOC,,7,4,7,,6.980840676988246,,,
ROBOT_RELOC,,7,4,8,,7.117807764621345,,,
ROBOT_RELOC,,7,4,9,,6.917812614654187,,,
ROBOT_RELOC,,7,4,10,,4.0913958835833775,,,
ROBOT_RELOC,,7,4,11,,6.409083775674949,,,
ROBOT_RELOC,,7,4,12,,5.0494090398184595,,,
ROBOT_RELOC,,7,4,13,,7.514563011470262,,,
ROBOT_RELOC,,7,4,14,,3.7489547055285724,,,
ROBOT_RELOC,,7,4,15,,3.673690965900331,,,
ROBOT_RELOC,,7,4,16,,6.998249369924948,,,
ROBOT_RELOC,,7,4,17,,4.661849230923993,,,
ROBOT_RELOC,,7,5,0,,7.952190290330397,,,
ROBOT_RELOC,,7,5,1,,7.959727776384413,,,
ROBOT_RELOC,,7,5,2,,7.000122725370824,,,
ROBOT_RELOC,,7,5,3,,2.735951501016171,,,
ROBOT_RELOC,,7,5,4,,1.8787070621276576,,,
ROBOT_RELOC,,7,5,5,,0.0,,,
ROBOT_RELOC,,7,5,6,,4.0876885105637255,,,
ROBOT_RELOC,,7,5,7,,7.977686084904532,,,
ROBOT_RELOC,,7,5,8,,5.720455676925723,,,
ROBOT_RELOC,,7,5,9,,4.820594802311209,,,
ROBOT_RELOC,,7,5,10,,3.495199670013076,,,
ROBOT_RELOC,,7,5,11,,5.32700789232839,,,
ROBOT_RELOC,,7,5,12,,6.722600341074475,,,
ROBOT_RELOC,,7,5,13,,5.249382257837958,,,
ROBOT_RELOC,,7,5,14,,4.124987644023342,,,
ROBOT_RELOC,,7,5,15,,3.0538695032831833,,,
ROBOT_RELOC,,7,5,16,,4.454014639734011,,,
ROBOT_RELOC,,7,5,17,,6.47340674801794,,,
ROBOT_RELOC,,7,6,0,,4.066395466558786,,,
ROBOT_RELOC,,7,6,1,,7.790461752225907,,,
ROBOT_RELOC,,7,6,2,,5.47937094013143,,,
ROBOT_RELOC,,7,6,3,,3.5937185529998485,,,
ROBOT_RELOC,,7,6,4,,5.811758436875165,,,
ROBOT_RELOC,,7,6,5,,5.8479657837742,,,
ROBOT_RELOC,,7,6,6,,0.0,,,
ROBOT_RELOC,,7,6,7,,7.354572424206086,,,
ROBOT_RELOC,,7,6,8,,4.284818347819916,,,
ROBOT_RELOC,,7,6,9,,4.485711546868425,,,
ROBOT_RELOC,,7,6,10,,3.981715650496784,,,
ROBOT_RELOC,,7,6,11,,4.920892911498166,,,
ROBOT_RELOC,,7,6,12,,7.85450507602041,,,
ROBOT_RELOC,,7,6,13,,3.8547490198552916,,,
ROBOT_RELOC,,7,6,14,,3.6348861746103363,,,
ROBOT_RELOC,,7,6,15,,6.778168913883937,,,
ROBOT_RELOC,,7,6,16,,3.4528509140415253,,,
ROBOT_RELOC,,7,6,17,,3.605667466121229,,,
ROBOT_RELOC,,7,7,0,,4.656649226953117,,,
ROBOT_RELOC,,7,7,1,,4.051937040411778,,,
ROBOT_RELOC,,7,7,2,,7.394596849124989,,,
ROBOT_RELOC,,7,7,3,,4.537830290811571,,,
ROBOT_RELOC,,7,7,4,,3.2665707299905677,,,
ROBOT_RELOC,,7,7,5,,5.1800359566801335,,,
ROBOT_RELOC,,7,7,6,,3.2697038064737662,,,
ROBOT_RELOC,,7,7,7,,0.0,,,
ROBOT_RELOC,,7,7,8,,2.180579554384058,,,
ROBOT_RELOC,,7,7,9,,1.9222047960250488,,,
ROBOT_RELOC,,7,7,10,,4.459896277726615,,,
ROBOT_RELOC,,7,7,11,,4.953836944084691,,,
ROBOT_RELOC,,7,7,12,,3.5785133723211366,,,
ROBOT_RELOC,,7,7,13,,4.67002847149047,,,
ROBOT_RELOC,,7,7,14,,7.838609488802666,,,
ROBOT_RELOC,,7,7,15,,7.209512240548702,,,
ROBOT_RELOC,,7,7,16,,3.647019765389563,,,
ROBOT_RELOC,,7,7,17,,5.316194119615781,,,
ROBOT_RELOC,,7,8,0,,3.7852572146596293,,,
ROBOT_RELOC,,7,8,1,,7.6495753833373294,,,
ROBOT_RELOC,,7,8,2,,3.713666206108083,,,
ROBOT_RELOC,,7,8,3,,4.307821252386002,,,
ROBOT_RELOC,,7,8,4,,5.4741900346447565,,,
ROBOT_RELOC,,7,8,5,,4.375990888677209,,,
ROBOT_RELOC,,7,8,6,,3.2804506178968063,,,
ROBOT_RELOC,,7,8,7,,1.0255228116395292,,,
ROBOT_RELOC,,7,8,8,,0.0,,,
ROBOT_RELOC,,7,8,9,,2.6998114947516587,,,
ROBOT_RELOC,,7,8,10,,6.003081505833645,,,
ROBOT_RELOC,,7,8,11,,5.312789538895263,,,
ROBOT_RELOC,,7,8,12,,7.096709651704133,,,
ROBOT_RELOC,,7,8,13,,7.658993840234741,,,
ROBOT_RELOC,,7,8,14,,7.103201685697359,,,
ROBOT_RELOC,,7,8,15,,3.5091809028525422,,,
ROBOT_RELOC,,7,8,16,,7.613341683592384,,,
ROBOT_RELOC,,7,8,17,,7.353781317231128,,,
ROBOT_RELOC,,7,9,0,,3.5403964937621106,,,
ROBOT_RELOC,,7,9,1,,4.156995512549283,,,
ROBOT_RELOC,,7,9,2,,7.858290145046084,,,
ROBOT_RELOC,,7,9,3,,6.220388793767084,,,
ROBOT_RELOC,,7,9,4,,5.167727983849234,,,
ROBOT_RELOC,,7,9,5,,6.356326160462208,,,
ROBOT_RELOC,,7,9,6,,6.322155599919343,,,
ROBOT_RELOC,,7,9,7,,1.7440409825326932,,,
ROBOT_RELOC,,7,9,8,,1.7393513308358797,,,
ROBOT_RELOC,,7,9,9,,0.0,,,
ROBOT_RELOC,,7,9,10,,3.6372137474998887,,,
ROBOT_RELOC,,7,9,11,,3.3364839004705695,,,
ROBOT_RELOC,,7,9,12,,6.240567427856343,,,
ROBOT_RELOC,,7,9,13,,3.886843659796248,,,
ROBOT_RELOC,,7,9,14,,3.5196911706317335,,,
ROBOT_RELOC,,7,9,15,,6.74819012607058,,,
ROBOT_RELOC,,7,9,16,,7.180391058586058,,,
ROBOT_RELOC,,7,9,17,,7.113315772697515,,,
ROBOT_RELOC,,7,10,0,,5.6909664660141255,,,
ROBOT_RELOC,,7,10,1,,7.522586004479056,,,
ROBOT_RELOC,,7,10,2,,7.900262999832184,,,
ROBOT_RELOC,,7,10,3,,5.815987270029757,,,
ROBOT_RELOC,,7,10,4,,3.7535285971577754,,,
ROBOT_RELOC,,7,10,5,,7.151286709019906,,,
ROBOT_RELOC,,7,10,6,,3.7276941244682176,,,
ROBOT_RELOC,,7,10,7,,6.563972342279859,,,
ROBOT_RELOC,,7,10,8,,5.6335056362690565,,,
ROBOT_RELOC,,7,10,9,,5.712395136143711,,,
ROBOT_RELOC,,7,10,10,,0.0,,,
ROBOT_RELOC,,7,10,11,,2.0168007964981216,,,
ROBOT_RELOC,,7,10,12,,2.594559329786472,,,
ROBOT_RELOC,,7,10,13,,5.198239386641971,,,
ROBOT_RELOC,,7,10,14,,4.1808389461784925,,,
ROBOT_RELOC,,7,10,15,,4.1973291454448365,,,
ROBOT_RELOC,,7,10,16,,5.483946730929084,,,
ROBOT_RELOC,,7,10,17,,7.741506215013752,,,
ROBOT_RELOC,,7,11,0,,7.5492944361360745,,,
ROBOT_RELOC,,7,11,1,,5.594166021043414,,,
ROBOT_RELOC,,7,11,2,,7.785984977929748,,,
ROBOT_RELOC,,7,11,3,,4.179522837289802,,,
ROBOT_RELOC,,7,11,4,,6.9929914245016365,,,
ROBOT_RELOC,,7,11,5,,5.730606278189065,,,
ROBOT_RELOC,,7,11,6,,4.626799055748157,,,
ROBOT_RELOC,,7,11,7,,3.339718513151462,,,
ROBOT_RELOC,,7,11,8,,5.823549157980287,,,
ROBOT_RELOC,,7,11,9,,6.831704330618151,,,
ROBOT_RELOC,,7,11,10,,1.918710424704984,,,
ROBOT_RELOC,,7,11,11,,0.0,,,
ROBOT_RELOC,,7,11,12,,1.6596961616957915,,,
ROBOT_RELOC,,7,11,13,,3.0462087155503763,,,
ROBOT_RELOC,,7,11,14,,6.609616557535258,,,
ROBOT_RELOC,,7,11,15,,3.3748943270225076,,,
ROBOT_RELOC,,7,11,16,,3.621049537840312,,,
ROBOT_RELOC,,7,11,17,,5.2994362560237525,,,
ROBOT_RELOC,,7,12,0,,3.953236756323051,,,
ROBOT_RELOC,,7,12,1,,7.217509417792322,,,
ROBOT_RELOC,,7,12,2,,5.043489865125002,,,
ROBOT_RELOC,,7,12,3,,7.710547339578927,,,
ROBOT_RELOC,,7,12,4,,5.114762638781291,,,
ROBOT_RELOC,,7,12,5,,6.644624417290606,,,
ROBOT_RELOC,,7,12,6,,6.879041227941408,,,
ROBOT_RELOC,,7,12,7,,5.113227345005982,,,
ROBOT_RELOC,,7,12,8,,6.550600500869452,,,
ROBOT_RELOC,,7,12,9,,6.59765622330202,,,
ROBOT_RELOC,,7,12,10,,2.4713839082452496,,,
ROBOT_RELOC,,7,12,11,,1.0885034617193743,,,
ROBOT_RELOC,,7,12,12,,0.0,,,
ROBOT_RELOC,,7,12,13,,5.789346628478523,,,
ROBOT_RELOC,,7,12,14,,5.0923743172565334,,,
ROBOT_RELOC,,7,12,15,,4.6688050648423935,,,
ROBOT_RELOC,,7,12,16,,4.6731293486361,,,
ROBOT_RELOC,,7,12,17,,3.917558078708095,,,
ROBOT_RELOC,,7,13,0,,3.953235316076073,,,
ROBOT_RELOC,,7,13,1,,5.738447010524875,,,
ROBOT_RELOC,,7,13,2,,7.938321042872548,,,
ROBOT_RELOC,,7,13,3,,3.6852534728614406,,,
ROBOT_RELOC,,7,13,4,,6.3184518572382,,,
ROBOT_RELOC,,7,13,5,,7.975513874452867,,,
ROBOT_RELOC,,7,13,6,,6.131801151751796,,,
ROBOT_RELOC,,7,13,7,,4.1860787793156105,,,
ROBOT_RELOC,,7,13,8,,4.465811288800376,,,
ROBOT_RELOC,,7,13,9,,6.8416248628143235,,,
ROBOT_RELOC,,7,13,10,,5.603666704531536,,,
ROBOT_RELOC,,7,13,11,,5.985387621751797,,,
ROBOT_RELOC,,7,13,12,,5.266409110827082,,,
ROBOT_RELOC,,7,13,13,,0.0,,,
ROBOT_RELOC,,7,13,14,,2.3791401876035376,,,
ROBOT_RELOC,,7,13,15,,6.481410161602293,,,
ROBOT_RELOC,,7,13,16,,4.649004201391901,,,
ROBOT_RELOC,,7,13,17,,6.987830673113132,,,
ROBOT_RELOC,,7,14,0,,4.336306878589636,,,
ROBOT_RELOC,,7,14,1,,3.912119280280566,,,
ROBOT_RELOC,,7,14,2,,3.0102663899740296,,,
ROBOT_RELOC,,7,14,3,,7.823920131393498,,,
ROBOT_RELOC,,7,14,4,,6.495273419651257,,,
ROBOT_RELOC,,7,14,5,,4.454869088967902,,,
ROBOT_RELOC,,7,14,6,,7.03161379644645,,,
ROBOT_RELOC,,7,14,7,,6.895054821071586,,,
ROBOT_RELOC,,7,14,8,,7.1031835074026315,,,
ROBOT_RELOC,,7,14,9,,3.9598092038698964,,,
ROBOT_RELOC,,7,14,10,,3.8458904751818377,,,
ROBOT_RELOC,,7,14,11,,3.3872266720265882,,,
ROBOT_RELOC,,7,14,12,,3.2476410630992594,,,
ROBOT_RELOC,,7,14,13,,1.2390002683417087,,,
ROBOT_RELOC,,7,14,14,,0.0,,,
ROBOT_RELOC,,7,14,15,,4.621346757081206,,,
ROBOT_RELOC,,7,14,16,,3.54532011795083,,,
ROBOT_RELOC,,7,14,17,,3.856243724895658,,,
ROBOT_RELOC,,7,15,0,,7.605132636124895,,,
ROBOT_RELOC,,7,15,1,,7.359025409880903,,,
ROBOT_RELOC,,7,15,2,,4.99087644558547,,,
ROBOT_RELOC,,7,15,3,,4.692819453152049,,,
ROBOT_RELOC,,7,15,4,,7.865470462870495,,,
ROBOT_RELOC,,7,15,5,,7.2223151441019855,,,
ROBOT_RELOC,,7,15,6,,7.496041113699933,,,
ROBOT_RELOC,,7,15,7,,5.208605469538565,,,
ROBOT_RELOC,,7,15,8,,7.26304723478755,,,
ROBOT_RELOC,,7,15,9,,4.012935760849469,,,
ROBOT_RELOC,,7,15,10,,6.262779917903593,,,
ROBOT_RELOC,,7,15,11,,5.030901786757131,,,
ROBOT_RELOC,,7,15,12,,3.8553099145014316,,,
ROBOT_RELOC,,7,15,13,,7.762016322127868,,,
ROBOT_RELOC,,7,15,14,,6.603700082472604,,,
ROBOT_RELOC,,7,15,15,,0.0,,,
ROBOT_RELOC,,7,15,16,,1.9135082564430324,,,
ROBOT_RELOC,,7,15,17,,2.3229233170686143,,,
ROBOT_RELOC,,7,16,0,,5.991195323713578,,,
ROBOT_RELOC,,7,16,1,,7.4468920780919134,,,
ROBOT_RELOC,,7,16,2,,5.63115231257763,,,
ROBOT_RELOC,,7,16,3,,6.2025417068841655,,,
ROBOT_RELOC,,7,16,4,,3.2151535547663856,,,
ROBOT_RELOC,,7,16,5,,7.363718460167564,,,
ROBOT_RELOC,,7,16,6,,6.848081408097373,,,
ROBOT_RELOC,,7,16,7,,5.581817451361834,,,
ROBOT_RELOC,,7,16,8,,4.266884900418415,,,
ROBOT_RELOC,,7,16,9,,7.630842771044178,,,
ROBOT_RELOC,,7,16,10,,7.937695308072675,,,
ROBOT_RELOC,,7,16,11,,5.590622253108714,,,
ROBOT_RELOC,,7,16,12,,6.871611938852788,,,
ROBOT_RELOC,,7,16,13,,5.773742322588953,,,
ROBOT_RELOC,,7,16,14,,7.897990605508938,,,
ROBOT_RELOC,,7,16,15,,2.950163544775892,,,
ROBOT_RELOC,,7,16,16,,0.0,,,
ROBOT_RELOC,,7,16,17,,2.0859470999650833,,,
ROBOT_RELOC,,7,17,0,,3.4337711388833876,,,
ROBOT_RELOC,,7,17,1,,4.147174333577641,,,
ROBOT_RELOC,,7,17,2,,3.2267877620249337,,,
ROBOT_RELOC,,7,17,3,,6.567420151094044,,,
ROBOT_RELOC,,7,17,4,,5.710209559902335,,,
ROBOT_RELOC,,7,17,5,,3.3848840630132933,,,
ROBOT_RELOC,,7,17,6,,7.46538184770346,,,
ROBOT_RELOC,,7,17,7,,7.267803561794993,,,
ROBOT_RELOC,,7,17,8,,7.031978870096296,,,
ROBOT_RELOC,,7,17,9,,4.469729756744009,,,
ROBOT_RELOC,,7,17,10,,7.046561458947504,,,
ROBOT_RELOC,,7,17,11,,4.999299878358508,,,
ROBOT_RELOC,,7,17,12,,5.679055872701563,,,
ROBOT_RELOC,,7,17,13,,4.767473918098679,,,
ROBOT_RELOC,,7,17,14,,5.052184860270923,,,
ROBOT_RELOC,,7,17,15,,2.5516213406615007,,,
ROBOT_RELOC,,7,17,16,,2.943844423588602,,,
ROBOT_RELOC,,7,17,17,,0.0,,,
ROBOT_RELOC,,8,0,0,,0.0,,,
ROBOT_RELOC,,8,0,1,,2.3366166184361417,,,
ROBOT_RELOC,,8,0,2,,3.268817324287705,,,
ROBOT_RELOC,,8,0,3,,4.382753688019414,,,
ROBOT_RELOC,,8,0,4,,6.739574467808643,,,
ROBOT_RELOC,,8,0,5,,3.154820560792162,,,
ROBOT_RELOC,,8,0,6,,6.005263934530406,,,
ROBOT_RELOC,,8,0,7,,4.741580841570087,,,
ROBOT_RELOC,,8,0,8,,4.64117017678689,,,
ROBOT_RELOC,,8,0,9,,5.2194951735184905,,,
ROBOT_RELOC,,8,0,10,,5.086000222845998,,,
ROBOT_RELOC,,8,0,11,,4.022604476134529,,,
ROBOT_RELOC,,8,0,12,,7.086254744584057,,,
ROBOT_RELOC,,8,0,13,,6.719931985782923,,,
ROBOT_RELOC,,8,0,14,,7.0162195131030565,,,
ROBOT_RELOC,,8,0,15,,5.351942609708758,,,
ROBOT_RELOC,,8,0,16,,4.7910150517018355,,,
ROBOT_RELOC,,8,0,17,,6.467399308552363,,,
ROBOT_RELOC,,8,1,0,,1.4435395446766415,,,
ROBOT_RELOC,,8,1,1,,0.0,,,
ROBOT_RELOC,,8,1,2,,7.415931460903452,,,
ROBOT_RELOC,,8,1,3,,5.121014725225377,,,
ROBOT_RELOC,,8,1,4,,4.279406118163532,,,
ROBOT_RELOC,,8,1,5,,7.017860561810482,,,
ROBOT_RELOC,,8,1,6,,5.6937866747520065,,,
ROBOT_RELOC,,8,1,7,,4.847187725022671,,,
ROBOT_RELOC,,8,1,8,,3.629331751749259,,,
ROBOT_RELOC,,8,1,9,,4.713357989700521,,,
ROBOT_RELOC,,8,1,10,,5.624586382824429,,,
ROBOT_RELOC,,8,1,11,,4.249131845824607,,,
ROBOT_RELOC,,8,1,12,,5.48446489588178,,,
ROBOT_RELOC,,8,1,13,,3.9925945315472906,,,
ROBOT_RELOC,,8,1,14,,3.7536439034779323,,,
ROBOT_RELOC,,8,1,15,,5.581190318466168,,,
ROBOT_RELOC,,8,1,16,,5.977367787250272,,,
ROBOT_RELOC,,8,1,17,,6.39568895945245,,,
ROBOT_RELOC,,8,2,0,,7.949874793973292,,,
ROBOT_RELOC,,8,2,1,,5.4196520279647595,,,
ROBOT_RELOC,,8,2,2,,0.0,,,
ROBOT_RELOC,,8,2,3,,6.123778067151905,,,
ROBOT_RELOC,,8,2,4,,7.927547226012686,,,
ROBOT_RELOC,,8,2,5,,5.518629354636091,,,
ROBOT_RELOC,,8,2,6,,4.757633992296,,,
ROBOT_RELOC,,8,2,7,,4.426282570498542,,,
ROBOT_RELOC,,8,2,8,,4.4757086113009334,,,
ROBOT_RELOC,,8,2,9,,7.220944146303875,,,
ROBOT_RELOC,,8,2,10,,7.012950177817271,,,
ROBOT_RELOC,,8,2,11,,4.672635300989622,,,
ROBOT_RELOC,,8,2,12,,7.718747082623022,,,
ROBOT_RELOC,,8,2,13,,4.503443457698035,,,
ROBOT_RELOC,,8,2,14,,4.344151300247347,,,
ROBOT_RELOC,,8,2,15,,5.919358918637591,,,
ROBOT_RELOC,,8,2,16,,7.435452143552901,,,
ROBOT_RELOC,,8,2,17,,7.36386957311905,,,
ROBOT_RELOC,,8,3,0,,3.650217577187169,,,
ROBOT_RELOC,,8,3,1,,4.490182913590575,,,
ROBOT_RELOC,,8,3,2,,5.508447414345326,,,
ROBOT_RELOC,,8,3,3,,0.0,,,
ROBOT_RELOC,,8,3,4,,1.7903135256500475,,,
ROBOT_RELOC,,8,3,5,,1.9150741418340775,,,
ROBOT_RELOC,,8,3,6,,5.999439049089986,,,
ROBOT_RELOC,,8,3,7,,7.98774241529653,,,
ROBOT_RELOC,,8,3,8,,7.7200282288338995,,,
ROBOT_RELOC,,8,3,9,,5.311380940464675,,,
ROBOT_RELOC,,8,3,10,,3.8460033977895076,,,
ROBOT_RELOC,,8,3,11,,6.809911479950891,,,
ROBOT_RELOC,,8,3,12,,7.929494730372505,,,
ROBOT_RELOC,,8,3,13,,3.438254369093743,,,
ROBOT_RELOC,,8,3,14,,3.8192056859218577,,,
ROBOT_RELOC,,8,3,15,,6.771597976608147,,,
ROBOT_RELOC,,8,3,16,,4.41755210510959,,,
ROBOT_RELOC,,8,3,17,,4.6645971884294966,,,
ROBOT_RELOC,,8,4,0,,3.8709454957006137,,,
ROBOT_RELOC,,8,4,1,,7.140513803821916,,,
ROBOT_RELOC,,8,4,2,,6.201455180330646,,,
ROBOT_RELOC,,8,4,3,,1.0810153267647256,,,
ROBOT_RELOC,,8,4,4,,0.0,,,
ROBOT_RELOC,,8,4,5,,1.742263564165454,,,
ROBOT_RELOC,,8,4,6,,7.505898411956947,,,
ROBOT_RELOC,,8,4,7,,5.227930175497173,,,
ROBOT_RELOC,,8,4,8,,5.639642465744725,,,
ROBOT_RELOC,,8,4,9,,7.195295179504585,,,
ROBOT_RELOC,,8,4,10,,3.739035765971895,,,
ROBOT_RELOC,,8,4,11,,7.580448862569567,,,
ROBOT_RELOC,,8,4,12,,3.7877545855841532,,,
ROBOT_RELOC,,8,4,13,,6.437019431400774,,,
ROBOT_RELOC,,8,4,14,,6.437661183273967,,,
ROBOT_RELOC,,8,4,15,,4.351516789309469,,,
ROBOT_RELOC,,8,4,16,,4.7057336823040945,,,
ROBOT_RELOC,,8,4,17,,7.497629959313408,,,
ROBOT_RELOC,,8,5,0,,5.36195517115601,,,
ROBOT_RELOC,,8,5,1,,4.786972142372164,,,
ROBOT_RELOC,,8,5,2,,6.52925281526308,,,
ROBOT_RELOC,,8,5,3,,1.8913271165535792,,,
ROBOT_RELOC,,8,5,4,,2.735877845528274,,,
ROBOT_RELOC,,8,5,5,,0.0,,,
ROBOT_RELOC,,8,5,6,,5.1903767833647185,,,
ROBOT_RELOC,,8,5,7,,3.8196785918330756,,,
ROBOT_RELOC,,8,5,8,,7.800119011000281,,,
ROBOT_RELOC,,8,5,9,,7.178630106569532,,,
ROBOT_RELOC,,8,5,10,,6.030269005535581,,,
ROBOT_RELOC,,8,5,11,,5.877161867953094,,,
ROBOT_RELOC,,8,5,12,,6.589281977395196,,,
ROBOT_RELOC,,8,5,13,,4.200887944137134,,,
ROBOT_RELOC,,8,5,14,,3.340384447667859,,,
ROBOT_RELOC,,8,5,15,,7.356988860016547,,,
ROBOT_RELOC,,8,5,16,,4.504430882569305,,,
ROBOT_RELOC,,8,5,17,,5.69095808342794,,,
ROBOT_RELOC,,8,6,0,,7.514325552868862,,,
ROBOT_RELOC,,8,6,1,,6.525253581386499,,,
ROBOT_RELOC,,8,6,2,,5.520218388845613,,,
ROBOT_RELOC,,8,6,3,,3.087420178016444,,,
ROBOT_RELOC,,8,6,4,,3.120300487813666,,,
ROBOT_RELOC,,8,6,5,,6.671957174396851,,,
ROBOT_RELOC,,8,6,6,,0.0,,,
ROBOT_RELOC,,8,6,7,,6.866026691822732,,,
ROBOT_RELOC,,8,6,8,,5.581029236868074,,,
ROBOT_RELOC,,8,6,9,,6.736245157493025,,,
ROBOT_RELOC,,8,6,10,,4.120409089670687,,,
ROBOT_RELOC,,8,6,11,,4.16852434052549,,,
ROBOT_RELOC,,8,6,12,,4.54974776838807,,,
ROBOT_RELOC,,8,6,13,,3.683371523949243,,,
ROBOT_RELOC,,8,6,14,,4.526157084193311,,,
ROBOT_RELOC,,8,6,15,,3.1950330679982275,,,
ROBOT_RELOC,,8,6,16,,6.052083011994986,,,
ROBOT_RELOC,,8,6,17,,5.917897241467179,,,
ROBOT_RELOC,,8,7,0,,5.5440956544309685,,,
ROBOT_RELOC,,8,7,1,,3.6127868198398714,,,
ROBOT_RELOC,,8,7,2,,6.859422826662593,,,
ROBOT_RELOC,,8,7,3,,7.59550646474119,,,
ROBOT_RELOC,,8,7,4,,6.9635287931129595,,,
ROBOT_RELOC,,8,7,5,,4.231976793992194,,,
ROBOT_RELOC,,8,7,6,,6.52789597574953,,,
ROBOT_RELOC,,8,7,7,,0.0,,,
ROBOT_RELOC,,8,7,8,,2.997889977633333,,,
ROBOT_RELOC,,8,7,9,,1.4707720144179248,,,
ROBOT_RELOC,,8,7,10,,7.690670285907978,,,
ROBOT_RELOC,,8,7,11,,6.813198742473066,,,
ROBOT_RELOC,,8,7,12,,6.772948231848511,,,
ROBOT_RELOC,,8,7,13,,6.951561199714034,,,
ROBOT_RELOC,,8,7,14,,6.515616638992311,,,
ROBOT_RELOC,,8,7,15,,4.870927250720804,,,
ROBOT_RELOC,,8,7,16,,5.724633291817615,,,
ROBOT_RELOC,,8,7,17,,3.3074579257361942,,,
ROBOT_RELOC,,8,8,0,,4.674922889288893,,,
ROBOT_RELOC,,8,8,1,,5.303580906911958,,,
ROBOT_RELOC,,8,8,2,,4.420203136574407,,,
ROBOT_RELOC,,8,8,3,,5.2805413679116775,,,
ROBOT_RELOC,,8,8,4,,7.542928375761816,,,
ROBOT_RELOC,,8,8,5,,7.886697720190084,,,
ROBOT_RELOC,,8,8,6,,7.221513303967336,,,
ROBOT_RELOC,,8,8,7,,2.315925333992948,,,
ROBOT_RELOC,,8,8,8,,0.0,,,
ROBOT_RELOC,,8,8,9,,1.7903283920331885,,,
ROBOT_RELOC,,8,8,10,,3.733315924143744,,,
ROBOT_RELOC,,8,8,11,,4.559159073225904,,,
ROBOT_RELOC,,8,8,12,,7.379692831466554,,,
ROBOT_RELOC,,8,8,13,,6.865239226689489,,,
ROBOT_RELOC,,8,8,14,,4.166536923648698,,,
ROBOT_RELOC,,8,8,15,,6.58620622169913,,,
ROBOT_RELOC,,8,8,16,,4.589957002616711,,,
ROBOT_RELOC,,8,8,17,,7.248068758173097,,,
ROBOT_RELOC,,8,9,0,,5.805522733328781,,,
ROBOT_RELOC,,8,9,1,,7.280739773569301,,,
ROBOT_RELOC,,8,9,2,,4.103760420312402,,,
ROBOT_RELOC,,8,9,3,,4.3538421986364915,,,
ROBOT_RELOC,,8,9,4,,5.481191344020074,,,
ROBOT_RELOC,,8,9,5,,7.837038925996623,,,
ROBOT_RELOC,,8,9,6,,5.678577938808126,,,
ROBOT_RELOC,,8,9,7,,2.062905717572381,,,
ROBOT_RELOC,,8,9,8,,2.8738292207071474,,,
ROBOT_RELOC,,8,9,9,,0.0,,,
ROBOT_RELOC,,8,9,10,,3.25305476240507,,,
ROBOT_RELOC,,8,9,11,,7.194149093874971,,,
ROBOT_RELOC,,8,9,12,,3.551446808017139,,,
ROBOT_RELOC,,8,9,13,,7.625313157044899,,,
ROBOT_RELOC,,8,9,14,,5.727506129673082,,,
ROBOT_RELOC,,8,9,15,,4.972886168362063,,,
ROBOT_RELOC,,8,9,16,,6.1337555921332,,,
ROBOT_RELOC,,8,9,17,,5.42397661508057,,,
ROBOT_RELOC,,8,10,0,,5.981052279873625,,,
ROBOT_RELOC,,8,10,1,,3.7577936526697506,,,
ROBOT_RELOC,,8,10,2,,6.120348495749805,,,
ROBOT_RELOC,,8,10,3,,3.6095285777357273,,,
ROBOT_RELOC,,8,10,4,,6.594081840331501,,,
ROBOT_RELOC,,8,10,5,,5.838710853244473,,,
ROBOT_RELOC,,8,10,6,,5.254598035961025,,,
ROBOT_RELOC,,8,10,7,,7.53962692034856,,,
ROBOT_RELOC,,8,10,8,,5.7688175575901095,,,
ROBOT_RELOC,,8,10,9,,7.914435696169614,,,
ROBOT_RELOC,,8,10,10,,0.0,,,
ROBOT_RELOC,,8,10,11,,2.427431065366143,,,
ROBOT_RELOC,,8,10,12,,1.193676498397638,,,
ROBOT_RELOC,,8,10,13,,6.143272877521209,,,
ROBOT_RELOC,,8,10,14,,3.13712462368767,,,
ROBOT_RELOC,,8,10,15,,7.303049201564419,,,
ROBOT_RELOC,,8,10,16,,5.321052894151302,,,
ROBOT_RELOC,,8,10,17,,4.312804652989017,,,
ROBOT_RELOC,,8,11,0,,4.586933516776483,,,
ROBOT_RELOC,,8,11,1,,7.097100297198985,,,
ROBOT_RELOC,,8,11,2,,4.273675478811716,,,
ROBOT_RELOC,,8,11,3,,7.015044144159306,,,
ROBOT_RELOC,,8,11,4,,5.306164479437537,,,
ROBOT_RELOC,,8,11,5,,7.170705293179394,,,
ROBOT_RELOC,,8,11,6,,7.509897638242835,,,
ROBOT_RELOC,,8,11,7,,7.2633530155314165,,,
ROBOT_RELOC,,8,11,8,,4.071354215325622,,,
ROBOT_RELOC,,8,11,9,,6.604609007212554,,,
ROBOT_RELOC,,8,11,10,,1.485119032416876,,,
ROBOT_RELOC,,8,11,11,,0.0,,,
ROBOT_RELOC,,8,11,12,,1.4952887561929316,,,
ROBOT_RELOC,,8,11,13,,6.676957730336852,,,
ROBOT_RELOC,,8,11,14,,4.923016218399033,,,
ROBOT_RELOC,,8,11,15,,5.9096081843571096,,,
ROBOT_RELOC,,8,11,16,,7.23658733322699,,,
ROBOT_RELOC,,8,11,17,,4.59057955684701,,,
ROBOT_RELOC,,8,12,0,,7.240859319628058,,,
ROBOT_RELOC,,8,12,1,,3.4587178038826636,,,
ROBOT_RELOC,,8,12,2,,3.224302365580992,,,
ROBOT_RELOC,,8,12,3,,4.383234303557106,,,
ROBOT_RELOC,,8,12,4,,6.648056533461634,,,
ROBOT_RELOC,,8,12,5,,6.741853794016681,,,
ROBOT_RELOC,,8,12,6,,4.821827129794014,,,
ROBOT_RELOC,,8,12,7,,3.0270374411880185,,,
ROBOT_RELOC,,8,12,8,,6.889704835532706,,,
ROBOT_RELOC,,8,12,9,,6.4629846458688505,,,
ROBOT_RELOC,,8,12,10,,1.635246795956107,,,
ROBOT_RELOC,,8,12,11,,1.9609081117046459,,,
ROBOT_RELOC,,8,12,12,,0.0,,,
ROBOT_RELOC,,8,12,13,,5.237983657873999,,,
ROBOT_RELOC,,8,12,14,,6.209545981124345,,,
ROBOT_RELOC,,8,12,15,,3.5513205180219267,,,
ROBOT_RELOC,,8,12,16,,6.277753284772493,,,
ROBOT_RELOC,,8,12,17,,4.870781767267016,,,
ROBOT_RELOC,,8,13,0,,5.8265265747124,,,
ROBOT_RELOC,,8,13,1,,5.137128615175065,,,
ROBOT_RELOC,,8,13,2,,5.8239024613216746,,,
ROBOT_RELOC,,8,13,3,,6.957307204198093,,,
ROBOT_RELOC,,8,13,4,,3.5733483485641893,,,
ROBOT_RELOC,,8,13,5,,4.875920017125913,,,
ROBOT_RELOC,,8,13,6,,5.253584219309846,,,
ROBOT_RELOC,,8,13,7,,6.896452648254807,,,
ROBOT_RELOC,,8,13,8,,7.17904890020917,,,
ROBOT_RELOC,,8,13,9,,6.073896577913623,,,
ROBOT_RELOC,,8,13,10,,3.803822612678811,,,
ROBOT_RELOC,,8,13,11,,4.592804771364763,,,
ROBOT_RELOC,,8,13,12,,7.617943114120647,,,
ROBOT_RELOC,,8,13,13,,0.0,,,
ROBOT_RELOC,,8,13,14,,1.751991112243112,,,
ROBOT_RELOC,,8,13,15,,3.91896957027054,,,
ROBOT_RELOC,,8,13,16,,3.362855386237505,,,
ROBOT_RELOC,,8,13,17,,4.625346765437657,,,
ROBOT_RELOC,,8,14,0,,3.1040095426134475,,,
ROBOT_RELOC,,8,14,1,,7.729204863097565,,,
ROBOT_RELOC,,8,14,2,,7.139428109117455,,,
ROBOT_RELOC,,8,14,3,,7.5594197542131285,,,
ROBOT_RELOC,,8,14,4,,6.713065553531736,,,
ROBOT_RELOC,,8,14,5,,3.6504021241111,,,
ROBOT_RELOC,,8,14,6,,4.869210719527702,,,
ROBOT_RELOC,,8,14,7,,7.162793079585131,,,
ROBOT_RELOC,,8,14,8,,5.606789988612033,,,
ROBOT_RELOC,,8,14,9,,6.976687956590915,,,
ROBOT_RELOC,,8,14,10,,4.96388477609881,,,
ROBOT_RELOC,,8,14,11,,6.416885685118511,,,
ROBOT_RELOC,,8,14,12,,7.909502054049025,,,
ROBOT_RELOC,,8,14,13,,1.3582999423074604,,,
ROBOT_RELOC,,8,14,14,,0.0,,,
ROBOT_RELOC,,8,14,15,,7.8157770251939835,,,
ROBOT_RELOC,,8,14,16,,3.740219708957473,,,
ROBOT_RELOC,,8,14,17,,6.294665378737264,,,
ROBOT_RELOC,,8,15,0,,6.747046554654631,,,
ROBOT_RELOC,,8,15,1,,4.169055240975341,,,
ROBOT_RELOC,,8,15,2,,4.105446190602694,,,
ROBOT_RELOC,,8,15,3,,3.6582963153234838,,,
ROBOT_RELOC,,8,15,4,,7.408675802590579,,,
ROBOT_RELOC,,8,15,5,,5.244247765481806,,,
ROBOT_RELOC,,8,15,6,,3.626805221684823,,,
ROBOT_RELOC,,8,15,7,,5.695098377083809,,,
ROBOT_RELOC,,8,15,8,,5.696881501949094,,,
ROBOT_RELOC,,8,15,9,,3.564685852600783,,,
ROBOT_RELOC,,8,15,10,,5.282146507272872,,,
ROBOT_RELOC,,8,15,11,,6.979290393525462,,,
ROBOT_RELOC,,8,15,12,,4.775584326633985,,,
ROBOT_RELOC,,8,15,13,,3.9643281436582325,,,
ROBOT_RELOC,,8,15,14,,7.128291183031285,,,
ROBOT_RELOC,,8,15,15,,0.0,,,
ROBOT_RELOC,,8,15,16,,1.338167342989689,,,
ROBOT_RELOC,,8,15,17,,2.252939841347454,,,
ROBOT_RELOC,,8,16,0,,6.437385341981299,,,
ROBOT_RELOC,,8,16,1,,4.551106116529531,,,
ROBOT_RELOC,,8,16,2,,6.021700287332718,,,
ROBOT_RELOC,,8,16,3,,5.568645610238347,,,
ROBOT_RELOC,,8,16,4,,4.951444721194983,,,
ROBOT_RELOC,,8,16,5,,4.295587257336513,,,
ROBOT_RELOC,,8,16,6,,6.570783819350053,,,
ROBOT_RELOC,,8,16,7,,6.493433402321321,,,
ROBOT_RELOC,,8,16,8,,3.876780856020103,,,
ROBOT_RELOC,,8,16,9,,5.460740855716281,,,
ROBOT_RELOC,,8,16,10,,6.9900367224653985,,,
ROBOT_RELOC,,8,16,11,,5.143670096014379,,,
ROBOT_RELOC,,8,16,12,,6.589455059716037,,,
ROBOT_RELOC,,8,16,13,,5.6820288999735284,,,
ROBOT_RELOC,,8,16,14,,5.677620352148195,,,
ROBOT_RELOC,,8,16,15,,2.759681532210738,,,
ROBOT_RELOC,,8,16,16,,0.0,,,
ROBOT_RELOC,,8,16,17,,2.5965191643328827,,,
ROBOT_RELOC,,8,17,0,,7.164446798538453,,,
ROBOT_RELOC,,8,17,1,,6.753828729156507,,,
ROBOT_RELOC,,8,17,2,,5.31521612095264,,,
ROBOT_RELOC,,8,17,3,,3.081521369039054,,,
ROBOT_RELOC,,8,17,4,,7.583436809633431,,,
ROBOT_RELOC,,8,17,5,,4.452718899470943,,,
ROBOT_RELOC,,8,17,6,,5.201978287083262,,,
ROBOT_RELOC,,8,17,7,,3.530058602461752,,,
ROBOT_RELOC,,8,17,8,,3.3725705009609444,,,
ROBOT_RELOC,,8,17,9,,3.3468362959580498,,,
ROBOT_RELOC,,8,17,10,,5.369773088503544,,,
ROBOT_RELOC,,8,17,11,,3.05238784912465,,,
ROBOT_RELOC,,8,17,12,,6.069260104457434,,,
ROBOT_RELOC,,8,17,13,,3.970993334414878,,,
ROBOT_RELOC,,8,17,14,,3.631740175020921,,,
ROBOT_RELOC,,8,17,15,,1.400721715464454,,,
ROBOT_RELOC,,8,17,16,,2.071522007549807,,,
ROBOT_RELOC,,8,17,17,,0.0,,,
ROBOT_RELOC,,9,0,0,,0.0,,,
ROBOT_RELOC,,9,0,1,,1.0711890709184044,,,
ROBOT_RELOC,,9,0,2,,3.4259364789100935,,,
ROBOT_RELOC,,9,0,3,,4.148722727369407,,,
ROBOT_RELOC,,9,0,4,,4.6561516937470735,,,
ROBOT_RELOC,,9,0,5,,3.223323302157667,,,
ROBOT_RELOC,,9,0,6,,3.579273927055114,,,
ROBOT_RELOC,,9,0,7,,5.905258825354508,,,
ROBOT_RELOC,,9,0,8,,4.065956597749803,,,
ROBOT_RELOC,,9,0,9,,4.674097965516902,,,
ROBOT_RELOC,,9,0,10,,7.344378826004674,,,
ROBOT_RELOC,,9,0,11,,4.562200486008599,,,
ROBOT_RELOC,,9,0,12,,6.5251642179197304,,,
ROBOT_RELOC,,9,0,13,,7.57031039704572,,,
ROBOT_RELOC,,9,0,14,,7.204607605224682,,,
ROBOT_RELOC,,9,0,15,,6.258660600518022,,,
ROBOT_RELOC,,9,0,16,,7.559135394064658,,,
ROBOT_RELOC,,9,0,17,,5.839115943345041,,,
ROBOT_RELOC,,9,1,0,,1.5559190585828415,,,
ROBOT_RELOC,,9,1,1,,0.0,,,
ROBOT_RELOC,,9,1,2,,3.4887729904297036,,,
ROBOT_RELOC,,9,1,3,,7.107736197433532,,,
ROBOT_RELOC,,9,1,4,,5.349508939792512,,,
ROBOT_RELOC,,9,1,5,,3.711148944667286,,,
ROBOT_RELOC,,9,1,6,,5.257116952976288,,,
ROBOT_RELOC,,9,1,7,,3.109827039294345,,,
ROBOT_RELOC,,9,1,8,,5.986360875662583,,,
ROBOT_RELOC,,9,1,9,,5.028776403412607,,,
ROBOT_RELOC,,9,1,10,,6.287633873073441,,,
ROBOT_RELOC,,9,1,11,,5.28329138895614,,,
ROBOT_RELOC,,9,1,12,,7.073954783903486,,,
ROBOT_RELOC,,9,1,13,,6.094594054782151,,,
ROBOT_RELOC,,9,1,14,,6.898909296467815,,,
ROBOT_RELOC,,9,1,15,,7.522600177686135,,,
ROBOT_RELOC,,9,1,16,,3.4758961375125184,,,
ROBOT_RELOC,,9,1,17,,4.07842837705596,,,
ROBOT_RELOC,,9,2,0,,7.533244962784039,,,
ROBOT_RELOC,,9,2,1,,6.0885450769399725,,,
ROBOT_RELOC,,9,2,2,,0.0,,,
ROBOT_RELOC,,9,2,3,,4.469377059651656,,,
ROBOT_RELOC,,9,2,4,,3.338566933989987,,,
ROBOT_RELOC,,9,2,5,,4.751100676805054,,,
ROBOT_RELOC,,9,2,6,,3.2932979541115865,,,
ROBOT_RELOC,,9,2,7,,5.5900913207328085,,,
ROBOT_RELOC,,9,2,8,,6.991898270105657,,,
ROBOT_RELOC,,9,2,9,,5.695515326795136,,,
ROBOT_RELOC,,9,2,10,,6.735576109993692,,,
ROBOT_RELOC,,9,2,11,,6.203770839463438,,,
ROBOT_RELOC,,9,2,12,,7.448050077961434,,,
ROBOT_RELOC,,9,2,13,,6.580066467487746,,,
ROBOT_RELOC,,9,2,14,,6.608632804471264,,,
ROBOT_RELOC,,9,2,15,,5.657221105454457,,,
ROBOT_RELOC,,9,2,16,,5.72639453028577,,,
ROBOT_RELOC,,9,2,17,,6.904866318639044,,,
ROBOT_RELOC,,9,3,0,,7.165032837996926,,,
ROBOT_RELOC,,9,3,1,,7.462325317612887,,,
ROBOT_RELOC,,9,3,2,,4.249829378877696,,,
ROBOT_RELOC,,9,3,3,,0.0,,,
ROBOT_RELOC,,9,3,4,,2.2655307771053765,,,
ROBOT_RELOC,,9,3,5,,1.8718697427800404,,,
ROBOT_RELOC,,9,3,6,,3.0661688847262476,,,
ROBOT_RELOC,,9,3,7,,7.423894327123456,,,
ROBOT_RELOC,,9,3,8,,3.5390538360821,,,
ROBOT_RELOC,,9,3,9,,7.224055769840625,,,
ROBOT_RELOC,,9,3,10,,7.606563701135182,,,
ROBOT_RELOC,,9,3,11,,6.4688990288217365,,,
ROBOT_RELOC,,9,3,12,,6.819380880571924,,,
ROBOT_RELOC,,9,3,13,,7.37164824269173,,,
ROBOT_RELOC,,9,3,14,,4.326792273228161,,,
ROBOT_RELOC,,9,3,15,,7.382969725168663,,,
ROBOT_RELOC,,9,3,16,,3.7598226461851905,,,
ROBOT_RELOC,,9,3,17,,6.258576511767997,,,
ROBOT_RELOC,,9,4,0,,7.326256007689155,,,
ROBOT_RELOC,,9,4,1,,7.792759547075921,,,
ROBOT_RELOC,,9,4,2,,7.663068248482949,,,
ROBOT_RELOC,,9,4,3,,2.5118743423220065,,,
ROBOT_RELOC,,9,4,4,,0.0,,,
ROBOT_RELOC,,9,4,5,,2.323545088206647,,,
ROBOT_RELOC,,9,4,6,,5.768842405028073,,,
ROBOT_RELOC,,9,4,7,,7.78118029621758,,,
ROBOT_RELOC,,9,4,8,,6.781298748693606,,,
ROBOT_RELOC,,9,4,9,,6.190096380512354,,,
ROBOT_RELOC,,9,4,10,,4.778844323477924,,,
ROBOT_RELOC,,9,4,11,,7.0234277878824445,,,
ROBOT_RELOC,,9,4,12,,7.394995847458719,,,
ROBOT_RELOC,,9,4,13,,4.006168146670593,,,
ROBOT_RELOC,,9,4,14,,4.01237295920297,,,
ROBOT_RELOC,,9,4,15,,7.070289466006651,,,
ROBOT_RELOC,,9,4,16,,3.123900707287187,,,
ROBOT_RELOC,,9,4,17,,3.824880498171648,,,
ROBOT_RELOC,,9,5,0,,3.733111692100414,,,
ROBOT_RELOC,,9,5,1,,3.9237533115470544,,,
ROBOT_RELOC,,9,5,2,,4.4197349492762905,,,
ROBOT_RELOC,,9,5,3,,2.3682554824048596,,,
ROBOT_RELOC,,9,5,4,,2.369011657140203,,,
ROBOT_RELOC,,9,5,5,,0.0,,,
ROBOT_RELOC,,9,5,6,,5.836868130896222,,,
ROBOT_RELOC,,9,5,7,,4.673835825793608,,,
ROBOT_RELOC,,9,5,8,,7.22193196945659,,,
ROBOT_RELOC,,9,5,9,,5.9727154247803895,,,
ROBOT_RELOC,,9,5,10,,4.776612713489421,,,
ROBOT_RELOC,,9,5,11,,4.8237365493583795,,,
ROBOT_RELOC,,9,5,12,,6.2519865611370085,,,
ROBOT_RELOC,,9,5,13,,5.425726144855874,,,
ROBOT_RELOC,,9,5,14,,7.891627865677579,,,
ROBOT_RELOC,,9,5,15,,4.792689515045979,,,
ROBOT_RELOC,,9,5,16,,3.7980118928942566,,,
ROBOT_RELOC,,9,5,17,,7.154319522941813,,,
ROBOT_RELOC,,9,6,0,,6.250368955646672,,,
ROBOT_RELOC,,9,6,1,,5.448024763239703,,,
ROBOT_RELOC,,9,6,2,,7.1278042389216605,,,
ROBOT_RELOC,,9,6,3,,3.8527273035903162,,,
ROBOT_RELOC,,9,6,4,,4.47306326677076,,,
ROBOT_RELOC,,9,6,5,,6.0433382657368355,,,
ROBOT_RELOC,,9,6,6,,0.0,,,
ROBOT_RELOC,,9,6,7,,6.444032283934879,,,
ROBOT_RELOC,,9,6,8,,7.0383417906503825,,,
ROBOT_RELOC,,9,6,9,,4.708461164921239,,,
ROBOT_RELOC,,9,6,10,,4.953612264218897,,,
ROBOT_RELOC,,9,6,11,,4.11057025797262,,,
ROBOT_RELOC,,9,6,12,,6.840792944755432,,,
ROBOT_RELOC,,9,6,13,,6.007351099381817,,,
ROBOT_RELOC,,9,6,14,,6.610564327422282,,,
ROBOT_RELOC,,9,6,15,,6.832389836954206,,,
ROBOT_RELOC,,9,6,16,,6.278610050200066,,,
ROBOT_RELOC,,9,6,17,,6.707356762006711,,,
ROBOT_RELOC,,9,7,0,,4.198295972472851,,,
ROBOT_RELOC,,9,7,1,,5.303189907871609,,,
ROBOT_RELOC,,9,7,2,,7.1686788422167504,,,
ROBOT_RELOC,,9,7,3,,7.597445603176174,,,
ROBOT_RELOC,,9,7,4,,7.808659278312216,,,
ROBOT_RELOC,,9,7,5,,7.760688151809077,,,
ROBOT_RELOC,,9,7,6,,4.81065466910502,,,
ROBOT_RELOC,,9,7,7,,0.0,,,
ROBOT_RELOC,,9,7,8,,2.819151769193766,,,
ROBOT_RELOC,,9,7,9,,1.3650054682877713,,,
ROBOT_RELOC,,9,7,10,,3.9400284261351386,,,
ROBOT_RELOC,,9,7,11,,7.062732794783192,,,
ROBOT_RELOC,,9,7,12,,3.65745686655055,,,
ROBOT_RELOC,,9,7,13,,4.335588528186135,,,
ROBOT_RELOC,,9,7,14,,5.011730107419805,,,
ROBOT_RELOC,,9,7,15,,6.491900117728663,,,
ROBOT_RELOC,,9,7,16,,7.625633520799232,,,
ROBOT_RELOC,,9,7,17,,4.737088234152693,,,
ROBOT_RELOC,,9,8,0,,5.433070144259502,,,
ROBOT_RELOC,,9,8,1,,3.2649795963832386,,,
ROBOT_RELOC,,9,8,2,,7.388752828057715,,,
ROBOT_RELOC,,9,8,3,,5.569472822455426,,,
ROBOT_RELOC,,9,8,4,,7.167480720061345,,,
ROBOT_RELOC,,9,8,5,,5.75043113658707,,,
ROBOT_RELOC,,9,8,6,,6.295314113114734,,,
ROBOT_RELOC,,9,8,7,,1.3435935210296543,,,
ROBOT_RELOC,,9,8,8,,0.0,,,
ROBOT_RELOC,,9,8,9,,2.5063619549118368,,,
ROBOT_RELOC,,9,8,10,,3.852125791203606,,,
ROBOT_RELOC,,9,8,11,,3.2778661802990987,,,
ROBOT_RELOC,,9,8,12,,3.0612807725579327,,,
ROBOT_RELOC,,9,8,13,,7.645052607784808,,,
ROBOT_RELOC,,9,8,14,,3.679908510394631,,,
ROBOT_RELOC,,9,8,15,,7.908243645402697,,,
ROBOT_RELOC,,9,8,16,,5.015109352010308,,,
ROBOT_RELOC,,9,8,17,,4.640058901176428,,,
ROBOT_RELOC,,9,9,0,,6.944822947565175,,,
ROBOT_RELOC,,9,9,1,,6.426245323443491,,,
ROBOT_RELOC,,9,9,2,,3.9857497077074906,,,
ROBOT_RELOC,,9,9,3,,4.720004895480329,,,
ROBOT_RELOC,,9,9,4,,4.625802423510058,,,
ROBOT_RELOC,,9,9,5,,6.951345781873599,,,
ROBOT_RELOC,,9,9,6,,4.641571801891959,,,
ROBOT_RELOC,,9,9,7,,2.5513771846280067,,,
ROBOT_RELOC,,9,9,8,,2.440540765191545,,,
ROBOT_RELOC,,9,9,9,,0.0,,,
ROBOT_RELOC,,9,9,10,,7.5956169828680995,,,
ROBOT_RELOC,,9,9,11,,6.236276829818102,,,
ROBOT_RELOC,,9,9,12,,6.728264882140037,,,
ROBOT_RELOC,,9,9,13,,5.037739616813166,,,
ROBOT_RELOC,,9,9,14,,5.192988284557316,,,
ROBOT_RELOC,,9,9,15,,7.525237023753138,,,
ROBOT_RELOC,,9,9,16,,6.682433405064543,,,
ROBOT_RELOC,,9,9,17,,4.718554217441712,,,
ROBOT_RELOC,,9,10,0,,3.6465410157517053,,,
ROBOT_RELOC,,9,10,1,,4.815207075898346,,,
ROBOT_RELOC,,9,10,2,,5.551707065304924,,,
ROBOT_RELOC,,9,10,3,,7.256205490008329,,,
ROBOT_RELOC,,9,10,4,,5.948132505387749,,,
ROBOT_RELOC,,9,10,5,,6.163309753262006,,,
ROBOT_RELOC,,9,10,6,,7.771594691136497,,,
ROBOT_RELOC,,9,10,7,,5.182208152385812,,,
ROBOT_RELOC,,9,10,8,,6.537816150436953,,,
ROBOT_RELOC,,9,10,9,,7.701490514457615,,,
ROBOT_RELOC,,9,10,10,,0.0,,,
ROBOT_RELOC,,9,10,11,,1.9667857819986594,,,
ROBOT_RELOC,,9,10,12,,2.9364999586852485,,,
ROBOT_RELOC,,9,10,13,,4.051095901994359,,,
ROBOT_RELOC,,9,10,14,,3.883817042494819,,,
ROBOT_RELOC,,9,10,15,,4.781122790535687,,,
ROBOT_RELOC,,9,10,16,,7.859497321439373,,,
ROBOT_RELOC,,9,10,17,,3.561550987015391,,,
ROBOT_RELOC,,9,11,0,,3.8343812301422955,,,
ROBOT_RELOC,,9,11,1,,4.183822539025077,,,
ROBOT_RELOC,,9,11,2,,7.479347502724404,,,
ROBOT_RELOC,,9,11,3,,3.819780609665721,,,
ROBOT_RELOC,,9,11,4,,6.196313809816498,,,
ROBOT_RELOC,,9,11,5,,7.1424037591101355,,,
ROBOT_RELOC,,9,11,6,,6.006658635139773,,,
ROBOT_RELOC,,9,11,7,,3.6002021773237014,,,
ROBOT_RELOC,,9,11,8,,5.922090559676424,,,
ROBOT_RELOC,,9,11,9,,7.831892693372527,,,
ROBOT_RELOC,,9,11,10,,2.175465329704929,,,
ROBOT_RELOC,,9,11,11,,0.0,,,
ROBOT_RELOC,,9,11,12,,2.618155926719906,,,
ROBOT_RELOC,,9,11,13,,3.5480849937722314,,,
ROBOT_RELOC,,9,11,14,,7.287119987605203,,,
ROBOT_RELOC,,9,11,15,,3.5741627166973755,,,
ROBOT_RELOC,,9,11,16,,5.82847758379047,,,
ROBOT_RELOC,,9,11,17,,3.966055260225947,,,
ROBOT_RELOC,,9,12,0,,5.877450668314491,,,
ROBOT_RELOC,,9,12,1,,5.509176813369075,,,
ROBOT_RELOC,,9,12,2,,6.4152713711954075,,,
ROBOT_RELOC,,9,12,3,,3.672309567265465,,,
ROBOT_RELOC,,9,12,4,,6.624697815836951,,,
ROBOT_RELOC,,9,12,5,,5.41661441155456,,,
ROBOT_RELOC,,9,12,6,,6.746817585285838,,,
ROBOT_RELOC,,9,12,7,,3.6500083052503056,,,
ROBOT_RELOC,,9,12,8,,4.825863152009649,,,
ROBOT_RELOC,,9,12,9,,3.9364968486703718,,,
ROBOT_RELOC,,9,12,10,,1.4711576770733439,,,
ROBOT_RELOC,,9,12,11,,1.390671174707032,,,
ROBOT_RELOC,,9,12,12,,0.0,,,
ROBOT_RELOC,,9,12,13,,4.580363243333958,,,
ROBOT_RELOC,,9,12,14,,7.934529001351561,,,
ROBOT_RELOC,,9,12,15,,5.564808181302973,,,
ROBOT_RELOC,,9,12,16,,6.149932120833494,,,
ROBOT_RELOC,,9,12,17,,6.5686029143084195,,,
ROBOT_RELOC,,9,13,0,,5.439817150488185,,,
ROBOT_RELOC,,9,13,1,,3.979137794538325,,,
ROBOT_RELOC,,9,13,2,,6.86197862478067,,,
ROBOT_RELOC,,9,13,3,,7.45789187841641,,,
ROBOT_RELOC,,9,13,4,,5.854660957029749,,,
ROBOT_RELOC,,9,13,5,,3.809516322493333,,,
ROBOT_RELOC,,9,13,6,,5.127732797468349,,,
ROBOT_RELOC,,9,13,7,,3.883206254627859,,,
ROBOT_RELOC,,9,13,8,,6.4235264546253195,,,
ROBOT_RELOC,,9,13,9,,4.727638419865817,,,
ROBOT_RELOC,,9,13,10,,3.8985636448445904,,,
ROBOT_RELOC,,9,13,11,,3.5371611362192623,,,
ROBOT_RELOC,,9,13,12,,3.6763062241034747,,,
ROBOT_RELOC,,9,13,13,,0.0,,,
ROBOT_RELOC,,9,13,14,,1.635573251948702,,,
ROBOT_RELOC,,9,13,15,,3.5929231904859504,,,
ROBOT_RELOC,,9,13,16,,3.243382812761056,,,
ROBOT_RELOC,,9,13,17,,5.721561725776915,,,
ROBOT_RELOC,,9,14,0,,6.321111471602107,,,
ROBOT_RELOC,,9,14,1,,3.026761937432567,,,
ROBOT_RELOC,,9,14,2,,7.969777891899857,,,
ROBOT_RELOC,,9,14,3,,7.08671457074233,,,
ROBOT_RELOC,,9,14,4,,7.134844454525728,,,
ROBOT_RELOC,,9,14,5,,3.7414202316018237,,,
ROBOT_RELOC,,9,14,6,,4.478119908786413,,,
ROBOT_RELOC,,9,14,7,,4.240848221765335,,,
ROBOT_RELOC,,9,14,8,,4.100142137923255,,,
ROBOT_RELOC,,9,14,9,,7.4434436332379255,,,
ROBOT_RELOC,,9,14,10,,4.412008646986639,,,
ROBOT_RELOC,,9,14,11,,5.185259558403498,,,
ROBOT_RELOC,,9,14,12,,4.592328786736534,,,
ROBOT_RELOC,,9,14,13,,1.7810692542822433,,,
ROBOT_RELOC,,9,14,14,,0.0,,,
ROBOT_RELOC,,9,14,15,,6.895841381388152,,,
ROBOT_RELOC,,9,14,16,,7.84042697603011,,,
ROBOT_RELOC,,9,14,17,,7.459840969198669,,,
ROBOT_RELOC,,9,15,0,,5.196096540699438,,,
ROBOT_RELOC,,9,15,1,,4.8902354624092865,,,
ROBOT_RELOC,,9,15,2,,5.436427745336057,,,
ROBOT_RELOC,,9,15,3,,3.8588456259694044,,,
ROBOT_RELOC,,9,15,4,,5.452959792002945,,,
ROBOT_RELOC,,9,15,5,,3.753407260904943,,,
ROBOT_RELOC,,9,15,6,,5.0798913424997485,,,
ROBOT_RELOC,,9,15,7,,6.820128207032258,,,
ROBOT_RELOC,,9,15,8,,5.7826651787835175,,,
ROBOT_RELOC,,9,15,9,,7.88420219614819,,,
ROBOT_RELOC,,9,15,10,,7.171938591032428,,,
ROBOT_RELOC,,9,15,11,,6.154432131447544,,,
ROBOT_RELOC,,9,15,12,,7.918679274770456,,,
ROBOT_RELOC,,9,15,13,,6.2505636940849145,,,
ROBOT_RELOC,,9,15,14,,5.993389558608811,,,
ROBOT_RELOC,,9,15,15,,0.0,,,
ROBOT_RELOC,,9,15,16,,1.582502242108758,,,
ROBOT_RELOC,,9,15,17,,2.730932630562383,,,
ROBOT_RELOC,,9,16,0,,6.970344023349898,,,
ROBOT_RELOC,,9,16,1,,6.139174906636875,,,
ROBOT_RELOC,,9,16,2,,4.75885205441363,,,
ROBOT_RELOC,,9,16,3,,7.405667973252633,,,
ROBOT_RELOC,,9,16,4,,4.390041372461104,,,
ROBOT_RELOC,,9,16,5,,3.6141813213391694,,,
ROBOT_RELOC,,9,16,6,,4.80391496026296,,,
ROBOT_RELOC,,9,16,7,,4.928246497508739,,,
ROBOT_RELOC,,9,16,8,,7.823664069047588,,,
ROBOT_RELOC,,9,16,9,,3.1470611106319475,,,
ROBOT_RELOC,,9,16,10,,5.797813808563463,,,
ROBOT_RELOC,,9,16,11,,4.093871956940343,,,
ROBOT_RELOC,,9,16,12,,4.763558946944584,,,
ROBOT_RELOC,,9,16,13,,7.071298154500563,,,
ROBOT_RELOC,,9,16,14,,6.434699173748443,,,
ROBOT_RELOC,,9,16,15,,2.646606107592304,,,
ROBOT_RELOC,,9,16,16,,0.0,,,
ROBOT_RELOC,,9,16,17,,2.9845551707775533,,,
ROBOT_RELOC,,9,17,0,,6.501369721938936,,,
ROBOT_RELOC,,9,17,1,,6.5462334142235346,,,
ROBOT_RELOC,,9,17,2,,7.058633517224542,,,
ROBOT_RELOC,,9,17,3,,3.4602009619074643,,,
ROBOT_RELOC,,9,17,4,,6.218483400633023,,,
ROBOT_RELOC,,9,17,5,,4.374665020339902,,,
ROBOT_RELOC,,9,17,6,,3.208671577904216,,,
ROBOT_RELOC,,9,17,7,,7.586620124993084,,,
ROBOT_RELOC,,9,17,8,,5.714238643210007,,,
ROBOT_RELOC,,9,17,9,,7.200678859973122,,,
ROBOT_RELOC,,9,17,10,,5.572265917690306,,,
ROBOT_RELOC,,9,17,11,,4.5562279512429535,,,
ROBOT_RELOC,,9,17,12,,4.626223649994497,,,
ROBOT_RELOC,,9,17,13,,6.172561021860607,,,
ROBOT_RELOC,,9,17,14,,5.448816724270206,,,
ROBOT_RELOC,,9,17,15,,2.8724814951139663,,,
ROBOT_RELOC,,9,17,16,,2.0518362919815205,,,
ROBOT_RELOC,,9,17,17,,0.0,,,
INITIAL_WORKER,,0,2,,,,,,
INITIAL_WORKER,,1,0,,,,,,
INITIAL_WORKER,,2,10,,,,,,
INITIAL_WORKER,,3,17,,,,,,
INITIAL_WORKER,,4,6,,,,,,
INITIAL_WORKER,,5,13,,,,,,
INITIAL_WORKER,,6,16,,,,,,
INITIAL_WORKER,,7,9,,,,,,
INITIAL_WORKER,,8,14,,,,,,
INITIAL_WORKER,,9,7,,,,,,
INITIAL_WORKER,,10,1,,,,,,
INITIAL_WORKER,,11,15,,,,,,
INITIAL_ROBOT,,0,15,,,,,,
INITIAL_ROBOT,,1,7,,,,,,
INITIAL_ROBOT,,2,1,,,,,,
INITIAL_ROBOT,,3,17,,,,,,
INITIAL_ROBOT,,4,8,,,,,,
INITIAL_ROBOT,,5,11,,,,,,
INITIAL_ROBOT,,6,4,,,,,,
INITIAL_ROBOT,,7,12,,,,,,
INITIAL_ROBOT,,8,2,,,,,,
INITIAL_ROBOT,,9,3,,,,,,
ORDER,,0,5,2,,0.0,128.07480978998012,,
ORDER,,1,0,2,,0.038029433847670616,171.26010822957872,,
ORDER,,2,0,1,,1.576947213925152,189.83735451464605,,
ORDER,,3,5,1,,4.837653896743664,118.85978242125823,,
ORDER,,4,5,4,,5.553995973967957,135.50967844001735,,
ORDER,,5,4,1,,9.050860032399324,149.79559566847124,,
ORDER,,6,4,1,,9.079569783317009,151.99248525709,,
ORDER,,7,1,4,,12.719104000231713,148.76030729488383,,
ORDER,,8,6,1,,13.4702421766579,146.66714614244367,,
ORDER,,9,4,1,,23.56005446441278,172.60079617097387,,
ORDER,,10,1,2,,24.801537450513386,149.8015572311509,,
ORDER,,11,7,1,,29.417715720353044,135.53562713053017,,
ORDER,,12,2,1,,31.31727036623067,160.89284321679932,,
ORDER,,13,6,1,,33.92255755811382,169.07408218012887,,
ORDER,,14,0,1,,41.33122736291357,209.88296980286532,,
ORDER,,15,2,2,,44.958478186905474,176.76127617764385,,
ORDER,,16,3,1,,52.99977077713621,178.15810561331307,,
ORDER,,17,1,1,,60.5357698789508,187.42970661056395,,
ORDER,,18,2,4,,60.72221316480202,208.44645487168242,,
ORDER,,19,2,2,,66.44635090588562,206.9603198799295,,
ORDER,,20,6,2,,70.13967700629851,192.9068730860845,,
ORDER,,21,6,1,,75.43081138555486,219.4843686692928,,
ORDER,,22,6,1,,76.46120799105051,205.72354070666913,,
ORDER,,23,5,2,,79.60977192813435,195.91529111997016,,
ORDER,,24,0,1,,81.41814991438925,251.26361053367066,,
ORDER,,25,0,1,,88.53522552928152,270.6198952692122,,
ORDER,,26,3,1,,93.93386738564624,218.60351871047595,,
ORDER,,27,1,2,,103.01051884998327,230.41023685600766,,
ORDER,,28,5,1,,109.49873732263045,242.81246212231224,,
ORDER,,29,6,4,,110.02156282478757,248.3297157908854,,
ORDER,,30,7,1,,111.57078414509516,219.46997854021652,,
ORDER,,31,6,1,,111.64553147228965,234.41150670883871,,
ORDER,,32,0,2,,112.49525420552575,273.14778747471337,,
ORDER,,33,6,1,,113.20771321820784,237.05868971164045,,
ORDER,,34,7,1,,114.43941572495237,226.3913895146639,,
ORDER,,35,3,2,,116.7800525464875,244.1306027065628,,
ORDER,,36,1,1,,121.13056538496375,264.4360108532946,,
ORDER,,37,6,1,,121.96085506639186,249.87539190565388,,
ORDER,,38,5,2,,122.22224050092754,252.51747727202314,,
ORDER,,39,4,1,,123.27109669025702,271.7552662315342,,
ORDER,,40,1,1,,133.44868801619464,268.89128768934455,,
ORDER,,41,0,1,,140.87495506635418,323.35623252329515,,
ORDER,,42,2,2,,141.09957895928736,272.70420192764186,,
ORDER,,43,0,1,,145.25411761040155,309.2954568926416,,
ORDER,,44,6,2,,147.1689936699879,282.44860188529924,,
ORDER,,45,5,1,,149.06364982868558,269.39595943679205,,
ORDER,,46,2,4,,149.1119033866869,289.9283627558725,,
ORDER,,47,3,1,,152.0444689242613,270.7141103516225,,
ORDER,,48,2,1,,159.47317857428445,291.86196710802363,,
ORDER,,49,5,1,,167.9265607012362,303.0653632975187,,
ORDER,,50,0,2,,169.63550790561507,328.4795264289146,,
ORDER,,51,5,1,,170.7611907596445,295.4794486696569,,
ORDER,,52,0,1,,174.88522579314485,341.6033692476366,,
ORDER,,53,4,2,,179.20774026861542,335.02461531862104,,
ORDER,,54,2,1,,185.34025871922077,320.90566359676075,,
ORDER,,55,0,1,,192.17631596062284,377.90040219918,,
ORDER,,56,7,2,,194.05193129541314,322.9592769097577,,
ORDER,,57,0,1,,198.22339057794545,376.66984407294905,,
ORDER,,58,2,1,,203.621483552301,326.89718793586894,,
ORDER,,59,3,2,,204.75527031936005,339.017547708811,,
ORDER,,60,5,1,,207.3070885899402,330.70375278969095,,
ORDER,,61,7,1,,208.57659776076048,330.0913353885476,,
ORDER,,62,2,1,,209.7886220911405,339.68341815212443,,
ORDER,,63,4,2,,215.41111133570982,353.5638081233206,,
ORDER,,64,0,4,,215.83548432842392,385.1919066994442,,
ORDER,,65,5,1,,217.3411528016613,353.791106212313,,
ORDER,,66,2,1,,217.90459964754302,344.4054491896944,,
ORDER,,67,3,2,,218.37847175881265,341.22641941694803,,
ORDER,,68,3,1,,220.72769962631006,339.53224106038255,,
ORDER,,69,0,1,,224.08807348442207,412.3100208325835,,
ORDER,,70,3,4,,232.0191305937013,356.3090931572,,
ORDER,,71,7,1,,233.91034799984564,356.558055014592,,
ORDER,,72,0,2,,234.37480378521502,421.78834060611666,,
ORDER,,73,5,1,,236.1651187775171,349.17536517295207,,
ORDER,,74,0,4,,239.12764111132563,421.52742246371724,,
ORDER,,75,6,2,,240.19783275753775,384.33145872953924,,
ORDER,,76,0,2,,254.60030745499884,413.0476209681606,,
ORDER,,77,5,1,,265.74208219493505,380.2414901793053,,
ORDER,,78,7,2,,281.9677310629638,411.10363757492325,,
ORDER,,79,2,1,,285.10873358084683,420.89722686970424,,
ORDER,,80,4,1,,289.7354200493212,449.3836089518962,,
ORDER,,81,7,1,,294.3039540507966,413.35809072644884,,
ORDER,,82,4,2,,301.3143593342215,442.29025356605405,,
ORDER,,83,4,1,,301.88399193000004,467.6790869496248,,
ORDER,,84,3,1,,302.7803306513922,436.65596742327864,,
ORDER,,85,6,1,,308.1932066211589,455.8895189478839,,
ORDER,,86,4,4,,314.94970547895247,466.0912515652955,,
ORDER,,87,4,1,,315.39237046128386,464.81019862214305,,
ORDER,,88,2,2,,318.28435906137656,445.82406506891607,,
ORDER,,89,2,4,,319.0213890820929,445.59050671700317,,
ORDER,,90,1,2,,320.0091615672604,472.8485256912969,,
ORDER,,91,2,1,,323.7498776105026,459.4691390517761,,
ORDER,,92,5,1,,324.2220012308029,454.99013763673577,,
ORDER,,93,3,1,,329.1137260825403,449.45066280759124,,
ORDER,,94,1,1,,333.44779821821413,470.1221925878805,,
ORDER,,95,7,2,,338.4300505353842,458.9433660584838,,
ORDER,,96,2,1,,341.2430064122472,476.02160554604404,,
ORDER,,97,4,1,,344.04070050763926,508.1431451474425,,
ORDER,,98,5,1,,351.26992064398274,464.90468061375094,,
ORDER,,99,6,1,,356.18170422110063,484.12582709106545,,
ORDER,,100,7,2,,356.97680048554804,473.6566417117021,,
ORDER,,101,2,1,,358.91098955792773,508.0489464984628,,
ORDER,,102,3,1,,364.24363451575465,492.91213479220374,,
ORDER,,103,3,1,,365.90774102348337,497.9412716898174,,
ORDER,,104,0,1,,369.13407546046517,550.6030964221227,,
ORDER,,105,0,1,,374.9848735738875,544.9138221540018,,
ORDER,,106,7,2,,381.5260928953106,507.84890539448907,,
ORDER,,107,1,1,,385.8504243330711,532.8127484053269,,
ORDER,,108,4,1,,391.2819839319106,534.8715378777847,,
ORDER,,109,0,1,,394.64300076727125,576.588628365733,,
ORDER,,110,5,2,,403.3776669328622,535.2445028189024,,
ORDER,,111,1,2,,410.01360795781983,560.2387715499915,,
ORDER,,112,5,1,,412.62135798494324,527.1704378492575,,
ORDER,,113,4,1,,418.2950099602553,583.5153534713613,,
ORDER,,114,7,1,,427.21428917568875,552.0726377648849,,
ORDER,,115,4,1,,427.29014752874264,571.016174837176,,
ORDER,,116,2,2,,437.5697487232309,565.3345649956457,,
ORDER,,117,1,1,,437.7187503549605,581.0633482225029,,
ORDER,,118,3,1,,440.0256542707169,574.3624945027274,,
ORDER,,119,5,2,,440.74840614126896,565.2093069477743,,
ORDER,,120,1,1,,445.37123076884654,597.0633162107829,,
ORDER,,121,2,1,,452.79971926405324,589.1285919696936,,
ORDER,,122,4,1,,453.9409133902524,616.5786826006379,,
ORDER,,123,7,1,,454.73801083027456,584.6169707657906,,
ORDER,,124,2,2,,455.92909007180236,583.846716523039,,
ORDER,,125,6,1,,461.89781443971674,586.9262517784848,,
ORDER,,126,5,2,,465.96232175165807,601.2452209811224,,
ORDER,,127,7,2,,466.24999116563174,594.4612888142567,,
ORDER,,128,5,1,,472.3955869969487,609.1556018076278,,
ORDER,,129,1,1,,474.8693717772149,619.5127831486608,,
ORDER,,130,1,1,,475.4499493665123,610.7687501178151,,
ORDER,,131,0,1,,477.25448800363984,672.3302198653428,,
ORDER,,132,7,1,,483.4696202718125,592.0391145344956,,
ORDER,,133,4,1,,487.40636735151594,633.7786280742819,,
ORDER,,134,1,1,,487.9497619163659,613.0165661338167,,
ORDER,,135,7,1,,497.6625415234307,615.9557055692135,,
ORDER,,136,1,1,,502.12330654383885,643.2205386145426,,
ORDER,,137,1,2,,505.75307149492437,653.677716098971,,
ORDER,,138,3,2,,507.9539060892196,646.532250500261,,
ORDER,,139,2,1,,517.2424945279528,658.522649681915,,
ORDER,,140,0,1,,517.9418303239303,681.5435547430657,,
ORDER,,141,6,4,,521.1861993475919,642.4590626016025,,
ORDER,,142,2,2,,524.2493057341054,657.0231337126929,,
ORDER,,143,1,2,,526.1763598300319,669.3332759406504,,
ORDER,,144,3,2,,528.4758676409817,665.7693324103602,,
ORDER,,145,4,1,,538.0570362587298,695.5516783839912,,
ORDER,,146,5,1,,542.5951583019515,658.9359223554748,,
ORDER,,147,2,1,,544.8054757300549,676.5129449640715,,
ORDER,,148,0,1,,545.8794287598224,739.1313559556405,,
ORDER,,149,0,2,,549.7048409591415,715.8922142233973,,
ORDER,,150,6,1,,557.1831383876499,695.0530462786598,,
ORDER,,151,3,2,,558.2078845953955,684.1821989780149,,
ORDER,,152,6,1,,564.5930134585559,711.1940137590032,,
ORDER,,153,2,2,,565.7092253835438,691.5628722520144,,
ORDER,,154,2,1,,575.5809660630144,707.7804481346072,,
ORDER,,155,6,2,,578.5328850965004,700.6216965970187,,
ORDER,,156,7,1,,579.3075738395905,707.5708460552426,,
ORDER,,157,4,2,,581.7482235810025,740.5974478074827,,
ORDER,,158,2,1,,583.8737661889859,715.872428121276,,
ORDER,,159,7,1,,588.5420478611725,699.7147790099356,,
