record_type,key,i,j,k,l,value,value2,value3,text
META,instance_id,,,,,,,,"""sensitivity_L_12_08_06_90_D5_rho080_medium_000_wsd060_rcd080"""
META,scale,,,,,,,,"""L"""
META,scenario,,,,,,,,"""D5"""
META,generation_seed,,,,,,,,3520986943
META,target_load_ratio,,,,,,,,0.8
META,due_tightness,,,,,,,,"""medium"""
META,worker_skill_density,,,,,,,,0.6
META,robot_capability_density,,,,,,,,0.8
META,relocation_multiplier,,,,,,,,1.0
META,num_stages,,,,,,,,8
META,generation_meta,,,,,,,,"{""paper_vs_implementation"":{""paper_specified"":[""scale ranges"",""70-100% route coverage"",""processing/efficiency/synergy distributions"",""skill/capability density choices"",""D1-D5 qualitative scenario definitions"",""load-ratio choices"",""weight distribution"",""due-date-factor ranges"",""relocation-time ranges"",""load-balance initial configuration with random perturbation""],""implementation_choices"":{""arrival_rate_calibration"":""work_content_over_effective_parallel_servers"",""same_stage_cells_are_adjacent"":true,""initial_configuration_perturbation_rate"":0.15,""scenario_timing_basis"":""order_index_fraction"",""base_product_mix"":""uniform""}},""base_arrival_rate_orders_per_minute"":0.14258219717163656,""effective_parallel_servers_for_load_calibration"":12,""mean_minimum_route_work_minutes"":67.32958385010566,""actual_hr_compatibility_rate_parameter"":0.9095697634372497,""actual_worker_skill_density"":0.546875,""actual_robot_capability_density"":0.7916666666666666,""instance_parameter_table"":{""scale"":""L"",""M"":12,""S"":8,""R"":6,""J"":90,""H"":8,""V"":6,""parameter_case_id"":""L_12_08_06_90""},""parameter_case_id"":""L_12_08_06_90"",""dimensions"":{""S"":8,""M"":12,""J"":90,""H"":8,""R"":6,""V"":6},""scenario_parameters"":{""timing_basis"":""order_index_fraction"",""base_product_mix"":""uniform"",""d2_sampled_burst_multiplier"":null,""d2_burst_window"":[0.4,0.7],""d3_mix_switch_ratio"":0.5,""d3_dominant_product_sequence"":[0,1],""d4_change_ratios"":[0.33,0.67],""d4_arrival_rate_multipliers"":[1.0,1.75,1.25],""d4_dominant_product_sequence"":[0,1,2],""d5_urgent_index_window"":[40,49],""d5_urgent_arrival_rate_multiplier"":3.0,""d5_urgent_dominant_product"":1,""dominant_product_share"":0.7},""route_stage_coverage"":[0.7,1.0],""min_multi_cell_stage_ratio"":0.3}"
CELL,,0,0,,,,,,
CELL,,1,1,,,,,,
CELL,,2,1,,,,,,
CELL,,3,2,,,,,,
CELL,,4,3,,,,,,
CELL,,5,3,,,,,,
CELL,,6,4,,,,,,
CELL,,7,4,,,,,,
CELL,,8,5,,,,,,
CELL,,9,5,,,,,,
CELL,,10,6,,,,,,
CELL,,11,7,,,,,,
ROUTE,,0,0,0,,,,,
ROUTE,,0,1,1,,,,,
ROUTE,,0,2,2,,,,,
ROUTE,,0,3,3,,,,,
ROUTE,,0,4,4,,,,,
ROUTE,,0,5,5,,,,,
ROUTE,,0,6,6,,,,,
ROUTE,,1,0,0,,,,,
ROUTE,,1,1,1,,,,,
ROUTE,,1,2,2,,,,,
ROUTE,,1,3,3,,,,,
ROUTE,,1,4,4,,,,,
ROUTE,,1,5,6,,,,,
ROUTE,,1,6,7,,,,,
ROUTE,,2,0,0,,,,,
ROUTE,,2,1,1,,,,,
ROUTE,,2,2,2,,,,,
ROUTE,,2,3,3,,,,,
ROUTE,,2,4,4,,,,,
ROUTE,,2,5,6,,,,,
ROUTE,,2,6,7,,,,,
ROUTE,,3,0,0,,,,,
ROUTE,,3,1,1,,,,,
ROUTE,,3,2,2,,,,,
ROUTE,,3,3,3,,,,,
ROUTE,,3,4,4,,,,,
ROUTE,,3,5,5,,,,,
ROUTE,,3,6,6,,,,,
ROUTE,,3,7,7,,,,,
ROUTE,,4,0,0,,,,,
ROUTE,,4,1,1,,,,,
ROUTE,,4,2,2,,,,,
ROUTE,,4,3,3,,,,,
ROUTE,,4,4,4,,,,,
ROUTE,,4,5,5,,,,,
ROUTE,,4,6,6,,,,,
ROUTE,,4,7,7,,,,,
ROUTE,,5,0,0,,,,,
ROUTE,,5,1,1,,,,,
ROUTE,,5,2,2,,,,,
ROUTE,,5,3,4,,,,,
ROUTE,,5,4,5,,,,,
ROUTE,,5,5,7,,,,,
BASE_PROCESS,,0,0,,,8.173920841840008,,,
BASE_PROCESS,,0,1,,,18.49148810681639,,,
BASE_PROCESS,,0,2,,,24.22262241387031,,,
BASE_PROCESS,,0,3,,,9.710076841931828,,,
BASE_PROCESS,,0,4,,,8.940544082228667,,,
BASE_PROCESS,,0,5,,,20.430311953309356,,,
BASE_PROCESS,,0,6,,,18.756420837415796,,,
BASE_PROCESS,,0,7,,,19.940554937620533,,,
BASE_PROCESS,,1,0,,,8.409129364461549,,,
BASE_PROCESS,,1,1,,,10.270347938825338,,,
BASE_PROCESS,,1,2,,,10.292132435056772,,,
BASE_PROCESS,,1,3,,,12.007489685562518,,,
BASE_PROCESS,,1,4,,,18.116773821609485,,,
BASE_PROCESS,,1,5,,,11.373205528946599,,,
BASE_PROCESS,,1,6,,,14.268962440881376,,,
BASE_PROCESS,,1,7,,,18.845178794189053,,,
BASE_PROCESS,,2,0,,,24.848854877497377,,,
BASE_PROCESS,,2,1,,,18.907763102620883,,,
BASE_PROCESS,,2,2,,,15.56162533899847,,,
BASE_PROCESS,,2,3,,,23.646768332061434,,,
BASE_PROCESS,,2,4,,,17.69058687330533,,,
BASE_PROCESS,,2,5,,,15.886849060569324,,,
BASE_PROCESS,,2,6,,,19.541164767317092,,,
BASE_PROCESS,,2,7,,,13.979190709862166,,,
BASE_PROCESS,,3,0,,,18.53169533050682,,,
BASE_PROCESS,,3,1,,,19.900018310415412,,,
BASE_PROCESS,,3,2,,,21.860281691075993,,,
BASE_PROCESS,,3,3,,,22.416145974721047,,,
BASE_PROCESS,,3,4,,,23.321347216227416,,,
BASE_PROCESS,,3,5,,,20.644569946422482,,,
BASE_PROCESS,,3,6,,,22.811384870136322,,,
BASE_PROCESS,,3,7,,,10.716404475804785,,,
BASE_PROCESS,,4,0,,,8.966120649027388,,,
BASE_PROCESS,,4,1,,,22.300708295902286,,,
BASE_PROCESS,,4,2,,,19.449517035986783,,,
BASE_PROCESS,,4,3,,,24.225818937379785,,,
BASE_PROCESS,,4,4,,,14.5548275993517,,,
BASE_PROCESS,,4,5,,,9.121754522264753,,,
BASE_PROCESS,,4,6,,,8.045607392644316,,,
BASE_PROCESS,,4,7,,,14.323836210981552,,,
BASE_PROCESS,,5,0,,,15.726612604551374,,,
BASE_PROCESS,,5,1,,,17.684684018084674,,,
BASE_PROCESS,,5,2,,,24.935632342631234,,,
BASE_PROCESS,,5,3,,,14.460394298674741,,,
BASE_PROCESS,,5,4,,,21.039026394450097,,,
BASE_PROCESS,,5,5,,,12.933230422154358,,,
BASE_PROCESS,,5,6,,,13.957762724550626,,,
BASE_PROCESS,,5,7,,,19.416471900849224,,,
WORKER_SKILL,,0,0,,,0,,,
WORKER_SKILL,,0,1,,,0,,,
WORKER_SKILL,,0,2,,,1,,,
WORKER_SKILL,,0,3,,,1,,,
WORKER_SKILL,,0,4,,,1,,,
WORKER_SKILL,,0,5,,,0,,,
WORKER_SKILL,,0,6,,,0,,,
WORKER_SKILL,,0,7,,,1,,,
WORKER_SKILL,,1,0,,,1,,,
WORKER_SKILL,,1,1,,,1,,,
WORKER_SKILL,,1,2,,,1,,,
WORKER_SKILL,,1,3,,,0,,,
WORKER_SKILL,,1,4,,,1,,,
WORKER_SKILL,,1,5,,,1,,,
WORKER_SKILL,,1,6,,,1,,,
WORKER_SKILL,,1,7,,,0,,,
WORKER_SKILL,,2,0,,,1,,,
WORKER_SKILL,,2,1,,,1,,,
WORKER_SKILL,,2,2,,,0,,,
WORKER_SKILL,,2,3,,,0,,,
WORKER_SKILL,,2,4,,,0,,,
WORKER_SKILL,,2,5,,,1,,,
WORKER_SKILL,,2,6,,,0,,,
WORKER_SKILL,,2,7,,,0,,,
WORKER_SKILL,,3,0,,,0,,,
WORKER_SKILL,,3,1,,,1,,,
WORKER_SKILL,,3,2,,,0,,,
WORKER_SKILL,,3,3,,,1,,,
WORKER_SKILL,,3,4,,,1,,,
WORKER_SKILL,,3,5,,,0,,,
WORKER_SKILL,,3,6,,,1,,,
WORKER_SKILL,,3,7,,,1,,,
WORKER_SKILL,,4,0,,,0,,,
WORKER_SKILL,,4,1,,,1,,,
WORKER_SKILL,,4,2,,,1,,,
WORKER_SKILL,,4,3,,,1,,,
WORKER_SKILL,,4,4,,,0,,,
WORKER_SKILL,,4,5,,,0,,,
WORKER_SKILL,,4,6,,,0,,,
WORKER_SKILL,,4,7,,,1,,,
WORKER_SKILL,,5,0,,,1,,,
WORKER_SKILL,,5,1,,,1,,,
WORKER_SKILL,,5,2,,,1,,,
WORKER_SKILL,,5,3,,,0,,,
WORKER_SKILL,,5,4,,,1,,,
WORKER_SKILL,,5,5,,,0,,,
WORKER_SKILL,,5,6,,,0,,,
WORKER_SKILL,,5,7,,,1,,,
WORKER_SKILL,,6,0,,,1,,,
WORKER_SKILL,,6,1,,,1,,,
WORKER_SKILL,,6,2,,,1,,,
WORKER_SKILL,,6,3,,,0,,,
WORKER_SKILL,,6,4,,,0,,,
WORKER_SKILL,,6,5,,,0,,,
WORKER_SKILL,,6,6,,,0,,,
WORKER_SKILL,,6,7,,,0,,,
WORKER_SKILL,,7,0,,,0,,,
WORKER_SKILL,,7,1,,,1,,,
WORKER_SKILL,,7,2,,,1,,,
WORKER_SKILL,,7,3,,,1,,,
WORKER_SKILL,,7,4,,,0,,,
WORKER_SKILL,,7,5,,,0,,,
WORKER_SKILL,,7,6,,,1,,,
WORKER_SKILL,,7,7,,,1,,,
WORKER_EFF,,0,0,,,1.1114312341095167,,,
WORKER_EFF,,0,1,,,0.90379730525554,,,
WORKER_EFF,,0,2,,,0.8559466345527484,,,
WORKER_EFF,,0,3,,,0.8041916117008651,,,
WORKER_EFF,,0,4,,,0.9166005396042263,,,
WORKER_EFF,,0,5,,,1.1722697811926537,,,
WORKER_EFF,,0,6,,,1.1826346655529156,,,
WORKER_EFF,,0,7,,,1.1896916557795914,,,
WORKER_EFF,,1,0,,,0.90364306069906,,,
WORKER_EFF,,1,1,,,1.1614644424403786,,,
WORKER_EFF,,1,2,,,0.8655817953109741,,,
WORKER_EFF,,1,3,,,0.9036264503692265,,,
WORKER_EFF,,1,4,,,0.9090610242987258,,,
WORKER_EFF,,1,5,,,1.129443365222228,,,
WORKER_EFF,,1,6,,,1.058058705385052,,,
WORKER_EFF,,1,7,,,1.0454466439822367,,,
WORKER_EFF,,2,0,,,1.0609053263425805,,,
WORKER_EFF,,2,1,,,1.1264040745149266,,,
WORKER_EFF,,2,2,,,1.070470097510873,,,
WORKER_EFF,,2,3,,,1.1105141217150227,,,
WORKER_EFF,,2,4,,,0.8952457056160983,,,
WORKER_EFF,,2,5,,,1.0770833531387152,,,
WORKER_EFF,,2,6,,,1.103749220437875,,,
WORKER_EFF,,2,7,,,0.9702396529365093,,,
WORKER_EFF,,3,0,,,1.1280782240893654,,,
WORKER_EFF,,3,1,,,1.0425031882818527,,,
WORKER_EFF,,3,2,,,0.9135453619961614,,,
WORKER_EFF,,3,3,,,0.8988747011092977,,,
WORKER_EFF,,3,4,,,1.0628145279337224,,,
WORKER_EFF,,3,5,,,0.987915862800251,,,
WORKER_EFF,,3,6,,,1.1218877145808488,,,
WORKER_EFF,,3,7,,,0.822671217382992,,,
WORKER_EFF,,4,0,,,1.0508769376761036,,,
WORKER_EFF,,4,1,,,0.8750593969346867,,,
WORKER_EFF,,4,2,,,0.8349474399088985,,,
WORKER_EFF,,4,3,,,0.8786397859508707,,,
WORKER_EFF,,4,4,,,1.0116399489100683,,,
WORKER_EFF,,4,5,,,0.9426925000699544,,,
WORKER_EFF,,4,6,,,0.9368828297155488,,,
WORKER_EFF,,4,7,,,1.1023084033772053,,,
WORKER_EFF,,5,0,,,1.0429796867892636,,,
WORKER_EFF,,5,1,,,0.9573016477580458,,,
WORKER_EFF,,5,2,,,1.1377562777446601,,,
WORKER_EFF,,5,3,,,0.9467761543332027,,,
WORKER_EFF,,5,4,,,0.9848270949077053,,,
WORKER_EFF,,5,5,,,0.825052210965058,,,
WORKER_EFF,,5,6,,,0.8279403257273327,,,
WORKER_EFF,,5,7,,,1.1121686605594823,,,
WORKER_EFF,,6,0,,,1.0407142908327198,,,
WORKER_EFF,,6,1,,,0.867347990487673,,,
WORKER_EFF,,6,2,,,0.9353014572736162,,,
WORKER_EFF,,6,3,,,1.0433166470468076,,,
WORKER_EFF,,6,4,,,1.1265200094580334,,,
WORKER_EFF,,6,5,,,1.172484495590425,,,
WORKER_EFF,,6,6,,,0.9850176035186164,,,
WORKER_EFF,,6,7,,,0.8711635510994316,,,
WORKER_EFF,,7,0,,,0.8168601989316476,,,
WORKER_EFF,,7,1,,,0.9374155873062053,,,
WORKER_EFF,,7,2,,,0.9656096118946227,,,
WORKER_EFF,,7,3,,,0.8900220875712836,,,
WORKER_EFF,,7,4,,,0.8964621504896961,,,
WORKER_EFF,,7,5,,,1.156794933020652,,,
WORKER_EFF,,7,6,,,1.0236342116297188,,,
WORKER_EFF,,7,7,,,1.0166071262805223,,,
ROBOT_CAP,,0,0,,,1,,,
ROBOT_CAP,,0,1,,,1,,,
ROBOT_CAP,,0,2,,,0,,,
ROBOT_CAP,,0,3,,,1,,,
ROBOT_CAP,,0,4,,,1,,,
ROBOT_CAP,,0,5,,,1,,,
ROBOT_CAP,,0,6,,,1,,,
ROBOT_CAP,,0,7,,,1,,,
ROBOT_CAP,,1,0,,,0,,,
ROBOT_CAP,,1,1,,,1,,,
ROBOT_CAP,,1,2,,,1,,,
ROBOT_CAP,,1,3,,,1,,,
ROBOT_CAP,,1,4,,,0,,,
ROBOT_CAP,,1,5,,,0,,,
ROBOT_CAP,,1,6,,,0,,,
ROBOT_CAP,,1,7,,,1,,,
ROBOT_CAP,,2,0,,,0,,,
ROBOT_CAP,,2,1,,,1,,,
ROBOT_CAP,,2,2,,,1,,,
ROBOT_CAP,,2,3,,,1,,,
ROBOT_CAP,,2,4,,,1,,,
ROBOT_CAP,,2,5,,,1,,,
ROBOT_CAP,,2,6,,,1,,,
ROBOT_CAP,,2,7,,,1,,,
ROBOT_CAP,,3,0,,,1,,,
ROBOT_CAP,,3,1,,,1,,,
ROBOT_CAP,,3,2,,,1,,,
ROBOT_CAP,,3,3,,,1,,,
ROBOT_CAP,,3,4,,,1,,,
ROBOT_CAP,,3,5,,,1,,,
ROBOT_CAP,,3,6,,,1,,,
ROBOT_CAP,,3,7,,,1,,,
ROBOT_CAP,,4,0,,,1,,,
ROBOT_CAP,,4,1,,,1,,,
ROBOT_CAP,,4,2,,,1,,,
ROBOT_CAP,,4,3,,,1,,,
ROBOT_CAP,,4,4,,,1,,,
ROBOT_CAP,,4,5,,,1,,,
ROBOT_CAP,,4,6,,,1,,,
ROBOT_CAP,,4,7,,,1,,,
ROBOT_CAP,,5,0,,,1,,,
ROBOT_CAP,,5,1,,,0,,,
ROBOT_CAP,,5,2,,,1,,,
ROBOT_CAP,,5,3,,,1,,,
ROBOT_CAP,,5,4,,,0,,,
ROBOT_CAP,,5,5,,,0,,,
ROBOT_CAP,,5,6,,,0,,,
ROBOT_CAP,,5,7,,,1,,,
ROBOT_EFF,,0,0,,,0.8519037645443386,,,
ROBOT_EFF,,0,1,,,1.090086867986472,,,
ROBOT_EFF,,0,2,,,0.9190572932638552,,,
ROBOT_EFF,,0,3,,,0.9846063844980677,,,
ROBOT_EFF,,0,4,,,0.9453244965952438,,,
ROBOT_EFF,,0,5,,,0.989449637512953,,,
ROBOT_EFF,,0,6,,,1.2180310723819412,,,
ROBOT_EFF,,0,7,,,1.1087946480675264,,,
ROBOT_EFF,,1,0,,,1.1667183298662334,,,
ROBOT_EFF,,1,1,,,1.048524152191009,,,
ROBOT_EFF,,1,2,,,1.2603662856581264,,,
ROBOT_EFF,,1,3,,,1.2027914862634401,,,
ROBOT_EFF,,1,4,,,1.0338706684651464,,,
ROBOT_EFF,,1,5,,,1.2965065282731094,,,
ROBOT_EFF,,1,6,,,1.0537024449912584,,,
ROBOT_EFF,,1,7,,,0.9569463189276677,,,
ROBOT_EFF,,2,0,,,0.9376551603414034,,,
ROBOT_EFF,,2,1,,,1.0422430529943414,,,
ROBOT_EFF,,2,2,,,1.1595609890663046,,,
ROBOT_EFF,,2,3,,,1.0844508145827663,,,
ROBOT_EFF,,2,4,,,0.9143612916191521,,,
ROBOT_EFF,,2,5,,,1.14534012326203,,,
ROBOT_EFF,,2,6,,,1.1651726979047363,,,
ROBOT_EFF,,2,7,,,1.1906104234681973,,,
ROBOT_EFF,,3,0,,,0.8896759152693052,,,
ROBOT_EFF,,3,1,,,1.2576642461098122,,,
ROBOT_EFF,,3,2,,,1.037719338319087,,,
ROBOT_EFF,,3,3,,,1.1312160837515897,,,
ROBOT_EFF,,3,4,,,1.2056046981835014,,,
ROBOT_EFF,,3,5,,,1.0806722496499035,,,
ROBOT_EFF,,3,6,,,1.0563374582972767,,,
ROBOT_EFF,,3,7,,,1.2635116446491959,,,
ROBOT_EFF,,4,0,,,1.1268481413662113,,,
ROBOT_EFF,,4,1,,,1.1051995348786756,,,
ROBOT_EFF,,4,2,,,1.0675831379932679,,,
ROBOT_EFF,,4,3,,,1.187451190225196,,,
ROBOT_EFF,,4,4,,,1.2617303026354443,,,
ROBOT_EFF,,4,5,,,1.2917666090652404,,,
ROBOT_EFF,,4,6,,,1.175158547221006,,,
ROBOT_EFF,,4,7,,,1.2840386850065346,,,
ROBOT_EFF,,5,0,,,1.2229504862864973,,,
ROBOT_EFF,,5,1,,,1.2322217440352534,,,
ROBOT_EFF,,5,2,,,1.179820495395842,,,
ROBOT_EFF,,5,3,,,0.9658549340690034,,,
ROBOT_EFF,,5,4,,,1.0387538466723063,,,
ROBOT_EFF,,5,5,,,1.2962357343882962,,,
ROBOT_EFF,,5,6,,,0.9658080714951344,,,
ROBOT_EFF,,5,7,,,0.9363756593594788,,,
HR_COMPAT,,0,0,0,,0,,,
HR_SYNERGY,,0,0,0,,0.6504235305165866,,,
HR_COMPAT,,0,0,1,,0,,,
HR_SYNERGY,,0,0,1,,0.875829142368254,,,
HR_COMPAT,,0,0,2,,0,,,
HR_SYNERGY,,0,0,2,,0.8368753302721198,,,
HR_COMPAT,,0,0,3,,1,,,
HR_SYNERGY,,0,0,3,,0.725448167158498,,,
HR_COMPAT,,0,0,4,,1,,,
HR_SYNERGY,,0,0,4,,0.711944023592669,,,
HR_COMPAT,,0,0,5,,0,,,
HR_SYNERGY,,0,0,5,,0.740428956092712,,,
HR_COMPAT,,0,0,6,,0,,,
HR_SYNERGY,,0,0,6,,0.7879116157940107,,,
HR_COMPAT,,0,0,7,,1,,,
HR_SYNERGY,,0,0,7,,0.8263671685771863,,,
HR_COMPAT,,0,1,0,,0,,,
HR_SYNERGY,,0,1,0,,0.7603680093119388,,,
HR_COMPAT,,0,1,1,,0,,,
HR_SYNERGY,,0,1,1,,0.7293781848875759,,,
HR_COMPAT,,0,1,2,,1,,,
HR_SYNERGY,,0,1,2,,0.7335742967407666,,,
HR_COMPAT,,0,1,3,,1,,,
HR_SYNERGY,,0,1,3,,0.8509882870561868,,,
HR_COMPAT,,0,1,4,,0,,,
HR_SYNERGY,,0,1,4,,0.6756853459163676,,,
HR_COMPAT,,0,1,5,,0,,,
HR_SYNERGY,,0,1,5,,0.8041690800561606,,,
HR_COMPAT,,0,1,6,,0,,,
HR_SYNERGY,,0,1,6,,0.768934574297302,,,
HR_COMPAT,,0,1,7,,1,,,
HR_SYNERGY,,0,1,7,,0.6922794960266814,,,
HR_COMPAT,,0,2,0,,0,,,
HR_SYNERGY,,0,2,0,,0.7094417371669428,,,
HR_COMPAT,,0,2,1,,0,,,
HR_SYNERGY,,0,2,1,,0.8658512764679519,,,
HR_COMPAT,,0,2,2,,1,,,
HR_SYNERGY,,0,2,2,,0.7537449142793757,,,
HR_COMPAT,,0,2,3,,1,,,
HR_SYNERGY,,0,2,3,,0.7771670843277081,,,
HR_COMPAT,,0,2,4,,1,,,
HR_SYNERGY,,0,2,4,,0.7594366414347871,,,
HR_COMPAT,,0,2,5,,0,,,
HR_SYNERGY,,0,2,5,,0.6866823301060998,,,
HR_COMPAT,,0,2,6,,0,,,
HR_SYNERGY,,0,2,6,,0.826408649079035,,,
HR_COMPAT,,0,2,7,,1,,,
HR_SYNERGY,,0,2,7,,0.7130480601120871,,,
HR_COMPAT,,0,3,0,,0,,,
HR_SYNERGY,,0,3,0,,0.8657481266666198,,,
HR_COMPAT,,0,3,1,,0,,,
HR_SYNERGY,,0,3,1,,0.6711584558041744,,,
HR_COMPAT,,0,3,2,,1,,,
HR_SYNERGY,,0,3,2,,0.8979406781738036,,,
HR_COMPAT,,0,3,3,,0,,,
HR_SYNERGY,,0,3,3,,0.8043661614026671,,,
HR_COMPAT,,0,3,4,,1,,,
HR_SYNERGY,,0,3,4,,0.7726541570028906,,,
HR_COMPAT,,0,3,5,,0,,,
HR_SYNERGY,,0,3,5,,0.7518897290041581,,,
HR_COMPAT,,0,3,6,,0,,,
HR_SYNERGY,,0,3,6,,0.8717294240593292,,,
HR_COMPAT,,0,3,7,,1,,,
HR_SYNERGY,,0,3,7,,0.838019110227696,,,
HR_COMPAT,,0,4,0,,0,,,
HR_SYNERGY,,0,4,0,,0.7604547683349997,,,
HR_COMPAT,,0,4,1,,0,,,
HR_SYNERGY,,0,4,1,,0.8000961479221251,,,
HR_COMPAT,,0,4,2,,1,,,
HR_SYNERGY,,0,4,2,,0.8613807222103247,,,
HR_COMPAT,,0,4,3,,1,,,
HR_SYNERGY,,0,4,3,,0.658528142052615,,,
HR_COMPAT,,0,4,4,,1,,,
HR_SYNERGY,,0,4,4,,0.70624721173035,,,
HR_COMPAT,,0,4,5,,0,,,
HR_SYNERGY,,0,4,5,,0.7826669803976876,,,
HR_COMPAT,,0,4,6,,0,,,
HR_SYNERGY,,0,4,6,,0.8078720681382074,,,
HR_COMPAT,,0,4,7,,1,,,
HR_SYNERGY,,0,4,7,,0.6822709426172707,,,
HR_COMPAT,,0,5,0,,0,,,
HR_SYNERGY,,0,5,0,,0.7827658317505151,,,
HR_COMPAT,,0,5,1,,0,,,
HR_SYNERGY,,0,5,1,,0.6886361734579419,,,
HR_COMPAT,,0,5,2,,0,,,
HR_SYNERGY,,0,5,2,,0.8094976241517527,,,
HR_COMPAT,,0,5,3,,1,,,
HR_SYNERGY,,0,5,3,,0.7841943265092159,,,
HR_COMPAT,,0,5,4,,0,,,
HR_SYNERGY,,0,5,4,,0.6622877549888116,,,
HR_COMPAT,,0,5,5,,0,,,
HR_SYNERGY,,0,5,5,,0.8450673353998028,,,
HR_COMPAT,,0,5,6,,0,,,
HR_SYNERGY,,0,5,6,,0.7407826829995419,,,
HR_COMPAT,,0,5,7,,0,,,
HR_SYNERGY,,0,5,7,,0.6791930410799657,,,
HR_COMPAT,,1,0,0,,1,,,
HR_SYNERGY,,1,0,0,,0.7994860455484674,,,
HR_COMPAT,,1,0,1,,1,,,
HR_SYNERGY,,1,0,1,,0.8743724615111803,,,
HR_COMPAT,,1,0,2,,0,,,
HR_SYNERGY,,1,0,2,,0.8422160219057583,,,
HR_COMPAT,,1,0,3,,0,,,
HR_SYNERGY,,1,0,3,,0.6757993193671934,,,
HR_COMPAT,,1,0,4,,1,,,
HR_SYNERGY,,1,0,4,,0.7651979519331247,,,
HR_COMPAT,,1,0,5,,1,,,
HR_SYNERGY,,1,0,5,,0.8770486365563059,,,
HR_COMPAT,,1,0,6,,1,,,
HR_SYNERGY,,1,0,6,,0.8202279604285292,,,
HR_COMPAT,,1,0,7,,0,,,
HR_SYNERGY,,1,0,7,,0.7070687497907152,,,
HR_COMPAT,,1,1,0,,0,,,
HR_SYNERGY,,1,1,0,,0.8578740367632599,,,
HR_COMPAT,,1,1,1,,1,,,
HR_SYNERGY,,1,1,1,,0.6881764724079464,,,
HR_COMPAT,,1,1,2,,1,,,
HR_SYNERGY,,1,1,2,,0.8967832192551313,,,
HR_COMPAT,,1,1,3,,0,,,
HR_SYNERGY,,1,1,3,,0.6870472767364155,,,
HR_COMPAT,,1,1,4,,0,,,
HR_SYNERGY,,1,1,4,,0.6637823879626449,,,
HR_COMPAT,,1,1,5,,0,,,
HR_SYNERGY,,1,1,5,,0.6634040775475045,,,
HR_COMPAT,,1,1,6,,0,,,
HR_SYNERGY,,1,1,6,,0.7475608219147813,,,
HR_COMPAT,,1,1,7,,0,,,
HR_SYNERGY,,1,1,7,,0.7562921261043665,,,
HR_COMPAT,,1,2,0,,0,,,
HR_SYNERGY,,1,2,0,,0.8445878269894638,,,
HR_COMPAT,,1,2,1,,1,,,
HR_SYNERGY,,1,2,1,,0.7378437956565973,,,
HR_COMPAT,,1,2,2,,1,,,
HR_SYNERGY,,1,2,2,,0.6810648760963248,,,
HR_COMPAT,,1,2,3,,0,,,
HR_SYNERGY,,1,2,3,,0.8295217918835652,,,
HR_COMPAT,,1,2,4,,1,,,
HR_SYNERGY,,1,2,4,,0.774587070552898,,,
HR_COMPAT,,1,2,5,,1,,,
HR_SYNERGY,,1,2,5,,0.8347021846365662,,,
HR_COMPAT,,1,2,6,,1,,,
HR_SYNERGY,,1,2,6,,0.844793935272354,,,
HR_COMPAT,,1,2,7,,0,,,
HR_SYNERGY,,1,2,7,,0.7288737402959333,,,
HR_COMPAT,,1,3,0,,0,,,
HR_SYNERGY,,1,3,0,,0.6500054084397666,,,
HR_COMPAT,,1,3,1,,1,,,
HR_SYNERGY,,1,3,1,,0.761674166213091,,,
HR_COMPAT,,1,3,2,,0,,,
HR_SYNERGY,,1,3,2,,0.8613379262438278,,,
HR_COMPAT,,1,3,3,,0,,,
HR_SYNERGY,,1,3,3,,0.690486371412738,,,
HR_COMPAT,,1,3,4,,1,,,
HR_SYNERGY,,1,3,4,,0.7316911923039601,,,
HR_COMPAT,,1,3,5,,1,,,
HR_SYNERGY,,1,3,5,,0.8038418399219972,,,
HR_COMPAT,,1,3,6,,1,,,
HR_SYNERGY,,1,3,6,,0.7905854276393344,,,
HR_COMPAT,,1,3,7,,0,,,
HR_SYNERGY,,1,3,7,,0.8206659408156698,,,
HR_COMPAT,,1,4,0,,0,,,
HR_SYNERGY,,1,4,0,,0.8421190084784429,,,
HR_COMPAT,,1,4,1,,1,,,
HR_SYNERGY,,1,4,1,,0.8041069391234912,,,
HR_COMPAT,,1,4,2,,1,,,
HR_SYNERGY,,1,4,2,,0.708862498135793,,,
HR_COMPAT,,1,4,3,,0,,,
HR_SYNERGY,,1,4,3,,0.8742084464994462,,,
HR_COMPAT,,1,4,4,,1,,,
HR_SYNERGY,,1,4,4,,0.807084349601892,,,
HR_COMPAT,,1,4,5,,1,,,
HR_SYNERGY,,1,4,5,,0.7574203410713166,,,
HR_COMPAT,,1,4,6,,1,,,
HR_SYNERGY,,1,4,6,,0.6976796975571207,,,
HR_COMPAT,,1,4,7,,0,,,
HR_SYNERGY,,1,4,7,,0.8405118944749838,,,
HR_COMPAT,,1,5,0,,1,,,
HR_SYNERGY,,1,5,0,,0.7526782749197466,,,
HR_COMPAT,,1,5,1,,0,,,
HR_SYNERGY,,1,5,1,,0.6876954225643814,,,
HR_COMPAT,,1,5,2,,1,,,
HR_SYNERGY,,1,5,2,,0.7339832428385771,,,
HR_COMPAT,,1,5,3,,0,,,
HR_SYNERGY,,1,5,3,,0.7355309157348947,,,
HR_COMPAT,,1,5,4,,0,,,
HR_SYNERGY,,1,5,4,,0.8302860117511823,,,
HR_COMPAT,,1,5,5,,0,,,
HR_SYNERGY,,1,5,5,,0.8008248191500464,,,
HR_COMPAT,,1,5,6,,0,,,
HR_SYNERGY,,1,5,6,,0.6684850190344529,,,
HR_COMPAT,,1,5,7,,0,,,
HR_SYNERGY,,1,5,7,,0.7750025583351028,,,
HR_COMPAT,,2,0,0,,1,,,
HR_SYNERGY,,2,0,0,,0.7772515231545873,,,
HR_COMPAT,,2,0,1,,1,,,
HR_SYNERGY,,2,0,1,,0.7907278651224111,,,
HR_COMPAT,,2,0,2,,0,,,
HR_SYNERGY,,2,0,2,,0.6931217524871918,,,
HR_COMPAT,,2,0,3,,0,,,
HR_SYNERGY,,2,0,3,,0.7583297824289753,,,
HR_COMPAT,,2,0,4,,0,,,
HR_SYNERGY,,2,0,4,,0.8319311603900712,,,
HR_COMPAT,,2,0,5,,0,,,
HR_SYNERGY,,2,0,5,,0.8996653294462567,,,
HR_COMPAT,,2,0,6,,0,,,
HR_SYNERGY,,2,0,6,,0.7484576711545007,,,
HR_COMPAT,,2,0,7,,0,,,
HR_SYNERGY,,2,0,7,,0.8805991960661919,,,
HR_COMPAT,,2,1,0,,0,,,
HR_SYNERGY,,2,1,0,,0.823814749555954,,,
HR_COMPAT,,2,1,1,,1,,,
HR_SYNERGY,,2,1,1,,0.8224387713410667,,,
HR_COMPAT,,2,1,2,,0,,,
HR_SYNERGY,,2,1,2,,0.8706234298088419,,,
HR_COMPAT,,2,1,3,,0,,,
HR_SYNERGY,,2,1,3,,0.7004866304153874,,,
HR_COMPAT,,2,1,4,,0,,,
HR_SYNERGY,,2,1,4,,0.857291273017716,,,
HR_COMPAT,,2,1,5,,0,,,
HR_SYNERGY,,2,1,5,,0.808015747996019,,,
HR_COMPAT,,2,1,6,,0,,,
HR_SYNERGY,,2,1,6,,0.8184363308453704,,,
HR_COMPAT,,2,1,7,,0,,,
HR_SYNERGY,,2,1,7,,0.6806216306890835,,,
HR_COMPAT,,2,2,0,,0,,,
HR_SYNERGY,,2,2,0,,0.6580040088575975,,,
HR_COMPAT,,2,2,1,,1,,,
HR_SYNERGY,,2,2,1,,0.7625249866024457,,,
HR_COMPAT,,2,2,2,,0,,,
HR_SYNERGY,,2,2,2,,0.8582861832134173,,,
HR_COMPAT,,2,2,3,,0,,,
HR_SYNERGY,,2,2,3,,0.866309678331536,,,
HR_COMPAT,,2,2,4,,0,,,
HR_SYNERGY,,2,2,4,,0.6984259167615627,,,
HR_COMPAT,,2,2,5,,1,,,
HR_SYNERGY,,2,2,5,,0.7129140584128448,,,
HR_COMPAT,,2,2,6,,0,,,
HR_SYNERGY,,2,2,6,,0.776015141856935,,,
HR_COMPAT,,2,2,7,,0,,,
HR_SYNERGY,,2,2,7,,0.7431160433475631,,,
HR_COMPAT,,2,3,0,,1,,,
HR_SYNERGY,,2,3,0,,0.68720911332149,,,
HR_COMPAT,,2,3,1,,1,,,
HR_SYNERGY,,2,3,1,,0.8098516082708197,,,
HR_COMPAT,,2,3,2,,0,,,
HR_SYNERGY,,2,3,2,,0.7452987599460704,,,
HR_COMPAT,,2,3,3,,0,,,
HR_SYNERGY,,2,3,3,,0.7309424586270034,,,
HR_COMPAT,,2,3,4,,0,,,
HR_SYNERGY,,2,3,4,,0.7779396162014965,,,
HR_COMPAT,,2,3,5,,1,,,
HR_SYNERGY,,2,3,5,,0.8941902606221733,,,
HR_COMPAT,,2,3,6,,0,,,
HR_SYNERGY,,2,3,6,,0.6576629721519218,,,
HR_COMPAT,,2,3,7,,0,,,
HR_SYNERGY,,2,3,7,,0.8977427765148727,,,
HR_COMPAT,,2,4,0,,1,,,
HR_SYNERGY,,2,4,0,,0.6936894714657043,,,
HR_COMPAT,,2,4,1,,1,,,
HR_SYNERGY,,2,4,1,,0.6652716956916311,,,
HR_COMPAT,,2,4,2,,0,,,
HR_SYNERGY,,2,4,2,,0.8847490019468301,,,
HR_COMPAT,,2,4,3,,0,,,
HR_SYNERGY,,2,4,3,,0.8312747665726625,,,
HR_COMPAT,,2,4,4,,0,,,
HR_SYNERGY,,2,4,4,,0.8664461026525083,,,
HR_COMPAT,,2,4,5,,1,,,
HR_SYNERGY,,2,4,5,,0.6886960436220472,,,
HR_COMPAT,,2,4,6,,0,,,
HR_SYNERGY,,2,4,6,,0.6846762897945431,,,
HR_COMPAT,,2,4,7,,0,,,
HR_SYNERGY,,2,4,7,,0.7355707070053681,,,
HR_COMPAT,,2,5,0,,1,,,
HR_SYNERGY,,2,5,0,,0.8305554507185323,,,
HR_COMPAT,,2,5,1,,0,,,
HR_SYNERGY,,2,5,1,,0.7061316888953144,,,
HR_COMPAT,,2,5,2,,0,,,
HR_SYNERGY,,2,5,2,,0.7723905795422941,,,
HR_COMPAT,,2,5,3,,0,,,
HR_SYNERGY,,2,5,3,,0.8433580924577406,,,
HR_COMPAT,,2,5,4,,0,,,
HR_SYNERGY,,2,5,4,,0.795906489120535,,,
HR_COMPAT,,2,5,5,,0,,,
HR_SYNERGY,,2,5,5,,0.7523655110546906,,,
HR_COMPAT,,2,5,6,,0,,,
HR_SYNERGY,,2,5,6,,0.8233194172267744,,,
HR_COMPAT,,2,5,7,,0,,,
HR_SYNERGY,,2,5,7,,0.7342578454553981,,,
HR_COMPAT,,3,0,0,,0,,,
HR_SYNERGY,,3,0,0,,0.7190150722854105,,,
HR_COMPAT,,3,0,1,,1,,,
HR_SYNERGY,,3,0,1,,0.7313906871300192,,,
HR_COMPAT,,3,0,2,,0,,,
HR_SYNERGY,,3,0,2,,0.7304891063089645,,,
HR_COMPAT,,3,0,3,,1,,,
HR_SYNERGY,,3,0,3,,0.684741371780933,,,
HR_COMPAT,,3,0,4,,1,,,
HR_SYNERGY,,3,0,4,,0.7682413526996901,,,
HR_COMPAT,,3,0,5,,0,,,
HR_SYNERGY,,3,0,5,,0.6891365510223469,,,
HR_COMPAT,,3,0,6,,1,,,
HR_SYNERGY,,3,0,6,,0.8951447686828868,,,
HR_COMPAT,,3,0,7,,1,,,
HR_SYNERGY,,3,0,7,,0.8759133103453043,,,
HR_COMPAT,,3,1,0,,0,,,
HR_SYNERGY,,3,1,0,,0.680646005440684,,,
HR_COMPAT,,3,1,1,,1,,,
HR_SYNERGY,,3,1,1,,0.8492422808041933,,,
HR_COMPAT,,3,1,2,,0,,,
HR_SYNERGY,,3,1,2,,0.8191731463978618,,,
HR_COMPAT,,3,1,3,,1,,,
HR_SYNERGY,,3,1,3,,0.8134525609495825,,,
HR_COMPAT,,3,1,4,,0,,,
HR_SYNERGY,,3,1,4,,0.8532923057182307,,,
HR_COMPAT,,3,1,5,,0,,,
HR_SYNERGY,,3,1,5,,0.7183041808017525,,,
HR_COMPAT,,3,1,6,,0,,,
HR_SYNERGY,,3,1,6,,0.72044906600359,,,
HR_COMPAT,,3,1,7,,1,,,
HR_SYNERGY,,3,1,7,,0.6625690828392085,,,
HR_COMPAT,,3,2,0,,0,,,
HR_SYNERGY,,3,2,0,,0.885252839884906,,,
HR_COMPAT,,3,2,1,,1,,,
HR_SYNERGY,,3,2,1,,0.7516675828658281,,,
HR_COMPAT,,3,2,2,,0,,,
HR_SYNERGY,,3,2,2,,0.7045495588227888,,,
HR_COMPAT,,3,2,3,,1,,,
HR_SYNERGY,,3,2,3,,0.6947003151507376,,,
HR_COMPAT,,3,2,4,,1,,,
HR_SYNERGY,,3,2,4,,0.8517948722888609,,,
HR_COMPAT,,3,2,5,,0,,,
HR_SYNERGY,,3,2,5,,0.8121577645227203,,,
HR_COMPAT,,3,2,6,,1,,,
HR_SYNERGY,,3,2,6,,0.8482671680874936,,,
HR_COMPAT,,3,2,7,,1,,,
HR_SYNERGY,,3,2,7,,0.7282430351003696,,,
HR_COMPAT,,3,3,0,,0,,,
HR_SYNERGY,,3,3,0,,0.7309991330428118,,,
HR_COMPAT,,3,3,1,,0,,,
HR_SYNERGY,,3,3,1,,0.6756729483614883,,,
HR_COMPAT,,3,3,2,,0,,,
HR_SYNERGY,,3,3,2,,0.7947565951120135,,,
HR_COMPAT,,3,3,3,,1,,,
HR_SYNERGY,,3,3,3,,0.7207297920090437,,,
HR_COMPAT,,3,3,4,,1,,,
HR_SYNERGY,,3,3,4,,0.8722135808665363,,,
HR_COMPAT,,3,3,5,,0,,,
HR_SYNERGY,,3,3,5,,0.7073086932458469,,,
HR_COMPAT,,3,3,6,,1,,,
HR_SYNERGY,,3,3,6,,0.8107936189870315,,,
HR_COMPAT,,3,3,7,,1,,,
HR_SYNERGY,,3,3,7,,0.6710896268346311,,,
HR_COMPAT,,3,4,0,,0,,,
HR_SYNERGY,,3,4,0,,0.7798845621139936,,,
HR_COMPAT,,3,4,1,,1,,,
HR_SYNERGY,,3,4,1,,0.7547011360165568,,,
HR_COMPAT,,3,4,2,,0,,,
HR_SYNERGY,,3,4,2,,0.6628535476624992,,,
HR_COMPAT,,3,4,3,,1,,,
HR_SYNERGY,,3,4,3,,0.6521450224169494,,,
HR_COMPAT,,3,4,4,,1,,,
HR_SYNERGY,,3,4,4,,0.8437306797626174,,,
HR_COMPAT,,3,4,5,,0,,,
HR_SYNERGY,,3,4,5,,0.808738652292083,,,
HR_COMPAT,,3,4,6,,1,,,
HR_SYNERGY,,3,4,6,,0.8809527185683699,,,
HR_COMPAT,,3,4,7,,1,,,
HR_SYNERGY,,3,4,7,,0.8651902091081991,,,
HR_COMPAT,,3,5,0,,0,,,
HR_SYNERGY,,3,5,0,,0.8031111005733351,,,
HR_COMPAT,,3,5,1,,0,,,
HR_SYNERGY,,3,5,1,,0.8147206272275205,,,
HR_COMPAT,,3,5,2,,0,,,
HR_SYNERGY,,3,5,2,,0.7088496035911765,,,
HR_COMPAT,,3,5,3,,1,,,
HR_SYNERGY,,3,5,3,,0.7699928811398361,,,
HR_COMPAT,,3,5,4,,0,,,
HR_SYNERGY,,3,5,4,,0.8114212114276342,,,
HR_COMPAT,,3,5,5,,0,,,
HR_SYNERGY,,3,5,5,,0.8671607377221737,,,
HR_COMPAT,,3,5,6,,0,,,
HR_SYNERGY,,3,5,6,,0.7136211743818703,,,
HR_COMPAT,,3,5,7,,1,,,
HR_SYNERGY,,3,5,7,,0.8105454752599395,,,
HR_COMPAT,,4,0,0,,0,,,
HR_SYNERGY,,4,0,0,,0.8534346928863448,,,
HR_COMPAT,,4,0,1,,1,,,
HR_SYNERGY,,4,0,1,,0.8307122510668479,,,
HR_COMPAT,,4,0,2,,0,,,
HR_SYNERGY,,4,0,2,,0.7762767710485028,,,
HR_COMPAT,,4,0,3,,1,,,
HR_SYNERGY,,4,0,3,,0.7497884375728503,,,
HR_COMPAT,,4,0,4,,0,,,
HR_SYNERGY,,4,0,4,,0.8828487082514678,,,
HR_COMPAT,,4,0,5,,0,,,
HR_SYNERGY,,4,0,5,,0.6879168320883366,,,
HR_COMPAT,,4,0,6,,0,,,
HR_SYNERGY,,4,0,6,,0.8195314534330358,,,
HR_COMPAT,,4,0,7,,1,,,
HR_SYNERGY,,4,0,7,,0.7615057717413514,,,
HR_COMPAT,,4,1,0,,0,,,
HR_SYNERGY,,4,1,0,,0.8496057498470213,,,
HR_COMPAT,,4,1,1,,1,,,
HR_SYNERGY,,4,1,1,,0.8225867454909008,,,
HR_COMPAT,,4,1,2,,0,,,
HR_SYNERGY,,4,1,2,,0.8528612947451054,,,
HR_COMPAT,,4,1,3,,1,,,
HR_SYNERGY,,4,1,3,,0.7788775344828501,,,
HR_COMPAT,,4,1,4,,0,,,
HR_SYNERGY,,4,1,4,,0.6954996430486242,,,
HR_COMPAT,,4,1,5,,0,,,
HR_SYNERGY,,4,1,5,,0.7841039832253859,,,
HR_COMPAT,,4,1,6,,0,,,
HR_SYNERGY,,4,1,6,,0.8401359816225342,,,
HR_COMPAT,,4,1,7,,1,,,
HR_SYNERGY,,4,1,7,,0.6644276244534809,,,
HR_COMPAT,,4,2,0,,0,,,
HR_SYNERGY,,4,2,0,,0.854419517862628,,,
HR_COMPAT,,4,2,1,,1,,,
HR_SYNERGY,,4,2,1,,0.7091488754642571,,,
HR_COMPAT,,4,2,2,,1,,,
HR_SYNERGY,,4,2,2,,0.8675108138858538,,,
HR_COMPAT,,4,2,3,,1,,,
HR_SYNERGY,,4,2,3,,0.8109950399324727,,,
HR_COMPAT,,4,2,4,,0,,,
HR_SYNERGY,,4,2,4,,0.8598397122653556,,,
HR_COMPAT,,4,2,5,,0,,,
HR_SYNERGY,,4,2,5,,0.8277002870730807,,,
HR_COMPAT,,4,2,6,,0,,,
HR_SYNERGY,,4,2,6,,0.806130823373496,,,
HR_COMPAT,,4,2,7,,1,,,
HR_SYNERGY,,4,2,7,,0.7672756854934336,,,
HR_COMPAT,,4,3,0,,0,,,
HR_SYNERGY,,4,3,0,,0.7855283431904984,,,
HR_COMPAT,,4,3,1,,1,,,
HR_SYNERGY,,4,3,1,,0.7670354166369164,,,
HR_COMPAT,,4,3,2,,0,,,
HR_SYNERGY,,4,3,2,,0.7417292377122255,,,
HR_COMPAT,,4,3,3,,1,,,
HR_SYNERGY,,4,3,3,,0.7583899643802904,,,
HR_COMPAT,,4,3,4,,0,,,
HR_SYNERGY,,4,3,4,,0.8207040629768996,,,
HR_COMPAT,,4,3,5,,0,,,
HR_SYNERGY,,4,3,5,,0.8455105571580703,,,
HR_COMPAT,,4,3,6,,0,,,
HR_SYNERGY,,4,3,6,,0.884792410673321,,,
HR_COMPAT,,4,3,7,,1,,,
HR_SYNERGY,,4,3,7,,0.8329264910242558,,,
HR_COMPAT,,4,4,0,,0,,,
HR_SYNERGY,,4,4,0,,0.6930308599067889,,,
HR_COMPAT,,4,4,1,,1,,,
HR_SYNERGY,,4,4,1,,0.6822683374404828,,,
HR_COMPAT,,4,4,2,,0,,,
HR_SYNERGY,,4,4,2,,0.7794616110446237,,,
HR_COMPAT,,4,4,3,,1,,,
HR_SYNERGY,,4,4,3,,0.802242831383006,,,
HR_COMPAT,,4,4,4,,0,,,
HR_SYNERGY,,4,4,4,,0.8143042944971755,,,
HR_COMPAT,,4,4,5,,0,,,
HR_SYNERGY,,4,4,5,,0.7321800675600673,,,
HR_COMPAT,,4,4,6,,0,,,
HR_SYNERGY,,4,4,6,,0.7829908073367131,,,
HR_COMPAT,,4,4,7,,1,,,
HR_SYNERGY,,4,4,7,,0.7724410764382122,,,
HR_COMPAT,,4,5,0,,0,,,
HR_SYNERGY,,4,5,0,,0.8271292717899005,,,
HR_COMPAT,,4,5,1,,0,,,
HR_SYNERGY,,4,5,1,,0.6818797808002826,,,
HR_COMPAT,,4,5,2,,1,,,
HR_SYNERGY,,4,5,2,,0.7737107654705093,,,
HR_COMPAT,,4,5,3,,1,,,
HR_SYNERGY,,4,5,3,,0.7752763124812273,,,
HR_COMPAT,,4,5,4,,0,,,
HR_SYNERGY,,4,5,4,,0.7215020099989133,,,
HR_COMPAT,,4,5,5,,0,,,
HR_SYNERGY,,4,5,5,,0.7118638727714431,,,
HR_COMPAT,,4,5,6,,0,,,
HR_SYNERGY,,4,5,6,,0.7286067873299644,,,
HR_COMPAT,,4,5,7,,1,,,
HR_SYNERGY,,4,5,7,,0.7241903494926576,,,
HR_COMPAT,,5,0,0,,1,,,
HR_SYNERGY,,5,0,0,,0.7938351735548204,,,
HR_COMPAT,,5,0,1,,0,,,
HR_SYNERGY,,5,0,1,,0.6963441395028592,,,
HR_COMPAT,,5,0,2,,0,,,
HR_SYNERGY,,5,0,2,,0.7897551103546474,,,
HR_COMPAT,,5,0,3,,0,,,
HR_SYNERGY,,5,0,3,,0.7669339232161742,,,
HR_COMPAT,,5,0,4,,1,,,
HR_SYNERGY,,5,0,4,,0.8438640611232388,,,
HR_COMPAT,,5,0,5,,0,,,
HR_SYNERGY,,5,0,5,,0.8137246830076603,,,
HR_COMPAT,,5,0,6,,0,,,
HR_SYNERGY,,5,0,6,,0.6591139210367251,,,
HR_COMPAT,,5,0,7,,1,,,
HR_SYNERGY,,5,0,7,,0.8143317908867854,,,
HR_COMPAT,,5,1,0,,0,,,
HR_SYNERGY,,5,1,0,,0.8276998757953055,,,
HR_COMPAT,,5,1,1,,1,,,
HR_SYNERGY,,5,1,1,,0.6815904086744671,,,
HR_COMPAT,,5,1,2,,1,,,
HR_SYNERGY,,5,1,2,,0.8277379965590403,,,
HR_COMPAT,,5,1,3,,0,,,
HR_SYNERGY,,5,1,3,,0.7340738869299318,,,
HR_COMPAT,,5,1,4,,0,,,
HR_SYNERGY,,5,1,4,,0.8355037311448961,,,
HR_COMPAT,,5,1,5,,0,,,
HR_SYNERGY,,5,1,5,,0.7211144023603178,,,
HR_COMPAT,,5,1,6,,0,,,
HR_SYNERGY,,5,1,6,,0.8626960091413501,,,
HR_COMPAT,,5,1,7,,0,,,
HR_SYNERGY,,5,1,7,,0.7245033876984216,,,
HR_COMPAT,,5,2,0,,0,,,
HR_SYNERGY,,5,2,0,,0.8071598246376419,,,
HR_COMPAT,,5,2,1,,1,,,
HR_SYNERGY,,5,2,1,,0.7962411062991397,,,
HR_COMPAT,,5,2,2,,1,,,
HR_SYNERGY,,5,2,2,,0.7661958323307007,,,
HR_COMPAT,,5,2,3,,0,,,
HR_SYNERGY,,5,2,3,,0.8629656757462092,,,
HR_COMPAT,,5,2,4,,1,,,
HR_SYNERGY,,5,2,4,,0.8146346755853047,,,
HR_COMPAT,,5,2,5,,0,,,
HR_SYNERGY,,5,2,5,,0.7303539906634717,,,
HR_COMPAT,,5,2,6,,0,,,
HR_SYNERGY,,5,2,6,,0.86192133184534,,,
HR_COMPAT,,5,2,7,,1,,,
HR_SYNERGY,,5,2,7,,0.6563547665222885,,,
HR_COMPAT,,5,3,0,,1,,,
HR_SYNERGY,,5,3,0,,0.729640666371822,,,
HR_COMPAT,,5,3,1,,1,,,
HR_SYNERGY,,5,3,1,,0.6744254639442703,,,
HR_COMPAT,,5,3,2,,0,,,
HR_SYNERGY,,5,3,2,,0.7705177277006511,,,
HR_COMPAT,,5,3,3,,0,,,
HR_SYNERGY,,5,3,3,,0.6537964253514748,,,
HR_COMPAT,,5,3,4,,1,,,
HR_SYNERGY,,5,3,4,,0.7616036963159702,,,
HR_COMPAT,,5,3,5,,0,,,
HR_SYNERGY,,5,3,5,,0.7909830687788131,,,
HR_COMPAT,,5,3,6,,0,,,
HR_SYNERGY,,5,3,6,,0.7067752907942064,,,
HR_COMPAT,,5,3,7,,1,,,
HR_SYNERGY,,5,3,7,,0.7553261616998991,,,
HR_COMPAT,,5,4,0,,1,,,
HR_SYNERGY,,5,4,0,,0.6655034091104612,,,
HR_COMPAT,,5,4,1,,1,,,
HR_SYNERGY,,5,4,1,,0.7694499724843326,,,
HR_COMPAT,,5,4,2,,1,,,
HR_SYNERGY,,5,4,2,,0.8449509835084579,,,
HR_COMPAT,,5,4,3,,0,,,
HR_SYNERGY,,5,4,3,,0.7144493533832288,,,
HR_COMPAT,,5,4,4,,1,,,
HR_SYNERGY,,5,4,4,,0.8618312853785517,,,
HR_COMPAT,,5,4,5,,0,,,
HR_SYNERGY,,5,4,5,,0.8861832170577529,,,
HR_COMPAT,,5,4,6,,0,,,
HR_SYNERGY,,5,4,6,,0.8366789784710893,,,
HR_COMPAT,,5,4,7,,1,,,
HR_SYNERGY,,5,4,7,,0.6575013761394957,,,
HR_COMPAT,,5,5,0,,1,,,
HR_SYNERGY,,5,5,0,,0.816324083847658,,,
HR_COMPAT,,5,5,1,,0,,,
HR_SYNERGY,,5,5,1,,0.7453137088353226,,,
HR_COMPAT,,5,5,2,,1,,,
HR_SYNERGY,,5,5,2,,0.6689699576868899,,,
HR_COMPAT,,5,5,3,,0,,,
HR_SYNERGY,,5,5,3,,0.8627984725146707,,,
HR_COMPAT,,5,5,4,,0,,,
HR_SYNERGY,,5,5,4,,0.6573485267089737,,,
HR_COMPAT,,5,5,5,,0,,,
HR_SYNERGY,,5,5,5,,0.7010579969300873,,,
HR_COMPAT,,5,5,6,,0,,,
HR_SYNERGY,,5,5,6,,0.7384746416210768,,,
HR_COMPAT,,5,5,7,,1,,,
HR_SYNERGY,,5,5,7,,0.74442775802583,,,
HR_COMPAT,,6,0,0,,1,,,
HR_SYNERGY,,6,0,0,,0.6833672624455309,,,
HR_COMPAT,,6,0,1,,1,,,
HR_SYNERGY,,6,0,1,,0.7906323002573903,,,
HR_COMPAT,,6,0,2,,0,,,
HR_SYNERGY,,6,0,2,,0.8624156831704541,,,
HR_COMPAT,,6,0,3,,0,,,
HR_SYNERGY,,6,0,3,,0.8191338760863089,,,
HR_COMPAT,,6,0,4,,0,,,
HR_SYNERGY,,6,0,4,,0.8048477981163618,,,
HR_COMPAT,,6,0,5,,0,,,
HR_SYNERGY,,6,0,5,,0.8496124230245505,,,
HR_COMPAT,,6,0,6,,0,,,
HR_SYNERGY,,6,0,6,,0.7630546710349606,,,
HR_COMPAT,,6,0,7,,0,,,
HR_SYNERGY,,6,0,7,,0.672210998817248,,,
HR_COMPAT,,6,1,0,,0,,,
HR_SYNERGY,,6,1,0,,0.8030797823144158,,,
HR_COMPAT,,6,1,1,,0,,,
HR_SYNERGY,,6,1,1,,0.8156735700115131,,,
HR_COMPAT,,6,1,2,,1,,,
HR_SYNERGY,,6,1,2,,0.864020178840847,,,
HR_COMPAT,,6,1,3,,0,,,
HR_SYNERGY,,6,1,3,,0.862794942442929,,,
HR_COMPAT,,6,1,4,,0,,,
HR_SYNERGY,,6,1,4,,0.7829442087500609,,,
HR_COMPAT,,6,1,5,,0,,,
HR_SYNERGY,,6,1,5,,0.8483183928003097,,,
HR_COMPAT,,6,1,6,,0,,,
HR_SYNERGY,,6,1,6,,0.8615603501557897,,,
HR_COMPAT,,6,1,7,,0,,,
HR_SYNERGY,,6,1,7,,0.8110556370457256,,,
HR_COMPAT,,6,2,0,,0,,,
HR_SYNERGY,,6,2,0,,0.7985359486097727,,,
HR_COMPAT,,6,2,1,,1,,,
HR_SYNERGY,,6,2,1,,0.7244032048297301,,,
HR_COMPAT,,6,2,2,,1,,,
HR_SYNERGY,,6,2,2,,0.8004961410827394,,,
HR_COMPAT,,6,2,3,,0,,,
HR_SYNERGY,,6,2,3,,0.7471843882431066,,,
HR_COMPAT,,6,2,4,,0,,,
HR_SYNERGY,,6,2,4,,0.7891631376552516,,,
HR_COMPAT,,6,2,5,,0,,,
HR_SYNERGY,,6,2,5,,0.7041690135781036,,,
HR_COMPAT,,6,2,6,,0,,,
HR_SYNERGY,,6,2,6,,0.6761747878809374,,,
HR_COMPAT,,6,2,7,,0,,,
HR_SYNERGY,,6,2,7,,0.7721429350598286,,,
HR_COMPAT,,6,3,0,,1,,,
HR_SYNERGY,,6,3,0,,0.6843766217619792,,,
HR_COMPAT,,6,3,1,,1,,,
HR_SYNERGY,,6,3,1,,0.766788232044513,,,
HR_COMPAT,,6,3,2,,1,,,
HR_SYNERGY,,6,3,2,,0.8863338543948216,,,
HR_COMPAT,,6,3,3,,0,,,
HR_SYNERGY,,6,3,3,,0.7946697038651747,,,
HR_COMPAT,,6,3,4,,0,,,
HR_SYNERGY,,6,3,4,,0.731230471725976,,,
HR_COMPAT,,6,3,5,,0,,,
HR_SYNERGY,,6,3,5,,0.8460116451643348,,,
HR_COMPAT,,6,3,6,,0,,,
HR_SYNERGY,,6,3,6,,0.7560934278543974,,,
HR_COMPAT,,6,3,7,,0,,,
HR_SYNERGY,,6,3,7,,0.8631771377051879,,,
HR_COMPAT,,6,4,0,,1,,,
HR_SYNERGY,,6,4,0,,0.882206729202274,,,
HR_COMPAT,,6,4,1,,1,,,
HR_SYNERGY,,6,4,1,,0.8299761693986795,,,
HR_COMPAT,,6,4,2,,1,,,
HR_SYNERGY,,6,4,2,,0.8944701500503681,,,
HR_COMPAT,,6,4,3,,0,,,
HR_SYNERGY,,6,4,3,,0.7307396719541699,,,
HR_COMPAT,,6,4,4,,0,,,
HR_SYNERGY,,6,4,4,,0.8854046572602549,,,
HR_COMPAT,,6,4,5,,0,,,
HR_SYNERGY,,6,4,5,,0.7282396638842906,,,
HR_COMPAT,,6,4,6,,0,,,
HR_SYNERGY,,6,4,6,,0.8563217835598851,,,
HR_COMPAT,,6,4,7,,0,,,
HR_SYNERGY,,6,4,7,,0.7611656260575408,,,
HR_COMPAT,,6,5,0,,0,,,
HR_SYNERGY,,6,5,0,,0.8516394224258025,,,
HR_COMPAT,,6,5,1,,0,,,
HR_SYNERGY,,6,5,1,,0.8116914804617705,,,
HR_COMPAT,,6,5,2,,1,,,
HR_SYNERGY,,6,5,2,,0.659196420270909,,,
HR_COMPAT,,6,5,3,,0,,,
HR_SYNERGY,,6,5,3,,0.714842909590385,,,
HR_COMPAT,,6,5,4,,0,,,
HR_SYNERGY,,6,5,4,,0.8010674539114587,,,
HR_COMPAT,,6,5,5,,0,,,
HR_SYNERGY,,6,5,5,,0.87836818934845,,,
HR_COMPAT,,6,5,6,,0,,,
HR_SYNERGY,,6,5,6,,0.6850758259168153,,,
HR_COMPAT,,6,5,7,,0,,,
HR_SYNERGY,,6,5,7,,0.8661197456398384,,,
HR_COMPAT,,7,0,0,,0,,,
HR_SYNERGY,,7,0,0,,0.7524165571204479,,,
HR_COMPAT,,7,0,1,,1,,,
HR_SYNERGY,,7,0,1,,0.7639913487078034,,,
HR_COMPAT,,7,0,2,,0,,,
HR_SYNERGY,,7,0,2,,0.7230515881559914,,,
HR_COMPAT,,7,0,3,,1,,,
HR_SYNERGY,,7,0,3,,0.6739492992410084,,,
HR_COMPAT,,7,0,4,,0,,,
HR_SYNERGY,,7,0,4,,0.7371074471185247,,,
HR_COMPAT,,7,0,5,,0,,,
HR_SYNERGY,,7,0,5,,0.7914360770033817,,,
HR_COMPAT,,7,0,6,,1,,,
HR_SYNERGY,,7,0,6,,0.7309613759991053,,,
HR_COMPAT,,7,0,7,,1,,,
HR_SYNERGY,,7,0,7,,0.7773105482457618,,,
HR_COMPAT,,7,1,0,,0,,,
HR_SYNERGY,,7,1,0,,0.884559381986615,,,
HR_COMPAT,,7,1,1,,1,,,
HR_SYNERGY,,7,1,1,,0.8286521594393604,,,
HR_COMPAT,,7,1,2,,1,,,
HR_SYNERGY,,7,1,2,,0.8964412520806859,,,
HR_COMPAT,,7,1,3,,1,,,
HR_SYNERGY,,7,1,3,,0.8035294969532256,,,
HR_COMPAT,,7,1,4,,0,,,
HR_SYNERGY,,7,1,4,,0.6873165179905283,,,
HR_COMPAT,,7,1,5,,0,,,
HR_SYNERGY,,7,1,5,,0.864658230785204,,,
HR_COMPAT,,7,1,6,,0,,,
HR_SYNERGY,,7,1,6,,0.864041808111651,,,
HR_COMPAT,,7,1,7,,1,,,
HR_SYNERGY,,7,1,7,,0.780874609427727,,,
HR_COMPAT,,7,2,0,,0,,,
HR_SYNERGY,,7,2,0,,0.8719192022285484,,,
HR_COMPAT,,7,2,1,,1,,,
HR_SYNERGY,,7,2,1,,0.769804169042544,,,
HR_COMPAT,,7,2,2,,1,,,
HR_SYNERGY,,7,2,2,,0.8764819662336693,,,
HR_COMPAT,,7,2,3,,1,,,
HR_SYNERGY,,7,2,3,,0.6527284154356696,,,
HR_COMPAT,,7,2,4,,0,,,
HR_SYNERGY,,7,2,4,,0.6658270174324854,,,
HR_COMPAT,,7,2,5,,0,,,
HR_SYNERGY,,7,2,5,,0.8069609851108523,,,
HR_COMPAT,,7,2,6,,1,,,
HR_SYNERGY,,7,2,6,,0.8138903738830534,,,
HR_COMPAT,,7,2,7,,1,,,
HR_SYNERGY,,7,2,7,,0.6666682503891673,,,
HR_COMPAT,,7,3,0,,0,,,
HR_SYNERGY,,7,3,0,,0.8585605765896266,,,
HR_COMPAT,,7,3,1,,1,,,
HR_SYNERGY,,7,3,1,,0.764877352372605,,,
HR_COMPAT,,7,3,2,,1,,,
HR_SYNERGY,,7,3,2,,0.7292405159535535,,,
HR_COMPAT,,7,3,3,,1,,,
HR_SYNERGY,,7,3,3,,0.7341959290008231,,,
HR_COMPAT,,7,3,4,,0,,,
HR_SYNERGY,,7,3,4,,0.7426887060423376,,,
HR_COMPAT,,7,3,5,,0,,,
HR_SYNERGY,,7,3,5,,0.6604295067375455,,,
HR_COMPAT,,7,3,6,,1,,,
HR_SYNERGY,,7,3,6,,0.7136559475770266,,,
HR_COMPAT,,7,3,7,,1,,,
HR_SYNERGY,,7,3,7,,0.7534792989799157,,,
HR_COMPAT,,7,4,0,,0,,,
HR_SYNERGY,,7,4,0,,0.6829118661240919,,,
HR_COMPAT,,7,4,1,,1,,,
HR_SYNERGY,,7,4,1,,0.7345519135617058,,,
HR_COMPAT,,7,4,2,,1,,,
HR_SYNERGY,,7,4,2,,0.8714935868057725,,,
HR_COMPAT,,7,4,3,,0,,,
HR_SYNERGY,,7,4,3,,0.8209610556747382,,,
HR_COMPAT,,7,4,4,,0,,,
HR_SYNERGY,,7,4,4,,0.6554838594043145,,,
HR_COMPAT,,7,4,5,,0,,,
HR_SYNERGY,,7,4,5,,0.8781286140924214,,,
HR_COMPAT,,7,4,6,,1,,,
HR_SYNERGY,,7,4,6,,0.7352149042275598,,,
HR_COMPAT,,7,4,7,,1,,,
HR_SYNERGY,,7,4,7,,0.7773964312234722,,,
HR_COMPAT,,7,5,0,,0,,,
HR_SYNERGY,,7,5,0,,0.7632188112177463,,,
HR_COMPAT,,7,5,1,,0,,,
HR_SYNERGY,,7,5,1,,0.8236366966128503,,,
HR_COMPAT,,7,5,2,,1,,,
HR_SYNERGY,,7,5,2,,0.7304581987632343,,,
HR_COMPAT,,7,5,3,,1,,,
HR_SYNERGY,,7,5,3,,0.7700237824361126,,,
HR_COMPAT,,7,5,4,,0,,,
HR_SYNERGY,,7,5,4,,0.8918045036014611,,,
HR_COMPAT,,7,5,5,,0,,,
HR_SYNERGY,,7,5,5,,0.881382331959775,,,
HR_COMPAT,,7,5,6,,0,,,
HR_SYNERGY,,7,5,6,,0.8921687190081398,,,
HR_COMPAT,,7,5,7,,1,,,
HR_SYNERGY,,7,5,7,,0.7162557515433606,,,
WORKER_RELOC,,0,0,0,,0.0,,,
WORKER_RELOC,,0,0,1,,3.3551275249695585,,,
WORKER_RELOC,,0,0,2,,7.704996812735932,,,
WORKER_RELOC,,0,0,3,,3.5292917489277755,,,
WORKER_RELOC,,0,0,4,,5.253589494903978,,,
WORKER_RELOC,,0,0,5,,5.548852826621627,,,
WORKER_RELOC,,0,0,6,,4.283532594047367,,,
WORKER_RELOC,,0,0,7,,4.033364299258644,,,
WORKER_RELOC,,0,0,8,,4.571222676552124,,,
WORKER_RELOC,,0,0,9,,4.149788417863622,,,
WORKER_RELOC,,0,0,10,,6.960383458960289,,,
WORKER_RELOC,,0,0,11,,4.532130580326159,,,
WORKER_RELOC,,0,1,0,,4.998576793286547,,,
WORKER_RELOC,,0,1,1,,0.0,,,
WORKER_RELOC,,0,1,2,,1.0042903162494643,,,
WORKER_RELOC,,0,1,3,,4.469785242137141,,,
WORKER_RELOC,,0,1,4,,3.9804619967717,,,
WORKER_RELOC,,0,1,5,,3.6101778063792374,,,
WORKER_RELOC,,0,1,6,,7.108615198403134,,,
WORKER_RELOC,,0,1,7,,5.624647281737289,,,
WORKER_RELOC,,0,1,8,,6.7059366516378365,,,
WORKER_RELOC,,0,1,9,,7.584198511082217,,,
WORKER_RELOC,,0,1,10,,3.8058280923584182,,,
WORKER_RELOC,,0,1,11,,7.607572142450337,,,
WORKER_RELOC,,0,2,0,,4.012109910968699,,,
WORKER_RELOC,,0,2,1,,1.0554317012076442,,,
WORKER_RELOC,,0,2,2,,0.0,,,
WORKER_RELOC,,0,2,3,,4.101961066815322,,,
WORKER_RELOC,,0,2,4,,3.448676127177788,,,
WORKER_RELOC,,0,2,5,,4.533404966079017,,,
WORKER_RELOC,,0,2,6,,3.903413673933895,,,
WORKER_RELOC,,0,2,7,,7.492634928391944,,,
WORKER_RELOC,,0,2,8,,6.702455662833373,,,
WORKER_RELOC,,0,2,9,,6.048960393504479,,,
WORKER_RELOC,,0,2,10,,4.437623894808221,,,
WORKER_RELOC,,0,2,11,,7.987705006459404,,,
WORKER_RELOC,,0,3,0,,5.195180369279637,,,
WORKER_RELOC,,0,3,1,,6.115142934533658,,,
WORKER_RELOC,,0,3,2,,3.4677755475167222,,,
WORKER_RELOC,,0,3,3,,0.0,,,
WORKER_RELOC,,0,3,4,,3.615366689732531,,,
WORKER_RELOC,,0,3,5,,7.613917503713727,,,
WORKER_RELOC,,0,3,6,,6.743577772874537,,,
WORKER_RELOC,,0,3,7,,5.7278497241239394,,,
WORKER_RELOC,,0,3,8,,5.267649392819038,,,
WORKER_RELOC,,0,3,9,,6.078604845316859,,,
WORKER_RELOC,,0,3,10,,6.4585587332566305,,,
WORKER_RELOC,,0,3,11,,4.209031979160574,,,
WORKER_RELOC,,0,4,0,,3.275493903958019,,,
WORKER_RELOC,,0,4,1,,4.728694869477037,,,
WORKER_RELOC,,0,4,2,,4.4532797274147775,,,
WORKER_RELOC,,0,4,3,,3.099298362377333,,,
WORKER_RELOC,,0,4,4,,0.0,,,
WORKER_RELOC,,0,4,5,,2.6045624668352403,,,
WORKER_RELOC,,0,4,6,,5.347736785327497,,,
WORKER_RELOC,,0,4,7,,4.853786115465043,,,
WORKER_RELOC,,0,4,8,,5.31232979813444,,,
WORKER_RELOC,,0,4,9,,6.88431960459407,,,
WORKER_RELOC,,0,4,10,,5.463883622679677,,,
WORKER_RELOC,,0,4,11,,5.381480605027482,,,
WORKER_RELOC,,0,5,0,,7.449136824529593,,,
WORKER_RELOC,,0,5,1,,7.596394087913097,,,
WORKER_RELOC,,0,5,2,,7.076814474133864,,,
WORKER_RELOC,,0,5,3,,4.917333827930706,,,
WORKER_RELOC,,0,5,4,,2.830372347922217,,,
WORKER_RELOC,,0,5,5,,0.0,,,
WORKER_RELOC,,0,5,6,,5.796311547000144,,,
WORKER_RELOC,,0,5,7,,7.7185515485395495,,,
WORKER_RELOC,,0,5,8,,7.031454663444779,,,
WORKER_RELOC,,0,5,9,,5.365750991039988,,,
WORKER_RELOC,,0,5,10,,5.210398140605375,,,
WORKER_RELOC,,0,5,11,,5.263785942257089,,,
WORKER_RELOC,,0,6,0,,4.681732513629474,,,
WORKER_RELOC,,0,6,1,,3.220632504941137,,,
WORKER_RELOC,,0,6,2,,4.629209959514907,,,
WORKER_RELOC,,0,6,3,,7.181697479601569,,,
WORKER_RELOC,,0,6,4,,6.110538111047304,,,
WORKER_RELOC,,0,6,5,,4.367745204366566,,,
WORKER_RELOC,,0,6,6,,0.0,,,
WORKER_RELOC,,0,6,7,,1.679504943173101,,,
WORKER_RELOC,,0,6,8,,6.163064288063582,,,
WORKER_RELOC,,0,6,9,,7.236865421777382,,,
WORKER_RELOC,,0,6,10,,5.904336209164241,,,
WORKER_RELOC,,0,6,11,,6.740048545714611,,,
WORKER_RELOC,,0,7,0,,4.652521954198884,,,
WORKER_RELOC,,0,7,1,,5.141481247526451,,,
WORKER_RELOC,,0,7,2,,4.14486693370474,,,
WORKER_RELOC,,0,7,3,,4.9262092546809395,,,
WORKER_RELOC,,0,7,4,,4.76024587709352,,,
WORKER_RELOC,,0,7,5,,4.746547651429681,,,
WORKER_RELOC,,0,7,6,,1.4169416849501855,,,
WORKER_RELOC,,0,7,7,,0.0,,,
WORKER_RELOC,,0,7,8,,4.4828683197836385,,,
WORKER_RELOC,,0,7,9,,3.6029985101179456,,,
WORKER_RELOC,,0,7,10,,7.159634254361914,,,
WORKER_RELOC,,0,7,11,,6.061634812774012,,,
WORKER_RELOC,,0,8,0,,4.90703166494805,,,
WORKER_RELOC,,0,8,1,,4.165250215582723,,,
WORKER_RELOC,,0,8,2,,3.481066942845128,,,
WORKER_RELOC,,0,8,3,,3.9229003024365943,,,
WORKER_RELOC,,0,8,4,,6.971778568498374,,,
WORKER_RELOC,,0,8,5,,6.1015231093544,,,
WORKER_RELOC,,0,8,6,,4.772669736251431,,,
WORKER_RELOC,,0,8,7,,4.630104754036948,,,
WORKER_RELOC,,0,8,8,,0.0,,,
WORKER_RELOC,,0,8,9,,1.3273872463821819,,,
WORKER_RELOC,,0,8,10,,5.699044832086137,,,
WORKER_RELOC,,0,8,11,,3.295265532323664,,,
WORKER_RELOC,,0,9,0,,7.855110015598919,,,
WORKER_RELOC,,0,9,1,,4.244774259973522,,,
WORKER_RELOC,,0,9,2,,3.6745061794851646,,,
WORKER_RELOC,,0,9,3,,6.231730872202549,,,
WORKER_RELOC,,0,9,4,,3.8260753055029664,,,
WORKER_RELOC,,0,9,5,,4.759793313509537,,,
WORKER_RELOC,,0,9,6,,6.75778499147672,,,
WORKER_RELOC,,0,9,7,,6.298500617351056,,,
WORKER_RELOC,,0,9,8,,2.275418865765671,,,
WORKER_RELOC,,0,9,9,,0.0,,,
WORKER_RELOC,,0,9,10,,6.377381763857121,,,
WORKER_RELOC,,0,9,11,,3.2712652332386694,,,
WORKER_RELOC,,0,10,0,,7.84682340237468,,,
WORKER_RELOC,,0,10,1,,3.376090319585583,,,
WORKER_RELOC,,0,10,2,,4.094840416635322,,,
WORKER_RELOC,,0,10,3,,4.6698708880307676,,,
WORKER_RELOC,,0,10,4,,5.46984507240883,,,
WORKER_RELOC,,0,10,5,,3.2067152747903704,,,
WORKER_RELOC,,0,10,6,,4.59139598626787,,,
WORKER_RELOC,,0,10,7,,7.788359682002927,,,
WORKER_RELOC,,0,10,8,,7.841102800586185,,,
WORKER_RELOC,,0,10,9,,7.729785983053763,,,
WORKER_RELOC,,0,10,10,,0.0,,,
WORKER_RELOC,,0,10,11,,6.692067349490045,,,
WORKER_RELOC,,0,11,0,,3.8445381203069013,,,
WORKER_RELOC,,0,11,1,,3.1038311483216807,,,
WORKER_RELOC,,0,11,2,,3.792507110708305,,,
WORKER_RELOC,,0,11,3,,7.289911173766169,,,
WORKER_RELOC,,0,11,4,,5.907304374976441,,,
WORKER_RELOC,,0,11,5,,6.7521571787743735,,,
WORKER_RELOC,,0,11,6,,7.902981808688283,,,
WORKER_RELOC,,0,11,7,,4.160582181518485,,,
WORKER_RELOC,,0,11,8,,7.320792335372356,,,
WORKER_RELOC,,0,11,9,,7.306422432933774,,,
WORKER_RELOC,,0,11,10,,4.619440905555228,,,
WORKER_RELOC,,0,11,11,,0.0,,,
WORKER_RELOC,,1,0,0,,0.0,,,
WORKER_RELOC,,1,0,1,,5.7176491479878955,,,
WORKER_RELOC,,1,0,2,,3.256872748012567,,,
WORKER_RELOC,,1,0,3,,5.202726334428246,,,
WORKER_RELOC,,1,0,4,,7.875242807842224,,,
WORKER_RELOC,,1,0,5,,7.877412102076313,,,
WORKER_RELOC,,1,0,6,,4.373173958350712,,,
WORKER_RELOC,,1,0,7,,3.7872422633743126,,,
WORKER_RELOC,,1,0,8,,4.531195989352615,,,
WORKER_RELOC,,1,0,9,,3.4520734197169536,,,
WORKER_RELOC,,1,0,10,,5.6589303220152924,,,
WORKER_RELOC,,1,0,11,,4.614102939425443,,,
WORKER_RELOC,,1,1,0,,4.932445092711288,,,
WORKER_RELOC,,1,1,1,,0.0,,,
WORKER_RELOC,,1,1,2,,2.812604679231274,,,
WORKER_RELOC,,1,1,3,,4.736243739183732,,,
WORKER_RELOC,,1,1,4,,3.6902304300264612,,,
WORKER_RELOC,,1,1,5,,5.4948711266108905,,,
WORKER_RELOC,,1,1,6,,6.5889162722140915,,,
WORKER_RELOC,,1,1,7,,7.357630550207806,,,
WORKER_RELOC,,1,1,8,,6.735940171373647,,,
WORKER_RELOC,,1,1,9,,6.878385896407199,,,
WORKER_RELOC,,1,1,10,,5.792812587493522,,,
WORKER_RELOC,,1,1,11,,6.854288896924865,,,
WORKER_RELOC,,1,2,0,,3.729809875783598,,,
WORKER_RELOC,,1,2,1,,1.2518017805138826,,,
WORKER_RELOC,,1,2,2,,0.0,,,
WORKER_RELOC,,1,2,3,,3.45246578652371,,,
WORKER_RELOC,,1,2,4,,5.706748109063389,,,
WORKER_RELOC,,1,2,5,,7.52180871163559,,,
WORKER_RELOC,,1,2,6,,4.440179821273657,,,
WORKER_RELOC,,1,2,7,,5.262485088343966,,,
WORKER_RELOC,,1,2,8,,4.274431155194397,,,
WORKER_RELOC,,1,2,9,,7.319562047584947,,,
WORKER_RELOC,,1,2,10,,3.6846057185366803,,,
WORKER_RELOC,,1,2,11,,4.097669123699639,,,
WORKER_RELOC,,1,3,0,,6.576666699040497,,,
WORKER_RELOC,,1,3,1,,4.804502233722262,,,
WORKER_RELOC,,1,3,2,,4.829019519478232,,,
WORKER_RELOC,,1,3,3,,0.0,,,
WORKER_RELOC,,1,3,4,,7.007586761793434,,,
WORKER_RELOC,,1,3,5,,4.770042157700221,,,
WORKER_RELOC,,1,3,6,,4.776904008417141,,,
WORKER_RELOC,,1,3,7,,5.991394967391807,,,
WORKER_RELOC,,1,3,8,,4.612942789454872,,,
WORKER_RELOC,,1,3,9,,7.568970292938283,,,
WORKER_RELOC,,1,3,10,,4.932624173786602,,,
WORKER_RELOC,,1,3,11,,3.5861970592881827,,,
WORKER_RELOC,,1,4,0,,7.447995972916623,,,
WORKER_RELOC,,1,4,1,,4.021089371610502,,,
WORKER_RELOC,,1,4,2,,6.914432267352428,,,
WORKER_RELOC,,1,4,3,,6.631657398733455,,,
WORKER_RELOC,,1,4,4,,0.0,,,
WORKER_RELOC,,1,4,5,,1.9666901303795676,,,
WORKER_RELOC,,1,4,6,,5.660431369814513,,,
WORKER_RELOC,,1,4,7,,6.14602586920488,,,
WORKER_RELOC,,1,4,8,,7.631795494607731,,,
WORKER_RELOC,,1,4,9,,4.753537726236479,,,
WORKER_RELOC,,1,4,10,,5.674030318609226,,,
WORKER_RELOC,,1,4,11,,3.3232595134051133,,,
WORKER_RELOC,,1,5,0,,4.318241525355058,,,
WORKER_RELOC,,1,5,1,,3.737318164984584,,,
WORKER_RELOC,,1,5,2,,7.329682527469453,,,
WORKER_RELOC,,1,5,3,,6.370859258541318,,,
WORKER_RELOC,,1,5,4,,2.38523653352933,,,
WORKER_RELOC,,1,5,5,,0.0,,,
WORKER_RELOC,,1,5,6,,6.063142686694647,,,
WORKER_RELOC,,1,5,7,,5.723033226067351,,,
WORKER_RELOC,,1,5,8,,4.815518821046016,,,
WORKER_RELOC,,1,5,9,,7.85157881686118,,,
WORKER_RELOC,,1,5,10,,6.770930013281202,,,
WORKER_RELOC,,1,5,11,,5.289370700619708,,,
WORKER_RELOC,,1,6,0,,6.295946208317279,,,
WORKER_RELOC,,1,6,1,,4.737042164030351,,,
WORKER_RELOC,,1,6,2,,4.899381075593007,,,
WORKER_RELOC,,1,6,3,,6.354897676660622,,,
WORKER_RELOC,,1,6,4,,7.102348586213149,,,
WORKER_RELOC,,1,6,5,,6.425739390660807,,,
WORKER_RELOC,,1,6,6,,0.0,,,
WORKER_RELOC,,1,6,7,,1.8276134101695607,,,
WORKER_RELOC,,1,6,8,,7.92473770191731,,,
WORKER_RELOC,,1,6,9,,7.290207496493348,,,
WORKER_RELOC,,1,6,10,,4.289250010777755,,,
WORKER_RELOC,,1,6,11,,7.96310302702204,,,
WORKER_RELOC,,1,7,0,,6.0132840793323865,,,
WORKER_RELOC,,1,7,1,,5.432787697795149,,,
WORKER_RELOC,,1,7,2,,7.219039495074672,,,
WORKER_RELOC,,1,7,3,,5.6741057352247255,,,
WORKER_RELOC,,1,7,4,,6.9437066177601645,,,
WORKER_RELOC,,1,7,5,,7.887498828564723,,,
WORKER_RELOC,,1,7,6,,2.1016329054624325,,,
WORKER_RELOC,,1,7,7,,0.0,,,
WORKER_RELOC,,1,7,8,,6.082612080763644,,,
WORKER_RELOC,,1,7,9,,6.476501861520768,,,
WORKER_RELOC,,1,7,10,,5.823243611440864,,,
WORKER_RELOC,,1,7,11,,6.4535757398670945,,,
WORKER_RELOC,,1,8,0,,7.2489352806472915,,,
WORKER_RELOC,,1,8,1,,3.1323028364405925,,,
WORKER_RELOC,,1,8,2,,5.519989015775151,,,
WORKER_RELOC,,1,8,3,,4.19725078350405,,,
WORKER_RELOC,,1,8,4,,7.3546039413316535,,,
WORKER_RELOC,,1,8,5,,6.688375132063426,,,
WORKER_RELOC,,1,8,6,,6.352603917786682,,,
WORKER_RELOC,,1,8,7,,6.781597571891946,,,
WORKER_RELOC,,1,8,8,,0.0,,,
WORKER_RELOC,,1,8,9,,2.614867974685223,,,
WORKER_RELOC,,1,8,10,,7.598725496392345,,,
WORKER_RELOC,,1,8,11,,5.323821999756313,,,
WORKER_RELOC,,1,9,0,,5.79143284788671,,,
WORKER_RELOC,,1,9,1,,4.781574971664222,,,
WORKER_RELOC,,1,9,2,,5.219308516068872,,,
WORKER_RELOC,,1,9,3,,7.561112093496231,,,
WORKER_RELOC,,1,9,4,,5.8191833492481475,,,
WORKER_RELOC,,1,9,5,,6.854021979049146,,,
WORKER_RELOC,,1,9,6,,3.6339211629022112,,,
WORKER_RELOC,,1,9,7,,4.695098170706945,,,
WORKER_RELOC,,1,9,8,,1.6438386901724753,,,
WORKER_RELOC,,1,9,9,,0.0,,,
WORKER_RELOC,,1,9,10,,4.506617862633853,,,
WORKER_RELOC,,1,9,11,,5.499593388350446,,,
WORKER_RELOC,,1,10,0,,5.108006538125823,,,
WORKER_RELOC,,1,10,1,,4.087475746708984,,,
WORKER_RELOC,,1,10,2,,4.677289646503652,,,
WORKER_RELOC,,1,10,3,,6.95282152623451,,,
WORKER_RELOC,,1,10,4,,5.9232790173992,,,
WORKER_RELOC,,1,10,5,,5.306633505767273,,,
WORKER_RELOC,,1,10,6,,7.107159104536411,,,
WORKER_RELOC,,1,10,7,,7.117934399619797,,,
WORKER_RELOC,,1,10,8,,4.415028034371983,,,
WORKER_RELOC,,1,10,9,,5.643100829058387,,,
WORKER_RELOC,,1,10,10,,0.0,,,
WORKER_RELOC,,1,10,11,,3.5167661681958147,,,
WORKER_RELOC,,1,11,0,,7.302772714182527,,,
WORKER_RELOC,,1,11,1,,7.188401811120714,,,
WORKER_RELOC,,1,11,2,,6.50482630403776,,,
WORKER_RELOC,,1,11,3,,6.990786620003233,,,
WORKER_RELOC,,1,11,4,,4.614225800029936,,,
WORKER_RELOC,,1,11,5,,6.536933491354188,,,
WORKER_RELOC,,1,11,6,,7.267783137023129,,,
WORKER_RELOC,,1,11,7,,4.645499545046302,,,
WORKER_RELOC,,1,11,8,,3.1689239522127988,,,
WORKER_RELOC,,1,11,9,,6.296215994994158,,,
WORKER_RELOC,,1,11,10,,4.818423303889261,,,
WORKER_RELOC,,1,11,11,,0.0,,,
WORKER_RELOC,,2,0,0,,0.0,,,
WORKER_RELOC,,2,0,1,,5.212712554186146,,,
WORKER_RELOC,,2,0,2,,4.8492730250992615,,,
WORKER_RELOC,,2,0,3,,5.458041007235119,,,
WORKER_RELOC,,2,0,4,,5.919064685018428,,,
WORKER_RELOC,,2,0,5,,7.86091259841152,,,
WORKER_RELOC,,2,0,6,,6.658850928682179,,,
WORKER_RELOC,,2,0,7,,7.957142131500386,,,
WORKER_RELOC,,2,0,8,,3.510457361550476,,,
WORKER_RELOC,,2,0,9,,4.644426624057136,,,
WORKER_RELOC,,2,0,10,,3.149872681924943,,,
WORKER_RELOC,,2,0,11,,5.042909344206899,,,
WORKER_RELOC,,2,1,0,,6.070437935539378,,,
WORKER_RELOC,,2,1,1,,0.0,,,
WORKER_RELOC,,2,1,2,,2.1860593490580795,,,
WORKER_RELOC,,2,1,3,,5.168603844974504,,,
WORKER_RELOC,,2,1,4,,6.33115104171549,,,
WORKER_RELOC,,2,1,5,,6.080725410019522,,,
WORKER_RELOC,,2,1,6,,5.2692272972631615,,,
WORKER_RELOC,,2,1,7,,5.667561859469972,,,
WORKER_RELOC,,2,1,8,,6.492829900069776,,,
WORKER_RELOC,,2,1,9,,5.651589310864626,,,
WORKER_RELOC,,2,1,10,,7.689470145920504,,,
WORKER_RELOC,,2,1,11,,4.664807709702996,,,
WORKER_RELOC,,2,2,0,,7.595511546802812,,,
WORKER_RELOC,,2,2,1,,2.1543655874425602,,,
WORKER_RELOC,,2,2,2,,0.0,,,
WORKER_RELOC,,2,2,3,,6.470486665246016,,,
WORKER_RELOC,,2,2,4,,6.018697174426636,,,
WORKER_RELOC,,2,2,5,,7.470478234735512,,,
WORKER_RELOC,,2,2,6,,5.6772270183874305,,,
WORKER_RELOC,,2,2,7,,6.190671729978101,,,
WORKER_RELOC,,2,2,8,,6.940571546067817,,,
WORKER_RELOC,,2,2,9,,4.086581200816664,,,
WORKER_RELOC,,2,2,10,,6.454490446526752,,,
WORKER_RELOC,,2,2,11,,5.831296517408228,,,
WORKER_RELOC,,2,3,0,,6.2632748264090825,,,
WORKER_RELOC,,2,3,1,,5.254959370238654,,,
WORKER_RELOC,,2,3,2,,6.027574208879091,,,
WORKER_RELOC,,2,3,3,,0.0,,,
WORKER_RELOC,,2,3,4,,6.815777197097889,,,
WORKER_RELOC,,2,3,5,,3.2957556901228005,,,
WORKER_RELOC,,2,3,6,,5.614494149402512,,,
WORKER_RELOC,,2,3,7,,5.903675855349295,,,
WORKER_RELOC,,2,3,8,,6.126157414586027,,,
WORKER_RELOC,,2,3,9,,7.377965897972489,,,
WORKER_RELOC,,2,3,10,,7.67583934751299,,,
WORKER_RELOC,,2,3,11,,7.314558583066178,,,
WORKER_RELOC,,2,4,0,,5.646229526713609,,,
WORKER_RELOC,,2,4,1,,5.443852749769617,,,
WORKER_RELOC,,2,4,2,,3.8648924956501682,,,
WORKER_RELOC,,2,4,3,,7.8111296302446425,,,
WORKER_RELOC,,2,4,4,,0.0,,,
WORKER_RELOC,,2,4,5,,2.1396002738080533,,,
WORKER_RELOC,,2,4,6,,7.695654838164102,,,
WORKER_RELOC,,2,4,7,,7.7913873516318874,,,
WORKER_RELOC,,2,4,8,,6.445556741667632,,,
WORKER_RELOC,,2,4,9,,6.292004081428232,,,
WORKER_RELOC,,2,4,10,,5.79332465337063,,,
WORKER_RELOC,,2,4,11,,6.685147199843652,,,
WORKER_RELOC,,2,5,0,,7.5417811240971355,,,
WORKER_RELOC,,2,5,1,,5.593020672661046,,,
WORKER_RELOC,,2,5,2,,5.298090011276214,,,
WORKER_RELOC,,2,5,3,,3.3483349116950634,,,
WORKER_RELOC,,2,5,4,,1.4879834031149564,,,
WORKER_RELOC,,2,5,5,,0.0,,,
WORKER_RELOC,,2,5,6,,6.413134952472611,,,
WORKER_RELOC,,2,5,7,,7.215548142467223,,,
WORKER_RELOC,,2,5,8,,3.813331994826145,,,
WORKER_RELOC,,2,5,9,,5.930763882789338,,,
WORKER_RELOC,,2,5,10,,7.809588976499956,,,
WORKER_RELOC,,2,5,11,,3.9507288615931992,,,
WORKER_RELOC,,2,6,0,,6.030247291102755,,,
WORKER_RELOC,,2,6,1,,4.285543377665738,,,
WORKER_RELOC,,2,6,2,,6.115340998958514,,,
WORKER_RELOC,,2,6,3,,4.021448086768265,,,
WORKER_RELOC,,2,6,4,,4.609466046315344,,,
WORKER_RELOC,,2,6,5,,3.214501097106626,,,
WORKER_RELOC,,2,6,6,,0.0,,,
WORKER_RELOC,,2,6,7,,1.3906996519751158,,,
WORKER_RELOC,,2,6,8,,5.628367218296934,,,
WORKER_RELOC,,2,6,9,,3.4051933101445613,,,
WORKER_RELOC,,2,6,10,,7.754945300684222,,,
WORKER_RELOC,,2,6,11,,6.235595550080544,,,
WORKER_RELOC,,2,7,0,,6.322831129990211,,,
WORKER_RELOC,,2,7,1,,3.3540477013140144,,,
WORKER_RELOC,,2,7,2,,3.368444470182247,,,
WORKER_RELOC,,2,7,3,,6.57239419749222,,,
WORKER_RELOC,,2,7,4,,4.239311234068191,,,
WORKER_RELOC,,2,7,5,,7.222497969515385,,,
WORKER_RELOC,,2,7,6,,2.3622718603620463,,,
WORKER_RELOC,,2,7,7,,0.0,,,
WORKER_RELOC,,2,7,8,,6.578977071388271,,,
WORKER_RELOC,,2,7,9,,7.157948811387284,,,
WORKER_RELOC,,2,7,10,,7.312812952542347,,,
WORKER_RELOC,,2,7,11,,5.723141037559843,,,
WORKER_RELOC,,2,8,0,,3.4706603489947976,,,
WORKER_RELOC,,2,8,1,,3.9794072632661397,,,
WORKER_RELOC,,2,8,2,,7.751076811146849,,,
WORKER_RELOC,,2,8,3,,4.630413364717626,,,
WORKER_RELOC,,2,8,4,,3.0289066088343573,,,
WORKER_RELOC,,2,8,5,,6.225896900152623,,,
WORKER_RELOC,,2,8,6,,4.236646393736091,,,
WORKER_RELOC,,2,8,7,,3.1490100409308184,,,
WORKER_RELOC,,2,8,8,,0.0,,,
WORKER_RELOC,,2,8,9,,1.0544497781434459,,,
WORKER_RELOC,,2,8,10,,5.282107423797317,,,
WORKER_RELOC,,2,8,11,,4.353707270048289,,,
WORKER_RELOC,,2,9,0,,3.1542257385306915,,,
WORKER_RELOC,,2,9,1,,7.254620318179631,,,
WORKER_RELOC,,2,9,2,,5.191133018632849,,,
WORKER_RELOC,,2,9,3,,6.8582559324629315,,,
WORKER_RELOC,,2,9,4,,7.19351109785034,,,
WORKER_RELOC,,2,9,5,,7.44193730123676,,,
WORKER_RELOC,,2,9,6,,7.214649155017175,,,
WORKER_RELOC,,2,9,7,,6.11248382946939,,,
WORKER_RELOC,,2,9,8,,1.9732263429400896,,,
WORKER_RELOC,,2,9,9,,0.0,,,
WORKER_RELOC,,2,9,10,,3.763076119693701,,,
WORKER_RELOC,,2,9,11,,3.393731263631538,,,
WORKER_RELOC,,2,10,0,,6.910981781691662,,,
WORKER_RELOC,,2,10,1,,7.0989868591689484,,,
WORKER_RELOC,,2,10,2,,7.361648928094689,,,
WORKER_RELOC,,2,10,3,,6.738807858940827,,,
WORKER_RELOC,,2,10,4,,5.109573901454519,,,
WORKER_RELOC,,2,10,5,,6.437049100607102,,,
WORKER_RELOC,,2,10,6,,6.154498377690268,,,
WORKER_RELOC,,2,10,7,,5.49964714131426,,,
WORKER_RELOC,,2,10,8,,6.242982635853987,,,
WORKER_RELOC,,2,10,9,,5.679391349236258,,,
WORKER_RELOC,,2,10,10,,0.0,,,
WORKER_RELOC,,2,10,11,,6.372368816162988,,,
WORKER_RELOC,,2,11,0,,7.0929636138046135,,,
WORKER_RELOC,,2,11,1,,7.653774971726989,,,
WORKER_RELOC,,2,11,2,,5.674641989586261,,,
WORKER_RELOC,,2,11,3,,3.718789811339664,,,
WORKER_RELOC,,2,11,4,,3.101439325719687,,,
WORKER_RELOC,,2,11,5,,4.057429626089565,,,
WORKER_RELOC,,2,11,6,,4.184924188941295,,,
WORKER_RELOC,,2,11,7,,7.51446247605969,,,
WORKER_RELOC,,2,11,8,,4.586609743302406,,,
WORKER_RELOC,,2,11,9,,4.39608001916721,,,
WORKER_RELOC,,2,11,10,,6.435463695872247,,,
WORKER_RELOC,,2,11,11,,0.0,,,
WORKER_RELOC,,3,0,0,,0.0,,,
WORKER_RELOC,,3,0,1,,6.603197120645319,,,
WORKER_RELOC,,3,0,2,,7.8044543238142605,,,
WORKER_RELOC,,3,0,3,,5.883466644464157,,,
WORKER_RELOC,,3,0,4,,6.903010770692531,,,
WORKER_RELOC,,3,0,5,,7.960498378214671,,,
WORKER_RELOC,,3,0,6,,3.367626626385163,,,
WORKER_RELOC,,3,0,7,,3.5762390652566642,,,
WORKER_RELOC,,3,0,8,,5.0968947986729525,,,
WORKER_RELOC,,3,0,9,,5.154237213362027,,,
WORKER_RELOC,,3,0,10,,6.539402303746613,,,
WORKER_RELOC,,3,0,11,,4.092467450242701,,,
WORKER_RELOC,,3,1,0,,3.0964451671346644,,,
WORKER_RELOC,,3,1,1,,0.0,,,
WORKER_RELOC,,3,1,2,,1.5351285617416983,,,
WORKER_RELOC,,3,1,3,,6.731817603472918,,,
WORKER_RELOC,,3,1,4,,6.2433670874668685,,,
WORKER_RELOC,,3,1,5,,6.373642310306984,,,
WORKER_RELOC,,3,1,6,,3.9403837926032956,,,
WORKER_RELOC,,3,1,7,,5.7450923626790225,,,
WORKER_RELOC,,3,1,8,,7.101060192412567,,,
WORKER_RELOC,,3,1,9,,7.275618335320881,,,
WORKER_RELOC,,3,1,10,,4.4913314672805456,,,
WORKER_RELOC,,3,1,11,,3.97208522401169,,,
WORKER_RELOC,,3,2,0,,3.98797280354314,,,
WORKER_RELOC,,3,2,1,,1.7291867706142123,,,
WORKER_RELOC,,3,2,2,,0.0,,,
WORKER_RELOC,,3,2,3,,7.296920215127249,,,
WORKER_RELOC,,3,2,4,,4.285455295772481,,,
WORKER_RELOC,,3,2,5,,6.988019376908101,,,
WORKER_RELOC,,3,2,6,,5.776760734554986,,,
WORKER_RELOC,,3,2,7,,6.2368555709092695,,,
WORKER_RELOC,,3,2,8,,3.57789711064801,,,
WORKER_RELOC,,3,2,9,,7.6553342596108545,,,
WORKER_RELOC,,3,2,10,,4.855977079250309,,,
WORKER_RELOC,,3,2,11,,6.441828662620269,,,
WORKER_RELOC,,3,3,0,,6.066828196638688,,,
WORKER_RELOC,,3,3,1,,4.047748191380928,,,
WORKER_RELOC,,3,3,2,,6.648474678196774,,,
WORKER_RELOC,,3,3,3,,0.0,,,
WORKER_RELOC,,3,3,4,,5.0548724909650185,,,
WORKER_RELOC,,3,3,5,,3.3117900139803687,,,
WORKER_RELOC,,3,3,6,,6.219724972128362,,,
WORKER_RELOC,,3,3,7,,6.901219796484726,,,
WORKER_RELOC,,3,3,8,,5.894601554454743,,,
WORKER_RELOC,,3,3,9,,6.799562400784819,,,
WORKER_RELOC,,3,3,10,,3.2723029088262314,,,
WORKER_RELOC,,3,3,11,,4.786107349680895,,,
WORKER_RELOC,,3,4,0,,4.895944996069597,,,
WORKER_RELOC,,3,4,1,,3.904878258969632,,,
WORKER_RELOC,,3,4,2,,4.4828586127158285,,,
WORKER_RELOC,,3,4,3,,5.984146625213457,,,
WORKER_RELOC,,3,4,4,,0.0,,,
WORKER_RELOC,,3,4,5,,1.098616839562852,,,
WORKER_RELOC,,3,4,6,,4.973075774525547,,,
WORKER_RELOC,,3,4,7,,4.769168665141332,,,
WORKER_RELOC,,3,4,8,,3.1798067869499347,,,
WORKER_RELOC,,3,4,9,,6.3507578177391215,,,
WORKER_RELOC,,3,4,10,,5.404609328278764,,,
WORKER_RELOC,,3,4,11,,5.815449622147632,,,
WORKER_RELOC,,3,5,0,,5.01040079237859,,,
WORKER_RELOC,,3,5,1,,6.412253511540147,,,
WORKER_RELOC,,3,5,2,,7.2127866447976725,,,
WORKER_RELOC,,3,5,3,,7.73732428514143,,,
WORKER_RELOC,,3,5,4,,2.553805084639021,,,
WORKER_RELOC,,3,5,5,,0.0,,,
WORKER_RELOC,,3,5,6,,3.088707814967371,,,
WORKER_RELOC,,3,5,7,,6.133699143000775,,,
WORKER_RELOC,,3,5,8,,7.167379556167689,,,
WORKER_RELOC,,3,5,9,,6.0795671853489,,,
WORKER_RELOC,,3,5,10,,4.5961389301518025,,,
WORKER_RELOC,,3,5,11,,5.419785792691066,,,
WORKER_RELOC,,3,6,0,,4.2036354039502974,,,
WORKER_RELOC,,3,6,1,,4.438128459717163,,,
WORKER_RELOC,,3,6,2,,7.540577561210821,,,
WORKER_RELOC,,3,6,3,,3.4055236502992403,,,
WORKER_RELOC,,3,6,4,,3.7903768415427557,,,
WORKER_RELOC,,3,6,5,,6.462250578141175,,,
WORKER_RELOC,,3,6,6,,0.0,,,
WORKER_RELOC,,3,6,7,,2.0861260897132485,,,
WORKER_RELOC,,3,6,8,,6.416786245931844,,,
WORKER_RELOC,,3,6,9,,4.193899717570686,,,
WORKER_RELOC,,3,6,10,,4.566227429123187,,,
WORKER_RELOC,,3,6,11,,4.065356604249663,,,
WORKER_RELOC,,3,7,0,,5.475402960003509,,,
WORKER_RELOC,,3,7,1,,7.350155322820306,,,
WORKER_RELOC,,3,7,2,,6.071351911696959,,,
WORKER_RELOC,,3,7,3,,3.033266422303306,,,
WORKER_RELOC,,3,7,4,,3.5638297716593206,,,
WORKER_RELOC,,3,7,5,,4.492455011256734,,,
WORKER_RELOC,,3,7,6,,1.9758884274631097,,,
WORKER_RELOC,,3,7,7,,0.0,,,
WORKER_RELOC,,3,7,8,,3.088456762867028,,,
WORKER_RELOC,,3,7,9,,4.278430800647207,,,
WORKER_RELOC,,3,7,10,,7.571549262700847,,,
WORKER_RELOC,,3,7,11,,6.877860344457251,,,
WORKER_RELOC,,3,8,0,,3.042688075575829,,,
WORKER_RELOC,,3,8,1,,5.141728942324493,,,
WORKER_RELOC,,3,8,2,,4.533311609932513,,,
WORKER_RELOC,,3,8,3,,7.573955146430006,,,
WORKER_RELOC,,3,8,4,,7.171502322054238,,,
WORKER_RELOC,,3,8,5,,6.465997252189121,,,
WORKER_RELOC,,3,8,6,,4.487973241372015,,,
WORKER_RELOC,,3,8,7,,6.356886532605845,,,
WORKER_RELOC,,3,8,8,,0.0,,,
WORKER_RELOC,,3,8,9,,1.5153091443482425,,,
WORKER_RELOC,,3,8,10,,4.933935123656083,,,
WORKER_RELOC,,3,8,11,,6.508312743059318,,,
WORKER_RELOC,,3,9,0,,7.3107599297532415,,,
WORKER_RELOC,,3,9,1,,6.9333544593023255,,,
WORKER_RELOC,,3,9,2,,4.123659106626391,,,
WORKER_RELOC,,3,9,3,,7.334244328688516,,,
WORKER_RELOC,,3,9,4,,7.961157732927895,,,
WORKER_RELOC,,3,9,5,,7.1811666874203475,,,
WORKER_RELOC,,3,9,6,,3.090567365599283,,,
WORKER_RELOC,,3,9,7,,3.3592392954519887,,,
WORKER_RELOC,,3,9,8,,1.4503263662117636,,,
WORKER_RELOC,,3,9,9,,0.0,,,
WORKER_RELOC,,3,9,10,,7.531321930270956,,,
WORKER_RELOC,,3,9,11,,4.978865734415084,,,
WORKER_RELOC,,3,10,0,,6.600133664609931,,,
WORKER_RELOC,,3,10,1,,5.654586021328072,,,
WORKER_RELOC,,3,10,2,,4.880323560440091,,,
WORKER_RELOC,,3,10,3,,6.411521650144822,,,
WORKER_RELOC,,3,10,4,,5.850744487282042,,,
WORKER_RELOC,,3,10,5,,3.792612036969108,,,
WORKER_RELOC,,3,10,6,,4.303791055527172,,,
WORKER_RELOC,,3,10,7,,3.051874123025284,,,
WORKER_RELOC,,3,10,8,,3.6180694166039085,,,
WORKER_RELOC,,3,10,9,,6.973246225173233,,,
WORKER_RELOC,,3,10,10,,0.0,,,
WORKER_RELOC,,3,10,11,,4.7418175410816366,,,
WORKER_RELOC,,3,11,0,,3.0246751095335345,,,
WORKER_RELOC,,3,11,1,,7.5508728792710755,,,
WORKER_RELOC,,3,11,2,,7.842934500378662,,,
WORKER_RELOC,,3,11,3,,4.099450393973372,,,
WORKER_RELOC,,3,11,4,,4.473453937491505,,,
WORKER_RELOC,,3,11,5,,5.7107507691488175,,,
WORKER_RELOC,,3,11,6,,6.3445024325791906,,,
WORKER_RELOC,,3,11,7,,7.192035688418419,,,
WORKER_RELOC,,3,11,8,,4.524842249555173,,,
WORKER_RELOC,,3,11,9,,5.38470487676929,,,
WORKER_RELOC,,3,11,10,,3.6037801026926397,,,
WORKER_RELOC,,3,11,11,,0.0,,,
WORKER_RELOC,,4,0,0,,0.0,,,
WORKER_RELOC,,4,0,1,,6.042613734200111,,,
WORKER_RELOC,,4,0,2,,4.540654966541661,,,
WORKER_RELOC,,4,0,3,,3.442464553127748,,,
WORKER_RELOC,,4,0,4,,6.6621996181579775,,,
WORKER_RELOC,,4,0,5,,7.866197289206698,,,
WORKER_RELOC,,4,0,6,,7.823968072626287,,,
WORKER_RELOC,,4,0,7,,5.855003384250514,,,
WORKER_RELOC,,4,0,8,,7.86477395845856,,,
WORKER_RELOC,,4,0,9,,6.964313936964901,,,
WORKER_RELOC,,4,0,10,,5.5094799142880575,,,
WORKER_RELOC,,4,0,11,,4.3149904721493355,,,
WORKER_RELOC,,4,1,0,,3.3508199841988975,,,
WORKER_RELOC,,4,1,1,,0.0,,,
WORKER_RELOC,,4,1,2,,2.5662861177593026,,,
WORKER_RELOC,,4,1,3,,4.583999018657832,,,
WORKER_RELOC,,4,1,4,,3.2577489584061605,,,
WORKER_RELOC,,4,1,5,,5.299025766687789,,,
WORKER_RELOC,,4,1,6,,3.70299292663736,,,
WORKER_RELOC,,4,1,7,,7.456952945036018,,,
WORKER_RELOC,,4,1,8,,7.10923949757798,,,
WORKER_RELOC,,4,1,9,,7.722388043516709,,,
WORKER_RELOC,,4,1,10,,5.6358527239345,,,
WORKER_RELOC,,4,1,11,,3.6186973742355404,,,
WORKER_RELOC,,4,2,0,,3.819947094730646,,,
WORKER_RELOC,,4,2,1,,2.3576351499823027,,,
WORKER_RELOC,,4,2,2,,0.0,,,
WORKER_RELOC,,4,2,3,,5.606925407123222,,,
WORKER_RELOC,,4,2,4,,4.158290309786958,,,
WORKER_RELOC,,4,2,5,,4.3862020209841575,,,
WORKER_RELOC,,4,2,6,,4.161197046121753,,,
WORKER_RELOC,,4,2,7,,3.3725870314508266,,,
WORKER_RELOC,,4,2,8,,7.145473631146611,,,
WORKER_RELOC,,4,2,9,,7.592605283940695,,,
WORKER_RELOC,,4,2,10,,3.2731337713451802,,,
WORKER_RELOC,,4,2,11,,6.512347674033438,,,
WORKER_RELOC,,4,3,0,,6.991897282213068,,,
WORKER_RELOC,,4,3,1,,3.8400065681517486,,,
WORKER_RELOC,,4,3,2,,3.723860817550255,,,
WORKER_RELOC,,4,3,3,,0.0,,,
WORKER_RELOC,,4,3,4,,4.134748146044213,,,
WORKER_RELOC,,4,3,5,,5.050974965278071,,,
WORKER_RELOC,,4,3,6,,6.39674885931456,,,
WORKER_RELOC,,4,3,7,,4.986527499374759,,,
WORKER_RELOC,,4,3,8,,3.391476015902526,,,
WORKER_RELOC,,4,3,9,,3.744968286296504,,,
WORKER_RELOC,,4,3,10,,7.985712574436578,,,
WORKER_RELOC,,4,3,11,,7.209794529256477,,,
WORKER_RELOC,,4,4,0,,6.56384788338547,,,
WORKER_RELOC,,4,4,1,,3.882541626476768,,,
WORKER_RELOC,,4,4,2,,3.054096316253074,,,
WORKER_RELOC,,4,4,3,,5.502583180691545,,,
WORKER_RELOC,,4,4,4,,0.0,,,
WORKER_RELOC,,4,4,5,,1.77309168395162,,,
WORKER_RELOC,,4,4,6,,3.5451911290699134,,,
WORKER_RELOC,,4,4,7,,3.4099893318014454,,,
WORKER_RELOC,,4,4,8,,4.187146289802139,,,
WORKER_RELOC,,4,4,9,,7.90495755328184,,,
WORKER_RELOC,,4,4,10,,7.128397037810265,,,
WORKER_RELOC,,4,4,11,,4.149204176243375,,,
WORKER_RELOC,,4,5,0,,3.1785099828220575,,,
WORKER_RELOC,,4,5,1,,6.829365614119414,,,
WORKER_RELOC,,4,5,2,,7.444066194796999,,,
WORKER_RELOC,,4,5,3,,6.2902752589833035,,,
WORKER_RELOC,,4,5,4,,1.4103601326940318,,,
WORKER_RELOC,,4,5,5,,0.0,,,
WORKER_RELOC,,4,5,6,,5.031502029716993,,,
WORKER_RELOC,,4,5,7,,6.923327236948575,,,
WORKER_RELOC,,4,5,8,,6.138100487863986,,,
WORKER_RELOC,,4,5,9,,3.002022918000592,,,
WORKER_RELOC,,4,5,10,,4.1970404440497715,,,
WORKER_RELOC,,4,5,11,,4.815858782660628,,,
WORKER_RELOC,,4,6,0,,4.802187286643438,,,
WORKER_RELOC,,4,6,1,,4.25002626123433,,,
WORKER_RELOC,,4,6,2,,5.972189980609588,,,
WORKER_RELOC,,4,6,3,,5.412950593585885,,,
WORKER_RELOC,,4,6,4,,4.484080666769836,,,
WORKER_RELOC,,4,6,5,,3.7478840854661044,,,
WORKER_RELOC,,4,6,6,,0.0,,,
WORKER_RELOC,,4,6,7,,1.5702516428707087,,,
WORKER_RELOC,,4,6,8,,6.8206656994969945,,,
WORKER_RELOC,,4,6,9,,7.680108965212079,,,
WORKER_RELOC,,4,6,10,,5.865623208051066,,,
WORKER_RELOC,,4,6,11,,4.5581686195880415,,,
WORKER_RELOC,,4,7,0,,3.8791069732284864,,,
WORKER_RELOC,,4,7,1,,6.326303944472544,,,
WORKER_RELOC,,4,7,2,,5.035882439239058,,,
WORKER_RELOC,,4,7,3,,5.638728620833443,,,
WORKER_RELOC,,4,7,4,,7.935210146094392,,,
WORKER_RELOC,,4,7,5,,3.4876413657438077,,,
WORKER_RELOC,,4,7,6,,2.446740690884292,,,
WORKER_RELOC,,4,7,7,,0.0,,,
WORKER_RELOC,,4,7,8,,5.06285339457196,,,
WORKER_RELOC,,4,7,9,,3.7452252835073185,,,
WORKER_RELOC,,4,7,10,,5.8643824718732995,,,
WORKER_RELOC,,4,7,11,,7.6673673785399155,,,
WORKER_RELOC,,4,8,0,,6.540342510273012,,,
WORKER_RELOC,,4,8,1,,5.340655350695253,,,
WORKER_RELOC,,4,8,2,,6.503836429640549,,,
WORKER_RELOC,,4,8,3,,6.1144802671737235,,,
WORKER_RELOC,,4,8,4,,5.556103941530769,,,
WORKER_RELOC,,4,8,5,,3.456351291884069,,,
WORKER_RELOC,,4,8,6,,4.335548104524677,,,
WORKER_RELOC,,4,8,7,,3.9126112622826943,,,
WORKER_RELOC,,4,8,8,,0.0,,,
WORKER_RELOC,,4,8,9,,1.1445795751323853,,,
WORKER_RELOC,,4,8,10,,6.934883620527512,,,
WORKER_RELOC,,4,8,11,,5.102224406410876,,,
WORKER_RELOC,,4,9,0,,7.693525365683777,,,
WORKER_RELOC,,4,9,1,,5.057306744353416,,,
WORKER_RELOC,,4,9,2,,4.718427993072538,,,
WORKER_RELOC,,4,9,3,,5.934530281495963,,,
WORKER_RELOC,,4,9,4,,5.1182133256558355,,,
WORKER_RELOC,,4,9,5,,6.365460972248968,,,
WORKER_RELOC,,4,9,6,,4.482885078033276,,,
WORKER_RELOC,,4,9,7,,3.0085551670202113,,,
WORKER_RELOC,,4,9,8,,1.0848614806170067,,,
WORKER_RELOC,,4,9,9,,0.0,,,
WORKER_RELOC,,4,9,10,,6.974289684795476,,,
WORKER_RELOC,,4,9,11,,5.262201753932435,,,
WORKER_RELOC,,4,10,0,,3.9079596267612535,,,
WORKER_RELOC,,4,10,1,,5.417926609672461,,,
WORKER_RELOC,,4,10,2,,3.7908398487313844,,,
WORKER_RELOC,,4,10,3,,7.333016414152621,,,
WORKER_RELOC,,4,10,4,,5.07729840888981,,,
WORKER_RELOC,,4,10,5,,5.839496272178664,,,
WORKER_RELOC,,4,10,6,,5.712221290376999,,,
WORKER_RELOC,,4,10,7,,7.55715457661238,,,
WORKER_RELOC,,4,10,8,,6.253695675541312,,,
WORKER_RELOC,,4,10,9,,4.534402710376922,,,
WORKER_RELOC,,4,10,10,,0.0,,,
WORKER_RELOC,,4,10,11,,6.890646304458446,,,
WORKER_RELOC,,4,11,0,,5.472451615758947,,,
WORKER_RELOC,,4,11,1,,6.846884818584917,,,
WORKER_RELOC,,4,11,2,,5.679388131952563,,,
WORKER_RELOC,,4,11,3,,5.881332232700062,,,
WORKER_RELOC,,4,11,4,,3.7260668501343575,,,
WORKER_RELOC,,4,11,5,,7.536916709503994,,,
WORKER_RELOC,,4,11,6,,5.80658315694982,,,
WORKER_RELOC,,4,11,7,,5.658742839395137,,,
WORKER_RELOC,,4,11,8,,6.051297155498569,,,
WORKER_RELOC,,4,11,9,,6.619131626133827,,,
WORKER_RELOC,,4,11,10,,5.431257622556142,,,
WORKER_RELOC,,4,11,11,,0.0,,,
WORKER_RELOC,,5,0,0,,0.0,,,
WORKER_RELOC,,5,0,1,,5.045933075072124,,,
WORKER_RELOC,,5,0,2,,5.197348566579066,,,
WORKER_RELOC,,5,0,3,,5.805777432161228,,,
WORKER_RELOC,,5,0,4,,6.653375606637698,,,
WORKER_RELOC,,5,0,5,,3.8309405554981772,,,
WORKER_RELOC,,5,0,6,,6.501564653398421,,,
WORKER_RELOC,,5,0,7,,4.107779482575731,,,
WORKER_RELOC,,5,0,8,,4.2118384657625425,,,
WORKER_RELOC,,5,0,9,,6.020633880242836,,,
WORKER_RELOC,,5,0,10,,3.9998569178853094,,,
WORKER_RELOC,,5,0,11,,5.019486902607787,,,
WORKER_RELOC,,5,1,0,,5.12108301968758,,,
WORKER_RELOC,,5,1,1,,0.0,,,
WORKER_RELOC,,5,1,2,,1.6177646841726094,,,
WORKER_RELOC,,5,1,3,,7.719363867035652,,,
WORKER_RELOC,,5,1,4,,4.8085685611882205,,,
WORKER_RELOC,,5,1,5,,6.314092340137832,,,
WORKER_RELOC,,5,1,6,,3.395164886269355,,,
WORKER_RELOC,,5,1,7,,7.8656235590925165,,,
WORKER_RELOC,,5,1,8,,6.058411104332697,,,
WORKER_RELOC,,5,1,9,,5.384050081876767,,,
WORKER_RELOC,,5,1,10,,6.349151591381164,,,
WORKER_RELOC,,5,1,11,,7.2636091594476575,,,
WORKER_RELOC,,5,2,0,,5.567317007183093,,,
WORKER_RELOC,,5,2,1,,2.489994881090873,,,
WORKER_RELOC,,5,2,2,,0.0,,,
WORKER_RELOC,,5,2,3,,7.065150743878926,,,
WORKER_RELOC,,5,2,4,,4.539449689036063,,,
WORKER_RELOC,,5,2,5,,6.348596469533936,,,
WORKER_RELOC,,5,2,6,,4.070626139638671,,,
WORKER_RELOC,,5,2,7,,3.1229501436202933,,,
WORKER_RELOC,,5,2,8,,7.142156707910777,,,
WORKER_RELOC,,5,2,9,,6.8579224831004035,,,
WORKER_RELOC,,5,2,10,,5.386343121639705,,,
WORKER_RELOC,,5,2,11,,5.745952945294806,,,
WORKER_RELOC,,5,3,0,,6.734949861271604,,,
WORKER_RELOC,,5,3,1,,6.926620602427873,,,
WORKER_RELOC,,5,3,2,,6.711161504124649,,,
WORKER_RELOC,,5,3,3,,0.0,,,
WORKER_RELOC,,5,3,4,,7.501581627677408,,,
WORKER_RELOC,,5,3,5,,6.215858814680143,,,
WORKER_RELOC,,5,3,6,,7.461451338504546,,,
WORKER_RELOC,,5,3,7,,6.982343908113691,,,
WORKER_RELOC,,5,3,8,,6.756048990134801,,,
WORKER_RELOC,,5,3,9,,6.885676009969029,,,
WORKER_RELOC,,5,3,10,,6.288207086155037,,,
WORKER_RELOC,,5,3,11,,5.509057364539233,,,
WORKER_RELOC,,5,4,0,,7.641492726659241,,,
WORKER_RELOC,,5,4,1,,7.8624188933712915,,,
WORKER_RELOC,,5,4,2,,7.000635945994365,,,
WORKER_RELOC,,5,4,3,,4.967158513537039,,,
WORKER_RELOC,,5,4,4,,0.0,,,
WORKER_RELOC,,5,4,5,,1.4426538364611365,,,
WORKER_RELOC,,5,4,6,,4.451244247994303,,,
WORKER_RELOC,,5,4,7,,5.7070331021716445,,,
WORKER_RELOC,,5,4,8,,5.607522763521946,,,
WORKER_RELOC,,5,4,9,,6.435010354171109,,,
WORKER_RELOC,,5,4,10,,7.704455601209468,,,
WORKER_RELOC,,5,4,11,,6.690664918302048,,,
WORKER_RELOC,,5,5,0,,3.110428390971589,,,
WORKER_RELOC,,5,5,1,,6.367255928650994,,,
WORKER_RELOC,,5,5,2,,5.447476240431093,,,
WORKER_RELOC,,5,5,3,,5.155858694447299,,,
WORKER_RELOC,,5,5,4,,1.7889930502770488,,,
WORKER_RELOC,,5,5,5,,0.0,,,
WORKER_RELOC,,5,5,6,,5.207978200017366,,,
WORKER_RELOC,,5,5,7,,3.8219436668182234,,,
WORKER_RELOC,,5,5,8,,3.115852968695515,,,
WORKER_RELOC,,5,5,9,,5.536753732543529,,,
WORKER_RELOC,,5,5,10,,4.784558805302789,,,
WORKER_RELOC,,5,5,11,,7.082291499355249,,,
WORKER_RELOC,,5,6,0,,3.846968558319332,,,
WORKER_RELOC,,5,6,1,,3.840838216615956,,,
WORKER_RELOC,,5,6,2,,7.173120784840579,,,
WORKER_RELOC,,5,6,3,,7.653553446938702,,,
WORKER_RELOC,,5,6,4,,7.243310584602387,,,
WORKER_RELOC,,5,6,5,,4.808756878413418,,,
WORKER_RELOC,,5,6,6,,0.0,,,
WORKER_RELOC,,5,6,7,,2.7393886847897004,,,
WORKER_RELOC,,5,6,8,,4.0212302416295165,,,
WORKER_RELOC,,5,6,9,,7.576535299865982,,,
WORKER_RELOC,,5,6,10,,7.068853013115169,,,
WORKER_RELOC,,5,6,11,,5.316432244146069,,,
WORKER_RELOC,,5,7,0,,6.90628518941241,,,
WORKER_RELOC,,5,7,1,,7.620932216885097,,,
WORKER_RELOC,,5,7,2,,3.4359874917976287,,,
WORKER_RELOC,,5,7,3,,7.011844250226771,,,
WORKER_RELOC,,5,7,4,,6.151339998506666,,,
WORKER_RELOC,,5,7,5,,6.76771585282957,,,
WORKER_RELOC,,5,7,6,,1.1255984520286209,,,
WORKER_RELOC,,5,7,7,,0.0,,,
WORKER_RELOC,,5,7,8,,5.101293061149979,,,
WORKER_RELOC,,5,7,9,,6.265355245400012,,,
WORKER_RELOC,,5,7,10,,7.662987321857843,,,
WORKER_RELOC,,5,7,11,,3.6574248113453827,,,
WORKER_RELOC,,5,8,0,,3.1734797833383546,,,
WORKER_RELOC,,5,8,1,,4.180302084824664,,,
WORKER_RELOC,,5,8,2,,7.576631197679678,,,
WORKER_RELOC,,5,8,3,,7.984360969177212,,,
WORKER_RELOC,,5,8,4,,3.093752138686888,,,
WORKER_RELOC,,5,8,5,,4.7336630009961835,,,
WORKER_RELOC,,5,8,6,,7.203826848214771,,,
WORKER_RELOC,,5,8,7,,4.71864778955632,,,
WORKER_RELOC,,5,8,8,,0.0,,,
WORKER_RELOC,,5,8,9,,1.0923899108292572,,,
WORKER_RELOC,,5,8,10,,5.716838461930753,,,
WORKER_RELOC,,5,8,11,,4.128201841846483,,,
WORKER_RELOC,,5,9,0,,7.638266525346219,,,
WORKER_RELOC,,5,9,1,,4.619449080537585,,,
WORKER_RELOC,,5,9,2,,3.875909709872533,,,
WORKER_RELOC,,5,9,3,,7.564267805317027,,,
WORKER_RELOC,,5,9,4,,4.990181453356129,,,
WORKER_RELOC,,5,9,5,,7.402550223323592,,,
WORKER_RELOC,,5,9,6,,4.115838351841557,,,
WORKER_RELOC,,5,9,7,,7.348922170999529,,,
WORKER_RELOC,,5,9,8,,1.4640097228684636,,,
WORKER_RELOC,,5,9,9,,0.0,,,
WORKER_RELOC,,5,9,10,,7.493659995084939,,,
WORKER_RELOC,,5,9,11,,6.596315737588102,,,
WORKER_RELOC,,5,10,0,,6.673888885306084,,,
WORKER_RELOC,,5,10,1,,3.300263811316958,,,
WORKER_RELOC,,5,10,2,,4.012498008710825,,,
WORKER_RELOC,,5,10,3,,4.512559593502144,,,
WORKER_RELOC,,5,10,4,,7.742738950952182,,,
WORKER_RELOC,,5,10,5,,7.705641047548989,,,
WORKER_RELOC,,5,10,6,,7.870967960910772,,,
WORKER_RELOC,,5,10,7,,5.073694724103817,,,
WORKER_RELOC,,5,10,8,,4.347340416068111,,,
WORKER_RELOC,,5,10,9,,7.996158161584271,,,
WORKER_RELOC,,5,10,10,,0.0,,,
WORKER_RELOC,,5,10,11,,5.947372276707402,,,
WORKER_RELOC,,5,11,0,,7.437673652855201,,,
WORKER_RELOC,,5,11,1,,7.823160115783697,,,
WORKER_RELOC,,5,11,2,,3.751731967708264,,,
WORKER_RELOC,,5,11,3,,6.276805372106288,,,
WORKER_RELOC,,5,11,4,,6.495781046128634,,,
WORKER_RELOC,,5,11,5,,7.829516531824481,,,
WORKER_RELOC,,5,11,6,,4.4685970976528555,,,
WORKER_RELOC,,5,11,7,,3.3101517025634823,,,
WORKER_RELOC,,5,11,8,,3.37054274800642,,,
WORKER_RELOC,,5,11,9,,6.976818589554021,,,
WORKER_RELOC,,5,11,10,,7.624395525607096,,,
WORKER_RELOC,,5,11,11,,0.0,,,
WORKER_RELOC,,6,0,0,,0.0,,,
WORKER_RELOC,,6,0,1,,7.9201445755863045,,,
WORKER_RELOC,,6,0,2,,6.8395179446567695,,,
WORKER_RELOC,,6,0,3,,4.949701043558083,,,
WORKER_RELOC,,6,0,4,,4.897396861512065,,,
WORKER_RELOC,,6,0,5,,7.963222282798928,,,
WORKER_RELOC,,6,0,6,,7.797303093448791,,,
WORKER_RELOC,,6,0,7,,7.792574448925776,,,
WORKER_RELOC,,6,0,8,,3.938431324841782,,,
WORKER_RELOC,,6,0,9,,4.109665233745977,,,
WORKER_RELOC,,6,0,10,,3.801094829900344,,,
WORKER_RELOC,,6,0,11,,4.876833481010637,,,
WORKER_RELOC,,6,1,0,,4.118857210448822,,,
WORKER_RELOC,,6,1,1,,0.0,,,
WORKER_RELOC,,6,1,2,,2.062997382579889,,,
WORKER_RELOC,,6,1,3,,5.711802254559938,,,
WORKER_RELOC,,6,1,4,,7.146711385106481,,,
WORKER_RELOC,,6,1,5,,3.6610831712312457,,,
WORKER_RELOC,,6,1,6,,5.608541574972062,,,
WORKER_RELOC,,6,1,7,,7.99886243959084,,,
WORKER_RELOC,,6,1,8,,4.365211520399919,,,
WORKER_RELOC,,6,1,9,,7.52392137122346,,,
WORKER_RELOC,,6,1,10,,7.84527362528215,,,
WORKER_RELOC,,6,1,11,,6.257354540946292,,,
WORKER_RELOC,,6,2,0,,6.769289081224066,,,
WORKER_RELOC,,6,2,1,,1.8180494655539892,,,
WORKER_RELOC,,6,2,2,,0.0,,,
WORKER_RELOC,,6,2,3,,4.39712788267727,,,
WORKER_RELOC,,6,2,4,,3.9222699019237393,,,
WORKER_RELOC,,6,2,5,,7.292206343347925,,,
WORKER_RELOC,,6,2,6,,6.824400795474215,,,
WORKER_RELOC,,6,2,7,,7.227973217318086,,,
WORKER_RELOC,,6,2,8,,3.491897714732738,,,
WORKER_RELOC,,6,2,9,,7.0532101399625615,,,
WORKER_RELOC,,6,2,10,,3.185725901825159,,,
WORKER_RELOC,,6,2,11,,7.653188348244749,,,
WORKER_RELOC,,6,3,0,,5.300475046474109,,,
WORKER_RELOC,,6,3,1,,3.5910723181893025,,,
WORKER_RELOC,,6,3,2,,4.507028302923354,,,
WORKER_RELOC,,6,3,3,,0.0,,,
WORKER_RELOC,,6,3,4,,5.179012055538262,,,
WORKER_RELOC,,6,3,5,,3.801631824689093,,,
WORKER_RELOC,,6,3,6,,5.934966008958927,,,
WORKER_RELOC,,6,3,7,,5.877492207431749,,,
WORKER_RELOC,,6,3,8,,4.892743738314293,,,
WORKER_RELOC,,6,3,9,,4.3543179482818495,,,
WORKER_RELOC,,6,3,10,,6.264231581929868,,,
WORKER_RELOC,,6,3,11,,3.0058970423198597,,,
WORKER_RELOC,,6,4,0,,5.86032532987049,,,
WORKER_RELOC,,6,4,1,,7.947187255564314,,,
WORKER_RELOC,,6,4,2,,4.7847520790461076,,,
WORKER_RELOC,,6,4,3,,6.999255045116426,,,
WORKER_RELOC,,6,4,4,,0.0,,,
WORKER_RELOC,,6,4,5,,1.3292271637795252,,,
WORKER_RELOC,,6,4,6,,7.686705893142767,,,
WORKER_RELOC,,6,4,7,,5.822963473276271,,,
WORKER_RELOC,,6,4,8,,7.8995894724969755,,,
WORKER_RELOC,,6,4,9,,3.952849083100378,,,
WORKER_RELOC,,6,4,10,,6.568391246314819,,,
WORKER_RELOC,,6,4,11,,5.852837785289653,,,
WORKER_RELOC,,6,5,0,,4.881388133013754,,,
WORKER_RELOC,,6,5,1,,6.637343962968203,,,
WORKER_RELOC,,6,5,2,,6.870034624573889,,,
WORKER_RELOC,,6,5,3,,4.614915713248137,,,
WORKER_RELOC,,6,5,4,,2.467945816585588,,,
WORKER_RELOC,,6,5,5,,0.0,,,
WORKER_RELOC,,6,5,6,,7.55013708679638,,,
WORKER_RELOC,,6,5,7,,7.979140663126735,,,
WORKER_RELOC,,6,5,8,,3.7080636721546667,,,
WORKER_RELOC,,6,5,9,,7.155757025141514,,,
WORKER_RELOC,,6,5,10,,4.254270853385226,,,
WORKER_RELOC,,6,5,11,,4.938005343741866,,,
WORKER_RELOC,,6,6,0,,7.318483511035571,,,
WORKER_RELOC,,6,6,1,,5.745464468518628,,,
WORKER_RELOC,,6,6,2,,6.744936363129205,,,
WORKER_RELOC,,6,6,3,,4.235524521136558,,,
WORKER_RELOC,,6,6,4,,7.35445251780213,,,
WORKER_RELOC,,6,6,5,,5.316784135779445,,,
WORKER_RELOC,,6,6,6,,0.0,,,
WORKER_RELOC,,6,6,7,,1.1556651676543215,,,
WORKER_RELOC,,6,6,8,,5.222441917847535,,,
WORKER_RELOC,,6,6,9,,5.401145926702354,,,
WORKER_RELOC,,6,6,10,,5.897237374337461,,,
WORKER_RELOC,,6,6,11,,5.7788185378181876,,,
WORKER_RELOC,,6,7,0,,7.578981846058496,,,
WORKER_RELOC,,6,7,1,,7.378202147963101,,,
WORKER_RELOC,,6,7,2,,7.2527622596282555,,,
WORKER_RELOC,,6,7,3,,7.238383847528003,,,
WORKER_RELOC,,6,7,4,,3.8588519045649563,,,
WORKER_RELOC,,6,7,5,,7.274406278793492,,,
WORKER_RELOC,,6,7,6,,1.570419306720406,,,
WORKER_RELOC,,6,7,7,,0.0,,,
WORKER_RELOC,,6,7,8,,4.139291574201288,,,
WORKER_RELOC,,6,7,9,,3.263323459652336,,,
WORKER_RELOC,,6,7,10,,5.842974704186571,,,
WORKER_RELOC,,6,7,11,,3.821169634758181,,,
WORKER_RELOC,,6,8,0,,4.891009296858122,,,
WORKER_RELOC,,6,8,1,,5.315914319030665,,,
WORKER_RELOC,,6,8,2,,3.587973153267921,,,
WORKER_RELOC,,6,8,3,,3.709756516692815,,,
WORKER_RELOC,,6,8,4,,7.75500762369278,,,
WORKER_RELOC,,6,8,5,,6.216593947373729,,,
WORKER_RELOC,,6,8,6,,6.539206054238781,,,
WORKER_RELOC,,6,8,7,,7.467095035424553,,,
WORKER_RELOC,,6,8,8,,0.0,,,
WORKER_RELOC,,6,8,9,,1.7258965898548286,,,
WORKER_RELOC,,6,8,10,,7.021440104177999,,,
WORKER_RELOC,,6,8,11,,3.4367206151832272,,,
WORKER_RELOC,,6,9,0,,5.541617806430986,,,
WORKER_RELOC,,6,9,1,,4.571404081315526,,,
WORKER_RELOC,,6,9,2,,4.3048422385738,,,
WORKER_RELOC,,6,9,3,,3.7194243798418034,,,
WORKER_RELOC,,6,9,4,,7.6335253348164525,,,
WORKER_RELOC,,6,9,5,,5.353717034119483,,,
WORKER_RELOC,,6,9,6,,4.55897238057392,,,
WORKER_RELOC,,6,9,7,,3.3010792165962437,,,
WORKER_RELOC,,6,9,8,,1.1218919753629484,,,
WORKER_RELOC,,6,9,9,,0.0,,,
WORKER_RELOC,,6,9,10,,3.5569748247752724,,,
WORKER_RELOC,,6,9,11,,6.563524291877417,,,
WORKER_RELOC,,6,10,0,,6.250135655135821,,,
WORKER_RELOC,,6,10,1,,3.6661694361106867,,,
WORKER_RELOC,,6,10,2,,7.50100186017736,,,
WORKER_RELOC,,6,10,3,,4.68025331133836,,,
WORKER_RELOC,,6,10,4,,3.5810570351177544,,,
WORKER_RELOC,,6,10,5,,6.108826258783626,,,
WORKER_RELOC,,6,10,6,,3.107134142061703,,,
WORKER_RELOC,,6,10,7,,3.770569656631153,,,
WORKER_RELOC,,6,10,8,,7.9475430655054575,,,
WORKER_RELOC,,6,10,9,,4.099728983158561,,,
WORKER_RELOC,,6,10,10,,0.0,,,
WORKER_RELOC,,6,10,11,,7.18265239537586,,,
WORKER_RELOC,,6,11,0,,4.597032804654035,,,
WORKER_RELOC,,6,11,1,,4.057823064726586,,,
WORKER_RELOC,,6,11,2,,5.693848955960123,,,
WORKER_RELOC,,6,11,3,,6.924352284581385,,,
WORKER_RELOC,,6,11,4,,7.706749233233055,,,
WORKER_RELOC,,6,11,5,,6.154899749490278,,,
WORKER_RELOC,,6,11,6,,5.204396160540934,,,
WORKER_RELOC,,6,11,7,,5.13502290020563,,,
WORKER_RELOC,,6,11,8,,3.5219518052011693,,,
WORKER_RELOC,,6,11,9,,6.673074188341741,,,
WORKER_RELOC,,6,11,10,,3.8076294562350714,,,
WORKER_RELOC,,6,11,11,,0.0,,,
WORKER_RELOC,,7,0,0,,0.0,,,
WORKER_RELOC,,7,0,1,,5.000059177380996,,,
WORKER_RELOC,,7,0,2,,4.509672722340058,,,
WORKER_RELOC,,7,0,3,,4.062555917223968,,,
WORKER_RELOC,,7,0,4,,7.60765255646233,,,
WORKER_RELOC,,7,0,5,,6.886978799306278,,,
WORKER_RELOC,,7,0,6,,4.697601319692769,,,
WORKER_RELOC,,7,0,7,,5.5154983518668415,,,
WORKER_RELOC,,7,0,8,,7.153100600718532,,,
WORKER_RELOC,,7,0,9,,5.355312228710794,,,
WORKER_RELOC,,7,0,10,,5.36688562580418,,,
WORKER_RELOC,,7,0,11,,4.042037757629352,,,
WORKER_RELOC,,7,1,0,,6.164854952627278,,,
WORKER_RELOC,,7,1,1,,0.0,,,
WORKER_RELOC,,7,1,2,,1.8274032705431393,,,
WORKER_RELOC,,7,1,3,,7.859873303403069,,,
WORKER_RELOC,,7,1,4,,7.814119597707654,,,
WORKER_RELOC,,7,1,5,,7.370011051766426,,,
WORKER_RELOC,,7,1,6,,5.0373203158263555,,,
WORKER_RELOC,,7,1,7,,7.789971814693297,,,
WORKER_RELOC,,7,1,8,,5.26072755842319,,,
WORKER_RELOC,,7,1,9,,3.7710654975044444,,,
WORKER_RELOC,,7,1,10,,6.278895517930209,,,
WORKER_RELOC,,7,1,11,,3.1132093211409053,,,
WORKER_RELOC,,7,2,0,,3.2872320754537454,,,
WORKER_RELOC,,7,2,1,,1.509735758013683,,,
WORKER_RELOC,,7,2,2,,0.0,,,
WORKER_RELOC,,7,2,3,,5.943538817472127,,,
WORKER_RELOC,,7,2,4,,5.257344022455188,,,
WORKER_RELOC,,7,2,5,,6.52244027747138,,,
WORKER_RELOC,,7,2,6,,3.9201405943434864,,,
WORKER_RELOC,,7,2,7,,5.103499559551507,,,
WORKER_RELOC,,7,2,8,,4.957763481741635,,,
WORKER_RELOC,,7,2,9,,7.958798559540881,,,
WORKER_RELOC,,7,2,10,,5.73013919012752,,,
WORKER_RELOC,,7,2,11,,3.9463393200131835,,,
WORKER_RELOC,,7,3,0,,7.346705647897069,,,
WORKER_RELOC,,7,3,1,,5.618581738955747,,,
WORKER_RELOC,,7,3,2,,3.7798821333516597,,,
WORKER_RELOC,,7,3,3,,0.0,,,
WORKER_RELOC,,7,3,4,,5.624974823026535,,,
WORKER_RELOC,,7,3,5,,7.321781720693939,,,
WORKER_RELOC,,7,3,6,,7.502884210171349,,,
WORKER_RELOC,,7,3,7,,3.224315160325861,,,
WORKER_RELOC,,7,3,8,,4.141802920023124,,,
WORKER_RELOC,,7,3,9,,3.3435958923063183,,,
WORKER_RELOC,,7,3,10,,7.481486794821744,,,
WORKER_RELOC,,7,3,11,,7.471635935026934,,,
WORKER_RELOC,,7,4,0,,5.183239168053499,,,
WORKER_RELOC,,7,4,1,,4.353281052397349,,,
WORKER_RELOC,,7,4,2,,3.122872760069015,,,
WORKER_RELOC,,7,4,3,,5.040783420733435,,,
WORKER_RELOC,,7,4,4,,0.0,,,
WORKER_RELOC,,7,4,5,,1.677322146912937,,,
WORKER_RELOC,,7,4,6,,7.639601353879939,,,
WORKER_RELOC,,7,4,7,,4.287385247463546,,,
WORKER_RELOC,,7,4,8,,6.187612017000237,,,
WORKER_RELOC,,7,4,9,,7.911648528128473,,,
WORKER_RELOC,,7,4,10,,4.7990982504906246,,,
WORKER_RELOC,,7,4,11,,4.668085128326127,,,
WORKER_RELOC,,7,5,0,,7.314707120464198,,,
WORKER_RELOC,,7,5,1,,5.695566681049155,,,
WORKER_RELOC,,7,5,2,,3.2305785836734726,,,
WORKER_RELOC,,7,5,3,,6.378620769503211,,,
WORKER_RELOC,,7,5,4,,1.7949303303207276,,,
WORKER_RELOC,,7,5,5,,0.0,,,
WORKER_RELOC,,7,5,6,,7.757857703483326,,,
WORKER_RELOC,,7,5,7,,4.425459158272398,,,
WORKER_RELOC,,7,5,8,,4.366068011057431,,,
WORKER_RELOC,,7,5,9,,4.442186890503687,,,
WORKER_RELOC,,7,5,10,,7.0565798947394285,,,
WORKER_RELOC,,7,5,11,,6.30508802498878,,,
WORKER_RELOC,,7,6,0,,7.862055725926217,,,
WORKER_RELOC,,7,6,1,,6.619263044170785,,,
WORKER_RELOC,,7,6,2,,4.827256558178013,,,
WORKER_RELOC,,7,6,3,,6.685107526343357,,,
WORKER_RELOC,,7,6,4,,5.228735634006389,,,
WORKER_RELOC,,7,6,5,,4.912831263028378,,,
WORKER_RELOC,,7,6,6,,0.0,,,
WORKER_RELOC,,7,6,7,,2.707510791164008,,,
WORKER_RELOC,,7,6,8,,5.337281955154982,,,
WORKER_RELOC,,7,6,9,,5.399716811810832,,,
WORKER_RELOC,,7,6,10,,4.975154624053932,,,
WORKER_RELOC,,7,6,11,,5.172414687400334,,,
WORKER_RELOC,,7,7,0,,6.813282969450414,,,
WORKER_RELOC,,7,7,1,,3.5962795186458756,,,
WORKER_RELOC,,7,7,2,,7.560191453482018,,,
WORKER_RELOC,,7,7,3,,4.57103827896516,,,
WORKER_RELOC,,7,7,4,,6.285047797140551,,,
WORKER_RELOC,,7,7,5,,6.037259848506531,,,
WORKER_RELOC,,7,7,6,,1.8624121272605962,,,
WORKER_RELOC,,7,7,7,,0.0,,,
WORKER_RELOC,,7,7,8,,6.950133370322051,,,
WORKER_RELOC,,7,7,9,,6.277447323864921,,,
WORKER_RELOC,,7,7,10,,3.7365642656737887,,,
WORKER_RELOC,,7,7,11,,6.805958612637247,,,
WORKER_RELOC,,7,8,0,,4.466609597827235,,,
WORKER_RELOC,,7,8,1,,7.757212751124721,,,
WORKER_RELOC,,7,8,2,,6.336292396143476,,,
WORKER_RELOC,,7,8,3,,7.722312162020404,,,
WORKER_RELOC,,7,8,4,,6.986053544447845,,,
WORKER_RELOC,,7,8,5,,4.8574788703587135,,,
WORKER_RELOC,,7,8,6,,7.76793564168171,,,
WORKER_RELOC,,7,8,7,,4.239781972229197,,,
WORKER_RELOC,,7,8,8,,0.0,,,
WORKER_RELOC,,7,8,9,,2.5786272958575505,,,
WORKER_RELOC,,7,8,10,,6.086648182071345,,,
WORKER_RELOC,,7,8,11,,3.0236766173718053,,,
WORKER_RELOC,,7,9,0,,7.7001476424354385,,,
WORKER_RELOC,,7,9,1,,4.222824347517518,,,
WORKER_RELOC,,7,9,2,,7.742329015864344,,,
WORKER_RELOC,,7,9,3,,4.069708160736736,,,
WORKER_RELOC,,7,9,4,,4.092746870738648,,,
WORKER_RELOC,,7,9,5,,3.123036836970564,,,
WORKER_RELOC,,7,9,6,,4.241055555633327,,,
WORKER_RELOC,,7,9,7,,7.9503290057074425,,,
WORKER_RELOC,,7,9,8,,2.0852964080772303,,,
WORKER_RELOC,,7,9,9,,0.0,,,
WORKER_RELOC,,7,9,10,,3.7433417165725387,,,
WORKER_RELOC,,7,9,11,,6.430070788327112,,,
WORKER_RELOC,,7,10,0,,3.4347134299437343,,,
WORKER_RELOC,,7,10,1,,5.108555618737789,,,
WORKER_RELOC,,7,10,2,,4.541599957136521,,,
WORKER_RELOC,,7,10,3,,5.725992255729073,,,
WORKER_RELOC,,7,10,4,,5.358062514707774,,,
WORKER_RELOC,,7,10,5,,6.514028662777805,,,
WORKER_RELOC,,7,10,6,,5.1447764489002346,,,
WORKER_RELOC,,7,10,7,,4.55618306737558,,,
WORKER_RELOC,,7,10,8,,5.384335509527284,,,
WORKER_RELOC,,7,10,9,,3.3331306875774667,,,
WORKER_RELOC,,7,10,10,,0.0,,,
WORKER_RELOC,,7,10,11,,3.7543259140751335,,,
WORKER_RELOC,,7,11,0,,5.801657329190085,,,
WORKER_RELOC,,7,11,1,,7.94254798059624,,,
WORKER_RELOC,,7,11,2,,3.0892084119407572,,,
WORKER_RELOC,,7,11,3,,5.668856689855029,,,
WORKER_RELOC,,7,11,4,,6.052580584301497,,,
WORKER_RELOC,,7,11,5,,6.666044182231059,,,
WORKER_RELOC,,7,11,6,,4.038097194810323,,,
WORKER_RELOC,,7,11,7,,7.609146729788151,,,
WORKER_RELOC,,7,11,8,,7.234670247479799,,,
WORKER_RELOC,,7,11,9,,3.803617463659458,,,
WORKER_RELOC,,7,11,10,,6.731557551743941,,,
WORKER_RELOC,,7,11,11,,0.0,,,
ROBOT_RELOC,,0,0,0,,0.0,,,
ROBOT_RELOC,,0,0,1,,3.4275652757955233,,,
ROBOT_RELOC,,0,0,2,,7.612942615160604,,,
ROBOT_RELOC,,0,0,3,,7.354453907600385,,,
ROBOT_RELOC,,0,0,4,,5.339688525876556,,,
ROBOT_RELOC,,0,0,5,,4.169444312293766,,,
ROBOT_RELOC,,0,0,6,,7.561597876348559,,,
ROBOT_RELOC,,0,0,7,,5.479833843991145,,,
ROBOT_RELOC,,0,0,8,,4.357265967677614,,,
ROBOT_RELOC,,0,0,9,,7.179836116884451,,,
ROBOT_RELOC,,0,0,10,,3.4646881030325423,,,
ROBOT_RELOC,,0,0,11,,4.432416899489297,,,
ROBOT_RELOC,,0,1,0,,4.701647924130241,,,
ROBOT_RELOC,,0,1,1,,0.0,,,
ROBOT_RELOC,,0,1,2,,2.3124029258536076,,,
ROBOT_RELOC,,0,1,3,,7.671730885949099,,,
ROBOT_RELOC,,0,1,4,,5.346158583973541,,,
ROBOT_RELOC,,0,1,5,,7.996723132750775,,,
ROBOT_RELOC,,0,1,6,,3.4525395321166137,,,
ROBOT_RELOC,,0,1,7,,4.8201542755013165,,,
ROBOT_RELOC,,0,1,8,,3.439099651821411,,,
ROBOT_RELOC,,0,1,9,,5.519934082240799,,,
ROBOT_RELOC,,0,1,10,,5.433171583688434,,,
ROBOT_RELOC,,0,1,11,,6.094090924141596,,,
ROBOT_RELOC,,0,2,0,,3.2485436168405486,,,
ROBOT_RELOC,,0,2,1,,1.9297820509207633,,,
ROBOT_RELOC,,0,2,2,,0.0,,,
ROBOT_RELOC,,0,2,3,,7.9114697457100895,,,
ROBOT_RELOC,,0,2,4,,5.460269981792551,,,
ROBOT_RELOC,,0,2,5,,7.764930915877382,,,
ROBOT_RELOC,,0,2,6,,5.587696831389864,,,
ROBOT_RELOC,,0,2,7,,6.132007920180194,,,
ROBOT_RELOC,,0,2,8,,5.51406204618612,,,
ROBOT_RELOC,,0,2,9,,6.8773213566496745,,,
ROBOT_RELOC,,0,2,10,,6.798446958562932,,,
ROBOT_RELOC,,0,2,11,,3.670932890126086,,,
ROBOT_RELOC,,0,3,0,,3.652010121923101,,,
ROBOT_RELOC,,0,3,1,,5.432907148392957,,,
ROBOT_RELOC,,0,3,2,,3.8401237019244645,,,
ROBOT_RELOC,,0,3,3,,0.0,,,
ROBOT_RELOC,,0,3,4,,7.51358451941458,,,
ROBOT_RELOC,,0,3,5,,6.129290815904955,,,
ROBOT_RELOC,,0,3,6,,3.366344745706833,,,
ROBOT_RELOC,,0,3,7,,4.328097210716042,,,
ROBOT_RELOC,,0,3,8,,5.672410974409424,,,
ROBOT_RELOC,,0,3,9,,5.190566316485268,,,
ROBOT_RELOC,,0,3,10,,3.053526974475306,,,
ROBOT_RELOC,,0,3,11,,4.250005495238586,,,
ROBOT_RELOC,,0,4,0,,7.141920214364699,,,
ROBOT_RELOC,,0,4,1,,5.8723450452267585,,,
ROBOT_RELOC,,0,4,2,,3.119266325667353,,,
ROBOT_RELOC,,0,4,3,,4.199952344126306,,,
ROBOT_RELOC,,0,4,4,,0.0,,,
ROBOT_RELOC,,0,4,5,,1.9711995880652549,,,
ROBOT_RELOC,,0,4,6,,3.2266273233162,,,
ROBOT_RELOC,,0,4,7,,6.375752219132766,,,
ROBOT_RELOC,,0,4,8,,6.7148996506108585,,,
ROBOT_RELOC,,0,4,9,,5.819519240935879,,,
ROBOT_RELOC,,0,4,10,,4.267518647902859,,,
ROBOT_RELOC,,0,4,11,,4.246526978316159,,,
ROBOT_RELOC,,0,5,0,,4.899796329186365,,,
ROBOT_RELOC,,0,5,1,,3.894598623731963,,,
ROBOT_RELOC,,0,5,2,,3.0585991282260956,,,
ROBOT_RELOC,,0,5,3,,3.110053379273119,,,
ROBOT_RELOC,,0,5,4,,2.954327884895253,,,
ROBOT_RELOC,,0,5,5,,0.0,,,
ROBOT_RELOC,,0,5,6,,4.036925685161289,,,
ROBOT_RELOC,,0,5,7,,4.6979749168484695,,,
ROBOT_RELOC,,0,5,8,,4.005512190731989,,,
ROBOT_RELOC,,0,5,9,,3.726283648432859,,,
ROBOT_RELOC,,0,5,10,,5.396241254654151,,,
ROBOT_RELOC,,0,5,11,,6.890363805420373,,,
ROBOT_RELOC,,0,6,0,,5.4397588073766485,,,
ROBOT_RELOC,,0,6,1,,5.922984786543114,,,
ROBOT_RELOC,,0,6,2,,5.564902823313922,,,
ROBOT_RELOC,,0,6,3,,3.9549623548766784,,,
ROBOT_RELOC,,0,6,4,,4.110356172914205,,,
ROBOT_RELOC,,0,6,5,,6.4230211376903075,,,
ROBOT_RELOC,,0,6,6,,0.0,,,
ROBOT_RELOC,,0,6,7,,1.1140912285987126,,,
ROBOT_RELOC,,0,6,8,,7.8998037336440365,,,
ROBOT_RELOC,,0,6,9,,5.087393420243268,,,
ROBOT_RELOC,,0,6,10,,6.286716581352211,,,
ROBOT_RELOC,,0,6,11,,4.566644475545662,,,
ROBOT_RELOC,,0,7,0,,5.679336131988619,,,
ROBOT_RELOC,,0,7,1,,4.268276571868932,,,
ROBOT_RELOC,,0,7,2,,7.043528417879834,,,
ROBOT_RELOC,,0,7,3,,6.748827063987944,,,
ROBOT_RELOC,,0,7,4,,4.957385141343015,,,
ROBOT_RELOC,,0,7,5,,5.800284672783325,,,
ROBOT_RELOC,,0,7,6,,2.1211445908231337,,,
ROBOT_RELOC,,0,7,7,,0.0,,,
ROBOT_RELOC,,0,7,8,,6.749115940803578,,,
ROBOT_RELOC,,0,7,9,,6.831006362010969,,,
ROBOT_RELOC,,0,7,10,,4.570285494969539,,,
ROBOT_RELOC,,0,7,11,,3.8993303250380107,,,
ROBOT_RELOC,,0,8,0,,7.564407097183204,,,
ROBOT_RELOC,,0,8,1,,7.648159202035382,,,
ROBOT_RELOC,,0,8,2,,6.798615075761144,,,
ROBOT_RELOC,,0,8,3,,7.881296787898678,,,
ROBOT_RELOC,,0,8,4,,7.520925722715641,,,
ROBOT_RELOC,,0,8,5,,3.3687456718375866,,,
ROBOT_RELOC,,0,8,6,,4.558048051543846,,,
ROBOT_RELOC,,0,8,7,,4.632220703483737,,,
ROBOT_RELOC,,0,8,8,,0.0,,,
ROBOT_RELOC,,0,8,9,,2.169197783183801,,,
ROBOT_RELOC,,0,8,10,,3.710266698232018,,,
ROBOT_RELOC,,0,8,11,,4.9614537648665795,,,
ROBOT_RELOC,,0,9,0,,6.595033361184887,,,
ROBOT_RELOC,,0,9,1,,5.049226935137612,,,
ROBOT_RELOC,,0,9,2,,5.376505026592594,,,
ROBOT_RELOC,,0,9,3,,4.78615143211533,,,
ROBOT_RELOC,,0,9,4,,5.021015277977002,,,
ROBOT_RELOC,,0,9,5,,7.691727554773535,,,
ROBOT_RELOC,,0,9,6,,7.455466433346474,,,
ROBOT_RELOC,,0,9,7,,7.220302077558749,,,
ROBOT_RELOC,,0,9,8,,1.632745314465765,,,
ROBOT_RELOC,,0,9,9,,0.0,,,
ROBOT_RELOC,,0,9,10,,3.844880200137976,,,
ROBOT_RELOC,,0,9,11,,5.233662715390299,,,
ROBOT_RELOC,,0,10,0,,6.142465997045893,,,
ROBOT_RELOC,,0,10,1,,5.962004811338036,,,
ROBOT_RELOC,,0,10,2,,6.593015761977366,,,
ROBOT_RELOC,,0,10,3,,7.322347193324115,,,
ROBOT_RELOC,,0,10,4,,7.932089466837582,,,
ROBOT_RELOC,,0,10,5,,7.863102215296115,,,
ROBOT_RELOC,,0,10,6,,4.3995030005740805,,,
ROBOT_RELOC,,0,10,7,,3.361107178887383,,,
ROBOT_RELOC,,0,10,8,,6.623885360013356,,,
ROBOT_RELOC,,0,10,9,,6.655510188607359,,,
ROBOT_RELOC,,0,10,10,,0.0,,,
ROBOT_RELOC,,0,10,11,,3.9213574231080397,,,
ROBOT_RELOC,,0,11,0,,3.9957584976790312,,,
ROBOT_RELOC,,0,11,1,,7.933407900750861,,,
ROBOT_RELOC,,0,11,2,,6.7290018433176915,,,
ROBOT_RELOC,,0,11,3,,7.16997320102644,,,
ROBOT_RELOC,,0,11,4,,6.730449871248059,,,
ROBOT_RELOC,,0,11,5,,6.523333177870512,,,
ROBOT_RELOC,,0,11,6,,6.852040231851472,,,
ROBOT_RELOC,,0,11,7,,5.7813703389725255,,,
ROBOT_RELOC,,0,11,8,,7.352167734242687,,,
ROBOT_RELOC,,0,11,9,,3.6506392447079645,,,
ROBOT_RELOC,,0,11,10,,7.814199746942519,,,
ROBOT_RELOC,,0,11,11,,0.0,,,
ROBOT_RELOC,,1,0,0,,0.0,,,
ROBOT_RELOC,,1,0,1,,3.673716074686367,,,
ROBOT_RELOC,,1,0,2,,3.477628570434036,,,
ROBOT_RELOC,,1,0,3,,3.157260069205331,,,
ROBOT_RELOC,,1,0,4,,4.542633617102884,,,
ROBOT_RELOC,,1,0,5,,7.295043994865165,,,
ROBOT_RELOC,,1,0,6,,7.704222336844003,,,
ROBOT_RELOC,,1,0,7,,3.907461398076509,,,
ROBOT_RELOC,,1,0,8,,5.8709533489920025,,,
ROBOT_RELOC,,1,0,9,,3.1802871017848706,,,
ROBOT_RELOC,,1,0,10,,5.783375276008686,,,
ROBOT_RELOC,,1,0,11,,5.375807096596654,,,
ROBOT_RELOC,,1,1,0,,7.303066527003441,,,
ROBOT_RELOC,,1,1,1,,0.0,,,
ROBOT_RELOC,,1,1,2,,2.530653224502902,,,
ROBOT_RELOC,,1,1,3,,7.826711613201157,,,
ROBOT_RELOC,,1,1,4,,6.741551247825587,,,
ROBOT_RELOC,,1,1,5,,3.5810476317874174,,,
ROBOT_RELOC,,1,1,6,,4.362429551443955,,,
ROBOT_RELOC,,1,1,7,,4.505670789236932,,,
ROBOT_RELOC,,1,1,8,,4.030938271297503,,,
ROBOT_RELOC,,1,1,9,,5.955735081486221,,,
ROBOT_RELOC,,1,1,10,,6.7922703095581,,,
ROBOT_RELOC,,1,1,11,,7.396189504880951,,,
ROBOT_RELOC,,1,2,0,,7.3617142594488785,,,
ROBOT_RELOC,,1,2,1,,2.9923144092701897,,,
ROBOT_RELOC,,1,2,2,,0.0,,,
ROBOT_RELOC,,1,2,3,,4.865359151895805,,,
ROBOT_RELOC,,1,2,4,,3.8738276651685215,,,
ROBOT_RELOC,,1,2,5,,4.854119927087197,,,
ROBOT_RELOC,,1,2,6,,6.556987684534299,,,
ROBOT_RELOC,,1,2,7,,6.556083377373114,,,
ROBOT_RELOC,,1,2,8,,7.720529244264568,,,
ROBOT_RELOC,,1,2,9,,6.5251248197253755,,,
ROBOT_RELOC,,1,2,10,,7.705178234408289,,,
ROBOT_RELOC,,1,2,11,,7.964638190126885,,,
ROBOT_RELOC,,1,3,0,,5.513935777048337,,,
ROBOT_RELOC,,1,3,1,,7.2534363799197505,,,
ROBOT_RELOC,,1,3,2,,5.808920790330351,,,
ROBOT_RELOC,,1,3,3,,0.0,,,
ROBOT_RELOC,,1,3,4,,6.189539253336777,,,
ROBOT_RELOC,,1,3,5,,6.217589747817531,,,
ROBOT_RELOC,,1,3,6,,5.349637491379648,,,
ROBOT_RELOC,,1,3,7,,7.084071709064509,,,
ROBOT_RELOC,,1,3,8,,5.053327023080463,,,
ROBOT_RELOC,,1,3,9,,3.3868109880567463,,,
ROBOT_RELOC,,1,3,10,,4.186915297218731,,,
ROBOT_RELOC,,1,3,11,,5.605365373620094,,,
ROBOT_RELOC,,1,4,0,,6.902949426140153,,,
ROBOT_RELOC,,1,4,1,,4.55466137286929,,,
ROBOT_RELOC,,1,4,2,,7.093516593836384,,,
ROBOT_RELOC,,1,4,3,,4.848187307037922,,,
ROBOT_RELOC,,1,4,4,,0.0,,,
ROBOT_RELOC,,1,4,5,,2.714799935475449,,,
ROBOT_RELOC,,1,4,6,,4.435167399150641,,,
ROBOT_RELOC,,1,4,7,,7.231065913310833,,,
ROBOT_RELOC,,1,4,8,,3.7637245882247683,,,
ROBOT_RELOC,,1,4,9,,4.322337921943441,,,
ROBOT_RELOC,,1,4,10,,6.032421420598418,,,
ROBOT_RELOC,,1,4,11,,3.0704977324930733,,,
ROBOT_RELOC,,1,5,0,,4.476131482220158,,,
ROBOT_RELOC,,1,5,1,,4.451499863104967,,,
ROBOT_RELOC,,1,5,2,,6.430129024284004,,,
ROBOT_RELOC,,1,5,3,,7.415815446472004,,,
ROBOT_RELOC,,1,5,4,,2.5850355267528458,,,
ROBOT_RELOC,,1,5,5,,0.0,,,
ROBOT_RELOC,,1,5,6,,7.647178248168304,,,
ROBOT_RELOC,,1,5,7,,4.305845122337179,,,
ROBOT_RELOC,,1,5,8,,4.772823514061851,,,
ROBOT_RELOC,,1,5,9,,5.835759598475119,,,
ROBOT_RELOC,,1,5,10,,5.9389304893554815,,,
ROBOT_RELOC,,1,5,11,,6.644299735222953,,,
ROBOT_RELOC,,1,6,0,,5.451296273820493,,,
ROBOT_RELOC,,1,6,1,,4.795496624127884,,,
ROBOT_RELOC,,1,6,2,,3.363588140402289,,,
ROBOT_RELOC,,1,6,3,,7.113352897827872,,,
ROBOT_RELOC,,1,6,4,,3.2365601432987523,,,
ROBOT_RELOC,,1,6,5,,4.804196804407594,,,
ROBOT_RELOC,,1,6,6,,0.0,,,
ROBOT_RELOC,,1,6,7,,2.4406243880236316,,,
ROBOT_RELOC,,1,6,8,,7.107340842789905,,,
ROBOT_RELOC,,1,6,9,,4.612355826313762,,,
ROBOT_RELOC,,1,6,10,,4.020727710580298,,,
ROBOT_RELOC,,1,6,11,,6.388890411964239,,,
ROBOT_RELOC,,1,7,0,,6.0890394247887,,,
ROBOT_RELOC,,1,7,1,,7.2924612910892055,,,
ROBOT_RELOC,,1,7,2,,6.000311414913213,,,
ROBOT_RELOC,,1,7,3,,3.257109154237102,,,
ROBOT_RELOC,,1,7,4,,5.605251700131132,,,
ROBOT_RELOC,,1,7,5,,7.899325493261218,,,
ROBOT_RELOC,,1,7,6,,2.275075551794144,,,
ROBOT_RELOC,,1,7,7,,0.0,,,
ROBOT_RELOC,,1,7,8,,6.962588478320957,,,
ROBOT_RELOC,,1,7,9,,5.493121691954084,,,
ROBOT_RELOC,,1,7,10,,6.3860005115853316,,,
ROBOT_RELOC,,1,7,11,,7.755274203462364,,,
ROBOT_RELOC,,1,8,0,,6.457396800096099,,,
ROBOT_RELOC,,1,8,1,,6.038838708753913,,,
ROBOT_RELOC,,1,8,2,,3.990047458245184,,,
ROBOT_RELOC,,1,8,3,,5.616643617626037,,,
ROBOT_RELOC,,1,8,4,,4.480949238226341,,,
ROBOT_RELOC,,1,8,5,,5.07623368268249,,,
ROBOT_RELOC,,1,8,6,,3.559123498054708,,,
ROBOT_RELOC,,1,8,7,,4.216534552610139,,,
ROBOT_RELOC,,1,8,8,,0.0,,,
ROBOT_RELOC,,1,8,9,,1.179503584303441,,,
ROBOT_RELOC,,1,8,10,,6.381800573984725,,,
ROBOT_RELOC,,1,8,11,,7.8113713281947295,,,
ROBOT_RELOC,,1,9,0,,4.75928690627542,,,
ROBOT_RELOC,,1,9,1,,3.01913404331394,,,
ROBOT_RELOC,,1,9,2,,3.8664562821691133,,,
ROBOT_RELOC,,1,9,3,,6.890736066229403,,,
ROBOT_RELOC,,1,9,4,,7.70364766518804,,,
ROBOT_RELOC,,1,9,5,,3.9831961069935624,,,
ROBOT_RELOC,,1,9,6,,6.609865643608332,,,
ROBOT_RELOC,,1,9,7,,6.315861832374164,,,
ROBOT_RELOC,,1,9,8,,1.3608527049264878,,,
ROBOT_RELOC,,1,9,9,,0.0,,,
ROBOT_RELOC,,1,9,10,,5.218712640007366,,,
ROBOT_RELOC,,1,9,11,,5.343216445410452,,,
ROBOT_RELOC,,1,10,0,,6.113869085437798,,,
ROBOT_RELOC,,1,10,1,,5.323871444728924,,,
ROBOT_RELOC,,1,10,2,,3.452840760389408,,,
ROBOT_RELOC,,1,10,3,,3.233501838436831,,,
ROBOT_RELOC,,1,10,4,,7.750148729151408,,,
ROBOT_RELOC,,1,10,5,,5.913393815155903,,,
ROBOT_RELOC,,1,10,6,,7.615794778266858,,,
ROBOT_RELOC,,1,10,7,,6.1885132757754775,,,
ROBOT_RELOC,,1,10,8,,7.154269561336791,,,
ROBOT_RELOC,,1,10,9,,3.0911251537447604,,,
ROBOT_RELOC,,1,10,10,,0.0,,,
ROBOT_RELOC,,1,10,11,,3.9223362294129926,,,
ROBOT_RELOC,,1,11,0,,6.73827934387765,,,
ROBOT_RELOC,,1,11,1,,7.9301459582951175,,,
ROBOT_RELOC,,1,11,2,,3.0905464260901034,,,
ROBOT_RELOC,,1,11,3,,7.8087938843118065,,,
ROBOT_RELOC,,1,11,4,,5.88704580169067,,,
ROBOT_RELOC,,1,11,5,,7.373393021972684,,,
ROBOT_RELOC,,1,11,6,,5.318352260146851,,,
ROBOT_RELOC,,1,11,7,,6.428909513544938,,,
ROBOT_RELOC,,1,11,8,,5.337853272346756,,,
ROBOT_RELOC,,1,11,9,,3.2711215805268568,,,
ROBOT_RELOC,,1,11,10,,4.7871335812480496,,,
ROBOT_RELOC,,1,11,11,,0.0,,,
ROBOT_RELOC,,2,0,0,,0.0,,,
ROBOT_RELOC,,2,0,1,,7.620865909137249,,,
ROBOT_RELOC,,2,0,2,,5.51226936347446,,,
ROBOT_RELOC,,2,0,3,,5.556920903755481,,,
ROBOT_RELOC,,2,0,4,,7.854982776469921,,,
ROBOT_RELOC,,2,0,5,,4.667411698585463,,,
ROBOT_RELOC,,2,0,6,,5.659858109611211,,,
ROBOT_RELOC,,2,0,7,,7.6334911245617025,,,
ROBOT_RELOC,,2,0,8,,7.1037109283952935,,,
ROBOT_RELOC,,2,0,9,,3.1343815103186867,,,
ROBOT_RELOC,,2,0,10,,7.5567071581937455,,,
ROBOT_RELOC,,2,0,11,,5.452165045951624,,,
ROBOT_RELOC,,2,1,0,,7.62407554356333,,,
ROBOT_RELOC,,2,1,1,,0.0,,,
ROBOT_RELOC,,2,1,2,,1.6208505619954503,,,
ROBOT_RELOC,,2,1,3,,3.242711889532105,,,
ROBOT_RELOC,,2,1,4,,3.926150941974277,,,
ROBOT_RELOC,,2,1,5,,6.310271772504033,,,
ROBOT_RELOC,,2,1,6,,7.606347759655612,,,
ROBOT_RELOC,,2,1,7,,7.502597461597426,,,
ROBOT_RELOC,,2,1,8,,7.05273811035608,,,
ROBOT_RELOC,,2,1,9,,5.819967966299344,,,
ROBOT_RELOC,,2,1,10,,7.7707094501851985,,,
ROBOT_RELOC,,2,1,11,,6.8149504549854045,,,
ROBOT_RELOC,,2,2,0,,4.633618279847029,,,
ROBOT_RELOC,,2,2,1,,2.3656110359234743,,,
ROBOT_RELOC,,2,2,2,,0.0,,,
ROBOT_RELOC,,2,2,3,,3.055388752142302,,,
ROBOT_RELOC,,2,2,4,,3.1016109158938745,,,
ROBOT_RELOC,,2,2,5,,4.3200379998030165,,,
ROBOT_RELOC,,2,2,6,,5.3794456973586815,,,
ROBOT_RELOC,,2,2,7,,7.029523657174408,,,
ROBOT_RELOC,,2,2,8,,4.16503159744543,,,
ROBOT_RELOC,,2,2,9,,3.2015283039908065,,,
ROBOT_RELOC,,2,2,10,,5.178969257482924,,,
ROBOT_RELOC,,2,2,11,,6.874570273578943,,,
ROBOT_RELOC,,2,3,0,,4.179462983075677,,,
ROBOT_RELOC,,2,3,1,,7.2312131337062695,,,
ROBOT_RELOC,,2,3,2,,6.836863110484362,,,
ROBOT_RELOC,,2,3,3,,0.0,,,
ROBOT_RELOC,,2,3,4,,5.892867427365259,,,
ROBOT_RELOC,,2,3,5,,3.2920605213241396,,,
ROBOT_RELOC,,2,3,6,,5.982865026847513,,,
ROBOT_RELOC,,2,3,7,,6.638084034529822,,,
ROBOT_RELOC,,2,3,8,,6.5712285068707335,,,
ROBOT_RELOC,,2,3,9,,7.769517764392118,,,
ROBOT_RELOC,,2,3,10,,7.549067514403516,,,
ROBOT_RELOC,,2,3,11,,5.605146134288158,,,
ROBOT_RELOC,,2,4,0,,4.935951103899997,,,
ROBOT_RELOC,,2,4,1,,5.211518425592611,,,
ROBOT_RELOC,,2,4,2,,7.5930643211388915,,,
ROBOT_RELOC,,2,4,3,,5.463687042359767,,,
ROBOT_RELOC,,2,4,4,,0.0,,,
ROBOT_RELOC,,2,4,5,,1.9389841303584145,,,
ROBOT_RELOC,,2,4,6,,4.052443621727233,,,
ROBOT_RELOC,,2,4,7,,5.864562671906935,,,
ROBOT_RELOC,,2,4,8,,4.943535594942428,,,
ROBOT_RELOC,,2,4,9,,3.4989895577567927,,,
ROBOT_RELOC,,2,4,10,,3.485554582661019,,,
ROBOT_RELOC,,2,4,11,,3.6393702997709596,,,
ROBOT_RELOC,,2,5,0,,4.36621358876893,,,
ROBOT_RELOC,,2,5,1,,6.083346517168969,,,
ROBOT_RELOC,,2,5,2,,3.389899496580818,,,
ROBOT_RELOC,,2,5,3,,6.904032612848927,,,
ROBOT_RELOC,,2,5,4,,1.1342275654767469,,,
ROBOT_RELOC,,2,5,5,,0.0,,,
ROBOT_RELOC,,2,5,6,,5.465947308613883,,,
ROBOT_RELOC,,2,5,7,,4.27843564963622,,,
ROBOT_RELOC,,2,5,8,,6.8580703780545385,,,
ROBOT_RELOC,,2,5,9,,4.595186665983231,,,
ROBOT_RELOC,,2,5,10,,6.41551551154347,,,
ROBOT_RELOC,,2,5,11,,3.3669670692757454,,,
ROBOT_RELOC,,2,6,0,,6.21679209822002,,,
ROBOT_RELOC,,2,6,1,,3.7305573407929993,,,
ROBOT_RELOC,,2,6,2,,6.792464886273827,,,
ROBOT_RELOC,,2,6,3,,3.802916064171696,,,
ROBOT_RELOC,,2,6,4,,4.776248201408783,,,
ROBOT_RELOC,,2,6,5,,7.69077773758789,,,
ROBOT_RELOC,,2,6,6,,0.0,,,
ROBOT_RELOC,,2,6,7,,1.0924242506276147,,,
ROBOT_RELOC,,2,6,8,,4.404969925229537,,,
ROBOT_RELOC,,2,6,9,,5.527720486992807,,,
ROBOT_RELOC,,2,6,10,,3.2844657608108525,,,
ROBOT_RELOC,,2,6,11,,5.322713500585062,,,
ROBOT_RELOC,,2,7,0,,5.701126870662117,,,
ROBOT_RELOC,,2,7,1,,7.144649982607033,,,
ROBOT_RELOC,,2,7,2,,6.392057047745378,,,
ROBOT_RELOC,,2,7,3,,7.06899912620302,,,
ROBOT_RELOC,,2,7,4,,3.259006997525238,,,
ROBOT_RELOC,,2,7,5,,6.320269715985891,,,
ROBOT_RELOC,,2,7,6,,2.006954141885358,,,
ROBOT_RELOC,,2,7,7,,0.0,,,
ROBOT_RELOC,,2,7,8,,4.502770518969443,,,
ROBOT_RELOC,,2,7,9,,6.541349278468064,,,
ROBOT_RELOC,,2,7,10,,7.450955760590706,,,
ROBOT_RELOC,,2,7,11,,4.000628155685757,,,
ROBOT_RELOC,,2,8,0,,4.021964031441774,,,
ROBOT_RELOC,,2,8,1,,3.814098730429394,,,
ROBOT_RELOC,,2,8,2,,4.11135011422146,,,
ROBOT_RELOC,,2,8,3,,5.3126721962892125,,,
ROBOT_RELOC,,2,8,4,,7.111821282950704,,,
ROBOT_RELOC,,2,8,5,,5.5138917891791515,,,
ROBOT_RELOC,,2,8,6,,6.612486882451623,,,
ROBOT_RELOC,,2,8,7,,4.3100691712847,,,
ROBOT_RELOC,,2,8,8,,0.0,,,
ROBOT_RELOC,,2,8,9,,1.724155420325744,,,
ROBOT_RELOC,,2,8,10,,3.4058717027165626,,,
ROBOT_RELOC,,2,8,11,,6.961501169165861,,,
ROBOT_RELOC,,2,9,0,,3.9038800672390486,,,
ROBOT_RELOC,,2,9,1,,6.36670585322371,,,
ROBOT_RELOC,,2,9,2,,7.814659827516843,,,
ROBOT_RELOC,,2,9,3,,4.6472954866138245,,,
ROBOT_RELOC,,2,9,4,,5.667837256072385,,,
ROBOT_RELOC,,2,9,5,,4.902925170220519,,,
ROBOT_RELOC,,2,9,6,,4.033201063638385,,,
ROBOT_RELOC,,2,9,7,,6.745145272358274,,,
ROBOT_RELOC,,2,9,8,,1.7780160366774722,,,
ROBOT_RELOC,,2,9,9,,0.0,,,
ROBOT_RELOC,,2,9,10,,3.005038264721451,,,
ROBOT_RELOC,,2,9,11,,3.290613820542884,,,
ROBOT_RELOC,,2,10,0,,5.2806963741784925,,,
ROBOT_RELOC,,2,10,1,,7.6226134845715015,,,
ROBOT_RELOC,,2,10,2,,3.881583605847484,,,
ROBOT_RELOC,,2,10,3,,5.7079053973684335,,,
ROBOT_RELOC,,2,10,4,,7.1905308920032365,,,
ROBOT_RELOC,,2,10,5,,7.725882994563814,,,
ROBOT_RELOC,,2,10,6,,3.415815655378437,,,
ROBOT_RELOC,,2,10,7,,7.1559814316719,,,
ROBOT_RELOC,,2,10,8,,4.932124641172411,,,
ROBOT_RELOC,,2,10,9,,7.500963116301688,,,
ROBOT_RELOC,,2,10,10,,0.0,,,
ROBOT_RELOC,,2,10,11,,3.2253966997592194,,,
ROBOT_RELOC,,2,11,0,,6.426902518776266,,,
ROBOT_RELOC,,2,11,1,,5.484665490182225,,,
ROBOT_RELOC,,2,11,2,,3.450560429639937,,,
ROBOT_RELOC,,2,11,3,,4.3849770619064685,,,
ROBOT_RELOC,,2,11,4,,6.1542316108685355,,,
ROBOT_RELOC,,2,11,5,,3.3049393161213882,,,
ROBOT_RELOC,,2,11,6,,4.41004227912709,,,
ROBOT_RELOC,,2,11,7,,3.396617323996777,,,
ROBOT_RELOC,,2,11,8,,7.421949834683155,,,
ROBOT_RELOC,,2,11,9,,4.168576446669107,,,
ROBOT_RELOC,,2,11,10,,6.569671284842533,,,
ROBOT_RELOC,,2,11,11,,0.0,,,
ROBOT_RELOC,,3,0,0,,0.0,,,
ROBOT_RELOC,,3,0,1,,6.923444202773886,,,
ROBOT_RELOC,,3,0,2,,4.743007432285921,,,
ROBOT_RELOC,,3,0,3,,7.409005610671644,,,
ROBOT_RELOC,,3,0,4,,5.797568280707805,,,
ROBOT_RELOC,,3,0,5,,4.736892352238764,,,
ROBOT_RELOC,,3,0,6,,7.017995803563585,,,
ROBOT_RELOC,,3,0,7,,7.375538038007649,,,
ROBOT_RELOC,,3,0,8,,5.011664012877248,,,
ROBOT_RELOC,,3,0,9,,4.589596538606898,,,
ROBOT_RELOC,,3,0,10,,6.557003242865692,,,
ROBOT_RELOC,,3,0,11,,7.819015968568255,,,
ROBOT_RELOC,,3,1,0,,4.874413322144008,,,
ROBOT_RELOC,,3,1,1,,0.0,,,
ROBOT_RELOC,,3,1,2,,1.8881305668342825,,,
ROBOT_RELOC,,3,1,3,,5.937448842717278,,,
ROBOT_RELOC,,3,1,4,,6.445057766248342,,,
ROBOT_RELOC,,3,1,5,,3.2185343746068797,,,
ROBOT_RELOC,,3,1,6,,3.0893104324700005,,,
ROBOT_RELOC,,3,1,7,,7.133803776477586,,,
ROBOT_RELOC,,3,1,8,,7.59092245116644,,,
ROBOT_RELOC,,3,1,9,,5.73051050026436,,,
ROBOT_RELOC,,3,1,10,,6.060776004015785,,,
ROBOT_RELOC,,3,1,11,,5.745314907467085,,,
ROBOT_RELOC,,3,2,0,,6.954491562616957,,,
ROBOT_RELOC,,3,2,1,,2.531997520773783,,,
ROBOT_RELOC,,3,2,2,,0.0,,,
ROBOT_RELOC,,3,2,3,,4.29824058258954,,,
ROBOT_RELOC,,3,2,4,,5.987519173937317,,,
ROBOT_RELOC,,3,2,5,,7.6785695437718475,,,
ROBOT_RELOC,,3,2,6,,7.546410847624831,,,
ROBOT_RELOC,,3,2,7,,5.6503341848662245,,,
ROBOT_RELOC,,3,2,8,,6.784989295368147,,,
ROBOT_RELOC,,3,2,9,,7.941774132099546,,,
ROBOT_RELOC,,3,2,10,,7.844322907184948,,,
ROBOT_RELOC,,3,2,11,,6.5429135920199375,,,
ROBOT_RELOC,,3,3,0,,4.662287124498109,,,
ROBOT_RELOC,,3,3,1,,7.887915769139401,,,
ROBOT_RELOC,,3,3,2,,6.291956091223038,,,
ROBOT_RELOC,,3,3,3,,0.0,,,
ROBOT_RELOC,,3,3,4,,6.056779774366485,,,
ROBOT_RELOC,,3,3,5,,3.7970320219388323,,,
ROBOT_RELOC,,3,3,6,,6.848163066734672,,,
ROBOT_RELOC,,3,3,7,,3.4983941976155726,,,
ROBOT_RELOC,,3,3,8,,6.473514302164187,,,
ROBOT_RELOC,,3,3,9,,7.844795642067273,,,
ROBOT_RELOC,,3,3,10,,7.844333252695917,,,
ROBOT_RELOC,,3,3,11,,5.829390249784531,,,
ROBOT_RELOC,,3,4,0,,7.996988358805556,,,
ROBOT_RELOC,,3,4,1,,5.305611237664572,,,
ROBOT_RELOC,,3,4,2,,7.226297364519888,,,
ROBOT_RELOC,,3,4,3,,4.262352382698297,,,
ROBOT_RELOC,,3,4,4,,0.0,,,
ROBOT_RELOC,,3,4,5,,2.6174377549182624,,,
ROBOT_RELOC,,3,4,6,,4.077595480106289,,,
ROBOT_RELOC,,3,4,7,,7.0426188721812135,,,
ROBOT_RELOC,,3,4,8,,6.572704176253029,,,
ROBOT_RELOC,,3,4,9,,7.2511291505110185,,,
ROBOT_RELOC,,3,4,10,,7.240927446684979,,,
ROBOT_RELOC,,3,4,11,,6.505838401430083,,,
ROBOT_RELOC,,3,5,0,,5.868114367934586,,,
ROBOT_RELOC,,3,5,1,,4.060734445150002,,,
ROBOT_RELOC,,3,5,2,,5.647499334736683,,,
ROBOT_RELOC,,3,5,3,,7.116369010323691,,,
ROBOT_RELOC,,3,5,4,,2.5831394667161423,,,
ROBOT_RELOC,,3,5,5,,0.0,,,
ROBOT_RELOC,,3,5,6,,3.2319990187099714,,,
ROBOT_RELOC,,3,5,7,,7.264460102385232,,,
ROBOT_RELOC,,3,5,8,,4.170334164783563,,,
ROBOT_RELOC,,3,5,9,,6.149439295001195,,,
ROBOT_RELOC,,3,5,10,,5.353920913947627,,,
ROBOT_RELOC,,3,5,11,,5.918246818654995,,,
ROBOT_RELOC,,3,6,0,,3.103198997304746,,,
ROBOT_RELOC,,3,6,1,,3.1500570465036373,,,
ROBOT_RELOC,,3,6,2,,3.6868669906176756,,,
ROBOT_RELOC,,3,6,3,,7.832795290851065,,,
ROBOT_RELOC,,3,6,4,,4.969177876591953,,,
ROBOT_RELOC,,3,6,5,,3.320314804323159,,,
ROBOT_RELOC,,3,6,6,,0.0,,,
ROBOT_RELOC,,3,6,7,,1.7082277885806438,,,
ROBOT_RELOC,,3,6,8,,4.431280107821383,,,
ROBOT_RELOC,,3,6,9,,5.895020994512573,,,
ROBOT_RELOC,,3,6,10,,4.563044659916246,,,
ROBOT_RELOC,,3,6,11,,6.609405543210201,,,
ROBOT_RELOC,,3,7,0,,6.818205198935409,,,
ROBOT_RELOC,,3,7,1,,4.692780656890362,,,
ROBOT_RELOC,,3,7,2,,3.362986218552418,,,
ROBOT_RELOC,,3,7,3,,3.9194672440318103,,,
ROBOT_RELOC,,3,7,4,,4.878735222387301,,,
ROBOT_RELOC,,3,7,5,,6.436072150106919,,,
ROBOT_RELOC,,3,7,6,,1.3399302475824502,,,
ROBOT_RELOC,,3,7,7,,0.0,,,
ROBOT_RELOC,,3,7,8,,5.945830119253978,,,
ROBOT_RELOC,,3,7,9,,3.914839279536559,,,
ROBOT_RELOC,,3,7,10,,3.3966847846537176,,,
ROBOT_RELOC,,3,7,11,,6.272039556222218,,,
ROBOT_RELOC,,3,8,0,,7.711571272370289,,,
ROBOT_RELOC,,3,8,1,,4.779122914825206,,,
ROBOT_RELOC,,3,8,2,,4.942233250133336,,,
ROBOT_RELOC,,3,8,3,,5.313133719423423,,,
ROBOT_RELOC,,3,8,4,,5.590693330743035,,,
ROBOT_RELOC,,3,8,5,,6.027662172633576,,,
ROBOT_RELOC,,3,8,6,,6.948262760052101,,,
ROBOT_RELOC,,3,8,7,,3.2383064132488357,,,
ROBOT_RELOC,,3,8,8,,0.0,,,
ROBOT_RELOC,,3,8,9,,1.0598202220540276,,,
ROBOT_RELOC,,3,8,10,,3.657692405270325,,,
ROBOT_RELOC,,3,8,11,,4.740123549259282,,,
ROBOT_RELOC,,3,9,0,,5.360172418712843,,,
ROBOT_RELOC,,3,9,1,,5.222296030031032,,,
ROBOT_RELOC,,3,9,2,,4.535140938898649,,,
ROBOT_RELOC,,3,9,3,,6.7477805731451,,,
ROBOT_RELOC,,3,9,4,,6.397584405247105,,,
ROBOT_RELOC,,3,9,5,,5.845207013783423,,,
ROBOT_RELOC,,3,9,6,,6.693328384821445,,,
ROBOT_RELOC,,3,9,7,,3.728230844862222,,,
ROBOT_RELOC,,3,9,8,,1.511446406996984,,,
ROBOT_RELOC,,3,9,9,,0.0,,,
ROBOT_RELOC,,3,9,10,,5.611011723836225,,,
ROBOT_RELOC,,3,9,11,,6.1349927894024825,,,
ROBOT_RELOC,,3,10,0,,3.841292833923266,,,
ROBOT_RELOC,,3,10,1,,3.782573530609615,,,
ROBOT_RELOC,,3,10,2,,6.266564942745928,,,
ROBOT_RELOC,,3,10,3,,3.2366366924627297,,,
ROBOT_RELOC,,3,10,4,,6.773482359616333,,,
ROBOT_RELOC,,3,10,5,,5.074892235122489,,,
ROBOT_RELOC,,3,10,6,,6.517002800239913,,,
ROBOT_RELOC,,3,10,7,,7.331870466847917,,,
ROBOT_RELOC,,3,10,8,,5.129934567729839,,,
ROBOT_RELOC,,3,10,9,,6.724681438288091,,,
ROBOT_RELOC,,3,10,10,,0.0,,,
ROBOT_RELOC,,3,10,11,,3.6772143716741126,,,
ROBOT_RELOC,,3,11,0,,3.1881326571103736,,,
ROBOT_RELOC,,3,11,1,,3.472194893297195,,,
ROBOT_RELOC,,3,11,2,,6.89054149033554,,,
ROBOT_RELOC,,3,11,3,,3.444505863700263,,,
ROBOT_RELOC,,3,11,4,,4.054726362965314,,,
ROBOT_RELOC,,3,11,5,,3.4179396942313938,,,
ROBOT_RELOC,,3,11,6,,3.669456130902329,,,
ROBOT_RELOC,,3,11,7,,3.9975683374174276,,,
ROBOT_RELOC,,3,11,8,,6.259243500092147,,,
ROBOT_RELOC,,3,11,9,,5.486865795832631,,,
ROBOT_RELOC,,3,11,10,,3.0495222988103903,,,
ROBOT_RELOC,,3,11,11,,0.0,,,
ROBOT_RELOC,,4,0,0,,0.0,,,
ROBOT_RELOC,,4,0,1,,5.87269577274153,,,
ROBOT_RELOC,,4,0,2,,5.662681313834075,,,
ROBOT_RELOC,,4,0,3,,4.915252705314838,,,
ROBOT_RELOC,,4,0,4,,4.513464863475155,,,
ROBOT_RELOC,,4,0,5,,7.147200997560679,,,
ROBOT_RELOC,,4,0,6,,6.470343654037585,,,
ROBOT_RELOC,,4,0,7,,6.108735377655364,,,
ROBOT_RELOC,,4,0,8,,6.3190750101381,,,
ROBOT_RELOC,,4,0,9,,4.669207120652363,,,
ROBOT_RELOC,,4,0,10,,4.299335995337127,,,
ROBOT_RELOC,,4,0,11,,3.853819421723343,,,
ROBOT_RELOC,,4,1,0,,3.5554885349488266,,,
ROBOT_RELOC,,4,1,1,,0.0,,,
ROBOT_RELOC,,4,1,2,,2.0833993499953394,,,
ROBOT_RELOC,,4,1,3,,7.151268545952015,,,
ROBOT_RELOC,,4,1,4,,3.2326242755930896,,,
ROBOT_RELOC,,4,1,5,,3.091149117725013,,,
ROBOT_RELOC,,4,1,6,,5.3339957455414675,,,
ROBOT_RELOC,,4,1,7,,3.5961930860675277,,,
ROBOT_RELOC,,4,1,8,,3.203644739760121,,,
ROBOT_RELOC,,4,1,9,,3.0674540166572917,,,
ROBOT_RELOC,,4,1,10,,6.798258758188154,,,
ROBOT_RELOC,,4,1,11,,5.0672432301493435,,,
ROBOT_RELOC,,4,2,0,,4.995868139641899,,,
ROBOT_RELOC,,4,2,1,,1.3293344904973148,,,
ROBOT_RELOC,,4,2,2,,0.0,,,
ROBOT_RELOC,,4,2,3,,3.7271255356313953,,,
ROBOT_RELOC,,4,2,4,,5.58422813816047,,,
ROBOT_RELOC,,4,2,5,,3.9122448345433565,,,
ROBOT_RELOC,,4,2,6,,6.3975606188489405,,,
ROBOT_RELOC,,4,2,7,,5.7728330691137995,,,
ROBOT_RELOC,,4,2,8,,7.631868266230946,,,
ROBOT_RELOC,,4,2,9,,4.437698795165006,,,
ROBOT_RELOC,,4,2,10,,5.345810245624504,,,
ROBOT_RELOC,,4,2,11,,5.084925118592066,,,
ROBOT_RELOC,,4,3,0,,6.743895199753642,,,
ROBOT_RELOC,,4,3,1,,7.407533839585155,,,
ROBOT_RELOC,,4,3,2,,3.871492782647632,,,
ROBOT_RELOC,,4,3,3,,0.0,,,
ROBOT_RELOC,,4,3,4,,6.221756187786504,,,
ROBOT_RELOC,,4,3,5,,3.724357872981891,,,
ROBOT_RELOC,,4,3,6,,7.641880091855021,,,
ROBOT_RELOC,,4,3,7,,5.311665399939797,,,
ROBOT_RELOC,,4,3,8,,6.300536490801829,,,
ROBOT_RELOC,,4,3,9,,3.642488009094859,,,
ROBOT_RELOC,,4,3,10,,7.885378265968198,,,
ROBOT_RELOC,,4,3,11,,7.615857515067058,,,
ROBOT_RELOC,,4,4,0,,3.8709216385823435,,,
ROBOT_RELOC,,4,4,1,,6.016222858174958,,,
ROBOT_RELOC,,4,4,2,,7.408399318053155,,,
ROBOT_RELOC,,4,4,3,,7.626200046092514,,,
ROBOT_RELOC,,4,4,4,,0.0,,,
ROBOT_RELOC,,4,4,5,,2.366443766614432,,,
ROBOT_RELOC,,4,4,6,,6.717674502733478,,,
ROBOT_RELOC,,4,4,7,,7.610064225496662,,,
ROBOT_RELOC,,4,4,8,,7.614875736981539,,,
ROBOT_RELOC,,4,4,9,,4.315393215274108,,,
ROBOT_RELOC,,4,4,10,,3.5402286107581444,,,
ROBOT_RELOC,,4,4,11,,5.018147765668534,,,
ROBOT_RELOC,,4,5,0,,4.557711970130364,,,
ROBOT_RELOC,,4,5,1,,5.671696671382257,,,
ROBOT_RELOC,,4,5,2,,4.0645240441632255,,,
ROBOT_RELOC,,4,5,3,,5.057240259491549,,,
ROBOT_RELOC,,4,5,4,,2.7001308051769395,,,
ROBOT_RELOC,,4,5,5,,0.0,,,
ROBOT_RELOC,,4,5,6,,3.0255535948226173,,,
ROBOT_RELOC,,4,5,7,,6.295160369451775,,,
ROBOT_RELOC,,4,5,8,,6.01434606392527,,,
ROBOT_RELOC,,4,5,9,,4.754251826127822,,,
ROBOT_RELOC,,4,5,10,,6.856213237938659,,,
ROBOT_RELOC,,4,5,11,,3.698722428439338,,,
ROBOT_RELOC,,4,6,0,,6.57017919427855,,,
ROBOT_RELOC,,4,6,1,,6.763737179869658,,,
ROBOT_RELOC,,4,6,2,,3.6446654245576937,,,
ROBOT_RELOC,,4,6,3,,6.092324248277579,,,
ROBOT_RELOC,,4,6,4,,5.749601565865008,,,
ROBOT_RELOC,,4,6,5,,4.83566166028366,,,
ROBOT_RELOC,,4,6,6,,0.0,,,
ROBOT_RELOC,,4,6,7,,1.729040053282295,,,
ROBOT_RELOC,,4,6,8,,3.2306727785273477,,,
ROBOT_RELOC,,4,6,9,,3.574205550527317,,,
ROBOT_RELOC,,4,6,10,,4.196889665456677,,,
ROBOT_RELOC,,4,6,11,,4.555877345214687,,,
ROBOT_RELOC,,4,7,0,,4.937767496993999,,,
ROBOT_RELOC,,4,7,1,,6.0002293864404095,,,
ROBOT_RELOC,,4,7,2,,4.458886931344889,,,
ROBOT_RELOC,,4,7,3,,7.309985933418555,,,
ROBOT_RELOC,,4,7,4,,3.5093095813337873,,,
ROBOT_RELOC,,4,7,5,,5.685063886121872,,,
ROBOT_RELOC,,4,7,6,,2.734500015521503,,,
ROBOT_RELOC,,4,7,7,,0.0,,,
ROBOT_RELOC,,4,7,8,,4.1419580873137365,,,
ROBOT_RELOC,,4,7,9,,5.17277074255565,,,
ROBOT_RELOC,,4,7,10,,3.5615512646284806,,,
ROBOT_RELOC,,4,7,11,,4.117362889108147,,,
ROBOT_RELOC,,4,8,0,,5.9541306980571225,,,
ROBOT_RELOC,,4,8,1,,6.925611672288236,,,
ROBOT_RELOC,,4,8,2,,3.356221752422343,,,
ROBOT_RELOC,,4,8,3,,5.249283329256209,,,
ROBOT_RELOC,,4,8,4,,4.472625014959706,,,
ROBOT_RELOC,,4,8,5,,3.1454983404925496,,,
ROBOT_RELOC,,4,8,6,,6.57013449867973,,,
ROBOT_RELOC,,4,8,7,,4.96922679342373,,,
ROBOT_RELOC,,4,8,8,,0.0,,,
ROBOT_RELOC,,4,8,9,,2.6187760814643877,,,
ROBOT_RELOC,,4,8,10,,3.6974179008592363,,,
ROBOT_RELOC,,4,8,11,,4.318905985088774,,,
ROBOT_RELOC,,4,9,0,,4.12113635216221,,,
ROBOT_RELOC,,4,9,1,,6.01040980890599,,,
ROBOT_RELOC,,4,9,2,,6.72696366984264,,,
ROBOT_RELOC,,4,9,3,,6.820867942107834,,,
ROBOT_RELOC,,4,9,4,,5.468399317129904,,,
ROBOT_RELOC,,4,9,5,,3.3968436758728524,,,
ROBOT_RELOC,,4,9,6,,3.141159654771415,,,
ROBOT_RELOC,,4,9,7,,3.296534963867126,,,
ROBOT_RELOC,,4,9,8,,2.294216969603536,,,
ROBOT_RELOC,,4,9,9,,0.0,,,
ROBOT_RELOC,,4,9,10,,3.6597497442025735,,,
ROBOT_RELOC,,4,9,11,,4.504594080995072,,,
ROBOT_RELOC,,4,10,0,,3.5641098119764942,,,
ROBOT_RELOC,,4,10,1,,5.096944143205689,,,
ROBOT_RELOC,,4,10,2,,7.839481226184811,,,
ROBOT_RELOC,,4,10,3,,6.071049343014909,,,
ROBOT_RELOC,,4,10,4,,4.112183137197356,,,
ROBOT_RELOC,,4,10,5,,5.637738367652027,,,
ROBOT_RELOC,,4,10,6,,4.325075044303087,,,
ROBOT_RELOC,,4,10,7,,6.2245823373931515,,,
ROBOT_RELOC,,4,10,8,,5.921643504969431,,,
ROBOT_RELOC,,4,10,9,,3.814056823294649,,,
ROBOT_RELOC,,4,10,10,,0.0,,,
ROBOT_RELOC,,4,10,11,,7.5370680217938295,,,
ROBOT_RELOC,,4,11,0,,3.658009599787221,,,
ROBOT_RELOC,,4,11,1,,5.279226542577893,,,
ROBOT_RELOC,,4,11,2,,5.392007784088812,,,
ROBOT_RELOC,,4,11,3,,6.933155326711689,,,
ROBOT_RELOC,,4,11,4,,3.996548212826836,,,
ROBOT_RELOC,,4,11,5,,5.439389059331614,,,
ROBOT_RELOC,,4,11,6,,7.837957671469592,,,
ROBOT_RELOC,,4,11,7,,3.2650420564881717,,,
ROBOT_RELOC,,4,11,8,,5.815254220992838,,,
ROBOT_RELOC,,4,11,9,,3.869303494219416,,,
ROBOT_RELOC,,4,11,10,,6.926383104853313,,,
ROBOT_RELOC,,4,11,11,,0.0,,,
ROBOT_RELOC,,5,0,0,,0.0,,,
ROBOT_RELOC,,5,0,1,,4.815402610851493,,,
ROBOT_RELOC,,5,0,2,,3.043049667707808,,,
ROBOT_RELOC,,5,0,3,,7.6615140149439025,,,
ROBOT_RELOC,,5,0,4,,4.092261658627655,,,
ROBOT_RELOC,,5,0,5,,7.233798715251134,,,
ROBOT_RELOC,,5,0,6,,4.273107637366424,,,
ROBOT_RELOC,,5,0,7,,3.486674751969742,,,
ROBOT_RELOC,,5,0,8,,7.234926901261348,,,
ROBOT_RELOC,,5,0,9,,3.412476225437354,,,
ROBOT_RELOC,,5,0,10,,6.034908765218995,,,
ROBOT_RELOC,,5,0,11,,3.8474014272568704,,,
ROBOT_RELOC,,5,1,0,,6.778221472156229,,,
ROBOT_RELOC,,5,1,1,,0.0,,,
ROBOT_RELOC,,5,1,2,,2.738087199032149,,,
ROBOT_RELOC,,5,1,3,,4.962437950291736,,,
ROBOT_RELOC,,5,1,4,,3.681473936721671,,,
ROBOT_RELOC,,5,1,5,,4.569334359774386,,,
ROBOT_RELOC,,5,1,6,,4.298620468633403,,,
ROBOT_RELOC,,5,1,7,,6.145009969621847,,,
ROBOT_RELOC,,5,1,8,,3.3590150663894063,,,
ROBOT_RELOC,,5,1,9,,3.526899707930965,,,
ROBOT_RELOC,,5,1,10,,4.311047306080496,,,
ROBOT_RELOC,,5,1,11,,6.142027117382402,,,
ROBOT_RELOC,,5,2,0,,3.293201152469096,,,
ROBOT_RELOC,,5,2,1,,1.5606511470003388,,,
ROBOT_RELOC,,5,2,2,,0.0,,,
ROBOT_RELOC,,5,2,3,,4.381958972944803,,,
ROBOT_RELOC,,5,2,4,,7.961370149637228,,,
ROBOT_RELOC,,5,2,5,,3.8061466925109513,,,
ROBOT_RELOC,,5,2,6,,4.594603268238757,,,
ROBOT_RELOC,,5,2,7,,4.12581539496542,,,
ROBOT_RELOC,,5,2,8,,7.15434287773759,,,
ROBOT_RELOC,,5,2,9,,6.181937493817392,,,
ROBOT_RELOC,,5,2,10,,3.977398520352742,,,
ROBOT_RELOC,,5,2,11,,7.742541671721011,,,
ROBOT_RELOC,,5,3,0,,7.745789565688821,,,
ROBOT_RELOC,,5,3,1,,6.005811003552454,,,
ROBOT_RELOC,,5,3,2,,5.4321904586279235,,,
ROBOT_RELOC,,5,3,3,,0.0,,,
ROBOT_RELOC,,5,3,4,,7.378328459884575,,,
ROBOT_RELOC,,5,3,5,,4.810065326260255,,,
ROBOT_RELOC,,5,3,6,,6.150257863059832,,,
ROBOT_RELOC,,5,3,7,,6.984050829655278,,,
ROBOT_RELOC,,5,3,8,,3.552814971193603,,,
ROBOT_RELOC,,5,3,9,,4.888385605552251,,,
ROBOT_RELOC,,5,3,10,,3.635960798962026,,,
ROBOT_RELOC,,5,3,11,,7.008875865381034,,,
ROBOT_RELOC,,5,4,0,,3.1673618591146644,,,
ROBOT_RELOC,,5,4,1,,6.012744298536111,,,
ROBOT_RELOC,,5,4,2,,3.4583104353251914,,,
ROBOT_RELOC,,5,4,3,,4.879794578853149,,,
ROBOT_RELOC,,5,4,4,,0.0,,,
ROBOT_RELOC,,5,4,5,,2.844709899354343,,,
ROBOT_RELOC,,5,4,6,,6.935710702435911,,,
ROBOT_RELOC,,5,4,7,,5.720189183616016,,,
ROBOT_RELOC,,5,4,8,,6.962800162159661,,,
ROBOT_RELOC,,5,4,9,,4.106302682796047,,,
ROBOT_RELOC,,5,4,10,,7.925072691549351,,,
ROBOT_RELOC,,5,4,11,,5.092958799005078,,,
ROBOT_RELOC,,5,5,0,,3.2205861276035623,,,
ROBOT_RELOC,,5,5,1,,7.040045239067719,,,
ROBOT_RELOC,,5,5,2,,7.655602565557115,,,
ROBOT_RELOC,,5,5,3,,7.155627243203463,,,
ROBOT_RELOC,,5,5,4,,2.4852023875179228,,,
ROBOT_RELOC,,5,5,5,,0.0,,,
ROBOT_RELOC,,5,5,6,,3.888099498795925,,,
ROBOT_RELOC,,5,5,7,,3.9815919746988957,,,
ROBOT_RELOC,,5,5,8,,5.011837412717178,,,
ROBOT_RELOC,,5,5,9,,6.504382739143113,,,
ROBOT_RELOC,,5,5,10,,5.925183306009802,,,
ROBOT_RELOC,,5,5,11,,6.525208071551524,,,
ROBOT_RELOC,,5,6,0,,6.942357945682014,,,
ROBOT_RELOC,,5,6,1,,3.724444554024315,,,
ROBOT_RELOC,,5,6,2,,5.721061502848411,,,
ROBOT_RELOC,,5,6,3,,5.192043587454922,,,
ROBOT_RELOC,,5,6,4,,4.302991106116923,,,
ROBOT_RELOC,,5,6,5,,4.791484514402999,,,
ROBOT_RELOC,,5,6,6,,0.0,,,
ROBOT_RELOC,,5,6,7,,1.5077330401719111,,,
ROBOT_RELOC,,5,6,8,,5.546829002070021,,,
ROBOT_RELOC,,5,6,9,,4.032358252938598,,,
ROBOT_RELOC,,5,6,10,,7.64014612849831,,,
ROBOT_RELOC,,5,6,11,,4.250582866543324,,,
ROBOT_RELOC,,5,7,0,,4.035353663029079,,,
ROBOT_RELOC,,5,7,1,,6.960083576604118,,,
ROBOT_RELOC,,5,7,2,,3.116078703848141,,,
ROBOT_RELOC,,5,7,3,,5.559973567317169,,,
ROBOT_RELOC,,5,7,4,,7.343517812647359,,,
ROBOT_RELOC,,5,7,5,,7.154238060386131,,,
ROBOT_RELOC,,5,7,6,,2.1251297048594298,,,
ROBOT_RELOC,,5,7,7,,0.0,,,
ROBOT_RELOC,,5,7,8,,6.078036472851001,,,
ROBOT_RELOC,,5,7,9,,6.446700576175363,,,
ROBOT_RELOC,,5,7,10,,4.400404505811781,,,
ROBOT_RELOC,,5,7,11,,6.3858029992314735,,,
ROBOT_RELOC,,5,8,0,,3.5840183993812516,,,
ROBOT_RELOC,,5,8,1,,3.057080076268184,,,
ROBOT_RELOC,,5,8,2,,3.076955576234412,,,
ROBOT_RELOC,,5,8,3,,4.209569524471485,,,
ROBOT_RELOC,,5,8,4,,3.7195457284424123,,,
ROBOT_RELOC,,5,8,5,,3.1790393613454926,,,
ROBOT_RELOC,,5,8,6,,6.782806115065744,,,
ROBOT_RELOC,,5,8,7,,6.970112859349914,,,
ROBOT_RELOC,,5,8,8,,0.0,,,
ROBOT_RELOC,,5,8,9,,2.545199441439062,,,
ROBOT_RELOC,,5,8,10,,3.7002762279368797,,,
ROBOT_RELOC,,5,8,11,,6.802595965932237,,,
ROBOT_RELOC,,5,9,0,,5.502595994743613,,,
ROBOT_RELOC,,5,9,1,,5.388168923840391,,,
ROBOT_RELOC,,5,9,2,,6.3940868401258335,,,
ROBOT_RELOC,,5,9,3,,6.157091340016999,,,
ROBOT_RELOC,,5,9,4,,7.145146197642236,,,
ROBOT_RELOC,,5,9,5,,6.568423932713536,,,
ROBOT_RELOC,,5,9,6,,5.131253750275182,,,
ROBOT_RELOC,,5,9,7,,4.3809171824293065,,,
ROBOT_RELOC,,5,9,8,,2.968489016225276,,,
ROBOT_RELOC,,5,9,9,,0.0,,,
ROBOT_RELOC,,5,9,10,,6.52283783643897,,,
ROBOT_RELOC,,5,9,11,,4.909256718655431,,,
ROBOT_RELOC,,5,10,0,,6.957131972764026,,,
ROBOT_RELOC,,5,10,1,,5.072183411977402,,,
ROBOT_RELOC,,5,10,2,,3.0683848999596828,,,
ROBOT_RELOC,,5,10,3,,4.195919846897323,,,
ROBOT_RELOC,,5,10,4,,4.726489586128441,,,
ROBOT_RELOC,,5,10,5,,7.576788648549591,,,
ROBOT_RELOC,,5,10,6,,7.6455061560977935,,,
ROBOT_RELOC,,5,10,7,,3.3317347299351243,,,
ROBOT_RELOC,,5,10,8,,5.031741041261448,,,
ROBOT_RELOC,,5,10,9,,4.060094474016347,,,
ROBOT_RELOC,,5,10,10,,0.0,,,
ROBOT_RELOC,,5,10,11,,6.594485508414857,,,
ROBOT_RELOC,,5,11,0,,4.070995862572442,,,
ROBOT_RELOC,,5,11,1,,3.887655131222167,,,
ROBOT_RELOC,,5,11,2,,4.555071791954631,,,
ROBOT_RELOC,,5,11,3,,4.83590718920744,,,
ROBOT_RELOC,,5,11,4,,3.0465117952093967,,,
ROBOT_RELOC,,5,11,5,,4.774252007430582,,,
ROBOT_RELOC,,5,11,6,,6.687570195864502,,,
ROBOT_RELOC,,5,11,7,,7.38797270052895,,,
ROBOT_RELOC,,5,11,8,,5.047614725084498,,,
ROBOT_RELOC,,5,11,9,,5.955436970508041,,,
ROBOT_RELOC,,5,11,10,,5.336066476002155,,,
ROBOT_RELOC,,5,11,11,,0.0,,,
INITIAL_WORKER,,0,4,,,,,,
INITIAL_WORKER,,1,6,,,,,,
INITIAL_WORKER,,2,2,,,,,,
INITIAL_WORKER,,3,11,,,,,,
INITIAL_WORKER,,4,3,,,,,,
INITIAL_WORKER,,5,0,,,,,,
INITIAL_WORKER,,6,1,,,,,,
INITIAL_WORKER,,7,10,,,,,,
INITIAL_ROBOT,,0,2,,,,,,
INITIAL_ROBOT,,1,5,,,,,,
INITIAL_ROBOT,,2,8,,,,,,
INITIAL_ROBOT,,3,1,,,,,,
INITIAL_ROBOT,,4,11,,,,,,
INITIAL_ROBOT,,5,3,,,,,,
ORDER,,0,4,2,,0.0,125.65812186648415,,
ORDER,,1,2,4,,7.6838562732080815,147.06702570033042,,
ORDER,,2,5,1,,22.077253492972552,139.69633285400275,,
ORDER,,3,1,1,,22.078433115597914,126.22362891756426,,
ORDER,,4,3,1,,27.146204874553092,207.17150354043895,,
ORDER,,5,4,1,,28.91456137097225,164.7835601402292,,
ORDER,,6,3,1,,31.626791160566967,212.2881281590634,,
ORDER,,7,3,1,,38.924710850211234,224.77904693836095,,
ORDER,,8,4,4,,42.546393855148395,166.925261741847,,
ORDER,,9,5,1,,44.64521432986318,164.8083436469043,,
ORDER,,10,5,1,,68.56801062396721,179.80747927318004,,
ORDER,,11,2,1,,70.02818065515896,208.41530647922986,,
ORDER,,12,1,2,,73.03361565270869,178.86649270261066,,
ORDER,,13,0,1,,82.29736357405197,194.8980893793203,,
ORDER,,14,1,1,,86.62235428452269,174.3211250460829,,
ORDER,,15,3,4,,86.62885176112341,252.12644834936242,,
ORDER,,16,2,1,,109.6564543134042,257.969490708207,,
ORDER,,17,3,1,,131.1722424652064,312.35803397735515,,
ORDER,,18,3,4,,140.13065845543306,299.7046204023916,,
ORDER,,19,0,1,,144.0649669360847,252.166197335469,,
ORDER,,20,0,1,,145.33695561413333,258.44603885858936,,
ORDER,,21,4,1,,149.444205389733,286.47110994912475,,
ORDER,,22,3,2,,152.01980072019865,338.31024217715816,,
ORDER,,23,0,1,,155.16535879062076,272.55288858473034,,
ORDER,,24,4,1,,156.6175072911647,276.89210872603485,,
ORDER,,25,5,1,,180.7508420548568,300.4466202887777,,
ORDER,,26,3,1,,197.07298902233845,379.6587665071046,,
ORDER,,27,5,1,,199.40200471747144,319.85624177132166,,
ORDER,,28,1,2,,224.52202033775146,317.92180140661867,,
ORDER,,29,0,2,,229.14360281289214,338.8060086567986,,
ORDER,,30,4,1,,230.64433282889578,368.9611711602507,,
ORDER,,31,3,1,,251.30210635522462,437.8250629311146,,
ORDER,,32,5,2,,254.83390672163043,376.5803132058703,,
ORDER,,33,1,1,,257.3117268688322,362.9081046032855,,
ORDER,,34,4,1,,261.7769158668317,397.6162875998681,,
ORDER,,35,2,1,,267.225478484301,406.6748105852471,,
ORDER,,36,3,1,,278.2192237734608,450.4587321306565,,
ORDER,,37,2,1,,279.82618079291285,427.01005650691985,,
ORDER,,38,1,1,,281.7829175966575,376.888635446005,,
ORDER,,39,2,2,,283.8866227431984,424.40525050296264,,
ORDER,,40,1,4,,284.5697862763493,379.4869181611163,,
ORDER,,41,1,4,,292.59430026471597,382.8443842671353,,
ORDER,,42,1,4,,292.63323951841903,394.39609079817967,,
ORDER,,43,1,4,,295.86102921112075,390.0220668592128,,
ORDER,,44,1,4,,314.12854054860827,401.896341484583,,
ORDER,,45,1,4,,315.0477197935318,403.42589794719913,,
ORDER,,46,1,4,,316.2814601103092,422.2539702741725,,
ORDER,,47,1,4,,318.5487066085737,406.86848467109155,,
ORDER,,48,4,4,,323.3104787720354,460.98954647822586,,
ORDER,,49,3,1,,323.3714659305081,502.95577948929207,,
ORDER,,50,0,1,,324.2706487223037,448.9565392216857,,
ORDER,,51,0,1,,324.43844211022514,435.3864089326117,,
ORDER,,52,1,2,,328.23588221771996,433.2885626577513,,
ORDER,,53,3,1,,352.0696054480046,506.669964100574,,
ORDER,,54,3,2,,365.54542433038193,540.3429868508624,,
ORDER,,55,5,2,,380.97440120298916,498.017719424083,,
ORDER,,56,3,2,,386.87980246062347,569.8158587196256,,
ORDER,,57,5,4,,388.6567233155253,508.32515697483734,,
ORDER,,58,5,4,,389.4753167520902,511.43036956837847,,
ORDER,,59,2,1,,391.7737160396914,548.93005849162,,
ORDER,,60,1,1,,396.95022298742754,494.39406475719477,,
ORDER,,61,0,1,,398.41498972982487,525.1076298905107,,
ORDER,,62,5,1,,403.8189817857178,510.728328299621,,
ORDER,,63,1,1,,414.457846970553,511.17092347023237,,
ORDER,,64,4,1,,427.0017632135411,562.2860969166221,,
ORDER,,65,1,4,,439.165035892581,531.1150950350794,,
ORDER,,66,4,1,,439.2847428684603,565.6035648277593,,
ORDER,,67,5,1,,443.7567378832449,566.0632676657513,,
ORDER,,68,2,1,,448.9841249974807,601.4749743307451,,
ORDER,,69,4,1,,456.3474916051267,589.5286603422359,,
ORDER,,70,5,1,,459.7495524258613,578.7320289443983,,
ORDER,,71,4,1,,462.0585628443759,592.9239558620027,,
ORDER,,72,1,1,,462.33591502114075,560.9259856664694,,
ORDER,,73,3,1,,468.1897131923128,626.4436055665201,,
ORDER,,74,2,1,,482.7320632120565,633.6120797386305,,
ORDER,,75,0,2,,483.1041132995046,590.9262373925496,,
ORDER,,76,5,1,,483.28533906444443,604.9090882963845,,
ORDER,,77,4,2,,495.61525619249267,635.041094129054,,
ORDER,,78,3,1,,509.66686230113294,677.4691701082215,,
ORDER,,79,4,4,,517.6361692710296,653.0818307299216,,
ORDER,,80,1,4,,520.4305422168336,621.4475966539786,,
ORDER,,81,0,2,,523.8179357080863,647.7400577584575,,
ORDER,,82,4,1,,524.4021874330177,641.6351262026684,,
ORDER,,83,4,4,,525.6675720183121,639.0596531004998,,
ORDER,,84,4,1,,525.6927275602932,640.2893678320033,,
ORDER,,85,0,1,,527.6386019409082,654.7294921514307,,
ORDER,,86,4,2,,529.2429337957863,661.7240438066245,,
ORDER,,87,4,1,,540.6491844698575,670.4790155427388,,
ORDER,,88,0,2,,558.0538334152727,671.3856520495142,,
ORDER,,89,2,1,,566.0261366062649,700.0558905559684,,
