record_type,key,i,j,k,l,value,value2,value3,text
META,instance_id,,,,,,,,"""sensitivity_L_18_08_10_160_D1_rho095_loose_000_rm0_wsd075_rcd065"""
META,scale,,,,,,,,"""L"""
META,scenario,,,,,,,,"""D1"""
META,generation_seed,,,,,,,,3194321682
META,target_load_ratio,,,,,,,,0.95
META,due_tightness,,,,,,,,"""loose"""
META,worker_skill_density,,,,,,,,0.75
META,robot_capability_density,,,,,,,,0.65
META,relocation_multiplier,,,,,,,,0.0
META,num_stages,,,,,,,,8
META,generation_meta,,,,,,,,"{""paper_vs_implementation"":{""paper_specified"":[""scale ranges"",""70-100% route coverage"",""processing/efficiency/synergy distributions"",""skill/capability density choices"",""D1-D5 qualitative scenario definitions"",""load-ratio choices"",""weight distribution"",""due-date-factor ranges"",""relocation-time ranges"",""load-balance initial configuration with random perturbation""],""implementation_choices"":{""arrival_rate_calibration"":""work_content_over_effective_parallel_servers"",""same_stage_cells_are_adjacent"":true,""initial_configuration_perturbation_rate"":0.15,""scenario_timing_basis"":""order_index_fraction"",""base_product_mix"":""uniform""}},""base_arrival_rate_orders_per_minute"":0.29024564512235,""effective_parallel_servers_for_load_calibration"":18,""mean_minimum_route_work_minutes"":58.9156126452532,""actual_hr_compatibility_rate_parameter"":0.8110968552785714,""actual_worker_skill_density"":0.7083333333333334,""actual_robot_capability_density"":0.725,""instance_parameter_table"":{""scale"":""L"",""M"":18,""S"":8,""R"":10,""J"":160,""H"":12,""V"":8,""parameter_case_id"":""L_18_08_10_160""},""parameter_case_id"":""L_18_08_10_160"",""dimensions"":{""S"":8,""M"":18,""J"":160,""H"":12,""R"":10,""V"":8},""scenario_parameters"":{""timing_basis"":""order_index_fraction"",""base_product_mix"":""uniform"",""d2_sampled_burst_multiplier"":null,""d2_burst_window"":[0.4,0.7],""d3_mix_switch_ratio"":0.5,""d3_dominant_product_sequence"":[0,1],""d4_change_ratios"":[0.33,0.67],""d4_arrival_rate_multipliers"":[1.0,1.75,1.25],""d4_dominant_product_sequence"":[0,1,2],""d5_urgent_index_window"":[72,88],""d5_urgent_arrival_rate_multiplier"":3.0,""d5_urgent_dominant_product"":1,""dominant_product_share"":0.7},""route_stage_coverage"":[0.7,1.0],""min_multi_cell_stage_ratio"":0.3}"
CELL,,0,0,,,,,,
CELL,,1,0,,,,,,
CELL,,2,1,,,,,,
CELL,,3,2,,,,,,
CELL,,4,2,,,,,,
CELL,,5,2,,,,,,
CELL,,6,3,,,,,,
CELL,,7,4,,,,,,
CELL,,8,4,,,,,,
CELL,,9,4,,,,,,
CELL,,10,5,,,,,,
CELL,,11,5,,,,,,
CELL,,12,5,,,,,,
CELL,,13,6,,,,,,
CELL,,14,6,,,,,,
CELL,,15,7,,,,,,
CELL,,16,7,,,,,,
CELL,,17,7,,,,,,
ROUTE,,0,0,0,,,,,
ROUTE,,0,1,1,,,,,
ROUTE,,0,2,2,,,,,
ROUTE,,0,3,3,,,,,
ROUTE,,0,4,4,,,,,
ROUTE,,0,5,5,,,,,
ROUTE,,0,6,6,,,,,
ROUTE,,0,7,7,,,,,
ROUTE,,1,0,1,,,,,
ROUTE,,1,1,2,,,,,
ROUTE,,1,2,3,,,,,
ROUTE,,1,3,4,,,,,
ROUTE,,1,4,5,,,,,
ROUTE,,1,5,6,,,,,
ROUTE,,1,6,7,,,,,
ROUTE,,2,0,0,,,,,
ROUTE,,2,1,1,,,,,
ROUTE,,2,2,3,,,,,
ROUTE,,2,3,4,,,,,
ROUTE,,2,4,5,,,,,
ROUTE,,2,5,6,,,,,
ROUTE,,2,6,7,,,,,
ROUTE,,3,0,0,,,,,
ROUTE,,3,1,1,,,,,
ROUTE,,3,2,2,,,,,
ROUTE,,3,3,4,,,,,
ROUTE,,3,4,5,,,,,
ROUTE,,3,5,6,,,,,
ROUTE,,3,6,7,,,,,
ROUTE,,4,0,0,,,,,
ROUTE,,4,1,1,,,,,
ROUTE,,4,2,2,,,,,
ROUTE,,4,3,3,,,,,
ROUTE,,4,4,4,,,,,
ROUTE,,4,5,5,,,,,
ROUTE,,4,6,6,,,,,
ROUTE,,4,7,7,,,,,
ROUTE,,5,0,0,,,,,
ROUTE,,5,1,1,,,,,
ROUTE,,5,2,3,,,,,
ROUTE,,5,3,5,,,,,
ROUTE,,5,4,6,,,,,
ROUTE,,5,5,7,,,,,
ROUTE,,6,0,0,,,,,
ROUTE,,6,1,1,,,,,
ROUTE,,6,2,2,,,,,
ROUTE,,6,3,5,,,,,
ROUTE,,6,4,6,,,,,
ROUTE,,6,5,7,,,,,
ROUTE,,7,0,0,,,,,
ROUTE,,7,1,1,,,,,
ROUTE,,7,2,2,,,,,
ROUTE,,7,3,3,,,,,
ROUTE,,7,4,4,,,,,
ROUTE,,7,5,7,,,,,
BASE_PROCESS,,0,0,,,18.555148888957426,,,
BASE_PROCESS,,0,1,,,12.273946189434112,,,
BASE_PROCESS,,0,2,,,10.656612865065805,,,
BASE_PROCESS,,0,3,,,20.03391373473407,,,
BASE_PROCESS,,0,4,,,22.76434918758087,,,
BASE_PROCESS,,0,5,,,12.127298005115186,,,
BASE_PROCESS,,0,6,,,24.712294460779027,,,
BASE_PROCESS,,0,7,,,15.767106541872023,,,
BASE_PROCESS,,1,0,,,13.654921058179202,,,
BASE_PROCESS,,1,1,,,14.118800316828839,,,
BASE_PROCESS,,1,2,,,10.685987641970492,,,
BASE_PROCESS,,1,3,,,11.38257639543816,,,
BASE_PROCESS,,1,4,,,9.377863606346976,,,
BASE_PROCESS,,1,5,,,17.263044469602598,,,
BASE_PROCESS,,1,6,,,24.33490904833642,,,
BASE_PROCESS,,1,7,,,20.30417396517076,,,
BASE_PROCESS,,2,0,,,20.862597082673854,,,
BASE_PROCESS,,2,1,,,15.411523407217459,,,
BASE_PROCESS,,2,2,,,20.53607408536083,,,
BASE_PROCESS,,2,3,,,15.219595008993267,,,
BASE_PROCESS,,2,4,,,9.99569548606161,,,
BASE_PROCESS,,2,5,,,9.5854901853079,,,
BASE_PROCESS,,2,6,,,12.453296209185265,,,
BASE_PROCESS,,2,7,,,21.77795425658702,,,
BASE_PROCESS,,3,0,,,16.17124401417577,,,
BASE_PROCESS,,3,1,,,16.130954526770807,,,
BASE_PROCESS,,3,2,,,10.247746797261538,,,
BASE_PROCESS,,3,3,,,17.43436233778848,,,
BASE_PROCESS,,3,4,,,9.21592315378983,,,
BASE_PROCESS,,3,5,,,22.613464914797042,,,
BASE_PROCESS,,3,6,,,8.98772586446003,,,
BASE_PROCESS,,3,7,,,14.670814206950276,,,
BASE_PROCESS,,4,0,,,12.871794392242233,,,
BASE_PROCESS,,4,1,,,9.02421572738942,,,
BASE_PROCESS,,4,2,,,9.603594674606205,,,
BASE_PROCESS,,4,3,,,20.530227937174494,,,
BASE_PROCESS,,4,4,,,24.90384227835764,,,
BASE_PROCESS,,4,5,,,21.196570638816052,,,
BASE_PROCESS,,4,6,,,9.673964183639296,,,
BASE_PROCESS,,4,7,,,11.243564663656764,,,
BASE_PROCESS,,5,0,,,13.702966452736472,,,
BASE_PROCESS,,5,1,,,10.85741008016318,,,
BASE_PROCESS,,5,2,,,23.015458146767237,,,
BASE_PROCESS,,5,3,,,19.500324984493,,,
BASE_PROCESS,,5,4,,,18.429385139334382,,,
BASE_PROCESS,,5,5,,,15.818115544372906,,,
BASE_PROCESS,,5,6,,,15.341416931920346,,,
BASE_PROCESS,,5,7,,,20.41732580898741,,,
BASE_PROCESS,,6,0,,,21.456157874560624,,,
BASE_PROCESS,,6,1,,,14.705873265169965,,,
BASE_PROCESS,,6,2,,,16.516536131123534,,,
BASE_PROCESS,,6,3,,,18.371186848843735,,,
BASE_PROCESS,,6,4,,,17.256280671252433,,,
BASE_PROCESS,,6,5,,,21.451983745224716,,,
BASE_PROCESS,,6,6,,,11.316140867032935,,,
BASE_PROCESS,,6,7,,,19.051537407985915,,,
BASE_PROCESS,,7,0,,,20.45934042855629,,,
BASE_PROCESS,,7,1,,,15.918320155985212,,,
BASE_PROCESS,,7,2,,,17.62997842679145,,,
BASE_PROCESS,,7,3,,,9.211331693040345,,,
BASE_PROCESS,,7,4,,,19.699355762262655,,,
BASE_PROCESS,,7,5,,,23.55781374885641,,,
BASE_PROCESS,,7,6,,,8.822525899768454,,,
BASE_PROCESS,,7,7,,,8.507362981854282,,,
WORKER_SKILL,,0,0,,,1,,,
WORKER_SKILL,,0,1,,,1,,,
WORKER_SKILL,,0,2,,,1,,,
WORKER_SKILL,,0,3,,,1,,,
WORKER_SKILL,,0,4,,,1,,,
WORKER_SKILL,,0,5,,,1,,,
WORKER_SKILL,,0,6,,,1,,,
WORKER_SKILL,,0,7,,,0,,,
WORKER_SKILL,,1,0,,,1,,,
WORKER_SKILL,,1,1,,,1,,,
WORKER_SKILL,,1,2,,,1,,,
WORKER_SKILL,,1,3,,,0,,,
WORKER_SKILL,,1,4,,,1,,,
WORKER_SKILL,,1,5,,,0,,,
WORKER_SKILL,,1,6,,,0,,,
WORKER_SKILL,,1,7,,,1,,,
WORKER_SKILL,,2,0,,,1,,,
WORKER_SKILL,,2,1,,,0,,,
WORKER_SKILL,,2,2,,,0,,,
WORKER_SKILL,,2,3,,,1,,,
WORKER_SKILL,,2,4,,,1,,,
WORKER_SKILL,,2,5,,,1,,,
WORKER_SKILL,,2,6,,,1,,,
WORKER_SKILL,,2,7,,,0,,,
WORKER_SKILL,,3,0,,,1,,,
WORKER_SKILL,,3,1,,,0,,,
WORKER_SKILL,,3,2,,,1,,,
WORKER_SKILL,,3,3,,,1,,,
WORKER_SKILL,,3,4,,,0,,,
WORKER_SKILL,,3,5,,,1,,,
WORKER_SKILL,,3,6,,,1,,,
WORKER_SKILL,,3,7,,,1,,,
WORKER_SKILL,,4,0,,,1,,,
WORKER_SKILL,,4,1,,,1,,,
WORKER_SKILL,,4,2,,,1,,,
WORKER_SKILL,,4,3,,,1,,,
WORKER_SKILL,,4,4,,,1,,,
WORKER_SKILL,,4,5,,,1,,,
WORKER_SKILL,,4,6,,,0,,,
WORKER_SKILL,,4,7,,,1,,,
WORKER_SKILL,,5,0,,,1,,,
WORKER_SKILL,,5,1,,,1,,,
WORKER_SKILL,,5,2,,,1,,,
WORKER_SKILL,,5,3,,,0,,,
WORKER_SKILL,,5,4,,,1,,,
WORKER_SKILL,,5,5,,,1,,,
WORKER_SKILL,,5,6,,,1,,,
WORKER_SKILL,,5,7,,,1,,,
WORKER_SKILL,,6,0,,,1,,,
WORKER_SKILL,,6,1,,,0,,,
WORKER_SKILL,,6,2,,,1,,,
WORKER_SKILL,,6,3,,,1,,,
WORKER_SKILL,,6,4,,,0,,,
WORKER_SKILL,,6,5,,,1,,,
WORKER_SKILL,,6,6,,,0,,,
WORKER_SKILL,,6,7,,,1,,,
WORKER_SKILL,,7,0,,,0,,,
WORKER_SKILL,,7,1,,,1,,,
WORKER_SKILL,,7,2,,,1,,,
WORKER_SKILL,,7,3,,,1,,,
WORKER_SKILL,,7,4,,,1,,,
WORKER_SKILL,,7,5,,,0,,,
WORKER_SKILL,,7,6,,,0,,,
WORKER_SKILL,,7,7,,,1,,,
WORKER_SKILL,,8,0,,,0,,,
WORKER_SKILL,,8,1,,,1,,,
WORKER_SKILL,,8,2,,,0,,,
WORKER_SKILL,,8,3,,,0,,,
WORKER_SKILL,,8,4,,,1,,,
WORKER_SKILL,,8,5,,,1,,,
WORKER_SKILL,,8,6,,,1,,,
WORKER_SKILL,,8,7,,,1,,,
WORKER_SKILL,,9,0,,,0,,,
WORKER_SKILL,,9,1,,,1,,,
WORKER_SKILL,,9,2,,,1,,,
WORKER_SKILL,,9,3,,,0,,,
WORKER_SKILL,,9,4,,,1,,,
WORKER_SKILL,,9,5,,,1,,,
WORKER_SKILL,,9,6,,,1,,,
WORKER_SKILL,,9,7,,,1,,,
WORKER_SKILL,,10,0,,,1,,,
WORKER_SKILL,,10,1,,,1,,,
WORKER_SKILL,,10,2,,,0,,,
WORKER_SKILL,,10,3,,,0,,,
WORKER_SKILL,,10,4,,,1,,,
WORKER_SKILL,,10,5,,,1,,,
WORKER_SKILL,,10,6,,,1,,,
WORKER_SKILL,,10,7,,,1,,,
WORKER_SKILL,,11,0,,,1,,,
WORKER_SKILL,,11,1,,,0,,,
WORKER_SKILL,,11,2,,,1,,,
WORKER_SKILL,,11,3,,,0,,,
WORKER_SKILL,,11,4,,,1,,,
WORKER_SKILL,,11,5,,,0,,,
WORKER_SKILL,,11,6,,,0,,,
WORKER_SKILL,,11,7,,,1,,,
WORKER_EFF,,0,0,,,1.0529164784294018,,,
WORKER_EFF,,0,1,,,0.8306009475781176,,,
WORKER_EFF,,0,2,,,0.9029195603720487,,,
WORKER_EFF,,0,3,,,0.8486473658451695,,,
WORKER_EFF,,0,4,,,1.1417944399655442,,,
WORKER_EFF,,0,5,,,1.019236022311036,,,
WORKER_EFF,,0,6,,,1.072109564264787,,,
WORKER_EFF,,0,7,,,1.1119778827241333,,,
WORKER_EFF,,1,0,,,0.9773171151859593,,,
WORKER_EFF,,1,1,,,1.1530620472460498,,,
WORKER_EFF,,1,2,,,1.0090988525522406,,,
WORKER_EFF,,1,3,,,1.1979408588108718,,,
WORKER_EFF,,1,4,,,0.9123284626904352,,,
WORKER_EFF,,1,5,,,1.099016067686255,,,
WORKER_EFF,,1,6,,,1.0509759611711373,,,
WORKER_EFF,,1,7,,,1.0043373855660336,,,
WORKER_EFF,,2,0,,,0.8164178607380086,,,
WORKER_EFF,,2,1,,,0.8884393983828442,,,
WORKER_EFF,,2,2,,,0.8084868256839526,,,
WORKER_EFF,,2,3,,,1.1930919259474217,,,
WORKER_EFF,,2,4,,,0.9844115439508528,,,
WORKER_EFF,,2,5,,,0.947589901643146,,,
WORKER_EFF,,2,6,,,0.8448487855465108,,,
WORKER_EFF,,2,7,,,1.1255632644206206,,,
WORKER_EFF,,3,0,,,0.8479086649685406,,,
WORKER_EFF,,3,1,,,0.9659128647130453,,,
WORKER_EFF,,3,2,,,1.183643709280916,,,
WORKER_EFF,,3,3,,,1.1092159791941416,,,
WORKER_EFF,,3,4,,,0.8941918346651087,,,
WORKER_EFF,,3,5,,,0.9257379757077191,,,
WORKER_EFF,,3,6,,,1.0102217430475586,,,
WORKER_EFF,,3,7,,,1.1444145411108542,,,
WORKER_EFF,,4,0,,,1.121855487536062,,,
WORKER_EFF,,4,1,,,1.185364562045467,,,
WORKER_EFF,,4,2,,,1.117891913899874,,,
WORKER_EFF,,4,3,,,0.942391129328144,,,
WORKER_EFF,,4,4,,,0.9186900482273193,,,
WORKER_EFF,,4,5,,,1.0194238065764554,,,
WORKER_EFF,,4,6,,,0.9676687969962882,,,
WORKER_EFF,,4,7,,,1.1288869616193646,,,
WORKER_EFF,,5,0,,,1.0336957021161293,,,
WORKER_EFF,,5,1,,,1.170849276117238,,,
WORKER_EFF,,5,2,,,1.1456302272165624,,,
WORKER_EFF,,5,3,,,0.861250091608012,,,
WORKER_EFF,,5,4,,,0.9267823031241786,,,
WORKER_EFF,,5,5,,,0.9927474938988081,,,
WORKER_EFF,,5,6,,,0.9682509717390765,,,
WORKER_EFF,,5,7,,,1.16098988306286,,,
WORKER_EFF,,6,0,,,0.9669526033621454,,,
WORKER_EFF,,6,1,,,1.1661931041542932,,,
WORKER_EFF,,6,2,,,1.0531417493510293,,,
WORKER_EFF,,6,3,,,1.132845759899615,,,
WORKER_EFF,,6,4,,,1.107056980176504,,,
WORKER_EFF,,6,5,,,0.9982523873167031,,,
WORKER_EFF,,6,6,,,1.1497853656349148,,,
WORKER_EFF,,6,7,,,0.9799478166701335,,,
WORKER_EFF,,7,0,,,0.8157643229228588,,,
WORKER_EFF,,7,1,,,1.0479090788506866,,,
WORKER_EFF,,7,2,,,0.9172534941707859,,,
WORKER_EFF,,7,3,,,1.1349264221855149,,,
WORKER_EFF,,7,4,,,1.0113083469081916,,,
WORKER_EFF,,7,5,,,1.1347722279869168,,,
WORKER_EFF,,7,6,,,0.939720300962448,,,
WORKER_EFF,,7,7,,,1.0048081200346288,,,
WORKER_EFF,,8,0,,,0.8535905399499162,,,
WORKER_EFF,,8,1,,,1.1326178532842694,,,
WORKER_EFF,,8,2,,,1.1453873873534763,,,
WORKER_EFF,,8,3,,,1.0840693656983817,,,
WORKER_EFF,,8,4,,,0.8586371540551723,,,
WORKER_EFF,,8,5,,,0.8920743434977753,,,
WORKER_EFF,,8,6,,,0.8518820694713113,,,
WORKER_EFF,,8,7,,,1.0380783604286563,,,
WORKER_EFF,,9,0,,,1.0690579241086442,,,
WORKER_EFF,,9,1,,,1.0313181513409413,,,
WORKER_EFF,,9,2,,,1.004407167842558,,,
WORKER_EFF,,9,3,,,1.0677594537590864,,,
WORKER_EFF,,9,4,,,0.8880288761102023,,,
WORKER_EFF,,9,5,,,0.9322863922987368,,,
WORKER_EFF,,9,6,,,0.8445882708896731,,,
WORKER_EFF,,9,7,,,0.9308632799108891,,,
WORKER_EFF,,10,0,,,0.8514962067913088,,,
WORKER_EFF,,10,1,,,1.0372243492271385,,,
WORKER_EFF,,10,2,,,1.141686827206776,,,
WORKER_EFF,,10,3,,,1.169467801784643,,,
WORKER_EFF,,10,4,,,0.8996007103963208,,,
WORKER_EFF,,10,5,,,1.0564541445124425,,,
WORKER_EFF,,10,6,,,0.8112683702905003,,,
WORKER_EFF,,10,7,,,1.0946099430491278,,,
WORKER_EFF,,11,0,,,1.1103932751678767,,,
WORKER_EFF,,11,1,,,0.9726861520768395,,,
WORKER_EFF,,11,2,,,0.9254205006481597,,,
WORKER_EFF,,11,3,,,1.0031414423377014,,,
WORKER_EFF,,11,4,,,1.016627397665671,,,
WORKER_EFF,,11,5,,,0.9466960066893356,,,
WORKER_EFF,,11,6,,,0.8438453233064468,,,
WORKER_EFF,,11,7,,,1.1578795658948693,,,
ROBOT_CAP,,0,0,,,1,,,
ROBOT_CAP,,0,1,,,1,,,
ROBOT_CAP,,0,2,,,1,,,
ROBOT_CAP,,0,3,,,1,,,
ROBOT_CAP,,0,4,,,1,,,
ROBOT_CAP,,0,5,,,1,,,
ROBOT_CAP,,0,6,,,1,,,
ROBOT_CAP,,0,7,,,1,,,
ROBOT_CAP,,1,0,,,1,,,
ROBOT_CAP,,1,1,,,1,,,
ROBOT_CAP,,1,2,,,1,,,
ROBOT_CAP,,1,3,,,1,,,
ROBOT_CAP,,1,4,,,1,,,
ROBOT_CAP,,1,5,,,1,,,
ROBOT_CAP,,1,6,,,1,,,
ROBOT_CAP,,1,7,,,1,,,
ROBOT_CAP,,2,0,,,1,,,
ROBOT_CAP,,2,1,,,1,,,
ROBOT_CAP,,2,2,,,0,,,
ROBOT_CAP,,2,3,,,0,,,
ROBOT_CAP,,2,4,,,1,,,
ROBOT_CAP,,2,5,,,1,,,
ROBOT_CAP,,2,6,,,1,,,
ROBOT_CAP,,2,7,,,1,,,
ROBOT_CAP,,3,0,,,0,,,
ROBOT_CAP,,3,1,,,1,,,
ROBOT_CAP,,3,2,,,1,,,
ROBOT_CAP,,3,3,,,1,,,
ROBOT_CAP,,3,4,,,0,,,
ROBOT_CAP,,3,5,,,1,,,
ROBOT_CAP,,3,6,,,0,,,
ROBOT_CAP,,3,7,,,1,,,
ROBOT_CAP,,4,0,,,1,,,
ROBOT_CAP,,4,1,,,0,,,
ROBOT_CAP,,4,2,,,1,,,
ROBOT_CAP,,4,3,,,1,,,
ROBOT_CAP,,4,4,,,1,,,
ROBOT_CAP,,4,5,,,1,,,
ROBOT_CAP,,4,6,,,0,,,
ROBOT_CAP,,4,7,,,0,,,
ROBOT_CAP,,5,0,,,1,,,
ROBOT_CAP,,5,1,,,0,,,
ROBOT_CAP,,5,2,,,0,,,
ROBOT_CAP,,5,3,,,0,,,
ROBOT_CAP,,5,4,,,1,,,
ROBOT_CAP,,5,5,,,1,,,
ROBOT_CAP,,5,6,,,0,,,
ROBOT_CAP,,5,7,,,1,,,
ROBOT_CAP,,6,0,,,0,,,
ROBOT_CAP,,6,1,,,1,,,
ROBOT_CAP,,6,2,,,1,,,
ROBOT_CAP,,6,3,,,1,,,
ROBOT_CAP,,6,4,,,1,,,
ROBOT_CAP,,6,5,,,1,,,
ROBOT_CAP,,6,6,,,1,,,
ROBOT_CAP,,6,7,,,0,,,
ROBOT_CAP,,7,0,,,1,,,
ROBOT_CAP,,7,1,,,1,,,
ROBOT_CAP,,7,2,,,1,,,
ROBOT_CAP,,7,3,,,0,,,
ROBOT_CAP,,7,4,,,0,,,
ROBOT_CAP,,7,5,,,1,,,
ROBOT_CAP,,7,6,,,0,,,
ROBOT_CAP,,7,7,,,1,,,
ROBOT_CAP,,8,0,,,1,,,
ROBOT_CAP,,8,1,,,0,,,
ROBOT_CAP,,8,2,,,0,,,
ROBOT_CAP,,8,3,,,1,,,
ROBOT_CAP,,8,4,,,1,,,
ROBOT_CAP,,8,5,,,0,,,
ROBOT_CAP,,8,6,,,1,,,
ROBOT_CAP,,8,7,,,0,,,
ROBOT_CAP,,9,0,,,1,,,
ROBOT_CAP,,9,1,,,1,,,
ROBOT_CAP,,9,2,,,1,,,
ROBOT_CAP,,9,3,,,1,,,
ROBOT_CAP,,9,4,,,0,,,
ROBOT_CAP,,9,5,,,1,,,
ROBOT_CAP,,9,6,,,1,,,
ROBOT_CAP,,9,7,,,1,,,
ROBOT_EFF,,0,0,,,1.0712892516182317,,,
ROBOT_EFF,,0,1,,,0.8712209508650386,,,
ROBOT_EFF,,0,2,,,1.1668984499014154,,,
ROBOT_EFF,,0,3,,,1.1384287498467587,,,
ROBOT_EFF,,0,4,,,0.9715167610975849,,,
ROBOT_EFF,,0,5,,,1.2457990140712876,,,
ROBOT_EFF,,0,6,,,1.140344160682913,,,
ROBOT_EFF,,0,7,,,1.1978772541283806,,,
ROBOT_EFF,,1,0,,,1.1151422873895318,,,
ROBOT_EFF,,1,1,,,0.9942814038738076,,,
ROBOT_EFF,,1,2,,,0.9972171141624584,,,
ROBOT_EFF,,1,3,,,0.9779658908035116,,,
ROBOT_EFF,,1,4,,,0.852283746765022,,,
ROBOT_EFF,,1,5,,,1.0563608295964702,,,
ROBOT_EFF,,1,6,,,0.876634782969546,,,
ROBOT_EFF,,1,7,,,0.8714512708362803,,,
ROBOT_EFF,,2,0,,,0.9519198935425943,,,
ROBOT_EFF,,2,1,,,1.0757551637689855,,,
ROBOT_EFF,,2,2,,,1.2103877341256153,,,
ROBOT_EFF,,2,3,,,1.270110100947642,,,
ROBOT_EFF,,2,4,,,1.0431918661033548,,,
ROBOT_EFF,,2,5,,,0.871305740201021,,,
ROBOT_EFF,,2,6,,,1.1290920894978018,,,
ROBOT_EFF,,2,7,,,0.9702876369873632,,,
ROBOT_EFF,,3,0,,,0.9849347942829414,,,
ROBOT_EFF,,3,1,,,1.1275606202415482,,,
ROBOT_EFF,,3,2,,,1.1328929175647295,,,
ROBOT_EFF,,3,3,,,0.9721565875753464,,,
ROBOT_EFF,,3,4,,,1.1279973596902264,,,
ROBOT_EFF,,3,5,,,1.2225461393622803,,,
ROBOT_EFF,,3,6,,,1.1524685059022317,,,
ROBOT_EFF,,3,7,,,1.015577492220194,,,
ROBOT_EFF,,4,0,,,1.0342908540540534,,,
ROBOT_EFF,,4,1,,,1.0315293002448964,,,
ROBOT_EFF,,4,2,,,1.20010026701886,,,
ROBOT_EFF,,4,3,,,1.179791872293325,,,
ROBOT_EFF,,4,4,,,1.0261300673715779,,,
ROBOT_EFF,,4,5,,,0.938046267727525,,,
ROBOT_EFF,,4,6,,,0.9482678370692891,,,
ROBOT_EFF,,4,7,,,1.0585903342941652,,,
ROBOT_EFF,,5,0,,,1.2088191719433312,,,
ROBOT_EFF,,5,1,,,0.9496440734227634,,,
ROBOT_EFF,,5,2,,,1.01840029739551,,,
ROBOT_EFF,,5,3,,,0.9952329618619185,,,
ROBOT_EFF,,5,4,,,1.2905025720420535,,,
ROBOT_EFF,,5,5,,,0.906760426363121,,,
ROBOT_EFF,,5,6,,,1.2978026459292635,,,
ROBOT_EFF,,5,7,,,1.100777235443829,,,
ROBOT_EFF,,6,0,,,0.9973075238260962,,,
ROBOT_EFF,,6,1,,,1.1502775768100202,,,
ROBOT_EFF,,6,2,,,1.10057532881382,,,
ROBOT_EFF,,6,3,,,0.9475087909040041,,,
ROBOT_EFF,,6,4,,,1.1498838540538496,,,
ROBOT_EFF,,6,5,,,1.2502064686158116,,,
ROBOT_EFF,,6,6,,,0.9290778893051503,,,
ROBOT_EFF,,6,7,,,1.0926094788872376,,,
ROBOT_EFF,,7,0,,,1.004935314573574,,,
ROBOT_EFF,,7,1,,,1.0740943766094941,,,
ROBOT_EFF,,7,2,,,1.2494777624022047,,,
ROBOT_EFF,,7,3,,,0.9246286380676972,,,
ROBOT_EFF,,7,4,,,0.960408175939353,,,
ROBOT_EFF,,7,5,,,1.1896521590092242,,,
ROBOT_EFF,,7,6,,,1.0294807258478342,,,
ROBOT_EFF,,7,7,,,1.1522985338389606,,,
ROBOT_EFF,,8,0,,,1.0255531400403801,,,
ROBOT_EFF,,8,1,,,1.0502034025283509,,,
ROBOT_EFF,,8,2,,,1.1654084773050553,,,
ROBOT_EFF,,8,3,,,1.1674917941429994,,,
ROBOT_EFF,,8,4,,,1.1153376827918635,,,
ROBOT_EFF,,8,5,,,0.910637903916237,,,
ROBOT_EFF,,8,6,,,1.1719935774774384,,,
ROBOT_EFF,,8,7,,,0.9955365917492889,,,
ROBOT_EFF,,9,0,,,1.176386941221638,,,
ROBOT_EFF,,9,1,,,0.9261330071320034,,,
ROBOT_EFF,,9,2,,,1.1541355662140873,,,
ROBOT_EFF,,9,3,,,1.2055040144945144,,,
ROBOT_EFF,,9,4,,,1.1274026180306531,,,
ROBOT_EFF,,9,5,,,0.905400978308207,,,
ROBOT_EFF,,9,6,,,1.1595723657810904,,,
ROBOT_EFF,,9,7,,,1.1974657832228806,,,
HR_COMPAT,,0,0,0,,1,,,
HR_SYNERGY,,0,0,0,,0.7257079604745011,,,
HR_COMPAT,,0,0,1,,1,,,
HR_SYNERGY,,0,0,1,,0.8561442354276815,,,
HR_COMPAT,,0,0,2,,0,,,
HR_SYNERGY,,0,0,2,,0.8573369735956735,,,
HR_COMPAT,,0,0,3,,1,,,
HR_SYNERGY,,0,0,3,,0.724111192608536,,,
HR_COMPAT,,0,0,4,,1,,,
HR_SYNERGY,,0,0,4,,0.7968168381913592,,,
HR_COMPAT,,0,0,5,,1,,,
HR_SYNERGY,,0,0,5,,0.8298790769623466,,,
HR_COMPAT,,0,0,6,,1,,,
HR_SYNERGY,,0,0,6,,0.8243134182269016,,,
HR_COMPAT,,0,0,7,,0,,,
HR_SYNERGY,,0,0,7,,0.8652342092502925,,,
HR_COMPAT,,0,1,0,,1,,,
HR_SYNERGY,,0,1,0,,0.7863389397789583,,,
HR_COMPAT,,0,1,1,,1,,,
HR_SYNERGY,,0,1,1,,0.7534032935234065,,,
HR_COMPAT,,0,1,2,,1,,,
HR_SYNERGY,,0,1,2,,0.8322947282600798,,,
HR_COMPAT,,0,1,3,,1,,,
HR_SYNERGY,,0,1,3,,0.7763079408346396,,,
HR_COMPAT,,0,1,4,,1,,,
HR_SYNERGY,,0,1,4,,0.7018189178516767,,,
HR_COMPAT,,0,1,5,,1,,,
HR_SYNERGY,,0,1,5,,0.7881245406137066,,,
HR_COMPAT,,0,1,6,,1,,,
HR_SYNERGY,,0,1,6,,0.8296827683716529,,,
HR_COMPAT,,0,1,7,,0,,,
HR_SYNERGY,,0,1,7,,0.7352550798681701,,,
HR_COMPAT,,0,2,0,,1,,,
HR_SYNERGY,,0,2,0,,0.6747330953555655,,,
HR_COMPAT,,0,2,1,,0,,,
HR_SYNERGY,,0,2,1,,0.7482081054165232,,,
HR_COMPAT,,0,2,2,,0,,,
HR_SYNERGY,,0,2,2,,0.7257611966677944,,,
HR_COMPAT,,0,2,3,,0,,,
HR_SYNERGY,,0,2,3,,0.6705615630455075,,,
HR_COMPAT,,0,2,4,,1,,,
HR_SYNERGY,,0,2,4,,0.8973539517838203,,,
HR_COMPAT,,0,2,5,,1,,,
HR_SYNERGY,,0,2,5,,0.7297840138345348,,,
HR_COMPAT,,0,2,6,,1,,,
HR_SYNERGY,,0,2,6,,0.7560594620030184,,,
HR_COMPAT,,0,2,7,,0,,,
HR_SYNERGY,,0,2,7,,0.8126525043300102,,,
HR_COMPAT,,0,3,0,,0,,,
HR_SYNERGY,,0,3,0,,0.8103481973632742,,,
HR_COMPAT,,0,3,1,,1,,,
HR_SYNERGY,,0,3,1,,0.8987100641761923,,,
HR_COMPAT,,0,3,2,,1,,,
HR_SYNERGY,,0,3,2,,0.7045505097728182,,,
HR_COMPAT,,0,3,3,,1,,,
HR_SYNERGY,,0,3,3,,0.6837090381070585,,,
HR_COMPAT,,0,3,4,,0,,,
HR_SYNERGY,,0,3,4,,0.8006422823454348,,,
HR_COMPAT,,0,3,5,,1,,,
HR_SYNERGY,,0,3,5,,0.6749216166229912,,,
HR_COMPAT,,0,3,6,,0,,,
HR_SYNERGY,,0,3,6,,0.7280572999938549,,,
HR_COMPAT,,0,3,7,,0,,,
HR_SYNERGY,,0,3,7,,0.8815415782803975,,,
HR_COMPAT,,0,4,0,,0,,,
HR_SYNERGY,,0,4,0,,0.8292189089550469,,,
HR_COMPAT,,0,4,1,,0,,,
HR_SYNERGY,,0,4,1,,0.8930134064759622,,,
HR_COMPAT,,0,4,2,,1,,,
HR_SYNERGY,,0,4,2,,0.7838922645351007,,,
HR_COMPAT,,0,4,3,,1,,,
HR_SYNERGY,,0,4,3,,0.8953754796153577,,,
HR_COMPAT,,0,4,4,,1,,,
HR_SYNERGY,,0,4,4,,0.7503752305595809,,,
HR_COMPAT,,0,4,5,,1,,,
HR_SYNERGY,,0,4,5,,0.8285581059526884,,,
HR_COMPAT,,0,4,6,,0,,,
HR_SYNERGY,,0,4,6,,0.8079755186718343,,,
HR_COMPAT,,0,4,7,,0,,,
HR_SYNERGY,,0,4,7,,0.8762722332827233,,,
HR_COMPAT,,0,5,0,,1,,,
HR_SYNERGY,,0,5,0,,0.7810662833383989,,,
HR_COMPAT,,0,5,1,,0,,,
HR_SYNERGY,,0,5,1,,0.7825954840589906,,,
HR_COMPAT,,0,5,2,,0,,,
HR_SYNERGY,,0,5,2,,0.8820808570857179,,,
HR_COMPAT,,0,5,3,,0,,,
HR_SYNERGY,,0,5,3,,0.8691793130883124,,,
HR_COMPAT,,0,5,4,,0,,,
HR_SYNERGY,,0,5,4,,0.6647305866127678,,,
HR_COMPAT,,0,5,5,,1,,,
HR_SYNERGY,,0,5,5,,0.7160989261217976,,,
HR_COMPAT,,0,5,6,,0,,,
HR_SYNERGY,,0,5,6,,0.8242420909567497,,,
HR_COMPAT,,0,5,7,,0,,,
HR_SYNERGY,,0,5,7,,0.8788347410210765,,,
HR_COMPAT,,0,6,0,,0,,,
HR_SYNERGY,,0,6,0,,0.8908445478981617,,,
HR_COMPAT,,0,6,1,,1,,,
HR_SYNERGY,,0,6,1,,0.8747427543312956,,,
HR_COMPAT,,0,6,2,,1,,,
HR_SYNERGY,,0,6,2,,0.7507002018508557,,,
HR_COMPAT,,0,6,3,,1,,,
HR_SYNERGY,,0,6,3,,0.7209409968105615,,,
HR_COMPAT,,0,6,4,,1,,,
HR_SYNERGY,,0,6,4,,0.7859208859958279,,,
HR_COMPAT,,0,6,5,,1,,,
HR_SYNERGY,,0,6,5,,0.8163607072420642,,,
HR_COMPAT,,0,6,6,,0,,,
HR_SYNERGY,,0,6,6,,0.6817430554071249,,,
HR_COMPAT,,0,6,7,,0,,,
HR_SYNERGY,,0,6,7,,0.7024436650830197,,,
HR_COMPAT,,0,7,0,,1,,,
HR_SYNERGY,,0,7,0,,0.7569532401550871,,,
HR_COMPAT,,0,7,1,,1,,,
HR_SYNERGY,,0,7,1,,0.674246964797054,,,
HR_COMPAT,,0,7,2,,1,,,
HR_SYNERGY,,0,7,2,,0.658690925658111,,,
HR_COMPAT,,0,7,3,,0,,,
HR_SYNERGY,,0,7,3,,0.8370836155345892,,,
HR_COMPAT,,0,7,4,,0,,,
HR_SYNERGY,,0,7,4,,0.8783283226191203,,,
HR_COMPAT,,0,7,5,,1,,,
HR_SYNERGY,,0,7,5,,0.7197717244100553,,,
HR_COMPAT,,0,7,6,,0,,,
HR_SYNERGY,,0,7,6,,0.720331875066178,,,
HR_COMPAT,,0,7,7,,0,,,
HR_SYNERGY,,0,7,7,,0.8839233347477724,,,
HR_COMPAT,,0,8,0,,0,,,
HR_SYNERGY,,0,8,0,,0.8018907722552169,,,
HR_COMPAT,,0,8,1,,0,,,
HR_SYNERGY,,0,8,1,,0.7702746981506852,,,
HR_COMPAT,,0,8,2,,0,,,
HR_SYNERGY,,0,8,2,,0.8980109494712152,,,
HR_COMPAT,,0,8,3,,1,,,
HR_SYNERGY,,0,8,3,,0.8161097839262085,,,
HR_COMPAT,,0,8,4,,0,,,
HR_SYNERGY,,0,8,4,,0.661450023211621,,,
HR_COMPAT,,0,8,5,,0,,,
HR_SYNERGY,,0,8,5,,0.7241270922563519,,,
HR_COMPAT,,0,8,6,,1,,,
HR_SYNERGY,,0,8,6,,0.8505518013184811,,,
HR_COMPAT,,0,8,7,,0,,,
HR_SYNERGY,,0,8,7,,0.7494004455402672,,,
HR_COMPAT,,0,9,0,,1,,,
HR_SYNERGY,,0,9,0,,0.7558997597496878,,,
HR_COMPAT,,0,9,1,,0,,,
HR_SYNERGY,,0,9,1,,0.8681974822587957,,,
HR_COMPAT,,0,9,2,,0,,,
HR_SYNERGY,,0,9,2,,0.8360571421744263,,,
HR_COMPAT,,0,9,3,,1,,,
HR_SYNERGY,,0,9,3,,0.8180631804681884,,,
HR_COMPAT,,0,9,4,,0,,,
HR_SYNERGY,,0,9,4,,0.668292701783477,,,
HR_COMPAT,,0,9,5,,1,,,
HR_SYNERGY,,0,9,5,,0.8901788863964454,,,
HR_COMPAT,,0,9,6,,0,,,
HR_SYNERGY,,0,9,6,,0.7443345977007625,,,
HR_COMPAT,,0,9,7,,0,,,
HR_SYNERGY,,0,9,7,,0.6566190835506506,,,
HR_COMPAT,,1,0,0,,1,,,
HR_SYNERGY,,1,0,0,,0.7767281502482359,,,
HR_COMPAT,,1,0,1,,1,,,
HR_SYNERGY,,1,0,1,,0.828654480918678,,,
HR_COMPAT,,1,0,2,,0,,,
HR_SYNERGY,,1,0,2,,0.8876971766514585,,,
HR_COMPAT,,1,0,3,,0,,,
HR_SYNERGY,,1,0,3,,0.6739479716157888,,,
HR_COMPAT,,1,0,4,,1,,,
HR_SYNERGY,,1,0,4,,0.7742327953608792,,,
HR_COMPAT,,1,0,5,,0,,,
HR_SYNERGY,,1,0,5,,0.7774099545119528,,,
HR_COMPAT,,1,0,6,,0,,,
HR_SYNERGY,,1,0,6,,0.719975453090486,,,
HR_COMPAT,,1,0,7,,1,,,
HR_SYNERGY,,1,0,7,,0.7230185729928484,,,
HR_COMPAT,,1,1,0,,1,,,
HR_SYNERGY,,1,1,0,,0.7862718127964917,,,
HR_COMPAT,,1,1,1,,0,,,
HR_SYNERGY,,1,1,1,,0.8226343019482221,,,
HR_COMPAT,,1,1,2,,1,,,
HR_SYNERGY,,1,1,2,,0.766246517964521,,,
HR_COMPAT,,1,1,3,,0,,,
HR_SYNERGY,,1,1,3,,0.7812378194615581,,,
HR_COMPAT,,1,1,4,,0,,,
HR_SYNERGY,,1,1,4,,0.8167293198803431,,,
HR_COMPAT,,1,1,5,,0,,,
HR_SYNERGY,,1,1,5,,0.7332592730691364,,,
HR_COMPAT,,1,1,6,,0,,,
HR_SYNERGY,,1,1,6,,0.6539596570405432,,,
HR_COMPAT,,1,1,7,,1,,,
HR_SYNERGY,,1,1,7,,0.7950775878093608,,,
HR_COMPAT,,1,2,0,,0,,,
HR_SYNERGY,,1,2,0,,0.7948508340632334,,,
HR_COMPAT,,1,2,1,,1,,,
HR_SYNERGY,,1,2,1,,0.7245305765391583,,,
HR_COMPAT,,1,2,2,,0,,,
HR_SYNERGY,,1,2,2,,0.7355417182404096,,,
HR_COMPAT,,1,2,3,,0,,,
HR_SYNERGY,,1,2,3,,0.7254144744759891,,,
HR_COMPAT,,1,2,4,,1,,,
HR_SYNERGY,,1,2,4,,0.7034222339054367,,,
HR_COMPAT,,1,2,5,,0,,,
HR_SYNERGY,,1,2,5,,0.8875302198592786,,,
HR_COMPAT,,1,2,6,,0,,,
HR_SYNERGY,,1,2,6,,0.7076184216297637,,,
HR_COMPAT,,1,2,7,,1,,,
HR_SYNERGY,,1,2,7,,0.7553166752139835,,,
HR_COMPAT,,1,3,0,,0,,,
HR_SYNERGY,,1,3,0,,0.6834570579790233,,,
HR_COMPAT,,1,3,1,,1,,,
HR_SYNERGY,,1,3,1,,0.7879797526681653,,,
HR_COMPAT,,1,3,2,,1,,,
HR_SYNERGY,,1,3,2,,0.7090461802644984,,,
HR_COMPAT,,1,3,3,,0,,,
HR_SYNERGY,,1,3,3,,0.740332894708039,,,
HR_COMPAT,,1,3,4,,0,,,
HR_SYNERGY,,1,3,4,,0.793811164303369,,,
HR_COMPAT,,1,3,5,,0,,,
HR_SYNERGY,,1,3,5,,0.6625461494338478,,,
HR_COMPAT,,1,3,6,,0,,,
HR_SYNERGY,,1,3,6,,0.6591952475610503,,,
HR_COMPAT,,1,3,7,,1,,,
HR_SYNERGY,,1,3,7,,0.6702840525602896,,,
HR_COMPAT,,1,4,0,,1,,,
HR_SYNERGY,,1,4,0,,0.7549279579132913,,,
HR_COMPAT,,1,4,1,,0,,,
HR_SYNERGY,,1,4,1,,0.8153507290406341,,,
HR_COMPAT,,1,4,2,,1,,,
HR_SYNERGY,,1,4,2,,0.7300381779271263,,,
HR_COMPAT,,1,4,3,,0,,,
HR_SYNERGY,,1,4,3,,0.6823241634108879,,,
HR_COMPAT,,1,4,4,,1,,,
HR_SYNERGY,,1,4,4,,0.8872116193841124,,,
HR_COMPAT,,1,4,5,,0,,,
HR_SYNERGY,,1,4,5,,0.8081607944665707,,,
HR_COMPAT,,1,4,6,,0,,,
HR_SYNERGY,,1,4,6,,0.6972933728486244,,,
HR_COMPAT,,1,4,7,,0,,,
HR_SYNERGY,,1,4,7,,0.7135252790068369,,,
HR_COMPAT,,1,5,0,,1,,,
HR_SYNERGY,,1,5,0,,0.7333557366548638,,,
HR_COMPAT,,1,5,1,,0,,,
HR_SYNERGY,,1,5,1,,0.7686332299824724,,,
HR_COMPAT,,1,5,2,,0,,,
HR_SYNERGY,,1,5,2,,0.6536877615232934,,,
HR_COMPAT,,1,5,3,,0,,,
HR_SYNERGY,,1,5,3,,0.7922338988939028,,,
HR_COMPAT,,1,5,4,,1,,,
HR_SYNERGY,,1,5,4,,0.7238966209455611,,,
HR_COMPAT,,1,5,5,,0,,,
HR_SYNERGY,,1,5,5,,0.777452896393282,,,
HR_COMPAT,,1,5,6,,0,,,
HR_SYNERGY,,1,5,6,,0.889803940651813,,,
HR_COMPAT,,1,5,7,,1,,,
HR_SYNERGY,,1,5,7,,0.7609566361629266,,,
HR_COMPAT,,1,6,0,,0,,,
HR_SYNERGY,,1,6,0,,0.7207071601776333,,,
HR_COMPAT,,1,6,1,,0,,,
HR_SYNERGY,,1,6,1,,0.7884541530522706,,,
HR_COMPAT,,1,6,2,,1,,,
HR_SYNERGY,,1,6,2,,0.718213824190032,,,
HR_COMPAT,,1,6,3,,0,,,
HR_SYNERGY,,1,6,3,,0.7314707806555667,,,
HR_COMPAT,,1,6,4,,1,,,
HR_SYNERGY,,1,6,4,,0.7886981880175061,,,
HR_COMPAT,,1,6,5,,0,,,
HR_SYNERGY,,1,6,5,,0.7073325408368607,,,
HR_COMPAT,,1,6,6,,0,,,
HR_SYNERGY,,1,6,6,,0.7208074540985193,,,
HR_COMPAT,,1,6,7,,0,,,
HR_SYNERGY,,1,6,7,,0.7981754056113094,,,
HR_COMPAT,,1,7,0,,1,,,
HR_SYNERGY,,1,7,0,,0.6687310494781753,,,
HR_COMPAT,,1,7,1,,1,,,
HR_SYNERGY,,1,7,1,,0.7422352013409691,,,
HR_COMPAT,,1,7,2,,1,,,
HR_SYNERGY,,1,7,2,,0.738353781102297,,,
HR_COMPAT,,1,7,3,,0,,,
HR_SYNERGY,,1,7,3,,0.7033209192220069,,,
HR_COMPAT,,1,7,4,,0,,,
HR_SYNERGY,,1,7,4,,0.6935436029708248,,,
HR_COMPAT,,1,7,5,,0,,,
HR_SYNERGY,,1,7,5,,0.875885951435413,,,
HR_COMPAT,,1,7,6,,0,,,
HR_SYNERGY,,1,7,6,,0.7566662356890921,,,
HR_COMPAT,,1,7,7,,1,,,
HR_SYNERGY,,1,7,7,,0.7284702889264756,,,
HR_COMPAT,,1,8,0,,0,,,
HR_SYNERGY,,1,8,0,,0.74283670242891,,,
HR_COMPAT,,1,8,1,,0,,,
HR_SYNERGY,,1,8,1,,0.6944903960563802,,,
HR_COMPAT,,1,8,2,,0,,,
HR_SYNERGY,,1,8,2,,0.805853293735732,,,
HR_COMPAT,,1,8,3,,0,,,
HR_SYNERGY,,1,8,3,,0.6519153448949216,,,
HR_COMPAT,,1,8,4,,1,,,
HR_SYNERGY,,1,8,4,,0.6905894013245644,,,
HR_COMPAT,,1,8,5,,0,,,
HR_SYNERGY,,1,8,5,,0.858072281268846,,,
HR_COMPAT,,1,8,6,,0,,,
HR_SYNERGY,,1,8,6,,0.7244340098533757,,,
HR_COMPAT,,1,8,7,,0,,,
HR_SYNERGY,,1,8,7,,0.7597254178770484,,,
HR_COMPAT,,1,9,0,,1,,,
HR_SYNERGY,,1,9,0,,0.750494572252442,,,
HR_COMPAT,,1,9,1,,1,,,
HR_SYNERGY,,1,9,1,,0.7014606276871052,,,
HR_COMPAT,,1,9,2,,1,,,
HR_SYNERGY,,1,9,2,,0.7078636436652923,,,
HR_COMPAT,,1,9,3,,0,,,
HR_SYNERGY,,1,9,3,,0.8048620439688527,,,
HR_COMPAT,,1,9,4,,0,,,
HR_SYNERGY,,1,9,4,,0.8745087736855102,,,
HR_COMPAT,,1,9,5,,0,,,
HR_SYNERGY,,1,9,5,,0.8576993671383444,,,
HR_COMPAT,,1,9,6,,0,,,
HR_SYNERGY,,1,9,6,,0.7971397325888793,,,
HR_COMPAT,,1,9,7,,1,,,
HR_SYNERGY,,1,9,7,,0.6781349984179368,,,
HR_COMPAT,,2,0,0,,0,,,
HR_SYNERGY,,2,0,0,,0.850024363121787,,,
HR_COMPAT,,2,0,1,,0,,,
HR_SYNERGY,,2,0,1,,0.8177181704631186,,,
HR_COMPAT,,2,0,2,,0,,,
HR_SYNERGY,,2,0,2,,0.739306299846794,,,
HR_COMPAT,,2,0,3,,1,,,
HR_SYNERGY,,2,0,3,,0.8680550389493205,,,
HR_COMPAT,,2,0,4,,1,,,
HR_SYNERGY,,2,0,4,,0.7222382386426369,,,
HR_COMPAT,,2,0,5,,1,,,
HR_SYNERGY,,2,0,5,,0.7235755777116157,,,
HR_COMPAT,,2,0,6,,1,,,
HR_SYNERGY,,2,0,6,,0.7629983130699334,,,
HR_COMPAT,,2,0,7,,0,,,
HR_SYNERGY,,2,0,7,,0.7954383696695351,,,
HR_COMPAT,,2,1,0,,1,,,
HR_SYNERGY,,2,1,0,,0.8769364457582973,,,
HR_COMPAT,,2,1,1,,0,,,
HR_SYNERGY,,2,1,1,,0.8399091789661648,,,
HR_COMPAT,,2,1,2,,0,,,
HR_SYNERGY,,2,1,2,,0.8023479871822841,,,
HR_COMPAT,,2,1,3,,1,,,
HR_SYNERGY,,2,1,3,,0.6929967428475489,,,
HR_COMPAT,,2,1,4,,1,,,
HR_SYNERGY,,2,1,4,,0.8890124967268556,,,
HR_COMPAT,,2,1,5,,1,,,
HR_SYNERGY,,2,1,5,,0.8665618468780412,,,
HR_COMPAT,,2,1,6,,1,,,
HR_SYNERGY,,2,1,6,,0.818047566237389,,,
HR_COMPAT,,2,1,7,,0,,,
HR_SYNERGY,,2,1,7,,0.7149176234207848,,,
HR_COMPAT,,2,2,0,,0,,,
HR_SYNERGY,,2,2,0,,0.7474870465049033,,,
HR_COMPAT,,2,2,1,,0,,,
HR_SYNERGY,,2,2,1,,0.8596787994963142,,,
HR_COMPAT,,2,2,2,,0,,,
HR_SYNERGY,,2,2,2,,0.6717158654370539,,,
HR_COMPAT,,2,2,3,,0,,,
HR_SYNERGY,,2,2,3,,0.7468137598215349,,,
HR_COMPAT,,2,2,4,,1,,,
HR_SYNERGY,,2,2,4,,0.8050427119146589,,,
HR_COMPAT,,2,2,5,,1,,,
HR_SYNERGY,,2,2,5,,0.8813201344051748,,,
HR_COMPAT,,2,2,6,,1,,,
HR_SYNERGY,,2,2,6,,0.744912092689209,,,
HR_COMPAT,,2,2,7,,0,,,
HR_SYNERGY,,2,2,7,,0.8459109832666769,,,
HR_COMPAT,,2,3,0,,0,,,
HR_SYNERGY,,2,3,0,,0.7593582419629425,,,
HR_COMPAT,,2,3,1,,0,,,
HR_SYNERGY,,2,3,1,,0.8691703945237956,,,
HR_COMPAT,,2,3,2,,0,,,
HR_SYNERGY,,2,3,2,,0.7371754039005198,,,
HR_COMPAT,,2,3,3,,1,,,
HR_SYNERGY,,2,3,3,,0.7443697057176055,,,
HR_COMPAT,,2,3,4,,0,,,
HR_SYNERGY,,2,3,4,,0.7589184135564272,,,
HR_COMPAT,,2,3,5,,0,,,
HR_SYNERGY,,2,3,5,,0.7654339783739724,,,
HR_COMPAT,,2,3,6,,0,,,
HR_SYNERGY,,2,3,6,,0.7202333537616481,,,
HR_COMPAT,,2,3,7,,0,,,
HR_SYNERGY,,2,3,7,,0.8513574277466827,,,
HR_COMPAT,,2,4,0,,1,,,
HR_SYNERGY,,2,4,0,,0.7308539127507752,,,
HR_COMPAT,,2,4,1,,0,,,
HR_SYNERGY,,2,4,1,,0.7658125541190466,,,
HR_COMPAT,,2,4,2,,0,,,
HR_SYNERGY,,2,4,2,,0.7743692857429405,,,
HR_COMPAT,,2,4,3,,0,,,
HR_SYNERGY,,2,4,3,,0.762259907473498,,,
HR_COMPAT,,2,4,4,,1,,,
HR_SYNERGY,,2,4,4,,0.7518060248584321,,,
HR_COMPAT,,2,4,5,,1,,,
HR_SYNERGY,,2,4,5,,0.8258863792334221,,,
HR_COMPAT,,2,4,6,,0,,,
HR_SYNERGY,,2,4,6,,0.8436056882801943,,,
HR_COMPAT,,2,4,7,,0,,,
HR_SYNERGY,,2,4,7,,0.6685430105861883,,,
HR_COMPAT,,2,5,0,,1,,,
HR_SYNERGY,,2,5,0,,0.7662804042564264,,,
HR_COMPAT,,2,5,1,,0,,,
HR_SYNERGY,,2,5,1,,0.8154464898478962,,,
HR_COMPAT,,2,5,2,,0,,,
HR_SYNERGY,,2,5,2,,0.7974925281495766,,,
HR_COMPAT,,2,5,3,,0,,,
HR_SYNERGY,,2,5,3,,0.8427762147799945,,,
HR_COMPAT,,2,5,4,,1,,,
HR_SYNERGY,,2,5,4,,0.87835591868578,,,
HR_COMPAT,,2,5,5,,0,,,
HR_SYNERGY,,2,5,5,,0.7165715014308501,,,
HR_COMPAT,,2,5,6,,0,,,
HR_SYNERGY,,2,5,6,,0.6536370283807442,,,
HR_COMPAT,,2,5,7,,0,,,
HR_SYNERGY,,2,5,7,,0.7991611215050528,,,
HR_COMPAT,,2,6,0,,0,,,
HR_SYNERGY,,2,6,0,,0.8460155217112812,,,
HR_COMPAT,,2,6,1,,0,,,
HR_SYNERGY,,2,6,1,,0.7161443192035195,,,
HR_COMPAT,,2,6,2,,0,,,
HR_SYNERGY,,2,6,2,,0.7097747686986766,,,
HR_COMPAT,,2,6,3,,1,,,
HR_SYNERGY,,2,6,3,,0.7453829057127768,,,
HR_COMPAT,,2,6,4,,1,,,
HR_SYNERGY,,2,6,4,,0.6524920988041804,,,
HR_COMPAT,,2,6,5,,1,,,
HR_SYNERGY,,2,6,5,,0.7682389265322286,,,
HR_COMPAT,,2,6,6,,1,,,
HR_SYNERGY,,2,6,6,,0.6885231101188842,,,
HR_COMPAT,,2,6,7,,0,,,
HR_SYNERGY,,2,6,7,,0.8988781618540649,,,
HR_COMPAT,,2,7,0,,1,,,
HR_SYNERGY,,2,7,0,,0.6818733211847601,,,
HR_COMPAT,,2,7,1,,0,,,
HR_SYNERGY,,2,7,1,,0.8585039909420195,,,
HR_COMPAT,,2,7,2,,0,,,
HR_SYNERGY,,2,7,2,,0.7233604310709061,,,
HR_COMPAT,,2,7,3,,0,,,
HR_SYNERGY,,2,7,3,,0.7660231194750291,,,
HR_COMPAT,,2,7,4,,0,,,
HR_SYNERGY,,2,7,4,,0.7628923302421637,,,
HR_COMPAT,,2,7,5,,1,,,
HR_SYNERGY,,2,7,5,,0.6899709089750781,,,
HR_COMPAT,,2,7,6,,0,,,
HR_SYNERGY,,2,7,6,,0.7423497842669964,,,
HR_COMPAT,,2,7,7,,0,,,
HR_SYNERGY,,2,7,7,,0.7734943745660521,,,
HR_COMPAT,,2,8,0,,1,,,
HR_SYNERGY,,2,8,0,,0.8630823632532019,,,
HR_COMPAT,,2,8,1,,0,,,
HR_SYNERGY,,2,8,1,,0.8255807334356928,,,
HR_COMPAT,,2,8,2,,0,,,
HR_SYNERGY,,2,8,2,,0.6961984965845845,,,
HR_COMPAT,,2,8,3,,1,,,
HR_SYNERGY,,2,8,3,,0.749035826643508,,,
HR_COMPAT,,2,8,4,,1,,,
HR_SYNERGY,,2,8,4,,0.8140137323299006,,,
HR_COMPAT,,2,8,5,,0,,,
HR_SYNERGY,,2,8,5,,0.7832872726447383,,,
HR_COMPAT,,2,8,6,,1,,,
HR_SYNERGY,,2,8,6,,0.8514184170300543,,,
HR_COMPAT,,2,8,7,,0,,,
HR_SYNERGY,,2,8,7,,0.78644363726094,,,
HR_COMPAT,,2,9,0,,1,,,
HR_SYNERGY,,2,9,0,,0.8839413602804969,,,
HR_COMPAT,,2,9,1,,0,,,
HR_SYNERGY,,2,9,1,,0.7251765292364177,,,
HR_COMPAT,,2,9,2,,0,,,
HR_SYNERGY,,2,9,2,,0.6620306521673753,,,
HR_COMPAT,,2,9,3,,1,,,
HR_SYNERGY,,2,9,3,,0.6884078538883592,,,
HR_COMPAT,,2,9,4,,0,,,
HR_SYNERGY,,2,9,4,,0.7295665110924308,,,
HR_COMPAT,,2,9,5,,1,,,
HR_SYNERGY,,2,9,5,,0.889823165669487,,,
HR_COMPAT,,2,9,6,,1,,,
HR_SYNERGY,,2,9,6,,0.7803358201659502,,,
HR_COMPAT,,2,9,7,,0,,,
HR_SYNERGY,,2,9,7,,0.6683069234302136,,,
HR_COMPAT,,3,0,0,,1,,,
HR_SYNERGY,,3,0,0,,0.7153803921240176,,,
HR_COMPAT,,3,0,1,,0,,,
HR_SYNERGY,,3,0,1,,0.8753880545771449,,,
HR_COMPAT,,3,0,2,,1,,,
HR_SYNERGY,,3,0,2,,0.7659734978987202,,,
HR_COMPAT,,3,0,3,,0,,,
HR_SYNERGY,,3,0,3,,0.7015893844974511,,,
HR_COMPAT,,3,0,4,,0,,,
HR_SYNERGY,,3,0,4,,0.7314092922429958,,,
HR_COMPAT,,3,0,5,,1,,,
HR_SYNERGY,,3,0,5,,0.781632754064225,,,
HR_COMPAT,,3,0,6,,1,,,
HR_SYNERGY,,3,0,6,,0.8160310400948723,,,
HR_COMPAT,,3,0,7,,1,,,
HR_SYNERGY,,3,0,7,,0.8572723671786919,,,
HR_COMPAT,,3,1,0,,1,,,
HR_SYNERGY,,3,1,0,,0.8058563633838112,,,
HR_COMPAT,,3,1,1,,0,,,
HR_SYNERGY,,3,1,1,,0.8645615593921478,,,
HR_COMPAT,,3,1,2,,0,,,
HR_SYNERGY,,3,1,2,,0.7576611152864362,,,
HR_COMPAT,,3,1,3,,1,,,
HR_SYNERGY,,3,1,3,,0.6673921188852289,,,
HR_COMPAT,,3,1,4,,0,,,
HR_SYNERGY,,3,1,4,,0.7642736054338135,,,
HR_COMPAT,,3,1,5,,1,,,
HR_SYNERGY,,3,1,5,,0.6531498929501725,,,
HR_COMPAT,,3,1,6,,1,,,
HR_SYNERGY,,3,1,6,,0.698709268842223,,,
HR_COMPAT,,3,1,7,,1,,,
HR_SYNERGY,,3,1,7,,0.6982922915576766,,,
HR_COMPAT,,3,2,0,,1,,,
HR_SYNERGY,,3,2,0,,0.7405097851662439,,,
HR_COMPAT,,3,2,1,,0,,,
HR_SYNERGY,,3,2,1,,0.8677044295755504,,,
HR_COMPAT,,3,2,2,,0,,,
HR_SYNERGY,,3,2,2,,0.8533116084425085,,,
HR_COMPAT,,3,2,3,,0,,,
HR_SYNERGY,,3,2,3,,0.698708846141679,,,
HR_COMPAT,,3,2,4,,0,,,
HR_SYNERGY,,3,2,4,,0.7730486783670164,,,
HR_COMPAT,,3,2,5,,1,,,
HR_SYNERGY,,3,2,5,,0.8945550631908372,,,
HR_COMPAT,,3,2,6,,0,,,
HR_SYNERGY,,3,2,6,,0.8221489538043485,,,
HR_COMPAT,,3,2,7,,0,,,
HR_SYNERGY,,3,2,7,,0.6697736113741544,,,
HR_COMPAT,,3,3,0,,0,,,
HR_SYNERGY,,3,3,0,,0.8727878891072457,,,
HR_COMPAT,,3,3,1,,0,,,
HR_SYNERGY,,3,3,1,,0.8790246722939131,,,
HR_COMPAT,,3,3,2,,0,,,
HR_SYNERGY,,3,3,2,,0.834517523028502,,,
HR_COMPAT,,3,3,3,,1,,,
HR_SYNERGY,,3,3,3,,0.6789235184331189,,,
HR_COMPAT,,3,3,4,,0,,,
HR_SYNERGY,,3,3,4,,0.7931608887655435,,,
HR_COMPAT,,3,3,5,,1,,,
HR_SYNERGY,,3,3,5,,0.7662565736730906,,,
HR_COMPAT,,3,3,6,,0,,,
HR_SYNERGY,,3,3,6,,0.672570179756369,,,
HR_COMPAT,,3,3,7,,1,,,
HR_SYNERGY,,3,3,7,,0.7975909803887854,,,
HR_COMPAT,,3,4,0,,1,,,
HR_SYNERGY,,3,4,0,,0.8490255181651378,,,
HR_COMPAT,,3,4,1,,0,,,
HR_SYNERGY,,3,4,1,,0.6940827042778739,,,
HR_COMPAT,,3,4,2,,1,,,
HR_SYNERGY,,3,4,2,,0.7514083200700635,,,
HR_COMPAT,,3,4,3,,1,,,
HR_SYNERGY,,3,4,3,,0.753588971488936,,,
HR_COMPAT,,3,4,4,,0,,,
HR_SYNERGY,,3,4,4,,0.797929850124599,,,
HR_COMPAT,,3,4,5,,1,,,
HR_SYNERGY,,3,4,5,,0.7275145291198517,,,
HR_COMPAT,,3,4,6,,0,,,
HR_SYNERGY,,3,4,6,,0.8846714490321129,,,
HR_COMPAT,,3,4,7,,0,,,
HR_SYNERGY,,3,4,7,,0.8273948169116156,,,
HR_COMPAT,,3,5,0,,1,,,
HR_SYNERGY,,3,5,0,,0.716237909652346,,,
HR_COMPAT,,3,5,1,,0,,,
HR_SYNERGY,,3,5,1,,0.6826425057042216,,,
HR_COMPAT,,3,5,2,,0,,,
HR_SYNERGY,,3,5,2,,0.8570435921956634,,,
HR_COMPAT,,3,5,3,,0,,,
HR_SYNERGY,,3,5,3,,0.7858070926552557,,,
HR_COMPAT,,3,5,4,,0,,,
HR_SYNERGY,,3,5,4,,0.6970114939056095,,,
HR_COMPAT,,3,5,5,,0,,,
HR_SYNERGY,,3,5,5,,0.8697075118727251,,,
HR_COMPAT,,3,5,6,,0,,,
HR_SYNERGY,,3,5,6,,0.7227542888758325,,,
HR_COMPAT,,3,5,7,,1,,,
HR_SYNERGY,,3,5,7,,0.6608499806112031,,,
HR_COMPAT,,3,6,0,,0,,,
HR_SYNERGY,,3,6,0,,0.8411177483298132,,,
HR_COMPAT,,3,6,1,,0,,,
HR_SYNERGY,,3,6,1,,0.8469542560706167,,,
HR_COMPAT,,3,6,2,,1,,,
HR_SYNERGY,,3,6,2,,0.7905429188986403,,,
HR_COMPAT,,3,6,3,,1,,,
HR_SYNERGY,,3,6,3,,0.7723750782480522,,,
HR_COMPAT,,3,6,4,,0,,,
HR_SYNERGY,,3,6,4,,0.8334123093195321,,,
HR_COMPAT,,3,6,5,,1,,,
HR_SYNERGY,,3,6,5,,0.6703888174093795,,,
HR_COMPAT,,3,6,6,,1,,,
HR_SYNERGY,,3,6,6,,0.8618863284700364,,,
HR_COMPAT,,3,6,7,,0,,,
HR_SYNERGY,,3,6,7,,0.8979447691546409,,,
HR_COMPAT,,3,7,0,,1,,,
HR_SYNERGY,,3,7,0,,0.6613390702965006,,,
HR_COMPAT,,3,7,1,,0,,,
HR_SYNERGY,,3,7,1,,0.8369139602912855,,,
HR_COMPAT,,3,7,2,,1,,,
HR_SYNERGY,,3,7,2,,0.6698866934186891,,,
HR_COMPAT,,3,7,3,,0,,,
HR_SYNERGY,,3,7,3,,0.7752346465255305,,,
HR_COMPAT,,3,7,4,,0,,,
HR_SYNERGY,,3,7,4,,0.6681938282611859,,,
HR_COMPAT,,3,7,5,,1,,,
HR_SYNERGY,,3,7,5,,0.7375762157370283,,,
HR_COMPAT,,3,7,6,,0,,,
HR_SYNERGY,,3,7,6,,0.7287209318692237,,,
HR_COMPAT,,3,7,7,,1,,,
HR_SYNERGY,,3,7,7,,0.8361492840681597,,,
HR_COMPAT,,3,8,0,,1,,,
HR_SYNERGY,,3,8,0,,0.8536895350152495,,,
HR_COMPAT,,3,8,1,,0,,,
HR_SYNERGY,,3,8,1,,0.6642320655424871,,,
HR_COMPAT,,3,8,2,,0,,,
HR_SYNERGY,,3,8,2,,0.8820293087139042,,,
HR_COMPAT,,3,8,3,,1,,,
HR_SYNERGY,,3,8,3,,0.7809286061812838,,,
HR_COMPAT,,3,8,4,,0,,,
HR_SYNERGY,,3,8,4,,0.6508357493002302,,,
HR_COMPAT,,3,8,5,,0,,,
HR_SYNERGY,,3,8,5,,0.8746608287408961,,,
HR_COMPAT,,3,8,6,,1,,,
HR_SYNERGY,,3,8,6,,0.6660961470361296,,,
HR_COMPAT,,3,8,7,,0,,,
HR_SYNERGY,,3,8,7,,0.8449302851023607,,,
HR_COMPAT,,3,9,0,,1,,,
HR_SYNERGY,,3,9,0,,0.7268382090843888,,,
HR_COMPAT,,3,9,1,,0,,,
HR_SYNERGY,,3,9,1,,0.8812361204443235,,,
HR_COMPAT,,3,9,2,,1,,,
HR_SYNERGY,,3,9,2,,0.7183151618240063,,,
HR_COMPAT,,3,9,3,,1,,,
HR_SYNERGY,,3,9,3,,0.7213795316258838,,,
HR_COMPAT,,3,9,4,,0,,,
HR_SYNERGY,,3,9,4,,0.8455698413833846,,,
HR_COMPAT,,3,9,5,,1,,,
HR_SYNERGY,,3,9,5,,0.6942190004707914,,,
HR_COMPAT,,3,9,6,,1,,,
HR_SYNERGY,,3,9,6,,0.7709616209508188,,,
HR_COMPAT,,3,9,7,,1,,,
HR_SYNERGY,,3,9,7,,0.6824366440387583,,,
HR_COMPAT,,4,0,0,,1,,,
HR_SYNERGY,,4,0,0,,0.707951339883442,,,
HR_COMPAT,,4,0,1,,1,,,
HR_SYNERGY,,4,0,1,,0.8309819118391044,,,
HR_COMPAT,,4,0,2,,1,,,
HR_SYNERGY,,4,0,2,,0.7423092629194338,,,
HR_COMPAT,,4,0,3,,0,,,
HR_SYNERGY,,4,0,3,,0.800795075542676,,,
HR_COMPAT,,4,0,4,,0,,,
HR_SYNERGY,,4,0,4,,0.6632395254911707,,,
HR_COMPAT,,4,0,5,,1,,,
HR_SYNERGY,,4,0,5,,0.7868394888758488,,,
HR_COMPAT,,4,0,6,,0,,,
HR_SYNERGY,,4,0,6,,0.8127298090438916,,,
HR_COMPAT,,4,0,7,,0,,,
HR_SYNERGY,,4,0,7,,0.7474850992838145,,,
HR_COMPAT,,4,1,0,,1,,,
HR_SYNERGY,,4,1,0,,0.8239919111628674,,,
HR_COMPAT,,4,1,1,,1,,,
HR_SYNERGY,,4,1,1,,0.8000415286865833,,,
HR_COMPAT,,4,1,2,,1,,,
HR_SYNERGY,,4,1,2,,0.8512990062087796,,,
HR_COMPAT,,4,1,3,,1,,,
HR_SYNERGY,,4,1,3,,0.660386428363522,,,
HR_COMPAT,,4,1,4,,1,,,
HR_SYNERGY,,4,1,4,,0.7240228705857468,,,
HR_COMPAT,,4,1,5,,1,,,
HR_SYNERGY,,4,1,5,,0.7765739756527223,,,
HR_COMPAT,,4,1,6,,0,,,
HR_SYNERGY,,4,1,6,,0.8601430501116447,,,
HR_COMPAT,,4,1,7,,1,,,
HR_SYNERGY,,4,1,7,,0.8913660291374279,,,
HR_COMPAT,,4,2,0,,1,,,
HR_SYNERGY,,4,2,0,,0.8106804034786494,,,
HR_COMPAT,,4,2,1,,0,,,
HR_SYNERGY,,4,2,1,,0.8043656756772285,,,
HR_COMPAT,,4,2,2,,0,,,
HR_SYNERGY,,4,2,2,,0.8315532026968643,,,
HR_COMPAT,,4,2,3,,0,,,
HR_SYNERGY,,4,2,3,,0.8430275374960836,,,
HR_COMPAT,,4,2,4,,0,,,
HR_SYNERGY,,4,2,4,,0.8534168409659625,,,
HR_COMPAT,,4,2,5,,0,,,
HR_SYNERGY,,4,2,5,,0.7470827636141841,,,
HR_COMPAT,,4,2,6,,0,,,
HR_SYNERGY,,4,2,6,,0.887732871203929,,,
HR_COMPAT,,4,2,7,,1,,,
HR_SYNERGY,,4,2,7,,0.8463119870799274,,,
HR_COMPAT,,4,3,0,,0,,,
HR_SYNERGY,,4,3,0,,0.6684183224524398,,,
HR_COMPAT,,4,3,1,,1,,,
HR_SYNERGY,,4,3,1,,0.8168335799682838,,,
HR_COMPAT,,4,3,2,,1,,,
HR_SYNERGY,,4,3,2,,0.7652363262908433,,,
HR_COMPAT,,4,3,3,,1,,,
HR_SYNERGY,,4,3,3,,0.7322262982252021,,,
HR_COMPAT,,4,3,4,,0,,,
HR_SYNERGY,,4,3,4,,0.8543402952285553,,,
HR_COMPAT,,4,3,5,,0,,,
HR_SYNERGY,,4,3,5,,0.798330219406767,,,
HR_COMPAT,,4,3,6,,0,,,
HR_SYNERGY,,4,3,6,,0.6839417836063613,,,
HR_COMPAT,,4,3,7,,1,,,
HR_SYNERGY,,4,3,7,,0.8492184836990826,,,
HR_COMPAT,,4,4,0,,1,,,
HR_SYNERGY,,4,4,0,,0.850497886327886,,,
HR_COMPAT,,4,4,1,,0,,,
HR_SYNERGY,,4,4,1,,0.7777385900526775,,,
HR_COMPAT,,4,4,2,,1,,,
HR_SYNERGY,,4,4,2,,0.8264899236445842,,,
HR_COMPAT,,4,4,3,,0,,,
HR_SYNERGY,,4,4,3,,0.7376734794224711,,,
HR_COMPAT,,4,4,4,,1,,,
HR_SYNERGY,,4,4,4,,0.8813631643684572,,,
HR_COMPAT,,4,4,5,,1,,,
HR_SYNERGY,,4,4,5,,0.7862362115595501,,,
HR_COMPAT,,4,4,6,,0,,,
HR_SYNERGY,,4,4,6,,0.8388322075491261,,,
HR_COMPAT,,4,4,7,,0,,,
HR_SYNERGY,,4,4,7,,0.7986814610004692,,,
HR_COMPAT,,4,5,0,,1,,,
HR_SYNERGY,,4,5,0,,0.7769083008984595,,,
HR_COMPAT,,4,5,1,,0,,,
HR_SYNERGY,,4,5,1,,0.7254578868610849,,,
HR_COMPAT,,4,5,2,,0,,,
HR_SYNERGY,,4,5,2,,0.8391426824423572,,,
HR_COMPAT,,4,5,3,,0,,,
HR_SYNERGY,,4,5,3,,0.8081221966495998,,,
HR_COMPAT,,4,5,4,,1,,,
HR_SYNERGY,,4,5,4,,0.7832345706211856,,,
HR_COMPAT,,4,5,5,,1,,,
HR_SYNERGY,,4,5,5,,0.7028420274790872,,,
HR_COMPAT,,4,5,6,,0,,,
HR_SYNERGY,,4,5,6,,0.7447223465080715,,,
HR_COMPAT,,4,5,7,,1,,,
HR_SYNERGY,,4,5,7,,0.8779168978357081,,,
HR_COMPAT,,4,6,0,,0,,,
HR_SYNERGY,,4,6,0,,0.8411725478711786,,,
HR_COMPAT,,4,6,1,,0,,,
HR_SYNERGY,,4,6,1,,0.8719063377143917,,,
HR_COMPAT,,4,6,2,,1,,,
HR_SYNERGY,,4,6,2,,0.7114844677659855,,,
HR_COMPAT,,4,6,3,,1,,,
HR_SYNERGY,,4,6,3,,0.844306146663533,,,
HR_COMPAT,,4,6,4,,0,,,
HR_SYNERGY,,4,6,4,,0.8557398218043332,,,
HR_COMPAT,,4,6,5,,1,,,
HR_SYNERGY,,4,6,5,,0.860425698268742,,,
HR_COMPAT,,4,6,6,,0,,,
HR_SYNERGY,,4,6,6,,0.8659148018101429,,,
HR_COMPAT,,4,6,7,,0,,,
HR_SYNERGY,,4,6,7,,0.744642509359895,,,
HR_COMPAT,,4,7,0,,0,,,
HR_SYNERGY,,4,7,0,,0.652872295676811,,,
HR_COMPAT,,4,7,1,,1,,,
HR_SYNERGY,,4,7,1,,0.719151392472642,,,
HR_COMPAT,,4,7,2,,1,,,
HR_SYNERGY,,4,7,2,,0.7235254417050118,,,
HR_COMPAT,,4,7,3,,0,,,
HR_SYNERGY,,4,7,3,,0.725969186190343,,,
HR_COMPAT,,4,7,4,,0,,,
HR_SYNERGY,,4,7,4,,0.8586128917447824,,,
HR_COMPAT,,4,7,5,,1,,,
HR_SYNERGY,,4,7,5,,0.7478181344019394,,,
HR_COMPAT,,4,7,6,,0,,,
HR_SYNERGY,,4,7,6,,0.7425420374398432,,,
HR_COMPAT,,4,7,7,,1,,,
HR_SYNERGY,,4,7,7,,0.8237838132122002,,,
HR_COMPAT,,4,8,0,,1,,,
HR_SYNERGY,,4,8,0,,0.8329142452840554,,,
HR_COMPAT,,4,8,1,,0,,,
HR_SYNERGY,,4,8,1,,0.8308602680711927,,,
HR_COMPAT,,4,8,2,,0,,,
HR_SYNERGY,,4,8,2,,0.6614878618451554,,,
HR_COMPAT,,4,8,3,,1,,,
HR_SYNERGY,,4,8,3,,0.7293934658312775,,,
HR_COMPAT,,4,8,4,,1,,,
HR_SYNERGY,,4,8,4,,0.8324859913085814,,,
HR_COMPAT,,4,8,5,,0,,,
HR_SYNERGY,,4,8,5,,0.8126947088875311,,,
HR_COMPAT,,4,8,6,,0,,,
HR_SYNERGY,,4,8,6,,0.8828314562211825,,,
HR_COMPAT,,4,8,7,,0,,,
HR_SYNERGY,,4,8,7,,0.766372113497489,,,
HR_COMPAT,,4,9,0,,0,,,
HR_SYNERGY,,4,9,0,,0.7330035756159688,,,
HR_COMPAT,,4,9,1,,1,,,
HR_SYNERGY,,4,9,1,,0.8060464936579902,,,
HR_COMPAT,,4,9,2,,0,,,
HR_SYNERGY,,4,9,2,,0.7984573663542097,,,
HR_COMPAT,,4,9,3,,1,,,
HR_SYNERGY,,4,9,3,,0.675652799972216,,,
HR_COMPAT,,4,9,4,,0,,,
HR_SYNERGY,,4,9,4,,0.7808213476648759,,,
HR_COMPAT,,4,9,5,,0,,,
HR_SYNERGY,,4,9,5,,0.8588149243870794,,,
HR_COMPAT,,4,9,6,,0,,,
HR_SYNERGY,,4,9,6,,0.7378480572287639,,,
HR_COMPAT,,4,9,7,,1,,,
HR_SYNERGY,,4,9,7,,0.8889831664439339,,,
HR_COMPAT,,5,0,0,,1,,,
HR_SYNERGY,,5,0,0,,0.8380373717129274,,,
HR_COMPAT,,5,0,1,,1,,,
HR_SYNERGY,,5,0,1,,0.732988270208389,,,
HR_COMPAT,,5,0,2,,0,,,
HR_SYNERGY,,5,0,2,,0.8260980154682008,,,
HR_COMPAT,,5,0,3,,0,,,
HR_SYNERGY,,5,0,3,,0.7715548434346908,,,
HR_COMPAT,,5,0,4,,1,,,
HR_SYNERGY,,5,0,4,,0.8586703380743483,,,
HR_COMPAT,,5,0,5,,0,,,
HR_SYNERGY,,5,0,5,,0.8561592941727186,,,
HR_COMPAT,,5,0,6,,1,,,
HR_SYNERGY,,5,0,6,,0.7343065741814054,,,
HR_COMPAT,,5,0,7,,1,,,
HR_SYNERGY,,5,0,7,,0.8135493379308683,,,
HR_COMPAT,,5,1,0,,1,,,
HR_SYNERGY,,5,1,0,,0.7258525445912685,,,
HR_COMPAT,,5,1,1,,1,,,
HR_SYNERGY,,5,1,1,,0.6937399549037846,,,
HR_COMPAT,,5,1,2,,1,,,
HR_SYNERGY,,5,1,2,,0.8016233959240544,,,
HR_COMPAT,,5,1,3,,0,,,
HR_SYNERGY,,5,1,3,,0.719516794599966,,,
HR_COMPAT,,5,1,4,,1,,,
HR_SYNERGY,,5,1,4,,0.7235252229227345,,,
HR_COMPAT,,5,1,5,,0,,,
HR_SYNERGY,,5,1,5,,0.678197944576833,,,
HR_COMPAT,,5,1,6,,0,,,
HR_SYNERGY,,5,1,6,,0.7260005677073784,,,
HR_COMPAT,,5,1,7,,1,,,
HR_SYNERGY,,5,1,7,,0.726017161165397,,,
HR_COMPAT,,5,2,0,,1,,,
HR_SYNERGY,,5,2,0,,0.6578928272584224,,,
HR_COMPAT,,5,2,1,,1,,,
HR_SYNERGY,,5,2,1,,0.6907588393636085,,,
HR_COMPAT,,5,2,2,,0,,,
HR_SYNERGY,,5,2,2,,0.8993365212716148,,,
HR_COMPAT,,5,2,3,,0,,,
HR_SYNERGY,,5,2,3,,0.8257620206632186,,,
HR_COMPAT,,5,2,4,,1,,,
HR_SYNERGY,,5,2,4,,0.6999251795805335,,,
HR_COMPAT,,5,2,5,,1,,,
HR_SYNERGY,,5,2,5,,0.720761150605322,,,
HR_COMPAT,,5,2,6,,1,,,
HR_SYNERGY,,5,2,6,,0.8022614353514982,,,
HR_COMPAT,,5,2,7,,0,,,
HR_SYNERGY,,5,2,7,,0.8113888645119769,,,
HR_COMPAT,,5,3,0,,0,,,
HR_SYNERGY,,5,3,0,,0.8809457520377567,,,
HR_COMPAT,,5,3,1,,0,,,
HR_SYNERGY,,5,3,1,,0.7256844487123653,,,
HR_COMPAT,,5,3,2,,1,,,
HR_SYNERGY,,5,3,2,,0.7380174574155244,,,
HR_COMPAT,,5,3,3,,0,,,
HR_SYNERGY,,5,3,3,,0.8873598132789117,,,
HR_COMPAT,,5,3,4,,0,,,
HR_SYNERGY,,5,3,4,,0.7411979099168723,,,
HR_COMPAT,,5,3,5,,1,,,
HR_SYNERGY,,5,3,5,,0.8174370444014238,,,
HR_COMPAT,,5,3,6,,0,,,
HR_SYNERGY,,5,3,6,,0.8935386283917706,,,
HR_COMPAT,,5,3,7,,0,,,
HR_SYNERGY,,5,3,7,,0.7568173823164496,,,
HR_COMPAT,,5,4,0,,1,,,
HR_SYNERGY,,5,4,0,,0.8352684001317225,,,
HR_COMPAT,,5,4,1,,0,,,
HR_SYNERGY,,5,4,1,,0.7940624364106785,,,
HR_COMPAT,,5,4,2,,1,,,
HR_SYNERGY,,5,4,2,,0.8659018050312721,,,
HR_COMPAT,,5,4,3,,0,,,
HR_SYNERGY,,5,4,3,,0.8482163034581489,,,
HR_COMPAT,,5,4,4,,1,,,
HR_SYNERGY,,5,4,4,,0.7227285538269217,,,
HR_COMPAT,,5,4,5,,1,,,
HR_SYNERGY,,5,4,5,,0.8687174334585327,,,
HR_COMPAT,,5,4,6,,0,,,
HR_SYNERGY,,5,4,6,,0.8691735724606546,,,
HR_COMPAT,,5,4,7,,0,,,
HR_SYNERGY,,5,4,7,,0.7054396088852464,,,
HR_COMPAT,,5,5,0,,1,,,
HR_SYNERGY,,5,5,0,,0.7678015144883668,,,
HR_COMPAT,,5,5,1,,0,,,
HR_SYNERGY,,5,5,1,,0.8764587200345934,,,
HR_COMPAT,,5,5,2,,0,,,
HR_SYNERGY,,5,5,2,,0.8587815762305817,,,
HR_COMPAT,,5,5,3,,0,,,
HR_SYNERGY,,5,5,3,,0.6772527332257303,,,
HR_COMPAT,,5,5,4,,1,,,
HR_SYNERGY,,5,5,4,,0.6799259180882626,,,
HR_COMPAT,,5,5,5,,0,,,
HR_SYNERGY,,5,5,5,,0.8620456780174608,,,
HR_COMPAT,,5,5,6,,0,,,
HR_SYNERGY,,5,5,6,,0.6639221992584237,,,
HR_COMPAT,,5,5,7,,1,,,
HR_SYNERGY,,5,5,7,,0.8955949090776764,,,
HR_COMPAT,,5,6,0,,0,,,
HR_SYNERGY,,5,6,0,,0.8346167210435248,,,
HR_COMPAT,,5,6,1,,1,,,
HR_SYNERGY,,5,6,1,,0.8329856032554563,,,
HR_COMPAT,,5,6,2,,1,,,
HR_SYNERGY,,5,6,2,,0.6774538950233653,,,
HR_COMPAT,,5,6,3,,0,,,
HR_SYNERGY,,5,6,3,,0.7205974195203823,,,
HR_COMPAT,,5,6,4,,0,,,
HR_SYNERGY,,5,6,4,,0.677170375205089,,,
HR_COMPAT,,5,6,5,,1,,,
HR_SYNERGY,,5,6,5,,0.7462955446436256,,,
HR_COMPAT,,5,6,6,,0,,,
HR_SYNERGY,,5,6,6,,0.7354556914734885,,,
HR_COMPAT,,5,6,7,,0,,,
HR_SYNERGY,,5,6,7,,0.8142903338441547,,,
HR_COMPAT,,5,7,0,,1,,,
HR_SYNERGY,,5,7,0,,0.771828595396373,,,
HR_COMPAT,,5,7,1,,1,,,
HR_SYNERGY,,5,7,1,,0.8662614237152381,,,
HR_COMPAT,,5,7,2,,1,,,
HR_SYNERGY,,5,7,2,,0.8130400377349098,,,
HR_COMPAT,,5,7,3,,0,,,
HR_SYNERGY,,5,7,3,,0.6792367555571364,,,
HR_COMPAT,,5,7,4,,0,,,
HR_SYNERGY,,5,7,4,,0.6883071257568779,,,
HR_COMPAT,,5,7,5,,1,,,
HR_SYNERGY,,5,7,5,,0.7625181233292713,,,
HR_COMPAT,,5,7,6,,0,,,
HR_SYNERGY,,5,7,6,,0.7142576969954629,,,
HR_COMPAT,,5,7,7,,1,,,
HR_SYNERGY,,5,7,7,,0.8289313705690695,,,
HR_COMPAT,,5,8,0,,1,,,
HR_SYNERGY,,5,8,0,,0.6699934291631151,,,
HR_COMPAT,,5,8,1,,0,,,
HR_SYNERGY,,5,8,1,,0.6588723520479629,,,
HR_COMPAT,,5,8,2,,0,,,
HR_SYNERGY,,5,8,2,,0.6983850758739749,,,
HR_COMPAT,,5,8,3,,0,,,
HR_SYNERGY,,5,8,3,,0.8883885733599606,,,
HR_COMPAT,,5,8,4,,1,,,
HR_SYNERGY,,5,8,4,,0.8635284965507648,,,
HR_COMPAT,,5,8,5,,0,,,
HR_SYNERGY,,5,8,5,,0.7723640428292596,,,
HR_COMPAT,,5,8,6,,1,,,
HR_SYNERGY,,5,8,6,,0.7590324964924362,,,
HR_COMPAT,,5,8,7,,0,,,
HR_SYNERGY,,5,8,7,,0.8310757700265851,,,
HR_COMPAT,,5,9,0,,1,,,
HR_SYNERGY,,5,9,0,,0.8935614598252828,,,
HR_COMPAT,,5,9,1,,1,,,
HR_SYNERGY,,5,9,1,,0.6802157833371317,,,
HR_COMPAT,,5,9,2,,1,,,
HR_SYNERGY,,5,9,2,,0.6742987686937567,,,
HR_COMPAT,,5,9,3,,0,,,
HR_SYNERGY,,5,9,3,,0.7952352426459744,,,
HR_COMPAT,,5,9,4,,0,,,
HR_SYNERGY,,5,9,4,,0.8745355896828888,,,
HR_COMPAT,,5,9,5,,1,,,
HR_SYNERGY,,5,9,5,,0.8614989860577569,,,
HR_COMPAT,,5,9,6,,0,,,
HR_SYNERGY,,5,9,6,,0.8164068638690475,,,
HR_COMPAT,,5,9,7,,1,,,
HR_SYNERGY,,5,9,7,,0.8027028089802036,,,
HR_COMPAT,,6,0,0,,1,,,
HR_SYNERGY,,6,0,0,,0.6787714098434445,,,
HR_COMPAT,,6,0,1,,0,,,
HR_SYNERGY,,6,0,1,,0.7028402396135244,,,
HR_COMPAT,,6,0,2,,1,,,
HR_SYNERGY,,6,0,2,,0.7567096824824355,,,
HR_COMPAT,,6,0,3,,1,,,
HR_SYNERGY,,6,0,3,,0.7132232683334924,,,
HR_COMPAT,,6,0,4,,0,,,
HR_SYNERGY,,6,0,4,,0.7345210436457599,,,
HR_COMPAT,,6,0,5,,0,,,
HR_SYNERGY,,6,0,5,,0.70318745318092,,,
HR_COMPAT,,6,0,6,,0,,,
HR_SYNERGY,,6,0,6,,0.8903846056520275,,,
HR_COMPAT,,6,0,7,,1,,,
HR_SYNERGY,,6,0,7,,0.7626719405245113,,,
HR_COMPAT,,6,1,0,,1,,,
HR_SYNERGY,,6,1,0,,0.8696451075769533,,,
HR_COMPAT,,6,1,1,,0,,,
HR_SYNERGY,,6,1,1,,0.8752713905603257,,,
HR_COMPAT,,6,1,2,,1,,,
HR_SYNERGY,,6,1,2,,0.7252788800369885,,,
HR_COMPAT,,6,1,3,,1,,,
HR_SYNERGY,,6,1,3,,0.8099546588553113,,,
HR_COMPAT,,6,1,4,,0,,,
HR_SYNERGY,,6,1,4,,0.823377480507396,,,
HR_COMPAT,,6,1,5,,1,,,
HR_SYNERGY,,6,1,5,,0.7361656395341801,,,
HR_COMPAT,,6,1,6,,0,,,
HR_SYNERGY,,6,1,6,,0.8700948732976219,,,
HR_COMPAT,,6,1,7,,1,,,
HR_SYNERGY,,6,1,7,,0.7963568127330385,,,
HR_COMPAT,,6,2,0,,1,,,
HR_SYNERGY,,6,2,0,,0.7641160812163001,,,
HR_COMPAT,,6,2,1,,0,,,
HR_SYNERGY,,6,2,1,,0.797633555514906,,,
HR_COMPAT,,6,2,2,,0,,,
HR_SYNERGY,,6,2,2,,0.7632416230242103,,,
HR_COMPAT,,6,2,3,,0,,,
HR_SYNERGY,,6,2,3,,0.791632964738811,,,
HR_COMPAT,,6,2,4,,0,,,
HR_SYNERGY,,6,2,4,,0.8968869135545081,,,
HR_COMPAT,,6,2,5,,0,,,
HR_SYNERGY,,6,2,5,,0.8039396967489579,,,
HR_COMPAT,,6,2,6,,0,,,
HR_SYNERGY,,6,2,6,,0.724816639480806,,,
HR_COMPAT,,6,2,7,,0,,,
HR_SYNERGY,,6,2,7,,0.7828247218516545,,,
HR_COMPAT,,6,3,0,,0,,,
HR_SYNERGY,,6,3,0,,0.6889357559429049,,,
HR_COMPAT,,6,3,1,,0,,,
HR_SYNERGY,,6,3,1,,0.8461977227084791,,,
HR_COMPAT,,6,3,2,,0,,,
HR_SYNERGY,,6,3,2,,0.7202856240267737,,,
HR_COMPAT,,6,3,3,,0,,,
HR_SYNERGY,,6,3,3,,0.8576933228186816,,,
HR_COMPAT,,6,3,4,,0,,,
HR_SYNERGY,,6,3,4,,0.7822595091345539,,,
HR_COMPAT,,6,3,5,,1,,,
HR_SYNERGY,,6,3,5,,0.8174139035975997,,,
HR_COMPAT,,6,3,6,,0,,,
HR_SYNERGY,,6,3,6,,0.7120738980623256,,,
HR_COMPAT,,6,3,7,,1,,,
HR_SYNERGY,,6,3,7,,0.7718877266629566,,,
HR_COMPAT,,6,4,0,,1,,,
HR_SYNERGY,,6,4,0,,0.6960887014071646,,,
HR_COMPAT,,6,4,1,,0,,,
HR_SYNERGY,,6,4,1,,0.7554192266640889,,,
HR_COMPAT,,6,4,2,,1,,,
HR_SYNERGY,,6,4,2,,0.7464215434533262,,,
HR_COMPAT,,6,4,3,,1,,,
HR_SYNERGY,,6,4,3,,0.7717553746315774,,,
HR_COMPAT,,6,4,4,,0,,,
HR_SYNERGY,,6,4,4,,0.6651596201700233,,,
HR_COMPAT,,6,4,5,,0,,,
HR_SYNERGY,,6,4,5,,0.6794993099047352,,,
HR_COMPAT,,6,4,6,,0,,,
HR_SYNERGY,,6,4,6,,0.7633061750992378,,,
HR_COMPAT,,6,4,7,,0,,,
HR_SYNERGY,,6,4,7,,0.821377310440277,,,
HR_COMPAT,,6,5,0,,1,,,
HR_SYNERGY,,6,5,0,,0.6832848475921303,,,
HR_COMPAT,,6,5,1,,0,,,
HR_SYNERGY,,6,5,1,,0.7723715044682143,,,
HR_COMPAT,,6,5,2,,0,,,
HR_SYNERGY,,6,5,2,,0.6986216701115565,,,
HR_COMPAT,,6,5,3,,0,,,
HR_SYNERGY,,6,5,3,,0.7027471093812014,,,
HR_COMPAT,,6,5,4,,0,,,
HR_SYNERGY,,6,5,4,,0.7723583211438465,,,
HR_COMPAT,,6,5,5,,1,,,
HR_SYNERGY,,6,5,5,,0.800561043796667,,,
HR_COMPAT,,6,5,6,,0,,,
HR_SYNERGY,,6,5,6,,0.7423218423790146,,,
HR_COMPAT,,6,5,7,,1,,,
HR_SYNERGY,,6,5,7,,0.7949212871782871,,,
HR_COMPAT,,6,6,0,,0,,,
HR_SYNERGY,,6,6,0,,0.6580176839005959,,,
HR_COMPAT,,6,6,1,,0,,,
HR_SYNERGY,,6,6,1,,0.7666919215264927,,,
HR_COMPAT,,6,6,2,,0,,,
HR_SYNERGY,,6,6,2,,0.8252244190194344,,,
HR_COMPAT,,6,6,3,,0,,,
HR_SYNERGY,,6,6,3,,0.8401329909572081,,,
HR_COMPAT,,6,6,4,,0,,,
HR_SYNERGY,,6,6,4,,0.69113748978579,,,
HR_COMPAT,,6,6,5,,1,,,
HR_SYNERGY,,6,6,5,,0.8399921190671638,,,
HR_COMPAT,,6,6,6,,0,,,
HR_SYNERGY,,6,6,6,,0.7440259316144179,,,
HR_COMPAT,,6,6,7,,0,,,
HR_SYNERGY,,6,6,7,,0.6579630178222551,,,
HR_COMPAT,,6,7,0,,0,,,
HR_SYNERGY,,6,7,0,,0.8098791199708426,,,
HR_COMPAT,,6,7,1,,0,,,
HR_SYNERGY,,6,7,1,,0.8691952127490091,,,
HR_COMPAT,,6,7,2,,1,,,
HR_SYNERGY,,6,7,2,,0.7998290268060839,,,
HR_COMPAT,,6,7,3,,0,,,
HR_SYNERGY,,6,7,3,,0.6559183830741275,,,
HR_COMPAT,,6,7,4,,0,,,
HR_SYNERGY,,6,7,4,,0.7768485465769902,,,
HR_COMPAT,,6,7,5,,1,,,
HR_SYNERGY,,6,7,5,,0.6915712333019548,,,
HR_COMPAT,,6,7,6,,0,,,
HR_SYNERGY,,6,7,6,,0.737476998943712,,,
HR_COMPAT,,6,7,7,,0,,,
HR_SYNERGY,,6,7,7,,0.8541558766505954,,,
HR_COMPAT,,6,8,0,,1,,,
HR_SYNERGY,,6,8,0,,0.6557310979436644,,,
HR_COMPAT,,6,8,1,,0,,,
HR_SYNERGY,,6,8,1,,0.8635178422316308,,,
HR_COMPAT,,6,8,2,,0,,,
HR_SYNERGY,,6,8,2,,0.8683810525547658,,,
HR_COMPAT,,6,8,3,,1,,,
HR_SYNERGY,,6,8,3,,0.8078830616060617,,,
HR_COMPAT,,6,8,4,,0,,,
HR_SYNERGY,,6,8,4,,0.7552747680698869,,,
HR_COMPAT,,6,8,5,,0,,,
HR_SYNERGY,,6,8,5,,0.6980349995776023,,,
HR_COMPAT,,6,8,6,,0,,,
HR_SYNERGY,,6,8,6,,0.7864645117324057,,,
HR_COMPAT,,6,8,7,,0,,,
HR_SYNERGY,,6,8,7,,0.7523925323748281,,,
HR_COMPAT,,6,9,0,,0,,,
HR_SYNERGY,,6,9,0,,0.8823331228964236,,,
HR_COMPAT,,6,9,1,,0,,,
HR_SYNERGY,,6,9,1,,0.8612232679422285,,,
HR_COMPAT,,6,9,2,,1,,,
HR_SYNERGY,,6,9,2,,0.8142322716674889,,,
HR_COMPAT,,6,9,3,,1,,,
HR_SYNERGY,,6,9,3,,0.7093615308286337,,,
HR_COMPAT,,6,9,4,,0,,,
HR_SYNERGY,,6,9,4,,0.7243877278767729,,,
HR_COMPAT,,6,9,5,,1,,,
HR_SYNERGY,,6,9,5,,0.7324561300368145,,,
HR_COMPAT,,6,9,6,,0,,,
HR_SYNERGY,,6,9,6,,0.8723094332261805,,,
HR_COMPAT,,6,9,7,,1,,,
HR_SYNERGY,,6,9,7,,0.8195180964293348,,,
HR_COMPAT,,7,0,0,,0,,,
HR_SYNERGY,,7,0,0,,0.7227245815133236,,,
HR_COMPAT,,7,0,1,,1,,,
HR_SYNERGY,,7,0,1,,0.8470884110444266,,,
HR_COMPAT,,7,0,2,,1,,,
HR_SYNERGY,,7,0,2,,0.8283496457541348,,,
HR_COMPAT,,7,0,3,,1,,,
HR_SYNERGY,,7,0,3,,0.8830008871859458,,,
HR_COMPAT,,7,0,4,,1,,,
HR_SYNERGY,,7,0,4,,0.7170414322785469,,,
HR_COMPAT,,7,0,5,,0,,,
HR_SYNERGY,,7,0,5,,0.788308300555328,,,
HR_COMPAT,,7,0,6,,0,,,
HR_SYNERGY,,7,0,6,,0.830736621118146,,,
HR_COMPAT,,7,0,7,,1,,,
HR_SYNERGY,,7,0,7,,0.6887147424047058,,,
HR_COMPAT,,7,1,0,,0,,,
HR_SYNERGY,,7,1,0,,0.7921445970923541,,,
HR_COMPAT,,7,1,1,,1,,,
HR_SYNERGY,,7,1,1,,0.7676548321100258,,,
HR_COMPAT,,7,1,2,,1,,,
HR_SYNERGY,,7,1,2,,0.8363848832563181,,,
HR_COMPAT,,7,1,3,,1,,,
HR_SYNERGY,,7,1,3,,0.7696825099676263,,,
HR_COMPAT,,7,1,4,,1,,,
HR_SYNERGY,,7,1,4,,0.8670416446654032,,,
HR_COMPAT,,7,1,5,,0,,,
HR_SYNERGY,,7,1,5,,0.6823794688822407,,,
HR_COMPAT,,7,1,6,,0,,,
HR_SYNERGY,,7,1,6,,0.6792212291275008,,,
HR_COMPAT,,7,1,7,,1,,,
HR_SYNERGY,,7,1,7,,0.8440312369907557,,,
HR_COMPAT,,7,2,0,,0,,,
HR_SYNERGY,,7,2,0,,0.8802679507849838,,,
HR_COMPAT,,7,2,1,,1,,,
HR_SYNERGY,,7,2,1,,0.6580561360665147,,,
HR_COMPAT,,7,2,2,,0,,,
HR_SYNERGY,,7,2,2,,0.7141571070827735,,,
HR_COMPAT,,7,2,3,,0,,,
HR_SYNERGY,,7,2,3,,0.7112102514998851,,,
HR_COMPAT,,7,2,4,,1,,,
HR_SYNERGY,,7,2,4,,0.7712074223486035,,,
HR_COMPAT,,7,2,5,,0,,,
HR_SYNERGY,,7,2,5,,0.8003922139146975,,,
HR_COMPAT,,7,2,6,,0,,,
HR_SYNERGY,,7,2,6,,0.7598212759018119,,,
HR_COMPAT,,7,2,7,,0,,,
HR_SYNERGY,,7,2,7,,0.8336799071450007,,,
HR_COMPAT,,7,3,0,,0,,,
HR_SYNERGY,,7,3,0,,0.6939081395630049,,,
HR_COMPAT,,7,3,1,,1,,,
HR_SYNERGY,,7,3,1,,0.8473049587755783,,,
HR_COMPAT,,7,3,2,,1,,,
HR_SYNERGY,,7,3,2,,0.7485142938366146,,,
HR_COMPAT,,7,3,3,,1,,,
HR_SYNERGY,,7,3,3,,0.7153642369919097,,,
HR_COMPAT,,7,3,4,,0,,,
HR_SYNERGY,,7,3,4,,0.8289681116491502,,,
HR_COMPAT,,7,3,5,,0,,,
HR_SYNERGY,,7,3,5,,0.8489713114717679,,,
HR_COMPAT,,7,3,6,,0,,,
HR_SYNERGY,,7,3,6,,0.8078087671641012,,,
HR_COMPAT,,7,3,7,,1,,,
HR_SYNERGY,,7,3,7,,0.795482663477905,,,
HR_COMPAT,,7,4,0,,0,,,
HR_SYNERGY,,7,4,0,,0.7485297467080265,,,
HR_COMPAT,,7,4,1,,0,,,
HR_SYNERGY,,7,4,1,,0.6538018844070099,,,
HR_COMPAT,,7,4,2,,1,,,
HR_SYNERGY,,7,4,2,,0.8164519652751592,,,
HR_COMPAT,,7,4,3,,1,,,
HR_SYNERGY,,7,4,3,,0.8155017496233444,,,
HR_COMPAT,,7,4,4,,1,,,
HR_SYNERGY,,7,4,4,,0.8021835316863908,,,
HR_COMPAT,,7,4,5,,0,,,
HR_SYNERGY,,7,4,5,,0.8573666479296784,,,
HR_COMPAT,,7,4,6,,0,,,
HR_SYNERGY,,7,4,6,,0.6648678397780948,,,
HR_COMPAT,,7,4,7,,0,,,
HR_SYNERGY,,7,4,7,,0.8904880290636107,,,
HR_COMPAT,,7,5,0,,0,,,
HR_SYNERGY,,7,5,0,,0.7971071074684558,,,
HR_COMPAT,,7,5,1,,0,,,
HR_SYNERGY,,7,5,1,,0.8213173379662804,,,
HR_COMPAT,,7,5,2,,0,,,
HR_SYNERGY,,7,5,2,,0.6878768776470554,,,
HR_COMPAT,,7,5,3,,0,,,
HR_SYNERGY,,7,5,3,,0.6502177891418556,,,
HR_COMPAT,,7,5,4,,1,,,
HR_SYNERGY,,7,5,4,,0.7715684893960959,,,
HR_COMPAT,,7,5,5,,0,,,
HR_SYNERGY,,7,5,5,,0.7456702346709377,,,
HR_COMPAT,,7,5,6,,0,,,
HR_SYNERGY,,7,5,6,,0.7128190979397021,,,
HR_COMPAT,,7,5,7,,1,,,
HR_SYNERGY,,7,5,7,,0.7747254002659163,,,
HR_COMPAT,,7,6,0,,0,,,
HR_SYNERGY,,7,6,0,,0.8971660897469609,,,
HR_COMPAT,,7,6,1,,1,,,
HR_SYNERGY,,7,6,1,,0.8655100774636444,,,
HR_COMPAT,,7,6,2,,1,,,
HR_SYNERGY,,7,6,2,,0.7563287747574015,,,
HR_COMPAT,,7,6,3,,1,,,
HR_SYNERGY,,7,6,3,,0.6751052718157232,,,
HR_COMPAT,,7,6,4,,0,,,
HR_SYNERGY,,7,6,4,,0.7372878160806711,,,
HR_COMPAT,,7,6,5,,0,,,
HR_SYNERGY,,7,6,5,,0.7761076088763009,,,
HR_COMPAT,,7,6,6,,0,,,
HR_SYNERGY,,7,6,6,,0.791371554759334,,,
HR_COMPAT,,7,6,7,,0,,,
HR_SYNERGY,,7,6,7,,0.6954758669899427,,,
HR_COMPAT,,7,7,0,,0,,,
HR_SYNERGY,,7,7,0,,0.8265698692531698,,,
HR_COMPAT,,7,7,1,,1,,,
HR_SYNERGY,,7,7,1,,0.8957637498820621,,,
HR_COMPAT,,7,7,2,,0,,,
HR_SYNERGY,,7,7,2,,0.7848037522168626,,,
HR_COMPAT,,7,7,3,,0,,,
HR_SYNERGY,,7,7,3,,0.6937714026566595,,,
HR_COMPAT,,7,7,4,,0,,,
HR_SYNERGY,,7,7,4,,0.8380252194984505,,,
HR_COMPAT,,7,7,5,,0,,,
HR_SYNERGY,,7,7,5,,0.7037273186339343,,,
HR_COMPAT,,7,7,6,,0,,,
HR_SYNERGY,,7,7,6,,0.6633390623264662,,,
HR_COMPAT,,7,7,7,,0,,,
HR_SYNERGY,,7,7,7,,0.8232708239213464,,,
HR_COMPAT,,7,8,0,,0,,,
HR_SYNERGY,,7,8,0,,0.7479042639212761,,,
HR_COMPAT,,7,8,1,,0,,,
HR_SYNERGY,,7,8,1,,0.8457870932897391,,,
HR_COMPAT,,7,8,2,,0,,,
HR_SYNERGY,,7,8,2,,0.710249962365176,,,
HR_COMPAT,,7,8,3,,0,,,
HR_SYNERGY,,7,8,3,,0.7927972980354778,,,
HR_COMPAT,,7,8,4,,1,,,
HR_SYNERGY,,7,8,4,,0.8697040516009364,,,
HR_COMPAT,,7,8,5,,0,,,
HR_SYNERGY,,7,8,5,,0.6793347868349789,,,
HR_COMPAT,,7,8,6,,0,,,
HR_SYNERGY,,7,8,6,,0.836283902997458,,,
HR_COMPAT,,7,8,7,,0,,,
HR_SYNERGY,,7,8,7,,0.8084936484847309,,,
HR_COMPAT,,7,9,0,,0,,,
HR_SYNERGY,,7,9,0,,0.7880386130868754,,,
HR_COMPAT,,7,9,1,,1,,,
HR_SYNERGY,,7,9,1,,0.7975351183130605,,,
HR_COMPAT,,7,9,2,,1,,,
HR_SYNERGY,,7,9,2,,0.6691511785370129,,,
HR_COMPAT,,7,9,3,,1,,,
HR_SYNERGY,,7,9,3,,0.6594085430667305,,,
HR_COMPAT,,7,9,4,,0,,,
HR_SYNERGY,,7,9,4,,0.8543840185278071,,,
HR_COMPAT,,7,9,5,,0,,,
HR_SYNERGY,,7,9,5,,0.878569289943683,,,
HR_COMPAT,,7,9,6,,0,,,
HR_SYNERGY,,7,9,6,,0.7916006108371755,,,
HR_COMPAT,,7,9,7,,1,,,
HR_SYNERGY,,7,9,7,,0.8376735273271565,,,
HR_COMPAT,,8,0,0,,0,,,
HR_SYNERGY,,8,0,0,,0.7052165038817427,,,
HR_COMPAT,,8,0,1,,0,,,
HR_SYNERGY,,8,0,1,,0.725900290880135,,,
HR_COMPAT,,8,0,2,,0,,,
HR_SYNERGY,,8,0,2,,0.7406804989566731,,,
HR_COMPAT,,8,0,3,,0,,,
HR_SYNERGY,,8,0,3,,0.8081094593829967,,,
HR_COMPAT,,8,0,4,,1,,,
HR_SYNERGY,,8,0,4,,0.836316908160881,,,
HR_COMPAT,,8,0,5,,1,,,
HR_SYNERGY,,8,0,5,,0.779002402952168,,,
HR_COMPAT,,8,0,6,,1,,,
HR_SYNERGY,,8,0,6,,0.8804858734732905,,,
HR_COMPAT,,8,0,7,,1,,,
HR_SYNERGY,,8,0,7,,0.8496622155976019,,,
HR_COMPAT,,8,1,0,,0,,,
HR_SYNERGY,,8,1,0,,0.8215457905522433,,,
HR_COMPAT,,8,1,1,,1,,,
HR_SYNERGY,,8,1,1,,0.6947784829282095,,,
HR_COMPAT,,8,1,2,,0,,,
HR_SYNERGY,,8,1,2,,0.6762377537856034,,,
HR_COMPAT,,8,1,3,,0,,,
HR_SYNERGY,,8,1,3,,0.6605058926750063,,,
HR_COMPAT,,8,1,4,,1,,,
HR_SYNERGY,,8,1,4,,0.7135980495257752,,,
HR_COMPAT,,8,1,5,,1,,,
HR_SYNERGY,,8,1,5,,0.761940169438003,,,
HR_COMPAT,,8,1,6,,1,,,
HR_SYNERGY,,8,1,6,,0.7563092717193145,,,
HR_COMPAT,,8,1,7,,0,,,
HR_SYNERGY,,8,1,7,,0.8902090203490878,,,
HR_COMPAT,,8,2,0,,0,,,
HR_SYNERGY,,8,2,0,,0.7852361011230335,,,
HR_COMPAT,,8,2,1,,1,,,
HR_SYNERGY,,8,2,1,,0.6914794262699133,,,
HR_COMPAT,,8,2,2,,0,,,
HR_SYNERGY,,8,2,2,,0.6855209661562478,,,
HR_COMPAT,,8,2,3,,0,,,
HR_SYNERGY,,8,2,3,,0.6640200131352132,,,
HR_COMPAT,,8,2,4,,1,,,
HR_SYNERGY,,8,2,4,,0.8343726639790319,,,
HR_COMPAT,,8,2,5,,1,,,
HR_SYNERGY,,8,2,5,,0.8342979803267898,,,
HR_COMPAT,,8,2,6,,1,,,
HR_SYNERGY,,8,2,6,,0.8268385695195622,,,
HR_COMPAT,,8,2,7,,1,,,
HR_SYNERGY,,8,2,7,,0.8953107940425487,,,
HR_COMPAT,,8,3,0,,0,,,
HR_SYNERGY,,8,3,0,,0.842469697144474,,,
HR_COMPAT,,8,3,1,,1,,,
HR_SYNERGY,,8,3,1,,0.6758421945265843,,,
HR_COMPAT,,8,3,2,,0,,,
HR_SYNERGY,,8,3,2,,0.7148057396698463,,,
HR_COMPAT,,8,3,3,,0,,,
HR_SYNERGY,,8,3,3,,0.8512475428495793,,,
HR_COMPAT,,8,3,4,,0,,,
HR_SYNERGY,,8,3,4,,0.6779101313640765,,,
HR_COMPAT,,8,3,5,,1,,,
HR_SYNERGY,,8,3,5,,0.7725036358232401,,,
HR_COMPAT,,8,3,6,,0,,,
HR_SYNERGY,,8,3,6,,0.6869372912018099,,,
HR_COMPAT,,8,3,7,,0,,,
HR_SYNERGY,,8,3,7,,0.6938402681402136,,,
HR_COMPAT,,8,4,0,,0,,,
HR_SYNERGY,,8,4,0,,0.6600146215900635,,,
HR_COMPAT,,8,4,1,,0,,,
HR_SYNERGY,,8,4,1,,0.6796323517841074,,,
HR_COMPAT,,8,4,2,,0,,,
HR_SYNERGY,,8,4,2,,0.7017926731032578,,,
HR_COMPAT,,8,4,3,,0,,,
HR_SYNERGY,,8,4,3,,0.8675004602666161,,,
HR_COMPAT,,8,4,4,,1,,,
HR_SYNERGY,,8,4,4,,0.7770108371079337,,,
HR_COMPAT,,8,4,5,,1,,,
HR_SYNERGY,,8,4,5,,0.8296949551854975,,,
HR_COMPAT,,8,4,6,,0,,,
HR_SYNERGY,,8,4,6,,0.7622159158688324,,,
HR_COMPAT,,8,4,7,,0,,,
HR_SYNERGY,,8,4,7,,0.6650032186394552,,,
HR_COMPAT,,8,5,0,,0,,,
HR_SYNERGY,,8,5,0,,0.7473622908162507,,,
HR_COMPAT,,8,5,1,,0,,,
HR_SYNERGY,,8,5,1,,0.8898577019561319,,,
HR_COMPAT,,8,5,2,,0,,,
HR_SYNERGY,,8,5,2,,0.7161953919552035,,,
HR_COMPAT,,8,5,3,,0,,,
HR_SYNERGY,,8,5,3,,0.8486013349564278,,,
HR_COMPAT,,8,5,4,,1,,,
HR_SYNERGY,,8,5,4,,0.7457768004900602,,,
HR_COMPAT,,8,5,5,,1,,,
HR_SYNERGY,,8,5,5,,0.8895339866858232,,,
HR_COMPAT,,8,5,6,,0,,,
HR_SYNERGY,,8,5,6,,0.7262576586211907,,,
HR_COMPAT,,8,5,7,,0,,,
HR_SYNERGY,,8,5,7,,0.709488049373246,,,
HR_COMPAT,,8,6,0,,0,,,
HR_SYNERGY,,8,6,0,,0.7636932271581066,,,
HR_COMPAT,,8,6,1,,1,,,
HR_SYNERGY,,8,6,1,,0.7080819353117161,,,
HR_COMPAT,,8,6,2,,0,,,
HR_SYNERGY,,8,6,2,,0.6643405457922638,,,
HR_COMPAT,,8,6,3,,0,,,
HR_SYNERGY,,8,6,3,,0.781079266137673,,,
HR_COMPAT,,8,6,4,,1,,,
HR_SYNERGY,,8,6,4,,0.7218807692734351,,,
HR_COMPAT,,8,6,5,,0,,,
HR_SYNERGY,,8,6,5,,0.8943031116188148,,,
HR_COMPAT,,8,6,6,,0,,,
HR_SYNERGY,,8,6,6,,0.6589082060270874,,,
HR_COMPAT,,8,6,7,,0,,,
HR_SYNERGY,,8,6,7,,0.733062343423335,,,
HR_COMPAT,,8,7,0,,0,,,
HR_SYNERGY,,8,7,0,,0.8235659295812814,,,
HR_COMPAT,,8,7,1,,1,,,
HR_SYNERGY,,8,7,1,,0.6704761637606856,,,
HR_COMPAT,,8,7,2,,0,,,
HR_SYNERGY,,8,7,2,,0.8267988839292082,,,
HR_COMPAT,,8,7,3,,0,,,
HR_SYNERGY,,8,7,3,,0.8519455933587862,,,
HR_COMPAT,,8,7,4,,0,,,
HR_SYNERGY,,8,7,4,,0.7900405216725986,,,
HR_COMPAT,,8,7,5,,1,,,
HR_SYNERGY,,8,7,5,,0.7459736210002718,,,
HR_COMPAT,,8,7,6,,0,,,
HR_SYNERGY,,8,7,6,,0.6933002640499334,,,
HR_COMPAT,,8,7,7,,1,,,
HR_SYNERGY,,8,7,7,,0.8864239773806651,,,
HR_COMPAT,,8,8,0,,0,,,
HR_SYNERGY,,8,8,0,,0.8644429103180907,,,
HR_COMPAT,,8,8,1,,0,,,
HR_SYNERGY,,8,8,1,,0.7302488437257569,,,
HR_COMPAT,,8,8,2,,0,,,
HR_SYNERGY,,8,8,2,,0.8859723375167367,,,
HR_COMPAT,,8,8,3,,0,,,
HR_SYNERGY,,8,8,3,,0.7448706803085308,,,
HR_COMPAT,,8,8,4,,1,,,
HR_SYNERGY,,8,8,4,,0.8402707900166625,,,
HR_COMPAT,,8,8,5,,0,,,
HR_SYNERGY,,8,8,5,,0.7720788114896218,,,
HR_COMPAT,,8,8,6,,1,,,
HR_SYNERGY,,8,8,6,,0.8499304049273514,,,
HR_COMPAT,,8,8,7,,0,,,
HR_SYNERGY,,8,8,7,,0.8829311422053041,,,
HR_COMPAT,,8,9,0,,0,,,
HR_SYNERGY,,8,9,0,,0.8082564800771508,,,
HR_COMPAT,,8,9,1,,1,,,
HR_SYNERGY,,8,9,1,,0.6744957648161715,,,
HR_COMPAT,,8,9,2,,0,,,
HR_SYNERGY,,8,9,2,,0.7633721499017924,,,
HR_COMPAT,,8,9,3,,0,,,
HR_SYNERGY,,8,9,3,,0.7366395658108886,,,
HR_COMPAT,,8,9,4,,0,,,
HR_SYNERGY,,8,9,4,,0.7589484288498138,,,
HR_COMPAT,,8,9,5,,0,,,
HR_SYNERGY,,8,9,5,,0.658630856333337,,,
HR_COMPAT,,8,9,6,,1,,,
HR_SYNERGY,,8,9,6,,0.8914698856866055,,,
HR_COMPAT,,8,9,7,,0,,,
HR_SYNERGY,,8,9,7,,0.7621694270432136,,,
HR_COMPAT,,9,0,0,,0,,,
HR_SYNERGY,,9,0,0,,0.8466065510055794,,,
HR_COMPAT,,9,0,1,,1,,,
HR_SYNERGY,,9,0,1,,0.6632179209504989,,,
HR_COMPAT,,9,0,2,,1,,,
HR_SYNERGY,,9,0,2,,0.8169250390484646,,,
HR_COMPAT,,9,0,3,,0,,,
HR_SYNERGY,,9,0,3,,0.6948072206150205,,,
HR_COMPAT,,9,0,4,,0,,,
HR_SYNERGY,,9,0,4,,0.8831152981288133,,,
HR_COMPAT,,9,0,5,,0,,,
HR_SYNERGY,,9,0,5,,0.6703472307323575,,,
HR_COMPAT,,9,0,6,,0,,,
HR_SYNERGY,,9,0,6,,0.8513220820987564,,,
HR_COMPAT,,9,0,7,,1,,,
HR_SYNERGY,,9,0,7,,0.8065270584545523,,,
HR_COMPAT,,9,1,0,,0,,,
HR_SYNERGY,,9,1,0,,0.6517048040248556,,,
HR_COMPAT,,9,1,1,,1,,,
HR_SYNERGY,,9,1,1,,0.7832682480463073,,,
HR_COMPAT,,9,1,2,,1,,,
HR_SYNERGY,,9,1,2,,0.8308321233102264,,,
HR_COMPAT,,9,1,3,,0,,,
HR_SYNERGY,,9,1,3,,0.8101265445859791,,,
HR_COMPAT,,9,1,4,,1,,,
HR_SYNERGY,,9,1,4,,0.6597123602185677,,,
HR_COMPAT,,9,1,5,,1,,,
HR_SYNERGY,,9,1,5,,0.7345952019439987,,,
HR_COMPAT,,9,1,6,,1,,,
HR_SYNERGY,,9,1,6,,0.7361867605679466,,,
HR_COMPAT,,9,1,7,,1,,,
HR_SYNERGY,,9,1,7,,0.797549055614114,,,
HR_COMPAT,,9,2,0,,0,,,
HR_SYNERGY,,9,2,0,,0.7313230204279813,,,
HR_COMPAT,,9,2,1,,1,,,
HR_SYNERGY,,9,2,1,,0.8830804031355177,,,
HR_COMPAT,,9,2,2,,0,,,
HR_SYNERGY,,9,2,2,,0.8272293999816573,,,
HR_COMPAT,,9,2,3,,0,,,
HR_SYNERGY,,9,2,3,,0.6912902985204995,,,
HR_COMPAT,,9,2,4,,1,,,
HR_SYNERGY,,9,2,4,,0.7945596394014215,,,
HR_COMPAT,,9,2,5,,0,,,
HR_SYNERGY,,9,2,5,,0.6652514197639291,,,
HR_COMPAT,,9,2,6,,1,,,
HR_SYNERGY,,9,2,6,,0.8668113453687647,,,
HR_COMPAT,,9,2,7,,0,,,
HR_SYNERGY,,9,2,7,,0.7026664383423945,,,
HR_COMPAT,,9,3,0,,0,,,
HR_SYNERGY,,9,3,0,,0.7496748193542869,,,
HR_COMPAT,,9,3,1,,1,,,
HR_SYNERGY,,9,3,1,,0.8816756125723718,,,
HR_COMPAT,,9,3,2,,1,,,
HR_SYNERGY,,9,3,2,,0.8323542240965511,,,
HR_COMPAT,,9,3,3,,0,,,
HR_SYNERGY,,9,3,3,,0.7767900743873919,,,
HR_COMPAT,,9,3,4,,0,,,
HR_SYNERGY,,9,3,4,,0.8824471753526157,,,
HR_COMPAT,,9,3,5,,1,,,
HR_SYNERGY,,9,3,5,,0.7596814735914462,,,
HR_COMPAT,,9,3,6,,0,,,
HR_SYNERGY,,9,3,6,,0.746626551093415,,,
HR_COMPAT,,9,3,7,,1,,,
HR_SYNERGY,,9,3,7,,0.7081955256217534,,,
HR_COMPAT,,9,4,0,,0,,,
HR_SYNERGY,,9,4,0,,0.709114516773236,,,
HR_COMPAT,,9,4,1,,0,,,
HR_SYNERGY,,9,4,1,,0.7416779593416766,,,
HR_COMPAT,,9,4,2,,0,,,
HR_SYNERGY,,9,4,2,,0.6914176814517856,,,
HR_COMPAT,,9,4,3,,0,,,
HR_SYNERGY,,9,4,3,,0.692828521664704,,,
HR_COMPAT,,9,4,4,,1,,,
HR_SYNERGY,,9,4,4,,0.7854918218504964,,,
HR_COMPAT,,9,4,5,,0,,,
HR_SYNERGY,,9,4,5,,0.7289734685982284,,,
HR_COMPAT,,9,4,6,,0,,,
HR_SYNERGY,,9,4,6,,0.7847429887984004,,,
HR_COMPAT,,9,4,7,,0,,,
HR_SYNERGY,,9,4,7,,0.8463699083611406,,,
HR_COMPAT,,9,5,0,,0,,,
HR_SYNERGY,,9,5,0,,0.8199423167992206,,,
HR_COMPAT,,9,5,1,,0,,,
HR_SYNERGY,,9,5,1,,0.7652391099762825,,,
HR_COMPAT,,9,5,2,,0,,,
HR_SYNERGY,,9,5,2,,0.7722906356617826,,,
HR_COMPAT,,9,5,3,,0,,,
HR_SYNERGY,,9,5,3,,0.7846225491611927,,,
HR_COMPAT,,9,5,4,,1,,,
HR_SYNERGY,,9,5,4,,0.7124521522819973,,,
HR_COMPAT,,9,5,5,,1,,,
HR_SYNERGY,,9,5,5,,0.7895274901716882,,,
HR_COMPAT,,9,5,6,,0,,,
HR_SYNERGY,,9,5,6,,0.7040339024014518,,,
HR_COMPAT,,9,5,7,,0,,,
HR_SYNERGY,,9,5,7,,0.7834095714248689,,,
HR_COMPAT,,9,6,0,,0,,,
HR_SYNERGY,,9,6,0,,0.7973557043923878,,,
HR_COMPAT,,9,6,1,,1,,,
HR_SYNERGY,,9,6,1,,0.6746652476513412,,,
HR_COMPAT,,9,6,2,,0,,,
HR_SYNERGY,,9,6,2,,0.7025263461347563,,,
HR_COMPAT,,9,6,3,,0,,,
HR_SYNERGY,,9,6,3,,0.81860477192107,,,
HR_COMPAT,,9,6,4,,1,,,
HR_SYNERGY,,9,6,4,,0.7925548954984696,,,
HR_COMPAT,,9,6,5,,1,,,
HR_SYNERGY,,9,6,5,,0.8868876272943969,,,
HR_COMPAT,,9,6,6,,1,,,
HR_SYNERGY,,9,6,6,,0.6895829831076005,,,
HR_COMPAT,,9,6,7,,0,,,
HR_SYNERGY,,9,6,7,,0.8870983504752729,,,
HR_COMPAT,,9,7,0,,0,,,
HR_SYNERGY,,9,7,0,,0.8132648352541623,,,
HR_COMPAT,,9,7,1,,1,,,
HR_SYNERGY,,9,7,1,,0.8337419609599683,,,
HR_COMPAT,,9,7,2,,1,,,
HR_SYNERGY,,9,7,2,,0.8819237329298963,,,
HR_COMPAT,,9,7,3,,0,,,
HR_SYNERGY,,9,7,3,,0.8365316465897813,,,
HR_COMPAT,,9,7,4,,0,,,
HR_SYNERGY,,9,7,4,,0.7311721102344466,,,
HR_COMPAT,,9,7,5,,1,,,
HR_SYNERGY,,9,7,5,,0.6963633320205573,,,
HR_COMPAT,,9,7,6,,0,,,
HR_SYNERGY,,9,7,6,,0.7540360473701015,,,
HR_COMPAT,,9,7,7,,1,,,
HR_SYNERGY,,9,7,7,,0.8606076703169219,,,
HR_COMPAT,,9,8,0,,0,,,
HR_SYNERGY,,9,8,0,,0.7626182556381508,,,
HR_COMPAT,,9,8,1,,0,,,
HR_SYNERGY,,9,8,1,,0.8550435319569046,,,
HR_COMPAT,,9,8,2,,0,,,
HR_SYNERGY,,9,8,2,,0.684124794336008,,,
HR_COMPAT,,9,8,3,,0,,,
HR_SYNERGY,,9,8,3,,0.868177251031695,,,
HR_COMPAT,,9,8,4,,1,,,
HR_SYNERGY,,9,8,4,,0.7234396613598344,,,
HR_COMPAT,,9,8,5,,0,,,
HR_SYNERGY,,9,8,5,,0.8991786784726676,,,
HR_COMPAT,,9,8,6,,1,,,
HR_SYNERGY,,9,8,6,,0.6508968658377513,,,
HR_COMPAT,,9,8,7,,0,,,
HR_SYNERGY,,9,8,7,,0.6816910198421453,,,
HR_COMPAT,,9,9,0,,0,,,
HR_SYNERGY,,9,9,0,,0.6928743221036356,,,
HR_COMPAT,,9,9,1,,1,,,
HR_SYNERGY,,9,9,1,,0.8804017295524917,,,
HR_COMPAT,,9,9,2,,1,,,
HR_SYNERGY,,9,9,2,,0.8750659349504025,,,
HR_COMPAT,,9,9,3,,0,,,
HR_SYNERGY,,9,9,3,,0.7640932487504002,,,
HR_COMPAT,,9,9,4,,0,,,
HR_SYNERGY,,9,9,4,,0.8778140759614338,,,
HR_COMPAT,,9,9,5,,0,,,
HR_SYNERGY,,9,9,5,,0.7410193295742128,,,
HR_COMPAT,,9,9,6,,1,,,
HR_SYNERGY,,9,9,6,,0.8962979396247097,,,
HR_COMPAT,,9,9,7,,1,,,
HR_SYNERGY,,9,9,7,,0.8221825303241177,,,
HR_COMPAT,,10,0,0,,1,,,
HR_SYNERGY,,10,0,0,,0.7933730055852928,,,
HR_COMPAT,,10,0,1,,1,,,
HR_SYNERGY,,10,0,1,,0.7328417523065065,,,
HR_COMPAT,,10,0,2,,0,,,
HR_SYNERGY,,10,0,2,,0.8412131033517221,,,
HR_COMPAT,,10,0,3,,0,,,
HR_SYNERGY,,10,0,3,,0.7405145522706174,,,
HR_COMPAT,,10,0,4,,1,,,
HR_SYNERGY,,10,0,4,,0.8030078708775751,,,
HR_COMPAT,,10,0,5,,1,,,
HR_SYNERGY,,10,0,5,,0.706246428588508,,,
HR_COMPAT,,10,0,6,,1,,,
HR_SYNERGY,,10,0,6,,0.8862526529558803,,,
HR_COMPAT,,10,0,7,,1,,,
HR_SYNERGY,,10,0,7,,0.8113247931222363,,,
HR_COMPAT,,10,1,0,,1,,,
HR_SYNERGY,,10,1,0,,0.6789379490852876,,,
HR_COMPAT,,10,1,1,,1,,,
HR_SYNERGY,,10,1,1,,0.8196080514339861,,,
HR_COMPAT,,10,1,2,,0,,,
HR_SYNERGY,,10,1,2,,0.6938406303943135,,,
HR_COMPAT,,10,1,3,,0,,,
HR_SYNERGY,,10,1,3,,0.8418332940371137,,,
HR_COMPAT,,10,1,4,,1,,,
HR_SYNERGY,,10,1,4,,0.785296920867726,,,
HR_COMPAT,,10,1,5,,1,,,
HR_SYNERGY,,10,1,5,,0.6715489292749165,,,
HR_COMPAT,,10,1,6,,0,,,
HR_SYNERGY,,10,1,6,,0.7990300427345391,,,
HR_COMPAT,,10,1,7,,1,,,
HR_SYNERGY,,10,1,7,,0.8700753255152872,,,
HR_COMPAT,,10,2,0,,1,,,
HR_SYNERGY,,10,2,0,,0.7687367140912835,,,
HR_COMPAT,,10,2,1,,1,,,
HR_SYNERGY,,10,2,1,,0.7403210625656093,,,
HR_COMPAT,,10,2,2,,0,,,
HR_SYNERGY,,10,2,2,,0.7060912120902325,,,
HR_COMPAT,,10,2,3,,0,,,
HR_SYNERGY,,10,2,3,,0.7626283119945749,,,
HR_COMPAT,,10,2,4,,1,,,
HR_SYNERGY,,10,2,4,,0.8898141533493911,,,
HR_COMPAT,,10,2,5,,1,,,
HR_SYNERGY,,10,2,5,,0.8014997196667332,,,
HR_COMPAT,,10,2,6,,1,,,
HR_SYNERGY,,10,2,6,,0.7991534436133992,,,
HR_COMPAT,,10,2,7,,1,,,
HR_SYNERGY,,10,2,7,,0.6868311476520492,,,
HR_COMPAT,,10,3,0,,0,,,
HR_SYNERGY,,10,3,0,,0.7253797417881634,,,
HR_COMPAT,,10,3,1,,1,,,
HR_SYNERGY,,10,3,1,,0.8278287382266831,,,
HR_COMPAT,,10,3,2,,0,,,
HR_SYNERGY,,10,3,2,,0.8459076569268379,,,
HR_COMPAT,,10,3,3,,0,,,
HR_SYNERGY,,10,3,3,,0.7261706931855643,,,
HR_COMPAT,,10,3,4,,0,,,
HR_SYNERGY,,10,3,4,,0.7400078076968861,,,
HR_COMPAT,,10,3,5,,0,,,
HR_SYNERGY,,10,3,5,,0.8085463380071863,,,
HR_COMPAT,,10,3,6,,0,,,
HR_SYNERGY,,10,3,6,,0.7850293509286469,,,
HR_COMPAT,,10,3,7,,1,,,
HR_SYNERGY,,10,3,7,,0.7996044823672654,,,
HR_COMPAT,,10,4,0,,1,,,
HR_SYNERGY,,10,4,0,,0.8396947674776356,,,
HR_COMPAT,,10,4,1,,0,,,
HR_SYNERGY,,10,4,1,,0.7165156674981521,,,
HR_COMPAT,,10,4,2,,0,,,
HR_SYNERGY,,10,4,2,,0.8861454902554126,,,
HR_COMPAT,,10,4,3,,0,,,
HR_SYNERGY,,10,4,3,,0.8989950173946166,,,
HR_COMPAT,,10,4,4,,1,,,
HR_SYNERGY,,10,4,4,,0.7800117345869851,,,
HR_COMPAT,,10,4,5,,1,,,
HR_SYNERGY,,10,4,5,,0.7707341622829245,,,
HR_COMPAT,,10,4,6,,0,,,
HR_SYNERGY,,10,4,6,,0.8745838849551602,,,
HR_COMPAT,,10,4,7,,0,,,
HR_SYNERGY,,10,4,7,,0.6528145792828146,,,
HR_COMPAT,,10,5,0,,1,,,
HR_SYNERGY,,10,5,0,,0.7796164655472583,,,
HR_COMPAT,,10,5,1,,0,,,
HR_SYNERGY,,10,5,1,,0.7808852754384613,,,
HR_COMPAT,,10,5,2,,0,,,
HR_SYNERGY,,10,5,2,,0.7910658560948679,,,
HR_COMPAT,,10,5,3,,0,,,
HR_SYNERGY,,10,5,3,,0.7685078213389683,,,
HR_COMPAT,,10,5,4,,1,,,
HR_SYNERGY,,10,5,4,,0.7277880153223607,,,
HR_COMPAT,,10,5,5,,1,,,
HR_SYNERGY,,10,5,5,,0.754361047067834,,,
HR_COMPAT,,10,5,6,,0,,,
HR_SYNERGY,,10,5,6,,0.7391293350270447,,,
HR_COMPAT,,10,5,7,,1,,,
HR_SYNERGY,,10,5,7,,0.8475913332201668,,,
HR_COMPAT,,10,6,0,,0,,,
HR_SYNERGY,,10,6,0,,0.7542163203948447,,,
HR_COMPAT,,10,6,1,,1,,,
HR_SYNERGY,,10,6,1,,0.7740542082109109,,,
HR_COMPAT,,10,6,2,,0,,,
HR_SYNERGY,,10,6,2,,0.8560421541099146,,,
HR_COMPAT,,10,6,3,,0,,,
HR_SYNERGY,,10,6,3,,0.8989777829567138,,,
HR_COMPAT,,10,6,4,,1,,,
HR_SYNERGY,,10,6,4,,0.7185959127325938,,,
HR_COMPAT,,10,6,5,,1,,,
HR_SYNERGY,,10,6,5,,0.6778852831443006,,,
HR_COMPAT,,10,6,6,,1,,,
HR_SYNERGY,,10,6,6,,0.7928436965944416,,,
HR_COMPAT,,10,6,7,,0,,,
HR_SYNERGY,,10,6,7,,0.6968957388976506,,,
HR_COMPAT,,10,7,0,,0,,,
HR_SYNERGY,,10,7,0,,0.7570660340201578,,,
HR_COMPAT,,10,7,1,,1,,,
HR_SYNERGY,,10,7,1,,0.8877871009705894,,,
HR_COMPAT,,10,7,2,,0,,,
HR_SYNERGY,,10,7,2,,0.7017415567172804,,,
HR_COMPAT,,10,7,3,,0,,,
HR_SYNERGY,,10,7,3,,0.7519687906761049,,,
HR_COMPAT,,10,7,4,,0,,,
HR_SYNERGY,,10,7,4,,0.8331986183028448,,,
HR_COMPAT,,10,7,5,,1,,,
HR_SYNERGY,,10,7,5,,0.7142949612769545,,,
HR_COMPAT,,10,7,6,,0,,,
HR_SYNERGY,,10,7,6,,0.8300869018864102,,,
HR_COMPAT,,10,7,7,,1,,,
HR_SYNERGY,,10,7,7,,0.7538796110621908,,,
HR_COMPAT,,10,8,0,,1,,,
HR_SYNERGY,,10,8,0,,0.7745257130359359,,,
HR_COMPAT,,10,8,1,,0,,,
HR_SYNERGY,,10,8,1,,0.8950128025064379,,,
HR_COMPAT,,10,8,2,,0,,,
HR_SYNERGY,,10,8,2,,0.6576387221684687,,,
HR_COMPAT,,10,8,3,,0,,,
HR_SYNERGY,,10,8,3,,0.6718563975440479,,,
HR_COMPAT,,10,8,4,,1,,,
HR_SYNERGY,,10,8,4,,0.7077653955999015,,,
HR_COMPAT,,10,8,5,,0,,,
HR_SYNERGY,,10,8,5,,0.7623582748392645,,,
HR_COMPAT,,10,8,6,,0,,,
HR_SYNERGY,,10,8,6,,0.695686348347157,,,
HR_COMPAT,,10,8,7,,0,,,
HR_SYNERGY,,10,8,7,,0.7383956041453006,,,
HR_COMPAT,,10,9,0,,0,,,
HR_SYNERGY,,10,9,0,,0.7245732931803586,,,
HR_COMPAT,,10,9,1,,1,,,
HR_SYNERGY,,10,9,1,,0.7320301152470929,,,
HR_COMPAT,,10,9,2,,0,,,
HR_SYNERGY,,10,9,2,,0.8432461528873917,,,
HR_COMPAT,,10,9,3,,0,,,
HR_SYNERGY,,10,9,3,,0.6542978669496391,,,
HR_COMPAT,,10,9,4,,0,,,
HR_SYNERGY,,10,9,4,,0.7664476243494721,,,
HR_COMPAT,,10,9,5,,1,,,
HR_SYNERGY,,10,9,5,,0.825770141174128,,,
HR_COMPAT,,10,9,6,,1,,,
HR_SYNERGY,,10,9,6,,0.65211734154486,,,
HR_COMPAT,,10,9,7,,1,,,
HR_SYNERGY,,10,9,7,,0.8553954755072691,,,
HR_COMPAT,,11,0,0,,0,,,
HR_SYNERGY,,11,0,0,,0.8442032352661809,,,
HR_COMPAT,,11,0,1,,0,,,
HR_SYNERGY,,11,0,1,,0.7228181746826651,,,
HR_COMPAT,,11,0,2,,1,,,
HR_SYNERGY,,11,0,2,,0.8896169044027419,,,
HR_COMPAT,,11,0,3,,0,,,
HR_SYNERGY,,11,0,3,,0.8718004384582844,,,
HR_COMPAT,,11,0,4,,1,,,
HR_SYNERGY,,11,0,4,,0.7347280226784931,,,
HR_COMPAT,,11,0,5,,0,,,
HR_SYNERGY,,11,0,5,,0.7037613274799425,,,
HR_COMPAT,,11,0,6,,0,,,
HR_SYNERGY,,11,0,6,,0.7450868057681322,,,
HR_COMPAT,,11,0,7,,1,,,
HR_SYNERGY,,11,0,7,,0.7437859180569918,,,
HR_COMPAT,,11,1,0,,0,,,
HR_SYNERGY,,11,1,0,,0.8818091870802968,,,
HR_COMPAT,,11,1,1,,0,,,
HR_SYNERGY,,11,1,1,,0.8001385495223408,,,
HR_COMPAT,,11,1,2,,1,,,
HR_SYNERGY,,11,1,2,,0.830051697146921,,,
HR_COMPAT,,11,1,3,,0,,,
HR_SYNERGY,,11,1,3,,0.8638997804610986,,,
HR_COMPAT,,11,1,4,,1,,,
HR_SYNERGY,,11,1,4,,0.7922955720167812,,,
HR_COMPAT,,11,1,5,,0,,,
HR_SYNERGY,,11,1,5,,0.8849879452646976,,,
HR_COMPAT,,11,1,6,,0,,,
HR_SYNERGY,,11,1,6,,0.7484767751460771,,,
HR_COMPAT,,11,1,7,,1,,,
HR_SYNERGY,,11,1,7,,0.8493092476828586,,,
HR_COMPAT,,11,2,0,,1,,,
HR_SYNERGY,,11,2,0,,0.8458939123073731,,,
HR_COMPAT,,11,2,1,,0,,,
HR_SYNERGY,,11,2,1,,0.7619359982347664,,,
HR_COMPAT,,11,2,2,,0,,,
HR_SYNERGY,,11,2,2,,0.8229674468415364,,,
HR_COMPAT,,11,2,3,,0,,,
HR_SYNERGY,,11,2,3,,0.8869619384802738,,,
HR_COMPAT,,11,2,4,,1,,,
HR_SYNERGY,,11,2,4,,0.7892261937157823,,,
HR_COMPAT,,11,2,5,,0,,,
HR_SYNERGY,,11,2,5,,0.7951080459160051,,,
HR_COMPAT,,11,2,6,,0,,,
HR_SYNERGY,,11,2,6,,0.7820278624761766,,,
HR_COMPAT,,11,2,7,,1,,,
HR_SYNERGY,,11,2,7,,0.8128320354322199,,,
HR_COMPAT,,11,3,0,,0,,,
HR_SYNERGY,,11,3,0,,0.8381562213317698,,,
HR_COMPAT,,11,3,1,,0,,,
HR_SYNERGY,,11,3,1,,0.8845051770919933,,,
HR_COMPAT,,11,3,2,,1,,,
HR_SYNERGY,,11,3,2,,0.8894153344316844,,,
HR_COMPAT,,11,3,3,,0,,,
HR_SYNERGY,,11,3,3,,0.7314628190396778,,,
HR_COMPAT,,11,3,4,,0,,,
HR_SYNERGY,,11,3,4,,0.6638962910506966,,,
HR_COMPAT,,11,3,5,,0,,,
HR_SYNERGY,,11,3,5,,0.7361529856784645,,,
HR_COMPAT,,11,3,6,,0,,,
HR_SYNERGY,,11,3,6,,0.8844246299000527,,,
HR_COMPAT,,11,3,7,,1,,,
HR_SYNERGY,,11,3,7,,0.8007717920421814,,,
HR_COMPAT,,11,4,0,,1,,,
HR_SYNERGY,,11,4,0,,0.7992070196252306,,,
HR_COMPAT,,11,4,1,,0,,,
HR_SYNERGY,,11,4,1,,0.8648020456425382,,,
HR_COMPAT,,11,4,2,,1,,,
HR_SYNERGY,,11,4,2,,0.7180552098534789,,,
HR_COMPAT,,11,4,3,,0,,,
HR_SYNERGY,,11,4,3,,0.7627122474267279,,,
HR_COMPAT,,11,4,4,,0,,,
HR_SYNERGY,,11,4,4,,0.8694335705842412,,,
HR_COMPAT,,11,4,5,,0,,,
HR_SYNERGY,,11,4,5,,0.7081080847363743,,,
HR_COMPAT,,11,4,6,,0,,,
HR_SYNERGY,,11,4,6,,0.7244117379847841,,,
HR_COMPAT,,11,4,7,,0,,,
HR_SYNERGY,,11,4,7,,0.8159025968041953,,,
HR_COMPAT,,11,5,0,,1,,,
HR_SYNERGY,,11,5,0,,0.6556436591904653,,,
HR_COMPAT,,11,5,1,,0,,,
HR_SYNERGY,,11,5,1,,0.7713418590376355,,,
HR_COMPAT,,11,5,2,,0,,,
HR_SYNERGY,,11,5,2,,0.8864794535918477,,,
HR_COMPAT,,11,5,3,,0,,,
HR_SYNERGY,,11,5,3,,0.7975593901459295,,,
HR_COMPAT,,11,5,4,,0,,,
HR_SYNERGY,,11,5,4,,0.7339722760460897,,,
HR_COMPAT,,11,5,5,,0,,,
HR_SYNERGY,,11,5,5,,0.7090594197032818,,,
HR_COMPAT,,11,5,6,,0,,,
HR_SYNERGY,,11,5,6,,0.8200965448173165,,,
HR_COMPAT,,11,5,7,,0,,,
HR_SYNERGY,,11,5,7,,0.6687322182888161,,,
HR_COMPAT,,11,6,0,,0,,,
HR_SYNERGY,,11,6,0,,0.762485507549465,,,
HR_COMPAT,,11,6,1,,0,,,
HR_SYNERGY,,11,6,1,,0.6504119663124494,,,
HR_COMPAT,,11,6,2,,0,,,
HR_SYNERGY,,11,6,2,,0.6794871304154165,,,
HR_COMPAT,,11,6,3,,0,,,
HR_SYNERGY,,11,6,3,,0.8130966388973186,,,
HR_COMPAT,,11,6,4,,1,,,
HR_SYNERGY,,11,6,4,,0.7772254117818495,,,
HR_COMPAT,,11,6,5,,0,,,
HR_SYNERGY,,11,6,5,,0.7791942051761664,,,
HR_COMPAT,,11,6,6,,0,,,
HR_SYNERGY,,11,6,6,,0.8397001175819873,,,
HR_COMPAT,,11,6,7,,0,,,
HR_SYNERGY,,11,6,7,,0.8969635226537372,,,
HR_COMPAT,,11,7,0,,0,,,
HR_SYNERGY,,11,7,0,,0.6544648359139438,,,
HR_COMPAT,,11,7,1,,0,,,
HR_SYNERGY,,11,7,1,,0.8849796880454205,,,
HR_COMPAT,,11,7,2,,1,,,
HR_SYNERGY,,11,7,2,,0.7121169677219178,,,
HR_COMPAT,,11,7,3,,0,,,
HR_SYNERGY,,11,7,3,,0.7940128538368937,,,
HR_COMPAT,,11,7,4,,0,,,
HR_SYNERGY,,11,7,4,,0.7323245329764403,,,
HR_COMPAT,,11,7,5,,0,,,
HR_SYNERGY,,11,7,5,,0.8276092348713322,,,
HR_COMPAT,,11,7,6,,0,,,
HR_SYNERGY,,11,7,6,,0.6565692742781245,,,
HR_COMPAT,,11,7,7,,1,,,
HR_SYNERGY,,11,7,7,,0.823385715095298,,,
HR_COMPAT,,11,8,0,,1,,,
HR_SYNERGY,,11,8,0,,0.8843471894730891,,,
HR_COMPAT,,11,8,1,,0,,,
HR_SYNERGY,,11,8,1,,0.8393761230760792,,,
HR_COMPAT,,11,8,2,,0,,,
HR_SYNERGY,,11,8,2,,0.7688586063931248,,,
HR_COMPAT,,11,8,3,,0,,,
HR_SYNERGY,,11,8,3,,0.7025148923637791,,,
HR_COMPAT,,11,8,4,,1,,,
HR_SYNERGY,,11,8,4,,0.7257003301493639,,,
HR_COMPAT,,11,8,5,,0,,,
HR_SYNERGY,,11,8,5,,0.8595842171250961,,,
HR_COMPAT,,11,8,6,,0,,,
HR_SYNERGY,,11,8,6,,0.6573393431052272,,,
HR_COMPAT,,11,8,7,,0,,,
HR_SYNERGY,,11,8,7,,0.7224719213883318,,,
HR_COMPAT,,11,9,0,,1,,,
HR_SYNERGY,,11,9,0,,0.787407924801625,,,
HR_COMPAT,,11,9,1,,0,,,
HR_SYNERGY,,11,9,1,,0.8813188166388987,,,
HR_COMPAT,,11,9,2,,1,,,
HR_SYNERGY,,11,9,2,,0.8851105229957253,,,
HR_COMPAT,,11,9,3,,0,,,
HR_SYNERGY,,11,9,3,,0.8244169891206168,,,
HR_COMPAT,,11,9,4,,0,,,
HR_SYNERGY,,11,9,4,,0.8850515993855097,,,
HR_COMPAT,,11,9,5,,0,,,
HR_SYNERGY,,11,9,5,,0.8867322785393413,,,
HR_COMPAT,,11,9,6,,0,,,
HR_SYNERGY,,11,9,6,,0.8425445986233187,,,
HR_COMPAT,,11,9,7,,1,,,
HR_SYNERGY,,11,9,7,,0.8526413606047473,,,
WORKER_RELOC,,0,0,0,,0.0,,,
WORKER_RELOC,,0,0,1,,0.0,,,
WORKER_RELOC,,0,0,2,,0.0,,,
WORKER_RELOC,,0,0,3,,0.0,,,
WORKER_RELOC,,0,0,4,,0.0,,,
WORKER_RELOC,,0,0,5,,0.0,,,
WORKER_RELOC,,0,0,6,,0.0,,,
WORKER_RELOC,,0,0,7,,0.0,,,
WORKER_RELOC,,0,0,8,,0.0,,,
WORKER_RELOC,,0,0,9,,0.0,,,
WORKER_RELOC,,0,0,10,,0.0,,,
WORKER_RELOC,,0,0,11,,0.0,,,
WORKER_RELOC,,0,0,12,,0.0,,,
WORKER_RELOC,,0,0,13,,0.0,,,
WORKER_RELOC,,0,0,14,,0.0,,,
WORKER_RELOC,,0,0,15,,0.0,,,
WORKER_RELOC,,0,0,16,,0.0,,,
WORKER_RELOC,,0,0,17,,0.0,,,
WORKER_RELOC,,0,1,0,,0.0,,,
WORKER_RELOC,,0,1,1,,0.0,,,
WORKER_RELOC,,0,1,2,,0.0,,,
WORKER_RELOC,,0,1,3,,0.0,,,
WORKER_RELOC,,0,1,4,,0.0,,,
WORKER_RELOC,,0,1,5,,0.0,,,
WORKER_RELOC,,0,1,6,,0.0,,,
WORKER_RELOC,,0,1,7,,0.0,,,
WORKER_RELOC,,0,1,8,,0.0,,,
WORKER_RELOC,,0,1,9,,0.0,,,
WORKER_RELOC,,0,1,10,,0.0,,,
WORKER_RELOC,,0,1,11,,0.0,,,
WORKER_RELOC,,0,1,12,,0.0,,,
WORKER_RELOC,,0,1,13,,0.0,,,
WORKER_RELOC,,0,1,14,,0.0,,,
WORKER_RELOC,,0,1,15,,0.0,,,
WORKER_RELOC,,0,1,16,,0.0,,,
WORKER_RELOC,,0,1,17,,0.0,,,
WORKER_RELOC,,0,2,0,,0.0,,,
WORKER_RELOC,,0,2,1,,0.0,,,
WORKER_RELOC,,0,2,2,,0.0,,,
WORKER_RELOC,,0,2,3,,0.0,,,
WORKER_RELOC,,0,2,4,,0.0,,,
WORKER_RELOC,,0,2,5,,0.0,,,
WORKER_RELOC,,0,2,6,,0.0,,,
WORKER_RELOC,,0,2,7,,0.0,,,
WORKER_RELOC,,0,2,8,,0.0,,,
WORKER_RELOC,,0,2,9,,0.0,,,
WORKER_RELOC,,0,2,10,,0.0,,,
WORKER_RELOC,,0,2,11,,0.0,,,
WORKER_RELOC,,0,2,12,,0.0,,,
WORKER_RELOC,,0,2,13,,0.0,,,
WORKER_RELOC,,0,2,14,,0.0,,,
WORKER_RELOC,,0,2,15,,0.0,,,
WORKER_RELOC,,0,2,16,,0.0,,,
WORKER_RELOC,,0,2,17,,0.0,,,
WORKER_RELOC,,0,3,0,,0.0,,,
WORKER_RELOC,,0,3,1,,0.0,,,
WORKER_RELOC,,0,3,2,,0.0,,,
WORKER_RELOC,,0,3,3,,0.0,,,
WORKER_RELOC,,0,3,4,,0.0,,,
WORKER_RELOC,,0,3,5,,0.0,,,
WORKER_RELOC,,0,3,6,,0.0,,,
WORKER_RELOC,,0,3,7,,0.0,,,
WORKER_RELOC,,0,3,8,,0.0,,,
WORKER_RELOC,,0,3,9,,0.0,,,
WORKER_RELOC,,0,3,10,,0.0,,,
WORKER_RELOC,,0,3,11,,0.0,,,
WORKER_RELOC,,0,3,12,,0.0,,,
WORKER_RELOC,,0,3,13,,0.0,,,
WORKER_RELOC,,0,3,14,,0.0,,,
WORKER_RELOC,,0,3,15,,0.0,,,
WORKER_RELOC,,0,3,16,,0.0,,,
WORKER_RELOC,,0,3,17,,0.0,,,
WORKER_RELOC,,0,4,0,,0.0,,,
WORKER_RELOC,,0,4,1,,0.0,,,
WORKER_RELOC,,0,4,2,,0.0,,,
WORKER_RELOC,,0,4,3,,0.0,,,
WORKER_RELOC,,0,4,4,,0.0,,,
WORKER_RELOC,,0,4,5,,0.0,,,
WORKER_RELOC,,0,4,6,,0.0,,,
WORKER_RELOC,,0,4,7,,0.0,,,
WORKER_RELOC,,0,4,8,,0.0,,,
WORKER_RELOC,,0,4,9,,0.0,,,
WORKER_RELOC,,0,4,10,,0.0,,,
WORKER_RELOC,,0,4,11,,0.0,,,
WORKER_RELOC,,0,4,12,,0.0,,,
WORKER_RELOC,,0,4,13,,0.0,,,
WORKER_RELOC,,0,4,14,,0.0,,,
WORKER_RELOC,,0,4,15,,0.0,,,
WORKER_RELOC,,0,4,16,,0.0,,,
WORKER_RELOC,,0,4,17,,0.0,,,
WORKER_RELOC,,0,5,0,,0.0,,,
WORKER_RELOC,,0,5,1,,0.0,,,
WORKER_RELOC,,0,5,2,,0.0,,,
WORKER_RELOC,,0,5,3,,0.0,,,
WORKER_RELOC,,0,5,4,,0.0,,,
WORKER_RELOC,,0,5,5,,0.0,,,
WORKER_RELOC,,0,5,6,,0.0,,,
WORKER_RELOC,,0,5,7,,0.0,,,
WORKER_RELOC,,0,5,8,,0.0,,,
WORKER_RELOC,,0,5,9,,0.0,,,
WORKER_RELOC,,0,5,10,,0.0,,,
WORKER_RELOC,,0,5,11,,0.0,,,
WORKER_RELOC,,0,5,12,,0.0,,,
WORKER_RELOC,,0,5,13,,0.0,,,
WORKER_RELOC,,0,5,14,,0.0,,,
WORKER_RELOC,,0,5,15,,0.0,,,
WORKER_RELOC,,0,5,16,,0.0,,,
WORKER_RELOC,,0,5,17,,0.0,,,
WORKER_RELOC,,0,6,0,,0.0,,,
WORKER_RELOC,,0,6,1,,0.0,,,
WORKER_RELOC,,0,6,2,,0.0,,,
WORKER_RELOC,,0,6,3,,0.0,,,
WORKER_RELOC,,0,6,4,,0.0,,,
WORKER_RELOC,,0,6,5,,0.0,,,
WORKER_RELOC,,0,6,6,,0.0,,,
WORKER_RELOC,,0,6,7,,0.0,,,
WORKER_RELOC,,0,6,8,,0.0,,,
WORKER_RELOC,,0,6,9,,0.0,,,
WORKER_RELOC,,0,6,10,,0.0,,,
WORKER_RELOC,,0,6,11,,0.0,,,
WORKER_RELOC,,0,6,12,,0.0,,,
WORKER_RELOC,,0,6,13,,0.0,,,
WORKER_RELOC,,0,6,14,,0.0,,,
WORKER_RELOC,,0,6,15,,0.0,,,
WORKER_RELOC,,0,6,16,,0.0,,,
WORKER_RELOC,,0,6,17,,0.0,,,
WORKER_RELOC,,0,7,0,,0.0,,,
WORKER_RELOC,,0,7,1,,0.0,,,
WORKER_RELOC,,0,7,2,,0.0,,,
WORKER_RELOC,,0,7,3,,0.0,,,
WORKER_RELOC,,0,7,4,,0.0,,,
WORKER_RELOC,,0,7,5,,0.0,,,
WORKER_RELOC,,0,7,6,,0.0,,,
WORKER_RELOC,,0,7,7,,0.0,,,
WORKER_RELOC,,0,7,8,,0.0,,,
WORKER_RELOC,,0,7,9,,0.0,,,
WORKER_RELOC,,0,7,10,,0.0,,,
WORKER_RELOC,,0,7,11,,0.0,,,
WORKER_RELOC,,0,7,12,,0.0,,,
WORKER_RELOC,,0,7,13,,0.0,,,
WORKER_RELOC,,0,7,14,,0.0,,,
WORKER_RELOC,,0,7,15,,0.0,,,
WORKER_RELOC,,0,7,16,,0.0,,,
WORKER_RELOC,,0,7,17,,0.0,,,
WORKER_RELOC,,0,8,0,,0.0,,,
WORKER_RELOC,,0,8,1,,0.0,,,
WORKER_RELOC,,0,8,2,,0.0,,,
WORKER_RELOC,,0,8,3,,0.0,,,
WORKER_RELOC,,0,8,4,,0.0,,,
WORKER_RELOC,,0,8,5,,0.0,,,
WORKER_RELOC,,0,8,6,,0.0,,,
WORKER_RELOC,,0,8,7,,0.0,,,
WORKER_RELOC,,0,8,8,,0.0,,,
WORKER_RELOC,,0,8,9,,0.0,,,
WORKER_RELOC,,0,8,10,,0.0,,,
WORKER_RELOC,,0,8,11,,0.0,,,
WORKER_RELOC,,0,8,12,,0.0,,,
WORKER_RELOC,,0,8,13,,0.0,,,
WORKER_RELOC,,0,8,14,,0.0,,,
WORKER_RELOC,,0,8,15,,0.0,,,
WORKER_RELOC,,0,8,16,,0.0,,,
WORKER_RELOC,,0,8,17,,0.0,,,
WORKER_RELOC,,0,9,0,,0.0,,,
WORKER_RELOC,,0,9,1,,0.0,,,
WORKER_RELOC,,0,9,2,,0.0,,,
WORKER_RELOC,,0,9,3,,0.0,,,
WORKER_RELOC,,0,9,4,,0.0,,,
WORKER_RELOC,,0,9,5,,0.0,,,
WORKER_RELOC,,0,9,6,,0.0,,,
WORKER_RELOC,,0,9,7,,0.0,,,
WORKER_RELOC,,0,9,8,,0.0,,,
WORKER_RELOC,,0,9,9,,0.0,,,
WORKER_RELOC,,0,9,10,,0.0,,,
WORKER_RELOC,,0,9,11,,0.0,,,
WORKER_RELOC,,0,9,12,,0.0,,,
WORKER_RELOC,,0,9,13,,0.0,,,
WORKER_RELOC,,0,9,14,,0.0,,,
WORKER_RELOC,,0,9,15,,0.0,,,
WORKER_RELOC,,0,9,16,,0.0,,,
WORKER_RELOC,,0,9,17,,0.0,,,
WORKER_RELOC,,0,10,0,,0.0,,,
WORKER_RELOC,,0,10,1,,0.0,,,
WORKER_RELOC,,0,10,2,,0.0,,,
WORKER_RELOC,,0,10,3,,0.0,,,
WORKER_RELOC,,0,10,4,,0.0,,,
WORKER_RELOC,,0,10,5,,0.0,,,
WORKER_RELOC,,0,10,6,,0.0,,,
WORKER_RELOC,,0,10,7,,0.0,,,
WORKER_RELOC,,0,10,8,,0.0,,,
WORKER_RELOC,,0,10,9,,0.0,,,
WORKER_RELOC,,0,10,10,,0.0,,,
WORKER_RELOC,,0,10,11,,0.0,,,
WORKER_RELOC,,0,10,12,,0.0,,,
WORKER_RELOC,,0,10,13,,0.0,,,
WORKER_RELOC,,0,10,14,,0.0,,,
WORKER_RELOC,,0,10,15,,0.0,,,
WORKER_RELOC,,0,10,16,,0.0,,,
WORKER_RELOC,,0,10,17,,0.0,,,
WORKER_RELOC,,0,11,0,,0.0,,,
WORKER_RELOC,,0,11,1,,0.0,,,
WORKER_RELOC,,0,11,2,,0.0,,,
WORKER_RELOC,,0,11,3,,0.0,,,
WORKER_RELOC,,0,11,4,,0.0,,,
WORKER_RELOC,,0,11,5,,0.0,,,
WORKER_RELOC,,0,11,6,,0.0,,,
WORKER_RELOC,,0,11,7,,0.0,,,
WORKER_RELOC,,0,11,8,,0.0,,,
WORKER_RELOC,,0,11,9,,0.0,,,
WORKER_RELOC,,0,11,10,,0.0,,,
WORKER_RELOC,,0,11,11,,0.0,,,
WORKER_RELOC,,0,11,12,,0.0,,,
WORKER_RELOC,,0,11,13,,0.0,,,
WORKER_RELOC,,0,11,14,,0.0,,,
WORKER_RELOC,,0,11,15,,0.0,,,
WORKER_RELOC,,0,11,16,,0.0,,,
WORKER_RELOC,,0,11,17,,0.0,,,
WORKER_RELOC,,0,12,0,,0.0,,,
WORKER_RELOC,,0,12,1,,0.0,,,
WORKER_RELOC,,0,12,2,,0.0,,,
WORKER_RELOC,,0,12,3,,0.0,,,
WORKER_RELOC,,0,12,4,,0.0,,,
WORKER_RELOC,,0,12,5,,0.0,,,
WORKER_RELOC,,0,12,6,,0.0,,,
WORKER_RELOC,,0,12,7,,0.0,,,
WORKER_RELOC,,0,12,8,,0.0,,,
WORKER_RELOC,,0,12,9,,0.0,,,
WORKER_RELOC,,0,12,10,,0.0,,,
WORKER_RELOC,,0,12,11,,0.0,,,
WORKER_RELOC,,0,12,12,,0.0,,,
WORKER_RELOC,,0,12,13,,0.0,,,
WORKER_RELOC,,0,12,14,,0.0,,,
WORKER_RELOC,,0,12,15,,0.0,,,
WORKER_RELOC,,0,12,16,,0.0,,,
WORKER_RELOC,,0,12,17,,0.0,,,
WORKER_RELOC,,0,13,0,,0.0,,,
WORKER_RELOC,,0,13,1,,0.0,,,
WORKER_RELOC,,0,13,2,,0.0,,,
WORKER_RELOC,,0,13,3,,0.0,,,
WORKER_RELOC,,0,13,4,,0.0,,,
WORKER_RELOC,,0,13,5,,0.0,,,
WORKER_RELOC,,0,13,6,,0.0,,,
WORKER_RELOC,,0,13,7,,0.0,,,
WORKER_RELOC,,0,13,8,,0.0,,,
WORKER_RELOC,,0,13,9,,0.0,,,
WORKER_RELOC,,0,13,10,,0.0,,,
WORKER_RELOC,,0,13,11,,0.0,,,
WORKER_RELOC,,0,13,12,,0.0,,,
WORKER_RELOC,,0,13,13,,0.0,,,
WORKER_RELOC,,0,13,14,,0.0,,,
WORKER_RELOC,,0,13,15,,0.0,,,
WORKER_RELOC,,0,13,16,,0.0,,,
WORKER_RELOC,,0,13,17,,0.0,,,
WORKER_RELOC,,0,14,0,,0.0,,,
WORKER_RELOC,,0,14,1,,0.0,,,
WORKER_RELOC,,0,14,2,,0.0,,,
WORKER_RELOC,,0,14,3,,0.0,,,
WORKER_RELOC,,0,14,4,,0.0,,,
WORKER_RELOC,,0,14,5,,0.0,,,
WORKER_RELOC,,0,14,6,,0.0,,,
WORKER_RELOC,,0,14,7,,0.0,,,
WORKER_RELOC,,0,14,8,,0.0,,,
WORKER_RELOC,,0,14,9,,0.0,,,
WORKER_RELOC,,0,14,10,,0.0,,,
WORKER_RELOC,,0,14,11,,0.0,,,
WORKER_RELOC,,0,14,12,,0.0,,,
WORKER_RELOC,,0,14,13,,0.0,,,
WORKER_RELOC,,0,14,14,,0.0,,,
WORKER_RELOC,,0,14,15,,0.0,,,
WORKER_RELOC,,0,14,16,,0.0,,,
WORKER_RELOC,,0,14,17,,0.0,,,
WORKER_RELOC,,0,15,0,,0.0,,,
WORKER_RELOC,,0,15,1,,0.0,,,
WORKER_RELOC,,0,15,2,,0.0,,,
WORKER_RELOC,,0,15,3,,0.0,,,
WORKER_RELOC,,0,15,4,,0.0,,,
WORKER_RELOC,,0,15,5,,0.0,,,
WORKER_RELOC,,0,15,6,,0.0,,,
WORKER_RELOC,,0,15,7,,0.0,,,
WORKER_RELOC,,0,15,8,,0.0,,,
WORKER_RELOC,,0,15,9,,0.0,,,
WORKER_RELOC,,0,15,10,,0.0,,,
WORKER_RELOC,,0,15,11,,0.0,,,
WORKER_RELOC,,0,15,12,,0.0,,,
WORKER_RELOC,,0,15,13,,0.0,,,
WORKER_RELOC,,0,15,14,,0.0,,,
WORKER_RELOC,,0,15,15,,0.0,,,
WORKER_RELOC,,0,15,16,,0.0,,,
WORKER_RELOC,,0,15,17,,0.0,,,
WORKER_RELOC,,0,16,0,,0.0,,,
WORKER_RELOC,,0,16,1,,0.0,,,
WORKER_RELOC,,0,16,2,,0.0,,,
WORKER_RELOC,,0,16,3,,0.0,,,
WORKER_RELOC,,0,16,4,,0.0,,,
WORKER_RELOC,,0,16,5,,0.0,,,
WORKER_RELOC,,0,16,6,,0.0,,,
WORKER_RELOC,,0,16,7,,0.0,,,
WORKER_RELOC,,0,16,8,,0.0,,,
WORKER_RELOC,,0,16,9,,0.0,,,
WORKER_RELOC,,0,16,10,,0.0,,,
WORKER_RELOC,,0,16,11,,0.0,,,
WORKER_RELOC,,0,16,12,,0.0,,,
WORKER_RELOC,,0,16,13,,0.0,,,
WORKER_RELOC,,0,16,14,,0.0,,,
WORKER_RELOC,,0,16,15,,0.0,,,
WORKER_RELOC,,0,16,16,,0.0,,,
WORKER_RELOC,,0,16,17,,0.0,,,
WORKER_RELOC,,0,17,0,,0.0,,,
WORKER_RELOC,,0,17,1,,0.0,,,
WORKER_RELOC,,0,17,2,,0.0,,,
WORKER_RELOC,,0,17,3,,0.0,,,
WORKER_RELOC,,0,17,4,,0.0,,,
WORKER_RELOC,,0,17,5,,0.0,,,
WORKER_RELOC,,0,17,6,,0.0,,,
WORKER_RELOC,,0,17,7,,0.0,,,
WORKER_RELOC,,0,17,8,,0.0,,,
WORKER_RELOC,,0,17,9,,0.0,,,
WORKER_RELOC,,0,17,10,,0.0,,,
WORKER_RELOC,,0,17,11,,0.0,,,
WORKER_RELOC,,0,17,12,,0.0,,,
WORKER_RELOC,,0,17,13,,0.0,,,
WORKER_RELOC,,0,17,14,,0.0,,,
WORKER_RELOC,,0,17,15,,0.0,,,
WORKER_RELOC,,0,17,16,,0.0,,,
WORKER_RELOC,,0,17,17,,0.0,,,
WORKER_RELOC,,1,0,0,,0.0,,,
WORKER_RELOC,,1,0,1,,0.0,,,
WORKER_RELOC,,1,0,2,,0.0,,,
WORKER_RELOC,,1,0,3,,0.0,,,
WORKER_RELOC,,1,0,4,,0.0,,,
WORKER_RELOC,,1,0,5,,0.0,,,
WORKER_RELOC,,1,0,6,,0.0,,,
WORKER_RELOC,,1,0,7,,0.0,,,
WORKER_RELOC,,1,0,8,,0.0,,,
WORKER_RELOC,,1,0,9,,0.0,,,
WORKER_RELOC,,1,0,10,,0.0,,,
WORKER_RELOC,,1,0,11,,0.0,,,
WORKER_RELOC,,1,0,12,,0.0,,,
WORKER_RELOC,,1,0,13,,0.0,,,
WORKER_RELOC,,1,0,14,,0.0,,,
WORKER_RELOC,,1,0,15,,0.0,,,
WORKER_RELOC,,1,0,16,,0.0,,,
WORKER_RELOC,,1,0,17,,0.0,,,
WORKER_RELOC,,1,1,0,,0.0,,,
WORKER_RELOC,,1,1,1,,0.0,,,
WORKER_RELOC,,1,1,2,,0.0,,,
WORKER_RELOC,,1,1,3,,0.0,,,
WORKER_RELOC,,1,1,4,,0.0,,,
WORKER_RELOC,,1,1,5,,0.0,,,
WORKER_RELOC,,1,1,6,,0.0,,,
WORKER_RELOC,,1,1,7,,0.0,,,
WORKER_RELOC,,1,1,8,,0.0,,,
WORKER_RELOC,,1,1,9,,0.0,,,
WORKER_RELOC,,1,1,10,,0.0,,,
WORKER_RELOC,,1,1,11,,0.0,,,
WORKER_RELOC,,1,1,12,,0.0,,,
WORKER_RELOC,,1,1,13,,0.0,,,
WORKER_RELOC,,1,1,14,,0.0,,,
WORKER_RELOC,,1,1,15,,0.0,,,
WORKER_RELOC,,1,1,16,,0.0,,,
WORKER_RELOC,,1,1,17,,0.0,,,
WORKER_RELOC,,1,2,0,,0.0,,,
WORKER_RELOC,,1,2,1,,0.0,,,
WORKER_RELOC,,1,2,2,,0.0,,,
WORKER_RELOC,,1,2,3,,0.0,,,
WORKER_RELOC,,1,2,4,,0.0,,,
WORKER_RELOC,,1,2,5,,0.0,,,
WORKER_RELOC,,1,2,6,,0.0,,,
WORKER_RELOC,,1,2,7,,0.0,,,
WORKER_RELOC,,1,2,8,,0.0,,,
WORKER_RELOC,,1,2,9,,0.0,,,
WORKER_RELOC,,1,2,10,,0.0,,,
WORKER_RELOC,,1,2,11,,0.0,,,
WORKER_RELOC,,1,2,12,,0.0,,,
WORKER_RELOC,,1,2,13,,0.0,,,
WORKER_RELOC,,1,2,14,,0.0,,,
WORKER_RELOC,,1,2,15,,0.0,,,
WORKER_RELOC,,1,2,16,,0.0,,,
WORKER_RELOC,,1,2,17,,0.0,,,
WORKER_RELOC,,1,3,0,,0.0,,,
WORKER_RELOC,,1,3,1,,0.0,,,
WORKER_RELOC,,1,3,2,,0.0,,,
WORKER_RELOC,,1,3,3,,0.0,,,
WORKER_RELOC,,1,3,4,,0.0,,,
WORKER_RELOC,,1,3,5,,0.0,,,
WORKER_RELOC,,1,3,6,,0.0,,,
WORKER_RELOC,,1,3,7,,0.0,,,
WORKER_RELOC,,1,3,8,,0.0,,,
WORKER_RELOC,,1,3,9,,0.0,,,
WORKER_RELOC,,1,3,10,,0.0,,,
WORKER_RELOC,,1,3,11,,0.0,,,
WORKER_RELOC,,1,3,12,,0.0,,,
WORKER_RELOC,,1,3,13,,0.0,,,
WORKER_RELOC,,1,3,14,,0.0,,,
WORKER_RELOC,,1,3,15,,0.0,,,
WORKER_RELOC,,1,3,16,,0.0,,,
WORKER_RELOC,,1,3,17,,0.0,,,
WORKER_RELOC,,1,4,0,,0.0,,,
WORKER_RELOC,,1,4,1,,0.0,,,
WORKER_RELOC,,1,4,2,,0.0,,,
WORKER_RELOC,,1,4,3,,0.0,,,
WORKER_RELOC,,1,4,4,,0.0,,,
WORKER_RELOC,,1,4,5,,0.0,,,
WORKER_RELOC,,1,4,6,,0.0,,,
WORKER_RELOC,,1,4,7,,0.0,,,
WORKER_RELOC,,1,4,8,,0.0,,,
WORKER_RELOC,,1,4,9,,0.0,,,
WORKER_RELOC,,1,4,10,,0.0,,,
WORKER_RELOC,,1,4,11,,0.0,,,
WORKER_RELOC,,1,4,12,,0.0,,,
WORKER_RELOC,,1,4,13,,0.0,,,
WORKER_RELOC,,1,4,14,,0.0,,,
WORKER_RELOC,,1,4,15,,0.0,,,
WORKER_RELOC,,1,4,16,,0.0,,,
WORKER_RELOC,,1,4,17,,0.0,,,
WORKER_RELOC,,1,5,0,,0.0,,,
WORKER_RELOC,,1,5,1,,0.0,,,
WORKER_RELOC,,1,5,2,,0.0,,,
WORKER_RELOC,,1,5,3,,0.0,,,
WORKER_RELOC,,1,5,4,,0.0,,,
WORKER_RELOC,,1,5,5,,0.0,,,
WORKER_RELOC,,1,5,6,,0.0,,,
WORKER_RELOC,,1,5,7,,0.0,,,
WORKER_RELOC,,1,5,8,,0.0,,,
WORKER_RELOC,,1,5,9,,0.0,,,
WORKER_RELOC,,1,5,10,,0.0,,,
WORKER_RELOC,,1,5,11,,0.0,,,
WORKER_RELOC,,1,5,12,,0.0,,,
WORKER_RELOC,,1,5,13,,0.0,,,
WORKER_RELOC,,1,5,14,,0.0,,,
WORKER_RELOC,,1,5,15,,0.0,,,
WORKER_RELOC,,1,5,16,,0.0,,,
WORKER_RELOC,,1,5,17,,0.0,,,
WORKER_RELOC,,1,6,0,,0.0,,,
WORKER_RELOC,,1,6,1,,0.0,,,
WORKER_RELOC,,1,6,2,,0.0,,,
WORKER_RELOC,,1,6,3,,0.0,,,
WORKER_RELOC,,1,6,4,,0.0,,,
WORKER_RELOC,,1,6,5,,0.0,,,
WORKER_RELOC,,1,6,6,,0.0,,,
WORKER_RELOC,,1,6,7,,0.0,,,
WORKER_RELOC,,1,6,8,,0.0,,,
WORKER_RELOC,,1,6,9,,0.0,,,
WORKER_RELOC,,1,6,10,,0.0,,,
WORKER_RELOC,,1,6,11,,0.0,,,
WORKER_RELOC,,1,6,12,,0.0,,,
WORKER_RELOC,,1,6,13,,0.0,,,
WORKER_RELOC,,1,6,14,,0.0,,,
WORKER_RELOC,,1,6,15,,0.0,,,
WORKER_RELOC,,1,6,16,,0.0,,,
WORKER_RELOC,,1,6,17,,0.0,,,
WORKER_RELOC,,1,7,0,,0.0,,,
WORKER_RELOC,,1,7,1,,0.0,,,
WORKER_RELOC,,1,7,2,,0.0,,,
WORKER_RELOC,,1,7,3,,0.0,,,
WORKER_RELOC,,1,7,4,,0.0,,,
WORKER_RELOC,,1,7,5,,0.0,,,
WORKER_RELOC,,1,7,6,,0.0,,,
WORKER_RELOC,,1,7,7,,0.0,,,
WORKER_RELOC,,1,7,8,,0.0,,,
WORKER_RELOC,,1,7,9,,0.0,,,
WORKER_RELOC,,1,7,10,,0.0,,,
WORKER_RELOC,,1,7,11,,0.0,,,
WORKER_RELOC,,1,7,12,,0.0,,,
WORKER_RELOC,,1,7,13,,0.0,,,
WORKER_RELOC,,1,7,14,,0.0,,,
WORKER_RELOC,,1,7,15,,0.0,,,
WORKER_RELOC,,1,7,16,,0.0,,,
WORKER_RELOC,,1,7,17,,0.0,,,
WORKER_RELOC,,1,8,0,,0.0,,,
WORKER_RELOC,,1,8,1,,0.0,,,
WORKER_RELOC,,1,8,2,,0.0,,,
WORKER_RELOC,,1,8,3,,0.0,,,
WORKER_RELOC,,1,8,4,,0.0,,,
WORKER_RELOC,,1,8,5,,0.0,,,
WORKER_RELOC,,1,8,6,,0.0,,,
WORKER_RELOC,,1,8,7,,0.0,,,
WORKER_RELOC,,1,8,8,,0.0,,,
WORKER_RELOC,,1,8,9,,0.0,,,
WORKER_RELOC,,1,8,10,,0.0,,,
WORKER_RELOC,,1,8,11,,0.0,,,
WORKER_RELOC,,1,8,12,,0.0,,,
WORKER_RELOC,,1,8,13,,0.0,,,
WORKER_RELOC,,1,8,14,,0.0,,,
WORKER_RELOC,,1,8,15,,0.0,,,
WORKER_RELOC,,1,8,16,,0.0,,,
WORKER_RELOC,,1,8,17,,0.0,,,
WORKER_RELOC,,1,9,0,,0.0,,,
WORKER_RELOC,,1,9,1,,0.0,,,
WORKER_RELOC,,1,9,2,,0.0,,,
WORKER_RELOC,,1,9,3,,0.0,,,
WORKER_RELOC,,1,9,4,,0.0,,,
WORKER_RELOC,,1,9,5,,0.0,,,
WORKER_RELOC,,1,9,6,,0.0,,,
WORKER_RELOC,,1,9,7,,0.0,,,
WORKER_RELOC,,1,9,8,,0.0,,,
WORKER_RELOC,,1,9,9,,0.0,,,
WORKER_RELOC,,1,9,10,,0.0,,,
WORKER_RELOC,,1,9,11,,0.0,,,
WORKER_RELOC,,1,9,12,,0.0,,,
WORKER_RELOC,,1,9,13,,0.0,,,
WORKER_RELOC,,1,9,14,,0.0,,,
WORKER_RELOC,,1,9,15,,0.0,,,
WORKER_RELOC,,1,9,16,,0.0,,,
WORKER_RELOC,,1,9,17,,0.0,,,
WORKER_RELOC,,1,10,0,,0.0,,,
WORKER_RELOC,,1,10,1,,0.0,,,
WORKER_RELOC,,1,10,2,,0.0,,,
WORKER_RELOC,,1,10,3,,0.0,,,
WORKER_RELOC,,1,10,4,,0.0,,,
WORKER_RELOC,,1,10,5,,0.0,,,
WORKER_RELOC,,1,10,6,,0.0,,,
WORKER_RELOC,,1,10,7,,0.0,,,
WORKER_RELOC,,1,10,8,,0.0,,,
WORKER_RELOC,,1,10,9,,0.0,,,
WORKER_RELOC,,1,10,10,,0.0,,,
WORKER_RELOC,,1,10,11,,0.0,,,
WORKER_RELOC,,1,10,12,,0.0,,,
WORKER_RELOC,,1,10,13,,0.0,,,
WORKER_RELOC,,1,10,14,,0.0,,,
WORKER_RELOC,,1,10,15,,0.0,,,
WORKER_RELOC,,1,10,16,,0.0,,,
WORKER_RELOC,,1,10,17,,0.0,,,
WORKER_RELOC,,1,11,0,,0.0,,,
WORKER_RELOC,,1,11,1,,0.0,,,
WORKER_RELOC,,1,11,2,,0.0,,,
WORKER_RELOC,,1,11,3,,0.0,,,
WORKER_RELOC,,1,11,4,,0.0,,,
WORKER_RELOC,,1,11,5,,0.0,,,
WORKER_RELOC,,1,11,6,,0.0,,,
WORKER_RELOC,,1,11,7,,0.0,,,
WORKER_RELOC,,1,11,8,,0.0,,,
WORKER_RELOC,,1,11,9,,0.0,,,
WORKER_RELOC,,1,11,10,,0.0,,,
WORKER_RELOC,,1,11,11,,0.0,,,
WORKER_RELOC,,1,11,12,,0.0,,,
WORKER_RELOC,,1,11,13,,0.0,,,
WORKER_RELOC,,1,11,14,,0.0,,,
WORKER_RELOC,,1,11,15,,0.0,,,
WORKER_RELOC,,1,11,16,,0.0,,,
WORKER_RELOC,,1,11,17,,0.0,,,
WORKER_RELOC,,1,12,0,,0.0,,,
WORKER_RELOC,,1,12,1,,0.0,,,
WORKER_RELOC,,1,12,2,,0.0,,,
WORKER_RELOC,,1,12,3,,0.0,,,
WORKER_RELOC,,1,12,4,,0.0,,,
WORKER_RELOC,,1,12,5,,0.0,,,
WORKER_RELOC,,1,12,6,,0.0,,,
WORKER_RELOC,,1,12,7,,0.0,,,
WORKER_RELOC,,1,12,8,,0.0,,,
WORKER_RELOC,,1,12,9,,0.0,,,
WORKER_RELOC,,1,12,10,,0.0,,,
WORKER_RELOC,,1,12,11,,0.0,,,
WORKER_RELOC,,1,12,12,,0.0,,,
WORKER_RELOC,,1,12,13,,0.0,,,
WORKER_RELOC,,1,12,14,,0.0,,,
WORKER_RELOC,,1,12,15,,0.0,,,
WORKER_RELOC,,1,12,16,,0.0,,,
WORKER_RELOC,,1,12,17,,0.0,,,
WORKER_RELOC,,1,13,0,,0.0,,,
WORKER_RELOC,,1,13,1,,0.0,,,
WORKER_RELOC,,1,13,2,,0.0,,,
WORKER_RELOC,,1,13,3,,0.0,,,
WORKER_RELOC,,1,13,4,,0.0,,,
WORKER_RELOC,,1,13,5,,0.0,,,
WORKER_RELOC,,1,13,6,,0.0,,,
WORKER_RELOC,,1,13,7,,0.0,,,
WORKER_RELOC,,1,13,8,,0.0,,,
WORKER_RELOC,,1,13,9,,0.0,,,
WORKER_RELOC,,1,13,10,,0.0,,,
WORKER_RELOC,,1,13,11,,0.0,,,
WORKER_RELOC,,1,13,12,,0.0,,,
WORKER_RELOC,,1,13,13,,0.0,,,
WORKER_RELOC,,1,13,14,,0.0,,,
WORKER_RELOC,,1,13,15,,0.0,,,
WORKER_RELOC,,1,13,16,,0.0,,,
WORKER_RELOC,,1,13,17,,0.0,,,
WORKER_RELOC,,1,14,0,,0.0,,,
WORKER_RELOC,,1,14,1,,0.0,,,
WORKER_RELOC,,1,14,2,,0.0,,,
WORKER_RELOC,,1,14,3,,0.0,,,
WORKER_RELOC,,1,14,4,,0.0,,,
WORKER_RELOC,,1,14,5,,0.0,,,
WORKER_RELOC,,1,14,6,,0.0,,,
WORKER_RELOC,,1,14,7,,0.0,,,
WORKER_RELOC,,1,14,8,,0.0,,,
WORKER_RELOC,,1,14,9,,0.0,,,
WORKER_RELOC,,1,14,10,,0.0,,,
WORKER_RELOC,,1,14,11,,0.0,,,
WORKER_RELOC,,1,14,12,,0.0,,,
WORKER_RELOC,,1,14,13,,0.0,,,
WORKER_RELOC,,1,14,14,,0.0,,,
WORKER_RELOC,,1,14,15,,0.0,,,
WORKER_RELOC,,1,14,16,,0.0,,,
WORKER_RELOC,,1,14,17,,0.0,,,
WORKER_RELOC,,1,15,0,,0.0,,,
WORKER_RELOC,,1,15,1,,0.0,,,
WORKER_RELOC,,1,15,2,,0.0,,,
WORKER_RELOC,,1,15,3,,0.0,,,
WORKER_RELOC,,1,15,4,,0.0,,,
WORKER_RELOC,,1,15,5,,0.0,,,
WORKER_RELOC,,1,15,6,,0.0,,,
WORKER_RELOC,,1,15,7,,0.0,,,
WORKER_RELOC,,1,15,8,,0.0,,,
WORKER_RELOC,,1,15,9,,0.0,,,
WORKER_RELOC,,1,15,10,,0.0,,,
WORKER_RELOC,,1,15,11,,0.0,,,
WORKER_RELOC,,1,15,12,,0.0,,,
WORKER_RELOC,,1,15,13,,0.0,,,
WORKER_RELOC,,1,15,14,,0.0,,,
WORKER_RELOC,,1,15,15,,0.0,,,
WORKER_RELOC,,1,15,16,,0.0,,,
WORKER_RELOC,,1,15,17,,0.0,,,
WORKER_RELOC,,1,16,0,,0.0,,,
WORKER_RELOC,,1,16,1,,0.0,,,
WORKER_RELOC,,1,16,2,,0.0,,,
WORKER_RELOC,,1,16,3,,0.0,,,
WORKER_RELOC,,1,16,4,,0.0,,,
WORKER_RELOC,,1,16,5,,0.0,,,
WORKER_RELOC,,1,16,6,,0.0,,,
WORKER_RELOC,,1,16,7,,0.0,,,
WORKER_RELOC,,1,16,8,,0.0,,,
WORKER_RELOC,,1,16,9,,0.0,,,
WORKER_RELOC,,1,16,10,,0.0,,,
WORKER_RELOC,,1,16,11,,0.0,,,
WORKER_RELOC,,1,16,12,,0.0,,,
WORKER_RELOC,,1,16,13,,0.0,,,
WORKER_RELOC,,1,16,14,,0.0,,,
WORKER_RELOC,,1,16,15,,0.0,,,
WORKER_RELOC,,1,16,16,,0.0,,,
WORKER_RELOC,,1,16,17,,0.0,,,
WORKER_RELOC,,1,17,0,,0.0,,,
WORKER_RELOC,,1,17,1,,0.0,,,
WORKER_RELOC,,1,17,2,,0.0,,,
WORKER_RELOC,,1,17,3,,0.0,,,
WORKER_RELOC,,1,17,4,,0.0,,,
WORKER_RELOC,,1,17,5,,0.0,,,
WORKER_RELOC,,1,17,6,,0.0,,,
WORKER_RELOC,,1,17,7,,0.0,,,
WORKER_RELOC,,1,17,8,,0.0,,,
WORKER_RELOC,,1,17,9,,0.0,,,
WORKER_RELOC,,1,17,10,,0.0,,,
WORKER_RELOC,,1,17,11,,0.0,,,
WORKER_RELOC,,1,17,12,,0.0,,,
WORKER_RELOC,,1,17,13,,0.0,,,
WORKER_RELOC,,1,17,14,,0.0,,,
WORKER_RELOC,,1,17,15,,0.0,,,
WORKER_RELOC,,1,17,16,,0.0,,,
WORKER_RELOC,,1,17,17,,0.0,,,
WORKER_RELOC,,2,0,0,,0.0,,,
WORKER_RELOC,,2,0,1,,0.0,,,
WORKER_RELOC,,2,0,2,,0.0,,,
WORKER_RELOC,,2,0,3,,0.0,,,
WORKER_RELOC,,2,0,4,,0.0,,,
WORKER_RELOC,,2,0,5,,0.0,,,
WORKER_RELOC,,2,0,6,,0.0,,,
WORKER_RELOC,,2,0,7,,0.0,,,
WORKER_RELOC,,2,0,8,,0.0,,,
WORKER_RELOC,,2,0,9,,0.0,,,
WORKER_RELOC,,2,0,10,,0.0,,,
WORKER_RELOC,,2,0,11,,0.0,,,
WORKER_RELOC,,2,0,12,,0.0,,,
WORKER_RELOC,,2,0,13,,0.0,,,
WORKER_RELOC,,2,0,14,,0.0,,,
WORKER_RELOC,,2,0,15,,0.0,,,
WORKER_RELOC,,2,0,16,,0.0,,,
WORKER_RELOC,,2,0,17,,0.0,,,
WORKER_RELOC,,2,1,0,,0.0,,,
WORKER_RELOC,,2,1,1,,0.0,,,
WORKER_RELOC,,2,1,2,,0.0,,,
WORKER_RELOC,,2,1,3,,0.0,,,
WORKER_RELOC,,2,1,4,,0.0,,,
WORKER_RELOC,,2,1,5,,0.0,,,
WORKER_RELOC,,2,1,6,,0.0,,,
WORKER_RELOC,,2,1,7,,0.0,,,
WORKER_RELOC,,2,1,8,,0.0,,,
WORKER_RELOC,,2,1,9,,0.0,,,
WORKER_RELOC,,2,1,10,,0.0,,,
WORKER_RELOC,,2,1,11,,0.0,,,
WORKER_RELOC,,2,1,12,,0.0,,,
WORKER_RELOC,,2,1,13,,0.0,,,
WORKER_RELOC,,2,1,14,,0.0,,,
WORKER_RELOC,,2,1,15,,0.0,,,
WORKER_RELOC,,2,1,16,,0.0,,,
WORKER_RELOC,,2,1,17,,0.0,,,
WORKER_RELOC,,2,2,0,,0.0,,,
WORKER_RELOC,,2,2,1,,0.0,,,
WORKER_RELOC,,2,2,2,,0.0,,,
WORKER_RELOC,,2,2,3,,0.0,,,
WORKER_RELOC,,2,2,4,,0.0,,,
WORKER_RELOC,,2,2,5,,0.0,,,
WORKER_RELOC,,2,2,6,,0.0,,,
WORKER_RELOC,,2,2,7,,0.0,,,
WORKER_RELOC,,2,2,8,,0.0,,,
WORKER_RELOC,,2,2,9,,0.0,,,
WORKER_RELOC,,2,2,10,,0.0,,,
WORKER_RELOC,,2,2,11,,0.0,,,
WORKER_RELOC,,2,2,12,,0.0,,,
WORKER_RELOC,,2,2,13,,0.0,,,
WORKER_RELOC,,2,2,14,,0.0,,,
WORKER_RELOC,,2,2,15,,0.0,,,
WORKER_RELOC,,2,2,16,,0.0,,,
WORKER_RELOC,,2,2,17,,0.0,,,
WORKER_RELOC,,2,3,0,,0.0,,,
WORKER_RELOC,,2,3,1,,0.0,,,
WORKER_RELOC,,2,3,2,,0.0,,,
WORKER_RELOC,,2,3,3,,0.0,,,
WORKER_RELOC,,2,3,4,,0.0,,,
WORKER_RELOC,,2,3,5,,0.0,,,
WORKER_RELOC,,2,3,6,,0.0,,,
WORKER_RELOC,,2,3,7,,0.0,,,
WORKER_RELOC,,2,3,8,,0.0,,,
WORKER_RELOC,,2,3,9,,0.0,,,
WORKER_RELOC,,2,3,10,,0.0,,,
WORKER_RELOC,,2,3,11,,0.0,,,
WORKER_RELOC,,2,3,12,,0.0,,,
WORKER_RELOC,,2,3,13,,0.0,,,
WORKER_RELOC,,2,3,14,,0.0,,,
WORKER_RELOC,,2,3,15,,0.0,,,
WORKER_RELOC,,2,3,16,,0.0,,,
WORKER_RELOC,,2,3,17,,0.0,,,
WORKER_RELOC,,2,4,0,,0.0,,,
WORKER_RELOC,,2,4,1,,0.0,,,
WORKER_RELOC,,2,4,2,,0.0,,,
WORKER_RELOC,,2,4,3,,0.0,,,
WORKER_RELOC,,2,4,4,,0.0,,,
WORKER_RELOC,,2,4,5,,0.0,,,
WORKER_RELOC,,2,4,6,,0.0,,,
WORKER_RELOC,,2,4,7,,0.0,,,
WORKER_RELOC,,2,4,8,,0.0,,,
WORKER_RELOC,,2,4,9,,0.0,,,
WORKER_RELOC,,2,4,10,,0.0,,,
WORKER_RELOC,,2,4,11,,0.0,,,
WORKER_RELOC,,2,4,12,,0.0,,,
WORKER_RELOC,,2,4,13,,0.0,,,
WORKER_RELOC,,2,4,14,,0.0,,,
WORKER_RELOC,,2,4,15,,0.0,,,
WORKER_RELOC,,2,4,16,,0.0,,,
WORKER_RELOC,,2,4,17,,0.0,,,
WORKER_RELOC,,2,5,0,,0.0,,,
WORKER_RELOC,,2,5,1,,0.0,,,
WORKER_RELOC,,2,5,2,,0.0,,,
WORKER_RELOC,,2,5,3,,0.0,,,
WORKER_RELOC,,2,5,4,,0.0,,,
WORKER_RELOC,,2,5,5,,0.0,,,
WORKER_RELOC,,2,5,6,,0.0,,,
WORKER_RELOC,,2,5,7,,0.0,,,
WORKER_RELOC,,2,5,8,,0.0,,,
WORKER_RELOC,,2,5,9,,0.0,,,
WORKER_RELOC,,2,5,10,,0.0,,,
WORKER_RELOC,,2,5,11,,0.0,,,
WORKER_RELOC,,2,5,12,,0.0,,,
WORKER_RELOC,,2,5,13,,0.0,,,
WORKER_RELOC,,2,5,14,,0.0,,,
WORKER_RELOC,,2,5,15,,0.0,,,
WORKER_RELOC,,2,5,16,,0.0,,,
WORKER_RELOC,,2,5,17,,0.0,,,
WORKER_RELOC,,2,6,0,,0.0,,,
WORKER_RELOC,,2,6,1,,0.0,,,
WORKER_RELOC,,2,6,2,,0.0,,,
WORKER_RELOC,,2,6,3,,0.0,,,
WORKER_RELOC,,2,6,4,,0.0,,,
WORKER_RELOC,,2,6,5,,0.0,,,
WORKER_RELOC,,2,6,6,,0.0,,,
WORKER_RELOC,,2,6,7,,0.0,,,
WORKER_RELOC,,2,6,8,,0.0,,,
WORKER_RELOC,,2,6,9,,0.0,,,
WORKER_RELOC,,2,6,10,,0.0,,,
WORKER_RELOC,,2,6,11,,0.0,,,
WORKER_RELOC,,2,6,12,,0.0,,,
WORKER_RELOC,,2,6,13,,0.0,,,
WORKER_RELOC,,2,6,14,,0.0,,,
WORKER_RELOC,,2,6,15,,0.0,,,
WORKER_RELOC,,2,6,16,,0.0,,,
WORKER_RELOC,,2,6,17,,0.0,,,
WORKER_RELOC,,2,7,0,,0.0,,,
WORKER_RELOC,,2,7,1,,0.0,,,
WORKER_RELOC,,2,7,2,,0.0,,,
WORKER_RELOC,,2,7,3,,0.0,,,
WORKER_RELOC,,2,7,4,,0.0,,,
WORKER_RELOC,,2,7,5,,0.0,,,
WORKER_RELOC,,2,7,6,,0.0,,,
WORKER_RELOC,,2,7,7,,0.0,,,
WORKER_RELOC,,2,7,8,,0.0,,,
WORKER_RELOC,,2,7,9,,0.0,,,
WORKER_RELOC,,2,7,10,,0.0,,,
WORKER_RELOC,,2,7,11,,0.0,,,
WORKER_RELOC,,2,7,12,,0.0,,,
WORKER_RELOC,,2,7,13,,0.0,,,
WORKER_RELOC,,2,7,14,,0.0,,,
WORKER_RELOC,,2,7,15,,0.0,,,
WORKER_RELOC,,2,7,16,,0.0,,,
WORKER_RELOC,,2,7,17,,0.0,,,
WORKER_RELOC,,2,8,0,,0.0,,,
WORKER_RELOC,,2,8,1,,0.0,,,
WORKER_RELOC,,2,8,2,,0.0,,,
WORKER_RELOC,,2,8,3,,0.0,,,
WORKER_RELOC,,2,8,4,,0.0,,,
WORKER_RELOC,,2,8,5,,0.0,,,
WORKER_RELOC,,2,8,6,,0.0,,,
WORKER_RELOC,,2,8,7,,0.0,,,
WORKER_RELOC,,2,8,8,,0.0,,,
WORKER_RELOC,,2,8,9,,0.0,,,
WORKER_RELOC,,2,8,10,,0.0,,,
WORKER_RELOC,,2,8,11,,0.0,,,
WORKER_RELOC,,2,8,12,,0.0,,,
WORKER_RELOC,,2,8,13,,0.0,,,
WORKER_RELOC,,2,8,14,,0.0,,,
WORKER_RELOC,,2,8,15,,0.0,,,
WORKER_RELOC,,2,8,16,,0.0,,,
WORKER_RELOC,,2,8,17,,0.0,,,
WORKER_RELOC,,2,9,0,,0.0,,,
WORKER_RELOC,,2,9,1,,0.0,,,
WORKER_RELOC,,2,9,2,,0.0,,,
WORKER_RELOC,,2,9,3,,0.0,,,
WORKER_RELOC,,2,9,4,,0.0,,,
WORKER_RELOC,,2,9,5,,0.0,,,
WORKER_RELOC,,2,9,6,,0.0,,,
WORKER_RELOC,,2,9,7,,0.0,,,
WORKER_RELOC,,2,9,8,,0.0,,,
WORKER_RELOC,,2,9,9,,0.0,,,
WORKER_RELOC,,2,9,10,,0.0,,,
WORKER_RELOC,,2,9,11,,0.0,,,
WORKER_RELOC,,2,9,12,,0.0,,,
WORKER_RELOC,,2,9,13,,0.0,,,
WORKER_RELOC,,2,9,14,,0.0,,,
WORKER_RELOC,,2,9,15,,0.0,,,
WORKER_RELOC,,2,9,16,,0.0,,,
WORKER_RELOC,,2,9,17,,0.0,,,
WORKER_RELOC,,2,10,0,,0.0,,,
WORKER_RELOC,,2,10,1,,0.0,,,
WORKER_RELOC,,2,10,2,,0.0,,,
WORKER_RELOC,,2,10,3,,0.0,,,
WORKER_RELOC,,2,10,4,,0.0,,,
WORKER_RELOC,,2,10,5,,0.0,,,
WORKER_RELOC,,2,10,6,,0.0,,,
WORKER_RELOC,,2,10,7,,0.0,,,
WORKER_RELOC,,2,10,8,,0.0,,,
WORKER_RELOC,,2,10,9,,0.0,,,
WORKER_RELOC,,2,10,10,,0.0,,,
WORKER_RELOC,,2,10,11,,0.0,,,
WORKER_RELOC,,2,10,12,,0.0,,,
WORKER_RELOC,,2,10,13,,0.0,,,
WORKER_RELOC,,2,10,14,,0.0,,,
WORKER_RELOC,,2,10,15,,0.0,,,
WORKER_RELOC,,2,10,16,,0.0,,,
WORKER_RELOC,,2,10,17,,0.0,,,
WORKER_RELOC,,2,11,0,,0.0,,,
WORKER_RELOC,,2,11,1,,0.0,,,
WORKER_RELOC,,2,11,2,,0.0,,,
WORKER_RELOC,,2,11,3,,0.0,,,
WORKER_RELOC,,2,11,4,,0.0,,,
WORKER_RELOC,,2,11,5,,0.0,,,
WORKER_RELOC,,2,11,6,,0.0,,,
WORKER_RELOC,,2,11,7,,0.0,,,
WORKER_RELOC,,2,11,8,,0.0,,,
WORKER_RELOC,,2,11,9,,0.0,,,
WORKER_RELOC,,2,11,10,,0.0,,,
WORKER_RELOC,,2,11,11,,0.0,,,
WORKER_RELOC,,2,11,12,,0.0,,,
WORKER_RELOC,,2,11,13,,0.0,,,
WORKER_RELOC,,2,11,14,,0.0,,,
WORKER_RELOC,,2,11,15,,0.0,,,
WORKER_RELOC,,2,11,16,,0.0,,,
WORKER_RELOC,,2,11,17,,0.0,,,
WORKER_RELOC,,2,12,0,,0.0,,,
WORKER_RELOC,,2,12,1,,0.0,,,
WORKER_RELOC,,2,12,2,,0.0,,,
WORKER_RELOC,,2,12,3,,0.0,,,
WORKER_RELOC,,2,12,4,,0.0,,,
WORKER_RELOC,,2,12,5,,0.0,,,
WORKER_RELOC,,2,12,6,,0.0,,,
WORKER_RELOC,,2,12,7,,0.0,,,
WORKER_RELOC,,2,12,8,,0.0,,,
WORKER_RELOC,,2,12,9,,0.0,,,
WORKER_RELOC,,2,12,10,,0.0,,,
WORKER_RELOC,,2,12,11,,0.0,,,
WORKER_RELOC,,2,12,12,,0.0,,,
WORKER_RELOC,,2,12,13,,0.0,,,
WORKER_RELOC,,2,12,14,,0.0,,,
WORKER_RELOC,,2,12,15,,0.0,,,
WORKER_RELOC,,2,12,16,,0.0,,,
WORKER_RELOC,,2,12,17,,0.0,,,
WORKER_RELOC,,2,13,0,,0.0,,,
WORKER_RELOC,,2,13,1,,0.0,,,
WORKER_RELOC,,2,13,2,,0.0,,,
WORKER_RELOC,,2,13,3,,0.0,,,
WORKER_RELOC,,2,13,4,,0.0,,,
WORKER_RELOC,,2,13,5,,0.0,,,
WORKER_RELOC,,2,13,6,,0.0,,,
WORKER_RELOC,,2,13,7,,0.0,,,
WORKER_RELOC,,2,13,8,,0.0,,,
WORKER_RELOC,,2,13,9,,0.0,,,
WORKER_RELOC,,2,13,10,,0.0,,,
WORKER_RELOC,,2,13,11,,0.0,,,
WORKER_RELOC,,2,13,12,,0.0,,,
WORKER_RELOC,,2,13,13,,0.0,,,
WORKER_RELOC,,2,13,14,,0.0,,,
WORKER_RELOC,,2,13,15,,0.0,,,
WORKER_RELOC,,2,13,16,,0.0,,,
WORKER_RELOC,,2,13,17,,0.0,,,
WORKER_RELOC,,2,14,0,,0.0,,,
WORKER_RELOC,,2,14,1,,0.0,,,
WORKER_RELOC,,2,14,2,,0.0,,,
WORKER_RELOC,,2,14,3,,0.0,,,
WORKER_RELOC,,2,14,4,,0.0,,,
WORKER_RELOC,,2,14,5,,0.0,,,
WORKER_RELOC,,2,14,6,,0.0,,,
WORKER_RELOC,,2,14,7,,0.0,,,
WORKER_RELOC,,2,14,8,,0.0,,,
WORKER_RELOC,,2,14,9,,0.0,,,
WORKER_RELOC,,2,14,10,,0.0,,,
WORKER_RELOC,,2,14,11,,0.0,,,
WORKER_RELOC,,2,14,12,,0.0,,,
WORKER_RELOC,,2,14,13,,0.0,,,
WORKER_RELOC,,2,14,14,,0.0,,,
WORKER_RELOC,,2,14,15,,0.0,,,
WORKER_RELOC,,2,14,16,,0.0,,,
WORKER_RELOC,,2,14,17,,0.0,,,
WORKER_RELOC,,2,15,0,,0.0,,,
WORKER_RELOC,,2,15,1,,0.0,,,
WORKER_RELOC,,2,15,2,,0.0,,,
WORKER_RELOC,,2,15,3,,0.0,,,
WORKER_RELOC,,2,15,4,,0.0,,,
WORKER_RELOC,,2,15,5,,0.0,,,
WORKER_RELOC,,2,15,6,,0.0,,,
WORKER_RELOC,,2,15,7,,0.0,,,
WORKER_RELOC,,2,15,8,,0.0,,,
WORKER_RELOC,,2,15,9,,0.0,,,
WORKER_RELOC,,2,15,10,,0.0,,,
WORKER_RELOC,,2,15,11,,0.0,,,
WORKER_RELOC,,2,15,12,,0.0,,,
WORKER_RELOC,,2,15,13,,0.0,,,
WORKER_RELOC,,2,15,14,,0.0,,,
WORKER_RELOC,,2,15,15,,0.0,,,
WORKER_RELOC,,2,15,16,,0.0,,,
WORKER_RELOC,,2,15,17,,0.0,,,
WORKER_RELOC,,2,16,0,,0.0,,,
WORKER_RELOC,,2,16,1,,0.0,,,
WORKER_RELOC,,2,16,2,,0.0,,,
WORKER_RELOC,,2,16,3,,0.0,,,
WORKER_RELOC,,2,16,4,,0.0,,,
WORKER_RELOC,,2,16,5,,0.0,,,
WORKER_RELOC,,2,16,6,,0.0,,,
WORKER_RELOC,,2,16,7,,0.0,,,
WORKER_RELOC,,2,16,8,,0.0,,,
WORKER_RELOC,,2,16,9,,0.0,,,
WORKER_RELOC,,2,16,10,,0.0,,,
WORKER_RELOC,,2,16,11,,0.0,,,
WORKER_RELOC,,2,16,12,,0.0,,,
WORKER_RELOC,,2,16,13,,0.0,,,
WORKER_RELOC,,2,16,14,,0.0,,,
WORKER_RELOC,,2,16,15,,0.0,,,
WORKER_RELOC,,2,16,16,,0.0,,,
WORKER_RELOC,,2,16,17,,0.0,,,
WORKER_RELOC,,2,17,0,,0.0,,,
WORKER_RELOC,,2,17,1,,0.0,,,
WORKER_RELOC,,2,17,2,,0.0,,,
WORKER_RELOC,,2,17,3,,0.0,,,
WORKER_RELOC,,2,17,4,,0.0,,,
WORKER_RELOC,,2,17,5,,0.0,,,
WORKER_RELOC,,2,17,6,,0.0,,,
WORKER_RELOC,,2,17,7,,0.0,,,
WORKER_RELOC,,2,17,8,,0.0,,,
WORKER_RELOC,,2,17,9,,0.0,,,
WORKER_RELOC,,2,17,10,,0.0,,,
WORKER_RELOC,,2,17,11,,0.0,,,
WORKER_RELOC,,2,17,12,,0.0,,,
WORKER_RELOC,,2,17,13,,0.0,,,
WORKER_RELOC,,2,17,14,,0.0,,,
WORKER_RELOC,,2,17,15,,0.0,,,
WORKER_RELOC,,2,17,16,,0.0,,,
WORKER_RELOC,,2,17,17,,0.0,,,
WORKER_RELOC,,3,0,0,,0.0,,,
WORKER_RELOC,,3,0,1,,0.0,,,
WORKER_RELOC,,3,0,2,,0.0,,,
WORKER_RELOC,,3,0,3,,0.0,,,
WORKER_RELOC,,3,0,4,,0.0,,,
WORKER_RELOC,,3,0,5,,0.0,,,
WORKER_RELOC,,3,0,6,,0.0,,,
WORKER_RELOC,,3,0,7,,0.0,,,
WORKER_RELOC,,3,0,8,,0.0,,,
WORKER_RELOC,,3,0,9,,0.0,,,
WORKER_RELOC,,3,0,10,,0.0,,,
WORKER_RELOC,,3,0,11,,0.0,,,
WORKER_RELOC,,3,0,12,,0.0,,,
WORKER_RELOC,,3,0,13,,0.0,,,
WORKER_RELOC,,3,0,14,,0.0,,,
WORKER_RELOC,,3,0,15,,0.0,,,
WORKER_RELOC,,3,0,16,,0.0,,,
WORKER_RELOC,,3,0,17,,0.0,,,
WORKER_RELOC,,3,1,0,,0.0,,,
WORKER_RELOC,,3,1,1,,0.0,,,
WORKER_RELOC,,3,1,2,,0.0,,,
WORKER_RELOC,,3,1,3,,0.0,,,
WORKER_RELOC,,3,1,4,,0.0,,,
WORKER_RELOC,,3,1,5,,0.0,,,
WORKER_RELOC,,3,1,6,,0.0,,,
WORKER_RELOC,,3,1,7,,0.0,,,
WORKER_RELOC,,3,1,8,,0.0,,,
WORKER_RELOC,,3,1,9,,0.0,,,
WORKER_RELOC,,3,1,10,,0.0,,,
WORKER_RELOC,,3,1,11,,0.0,,,
WORKER_RELOC,,3,1,12,,0.0,,,
WORKER_RELOC,,3,1,13,,0.0,,,
WORKER_RELOC,,3,1,14,,0.0,,,
WORKER_RELOC,,3,1,15,,0.0,,,
WORKER_RELOC,,3,1,16,,0.0,,,
WORKER_RELOC,,3,1,17,,0.0,,,
WORKER_RELOC,,3,2,0,,0.0,,,
WORKER_RELOC,,3,2,1,,0.0,,,
WORKER_RELOC,,3,2,2,,0.0,,,
WORKER_RELOC,,3,2,3,,0.0,,,
WORKER_RELOC,,3,2,4,,0.0,,,
WORKER_RELOC,,3,2,5,,0.0,,,
WORKER_RELOC,,3,2,6,,0.0,,,
WORKER_RELOC,,3,2,7,,0.0,,,
WORKER_RELOC,,3,2,8,,0.0,,,
WORKER_RELOC,,3,2,9,,0.0,,,
WORKER_RELOC,,3,2,10,,0.0,,,
WORKER_RELOC,,3,2,11,,0.0,,,
WORKER_RELOC,,3,2,12,,0.0,,,
WORKER_RELOC,,3,2,13,,0.0,,,
WORKER_RELOC,,3,2,14,,0.0,,,
WORKER_RELOC,,3,2,15,,0.0,,,
WORKER_RELOC,,3,2,16,,0.0,,,
WORKER_RELOC,,3,2,17,,0.0,,,
WORKER_RELOC,,3,3,0,,0.0,,,
WORKER_RELOC,,3,3,1,,0.0,,,
WORKER_RELOC,,3,3,2,,0.0,,,
WORKER_RELOC,,3,3,3,,0.0,,,
WORKER_RELOC,,3,3,4,,0.0,,,
WORKER_RELOC,,3,3,5,,0.0,,,
WORKER_RELOC,,3,3,6,,0.0,,,
WORKER_RELOC,,3,3,7,,0.0,,,
WORKER_RELOC,,3,3,8,,0.0,,,
WORKER_RELOC,,3,3,9,,0.0,,,
WORKER_RELOC,,3,3,10,,0.0,,,
WORKER_RELOC,,3,3,11,,0.0,,,
WORKER_RELOC,,3,3,12,,0.0,,,
WORKER_RELOC,,3,3,13,,0.0,,,
WORKER_RELOC,,3,3,14,,0.0,,,
WORKER_RELOC,,3,3,15,,0.0,,,
WORKER_RELOC,,3,3,16,,0.0,,,
WORKER_RELOC,,3,3,17,,0.0,,,
WORKER_RELOC,,3,4,0,,0.0,,,
WORKER_RELOC,,3,4,1,,0.0,,,
WORKER_RELOC,,3,4,2,,0.0,,,
WORKER_RELOC,,3,4,3,,0.0,,,
WORKER_RELOC,,3,4,4,,0.0,,,
WORKER_RELOC,,3,4,5,,0.0,,,
WORKER_RELOC,,3,4,6,,0.0,,,
WORKER_RELOC,,3,4,7,,0.0,,,
WORKER_RELOC,,3,4,8,,0.0,,,
WORKER_RELOC,,3,4,9,,0.0,,,
WORKER_RELOC,,3,4,10,,0.0,,,
WORKER_RELOC,,3,4,11,,0.0,,,
WORKER_RELOC,,3,4,12,,0.0,,,
WORKER_RELOC,,3,4,13,,0.0,,,
WORKER_RELOC,,3,4,14,,0.0,,,
WORKER_RELOC,,3,4,15,,0.0,,,
WORKER_RELOC,,3,4,16,,0.0,,,
WORKER_RELOC,,3,4,17,,0.0,,,
WORKER_RELOC,,3,5,0,,0.0,,,
WORKER_RELOC,,3,5,1,,0.0,,,
WORKER_RELOC,,3,5,2,,0.0,,,
WORKER_RELOC,,3,5,3,,0.0,,,
WORKER_RELOC,,3,5,4,,0.0,,,
WORKER_RELOC,,3,5,5,,0.0,,,
WORKER_RELOC,,3,5,6,,0.0,,,
WORKER_RELOC,,3,5,7,,0.0,,,
WORKER_RELOC,,3,5,8,,0.0,,,
WORKER_RELOC,,3,5,9,,0.0,,,
WORKER_RELOC,,3,5,10,,0.0,,,
WORKER_RELOC,,3,5,11,,0.0,,,
WORKER_RELOC,,3,5,12,,0.0,,,
WORKER_RELOC,,3,5,13,,0.0,,,
WORKER_RELOC,,3,5,14,,0.0,,,
WORKER_RELOC,,3,5,15,,0.0,,,
WORKER_RELOC,,3,5,16,,0.0,,,
WORKER_RELOC,,3,5,17,,0.0,,,
WORKER_RELOC,,3,6,0,,0.0,,,
WORKER_RELOC,,3,6,1,,0.0,,,
WORKER_RELOC,,3,6,2,,0.0,,,
WORKER_RELOC,,3,6,3,,0.0,,,
WORKER_RELOC,,3,6,4,,0.0,,,
WORKER_RELOC,,3,6,5,,0.0,,,
WORKER_RELOC,,3,6,6,,0.0,,,
WORKER_RELOC,,3,6,7,,0.0,,,
WORKER_RELOC,,3,6,8,,0.0,,,
WORKER_RELOC,,3,6,9,,0.0,,,
WORKER_RELOC,,3,6,10,,0.0,,,
WORKER_RELOC,,3,6,11,,0.0,,,
WORKER_RELOC,,3,6,12,,0.0,,,
WORKER_RELOC,,3,6,13,,0.0,,,
WORKER_RELOC,,3,6,14,,0.0,,,
WORKER_RELOC,,3,6,15,,0.0,,,
WORKER_RELOC,,3,6,16,,0.0,,,
WORKER_RELOC,,3,6,17,,0.0,,,
WORKER_RELOC,,3,7,0,,0.0,,,
WORKER_RELOC,,3,7,1,,0.0,,,
WORKER_RELOC,,3,7,2,,0.0,,,
WORKER_RELOC,,3,7,3,,0.0,,,
WORKER_RELOC,,3,7,4,,0.0,,,
WORKER_RELOC,,3,7,5,,0.0,,,
WORKER_RELOC,,3,7,6,,0.0,,,
WORKER_RELOC,,3,7,7,,0.0,,,
WORKER_RELOC,,3,7,8,,0.0,,,
WORKER_RELOC,,3,7,9,,0.0,,,
WORKER_RELOC,,3,7,10,,0.0,,,
WORKER_RELOC,,3,7,11,,0.0,,,
WORKER_RELOC,,3,7,12,,0.0,,,
WORKER_RELOC,,3,7,13,,0.0,,,
WORKER_RELOC,,3,7,14,,0.0,,,
WORKER_RELOC,,3,7,15,,0.0,,,
WORKER_RELOC,,3,7,16,,0.0,,,
WORKER_RELOC,,3,7,17,,0.0,,,
WORKER_RELOC,,3,8,0,,0.0,,,
WORKER_RELOC,,3,8,1,,0.0,,,
WORKER_RELOC,,3,8,2,,0.0,,,
WORKER_RELOC,,3,8,3,,0.0,,,
WORKER_RELOC,,3,8,4,,0.0,,,
WORKER_RELOC,,3,8,5,,0.0,,,
WORKER_RELOC,,3,8,6,,0.0,,,
WORKER_RELOC,,3,8,7,,0.0,,,
WORKER_RELOC,,3,8,8,,0.0,,,
WORKER_RELOC,,3,8,9,,0.0,,,
WORKER_RELOC,,3,8,10,,0.0,,,
WORKER_RELOC,,3,8,11,,0.0,,,
WORKER_RELOC,,3,8,12,,0.0,,,
WORKER_RELOC,,3,8,13,,0.0,,,
WORKER_RELOC,,3,8,14,,0.0,,,
WORKER_RELOC,,3,8,15,,0.0,,,
WORKER_RELOC,,3,8,16,,0.0,,,
WORKER_RELOC,,3,8,17,,0.0,,,
WORKER_RELOC,,3,9,0,,0.0,,,
WORKER_RELOC,,3,9,1,,0.0,,,
WORKER_RELOC,,3,9,2,,0.0,,,
WORKER_RELOC,,3,9,3,,0.0,,,
WORKER_RELOC,,3,9,4,,0.0,,,
WORKER_RELOC,,3,9,5,,0.0,,,
WORKER_RELOC,,3,9,6,,0.0,,,
WORKER_RELOC,,3,9,7,,0.0,,,
WORKER_RELOC,,3,9,8,,0.0,,,
WORKER_RELOC,,3,9,9,,0.0,,,
WORKER_RELOC,,3,9,10,,0.0,,,
WORKER_RELOC,,3,9,11,,0.0,,,
WORKER_RELOC,,3,9,12,,0.0,,,
WORKER_RELOC,,3,9,13,,0.0,,,
WORKER_RELOC,,3,9,14,,0.0,,,
WORKER_RELOC,,3,9,15,,0.0,,,
WORKER_RELOC,,3,9,16,,0.0,,,
WORKER_RELOC,,3,9,17,,0.0,,,
WORKER_RELOC,,3,10,0,,0.0,,,
WORKER_RELOC,,3,10,1,,0.0,,,
WORKER_RELOC,,3,10,2,,0.0,,,
WORKER_RELOC,,3,10,3,,0.0,,,
WORKER_RELOC,,3,10,4,,0.0,,,
WORKER_RELOC,,3,10,5,,0.0,,,
WORKER_RELOC,,3,10,6,,0.0,,,
WORKER_RELOC,,3,10,7,,0.0,,,
WORKER_RELOC,,3,10,8,,0.0,,,
WORKER_RELOC,,3,10,9,,0.0,,,
WORKER_RELOC,,3,10,10,,0.0,,,
WORKER_RELOC,,3,10,11,,0.0,,,
WORKER_RELOC,,3,10,12,,0.0,,,
WORKER_RELOC,,3,10,13,,0.0,,,
WORKER_RELOC,,3,10,14,,0.0,,,
WORKER_RELOC,,3,10,15,,0.0,,,
WORKER_RELOC,,3,10,16,,0.0,,,
WORKER_RELOC,,3,10,17,,0.0,,,
WORKER_RELOC,,3,11,0,,0.0,,,
WORKER_RELOC,,3,11,1,,0.0,,,
WORKER_RELOC,,3,11,2,,0.0,,,
WORKER_RELOC,,3,11,3,,0.0,,,
WORKER_RELOC,,3,11,4,,0.0,,,
WORKER_RELOC,,3,11,5,,0.0,,,
WORKER_RELOC,,3,11,6,,0.0,,,
WORKER_RELOC,,3,11,7,,0.0,,,
WORKER_RELOC,,3,11,8,,0.0,,,
WORKER_RELOC,,3,11,9,,0.0,,,
WORKER_RELOC,,3,11,10,,0.0,,,
WORKER_RELOC,,3,11,11,,0.0,,,
WORKER_RELOC,,3,11,12,,0.0,,,
WORKER_RELOC,,3,11,13,,0.0,,,
WORKER_RELOC,,3,11,14,,0.0,,,
WORKER_RELOC,,3,11,15,,0.0,,,
WORKER_RELOC,,3,11,16,,0.0,,,
WORKER_RELOC,,3,11,17,,0.0,,,
WORKER_RELOC,,3,12,0,,0.0,,,
WORKER_RELOC,,3,12,1,,0.0,,,
WORKER_RELOC,,3,12,2,,0.0,,,
WORKER_RELOC,,3,12,3,,0.0,,,
WORKER_RELOC,,3,12,4,,0.0,,,
WORKER_RELOC,,3,12,5,,0.0,,,
WORKER_RELOC,,3,12,6,,0.0,,,
WORKER_RELOC,,3,12,7,,0.0,,,
WORKER_RELOC,,3,12,8,,0.0,,,
WORKER_RELOC,,3,12,9,,0.0,,,
WORKER_RELOC,,3,12,10,,0.0,,,
WORKER_RELOC,,3,12,11,,0.0,,,
WORKER_RELOC,,3,12,12,,0.0,,,
WORKER_RELOC,,3,12,13,,0.0,,,
WORKER_RELOC,,3,12,14,,0.0,,,
WORKER_RELOC,,3,12,15,,0.0,,,
WORKER_RELOC,,3,12,16,,0.0,,,
WORKER_RELOC,,3,12,17,,0.0,,,
WORKER_RELOC,,3,13,0,,0.0,,,
WORKER_RELOC,,3,13,1,,0.0,,,
WORKER_RELOC,,3,13,2,,0.0,,,
WORKER_RELOC,,3,13,3,,0.0,,,
WORKER_RELOC,,3,13,4,,0.0,,,
WORKER_RELOC,,3,13,5,,0.0,,,
WORKER_RELOC,,3,13,6,,0.0,,,
WORKER_RELOC,,3,13,7,,0.0,,,
WORKER_RELOC,,3,13,8,,0.0,,,
WORKER_RELOC,,3,13,9,,0.0,,,
WORKER_RELOC,,3,13,10,,0.0,,,
WORKER_RELOC,,3,13,11,,0.0,,,
WORKER_RELOC,,3,13,12,,0.0,,,
WORKER_RELOC,,3,13,13,,0.0,,,
WORKER_RELOC,,3,13,14,,0.0,,,
WORKER_RELOC,,3,13,15,,0.0,,,
WORKER_RELOC,,3,13,16,,0.0,,,
WORKER_RELOC,,3,13,17,,0.0,,,
WORKER_RELOC,,3,14,0,,0.0,,,
WORKER_RELOC,,3,14,1,,0.0,,,
WORKER_RELOC,,3,14,2,,0.0,,,
WORKER_RELOC,,3,14,3,,0.0,,,
WORKER_RELOC,,3,14,4,,0.0,,,
WORKER_RELOC,,3,14,5,,0.0,,,
WORKER_RELOC,,3,14,6,,0.0,,,
WORKER_RELOC,,3,14,7,,0.0,,,
WORKER_RELOC,,3,14,8,,0.0,,,
WORKER_RELOC,,3,14,9,,0.0,,,
WORKER_RELOC,,3,14,10,,0.0,,,
WORKER_RELOC,,3,14,11,,0.0,,,
WORKER_RELOC,,3,14,12,,0.0,,,
WORKER_RELOC,,3,14,13,,0.0,,,
WORKER_RELOC,,3,14,14,,0.0,,,
WORKER_RELOC,,3,14,15,,0.0,,,
WORKER_RELOC,,3,14,16,,0.0,,,
WORKER_RELOC,,3,14,17,,0.0,,,
WORKER_RELOC,,3,15,0,,0.0,,,
WORKER_RELOC,,3,15,1,,0.0,,,
WORKER_RELOC,,3,15,2,,0.0,,,
WORKER_RELOC,,3,15,3,,0.0,,,
WORKER_RELOC,,3,15,4,,0.0,,,
WORKER_RELOC,,3,15,5,,0.0,,,
WORKER_RELOC,,3,15,6,,0.0,,,
WORKER_RELOC,,3,15,7,,0.0,,,
WORKER_RELOC,,3,15,8,,0.0,,,
WORKER_RELOC,,3,15,9,,0.0,,,
WORKER_RELOC,,3,15,10,,0.0,,,
WORKER_RELOC,,3,15,11,,0.0,,,
WORKER_RELOC,,3,15,12,,0.0,,,
WORKER_RELOC,,3,15,13,,0.0,,,
WORKER_RELOC,,3,15,14,,0.0,,,
WORKER_RELOC,,3,15,15,,0.0,,,
WORKER_RELOC,,3,15,16,,0.0,,,
WORKER_RELOC,,3,15,17,,0.0,,,
WORKER_RELOC,,3,16,0,,0.0,,,
WORKER_RELOC,,3,16,1,,0.0,,,
WORKER_RELOC,,3,16,2,,0.0,,,
WORKER_RELOC,,3,16,3,,0.0,,,
WORKER_RELOC,,3,16,4,,0.0,,,
WORKER_RELOC,,3,16,5,,0.0,,,
WORKER_RELOC,,3,16,6,,0.0,,,
WORKER_RELOC,,3,16,7,,0.0,,,
WORKER_RELOC,,3,16,8,,0.0,,,
WORKER_RELOC,,3,16,9,,0.0,,,
WORKER_RELOC,,3,16,10,,0.0,,,
WORKER_RELOC,,3,16,11,,0.0,,,
WORKER_RELOC,,3,16,12,,0.0,,,
WORKER_RELOC,,3,16,13,,0.0,,,
WORKER_RELOC,,3,16,14,,0.0,,,
WORKER_RELOC,,3,16,15,,0.0,,,
WORKER_RELOC,,3,16,16,,0.0,,,
WORKER_RELOC,,3,16,17,,0.0,,,
WORKER_RELOC,,3,17,0,,0.0,,,
WORKER_RELOC,,3,17,1,,0.0,,,
WORKER_RELOC,,3,17,2,,0.0,,,
WORKER_RELOC,,3,17,3,,0.0,,,
WORKER_RELOC,,3,17,4,,0.0,,,
WORKER_RELOC,,3,17,5,,0.0,,,
WORKER_RELOC,,3,17,6,,0.0,,,
WORKER_RELOC,,3,17,7,,0.0,,,
WORKER_RELOC,,3,17,8,,0.0,,,
WORKER_RELOC,,3,17,9,,0.0,,,
WORKER_RELOC,,3,17,10,,0.0,,,
WORKER_RELOC,,3,17,11,,0.0,,,
WORKER_RELOC,,3,17,12,,0.0,,,
WORKER_RELOC,,3,17,13,,0.0,,,
WORKER_RELOC,,3,17,14,,0.0,,,
WORKER_RELOC,,3,17,15,,0.0,,,
WORKER_RELOC,,3,17,16,,0.0,,,
WORKER_RELOC,,3,17,17,,0.0,,,
WORKER_RELOC,,4,0,0,,0.0,,,
WORKER_RELOC,,4,0,1,,0.0,,,
WORKER_RELOC,,4,0,2,,0.0,,,
WORKER_RELOC,,4,0,3,,0.0,,,
WORKER_RELOC,,4,0,4,,0.0,,,
WORKER_RELOC,,4,0,5,,0.0,,,
WORKER_RELOC,,4,0,6,,0.0,,,
WORKER_RELOC,,4,0,7,,0.0,,,
WORKER_RELOC,,4,0,8,,0.0,,,
WORKER_RELOC,,4,0,9,,0.0,,,
WORKER_RELOC,,4,0,10,,0.0,,,
WORKER_RELOC,,4,0,11,,0.0,,,
WORKER_RELOC,,4,0,12,,0.0,,,
WORKER_RELOC,,4,0,13,,0.0,,,
WORKER_RELOC,,4,0,14,,0.0,,,
WORKER_RELOC,,4,0,15,,0.0,,,
WORKER_RELOC,,4,0,16,,0.0,,,
WORKER_RELOC,,4,0,17,,0.0,,,
WORKER_RELOC,,4,1,0,,0.0,,,
WORKER_RELOC,,4,1,1,,0.0,,,
WORKER_RELOC,,4,1,2,,0.0,,,
WORKER_RELOC,,4,1,3,,0.0,,,
WORKER_RELOC,,4,1,4,,0.0,,,
WORKER_RELOC,,4,1,5,,0.0,,,
WORKER_RELOC,,4,1,6,,0.0,,,
WORKER_RELOC,,4,1,7,,0.0,,,
WORKER_RELOC,,4,1,8,,0.0,,,
WORKER_RELOC,,4,1,9,,0.0,,,
WORKER_RELOC,,4,1,10,,0.0,,,
WORKER_RELOC,,4,1,11,,0.0,,,
WORKER_RELOC,,4,1,12,,0.0,,,
WORKER_RELOC,,4,1,13,,0.0,,,
WORKER_RELOC,,4,1,14,,0.0,,,
WORKER_RELOC,,4,1,15,,0.0,,,
WORKER_RELOC,,4,1,16,,0.0,,,
WORKER_RELOC,,4,1,17,,0.0,,,
WORKER_RELOC,,4,2,0,,0.0,,,
WORKER_RELOC,,4,2,1,,0.0,,,
WORKER_RELOC,,4,2,2,,0.0,,,
WORKER_RELOC,,4,2,3,,0.0,,,
WORKER_RELOC,,4,2,4,,0.0,,,
WORKER_RELOC,,4,2,5,,0.0,,,
WORKER_RELOC,,4,2,6,,0.0,,,
WORKER_RELOC,,4,2,7,,0.0,,,
WORKER_RELOC,,4,2,8,,0.0,,,
WORKER_RELOC,,4,2,9,,0.0,,,
WORKER_RELOC,,4,2,10,,0.0,,,
WORKER_RELOC,,4,2,11,,0.0,,,
WORKER_RELOC,,4,2,12,,0.0,,,
WORKER_RELOC,,4,2,13,,0.0,,,
WORKER_RELOC,,4,2,14,,0.0,,,
WORKER_RELOC,,4,2,15,,0.0,,,
WORKER_RELOC,,4,2,16,,0.0,,,
WORKER_RELOC,,4,2,17,,0.0,,,
WORKER_RELOC,,4,3,0,,0.0,,,
WORKER_RELOC,,4,3,1,,0.0,,,
WORKER_RELOC,,4,3,2,,0.0,,,
WORKER_RELOC,,4,3,3,,0.0,,,
WORKER_RELOC,,4,3,4,,0.0,,,
WORKER_RELOC,,4,3,5,,0.0,,,
WORKER_RELOC,,4,3,6,,0.0,,,
WORKER_RELOC,,4,3,7,,0.0,,,
WORKER_RELOC,,4,3,8,,0.0,,,
WORKER_RELOC,,4,3,9,,0.0,,,
WORKER_RELOC,,4,3,10,,0.0,,,
WORKER_RELOC,,4,3,11,,0.0,,,
WORKER_RELOC,,4,3,12,,0.0,,,
WORKER_RELOC,,4,3,13,,0.0,,,
WORKER_RELOC,,4,3,14,,0.0,,,
WORKER_RELOC,,4,3,15,,0.0,,,
WORKER_RELOC,,4,3,16,,0.0,,,
WORKER_RELOC,,4,3,17,,0.0,,,
WORKER_RELOC,,4,4,0,,0.0,,,
WORKER_RELOC,,4,4,1,,0.0,,,
WORKER_RELOC,,4,4,2,,0.0,,,
WORKER_RELOC,,4,4,3,,0.0,,,
WORKER_RELOC,,4,4,4,,0.0,,,
WORKER_RELOC,,4,4,5,,0.0,,,
WORKER_RELOC,,4,4,6,,0.0,,,
WORKER_RELOC,,4,4,7,,0.0,,,
WORKER_RELOC,,4,4,8,,0.0,,,
WORKER_RELOC,,4,4,9,,0.0,,,
WORKER_RELOC,,4,4,10,,0.0,,,
WORKER_RELOC,,4,4,11,,0.0,,,
WORKER_RELOC,,4,4,12,,0.0,,,
WORKER_RELOC,,4,4,13,,0.0,,,
WORKER_RELOC,,4,4,14,,0.0,,,
WORKER_RELOC,,4,4,15,,0.0,,,
WORKER_RELOC,,4,4,16,,0.0,,,
WORKER_RELOC,,4,4,17,,0.0,,,
WORKER_RELOC,,4,5,0,,0.0,,,
WORKER_RELOC,,4,5,1,,0.0,,,
WORKER_RELOC,,4,5,2,,0.0,,,
WORKER_RELOC,,4,5,3,,0.0,,,
WORKER_RELOC,,4,5,4,,0.0,,,
WORKER_RELOC,,4,5,5,,0.0,,,
WORKER_RELOC,,4,5,6,,0.0,,,
WORKER_RELOC,,4,5,7,,0.0,,,
WORKER_RELOC,,4,5,8,,0.0,,,
WORKER_RELOC,,4,5,9,,0.0,,,
WORKER_RELOC,,4,5,10,,0.0,,,
WORKER_RELOC,,4,5,11,,0.0,,,
WORKER_RELOC,,4,5,12,,0.0,,,
WORKER_RELOC,,4,5,13,,0.0,,,
WORKER_RELOC,,4,5,14,,0.0,,,
WORKER_RELOC,,4,5,15,,0.0,,,
WORKER_RELOC,,4,5,16,,0.0,,,
WORKER_RELOC,,4,5,17,,0.0,,,
WORKER_RELOC,,4,6,0,,0.0,,,
WORKER_RELOC,,4,6,1,,0.0,,,
WORKER_RELOC,,4,6,2,,0.0,,,
WORKER_RELOC,,4,6,3,,0.0,,,
WORKER_RELOC,,4,6,4,,0.0,,,
WORKER_RELOC,,4,6,5,,0.0,,,
WORKER_RELOC,,4,6,6,,0.0,,,
WORKER_RELOC,,4,6,7,,0.0,,,
WORKER_RELOC,,4,6,8,,0.0,,,
WORKER_RELOC,,4,6,9,,0.0,,,
WORKER_RELOC,,4,6,10,,0.0,,,
WORKER_RELOC,,4,6,11,,0.0,,,
WORKER_RELOC,,4,6,12,,0.0,,,
WORKER_RELOC,,4,6,13,,0.0,,,
WORKER_RELOC,,4,6,14,,0.0,,,
WORKER_RELOC,,4,6,15,,0.0,,,
WORKER_RELOC,,4,6,16,,0.0,,,
WORKER_RELOC,,4,6,17,,0.0,,,
WORKER_RELOC,,4,7,0,,0.0,,,
WORKER_RELOC,,4,7,1,,0.0,,,
WORKER_RELOC,,4,7,2,,0.0,,,
WORKER_RELOC,,4,7,3,,0.0,,,
WORKER_RELOC,,4,7,4,,0.0,,,
WORKER_RELOC,,4,7,5,,0.0,,,
WORKER_RELOC,,4,7,6,,0.0,,,
WORKER_RELOC,,4,7,7,,0.0,,,
WORKER_RELOC,,4,7,8,,0.0,,,
WORKER_RELOC,,4,7,9,,0.0,,,
WORKER_RELOC,,4,7,10,,0.0,,,
WORKER_RELOC,,4,7,11,,0.0,,,
WORKER_RELOC,,4,7,12,,0.0,,,
WORKER_RELOC,,4,7,13,,0.0,,,
WORKER_RELOC,,4,7,14,,0.0,,,
WORKER_RELOC,,4,7,15,,0.0,,,
WORKER_RELOC,,4,7,16,,0.0,,,
WORKER_RELOC,,4,7,17,,0.0,,,
WORKER_RELOC,,4,8,0,,0.0,,,
WORKER_RELOC,,4,8,1,,0.0,,,
WORKER_RELOC,,4,8,2,,0.0,,,
WORKER_RELOC,,4,8,3,,0.0,,,
WORKER_RELOC,,4,8,4,,0.0,,,
WORKER_RELOC,,4,8,5,,0.0,,,
WORKER_RELOC,,4,8,6,,0.0,,,
WORKER_RELOC,,4,8,7,,0.0,,,
WORKER_RELOC,,4,8,8,,0.0,,,
WORKER_RELOC,,4,8,9,,0.0,,,
WORKER_RELOC,,4,8,10,,0.0,,,
WORKER_RELOC,,4,8,11,,0.0,,,
WORKER_RELOC,,4,8,12,,0.0,,,
WORKER_RELOC,,4,8,13,,0.0,,,
WORKER_RELOC,,4,8,14,,0.0,,,
WORKER_RELOC,,4,8,15,,0.0,,,
WORKER_RELOC,,4,8,16,,0.0,,,
WORKER_RELOC,,4,8,17,,0.0,,,
WORKER_RELOC,,4,9,0,,0.0,,,
WORKER_RELOC,,4,9,1,,0.0,,,
WORKER_RELOC,,4,9,2,,0.0,,,
WORKER_RELOC,,4,9,3,,0.0,,,
WORKER_RELOC,,4,9,4,,0.0,,,
WORKER_RELOC,,4,9,5,,0.0,,,
WORKER_RELOC,,4,9,6,,0.0,,,
WORKER_RELOC,,4,9,7,,0.0,,,
WORKER_RELOC,,4,9,8,,0.0,,,
WORKER_RELOC,,4,9,9,,0.0,,,
WORKER_RELOC,,4,9,10,,0.0,,,
WORKER_RELOC,,4,9,11,,0.0,,,
WORKER_RELOC,,4,9,12,,0.0,,,
WORKER_RELOC,,4,9,13,,0.0,,,
WORKER_RELOC,,4,9,14,,0.0,,,
WORKER_RELOC,,4,9,15,,0.0,,,
WORKER_RELOC,,4,9,16,,0.0,,,
WORKER_RELOC,,4,9,17,,0.0,,,
WORKER_RELOC,,4,10,0,,0.0,,,
WORKER_RELOC,,4,10,1,,0.0,,,
WORKER_RELOC,,4,10,2,,0.0,,,
WORKER_RELOC,,4,10,3,,0.0,,,
WORKER_RELOC,,4,10,4,,0.0,,,
WORKER_RELOC,,4,10,5,,0.0,,,
WORKER_RELOC,,4,10,6,,0.0,,,
WORKER_RELOC,,4,10,7,,0.0,,,
WORKER_RELOC,,4,10,8,,0.0,,,
WORKER_RELOC,,4,10,9,,0.0,,,
WORKER_RELOC,,4,10,10,,0.0,,,
WORKER_RELOC,,4,10,11,,0.0,,,
WORKER_RELOC,,4,10,12,,0.0,,,
WORKER_RELOC,,4,10,13,,0.0,,,
WORKER_RELOC,,4,10,14,,0.0,,,
WORKER_RELOC,,4,10,15,,0.0,,,
WORKER_RELOC,,4,10,16,,0.0,,,
WORKER_RELOC,,4,10,17,,0.0,,,
WORKER_RELOC,,4,11,0,,0.0,,,
WORKER_RELOC,,4,11,1,,0.0,,,
WORKER_RELOC,,4,11,2,,0.0,,,
WORKER_RELOC,,4,11,3,,0.0,,,
WORKER_RELOC,,4,11,4,,0.0,,,
WORKER_RELOC,,4,11,5,,0.0,,,
WORKER_RELOC,,4,11,6,,0.0,,,
WORKER_RELOC,,4,11,7,,0.0,,,
WORKER_RELOC,,4,11,8,,0.0,,,
WORKER_RELOC,,4,11,9,,0.0,,,
WORKER_RELOC,,4,11,10,,0.0,,,
WORKER_RELOC,,4,11,11,,0.0,,,
WORKER_RELOC,,4,11,12,,0.0,,,
WORKER_RELOC,,4,11,13,,0.0,,,
WORKER_RELOC,,4,11,14,,0.0,,,
WORKER_RELOC,,4,11,15,,0.0,,,
WORKER_RELOC,,4,11,16,,0.0,,,
WORKER_RELOC,,4,11,17,,0.0,,,
WORKER_RELOC,,4,12,0,,0.0,,,
WORKER_RELOC,,4,12,1,,0.0,,,
WORKER_RELOC,,4,12,2,,0.0,,,
WORKER_RELOC,,4,12,3,,0.0,,,
WORKER_RELOC,,4,12,4,,0.0,,,
WORKER_RELOC,,4,12,5,,0.0,,,
WORKER_RELOC,,4,12,6,,0.0,,,
WORKER_RELOC,,4,12,7,,0.0,,,
WORKER_RELOC,,4,12,8,,0.0,,,
WORKER_RELOC,,4,12,9,,0.0,,,
WORKER_RELOC,,4,12,10,,0.0,,,
WORKER_RELOC,,4,12,11,,0.0,,,
WORKER_RELOC,,4,12,12,,0.0,,,
WORKER_RELOC,,4,12,13,,0.0,,,
WORKER_RELOC,,4,12,14,,0.0,,,
WORKER_RELOC,,4,12,15,,0.0,,,
WORKER_RELOC,,4,12,16,,0.0,,,
WORKER_RELOC,,4,12,17,,0.0,,,
WORKER_RELOC,,4,13,0,,0.0,,,
WORKER_RELOC,,4,13,1,,0.0,,,
WORKER_RELOC,,4,13,2,,0.0,,,
WORKER_RELOC,,4,13,3,,0.0,,,
WORKER_RELOC,,4,13,4,,0.0,,,
WORKER_RELOC,,4,13,5,,0.0,,,
WORKER_RELOC,,4,13,6,,0.0,,,
WORKER_RELOC,,4,13,7,,0.0,,,
WORKER_RELOC,,4,13,8,,0.0,,,
WORKER_RELOC,,4,13,9,,0.0,,,
WORKER_RELOC,,4,13,10,,0.0,,,
WORKER_RELOC,,4,13,11,,0.0,,,
WORKER_RELOC,,4,13,12,,0.0,,,
WORKER_RELOC,,4,13,13,,0.0,,,
WORKER_RELOC,,4,13,14,,0.0,,,
WORKER_RELOC,,4,13,15,,0.0,,,
WORKER_RELOC,,4,13,16,,0.0,,,
WORKER_RELOC,,4,13,17,,0.0,,,
WORKER_RELOC,,4,14,0,,0.0,,,
WORKER_RELOC,,4,14,1,,0.0,,,
WORKER_RELOC,,4,14,2,,0.0,,,
WORKER_RELOC,,4,14,3,,0.0,,,
WORKER_RELOC,,4,14,4,,0.0,,,
WORKER_RELOC,,4,14,5,,0.0,,,
WORKER_RELOC,,4,14,6,,0.0,,,
WORKER_RELOC,,4,14,7,,0.0,,,
WORKER_RELOC,,4,14,8,,0.0,,,
WORKER_RELOC,,4,14,9,,0.0,,,
WORKER_RELOC,,4,14,10,,0.0,,,
WORKER_RELOC,,4,14,11,,0.0,,,
WORKER_RELOC,,4,14,12,,0.0,,,
WORKER_RELOC,,4,14,13,,0.0,,,
WORKER_RELOC,,4,14,14,,0.0,,,
WORKER_RELOC,,4,14,15,,0.0,,,
WORKER_RELOC,,4,14,16,,0.0,,,
WORKER_RELOC,,4,14,17,,0.0,,,
WORKER_RELOC,,4,15,0,,0.0,,,
WORKER_RELOC,,4,15,1,,0.0,,,
WORKER_RELOC,,4,15,2,,0.0,,,
WORKER_RELOC,,4,15,3,,0.0,,,
WORKER_RELOC,,4,15,4,,0.0,,,
WORKER_RELOC,,4,15,5,,0.0,,,
WORKER_RELOC,,4,15,6,,0.0,,,
WORKER_RELOC,,4,15,7,,0.0,,,
WORKER_RELOC,,4,15,8,,0.0,,,
WORKER_RELOC,,4,15,9,,0.0,,,
WORKER_RELOC,,4,15,10,,0.0,,,
WORKER_RELOC,,4,15,11,,0.0,,,
WORKER_RELOC,,4,15,12,,0.0,,,
WORKER_RELOC,,4,15,13,,0.0,,,
WORKER_RELOC,,4,15,14,,0.0,,,
WORKER_RELOC,,4,15,15,,0.0,,,
WORKER_RELOC,,4,15,16,,0.0,,,
WORKER_RELOC,,4,15,17,,0.0,,,
WORKER_RELOC,,4,16,0,,0.0,,,
WORKER_RELOC,,4,16,1,,0.0,,,
WORKER_RELOC,,4,16,2,,0.0,,,
WORKER_RELOC,,4,16,3,,0.0,,,
WORKER_RELOC,,4,16,4,,0.0,,,
WORKER_RELOC,,4,16,5,,0.0,,,
WORKER_RELOC,,4,16,6,,0.0,,,
WORKER_RELOC,,4,16,7,,0.0,,,
WORKER_RELOC,,4,16,8,,0.0,,,
WORKER_RELOC,,4,16,9,,0.0,,,
WORKER_RELOC,,4,16,10,,0.0,,,
WORKER_RELOC,,4,16,11,,0.0,,,
WORKER_RELOC,,4,16,12,,0.0,,,
WORKER_RELOC,,4,16,13,,0.0,,,
WORKER_RELOC,,4,16,14,,0.0,,,
WORKER_RELOC,,4,16,15,,0.0,,,
WORKER_RELOC,,4,16,16,,0.0,,,
WORKER_RELOC,,4,16,17,,0.0,,,
WORKER_RELOC,,4,17,0,,0.0,,,
WORKER_RELOC,,4,17,1,,0.0,,,
WORKER_RELOC,,4,17,2,,0.0,,,
WORKER_RELOC,,4,17,3,,0.0,,,
WORKER_RELOC,,4,17,4,,0.0,,,
WORKER_RELOC,,4,17,5,,0.0,,,
WORKER_RELOC,,4,17,6,,0.0,,,
WORKER_RELOC,,4,17,7,,0.0,,,
WORKER_RELOC,,4,17,8,,0.0,,,
WORKER_RELOC,,4,17,9,,0.0,,,
WORKER_RELOC,,4,17,10,,0.0,,,
WORKER_RELOC,,4,17,11,,0.0,,,
WORKER_RELOC,,4,17,12,,0.0,,,
WORKER_RELOC,,4,17,13,,0.0,,,
WORKER_RELOC,,4,17,14,,0.0,,,
WORKER_RELOC,,4,17,15,,0.0,,,
WORKER_RELOC,,4,17,16,,0.0,,,
WORKER_RELOC,,4,17,17,,0.0,,,
WORKER_RELOC,,5,0,0,,0.0,,,
WORKER_RELOC,,5,0,1,,0.0,,,
WORKER_RELOC,,5,0,2,,0.0,,,
WORKER_RELOC,,5,0,3,,0.0,,,
WORKER_RELOC,,5,0,4,,0.0,,,
WORKER_RELOC,,5,0,5,,0.0,,,
WORKER_RELOC,,5,0,6,,0.0,,,
WORKER_RELOC,,5,0,7,,0.0,,,
WORKER_RELOC,,5,0,8,,0.0,,,
WORKER_RELOC,,5,0,9,,0.0,,,
WORKER_RELOC,,5,0,10,,0.0,,,
WORKER_RELOC,,5,0,11,,0.0,,,
WORKER_RELOC,,5,0,12,,0.0,,,
WORKER_RELOC,,5,0,13,,0.0,,,
WORKER_RELOC,,5,0,14,,0.0,,,
WORKER_RELOC,,5,0,15,,0.0,,,
WORKER_RELOC,,5,0,16,,0.0,,,
WORKER_RELOC,,5,0,17,,0.0,,,
WORKER_RELOC,,5,1,0,,0.0,,,
WORKER_RELOC,,5,1,1,,0.0,,,
WORKER_RELOC,,5,1,2,,0.0,,,
WORKER_RELOC,,5,1,3,,0.0,,,
WORKER_RELOC,,5,1,4,,0.0,,,
WORKER_RELOC,,5,1,5,,0.0,,,
WORKER_RELOC,,5,1,6,,0.0,,,
WORKER_RELOC,,5,1,7,,0.0,,,
WORKER_RELOC,,5,1,8,,0.0,,,
WORKER_RELOC,,5,1,9,,0.0,,,
WORKER_RELOC,,5,1,10,,0.0,,,
WORKER_RELOC,,5,1,11,,0.0,,,
WORKER_RELOC,,5,1,12,,0.0,,,
WORKER_RELOC,,5,1,13,,0.0,,,
WORKER_RELOC,,5,1,14,,0.0,,,
WORKER_RELOC,,5,1,15,,0.0,,,
WORKER_RELOC,,5,1,16,,0.0,,,
WORKER_RELOC,,5,1,17,,0.0,,,
WORKER_RELOC,,5,2,0,,0.0,,,
WORKER_RELOC,,5,2,1,,0.0,,,
WORKER_RELOC,,5,2,2,,0.0,,,
WORKER_RELOC,,5,2,3,,0.0,,,
WORKER_RELOC,,5,2,4,,0.0,,,
WORKER_RELOC,,5,2,5,,0.0,,,
WORKER_RELOC,,5,2,6,,0.0,,,
WORKER_RELOC,,5,2,7,,0.0,,,
WORKER_RELOC,,5,2,8,,0.0,,,
WORKER_RELOC,,5,2,9,,0.0,,,
WORKER_RELOC,,5,2,10,,0.0,,,
WORKER_RELOC,,5,2,11,,0.0,,,
WORKER_RELOC,,5,2,12,,0.0,,,
WORKER_RELOC,,5,2,13,,0.0,,,
WORKER_RELOC,,5,2,14,,0.0,,,
WORKER_RELOC,,5,2,15,,0.0,,,
WORKER_RELOC,,5,2,16,,0.0,,,
WORKER_RELOC,,5,2,17,,0.0,,,
WORKER_RELOC,,5,3,0,,0.0,,,
WORKER_RELOC,,5,3,1,,0.0,,,
WORKER_RELOC,,5,3,2,,0.0,,,
WORKER_RELOC,,5,3,3,,0.0,,,
WORKER_RELOC,,5,3,4,,0.0,,,
WORKER_RELOC,,5,3,5,,0.0,,,
WORKER_RELOC,,5,3,6,,0.0,,,
WORKER_RELOC,,5,3,7,,0.0,,,
WORKER_RELOC,,5,3,8,,0.0,,,
WORKER_RELOC,,5,3,9,,0.0,,,
WORKER_RELOC,,5,3,10,,0.0,,,
WORKER_RELOC,,5,3,11,,0.0,,,
WORKER_RELOC,,5,3,12,,0.0,,,
WORKER_RELOC,,5,3,13,,0.0,,,
WORKER_RELOC,,5,3,14,,0.0,,,
WORKER_RELOC,,5,3,15,,0.0,,,
WORKER_RELOC,,5,3,16,,0.0,,,
WORKER_RELOC,,5,3,17,,0.0,,,
WORKER_RELOC,,5,4,0,,0.0,,,
WORKER_RELOC,,5,4,1,,0.0,,,
WORKER_RELOC,,5,4,2,,0.0,,,
WORKER_RELOC,,5,4,3,,0.0,,,
WORKER_RELOC,,5,4,4,,0.0,,,
WORKER_RELOC,,5,4,5,,0.0,,,
WORKER_RELOC,,5,4,6,,0.0,,,
WORKER_RELOC,,5,4,7,,0.0,,,
WORKER_RELOC,,5,4,8,,0.0,,,
WORKER_RELOC,,5,4,9,,0.0,,,
WORKER_RELOC,,5,4,10,,0.0,,,
WORKER_RELOC,,5,4,11,,0.0,,,
WORKER_RELOC,,5,4,12,,0.0,,,
WORKER_RELOC,,5,4,13,,0.0,,,
WORKER_RELOC,,5,4,14,,0.0,,,
WORKER_RELOC,,5,4,15,,0.0,,,
WORKER_RELOC,,5,4,16,,0.0,,,
WORKER_RELOC,,5,4,17,,0.0,,,
WORKER_RELOC,,5,5,0,,0.0,,,
WORKER_RELOC,,5,5,1,,0.0,,,
WORKER_RELOC,,5,5,2,,0.0,,,
WORKER_RELOC,,5,5,3,,0.0,,,
WORKER_RELOC,,5,5,4,,0.0,,,
WORKER_RELOC,,5,5,5,,0.0,,,
WORKER_RELOC,,5,5,6,,0.0,,,
WORKER_RELOC,,5,5,7,,0.0,,,
WORKER_RELOC,,5,5,8,,0.0,,,
WORKER_RELOC,,5,5,9,,0.0,,,
WORKER_RELOC,,5,5,10,,0.0,,,
WORKER_RELOC,,5,5,11,,0.0,,,
WORKER_RELOC,,5,5,12,,0.0,,,
WORKER_RELOC,,5,5,13,,0.0,,,
WORKER_RELOC,,5,5,14,,0.0,,,
WORKER_RELOC,,5,5,15,,0.0,,,
WORKER_RELOC,,5,5,16,,0.0,,,
WORKER_RELOC,,5,5,17,,0.0,,,
WORKER_RELOC,,5,6,0,,0.0,,,
WORKER_RELOC,,5,6,1,,0.0,,,
WORKER_RELOC,,5,6,2,,0.0,,,
WORKER_RELOC,,5,6,3,,0.0,,,
WORKER_RELOC,,5,6,4,,0.0,,,
WORKER_RELOC,,5,6,5,,0.0,,,
WORKER_RELOC,,5,6,6,,0.0,,,
WORKER_RELOC,,5,6,7,,0.0,,,
WORKER_RELOC,,5,6,8,,0.0,,,
WORKER_RELOC,,5,6,9,,0.0,,,
WORKER_RELOC,,5,6,10,,0.0,,,
WORKER_RELOC,,5,6,11,,0.0,,,
WORKER_RELOC,,5,6,12,,0.0,,,
WORKER_RELOC,,5,6,13,,0.0,,,
WORKER_RELOC,,5,6,14,,0.0,,,
WORKER_RELOC,,5,6,15,,0.0,,,
WORKER_RELOC,,5,6,16,,0.0,,,
WORKER_RELOC,,5,6,17,,0.0,,,
WORKER_RELOC,,5,7,0,,0.0,,,
WORKER_RELOC,,5,7,1,,0.0,,,
WORKER_RELOC,,5,7,2,,0.0,,,
WORKER_RELOC,,5,7,3,,0.0,,,
WORKER_RELOC,,5,7,4,,0.0,,,
WORKER_RELOC,,5,7,5,,0.0,,,
WORKER_RELOC,,5,7,6,,0.0,,,
WORKER_RELOC,,5,7,7,,0.0,,,
WORKER_RELOC,,5,7,8,,0.0,,,
WORKER_RELOC,,5,7,9,,0.0,,,
WORKER_RELOC,,5,7,10,,0.0,,,
WORKER_RELOC,,5,7,11,,0.0,,,
WORKER_RELOC,,5,7,12,,0.0,,,
WORKER_RELOC,,5,7,13,,0.0,,,
WORKER_RELOC,,5,7,14,,0.0,,,
WORKER_RELOC,,5,7,15,,0.0,,,
WORKER_RELOC,,5,7,16,,0.0,,,
WORKER_RELOC,,5,7,17,,0.0,,,
WORKER_RELOC,,5,8,0,,0.0,,,
WORKER_RELOC,,5,8,1,,0.0,,,
WORKER_RELOC,,5,8,2,,0.0,,,
WORKER_RELOC,,5,8,3,,0.0,,,
WORKER_RELOC,,5,8,4,,0.0,,,
WORKER_RELOC,,5,8,5,,0.0,,,
WORKER_RELOC,,5,8,6,,0.0,,,
WORKER_RELOC,,5,8,7,,0.0,,,
WORKER_RELOC,,5,8,8,,0.0,,,
WORKER_RELOC,,5,8,9,,0.0,,,
WORKER_RELOC,,5,8,10,,0.0,,,
WORKER_RELOC,,5,8,11,,0.0,,,
WORKER_RELOC,,5,8,12,,0.0,,,
WORKER_RELOC,,5,8,13,,0.0,,,
WORKER_RELOC,,5,8,14,,0.0,,,
WORKER_RELOC,,5,8,15,,0.0,,,
WORKER_RELOC,,5,8,16,,0.0,,,
WORKER_RELOC,,5,8,17,,0.0,,,
WORKER_RELOC,,5,9,0,,0.0,,,
WORKER_RELOC,,5,9,1,,0.0,,,
WORKER_RELOC,,5,9,2,,0.0,,,
WORKER_RELOC,,5,9,3,,0.0,,,
WORKER_RELOC,,5,9,4,,0.0,,,
WORKER_RELOC,,5,9,5,,0.0,,,
WORKER_RELOC,,5,9,6,,0.0,,,
WORKER_RELOC,,5,9,7,,0.0,,,
WORKER_RELOC,,5,9,8,,0.0,,,
WORKER_RELOC,,5,9,9,,0.0,,,
WORKER_RELOC,,5,9,10,,0.0,,,
WORKER_RELOC,,5,9,11,,0.0,,,
WORKER_RELOC,,5,9,12,,0.0,,,
WORKER_RELOC,,5,9,13,,0.0,,,
WORKER_RELOC,,5,9,14,,0.0,,,
WORKER_RELOC,,5,9,15,,0.0,,,
WORKER_RELOC,,5,9,16,,0.0,,,
WORKER_RELOC,,5,9,17,,0.0,,,
WORKER_RELOC,,5,10,0,,0.0,,,
WORKER_RELOC,,5,10,1,,0.0,,,
WORKER_RELOC,,5,10,2,,0.0,,,
WORKER_RELOC,,5,10,3,,0.0,,,
WORKER_RELOC,,5,10,4,,0.0,,,
WORKER_RELOC,,5,10,5,,0.0,,,
WORKER_RELOC,,5,10,6,,0.0,,,
WORKER_RELOC,,5,10,7,,0.0,,,
WORKER_RELOC,,5,10,8,,0.0,,,
WORKER_RELOC,,5,10,9,,0.0,,,
WORKER_RELOC,,5,10,10,,0.0,,,
WORKER_RELOC,,5,10,11,,0.0,,,
WORKER_RELOC,,5,10,12,,0.0,,,
WORKER_RELOC,,5,10,13,,0.0,,,
WORKER_RELOC,,5,10,14,,0.0,,,
WORKER_RELOC,,5,10,15,,0.0,,,
WORKER_RELOC,,5,10,16,,0.0,,,
WORKER_RELOC,,5,10,17,,0.0,,,
WORKER_RELOC,,5,11,0,,0.0,,,
WORKER_RELOC,,5,11,1,,0.0,,,
WORKER_RELOC,,5,11,2,,0.0,,,
WORKER_RELOC,,5,11,3,,0.0,,,
WORKER_RELOC,,5,11,4,,0.0,,,
WORKER_RELOC,,5,11,5,,0.0,,,
WORKER_RELOC,,5,11,6,,0.0,,,
WORKER_RELOC,,5,11,7,,0.0,,,
WORKER_RELOC,,5,11,8,,0.0,,,
WORKER_RELOC,,5,11,9,,0.0,,,
WORKER_RELOC,,5,11,10,,0.0,,,
WORKER_RELOC,,5,11,11,,0.0,,,
WORKER_RELOC,,5,11,12,,0.0,,,
WORKER_RELOC,,5,11,13,,0.0,,,
WORKER_RELOC,,5,11,14,,0.0,,,
WORKER_RELOC,,5,11,15,,0.0,,,
WORKER_RELOC,,5,11,16,,0.0,,,
WORKER_RELOC,,5,11,17,,0.0,,,
WORKER_RELOC,,5,12,0,,0.0,,,
WORKER_RELOC,,5,12,1,,0.0,,,
WORKER_RELOC,,5,12,2,,0.0,,,
WORKER_RELOC,,5,12,3,,0.0,,,
WORKER_RELOC,,5,12,4,,0.0,,,
WORKER_RELOC,,5,12,5,,0.0,,,
WORKER_RELOC,,5,12,6,,0.0,,,
WORKER_RELOC,,5,12,7,,0.0,,,
WORKER_RELOC,,5,12,8,,0.0,,,
WORKER_RELOC,,5,12,9,,0.0,,,
WORKER_RELOC,,5,12,10,,0.0,,,
WORKER_RELOC,,5,12,11,,0.0,,,
WORKER_RELOC,,5,12,12,,0.0,,,
WORKER_RELOC,,5,12,13,,0.0,,,
WORKER_RELOC,,5,12,14,,0.0,,,
WORKER_RELOC,,5,12,15,,0.0,,,
WORKER_RELOC,,5,12,16,,0.0,,,
WORKER_RELOC,,5,12,17,,0.0,,,
WORKER_RELOC,,5,13,0,,0.0,,,
WORKER_RELOC,,5,13,1,,0.0,,,
WORKER_RELOC,,5,13,2,,0.0,,,
WORKER_RELOC,,5,13,3,,0.0,,,
WORKER_RELOC,,5,13,4,,0.0,,,
WORKER_RELOC,,5,13,5,,0.0,,,
WORKER_RELOC,,5,13,6,,0.0,,,
WORKER_RELOC,,5,13,7,,0.0,,,
WORKER_RELOC,,5,13,8,,0.0,,,
WORKER_RELOC,,5,13,9,,0.0,,,
WORKER_RELOC,,5,13,10,,0.0,,,
WORKER_RELOC,,5,13,11,,0.0,,,
WORKER_RELOC,,5,13,12,,0.0,,,
WORKER_RELOC,,5,13,13,,0.0,,,
WORKER_RELOC,,5,13,14,,0.0,,,
WORKER_RELOC,,5,13,15,,0.0,,,
WORKER_RELOC,,5,13,16,,0.0,,,
WORKER_RELOC,,5,13,17,,0.0,,,
WORKER_RELOC,,5,14,0,,0.0,,,
WORKER_RELOC,,5,14,1,,0.0,,,
WORKER_RELOC,,5,14,2,,0.0,,,
WORKER_RELOC,,5,14,3,,0.0,,,
WORKER_RELOC,,5,14,4,,0.0,,,
WORKER_RELOC,,5,14,5,,0.0,,,
WORKER_RELOC,,5,14,6,,0.0,,,
WORKER_RELOC,,5,14,7,,0.0,,,
WORKER_RELOC,,5,14,8,,0.0,,,
WORKER_RELOC,,5,14,9,,0.0,,,
WORKER_RELOC,,5,14,10,,0.0,,,
WORKER_RELOC,,5,14,11,,0.0,,,
WORKER_RELOC,,5,14,12,,0.0,,,
WORKER_RELOC,,5,14,13,,0.0,,,
WORKER_RELOC,,5,14,14,,0.0,,,
WORKER_RELOC,,5,14,15,,0.0,,,
WORKER_RELOC,,5,14,16,,0.0,,,
WORKER_RELOC,,5,14,17,,0.0,,,
WORKER_RELOC,,5,15,0,,0.0,,,
WORKER_RELOC,,5,15,1,,0.0,,,
WORKER_RELOC,,5,15,2,,0.0,,,
WORKER_RELOC,,5,15,3,,0.0,,,
WORKER_RELOC,,5,15,4,,0.0,,,
WORKER_RELOC,,5,15,5,,0.0,,,
WORKER_RELOC,,5,15,6,,0.0,,,
WORKER_RELOC,,5,15,7,,0.0,,,
WORKER_RELOC,,5,15,8,,0.0,,,
WORKER_RELOC,,5,15,9,,0.0,,,
WORKER_RELOC,,5,15,10,,0.0,,,
WORKER_RELOC,,5,15,11,,0.0,,,
WORKER_RELOC,,5,15,12,,0.0,,,
WORKER_RELOC,,5,15,13,,0.0,,,
WORKER_RELOC,,5,15,14,,0.0,,,
WORKER_RELOC,,5,15,15,,0.0,,,
WORKER_RELOC,,5,15,16,,0.0,,,
WORKER_RELOC,,5,15,17,,0.0,,,
WORKER_RELOC,,5,16,0,,0.0,,,
WORKER_RELOC,,5,16,1,,0.0,,,
WORKER_RELOC,,5,16,2,,0.0,,,
WORKER_RELOC,,5,16,3,,0.0,,,
WORKER_RELOC,,5,16,4,,0.0,,,
WORKER_RELOC,,5,16,5,,0.0,,,
WORKER_RELOC,,5,16,6,,0.0,,,
WORKER_RELOC,,5,16,7,,0.0,,,
WORKER_RELOC,,5,16,8,,0.0,,,
WORKER_RELOC,,5,16,9,,0.0,,,
WORKER_RELOC,,5,16,10,,0.0,,,
WORKER_RELOC,,5,16,11,,0.0,,,
WORKER_RELOC,,5,16,12,,0.0,,,
WORKER_RELOC,,5,16,13,,0.0,,,
WORKER_RELOC,,5,16,14,,0.0,,,
WORKER_RELOC,,5,16,15,,0.0,,,
WORKER_RELOC,,5,16,16,,0.0,,,
WORKER_RELOC,,5,16,17,,0.0,,,
WORKER_RELOC,,5,17,0,,0.0,,,
WORKER_RELOC,,5,17,1,,0.0,,,
WORKER_RELOC,,5,17,2,,0.0,,,
WORKER_RELOC,,5,17,3,,0.0,,,
WORKER_RELOC,,5,17,4,,0.0,,,
WORKER_RELOC,,5,17,5,,0.0,,,
WORKER_RELOC,,5,17,6,,0.0,,,
WORKER_RELOC,,5,17,7,,0.0,,,
WORKER_RELOC,,5,17,8,,0.0,,,
WORKER_RELOC,,5,17,9,,0.0,,,
WORKER_RELOC,,5,17,10,,0.0,,,
WORKER_RELOC,,5,17,11,,0.0,,,
WORKER_RELOC,,5,17,12,,0.0,,,
WORKER_RELOC,,5,17,13,,0.0,,,
WORKER_RELOC,,5,17,14,,0.0,,,
WORKER_RELOC,,5,17,15,,0.0,,,
WORKER_RELOC,,5,17,16,,0.0,,,
WORKER_RELOC,,5,17,17,,0.0,,,
WORKER_RELOC,,6,0,0,,0.0,,,
WORKER_RELOC,,6,0,1,,0.0,,,
WORKER_RELOC,,6,0,2,,0.0,,,
WORKER_RELOC,,6,0,3,,0.0,,,
WORKER_RELOC,,6,0,4,,0.0,,,
WORKER_RELOC,,6,0,5,,0.0,,,
WORKER_RELOC,,6,0,6,,0.0,,,
WORKER_RELOC,,6,0,7,,0.0,,,
WORKER_RELOC,,6,0,8,,0.0,,,
WORKER_RELOC,,6,0,9,,0.0,,,
WORKER_RELOC,,6,0,10,,0.0,,,
WORKER_RELOC,,6,0,11,,0.0,,,
WORKER_RELOC,,6,0,12,,0.0,,,
WORKER_RELOC,,6,0,13,,0.0,,,
WORKER_RELOC,,6,0,14,,0.0,,,
WORKER_RELOC,,6,0,15,,0.0,,,
WORKER_RELOC,,6,0,16,,0.0,,,
WORKER_RELOC,,6,0,17,,0.0,,,
WORKER_RELOC,,6,1,0,,0.0,,,
WORKER_RELOC,,6,1,1,,0.0,,,
WORKER_RELOC,,6,1,2,,0.0,,,
WORKER_RELOC,,6,1,3,,0.0,,,
WORKER_RELOC,,6,1,4,,0.0,,,
WORKER_RELOC,,6,1,5,,0.0,,,
WORKER_RELOC,,6,1,6,,0.0,,,
WORKER_RELOC,,6,1,7,,0.0,,,
WORKER_RELOC,,6,1,8,,0.0,,,
WORKER_RELOC,,6,1,9,,0.0,,,
WORKER_RELOC,,6,1,10,,0.0,,,
WORKER_RELOC,,6,1,11,,0.0,,,
WORKER_RELOC,,6,1,12,,0.0,,,
WORKER_RELOC,,6,1,13,,0.0,,,
WORKER_RELOC,,6,1,14,,0.0,,,
WORKER_RELOC,,6,1,15,,0.0,,,
WORKER_RELOC,,6,1,16,,0.0,,,
WORKER_RELOC,,6,1,17,,0.0,,,
WORKER_RELOC,,6,2,0,,0.0,,,
WORKER_RELOC,,6,2,1,,0.0,,,
WORKER_RELOC,,6,2,2,,0.0,,,
WORKER_RELOC,,6,2,3,,0.0,,,
WORKER_RELOC,,6,2,4,,0.0,,,
WORKER_RELOC,,6,2,5,,0.0,,,
WORKER_RELOC,,6,2,6,,0.0,,,
WORKER_RELOC,,6,2,7,,0.0,,,
WORKER_RELOC,,6,2,8,,0.0,,,
WORKER_RELOC,,6,2,9,,0.0,,,
WORKER_RELOC,,6,2,10,,0.0,,,
WORKER_RELOC,,6,2,11,,0.0,,,
WORKER_RELOC,,6,2,12,,0.0,,,
WORKER_RELOC,,6,2,13,,0.0,,,
WORKER_RELOC,,6,2,14,,0.0,,,
WORKER_RELOC,,6,2,15,,0.0,,,
WORKER_RELOC,,6,2,16,,0.0,,,
WORKER_RELOC,,6,2,17,,0.0,,,
WORKER_RELOC,,6,3,0,,0.0,,,
WORKER_RELOC,,6,3,1,,0.0,,,
WORKER_RELOC,,6,3,2,,0.0,,,
WORKER_RELOC,,6,3,3,,0.0,,,
WORKER_RELOC,,6,3,4,,0.0,,,
WORKER_RELOC,,6,3,5,,0.0,,,
WORKER_RELOC,,6,3,6,,0.0,,,
WORKER_RELOC,,6,3,7,,0.0,,,
WORKER_RELOC,,6,3,8,,0.0,,,
WORKER_RELOC,,6,3,9,,0.0,,,
WORKER_RELOC,,6,3,10,,0.0,,,
WORKER_RELOC,,6,3,11,,0.0,,,
WORKER_RELOC,,6,3,12,,0.0,,,
WORKER_RELOC,,6,3,13,,0.0,,,
WORKER_RELOC,,6,3,14,,0.0,,,
WORKER_RELOC,,6,3,15,,0.0,,,
WORKER_RELOC,,6,3,16,,0.0,,,
WORKER_RELOC,,6,3,17,,0.0,,,
WORKER_RELOC,,6,4,0,,0.0,,,
WORKER_RELOC,,6,4,1,,0.0,,,
WORKER_RELOC,,6,4,2,,0.0,,,
WORKER_RELOC,,6,4,3,,0.0,,,
WORKER_RELOC,,6,4,4,,0.0,,,
WORKER_RELOC,,6,4,5,,0.0,,,
WORKER_RELOC,,6,4,6,,0.0,,,
WORKER_RELOC,,6,4,7,,0.0,,,
WORKER_RELOC,,6,4,8,,0.0,,,
WORKER_RELOC,,6,4,9,,0.0,,,
WORKER_RELOC,,6,4,10,,0.0,,,
WORKER_RELOC,,6,4,11,,0.0,,,
WORKER_RELOC,,6,4,12,,0.0,,,
WORKER_RELOC,,6,4,13,,0.0,,,
WORKER_RELOC,,6,4,14,,0.0,,,
WORKER_RELOC,,6,4,15,,0.0,,,
WORKER_RELOC,,6,4,16,,0.0,,,
WORKER_RELOC,,6,4,17,,0.0,,,
WORKER_RELOC,,6,5,0,,0.0,,,
WORKER_RELOC,,6,5,1,,0.0,,,
WORKER_RELOC,,6,5,2,,0.0,,,
WORKER_RELOC,,6,5,3,,0.0,,,
WORKER_RELOC,,6,5,4,,0.0,,,
WORKER_RELOC,,6,5,5,,0.0,,,
WORKER_RELOC,,6,5,6,,0.0,,,
WORKER_RELOC,,6,5,7,,0.0,,,
WORKER_RELOC,,6,5,8,,0.0,,,
WORKER_RELOC,,6,5,9,,0.0,,,
WORKER_RELOC,,6,5,10,,0.0,,,
WORKER_RELOC,,6,5,11,,0.0,,,
WORKER_RELOC,,6,5,12,,0.0,,,
WORKER_RELOC,,6,5,13,,0.0,,,
WORKER_RELOC,,6,5,14,,0.0,,,
WORKER_RELOC,,6,5,15,,0.0,,,
WORKER_RELOC,,6,5,16,,0.0,,,
WORKER_RELOC,,6,5,17,,0.0,,,
WORKER_RELOC,,6,6,0,,0.0,,,
WORKER_RELOC,,6,6,1,,0.0,,,
WORKER_RELOC,,6,6,2,,0.0,,,
WORKER_RELOC,,6,6,3,,0.0,,,
WORKER_RELOC,,6,6,4,,0.0,,,
WORKER_RELOC,,6,6,5,,0.0,,,
WORKER_RELOC,,6,6,6,,0.0,,,
WORKER_RELOC,,6,6,7,,0.0,,,
WORKER_RELOC,,6,6,8,,0.0,,,
WORKER_RELOC,,6,6,9,,0.0,,,
WORKER_RELOC,,6,6,10,,0.0,,,
WORKER_RELOC,,6,6,11,,0.0,,,
WORKER_RELOC,,6,6,12,,0.0,,,
WORKER_RELOC,,6,6,13,,0.0,,,
WORKER_RELOC,,6,6,14,,0.0,,,
WORKER_RELOC,,6,6,15,,0.0,,,
WORKER_RELOC,,6,6,16,,0.0,,,
WORKER_RELOC,,6,6,17,,0.0,,,
WORKER_RELOC,,6,7,0,,0.0,,,
WORKER_RELOC,,6,7,1,,0.0,,,
WORKER_RELOC,,6,7,2,,0.0,,,
WORKER_RELOC,,6,7,3,,0.0,,,
WORKER_RELOC,,6,7,4,,0.0,,,
WORKER_RELOC,,6,7,5,,0.0,,,
WORKER_RELOC,,6,7,6,,0.0,,,
WORKER_RELOC,,6,7,7,,0.0,,,
WORKER_RELOC,,6,7,8,,0.0,,,
WORKER_RELOC,,6,7,9,,0.0,,,
WORKER_RELOC,,6,7,10,,0.0,,,
WORKER_RELOC,,6,7,11,,0.0,,,
WORKER_RELOC,,6,7,12,,0.0,,,
WORKER_RELOC,,6,7,13,,0.0,,,
WORKER_RELOC,,6,7,14,,0.0,,,
WORKER_RELOC,,6,7,15,,0.0,,,
WORKER_RELOC,,6,7,16,,0.0,,,
WORKER_RELOC,,6,7,17,,0.0,,,
WORKER_RELOC,,6,8,0,,0.0,,,
WORKER_RELOC,,6,8,1,,0.0,,,
WORKER_RELOC,,6,8,2,,0.0,,,
WORKER_RELOC,,6,8,3,,0.0,,,
WORKER_RELOC,,6,8,4,,0.0,,,
WORKER_RELOC,,6,8,5,,0.0,,,
WORKER_RELOC,,6,8,6,,0.0,,,
WORKER_RELOC,,6,8,7,,0.0,,,
WORKER_RELOC,,6,8,8,,0.0,,,
WORKER_RELOC,,6,8,9,,0.0,,,
WORKER_RELOC,,6,8,10,,0.0,,,
WORKER_RELOC,,6,8,11,,0.0,,,
WORKER_RELOC,,6,8,12,,0.0,,,
WORKER_RELOC,,6,8,13,,0.0,,,
WORKER_RELOC,,6,8,14,,0.0,,,
WORKER_RELOC,,6,8,15,,0.0,,,
WORKER_RELOC,,6,8,16,,0.0,,,
WORKER_RELOC,,6,8,17,,0.0,,,
WORKER_RELOC,,6,9,0,,0.0,,,
WORKER_RELOC,,6,9,1,,0.0,,,
WORKER_RELOC,,6,9,2,,0.0,,,
WORKER_RELOC,,6,9,3,,0.0,,,
WORKER_RELOC,,6,9,4,,0.0,,,
WORKER_RELOC,,6,9,5,,0.0,,,
WORKER_RELOC,,6,9,6,,0.0,,,
WORKER_RELOC,,6,9,7,,0.0,,,
WORKER_RELOC,,6,9,8,,0.0,,,
WORKER_RELOC,,6,9,9,,0.0,,,
WORKER_RELOC,,6,9,10,,0.0,,,
WORKER_RELOC,,6,9,11,,0.0,,,
WORKER_RELOC,,6,9,12,,0.0,,,
WORKER_RELOC,,6,9,13,,0.0,,,
WORKER_RELOC,,6,9,14,,0.0,,,
WORKER_RELOC,,6,9,15,,0.0,,,
WORKER_RELOC,,6,9,16,,0.0,,,
WORKER_RELOC,,6,9,17,,0.0,,,
WORKER_RELOC,,6,10,0,,0.0,,,
WORKER_RELOC,,6,10,1,,0.0,,,
WORKER_RELOC,,6,10,2,,0.0,,,
WORKER_RELOC,,6,10,3,,0.0,,,
WORKER_RELOC,,6,10,4,,0.0,,,
WORKER_RELOC,,6,10,5,,0.0,,,
WORKER_RELOC,,6,10,6,,0.0,,,
WORKER_RELOC,,6,10,7,,0.0,,,
WORKER_RELOC,,6,10,8,,0.0,,,
WORKER_RELOC,,6,10,9,,0.0,,,
WORKER_RELOC,,6,10,10,,0.0,,,
WORKER_RELOC,,6,10,11,,0.0,,,
WORKER_RELOC,,6,10,12,,0.0,,,
WORKER_RELOC,,6,10,13,,0.0,,,
WORKER_RELOC,,6,10,14,,0.0,,,
WORKER_RELOC,,6,10,15,,0.0,,,
WORKER_RELOC,,6,10,16,,0.0,,,
WORKER_RELOC,,6,10,17,,0.0,,,
WORKER_RELOC,,6,11,0,,0.0,,,
WORKER_RELOC,,6,11,1,,0.0,,,
WORKER_RELOC,,6,11,2,,0.0,,,
WORKER_RELOC,,6,11,3,,0.0,,,
WORKER_RELOC,,6,11,4,,0.0,,,
WORKER_RELOC,,6,11,5,,0.0,,,
WORKER_RELOC,,6,11,6,,0.0,,,
WORKER_RELOC,,6,11,7,,0.0,,,
WORKER_RELOC,,6,11,8,,0.0,,,
WORKER_RELOC,,6,11,9,,0.0,,,
WORKER_RELOC,,6,11,10,,0.0,,,
WORKER_RELOC,,6,11,11,,0.0,,,
WORKER_RELOC,,6,11,12,,0.0,,,
WORKER_RELOC,,6,11,13,,0.0,,,
WORKER_RELOC,,6,11,14,,0.0,,,
WORKER_RELOC,,6,11,15,,0.0,,,
WORKER_RELOC,,6,11,16,,0.0,,,
WORKER_RELOC,,6,11,17,,0.0,,,
WORKER_RELOC,,6,12,0,,0.0,,,
WORKER_RELOC,,6,12,1,,0.0,,,
WORKER_RELOC,,6,12,2,,0.0,,,
WORKER_RELOC,,6,12,3,,0.0,,,
WORKER_RELOC,,6,12,4,,0.0,,,
WORKER_RELOC,,6,12,5,,0.0,,,
WORKER_RELOC,,6,12,6,,0.0,,,
WORKER_RELOC,,6,12,7,,0.0,,,
WORKER_RELOC,,6,12,8,,0.0,,,
WORKER_RELOC,,6,12,9,,0.0,,,
WORKER_RELOC,,6,12,10,,0.0,,,
WORKER_RELOC,,6,12,11,,0.0,,,
WORKER_RELOC,,6,12,12,,0.0,,,
WORKER_RELOC,,6,12,13,,0.0,,,
WORKER_RELOC,,6,12,14,,0.0,,,
WORKER_RELOC,,6,12,15,,0.0,,,
WORKER_RELOC,,6,12,16,,0.0,,,
WORKER_RELOC,,6,12,17,,0.0,,,
WORKER_RELOC,,6,13,0,,0.0,,,
WORKER_RELOC,,6,13,1,,0.0,,,
WORKER_RELOC,,6,13,2,,0.0,,,
WORKER_RELOC,,6,13,3,,0.0,,,
WORKER_RELOC,,6,13,4,,0.0,,,
WORKER_RELOC,,6,13,5,,0.0,,,
WORKER_RELOC,,6,13,6,,0.0,,,
WORKER_RELOC,,6,13,7,,0.0,,,
WORKER_RELOC,,6,13,8,,0.0,,,
WORKER_RELOC,,6,13,9,,0.0,,,
WORKER_RELOC,,6,13,10,,0.0,,,
WORKER_RELOC,,6,13,11,,0.0,,,
WORKER_RELOC,,6,13,12,,0.0,,,
WORKER_RELOC,,6,13,13,,0.0,,,
WORKER_RELOC,,6,13,14,,0.0,,,
WORKER_RELOC,,6,13,15,,0.0,,,
WORKER_RELOC,,6,13,16,,0.0,,,
WORKER_RELOC,,6,13,17,,0.0,,,
WORKER_RELOC,,6,14,0,,0.0,,,
WORKER_RELOC,,6,14,1,,0.0,,,
WORKER_RELOC,,6,14,2,,0.0,,,
WORKER_RELOC,,6,14,3,,0.0,,,
WORKER_RELOC,,6,14,4,,0.0,,,
WORKER_RELOC,,6,14,5,,0.0,,,
WORKER_RELOC,,6,14,6,,0.0,,,
WORKER_RELOC,,6,14,7,,0.0,,,
WORKER_RELOC,,6,14,8,,0.0,,,
WORKER_RELOC,,6,14,9,,0.0,,,
WORKER_RELOC,,6,14,10,,0.0,,,
WORKER_RELOC,,6,14,11,,0.0,,,
WORKER_RELOC,,6,14,12,,0.0,,,
WORKER_RELOC,,6,14,13,,0.0,,,
WORKER_RELOC,,6,14,14,,0.0,,,
WORKER_RELOC,,6,14,15,,0.0,,,
WORKER_RELOC,,6,14,16,,0.0,,,
WORKER_RELOC,,6,14,17,,0.0,,,
WORKER_RELOC,,6,15,0,,0.0,,,
WORKER_RELOC,,6,15,1,,0.0,,,
WORKER_RELOC,,6,15,2,,0.0,,,
WORKER_RELOC,,6,15,3,,0.0,,,
WORKER_RELOC,,6,15,4,,0.0,,,
WORKER_RELOC,,6,15,5,,0.0,,,
WORKER_RELOC,,6,15,6,,0.0,,,
WORKER_RELOC,,6,15,7,,0.0,,,
WORKER_RELOC,,6,15,8,,0.0,,,
WORKER_RELOC,,6,15,9,,0.0,,,
WORKER_RELOC,,6,15,10,,0.0,,,
WORKER_RELOC,,6,15,11,,0.0,,,
WORKER_RELOC,,6,15,12,,0.0,,,
WORKER_RELOC,,6,15,13,,0.0,,,
WORKER_RELOC,,6,15,14,,0.0,,,
WORKER_RELOC,,6,15,15,,0.0,,,
WORKER_RELOC,,6,15,16,,0.0,,,
WORKER_RELOC,,6,15,17,,0.0,,,
WORKER_RELOC,,6,16,0,,0.0,,,
WORKER_RELOC,,6,16,1,,0.0,,,
WORKER_RELOC,,6,16,2,,0.0,,,
WORKER_RELOC,,6,16,3,,0.0,,,
WORKER_RELOC,,6,16,4,,0.0,,,
WORKER_RELOC,,6,16,5,,0.0,,,
WORKER_RELOC,,6,16,6,,0.0,,,
WORKER_RELOC,,6,16,7,,0.0,,,
WORKER_RELOC,,6,16,8,,0.0,,,
WORKER_RELOC,,6,16,9,,0.0,,,
WORKER_RELOC,,6,16,10,,0.0,,,
WORKER_RELOC,,6,16,11,,0.0,,,
WORKER_RELOC,,6,16,12,,0.0,,,
WORKER_RELOC,,6,16,13,,0.0,,,
WORKER_RELOC,,6,16,14,,0.0,,,
WORKER_RELOC,,6,16,15,,0.0,,,
WORKER_RELOC,,6,16,16,,0.0,,,
WORKER_RELOC,,6,16,17,,0.0,,,
WORKER_RELOC,,6,17,0,,0.0,,,
WORKER_RELOC,,6,17,1,,0.0,,,
WORKER_RELOC,,6,17,2,,0.0,,,
WORKER_RELOC,,6,17,3,,0.0,,,
WORKER_RELOC,,6,17,4,,0.0,,,
WORKER_RELOC,,6,17,5,,0.0,,,
WORKER_RELOC,,6,17,6,,0.0,,,
WORKER_RELOC,,6,17,7,,0.0,,,
WORKER_RELOC,,6,17,8,,0.0,,,
WORKER_RELOC,,6,17,9,,0.0,,,
WORKER_RELOC,,6,17,10,,0.0,,,
WORKER_RELOC,,6,17,11,,0.0,,,
WORKER_RELOC,,6,17,12,,0.0,,,
WORKER_RELOC,,6,17,13,,0.0,,,
WORKER_RELOC,,6,17,14,,0.0,,,
WORKER_RELOC,,6,17,15,,0.0,,,
WORKER_RELOC,,6,17,16,,0.0,,,
WORKER_RELOC,,6,17,17,,0.0,,,
WORKER_RELOC,,7,0,0,,0.0,,,
WORKER_RELOC,,7,0,1,,0.0,,,
WORKER_RELOC,,7,0,2,,0.0,,,
WORKER_RELOC,,7,0,3,,0.0,,,
WORKER_RELOC,,7,0,4,,0.0,,,
WORKER_RELOC,,7,0,5,,0.0,,,
WORKER_RELOC,,7,0,6,,0.0,,,
WORKER_RELOC,,7,0,7,,0.0,,,
WORKER_RELOC,,7,0,8,,0.0,,,
WORKER_RELOC,,7,0,9,,0.0,,,
WORKER_RELOC,,7,0,10,,0.0,,,
WORKER_RELOC,,7,0,11,,0.0,,,
WORKER_RELOC,,7,0,12,,0.0,,,
WORKER_RELOC,,7,0,13,,0.0,,,
WORKER_RELOC,,7,0,14,,0.0,,,
WORKER_RELOC,,7,0,15,,0.0,,,
WORKER_RELOC,,7,0,16,,0.0,,,
WORKER_RELOC,,7,0,17,,0.0,,,
WORKER_RELOC,,7,1,0,,0.0,,,
WORKER_RELOC,,7,1,1,,0.0,,,
WORKER_RELOC,,7,1,2,,0.0,,,
WORKER_RELOC,,7,1,3,,0.0,,,
WORKER_RELOC,,7,1,4,,0.0,,,
WORKER_RELOC,,7,1,5,,0.0,,,
WORKER_RELOC,,7,1,6,,0.0,,,
WORKER_RELOC,,7,1,7,,0.0,,,
WORKER_RELOC,,7,1,8,,0.0,,,
WORKER_RELOC,,7,1,9,,0.0,,,
WORKER_RELOC,,7,1,10,,0.0,,,
WORKER_RELOC,,7,1,11,,0.0,,,
WORKER_RELOC,,7,1,12,,0.0,,,
WORKER_RELOC,,7,1,13,,0.0,,,
WORKER_RELOC,,7,1,14,,0.0,,,
WORKER_RELOC,,7,1,15,,0.0,,,
WORKER_RELOC,,7,1,16,,0.0,,,
WORKER_RELOC,,7,1,17,,0.0,,,
WORKER_RELOC,,7,2,0,,0.0,,,
WORKER_RELOC,,7,2,1,,0.0,,,
WORKER_RELOC,,7,2,2,,0.0,,,
WORKER_RELOC,,7,2,3,,0.0,,,
WORKER_RELOC,,7,2,4,,0.0,,,
WORKER_RELOC,,7,2,5,,0.0,,,
WORKER_RELOC,,7,2,6,,0.0,,,
WORKER_RELOC,,7,2,7,,0.0,,,
WORKER_RELOC,,7,2,8,,0.0,,,
WORKER_RELOC,,7,2,9,,0.0,,,
WORKER_RELOC,,7,2,10,,0.0,,,
WORKER_RELOC,,7,2,11,,0.0,,,
WORKER_RELOC,,7,2,12,,0.0,,,
WORKER_RELOC,,7,2,13,,0.0,,,
WORKER_RELOC,,7,2,14,,0.0,,,
WORKER_RELOC,,7,2,15,,0.0,,,
WORKER_RELOC,,7,2,16,,0.0,,,
WORKER_RELOC,,7,2,17,,0.0,,,
WORKER_RELOC,,7,3,0,,0.0,,,
WORKER_RELOC,,7,3,1,,0.0,,,
WORKER_RELOC,,7,3,2,,0.0,,,
WORKER_RELOC,,7,3,3,,0.0,,,
WORKER_RELOC,,7,3,4,,0.0,,,
WORKER_RELOC,,7,3,5,,0.0,,,
WORKER_RELOC,,7,3,6,,0.0,,,
WORKER_RELOC,,7,3,7,,0.0,,,
WORKER_RELOC,,7,3,8,,0.0,,,
WORKER_RELOC,,7,3,9,,0.0,,,
WORKER_RELOC,,7,3,10,,0.0,,,
WORKER_RELOC,,7,3,11,,0.0,,,
WORKER_RELOC,,7,3,12,,0.0,,,
WORKER_RELOC,,7,3,13,,0.0,,,
WORKER_RELOC,,7,3,14,,0.0,,,
WORKER_RELOC,,7,3,15,,0.0,,,
WORKER_RELOC,,7,3,16,,0.0,,,
WORKER_RELOC,,7,3,17,,0.0,,,
WORKER_RELOC,,7,4,0,,0.0,,,
WORKER_RELOC,,7,4,1,,0.0,,,
WORKER_RELOC,,7,4,2,,0.0,,,
WORKER_RELOC,,7,4,3,,0.0,,,
WORKER_RELOC,,7,4,4,,0.0,,,
WORKER_RELOC,,7,4,5,,0.0,,,
WORKER_RELOC,,7,4,6,,0.0,,,
WORKER_RELOC,,7,4,7,,0.0,,,
WORKER_RELOC,,7,4,8,,0.0,,,
WORKER_RELOC,,7,4,9,,0.0,,,
WORKER_RELOC,,7,4,10,,0.0,,,
WORKER_RELOC,,7,4,11,,0.0,,,
WORKER_RELOC,,7,4,12,,0.0,,,
WORKER_RELOC,,7,4,13,,0.0,,,
WORKER_RELOC,,7,4,14,,0.0,,,
WORKER_RELOC,,7,4,15,,0.0,,,
WORKER_RELOC,,7,4,16,,0.0,,,
WORKER_RELOC,,7,4,17,,0.0,,,
WORKER_RELOC,,7,5,0,,0.0,,,
WORKER_RELOC,,7,5,1,,0.0,,,
WORKER_RELOC,,7,5,2,,0.0,,,
WORKER_RELOC,,7,5,3,,0.0,,,
WORKER_RELOC,,7,5,4,,0.0,,,
WORKER_RELOC,,7,5,5,,0.0,,,
WORKER_RELOC,,7,5,6,,0.0,,,
WORKER_RELOC,,7,5,7,,0.0,,,
WORKER_RELOC,,7,5,8,,0.0,,,
WORKER_RELOC,,7,5,9,,0.0,,,
WORKER_RELOC,,7,5,10,,0.0,,,
WORKER_RELOC,,7,5,11,,0.0,,,
WORKER_RELOC,,7,5,12,,0.0,,,
WORKER_RELOC,,7,5,13,,0.0,,,
WORKER_RELOC,,7,5,14,,0.0,,,
WORKER_RELOC,,7,5,15,,0.0,,,
WORKER_RELOC,,7,5,16,,0.0,,,
WORKER_RELOC,,7,5,17,,0.0,,,
WORKER_RELOC,,7,6,0,,0.0,,,
WORKER_RELOC,,7,6,1,,0.0,,,
WORKER_RELOC,,7,6,2,,0.0,,,
WORKER_RELOC,,7,6,3,,0.0,,,
WORKER_RELOC,,7,6,4,,0.0,,,
WORKER_RELOC,,7,6,5,,0.0,,,
WORKER_RELOC,,7,6,6,,0.0,,,
WORKER_RELOC,,7,6,7,,0.0,,,
WORKER_RELOC,,7,6,8,,0.0,,,
WORKER_RELOC,,7,6,9,,0.0,,,
WORKER_RELOC,,7,6,10,,0.0,,,
WORKER_RELOC,,7,6,11,,0.0,,,
WORKER_RELOC,,7,6,12,,0.0,,,
WORKER_RELOC,,7,6,13,,0.0,,,
WORKER_RELOC,,7,6,14,,0.0,,,
WORKER_RELOC,,7,6,15,,0.0,,,
WORKER_RELOC,,7,6,16,,0.0,,,
WORKER_RELOC,,7,6,17,,0.0,,,
WORKER_RELOC,,7,7,0,,0.0,,,
WORKER_RELOC,,7,7,1,,0.0,,,
WORKER_RELOC,,7,7,2,,0.0,,,
WORKER_RELOC,,7,7,3,,0.0,,,
WORKER_RELOC,,7,7,4,,0.0,,,
WORKER_RELOC,,7,7,5,,0.0,,,
WORKER_RELOC,,7,7,6,,0.0,,,
WORKER_RELOC,,7,7,7,,0.0,,,
WORKER_RELOC,,7,7,8,,0.0,,,
WORKER_RELOC,,7,7,9,,0.0,,,
WORKER_RELOC,,7,7,10,,0.0,,,
WORKER_RELOC,,7,7,11,,0.0,,,
WORKER_RELOC,,7,7,12,,0.0,,,
WORKER_RELOC,,7,7,13,,0.0,,,
WORKER_RELOC,,7,7,14,,0.0,,,
WORKER_RELOC,,7,7,15,,0.0,,,
WORKER_RELOC,,7,7,16,,0.0,,,
WORKER_RELOC,,7,7,17,,0.0,,,
WORKER_RELOC,,7,8,0,,0.0,,,
WORKER_RELOC,,7,8,1,,0.0,,,
WORKER_RELOC,,7,8,2,,0.0,,,
WORKER_RELOC,,7,8,3,,0.0,,,
WORKER_RELOC,,7,8,4,,0.0,,,
WORKER_RELOC,,7,8,5,,0.0,,,
WORKER_RELOC,,7,8,6,,0.0,,,
WORKER_RELOC,,7,8,7,,0.0,,,
WORKER_RELOC,,7,8,8,,0.0,,,
WORKER_RELOC,,7,8,9,,0.0,,,
WORKER_RELOC,,7,8,10,,0.0,,,
WORKER_RELOC,,7,8,11,,0.0,,,
WORKER_RELOC,,7,8,12,,0.0,,,
WORKER_RELOC,,7,8,13,,0.0,,,
WORKER_RELOC,,7,8,14,,0.0,,,
WORKER_RELOC,,7,8,15,,0.0,,,
WORKER_RELOC,,7,8,16,,0.0,,,
WORKER_RELOC,,7,8,17,,0.0,,,
WORKER_RELOC,,7,9,0,,0.0,,,
WORKER_RELOC,,7,9,1,,0.0,,,
WORKER_RELOC,,7,9,2,,0.0,,,
WORKER_RELOC,,7,9,3,,0.0,,,
WORKER_RELOC,,7,9,4,,0.0,,,
WORKER_RELOC,,7,9,5,,0.0,,,
WORKER_RELOC,,7,9,6,,0.0,,,
WORKER_RELOC,,7,9,7,,0.0,,,
WORKER_RELOC,,7,9,8,,0.0,,,
WORKER_RELOC,,7,9,9,,0.0,,,
WORKER_RELOC,,7,9,10,,0.0,,,
WORKER_RELOC,,7,9,11,,0.0,,,
WORKER_RELOC,,7,9,12,,0.0,,,
WORKER_RELOC,,7,9,13,,0.0,,,
WORKER_RELOC,,7,9,14,,0.0,,,
WORKER_RELOC,,7,9,15,,0.0,,,
WORKER_RELOC,,7,9,16,,0.0,,,
WORKER_RELOC,,7,9,17,,0.0,,,
WORKER_RELOC,,7,10,0,,0.0,,,
WORKER_RELOC,,7,10,1,,0.0,,,
WORKER_RELOC,,7,10,2,,0.0,,,
WORKER_RELOC,,7,10,3,,0.0,,,
WORKER_RELOC,,7,10,4,,0.0,,,
WORKER_RELOC,,7,10,5,,0.0,,,
WORKER_RELOC,,7,10,6,,0.0,,,
WORKER_RELOC,,7,10,7,,0.0,,,
WORKER_RELOC,,7,10,8,,0.0,,,
WORKER_RELOC,,7,10,9,,0.0,,,
WORKER_RELOC,,7,10,10,,0.0,,,
WORKER_RELOC,,7,10,11,,0.0,,,
WORKER_RELOC,,7,10,12,,0.0,,,
WORKER_RELOC,,7,10,13,,0.0,,,
WORKER_RELOC,,7,10,14,,0.0,,,
WORKER_RELOC,,7,10,15,,0.0,,,
WORKER_RELOC,,7,10,16,,0.0,,,
WORKER_RELOC,,7,10,17,,0.0,,,
WORKER_RELOC,,7,11,0,,0.0,,,
WORKER_RELOC,,7,11,1,,0.0,,,
WORKER_RELOC,,7,11,2,,0.0,,,
WORKER_RELOC,,7,11,3,,0.0,,,
WORKER_RELOC,,7,11,4,,0.0,,,
WORKER_RELOC,,7,11,5,,0.0,,,
WORKER_RELOC,,7,11,6,,0.0,,,
WORKER_RELOC,,7,11,7,,0.0,,,
WORKER_RELOC,,7,11,8,,0.0,,,
WORKER_RELOC,,7,11,9,,0.0,,,
WORKER_RELOC,,7,11,10,,0.0,,,
WORKER_RELOC,,7,11,11,,0.0,,,
WORKER_RELOC,,7,11,12,,0.0,,,
WORKER_RELOC,,7,11,13,,0.0,,,
WORKER_RELOC,,7,11,14,,0.0,,,
WORKER_RELOC,,7,11,15,,0.0,,,
WORKER_RELOC,,7,11,16,,0.0,,,
WORKER_RELOC,,7,11,17,,0.0,,,
WORKER_RELOC,,7,12,0,,0.0,,,
WORKER_RELOC,,7,12,1,,0.0,,,
WORKER_RELOC,,7,12,2,,0.0,,,
WORKER_RELOC,,7,12,3,,0.0,,,
WORKER_RELOC,,7,12,4,,0.0,,,
WORKER_RELOC,,7,12,5,,0.0,,,
WORKER_RELOC,,7,12,6,,0.0,,,
WORKER_RELOC,,7,12,7,,0.0,,,
WORKER_RELOC,,7,12,8,,0.0,,,
WORKER_RELOC,,7,12,9,,0.0,,,
WORKER_RELOC,,7,12,10,,0.0,,,
WORKER_RELOC,,7,12,11,,0.0,,,
WORKER_RELOC,,7,12,12,,0.0,,,
WORKER_RELOC,,7,12,13,,0.0,,,
WORKER_RELOC,,7,12,14,,0.0,,,
WORKER_RELOC,,7,12,15,,0.0,,,
WORKER_RELOC,,7,12,16,,0.0,,,
WORKER_RELOC,,7,12,17,,0.0,,,
WORKER_RELOC,,7,13,0,,0.0,,,
WORKER_RELOC,,7,13,1,,0.0,,,
WORKER_RELOC,,7,13,2,,0.0,,,
WORKER_RELOC,,7,13,3,,0.0,,,
WORKER_RELOC,,7,13,4,,0.0,,,
WORKER_RELOC,,7,13,5,,0.0,,,
WORKER_RELOC,,7,13,6,,0.0,,,
WORKER_RELOC,,7,13,7,,0.0,,,
WORKER_RELOC,,7,13,8,,0.0,,,
WORKER_RELOC,,7,13,9,,0.0,,,
WORKER_RELOC,,7,13,10,,0.0,,,
WORKER_RELOC,,7,13,11,,0.0,,,
WORKER_RELOC,,7,13,12,,0.0,,,
WORKER_RELOC,,7,13,13,,0.0,,,
WORKER_RELOC,,7,13,14,,0.0,,,
WORKER_RELOC,,7,13,15,,0.0,,,
WORKER_RELOC,,7,13,16,,0.0,,,
WORKER_RELOC,,7,13,17,,0.0,,,
WORKER_RELOC,,7,14,0,,0.0,,,
WORKER_RELOC,,7,14,1,,0.0,,,
WORKER_RELOC,,7,14,2,,0.0,,,
WORKER_RELOC,,7,14,3,,0.0,,,
WORKER_RELOC,,7,14,4,,0.0,,,
WORKER_RELOC,,7,14,5,,0.0,,,
WORKER_RELOC,,7,14,6,,0.0,,,
WORKER_RELOC,,7,14,7,,0.0,,,
WORKER_RELOC,,7,14,8,,0.0,,,
WORKER_RELOC,,7,14,9,,0.0,,,
WORKER_RELOC,,7,14,10,,0.0,,,
WORKER_RELOC,,7,14,11,,0.0,,,
WORKER_RELOC,,7,14,12,,0.0,,,
WORKER_RELOC,,7,14,13,,0.0,,,
WORKER_RELOC,,7,14,14,,0.0,,,
WORKER_RELOC,,7,14,15,,0.0,,,
WORKER_RELOC,,7,14,16,,0.0,,,
WORKER_RELOC,,7,14,17,,0.0,,,
WORKER_RELOC,,7,15,0,,0.0,,,
WORKER_RELOC,,7,15,1,,0.0,,,
WORKER_RELOC,,7,15,2,,0.0,,,
WORKER_RELOC,,7,15,3,,0.0,,,
WORKER_RELOC,,7,15,4,,0.0,,,
WORKER_RELOC,,7,15,5,,0.0,,,
WORKER_RELOC,,7,15,6,,0.0,,,
WORKER_RELOC,,7,15,7,,0.0,,,
WORKER_RELOC,,7,15,8,,0.0,,,
WORKER_RELOC,,7,15,9,,0.0,,,
WORKER_RELOC,,7,15,10,,0.0,,,
WORKER_RELOC,,7,15,11,,0.0,,,
WORKER_RELOC,,7,15,12,,0.0,,,
WORKER_RELOC,,7,15,13,,0.0,,,
WORKER_RELOC,,7,15,14,,0.0,,,
WORKER_RELOC,,7,15,15,,0.0,,,
WORKER_RELOC,,7,15,16,,0.0,,,
WORKER_RELOC,,7,15,17,,0.0,,,
WORKER_RELOC,,7,16,0,,0.0,,,
WORKER_RELOC,,7,16,1,,0.0,,,
WORKER_RELOC,,7,16,2,,0.0,,,
WORKER_RELOC,,7,16,3,,0.0,,,
WORKER_RELOC,,7,16,4,,0.0,,,
WORKER_RELOC,,7,16,5,,0.0,,,
WORKER_RELOC,,7,16,6,,0.0,,,
WORKER_RELOC,,7,16,7,,0.0,,,
WORKER_RELOC,,7,16,8,,0.0,,,
WORKER_RELOC,,7,16,9,,0.0,,,
WORKER_RELOC,,7,16,10,,0.0,,,
WORKER_RELOC,,7,16,11,,0.0,,,
WORKER_RELOC,,7,16,12,,0.0,,,
WORKER_RELOC,,7,16,13,,0.0,,,
WORKER_RELOC,,7,16,14,,0.0,,,
WORKER_RELOC,,7,16,15,,0.0,,,
WORKER_RELOC,,7,16,16,,0.0,,,
WORKER_RELOC,,7,16,17,,0.0,,,
WORKER_RELOC,,7,17,0,,0.0,,,
WORKER_RELOC,,7,17,1,,0.0,,,
WORKER_RELOC,,7,17,2,,0.0,,,
WORKER_RELOC,,7,17,3,,0.0,,,
WORKER_RELOC,,7,17,4,,0.0,,,
WORKER_RELOC,,7,17,5,,0.0,,,
WORKER_RELOC,,7,17,6,,0.0,,,
WORKER_RELOC,,7,17,7,,0.0,,,
WORKER_RELOC,,7,17,8,,0.0,,,
WORKER_RELOC,,7,17,9,,0.0,,,
WORKER_RELOC,,7,17,10,,0.0,,,
WORKER_RELOC,,7,17,11,,0.0,,,
WORKER_RELOC,,7,17,12,,0.0,,,
WORKER_RELOC,,7,17,13,,0.0,,,
WORKER_RELOC,,7,17,14,,0.0,,,
WORKER_RELOC,,7,17,15,,0.0,,,
WORKER_RELOC,,7,17,16,,0.0,,,
WORKER_RELOC,,7,17,17,,0.0,,,
WORKER_RELOC,,8,0,0,,0.0,,,
WORKER_RELOC,,8,0,1,,0.0,,,
WORKER_RELOC,,8,0,2,,0.0,,,
WORKER_RELOC,,8,0,3,,0.0,,,
WORKER_RELOC,,8,0,4,,0.0,,,
WORKER_RELOC,,8,0,5,,0.0,,,
WORKER_RELOC,,8,0,6,,0.0,,,
WORKER_RELOC,,8,0,7,,0.0,,,
WORKER_RELOC,,8,0,8,,0.0,,,
WORKER_RELOC,,8,0,9,,0.0,,,
WORKER_RELOC,,8,0,10,,0.0,,,
WORKER_RELOC,,8,0,11,,0.0,,,
WORKER_RELOC,,8,0,12,,0.0,,,
WORKER_RELOC,,8,0,13,,0.0,,,
WORKER_RELOC,,8,0,14,,0.0,,,
WORKER_RELOC,,8,0,15,,0.0,,,
WORKER_RELOC,,8,0,16,,0.0,,,
WORKER_RELOC,,8,0,17,,0.0,,,
WORKER_RELOC,,8,1,0,,0.0,,,
WORKER_RELOC,,8,1,1,,0.0,,,
WORKER_RELOC,,8,1,2,,0.0,,,
WORKER_RELOC,,8,1,3,,0.0,,,
WORKER_RELOC,,8,1,4,,0.0,,,
WORKER_RELOC,,8,1,5,,0.0,,,
WORKER_RELOC,,8,1,6,,0.0,,,
WORKER_RELOC,,8,1,7,,0.0,,,
WORKER_RELOC,,8,1,8,,0.0,,,
WORKER_RELOC,,8,1,9,,0.0,,,
WORKER_RELOC,,8,1,10,,0.0,,,
WORKER_RELOC,,8,1,11,,0.0,,,
WORKER_RELOC,,8,1,12,,0.0,,,
WORKER_RELOC,,8,1,13,,0.0,,,
WORKER_RELOC,,8,1,14,,0.0,,,
WORKER_RELOC,,8,1,15,,0.0,,,
WORKER_RELOC,,8,1,16,,0.0,,,
WORKER_RELOC,,8,1,17,,0.0,,,
WORKER_RELOC,,8,2,0,,0.0,,,
WORKER_RELOC,,8,2,1,,0.0,,,
WORKER_RELOC,,8,2,2,,0.0,,,
WORKER_RELOC,,8,2,3,,0.0,,,
WORKER_RELOC,,8,2,4,,0.0,,,
WORKER_RELOC,,8,2,5,,0.0,,,
WORKER_RELOC,,8,2,6,,0.0,,,
WORKER_RELOC,,8,2,7,,0.0,,,
WORKER_RELOC,,8,2,8,,0.0,,,
WORKER_RELOC,,8,2,9,,0.0,,,
WORKER_RELOC,,8,2,10,,0.0,,,
WORKER_RELOC,,8,2,11,,0.0,,,
WORKER_RELOC,,8,2,12,,0.0,,,
WORKER_RELOC,,8,2,13,,0.0,,,
WORKER_RELOC,,8,2,14,,0.0,,,
WORKER_RELOC,,8,2,15,,0.0,,,
WORKER_RELOC,,8,2,16,,0.0,,,
WORKER_RELOC,,8,2,17,,0.0,,,
WORKER_RELOC,,8,3,0,,0.0,,,
WORKER_RELOC,,8,3,1,,0.0,,,
WORKER_RELOC,,8,3,2,,0.0,,,
WORKER_RELOC,,8,3,3,,0.0,,,
WORKER_RELOC,,8,3,4,,0.0,,,
WORKER_RELOC,,8,3,5,,0.0,,,
WORKER_RELOC,,8,3,6,,0.0,,,
WORKER_RELOC,,8,3,7,,0.0,,,
WORKER_RELOC,,8,3,8,,0.0,,,
WORKER_RELOC,,8,3,9,,0.0,,,
WORKER_RELOC,,8,3,10,,0.0,,,
WORKER_RELOC,,8,3,11,,0.0,,,
WORKER_RELOC,,8,3,12,,0.0,,,
WORKER_RELOC,,8,3,13,,0.0,,,
WORKER_RELOC,,8,3,14,,0.0,,,
WORKER_RELOC,,8,3,15,,0.0,,,
WORKER_RELOC,,8,3,16,,0.0,,,
WORKER_RELOC,,8,3,17,,0.0,,,
WORKER_RELOC,,8,4,0,,0.0,,,
WORKER_RELOC,,8,4,1,,0.0,,,
WORKER_RELOC,,8,4,2,,0.0,,,
WORKER_RELOC,,8,4,3,,0.0,,,
WORKER_RELOC,,8,4,4,,0.0,,,
WORKER_RELOC,,8,4,5,,0.0,,,
WORKER_RELOC,,8,4,6,,0.0,,,
WORKER_RELOC,,8,4,7,,0.0,,,
WORKER_RELOC,,8,4,8,,0.0,,,
WORKER_RELOC,,8,4,9,,0.0,,,
WORKER_RELOC,,8,4,10,,0.0,,,
WORKER_RELOC,,8,4,11,,0.0,,,
WORKER_RELOC,,8,4,12,,0.0,,,
WORKER_RELOC,,8,4,13,,0.0,,,
WORKER_RELOC,,8,4,14,,0.0,,,
WORKER_RELOC,,8,4,15,,0.0,,,
WORKER_RELOC,,8,4,16,,0.0,,,
WORKER_RELOC,,8,4,17,,0.0,,,
WORKER_RELOC,,8,5,0,,0.0,,,
WORKER_RELOC,,8,5,1,,0.0,,,
WORKER_RELOC,,8,5,2,,0.0,,,
WORKER_RELOC,,8,5,3,,0.0,,,
WORKER_RELOC,,8,5,4,,0.0,,,
WORKER_RELOC,,8,5,5,,0.0,,,
WORKER_RELOC,,8,5,6,,0.0,,,
WORKER_RELOC,,8,5,7,,0.0,,,
WORKER_RELOC,,8,5,8,,0.0,,,
WORKER_RELOC,,8,5,9,,0.0,,,
WORKER_RELOC,,8,5,10,,0.0,,,
WORKER_RELOC,,8,5,11,,0.0,,,
WORKER_RELOC,,8,5,12,,0.0,,,
WORKER_RELOC,,8,5,13,,0.0,,,
WORKER_RELOC,,8,5,14,,0.0,,,
WORKER_RELOC,,8,5,15,,0.0,,,
WORKER_RELOC,,8,5,16,,0.0,,,
WORKER_RELOC,,8,5,17,,0.0,,,
WORKER_RELOC,,8,6,0,,0.0,,,
WORKER_RELOC,,8,6,1,,0.0,,,
WORKER_RELOC,,8,6,2,,0.0,,,
WORKER_RELOC,,8,6,3,,0.0,,,
WORKER_RELOC,,8,6,4,,0.0,,,
WORKER_RELOC,,8,6,5,,0.0,,,
WORKER_RELOC,,8,6,6,,0.0,,,
WORKER_RELOC,,8,6,7,,0.0,,,
WORKER_RELOC,,8,6,8,,0.0,,,
WORKER_RELOC,,8,6,9,,0.0,,,
WORKER_RELOC,,8,6,10,,0.0,,,
WORKER_RELOC,,8,6,11,,0.0,,,
WORKER_RELOC,,8,6,12,,0.0,,,
WORKER_RELOC,,8,6,13,,0.0,,,
WORKER_RELOC,,8,6,14,,0.0,,,
WORKER_RELOC,,8,6,15,,0.0,,,
WORKER_RELOC,,8,6,16,,0.0,,,
WORKER_RELOC,,8,6,17,,0.0,,,
WORKER_RELOC,,8,7,0,,0.0,,,
WORKER_RELOC,,8,7,1,,0.0,,,
WORKER_RELOC,,8,7,2,,0.0,,,
WORKER_RELOC,,8,7,3,,0.0,,,
WORKER_RELOC,,8,7,4,,0.0,,,
WORKER_RELOC,,8,7,5,,0.0,,,
WORKER_RELOC,,8,7,6,,0.0,,,
WORKER_RELOC,,8,7,7,,0.0,,,
WORKER_RELOC,,8,7,8,,0.0,,,
WORKER_RELOC,,8,7,9,,0.0,,,
WORKER_RELOC,,8,7,10,,0.0,,,
WORKER_RELOC,,8,7,11,,0.0,,,
WORKER_RELOC,,8,7,12,,0.0,,,
WORKER_RELOC,,8,7,13,,0.0,,,
WORKER_RELOC,,8,7,14,,0.0,,,
WORKER_RELOC,,8,7,15,,0.0,,,
WORKER_RELOC,,8,7,16,,0.0,,,
WORKER_RELOC,,8,7,17,,0.0,,,
WORKER_RELOC,,8,8,0,,0.0,,,
WORKER_RELOC,,8,8,1,,0.0,,,
WORKER_RELOC,,8,8,2,,0.0,,,
WORKER_RELOC,,8,8,3,,0.0,,,
WORKER_RELOC,,8,8,4,,0.0,,,
WORKER_RELOC,,8,8,5,,0.0,,,
WORKER_RELOC,,8,8,6,,0.0,,,
WORKER_RELOC,,8,8,7,,0.0,,,
WORKER_RELOC,,8,8,8,,0.0,,,
WORKER_RELOC,,8,8,9,,0.0,,,
WORKER_RELOC,,8,8,10,,0.0,,,
WORKER_RELOC,,8,8,11,,0.0,,,
WORKER_RELOC,,8,8,12,,0.0,,,
WORKER_RELOC,,8,8,13,,0.0,,,
WORKER_RELOC,,8,8,14,,0.0,,,
WORKER_RELOC,,8,8,15,,0.0,,,
WORKER_RELOC,,8,8,16,,0.0,,,
WORKER_RELOC,,8,8,17,,0.0,,,
WORKER_RELOC,,8,9,0,,0.0,,,
WORKER_RELOC,,8,9,1,,0.0,,,
WORKER_RELOC,,8,9,2,,0.0,,,
WORKER_RELOC,,8,9,3,,0.0,,,
WORKER_RELOC,,8,9,4,,0.0,,,
WORKER_RELOC,,8,9,5,,0.0,,,
WORKER_RELOC,,8,9,6,,0.0,,,
WORKER_RELOC,,8,9,7,,0.0,,,
WORKER_RELOC,,8,9,8,,0.0,,,
WORKER_RELOC,,8,9,9,,0.0,,,
WORKER_RELOC,,8,9,10,,0.0,,,
WORKER_RELOC,,8,9,11,,0.0,,,
WORKER_RELOC,,8,9,12,,0.0,,,
WORKER_RELOC,,8,9,13,,0.0,,,
WORKER_RELOC,,8,9,14,,0.0,,,
WORKER_RELOC,,8,9,15,,0.0,,,
WORKER_RELOC,,8,9,16,,0.0,,,
WORKER_RELOC,,8,9,17,,0.0,,,
WORKER_RELOC,,8,10,0,,0.0,,,
WORKER_RELOC,,8,10,1,,0.0,,,
WORKER_RELOC,,8,10,2,,0.0,,,
WORKER_RELOC,,8,10,3,,0.0,,,
WORKER_RELOC,,8,10,4,,0.0,,,
WORKER_RELOC,,8,10,5,,0.0,,,
WORKER_RELOC,,8,10,6,,0.0,,,
WORKER_RELOC,,8,10,7,,0.0,,,
WORKER_RELOC,,8,10,8,,0.0,,,
WORKER_RELOC,,8,10,9,,0.0,,,
WORKER_RELOC,,8,10,10,,0.0,,,
WORKER_RELOC,,8,10,11,,0.0,,,
WORKER_RELOC,,8,10,12,,0.0,,,
WORKER_RELOC,,8,10,13,,0.0,,,
WORKER_RELOC,,8,10,14,,0.0,,,
WORKER_RELOC,,8,10,15,,0.0,,,
WORKER_RELOC,,8,10,16,,0.0,,,
WORKER_RELOC,,8,10,17,,0.0,,,
WORKER_RELOC,,8,11,0,,0.0,,,
WORKER_RELOC,,8,11,1,,0.0,,,
WORKER_RELOC,,8,11,2,,0.0,,,
WORKER_RELOC,,8,11,3,,0.0,,,
WORKER_RELOC,,8,11,4,,0.0,,,
WORKER_RELOC,,8,11,5,,0.0,,,
WORKER_RELOC,,8,11,6,,0.0,,,
WORKER_RELOC,,8,11,7,,0.0,,,
WORKER_RELOC,,8,11,8,,0.0,,,
WORKER_RELOC,,8,11,9,,0.0,,,
WORKER_RELOC,,8,11,10,,0.0,,,
WORKER_RELOC,,8,11,11,,0.0,,,
WORKER_RELOC,,8,11,12,,0.0,,,
WORKER_RELOC,,8,11,13,,0.0,,,
WORKER_RELOC,,8,11,14,,0.0,,,
WORKER_RELOC,,8,11,15,,0.0,,,
WORKER_RELOC,,8,11,16,,0.0,,,
WORKER_RELOC,,8,11,17,,0.0,,,
WORKER_RELOC,,8,12,0,,0.0,,,
WORKER_RELOC,,8,12,1,,0.0,,,
WORKER_RELOC,,8,12,2,,0.0,,,
WORKER_RELOC,,8,12,3,,0.0,,,
WORKER_RELOC,,8,12,4,,0.0,,,
WORKER_RELOC,,8,12,5,,0.0,,,
WORKER_RELOC,,8,12,6,,0.0,,,
WORKER_RELOC,,8,12,7,,0.0,,,
WORKER_RELOC,,8,12,8,,0.0,,,
WORKER_RELOC,,8,12,9,,0.0,,,
WORKER_RELOC,,8,12,10,,0.0,,,
WORKER_RELOC,,8,12,11,,0.0,,,
WORKER_RELOC,,8,12,12,,0.0,,,
WORKER_RELOC,,8,12,13,,0.0,,,
WORKER_RELOC,,8,12,14,,0.0,,,
WORKER_RELOC,,8,12,15,,0.0,,,
WORKER_RELOC,,8,12,16,,0.0,,,
WORKER_RELOC,,8,12,17,,0.0,,,
WORKER_RELOC,,8,13,0,,0.0,,,
WORKER_RELOC,,8,13,1,,0.0,,,
WORKER_RELOC,,8,13,2,,0.0,,,
WORKER_RELOC,,8,13,3,,0.0,,,
WORKER_RELOC,,8,13,4,,0.0,,,
WORKER_RELOC,,8,13,5,,0.0,,,
WORKER_RELOC,,8,13,6,,0.0,,,
WORKER_RELOC,,8,13,7,,0.0,,,
WORKER_RELOC,,8,13,8,,0.0,,,
WORKER_RELOC,,8,13,9,,0.0,,,
WORKER_RELOC,,8,13,10,,0.0,,,
WORKER_RELOC,,8,13,11,,0.0,,,
WORKER_RELOC,,8,13,12,,0.0,,,
WORKER_RELOC,,8,13,13,,0.0,,,
WORKER_RELOC,,8,13,14,,0.0,,,
WORKER_RELOC,,8,13,15,,0.0,,,
WORKER_RELOC,,8,13,16,,0.0,,,
WORKER_RELOC,,8,13,17,,0.0,,,
WORKER_RELOC,,8,14,0,,0.0,,,
WORKER_RELOC,,8,14,1,,0.0,,,
WORKER_RELOC,,8,14,2,,0.0,,,
WORKER_RELOC,,8,14,3,,0.0,,,
WORKER_RELOC,,8,14,4,,0.0,,,
WORKER_RELOC,,8,14,5,,0.0,,,
WORKER_RELOC,,8,14,6,,0.0,,,
WORKER_RELOC,,8,14,7,,0.0,,,
WORKER_RELOC,,8,14,8,,0.0,,,
WORKER_RELOC,,8,14,9,,0.0,,,
WORKER_RELOC,,8,14,10,,0.0,,,
WORKER_RELOC,,8,14,11,,0.0,,,
WORKER_RELOC,,8,14,12,,0.0,,,
WORKER_RELOC,,8,14,13,,0.0,,,
WORKER_RELOC,,8,14,14,,0.0,,,
WORKER_RELOC,,8,14,15,,0.0,,,
WORKER_RELOC,,8,14,16,,0.0,,,
WORKER_RELOC,,8,14,17,,0.0,,,
WORKER_RELOC,,8,15,0,,0.0,,,
WORKER_RELOC,,8,15,1,,0.0,,,
WORKER_RELOC,,8,15,2,,0.0,,,
WORKER_RELOC,,8,15,3,,0.0,,,
WORKER_RELOC,,8,15,4,,0.0,,,
WORKER_RELOC,,8,15,5,,0.0,,,
WORKER_RELOC,,8,15,6,,0.0,,,
WORKER_RELOC,,8,15,7,,0.0,,,
WORKER_RELOC,,8,15,8,,0.0,,,
WORKER_RELOC,,8,15,9,,0.0,,,
WORKER_RELOC,,8,15,10,,0.0,,,
WORKER_RELOC,,8,15,11,,0.0,,,
WORKER_RELOC,,8,15,12,,0.0,,,
WORKER_RELOC,,8,15,13,,0.0,,,
WORKER_RELOC,,8,15,14,,0.0,,,
WORKER_RELOC,,8,15,15,,0.0,,,
WORKER_RELOC,,8,15,16,,0.0,,,
WORKER_RELOC,,8,15,17,,0.0,,,
WORKER_RELOC,,8,16,0,,0.0,,,
WORKER_RELOC,,8,16,1,,0.0,,,
WORKER_RELOC,,8,16,2,,0.0,,,
WORKER_RELOC,,8,16,3,,0.0,,,
WORKER_RELOC,,8,16,4,,0.0,,,
WORKER_RELOC,,8,16,5,,0.0,,,
WORKER_RELOC,,8,16,6,,0.0,,,
WORKER_RELOC,,8,16,7,,0.0,,,
WORKER_RELOC,,8,16,8,,0.0,,,
WORKER_RELOC,,8,16,9,,0.0,,,
WORKER_RELOC,,8,16,10,,0.0,,,
WORKER_RELOC,,8,16,11,,0.0,,,
WORKER_RELOC,,8,16,12,,0.0,,,
WORKER_RELOC,,8,16,13,,0.0,,,
WORKER_RELOC,,8,16,14,,0.0,,,
WORKER_RELOC,,8,16,15,,0.0,,,
WORKER_RELOC,,8,16,16,,0.0,,,
WORKER_RELOC,,8,16,17,,0.0,,,
WORKER_RELOC,,8,17,0,,0.0,,,
WORKER_RELOC,,8,17,1,,0.0,,,
WORKER_RELOC,,8,17,2,,0.0,,,
WORKER_RELOC,,8,17,3,,0.0,,,
WORKER_RELOC,,8,17,4,,0.0,,,
WORKER_RELOC,,8,17,5,,0.0,,,
WORKER_RELOC,,8,17,6,,0.0,,,
WORKER_RELOC,,8,17,7,,0.0,,,
WORKER_RELOC,,8,17,8,,0.0,,,
WORKER_RELOC,,8,17,9,,0.0,,,
WORKER_RELOC,,8,17,10,,0.0,,,
WORKER_RELOC,,8,17,11,,0.0,,,
WORKER_RELOC,,8,17,12,,0.0,,,
WORKER_RELOC,,8,17,13,,0.0,,,
WORKER_RELOC,,8,17,14,,0.0,,,
WORKER_RELOC,,8,17,15,,0.0,,,
WORKER_RELOC,,8,17,16,,0.0,,,
WORKER_RELOC,,8,17,17,,0.0,,,
WORKER_RELOC,,9,0,0,,0.0,,,
WORKER_RELOC,,9,0,1,,0.0,,,
WORKER_RELOC,,9,0,2,,0.0,,,
WORKER_RELOC,,9,0,3,,0.0,,,
WORKER_RELOC,,9,0,4,,0.0,,,
WORKER_RELOC,,9,0,5,,0.0,,,
WORKER_RELOC,,9,0,6,,0.0,,,
WORKER_RELOC,,9,0,7,,0.0,,,
WORKER_RELOC,,9,0,8,,0.0,,,
WORKER_RELOC,,9,0,9,,0.0,,,
WORKER_RELOC,,9,0,10,,0.0,,,
WORKER_RELOC,,9,0,11,,0.0,,,
WORKER_RELOC,,9,0,12,,0.0,,,
WORKER_RELOC,,9,0,13,,0.0,,,
WORKER_RELOC,,9,0,14,,0.0,,,
WORKER_RELOC,,9,0,15,,0.0,,,
WORKER_RELOC,,9,0,16,,0.0,,,
WORKER_RELOC,,9,0,17,,0.0,,,
WORKER_RELOC,,9,1,0,,0.0,,,
WORKER_RELOC,,9,1,1,,0.0,,,
WORKER_RELOC,,9,1,2,,0.0,,,
WORKER_RELOC,,9,1,3,,0.0,,,
WORKER_RELOC,,9,1,4,,0.0,,,
WORKER_RELOC,,9,1,5,,0.0,,,
WORKER_RELOC,,9,1,6,,0.0,,,
WORKER_RELOC,,9,1,7,,0.0,,,
WORKER_RELOC,,9,1,8,,0.0,,,
WORKER_RELOC,,9,1,9,,0.0,,,
WORKER_RELOC,,9,1,10,,0.0,,,
WORKER_RELOC,,9,1,11,,0.0,,,
WORKER_RELOC,,9,1,12,,0.0,,,
WORKER_RELOC,,9,1,13,,0.0,,,
WORKER_RELOC,,9,1,14,,0.0,,,
WORKER_RELOC,,9,1,15,,0.0,,,
WORKER_RELOC,,9,1,16,,0.0,,,
WORKER_RELOC,,9,1,17,,0.0,,,
WORKER_RELOC,,9,2,0,,0.0,,,
WORKER_RELOC,,9,2,1,,0.0,,,
WORKER_RELOC,,9,2,2,,0.0,,,
WORKER_RELOC,,9,2,3,,0.0,,,
WORKER_RELOC,,9,2,4,,0.0,,,
WORKER_RELOC,,9,2,5,,0.0,,,
WORKER_RELOC,,9,2,6,,0.0,,,
WORKER_RELOC,,9,2,7,,0.0,,,
WORKER_RELOC,,9,2,8,,0.0,,,
WORKER_RELOC,,9,2,9,,0.0,,,
WORKER_RELOC,,9,2,10,,0.0,,,
WORKER_RELOC,,9,2,11,,0.0,,,
WORKER_RELOC,,9,2,12,,0.0,,,
WORKER_RELOC,,9,2,13,,0.0,,,
WORKER_RELOC,,9,2,14,,0.0,,,
WORKER_RELOC,,9,2,15,,0.0,,,
WORKER_RELOC,,9,2,16,,0.0,,,
WORKER_RELOC,,9,2,17,,0.0,,,
WORKER_RELOC,,9,3,0,,0.0,,,
WORKER_RELOC,,9,3,1,,0.0,,,
WORKER_RELOC,,9,3,2,,0.0,,,
WORKER_RELOC,,9,3,3,,0.0,,,
WORKER_RELOC,,9,3,4,,0.0,,,
WORKER_RELOC,,9,3,5,,0.0,,,
WORKER_RELOC,,9,3,6,,0.0,,,
WORKER_RELOC,,9,3,7,,0.0,,,
WORKER_RELOC,,9,3,8,,0.0,,,
WORKER_RELOC,,9,3,9,,0.0,,,
WORKER_RELOC,,9,3,10,,0.0,,,
WORKER_RELOC,,9,3,11,,0.0,,,
WORKER_RELOC,,9,3,12,,0.0,,,
WORKER_RELOC,,9,3,13,,0.0,,,
WORKER_RELOC,,9,3,14,,0.0,,,
WORKER_RELOC,,9,3,15,,0.0,,,
WORKER_RELOC,,9,3,16,,0.0,,,
WORKER_RELOC,,9,3,17,,0.0,,,
WORKER_RELOC,,9,4,0,,0.0,,,
WORKER_RELOC,,9,4,1,,0.0,,,
WORKER_RELOC,,9,4,2,,0.0,,,
WORKER_RELOC,,9,4,3,,0.0,,,
WORKER_RELOC,,9,4,4,,0.0,,,
WORKER_RELOC,,9,4,5,,0.0,,,
WORKER_RELOC,,9,4,6,,0.0,,,
WORKER_RELOC,,9,4,7,,0.0,,,
WORKER_RELOC,,9,4,8,,0.0,,,
WORKER_RELOC,,9,4,9,,0.0,,,
WORKER_RELOC,,9,4,10,,0.0,,,
WORKER_RELOC,,9,4,11,,0.0,,,
WORKER_RELOC,,9,4,12,,0.0,,,
WORKER_RELOC,,9,4,13,,0.0,,,
WORKER_RELOC,,9,4,14,,0.0,,,
WORKER_RELOC,,9,4,15,,0.0,,,
WORKER_RELOC,,9,4,16,,0.0,,,
WORKER_RELOC,,9,4,17,,0.0,,,
WORKER_RELOC,,9,5,0,,0.0,,,
WORKER_RELOC,,9,5,1,,0.0,,,
WORKER_RELOC,,9,5,2,,0.0,,,
WORKER_RELOC,,9,5,3,,0.0,,,
WORKER_RELOC,,9,5,4,,0.0,,,
WORKER_RELOC,,9,5,5,,0.0,,,
WORKER_RELOC,,9,5,6,,0.0,,,
WORKER_RELOC,,9,5,7,,0.0,,,
WORKER_RELOC,,9,5,8,,0.0,,,
WORKER_RELOC,,9,5,9,,0.0,,,
WORKER_RELOC,,9,5,10,,0.0,,,
WORKER_RELOC,,9,5,11,,0.0,,,
WORKER_RELOC,,9,5,12,,0.0,,,
WORKER_RELOC,,9,5,13,,0.0,,,
WORKER_RELOC,,9,5,14,,0.0,,,
WORKER_RELOC,,9,5,15,,0.0,,,
WORKER_RELOC,,9,5,16,,0.0,,,
WORKER_RELOC,,9,5,17,,0.0,,,
WORKER_RELOC,,9,6,0,,0.0,,,
WORKER_RELOC,,9,6,1,,0.0,,,
WORKER_RELOC,,9,6,2,,0.0,,,
WORKER_RELOC,,9,6,3,,0.0,,,
WORKER_RELOC,,9,6,4,,0.0,,,
WORKER_RELOC,,9,6,5,,0.0,,,
WORKER_RELOC,,9,6,6,,0.0,,,
WORKER_RELOC,,9,6,7,,0.0,,,
WORKER_RELOC,,9,6,8,,0.0,,,
WORKER_RELOC,,9,6,9,,0.0,,,
WORKER_RELOC,,9,6,10,,0.0,,,
WORKER_RELOC,,9,6,11,,0.0,,,
WORKER_RELOC,,9,6,12,,0.0,,,
WORKER_RELOC,,9,6,13,,0.0,,,
WORKER_RELOC,,9,6,14,,0.0,,,
WORKER_RELOC,,9,6,15,,0.0,,,
WORKER_RELOC,,9,6,16,,0.0,,,
WORKER_RELOC,,9,6,17,,0.0,,,
WORKER_RELOC,,9,7,0,,0.0,,,
WORKER_RELOC,,9,7,1,,0.0,,,
WORKER_RELOC,,9,7,2,,0.0,,,
WORKER_RELOC,,9,7,3,,0.0,,,
WORKER_RELOC,,9,7,4,,0.0,,,
WORKER_RELOC,,9,7,5,,0.0,,,
WORKER_RELOC,,9,7,6,,0.0,,,
WORKER_RELOC,,9,7,7,,0.0,,,
WORKER_RELOC,,9,7,8,,0.0,,,
WORKER_RELOC,,9,7,9,,0.0,,,
WORKER_RELOC,,9,7,10,,0.0,,,
WORKER_RELOC,,9,7,11,,0.0,,,
WORKER_RELOC,,9,7,12,,0.0,,,
WORKER_RELOC,,9,7,13,,0.0,,,
WORKER_RELOC,,9,7,14,,0.0,,,
WORKER_RELOC,,9,7,15,,0.0,,,
WORKER_RELOC,,9,7,16,,0.0,,,
WORKER_RELOC,,9,7,17,,0.0,,,
WORKER_RELOC,,9,8,0,,0.0,,,
WORKER_RELOC,,9,8,1,,0.0,,,
WORKER_RELOC,,9,8,2,,0.0,,,
WORKER_RELOC,,9,8,3,,0.0,,,
WORKER_RELOC,,9,8,4,,0.0,,,
WORKER_RELOC,,9,8,5,,0.0,,,
WORKER_RELOC,,9,8,6,,0.0,,,
WORKER_RELOC,,9,8,7,,0.0,,,
WORKER_RELOC,,9,8,8,,0.0,,,
WORKER_RELOC,,9,8,9,,0.0,,,
WORKER_RELOC,,9,8,10,,0.0,,,
WORKER_RELOC,,9,8,11,,0.0,,,
WORKER_RELOC,,9,8,12,,0.0,,,
WORKER_RELOC,,9,8,13,,0.0,,,
WORKER_RELOC,,9,8,14,,0.0,,,
WORKER_RELOC,,9,8,15,,0.0,,,
WORKER_RELOC,,9,8,16,,0.0,,,
WORKER_RELOC,,9,8,17,,0.0,,,
WORKER_RELOC,,9,9,0,,0.0,,,
WORKER_RELOC,,9,9,1,,0.0,,,
WORKER_RELOC,,9,9,2,,0.0,,,
WORKER_RELOC,,9,9,3,,0.0,,,
WORKER_RELOC,,9,9,4,,0.0,,,
WORKER_RELOC,,9,9,5,,0.0,,,
WORKER_RELOC,,9,9,6,,0.0,,,
WORKER_RELOC,,9,9,7,,0.0,,,
WORKER_RELOC,,9,9,8,,0.0,,,
WORKER_RELOC,,9,9,9,,0.0,,,
WORKER_RELOC,,9,9,10,,0.0,,,
WORKER_RELOC,,9,9,11,,0.0,,,
WORKER_RELOC,,9,9,12,,0.0,,,
WORKER_RELOC,,9,9,13,,0.0,,,
WORKER_RELOC,,9,9,14,,0.0,,,
WORKER_RELOC,,9,9,15,,0.0,,,
WORKER_RELOC,,9,9,16,,0.0,,,
WORKER_RELOC,,9,9,17,,0.0,,,
WORKER_RELOC,,9,10,0,,0.0,,,
WORKER_RELOC,,9,10,1,,0.0,,,
WORKER_RELOC,,9,10,2,,0.0,,,
WORKER_RELOC,,9,10,3,,0.0,,,
WORKER_RELOC,,9,10,4,,0.0,,,
WORKER_RELOC,,9,10,5,,0.0,,,
WORKER_RELOC,,9,10,6,,0.0,,,
WORKER_RELOC,,9,10,7,,0.0,,,
WORKER_RELOC,,9,10,8,,0.0,,,
WORKER_RELOC,,9,10,9,,0.0,,,
WORKER_RELOC,,9,10,10,,0.0,,,
WORKER_RELOC,,9,10,11,,0.0,,,
WORKER_RELOC,,9,10,12,,0.0,,,
WORKER_RELOC,,9,10,13,,0.0,,,
WORKER_RELOC,,9,10,14,,0.0,,,
WORKER_RELOC,,9,10,15,,0.0,,,
WORKER_RELOC,,9,10,16,,0.0,,,
WORKER_RELOC,,9,10,17,,0.0,,,
WORKER_RELOC,,9,11,0,,0.0,,,
WORKER_RELOC,,9,11,1,,0.0,,,
WORKER_RELOC,,9,11,2,,0.0,,,
WORKER_RELOC,,9,11,3,,0.0,,,
WORKER_RELOC,,9,11,4,,0.0,,,
WORKER_RELOC,,9,11,5,,0.0,,,
WORKER_RELOC,,9,11,6,,0.0,,,
WORKER_RELOC,,9,11,7,,0.0,,,
WORKER_RELOC,,9,11,8,,0.0,,,
WORKER_RELOC,,9,11,9,,0.0,,,
WORKER_RELOC,,9,11,10,,0.0,,,
WORKER_RELOC,,9,11,11,,0.0,,,
WORKER_RELOC,,9,11,12,,0.0,,,
WORKER_RELOC,,9,11,13,,0.0,,,
WORKER_RELOC,,9,11,14,,0.0,,,
WORKER_RELOC,,9,11,15,,0.0,,,
WORKER_RELOC,,9,11,16,,0.0,,,
WORKER_RELOC,,9,11,17,,0.0,,,
WORKER_RELOC,,9,12,0,,0.0,,,
WORKER_RELOC,,9,12,1,,0.0,,,
WORKER_RELOC,,9,12,2,,0.0,,,
WORKER_RELOC,,9,12,3,,0.0,,,
WORKER_RELOC,,9,12,4,,0.0,,,
WORKER_RELOC,,9,12,5,,0.0,,,
WORKER_RELOC,,9,12,6,,0.0,,,
WORKER_RELOC,,9,12,7,,0.0,,,
WORKER_RELOC,,9,12,8,,0.0,,,
WORKER_RELOC,,9,12,9,,0.0,,,
WORKER_RELOC,,9,12,10,,0.0,,,
WORKER_RELOC,,9,12,11,,0.0,,,
WORKER_RELOC,,9,12,12,,0.0,,,
WORKER_RELOC,,9,12,13,,0.0,,,
WORKER_RELOC,,9,12,14,,0.0,,,
WORKER_RELOC,,9,12,15,,0.0,,,
WORKER_RELOC,,9,12,16,,0.0,,,
WORKER_RELOC,,9,12,17,,0.0,,,
WORKER_RELOC,,9,13,0,,0.0,,,
WORKER_RELOC,,9,13,1,,0.0,,,
WORKER_RELOC,,9,13,2,,0.0,,,
WORKER_RELOC,,9,13,3,,0.0,,,
WORKER_RELOC,,9,13,4,,0.0,,,
WORKER_RELOC,,9,13,5,,0.0,,,
WORKER_RELOC,,9,13,6,,0.0,,,
WORKER_RELOC,,9,13,7,,0.0,,,
WORKER_RELOC,,9,13,8,,0.0,,,
WORKER_RELOC,,9,13,9,,0.0,,,
WORKER_RELOC,,9,13,10,,0.0,,,
WORKER_RELOC,,9,13,11,,0.0,,,
WORKER_RELOC,,9,13,12,,0.0,,,
WORKER_RELOC,,9,13,13,,0.0,,,
WORKER_RELOC,,9,13,14,,0.0,,,
WORKER_RELOC,,9,13,15,,0.0,,,
WORKER_RELOC,,9,13,16,,0.0,,,
WORKER_RELOC,,9,13,17,,0.0,,,
WORKER_RELOC,,9,14,0,,0.0,,,
WORKER_RELOC,,9,14,1,,0.0,,,
WORKER_RELOC,,9,14,2,,0.0,,,
WORKER_RELOC,,9,14,3,,0.0,,,
WORKER_RELOC,,9,14,4,,0.0,,,
WORKER_RELOC,,9,14,5,,0.0,,,
WORKER_RELOC,,9,14,6,,0.0,,,
WORKER_RELOC,,9,14,7,,0.0,,,
WORKER_RELOC,,9,14,8,,0.0,,,
WORKER_RELOC,,9,14,9,,0.0,,,
WORKER_RELOC,,9,14,10,,0.0,,,
WORKER_RELOC,,9,14,11,,0.0,,,
WORKER_RELOC,,9,14,12,,0.0,,,
WORKER_RELOC,,9,14,13,,0.0,,,
WORKER_RELOC,,9,14,14,,0.0,,,
WORKER_RELOC,,9,14,15,,0.0,,,
WORKER_RELOC,,9,14,16,,0.0,,,
WORKER_RELOC,,9,14,17,,0.0,,,
WORKER_RELOC,,9,15,0,,0.0,,,
WORKER_RELOC,,9,15,1,,0.0,,,
WORKER_RELOC,,9,15,2,,0.0,,,
WORKER_RELOC,,9,15,3,,0.0,,,
WORKER_RELOC,,9,15,4,,0.0,,,
WORKER_RELOC,,9,15,5,,0.0,,,
WORKER_RELOC,,9,15,6,,0.0,,,
WORKER_RELOC,,9,15,7,,0.0,,,
WORKER_RELOC,,9,15,8,,0.0,,,
WORKER_RELOC,,9,15,9,,0.0,,,
WORKER_RELOC,,9,15,10,,0.0,,,
WORKER_RELOC,,9,15,11,,0.0,,,
WORKER_RELOC,,9,15,12,,0.0,,,
WORKER_RELOC,,9,15,13,,0.0,,,
WORKER_RELOC,,9,15,14,,0.0,,,
WORKER_RELOC,,9,15,15,,0.0,,,
WORKER_RELOC,,9,15,16,,0.0,,,
WORKER_RELOC,,9,15,17,,0.0,,,
WORKER_RELOC,,9,16,0,,0.0,,,
WORKER_RELOC,,9,16,1,,0.0,,,
WORKER_RELOC,,9,16,2,,0.0,,,
WORKER_RELOC,,9,16,3,,0.0,,,
WORKER_RELOC,,9,16,4,,0.0,,,
WORKER_RELOC,,9,16,5,,0.0,,,
WORKER_RELOC,,9,16,6,,0.0,,,
WORKER_RELOC,,9,16,7,,0.0,,,
WORKER_RELOC,,9,16,8,,0.0,,,
WORKER_RELOC,,9,16,9,,0.0,,,
WORKER_RELOC,,9,16,10,,0.0,,,
WORKER_RELOC,,9,16,11,,0.0,,,
WORKER_RELOC,,9,16,12,,0.0,,,
WORKER_RELOC,,9,16,13,,0.0,,,
WORKER_RELOC,,9,16,14,,0.0,,,
WORKER_RELOC,,9,16,15,,0.0,,,
WORKER_RELOC,,9,16,16,,0.0,,,
WORKER_RELOC,,9,16,17,,0.0,,,
WORKER_RELOC,,9,17,0,,0.0,,,
WORKER_RELOC,,9,17,1,,0.0,,,
WORKER_RELOC,,9,17,2,,0.0,,,
WORKER_RELOC,,9,17,3,,0.0,,,
WORKER_RELOC,,9,17,4,,0.0,,,
WORKER_RELOC,,9,17,5,,0.0,,,
WORKER_RELOC,,9,17,6,,0.0,,,
WORKER_RELOC,,9,17,7,,0.0,,,
WORKER_RELOC,,9,17,8,,0.0,,,
WORKER_RELOC,,9,17,9,,0.0,,,
WORKER_RELOC,,9,17,10,,0.0,,,
WORKER_RELOC,,9,17,11,,0.0,,,
WORKER_RELOC,,9,17,12,,0.0,,,
WORKER_RELOC,,9,17,13,,0.0,,,
WORKER_RELOC,,9,17,14,,0.0,,,
WORKER_RELOC,,9,17,15,,0.0,,,
WORKER_RELOC,,9,17,16,,0.0,,,
WORKER_RELOC,,9,17,17,,0.0,,,
WORKER_RELOC,,10,0,0,,0.0,,,
WORKER_RELOC,,10,0,1,,0.0,,,
WORKER_RELOC,,10,0,2,,0.0,,,
WORKER_RELOC,,10,0,3,,0.0,,,
WORKER_RELOC,,10,0,4,,0.0,,,
WORKER_RELOC,,10,0,5,,0.0,,,
WORKER_RELOC,,10,0,6,,0.0,,,
WORKER_RELOC,,10,0,7,,0.0,,,
WORKER_RELOC,,10,0,8,,0.0,,,
WORKER_RELOC,,10,0,9,,0.0,,,
WORKER_RELOC,,10,0,10,,0.0,,,
WORKER_RELOC,,10,0,11,,0.0,,,
WORKER_RELOC,,10,0,12,,0.0,,,
WORKER_RELOC,,10,0,13,,0.0,,,
WORKER_RELOC,,10,0,14,,0.0,,,
WORKER_RELOC,,10,0,15,,0.0,,,
WORKER_RELOC,,10,0,16,,0.0,,,
WORKER_RELOC,,10,0,17,,0.0,,,
WORKER_RELOC,,10,1,0,,0.0,,,
WORKER_RELOC,,10,1,1,,0.0,,,
WORKER_RELOC,,10,1,2,,0.0,,,
WORKER_RELOC,,10,1,3,,0.0,,,
WORKER_RELOC,,10,1,4,,0.0,,,
WORKER_RELOC,,10,1,5,,0.0,,,
WORKER_RELOC,,10,1,6,,0.0,,,
WORKER_RELOC,,10,1,7,,0.0,,,
WORKER_RELOC,,10,1,8,,0.0,,,
WORKER_RELOC,,10,1,9,,0.0,,,
WORKER_RELOC,,10,1,10,,0.0,,,
WORKER_RELOC,,10,1,11,,0.0,,,
WORKER_RELOC,,10,1,12,,0.0,,,
WORKER_RELOC,,10,1,13,,0.0,,,
WORKER_RELOC,,10,1,14,,0.0,,,
WORKER_RELOC,,10,1,15,,0.0,,,
WORKER_RELOC,,10,1,16,,0.0,,,
WORKER_RELOC,,10,1,17,,0.0,,,
WORKER_RELOC,,10,2,0,,0.0,,,
WORKER_RELOC,,10,2,1,,0.0,,,
WORKER_RELOC,,10,2,2,,0.0,,,
WORKER_RELOC,,10,2,3,,0.0,,,
WORKER_RELOC,,10,2,4,,0.0,,,
WORKER_RELOC,,10,2,5,,0.0,,,
WORKER_RELOC,,10,2,6,,0.0,,,
WORKER_RELOC,,10,2,7,,0.0,,,
WORKER_RELOC,,10,2,8,,0.0,,,
WORKER_RELOC,,10,2,9,,0.0,,,
WORKER_RELOC,,10,2,10,,0.0,,,
WORKER_RELOC,,10,2,11,,0.0,,,
WORKER_RELOC,,10,2,12,,0.0,,,
WORKER_RELOC,,10,2,13,,0.0,,,
WORKER_RELOC,,10,2,14,,0.0,,,
WORKER_RELOC,,10,2,15,,0.0,,,
WORKER_RELOC,,10,2,16,,0.0,,,
WORKER_RELOC,,10,2,17,,0.0,,,
WORKER_RELOC,,10,3,0,,0.0,,,
WORKER_RELOC,,10,3,1,,0.0,,,
WORKER_RELOC,,10,3,2,,0.0,,,
WORKER_RELOC,,10,3,3,,0.0,,,
WORKER_RELOC,,10,3,4,,0.0,,,
WORKER_RELOC,,10,3,5,,0.0,,,
WORKER_RELOC,,10,3,6,,0.0,,,
WORKER_RELOC,,10,3,7,,0.0,,,
WORKER_RELOC,,10,3,8,,0.0,,,
WORKER_RELOC,,10,3,9,,0.0,,,
WORKER_RELOC,,10,3,10,,0.0,,,
WORKER_RELOC,,10,3,11,,0.0,,,
WORKER_RELOC,,10,3,12,,0.0,,,
WORKER_RELOC,,10,3,13,,0.0,,,
WORKER_RELOC,,10,3,14,,0.0,,,
WORKER_RELOC,,10,3,15,,0.0,,,
WORKER_RELOC,,10,3,16,,0.0,,,
WORKER_RELOC,,10,3,17,,0.0,,,
WORKER_RELOC,,10,4,0,,0.0,,,
WORKER_RELOC,,10,4,1,,0.0,,,
WORKER_RELOC,,10,4,2,,0.0,,,
WORKER_RELOC,,10,4,3,,0.0,,,
WORKER_RELOC,,10,4,4,,0.0,,,
WORKER_RELOC,,10,4,5,,0.0,,,
WORKER_RELOC,,10,4,6,,0.0,,,
WORKER_RELOC,,10,4,7,,0.0,,,
WORKER_RELOC,,10,4,8,,0.0,,,
WORKER_RELOC,,10,4,9,,0.0,,,
WORKER_RELOC,,10,4,10,,0.0,,,
WORKER_RELOC,,10,4,11,,0.0,,,
WORKER_RELOC,,10,4,12,,0.0,,,
WORKER_RELOC,,10,4,13,,0.0,,,
WORKER_RELOC,,10,4,14,,0.0,,,
WORKER_RELOC,,10,4,15,,0.0,,,
WORKER_RELOC,,10,4,16,,0.0,,,
WORKER_RELOC,,10,4,17,,0.0,,,
WORKER_RELOC,,10,5,0,,0.0,,,
WORKER_RELOC,,10,5,1,,0.0,,,
WORKER_RELOC,,10,5,2,,0.0,,,
WORKER_RELOC,,10,5,3,,0.0,,,
WORKER_RELOC,,10,5,4,,0.0,,,
WORKER_RELOC,,10,5,5,,0.0,,,
WORKER_RELOC,,10,5,6,,0.0,,,
WORKER_RELOC,,10,5,7,,0.0,,,
WORKER_RELOC,,10,5,8,,0.0,,,
WORKER_RELOC,,10,5,9,,0.0,,,
WORKER_RELOC,,10,5,10,,0.0,,,
WORKER_RELOC,,10,5,11,,0.0,,,
WORKER_RELOC,,10,5,12,,0.0,,,
WORKER_RELOC,,10,5,13,,0.0,,,
WORKER_RELOC,,10,5,14,,0.0,,,
WORKER_RELOC,,10,5,15,,0.0,,,
WORKER_RELOC,,10,5,16,,0.0,,,
WORKER_RELOC,,10,5,17,,0.0,,,
WORKER_RELOC,,10,6,0,,0.0,,,
WORKER_RELOC,,10,6,1,,0.0,,,
WORKER_RELOC,,10,6,2,,0.0,,,
WORKER_RELOC,,10,6,3,,0.0,,,
WORKER_RELOC,,10,6,4,,0.0,,,
WORKER_RELOC,,10,6,5,,0.0,,,
WORKER_RELOC,,10,6,6,,0.0,,,
WORKER_RELOC,,10,6,7,,0.0,,,
WORKER_RELOC,,10,6,8,,0.0,,,
WORKER_RELOC,,10,6,9,,0.0,,,
WORKER_RELOC,,10,6,10,,0.0,,,
WORKER_RELOC,,10,6,11,,0.0,,,
WORKER_RELOC,,10,6,12,,0.0,,,
WORKER_RELOC,,10,6,13,,0.0,,,
WORKER_RELOC,,10,6,14,,0.0,,,
WORKER_RELOC,,10,6,15,,0.0,,,
WORKER_RELOC,,10,6,16,,0.0,,,
WORKER_RELOC,,10,6,17,,0.0,,,
WORKER_RELOC,,10,7,0,,0.0,,,
WORKER_RELOC,,10,7,1,,0.0,,,
WORKER_RELOC,,10,7,2,,0.0,,,
WORKER_RELOC,,10,7,3,,0.0,,,
WORKER_RELOC,,10,7,4,,0.0,,,
WORKER_RELOC,,10,7,5,,0.0,,,
WORKER_RELOC,,10,7,6,,0.0,,,
WORKER_RELOC,,10,7,7,,0.0,,,
WORKER_RELOC,,10,7,8,,0.0,,,
WORKER_RELOC,,10,7,9,,0.0,,,
WORKER_RELOC,,10,7,10,,0.0,,,
WORKER_RELOC,,10,7,11,,0.0,,,
WORKER_RELOC,,10,7,12,,0.0,,,
WORKER_RELOC,,10,7,13,,0.0,,,
WORKER_RELOC,,10,7,14,,0.0,,,
WORKER_RELOC,,10,7,15,,0.0,,,
WORKER_RELOC,,10,7,16,,0.0,,,
WORKER_RELOC,,10,7,17,,0.0,,,
WORKER_RELOC,,10,8,0,,0.0,,,
WORKER_RELOC,,10,8,1,,0.0,,,
WORKER_RELOC,,10,8,2,,0.0,,,
WORKER_RELOC,,10,8,3,,0.0,,,
WORKER_RELOC,,10,8,4,,0.0,,,
WORKER_RELOC,,10,8,5,,0.0,,,
WORKER_RELOC,,10,8,6,,0.0,,,
WORKER_RELOC,,10,8,7,,0.0,,,
WORKER_RELOC,,10,8,8,,0.0,,,
WORKER_RELOC,,10,8,9,,0.0,,,
WORKER_RELOC,,10,8,10,,0.0,,,
WORKER_RELOC,,10,8,11,,0.0,,,
WORKER_RELOC,,10,8,12,,0.0,,,
WORKER_RELOC,,10,8,13,,0.0,,,
WORKER_RELOC,,10,8,14,,0.0,,,
WORKER_RELOC,,10,8,15,,0.0,,,
WORKER_RELOC,,10,8,16,,0.0,,,
WORKER_RELOC,,10,8,17,,0.0,,,
WORKER_RELOC,,10,9,0,,0.0,,,
WORKER_RELOC,,10,9,1,,0.0,,,
WORKER_RELOC,,10,9,2,,0.0,,,
WORKER_RELOC,,10,9,3,,0.0,,,
WORKER_RELOC,,10,9,4,,0.0,,,
WORKER_RELOC,,10,9,5,,0.0,,,
WORKER_RELOC,,10,9,6,,0.0,,,
WORKER_RELOC,,10,9,7,,0.0,,,
WORKER_RELOC,,10,9,8,,0.0,,,
WORKER_RELOC,,10,9,9,,0.0,,,
WORKER_RELOC,,10,9,10,,0.0,,,
WORKER_RELOC,,10,9,11,,0.0,,,
WORKER_RELOC,,10,9,12,,0.0,,,
WORKER_RELOC,,10,9,13,,0.0,,,
WORKER_RELOC,,10,9,14,,0.0,,,
WORKER_RELOC,,10,9,15,,0.0,,,
WORKER_RELOC,,10,9,16,,0.0,,,
WORKER_RELOC,,10,9,17,,0.0,,,
WORKER_RELOC,,10,10,0,,0.0,,,
WORKER_RELOC,,10,10,1,,0.0,,,
WORKER_RELOC,,10,10,2,,0.0,,,
WORKER_RELOC,,10,10,3,,0.0,,,
WORKER_RELOC,,10,10,4,,0.0,,,
WORKER_RELOC,,10,10,5,,0.0,,,
WORKER_RELOC,,10,10,6,,0.0,,,
WORKER_RELOC,,10,10,7,,0.0,,,
WORKER_RELOC,,10,10,8,,0.0,,,
WORKER_RELOC,,10,10,9,,0.0,,,
WORKER_RELOC,,10,10,10,,0.0,,,
WORKER_RELOC,,10,10,11,,0.0,,,
WORKER_RELOC,,10,10,12,,0.0,,,
WORKER_RELOC,,10,10,13,,0.0,,,
WORKER_RELOC,,10,10,14,,0.0,,,
WORKER_RELOC,,10,10,15,,0.0,,,
WORKER_RELOC,,10,10,16,,0.0,,,
WORKER_RELOC,,10,10,17,,0.0,,,
WORKER_RELOC,,10,11,0,,0.0,,,
WORKER_RELOC,,10,11,1,,0.0,,,
WORKER_RELOC,,10,11,2,,0.0,,,
WORKER_RELOC,,10,11,3,,0.0,,,
WORKER_RELOC,,10,11,4,,0.0,,,
WORKER_RELOC,,10,11,5,,0.0,,,
WORKER_RELOC,,10,11,6,,0.0,,,
WORKER_RELOC,,10,11,7,,0.0,,,
WORKER_RELOC,,10,11,8,,0.0,,,
WORKER_RELOC,,10,11,9,,0.0,,,
WORKER_RELOC,,10,11,10,,0.0,,,
WORKER_RELOC,,10,11,11,,0.0,,,
WORKER_RELOC,,10,11,12,,0.0,,,
WORKER_RELOC,,10,11,13,,0.0,,,
WORKER_RELOC,,10,11,14,,0.0,,,
WORKER_RELOC,,10,11,15,,0.0,,,
WORKER_RELOC,,10,11,16,,0.0,,,
WORKER_RELOC,,10,11,17,,0.0,,,
WORKER_RELOC,,10,12,0,,0.0,,,
WORKER_RELOC,,10,12,1,,0.0,,,
WORKER_RELOC,,10,12,2,,0.0,,,
WORKER_RELOC,,10,12,3,,0.0,,,
WORKER_RELOC,,10,12,4,,0.0,,,
WORKER_RELOC,,10,12,5,,0.0,,,
WORKER_RELOC,,10,12,6,,0.0,,,
WORKER_RELOC,,10,12,7,,0.0,,,
WORKER_RELOC,,10,12,8,,0.0,,,
WORKER_RELOC,,10,12,9,,0.0,,,
WORKER_RELOC,,10,12,10,,0.0,,,
WORKER_RELOC,,10,12,11,,0.0,,,
WORKER_RELOC,,10,12,12,,0.0,,,
WORKER_RELOC,,10,12,13,,0.0,,,
WORKER_RELOC,,10,12,14,,0.0,,,
WORKER_RELOC,,10,12,15,,0.0,,,
WORKER_RELOC,,10,12,16,,0.0,,,
WORKER_RELOC,,10,12,17,,0.0,,,
WORKER_RELOC,,10,13,0,,0.0,,,
WORKER_RELOC,,10,13,1,,0.0,,,
WORKER_RELOC,,10,13,2,,0.0,,,
WORKER_RELOC,,10,13,3,,0.0,,,
WORKER_RELOC,,10,13,4,,0.0,,,
WORKER_RELOC,,10,13,5,,0.0,,,
WORKER_RELOC,,10,13,6,,0.0,,,
WORKER_RELOC,,10,13,7,,0.0,,,
WORKER_RELOC,,10,13,8,,0.0,,,
WORKER_RELOC,,10,13,9,,0.0,,,
WORKER_RELOC,,10,13,10,,0.0,,,
WORKER_RELOC,,10,13,11,,0.0,,,
WORKER_RELOC,,10,13,12,,0.0,,,
WORKER_RELOC,,10,13,13,,0.0,,,
WORKER_RELOC,,10,13,14,,0.0,,,
WORKER_RELOC,,10,13,15,,0.0,,,
WORKER_RELOC,,10,13,16,,0.0,,,
WORKER_RELOC,,10,13,17,,0.0,,,
WORKER_RELOC,,10,14,0,,0.0,,,
WORKER_RELOC,,10,14,1,,0.0,,,
WORKER_RELOC,,10,14,2,,0.0,,,
WORKER_RELOC,,10,14,3,,0.0,,,
WORKER_RELOC,,10,14,4,,0.0,,,
WORKER_RELOC,,10,14,5,,0.0,,,
WORKER_RELOC,,10,14,6,,0.0,,,
WORKER_RELOC,,10,14,7,,0.0,,,
WORKER_RELOC,,10,14,8,,0.0,,,
WORKER_RELOC,,10,14,9,,0.0,,,
WORKER_RELOC,,10,14,10,,0.0,,,
WORKER_RELOC,,10,14,11,,0.0,,,
WORKER_RELOC,,10,14,12,,0.0,,,
WORKER_RELOC,,10,14,13,,0.0,,,
WORKER_RELOC,,10,14,14,,0.0,,,
WORKER_RELOC,,10,14,15,,0.0,,,
WORKER_RELOC,,10,14,16,,0.0,,,
WORKER_RELOC,,10,14,17,,0.0,,,
WORKER_RELOC,,10,15,0,,0.0,,,
WORKER_RELOC,,10,15,1,,0.0,,,
WORKER_RELOC,,10,15,2,,0.0,,,
WORKER_RELOC,,10,15,3,,0.0,,,
WORKER_RELOC,,10,15,4,,0.0,,,
WORKER_RELOC,,10,15,5,,0.0,,,
WORKER_RELOC,,10,15,6,,0.0,,,
WORKER_RELOC,,10,15,7,,0.0,,,
WORKER_RELOC,,10,15,8,,0.0,,,
WORKER_RELOC,,10,15,9,,0.0,,,
WORKER_RELOC,,10,15,10,,0.0,,,
WORKER_RELOC,,10,15,11,,0.0,,,
WORKER_RELOC,,10,15,12,,0.0,,,
WORKER_RELOC,,10,15,13,,0.0,,,
WORKER_RELOC,,10,15,14,,0.0,,,
WORKER_RELOC,,10,15,15,,0.0,,,
WORKER_RELOC,,10,15,16,,0.0,,,
WORKER_RELOC,,10,15,17,,0.0,,,
WORKER_RELOC,,10,16,0,,0.0,,,
WORKER_RELOC,,10,16,1,,0.0,,,
WORKER_RELOC,,10,16,2,,0.0,,,
WORKER_RELOC,,10,16,3,,0.0,,,
WORKER_RELOC,,10,16,4,,0.0,,,
WORKER_RELOC,,10,16,5,,0.0,,,
WORKER_RELOC,,10,16,6,,0.0,,,
WORKER_RELOC,,10,16,7,,0.0,,,
WORKER_RELOC,,10,16,8,,0.0,,,
WORKER_RELOC,,10,16,9,,0.0,,,
WORKER_RELOC,,10,16,10,,0.0,,,
WORKER_RELOC,,10,16,11,,0.0,,,
WORKER_RELOC,,10,16,12,,0.0,,,
WORKER_RELOC,,10,16,13,,0.0,,,
WORKER_RELOC,,10,16,14,,0.0,,,
WORKER_RELOC,,10,16,15,,0.0,,,
WORKER_RELOC,,10,16,16,,0.0,,,
WORKER_RELOC,,10,16,17,,0.0,,,
WORKER_RELOC,,10,17,0,,0.0,,,
WORKER_RELOC,,10,17,1,,0.0,,,
WORKER_RELOC,,10,17,2,,0.0,,,
WORKER_RELOC,,10,17,3,,0.0,,,
WORKER_RELOC,,10,17,4,,0.0,,,
WORKER_RELOC,,10,17,5,,0.0,,,
WORKER_RELOC,,10,17,6,,0.0,,,
WORKER_RELOC,,10,17,7,,0.0,,,
WORKER_RELOC,,10,17,8,,0.0,,,
WORKER_RELOC,,10,17,9,,0.0,,,
WORKER_RELOC,,10,17,10,,0.0,,,
WORKER_RELOC,,10,17,11,,0.0,,,
WORKER_RELOC,,10,17,12,,0.0,,,
WORKER_RELOC,,10,17,13,,0.0,,,
WORKER_RELOC,,10,17,14,,0.0,,,
WORKER_RELOC,,10,17,15,,0.0,,,
WORKER_RELOC,,10,17,16,,0.0,,,
WORKER_RELOC,,10,17,17,,0.0,,,
WORKER_RELOC,,11,0,0,,0.0,,,
WORKER_RELOC,,11,0,1,,0.0,,,
WORKER_RELOC,,11,0,2,,0.0,,,
WORKER_RELOC,,11,0,3,,0.0,,,
WORKER_RELOC,,11,0,4,,0.0,,,
WORKER_RELOC,,11,0,5,,0.0,,,
WORKER_RELOC,,11,0,6,,0.0,,,
WORKER_RELOC,,11,0,7,,0.0,,,
WORKER_RELOC,,11,0,8,,0.0,,,
WORKER_RELOC,,11,0,9,,0.0,,,
WORKER_RELOC,,11,0,10,,0.0,,,
WORKER_RELOC,,11,0,11,,0.0,,,
WORKER_RELOC,,11,0,12,,0.0,,,
WORKER_RELOC,,11,0,13,,0.0,,,
WORKER_RELOC,,11,0,14,,0.0,,,
WORKER_RELOC,,11,0,15,,0.0,,,
WORKER_RELOC,,11,0,16,,0.0,,,
WORKER_RELOC,,11,0,17,,0.0,,,
WORKER_RELOC,,11,1,0,,0.0,,,
WORKER_RELOC,,11,1,1,,0.0,,,
WORKER_RELOC,,11,1,2,,0.0,,,
WORKER_RELOC,,11,1,3,,0.0,,,
WORKER_RELOC,,11,1,4,,0.0,,,
WORKER_RELOC,,11,1,5,,0.0,,,
WORKER_RELOC,,11,1,6,,0.0,,,
WORKER_RELOC,,11,1,7,,0.0,,,
WORKER_RELOC,,11,1,8,,0.0,,,
WORKER_RELOC,,11,1,9,,0.0,,,
WORKER_RELOC,,11,1,10,,0.0,,,
WORKER_RELOC,,11,1,11,,0.0,,,
WORKER_RELOC,,11,1,12,,0.0,,,
WORKER_RELOC,,11,1,13,,0.0,,,
WORKER_RELOC,,11,1,14,,0.0,,,
WORKER_RELOC,,11,1,15,,0.0,,,
WORKER_RELOC,,11,1,16,,0.0,,,
WORKER_RELOC,,11,1,17,,0.0,,,
WORKER_RELOC,,11,2,0,,0.0,,,
WORKER_RELOC,,11,2,1,,0.0,,,
WORKER_RELOC,,11,2,2,,0.0,,,
WORKER_RELOC,,11,2,3,,0.0,,,
WORKER_RELOC,,11,2,4,,0.0,,,
WORKER_RELOC,,11,2,5,,0.0,,,
WORKER_RELOC,,11,2,6,,0.0,,,
WORKER_RELOC,,11,2,7,,0.0,,,
WORKER_RELOC,,11,2,8,,0.0,,,
WORKER_RELOC,,11,2,9,,0.0,,,
WORKER_RELOC,,11,2,10,,0.0,,,
WORKER_RELOC,,11,2,11,,0.0,,,
WORKER_RELOC,,11,2,12,,0.0,,,
WORKER_RELOC,,11,2,13,,0.0,,,
WORKER_RELOC,,11,2,14,,0.0,,,
WORKER_RELOC,,11,2,15,,0.0,,,
WORKER_RELOC,,11,2,16,,0.0,,,
WORKER_RELOC,,11,2,17,,0.0,,,
WORKER_RELOC,,11,3,0,,0.0,,,
WORKER_RELOC,,11,3,1,,0.0,,,
WORKER_RELOC,,11,3,2,,0.0,,,
WORKER_RELOC,,11,3,3,,0.0,,,
WORKER_RELOC,,11,3,4,,0.0,,,
WORKER_RELOC,,11,3,5,,0.0,,,
WORKER_RELOC,,11,3,6,,0.0,,,
WORKER_RELOC,,11,3,7,,0.0,,,
WORKER_RELOC,,11,3,8,,0.0,,,
WORKER_RELOC,,11,3,9,,0.0,,,
WORKER_RELOC,,11,3,10,,0.0,,,
WORKER_RELOC,,11,3,11,,0.0,,,
WORKER_RELOC,,11,3,12,,0.0,,,
WORKER_RELOC,,11,3,13,,0.0,,,
WORKER_RELOC,,11,3,14,,0.0,,,
WORKER_RELOC,,11,3,15,,0.0,,,
WORKER_RELOC,,11,3,16,,0.0,,,
WORKER_RELOC,,11,3,17,,0.0,,,
WORKER_RELOC,,11,4,0,,0.0,,,
WORKER_RELOC,,11,4,1,,0.0,,,
WORKER_RELOC,,11,4,2,,0.0,,,
WORKER_RELOC,,11,4,3,,0.0,,,
WORKER_RELOC,,11,4,4,,0.0,,,
WORKER_RELOC,,11,4,5,,0.0,,,
WORKER_RELOC,,11,4,6,,0.0,,,
WORKER_RELOC,,11,4,7,,0.0,,,
WORKER_RELOC,,11,4,8,,0.0,,,
WORKER_RELOC,,11,4,9,,0.0,,,
WORKER_RELOC,,11,4,10,,0.0,,,
WORKER_RELOC,,11,4,11,,0.0,,,
WORKER_RELOC,,11,4,12,,0.0,,,
WORKER_RELOC,,11,4,13,,0.0,,,
WORKER_RELOC,,11,4,14,,0.0,,,
WORKER_RELOC,,11,4,15,,0.0,,,
WORKER_RELOC,,11,4,16,,0.0,,,
WORKER_RELOC,,11,4,17,,0.0,,,
WORKER_RELOC,,11,5,0,,0.0,,,
WORKER_RELOC,,11,5,1,,0.0,,,
WORKER_RELOC,,11,5,2,,0.0,,,
WORKER_RELOC,,11,5,3,,0.0,,,
WORKER_RELOC,,11,5,4,,0.0,,,
WORKER_RELOC,,11,5,5,,0.0,,,
WORKER_RELOC,,11,5,6,,0.0,,,
WORKER_RELOC,,11,5,7,,0.0,,,
WORKER_RELOC,,11,5,8,,0.0,,,
WORKER_RELOC,,11,5,9,,0.0,,,
WORKER_RELOC,,11,5,10,,0.0,,,
WORKER_RELOC,,11,5,11,,0.0,,,
WORKER_RELOC,,11,5,12,,0.0,,,
WORKER_RELOC,,11,5,13,,0.0,,,
WORKER_RELOC,,11,5,14,,0.0,,,
WORKER_RELOC,,11,5,15,,0.0,,,
WORKER_RELOC,,11,5,16,,0.0,,,
WORKER_RELOC,,11,5,17,,0.0,,,
WORKER_RELOC,,11,6,0,,0.0,,,
WORKER_RELOC,,11,6,1,,0.0,,,
WORKER_RELOC,,11,6,2,,0.0,,,
WORKER_RELOC,,11,6,3,,0.0,,,
WORKER_RELOC,,11,6,4,,0.0,,,
WORKER_RELOC,,11,6,5,,0.0,,,
WORKER_RELOC,,11,6,6,,0.0,,,
WORKER_RELOC,,11,6,7,,0.0,,,
WORKER_RELOC,,11,6,8,,0.0,,,
WORKER_RELOC,,11,6,9,,0.0,,,
WORKER_RELOC,,11,6,10,,0.0,,,
WORKER_RELOC,,11,6,11,,0.0,,,
WORKER_RELOC,,11,6,12,,0.0,,,
WORKER_RELOC,,11,6,13,,0.0,,,
WORKER_RELOC,,11,6,14,,0.0,,,
WORKER_RELOC,,11,6,15,,0.0,,,
WORKER_RELOC,,11,6,16,,0.0,,,
WORKER_RELOC,,11,6,17,,0.0,,,
WORKER_RELOC,,11,7,0,,0.0,,,
WORKER_RELOC,,11,7,1,,0.0,,,
WORKER_RELOC,,11,7,2,,0.0,,,
WORKER_RELOC,,11,7,3,,0.0,,,
WORKER_RELOC,,11,7,4,,0.0,,,
WORKER_RELOC,,11,7,5,,0.0,,,
WORKER_RELOC,,11,7,6,,0.0,,,
WORKER_RELOC,,11,7,7,,0.0,,,
WORKER_RELOC,,11,7,8,,0.0,,,
WORKER_RELOC,,11,7,9,,0.0,,,
WORKER_RELOC,,11,7,10,,0.0,,,
WORKER_RELOC,,11,7,11,,0.0,,,
WORKER_RELOC,,11,7,12,,0.0,,,
WORKER_RELOC,,11,7,13,,0.0,,,
WORKER_RELOC,,11,7,14,,0.0,,,
WORKER_RELOC,,11,7,15,,0.0,,,
WORKER_RELOC,,11,7,16,,0.0,,,
WORKER_RELOC,,11,7,17,,0.0,,,
WORKER_RELOC,,11,8,0,,0.0,,,
WORKER_RELOC,,11,8,1,,0.0,,,
WORKER_RELOC,,11,8,2,,0.0,,,
WORKER_RELOC,,11,8,3,,0.0,,,
WORKER_RELOC,,11,8,4,,0.0,,,
WORKER_RELOC,,11,8,5,,0.0,,,
WORKER_RELOC,,11,8,6,,0.0,,,
WORKER_RELOC,,11,8,7,,0.0,,,
WORKER_RELOC,,11,8,8,,0.0,,,
WORKER_RELOC,,11,8,9,,0.0,,,
WORKER_RELOC,,11,8,10,,0.0,,,
WORKER_RELOC,,11,8,11,,0.0,,,
WORKER_RELOC,,11,8,12,,0.0,,,
WORKER_RELOC,,11,8,13,,0.0,,,
WORKER_RELOC,,11,8,14,,0.0,,,
WORKER_RELOC,,11,8,15,,0.0,,,
WORKER_RELOC,,11,8,16,,0.0,,,
WORKER_RELOC,,11,8,17,,0.0,,,
WORKER_RELOC,,11,9,0,,0.0,,,
WORKER_RELOC,,11,9,1,,0.0,,,
WORKER_RELOC,,11,9,2,,0.0,,,
WORKER_RELOC,,11,9,3,,0.0,,,
WORKER_RELOC,,11,9,4,,0.0,,,
WORKER_RELOC,,11,9,5,,0.0,,,
WORKER_RELOC,,11,9,6,,0.0,,,
WORKER_RELOC,,11,9,7,,0.0,,,
WORKER_RELOC,,11,9,8,,0.0,,,
WORKER_RELOC,,11,9,9,,0.0,,,
WORKER_RELOC,,11,9,10,,0.0,,,
WORKER_RELOC,,11,9,11,,0.0,,,
WORKER_RELOC,,11,9,12,,0.0,,,
WORKER_RELOC,,11,9,13,,0.0,,,
WORKER_RELOC,,11,9,14,,0.0,,,
WORKER_RELOC,,11,9,15,,0.0,,,
WORKER_RELOC,,11,9,16,,0.0,,,
WORKER_RELOC,,11,9,17,,0.0,,,
WORKER_RELOC,,11,10,0,,0.0,,,
WORKER_RELOC,,11,10,1,,0.0,,,
WORKER_RELOC,,11,10,2,,0.0,,,
WORKER_RELOC,,11,10,3,,0.0,,,
WORKER_RELOC,,11,10,4,,0.0,,,
WORKER_RELOC,,11,10,5,,0.0,,,
WORKER_RELOC,,11,10,6,,0.0,,,
WORKER_RELOC,,11,10,7,,0.0,,,
WORKER_RELOC,,11,10,8,,0.0,,,
WORKER_RELOC,,11,10,9,,0.0,,,
WORKER_RELOC,,11,10,10,,0.0,,,
WORKER_RELOC,,11,10,11,,0.0,,,
WORKER_RELOC,,11,10,12,,0.0,,,
WORKER_RELOC,,11,10,13,,0.0,,,
WORKER_RELOC,,11,10,14,,0.0,,,
WORKER_RELOC,,11,10,15,,0.0,,,
WORKER_RELOC,,11,10,16,,0.0,,,
WORKER_RELOC,,11,10,17,,0.0,,,
WORKER_RELOC,,11,11,0,,0.0,,,
WORKER_RELOC,,11,11,1,,0.0,,,
WORKER_RELOC,,11,11,2,,0.0,,,
WORKER_RELOC,,11,11,3,,0.0,,,
WORKER_RELOC,,11,11,4,,0.0,,,
WORKER_RELOC,,11,11,5,,0.0,,,
WORKER_RELOC,,11,11,6,,0.0,,,
WORKER_RELOC,,11,11,7,,0.0,,,
WORKER_RELOC,,11,11,8,,0.0,,,
WORKER_RELOC,,11,11,9,,0.0,,,
WORKER_RELOC,,11,11,10,,0.0,,,
WORKER_RELOC,,11,11,11,,0.0,,,
WORKER_RELOC,,11,11,12,,0.0,,,
WORKER_RELOC,,11,11,13,,0.0,,,
WORKER_RELOC,,11,11,14,,0.0,,,
WORKER_RELOC,,11,11,15,,0.0,,,
WORKER_RELOC,,11,11,16,,0.0,,,
WORKER_RELOC,,11,11,17,,0.0,,,
WORKER_RELOC,,11,12,0,,0.0,,,
WORKER_RELOC,,11,12,1,,0.0,,,
WORKER_RELOC,,11,12,2,,0.0,,,
WORKER_RELOC,,11,12,3,,0.0,,,
WORKER_RELOC,,11,12,4,,0.0,,,
WORKER_RELOC,,11,12,5,,0.0,,,
WORKER_RELOC,,11,12,6,,0.0,,,
WORKER_RELOC,,11,12,7,,0.0,,,
WORKER_RELOC,,11,12,8,,0.0,,,
WORKER_RELOC,,11,12,9,,0.0,,,
WORKER_RELOC,,11,12,10,,0.0,,,
WORKER_RELOC,,11,12,11,,0.0,,,
WORKER_RELOC,,11,12,12,,0.0,,,
WORKER_RELOC,,11,12,13,,0.0,,,
WORKER_RELOC,,11,12,14,,0.0,,,
WORKER_RELOC,,11,12,15,,0.0,,,
WORKER_RELOC,,11,12,16,,0.0,,,
WORKER_RELOC,,11,12,17,,0.0,,,
WORKER_RELOC,,11,13,0,,0.0,,,
WORKER_RELOC,,11,13,1,,0.0,,,
WORKER_RELOC,,11,13,2,,0.0,,,
WORKER_RELOC,,11,13,3,,0.0,,,
WORKER_RELOC,,11,13,4,,0.0,,,
WORKER_RELOC,,11,13,5,,0.0,,,
WORKER_RELOC,,11,13,6,,0.0,,,
WORKER_RELOC,,11,13,7,,0.0,,,
WORKER_RELOC,,11,13,8,,0.0,,,
WORKER_RELOC,,11,13,9,,0.0,,,
WORKER_RELOC,,11,13,10,,0.0,,,
WORKER_RELOC,,11,13,11,,0.0,,,
WORKER_RELOC,,11,13,12,,0.0,,,
WORKER_RELOC,,11,13,13,,0.0,,,
WORKER_RELOC,,11,13,14,,0.0,,,
WORKER_RELOC,,11,13,15,,0.0,,,
WORKER_RELOC,,11,13,16,,0.0,,,
WORKER_RELOC,,11,13,17,,0.0,,,
WORKER_RELOC,,11,14,0,,0.0,,,
WORKER_RELOC,,11,14,1,,0.0,,,
WORKER_RELOC,,11,14,2,,0.0,,,
WORKER_RELOC,,11,14,3,,0.0,,,
WORKER_RELOC,,11,14,4,,0.0,,,
WORKER_RELOC,,11,14,5,,0.0,,,
WORKER_RELOC,,11,14,6,,0.0,,,
WORKER_RELOC,,11,14,7,,0.0,,,
WORKER_RELOC,,11,14,8,,0.0,,,
WORKER_RELOC,,11,14,9,,0.0,,,
WORKER_RELOC,,11,14,10,,0.0,,,
WORKER_RELOC,,11,14,11,,0.0,,,
WORKER_RELOC,,11,14,12,,0.0,,,
WORKER_RELOC,,11,14,13,,0.0,,,
WORKER_RELOC,,11,14,14,,0.0,,,
WORKER_RELOC,,11,14,15,,0.0,,,
WORKER_RELOC,,11,14,16,,0.0,,,
WORKER_RELOC,,11,14,17,,0.0,,,
WORKER_RELOC,,11,15,0,,0.0,,,
WORKER_RELOC,,11,15,1,,0.0,,,
WORKER_RELOC,,11,15,2,,0.0,,,
WORKER_RELOC,,11,15,3,,0.0,,,
WORKER_RELOC,,11,15,4,,0.0,,,
WORKER_RELOC,,11,15,5,,0.0,,,
WORKER_RELOC,,11,15,6,,0.0,,,
WORKER_RELOC,,11,15,7,,0.0,,,
WORKER_RELOC,,11,15,8,,0.0,,,
WORKER_RELOC,,11,15,9,,0.0,,,
WORKER_RELOC,,11,15,10,,0.0,,,
WORKER_RELOC,,11,15,11,,0.0,,,
WORKER_RELOC,,11,15,12,,0.0,,,
WORKER_RELOC,,11,15,13,,0.0,,,
WORKER_RELOC,,11,15,14,,0.0,,,
WORKER_RELOC,,11,15,15,,0.0,,,
WORKER_RELOC,,11,15,16,,0.0,,,
WORKER_RELOC,,11,15,17,,0.0,,,
WORKER_RELOC,,11,16,0,,0.0,,,
WORKER_RELOC,,11,16,1,,0.0,,,
WORKER_RELOC,,11,16,2,,0.0,,,
WORKER_RELOC,,11,16,3,,0.0,,,
WORKER_RELOC,,11,16,4,,0.0,,,
WORKER_RELOC,,11,16,5,,0.0,,,
WORKER_RELOC,,11,16,6,,0.0,,,
WORKER_RELOC,,11,16,7,,0.0,,,
WORKER_RELOC,,11,16,8,,0.0,,,
WORKER_RELOC,,11,16,9,,0.0,,,
WORKER_RELOC,,11,16,10,,0.0,,,
WORKER_RELOC,,11,16,11,,0.0,,,
WORKER_RELOC,,11,16,12,,0.0,,,
WORKER_RELOC,,11,16,13,,0.0,,,
WORKER_RELOC,,11,16,14,,0.0,,,
WORKER_RELOC,,11,16,15,,0.0,,,
WORKER_RELOC,,11,16,16,,0.0,,,
WORKER_RELOC,,11,16,17,,0.0,,,
WORKER_RELOC,,11,17,0,,0.0,,,
WORKER_RELOC,,11,17,1,,0.0,,,
WORKER_RELOC,,11,17,2,,0.0,,,
WORKER_RELOC,,11,17,3,,0.0,,,
WORKER_RELOC,,11,17,4,,0.0,,,
WORKER_RELOC,,11,17,5,,0.0,,,
WORKER_RELOC,,11,17,6,,0.0,,,
WORKER_RELOC,,11,17,7,,0.0,,,
WORKER_RELOC,,11,17,8,,0.0,,,
WORKER_RELOC,,11,17,9,,0.0,,,
WORKER_RELOC,,11,17,10,,0.0,,,
WORKER_RELOC,,11,17,11,,0.0,,,
WORKER_RELOC,,11,17,12,,0.0,,,
WORKER_RELOC,,11,17,13,,0.0,,,
WORKER_RELOC,,11,17,14,,0.0,,,
WORKER_RELOC,,11,17,15,,0.0,,,
WORKER_RELOC,,11,17,16,,0.0,,,
WORKER_RELOC,,11,17,17,,0.0,,,
ROBOT_RELOC,,0,0,0,,0.0,,,
ROBOT_RELOC,,0,0,1,,0.0,,,
ROBOT_RELOC,,0,0,2,,0.0,,,
ROBOT_RELOC,,0,0,3,,0.0,,,
ROBOT_RELOC,,0,0,4,,0.0,,,
ROBOT_RELOC,,0,0,5,,0.0,,,
ROBOT_RELOC,,0,0,6,,0.0,,,
ROBOT_RELOC,,0,0,7,,0.0,,,
ROBOT_RELOC,,0,0,8,,0.0,,,
ROBOT_RELOC,,0,0,9,,0.0,,,
ROBOT_RELOC,,0,0,10,,0.0,,,
ROBOT_RELOC,,0,0,11,,0.0,,,
ROBOT_RELOC,,0,0,12,,0.0,,,
ROBOT_RELOC,,0,0,13,,0.0,,,
ROBOT_RELOC,,0,0,14,,0.0,,,
ROBOT_RELOC,,0,0,15,,0.0,,,
ROBOT_RELOC,,0,0,16,,0.0,,,
ROBOT_RELOC,,0,0,17,,0.0,,,
ROBOT_RELOC,,0,1,0,,0.0,,,
ROBOT_RELOC,,0,1,1,,0.0,,,
ROBOT_RELOC,,0,1,2,,0.0,,,
ROBOT_RELOC,,0,1,3,,0.0,,,
ROBOT_RELOC,,0,1,4,,0.0,,,
ROBOT_RELOC,,0,1,5,,0.0,,,
ROBOT_RELOC,,0,1,6,,0.0,,,
ROBOT_RELOC,,0,1,7,,0.0,,,
ROBOT_RELOC,,0,1,8,,0.0,,,
ROBOT_RELOC,,0,1,9,,0.0,,,
ROBOT_RELOC,,0,1,10,,0.0,,,
ROBOT_RELOC,,0,1,11,,0.0,,,
ROBOT_RELOC,,0,1,12,,0.0,,,
ROBOT_RELOC,,0,1,13,,0.0,,,
ROBOT_RELOC,,0,1,14,,0.0,,,
ROBOT_RELOC,,0,1,15,,0.0,,,
ROBOT_RELOC,,0,1,16,,0.0,,,
ROBOT_RELOC,,0,1,17,,0.0,,,
ROBOT_RELOC,,0,2,0,,0.0,,,
ROBOT_RELOC,,0,2,1,,0.0,,,
ROBOT_RELOC,,0,2,2,,0.0,,,
ROBOT_RELOC,,0,2,3,,0.0,,,
ROBOT_RELOC,,0,2,4,,0.0,,,
ROBOT_RELOC,,0,2,5,,0.0,,,
ROBOT_RELOC,,0,2,6,,0.0,,,
ROBOT_RELOC,,0,2,7,,0.0,,,
ROBOT_RELOC,,0,2,8,,0.0,,,
ROBOT_RELOC,,0,2,9,,0.0,,,
ROBOT_RELOC,,0,2,10,,0.0,,,
ROBOT_RELOC,,0,2,11,,0.0,,,
ROBOT_RELOC,,0,2,12,,0.0,,,
ROBOT_RELOC,,0,2,13,,0.0,,,
ROBOT_RELOC,,0,2,14,,0.0,,,
ROBOT_RELOC,,0,2,15,,0.0,,,
ROBOT_RELOC,,0,2,16,,0.0,,,
ROBOT_RELOC,,0,2,17,,0.0,,,
ROBOT_RELOC,,0,3,0,,0.0,,,
ROBOT_RELOC,,0,3,1,,0.0,,,
ROBOT_RELOC,,0,3,2,,0.0,,,
ROBOT_RELOC,,0,3,3,,0.0,,,
ROBOT_RELOC,,0,3,4,,0.0,,,
ROBOT_RELOC,,0,3,5,,0.0,,,
ROBOT_RELOC,,0,3,6,,0.0,,,
ROBOT_RELOC,,0,3,7,,0.0,,,
ROBOT_RELOC,,0,3,8,,0.0,,,
ROBOT_RELOC,,0,3,9,,0.0,,,
ROBOT_RELOC,,0,3,10,,0.0,,,
ROBOT_RELOC,,0,3,11,,0.0,,,
ROBOT_RELOC,,0,3,12,,0.0,,,
ROBOT_RELOC,,0,3,13,,0.0,,,
ROBOT_RELOC,,0,3,14,,0.0,,,
ROBOT_RELOC,,0,3,15,,0.0,,,
ROBOT_RELOC,,0,3,16,,0.0,,,
ROBOT_RELOC,,0,3,17,,0.0,,,
ROBOT_RELOC,,0,4,0,,0.0,,,
ROBOT_RELOC,,0,4,1,,0.0,,,
ROBOT_RELOC,,0,4,2,,0.0,,,
ROBOT_RELOC,,0,4,3,,0.0,,,
ROBOT_RELOC,,0,4,4,,0.0,,,
ROBOT_RELOC,,0,4,5,,0.0,,,
ROBOT_RELOC,,0,4,6,,0.0,,,
ROBOT_RELOC,,0,4,7,,0.0,,,
ROBOT_RELOC,,0,4,8,,0.0,,,
ROBOT_RELOC,,0,4,9,,0.0,,,
ROBOT_RELOC,,0,4,10,,0.0,,,
ROBOT_RELOC,,0,4,11,,0.0,,,
ROBOT_RELOC,,0,4,12,,0.0,,,
ROBOT_RELOC,,0,4,13,,0.0,,,
ROBOT_RELOC,,0,4,14,,0.0,,,
ROBOT_RELOC,,0,4,15,,0.0,,,
ROBOT_RELOC,,0,4,16,,0.0,,,
ROBOT_RELOC,,0,4,17,,0.0,,,
ROBOT_RELOC,,0,5,0,,0.0,,,
ROBOT_RELOC,,0,5,1,,0.0,,,
ROBOT_RELOC,,0,5,2,,0.0,,,
ROBOT_RELOC,,0,5,3,,0.0,,,
ROBOT_RELOC,,0,5,4,,0.0,,,
ROBOT_RELOC,,0,5,5,,0.0,,,
ROBOT_RELOC,,0,5,6,,0.0,,,
ROBOT_RELOC,,0,5,7,,0.0,,,
ROBOT_RELOC,,0,5,8,,0.0,,,
ROBOT_RELOC,,0,5,9,,0.0,,,
ROBOT_RELOC,,0,5,10,,0.0,,,
ROBOT_RELOC,,0,5,11,,0.0,,,
ROBOT_RELOC,,0,5,12,,0.0,,,
ROBOT_RELOC,,0,5,13,,0.0,,,
ROBOT_RELOC,,0,5,14,,0.0,,,
ROBOT_RELOC,,0,5,15,,0.0,,,
ROBOT_RELOC,,0,5,16,,0.0,,,
ROBOT_RELOC,,0,5,17,,0.0,,,
ROBOT_RELOC,,0,6,0,,0.0,,,
ROBOT_RELOC,,0,6,1,,0.0,,,
ROBOT_RELOC,,0,6,2,,0.0,,,
ROBOT_RELOC,,0,6,3,,0.0,,,
ROBOT_RELOC,,0,6,4,,0.0,,,
ROBOT_RELOC,,0,6,5,,0.0,,,
ROBOT_RELOC,,0,6,6,,0.0,,,
ROBOT_RELOC,,0,6,7,,0.0,,,
ROBOT_RELOC,,0,6,8,,0.0,,,
ROBOT_RELOC,,0,6,9,,0.0,,,
ROBOT_RELOC,,0,6,10,,0.0,,,
ROBOT_RELOC,,0,6,11,,0.0,,,
ROBOT_RELOC,,0,6,12,,0.0,,,
ROBOT_RELOC,,0,6,13,,0.0,,,
ROBOT_RELOC,,0,6,14,,0.0,,,
ROBOT_RELOC,,0,6,15,,0.0,,,
ROBOT_RELOC,,0,6,16,,0.0,,,
ROBOT_RELOC,,0,6,17,,0.0,,,
ROBOT_RELOC,,0,7,0,,0.0,,,
ROBOT_RELOC,,0,7,1,,0.0,,,
ROBOT_RELOC,,0,7,2,,0.0,,,
ROBOT_RELOC,,0,7,3,,0.0,,,
ROBOT_RELOC,,0,7,4,,0.0,,,
ROBOT_RELOC,,0,7,5,,0.0,,,
ROBOT_RELOC,,0,7,6,,0.0,,,
ROBOT_RELOC,,0,7,7,,0.0,,,
ROBOT_RELOC,,0,7,8,,0.0,,,
ROBOT_RELOC,,0,7,9,,0.0,,,
ROBOT_RELOC,,0,7,10,,0.0,,,
ROBOT_RELOC,,0,7,11,,0.0,,,
ROBOT_RELOC,,0,7,12,,0.0,,,
ROBOT_RELOC,,0,7,13,,0.0,,,
ROBOT_RELOC,,0,7,14,,0.0,,,
ROBOT_RELOC,,0,7,15,,0.0,,,
ROBOT_RELOC,,0,7,16,,0.0,,,
ROBOT_RELOC,,0,7,17,,0.0,,,
ROBOT_RELOC,,0,8,0,,0.0,,,
ROBOT_RELOC,,0,8,1,,0.0,,,
ROBOT_RELOC,,0,8,2,,0.0,,,
ROBOT_RELOC,,0,8,3,,0.0,,,
ROBOT_RELOC,,0,8,4,,0.0,,,
ROBOT_RELOC,,0,8,5,,0.0,,,
ROBOT_RELOC,,0,8,6,,0.0,,,
ROBOT_RELOC,,0,8,7,,0.0,,,
ROBOT_RELOC,,0,8,8,,0.0,,,
ROBOT_RELOC,,0,8,9,,0.0,,,
ROBOT_RELOC,,0,8,10,,0.0,,,
ROBOT_RELOC,,0,8,11,,0.0,,,
ROBOT_RELOC,,0,8,12,,0.0,,,
ROBOT_RELOC,,0,8,13,,0.0,,,
ROBOT_RELOC,,0,8,14,,0.0,,,
ROBOT_RELOC,,0,8,15,,0.0,,,
ROBOT_RELOC,,0,8,16,,0.0,,,
ROBOT_RELOC,,0,8,17,,0.0,,,
ROBOT_RELOC,,0,9,0,,0.0,,,
ROBOT_RELOC,,0,9,1,,0.0,,,
ROBOT_RELOC,,0,9,2,,0.0,,,
ROBOT_RELOC,,0,9,3,,0.0,,,
ROBOT_RELOC,,0,9,4,,0.0,,,
ROBOT_RELOC,,0,9,5,,0.0,,,
ROBOT_RELOC,,0,9,6,,0.0,,,
ROBOT_RELOC,,0,9,7,,0.0,,,
ROBOT_RELOC,,0,9,8,,0.0,,,
ROBOT_RELOC,,0,9,9,,0.0,,,
ROBOT_RELOC,,0,9,10,,0.0,,,
ROBOT_RELOC,,0,9,11,,0.0,,,
ROBOT_RELOC,,0,9,12,,0.0,,,
ROBOT_RELOC,,0,9,13,,0.0,,,
ROBOT_RELOC,,0,9,14,,0.0,,,
ROBOT_RELOC,,0,9,15,,0.0,,,
ROBOT_RELOC,,0,9,16,,0.0,,,
ROBOT_RELOC,,0,9,17,,0.0,,,
ROBOT_RELOC,,0,10,0,,0.0,,,
ROBOT_RELOC,,0,10,1,,0.0,,,
ROBOT_RELOC,,0,10,2,,0.0,,,
ROBOT_RELOC,,0,10,3,,0.0,,,
ROBOT_RELOC,,0,10,4,,0.0,,,
ROBOT_RELOC,,0,10,5,,0.0,,,
ROBOT_RELOC,,0,10,6,,0.0,,,
ROBOT_RELOC,,0,10,7,,0.0,,,
ROBOT_RELOC,,0,10,8,,0.0,,,
ROBOT_RELOC,,0,10,9,,0.0,,,
ROBOT_RELOC,,0,10,10,,0.0,,,
ROBOT_RELOC,,0,10,11,,0.0,,,
ROBOT_RELOC,,0,10,12,,0.0,,,
ROBOT_RELOC,,0,10,13,,0.0,,,
ROBOT_RELOC,,0,10,14,,0.0,,,
ROBOT_RELOC,,0,10,15,,0.0,,,
ROBOT_RELOC,,0,10,16,,0.0,,,
ROBOT_RELOC,,0,10,17,,0.0,,,
ROBOT_RELOC,,0,11,0,,0.0,,,
ROBOT_RELOC,,0,11,1,,0.0,,,
ROBOT_RELOC,,0,11,2,,0.0,,,
ROBOT_RELOC,,0,11,3,,0.0,,,
ROBOT_RELOC,,0,11,4,,0.0,,,
ROBOT_RELOC,,0,11,5,,0.0,,,
ROBOT_RELOC,,0,11,6,,0.0,,,
ROBOT_RELOC,,0,11,7,,0.0,,,
ROBOT_RELOC,,0,11,8,,0.0,,,
ROBOT_RELOC,,0,11,9,,0.0,,,
ROBOT_RELOC,,0,11,10,,0.0,,,
ROBOT_RELOC,,0,11,11,,0.0,,,
ROBOT_RELOC,,0,11,12,,0.0,,,
ROBOT_RELOC,,0,11,13,,0.0,,,
ROBOT_RELOC,,0,11,14,,0.0,,,
ROBOT_RELOC,,0,11,15,,0.0,,,
ROBOT_RELOC,,0,11,16,,0.0,,,
ROBOT_RELOC,,0,11,17,,0.0,,,
ROBOT_RELOC,,0,12,0,,0.0,,,
ROBOT_RELOC,,0,12,1,,0.0,,,
ROBOT_RELOC,,0,12,2,,0.0,,,
ROBOT_RELOC,,0,12,3,,0.0,,,
ROBOT_RELOC,,0,12,4,,0.0,,,
ROBOT_RELOC,,0,12,5,,0.0,,,
ROBOT_RELOC,,0,12,6,,0.0,,,
ROBOT_RELOC,,0,12,7,,0.0,,,
ROBOT_RELOC,,0,12,8,,0.0,,,
ROBOT_RELOC,,0,12,9,,0.0,,,
ROBOT_RELOC,,0,12,10,,0.0,,,
ROBOT_RELOC,,0,12,11,,0.0,,,
ROBOT_RELOC,,0,12,12,,0.0,,,
ROBOT_RELOC,,0,12,13,,0.0,,,
ROBOT_RELOC,,0,12,14,,0.0,,,
ROBOT_RELOC,,0,12,15,,0.0,,,
ROBOT_RELOC,,0,12,16,,0.0,,,
ROBOT_RELOC,,0,12,17,,0.0,,,
ROBOT_RELOC,,0,13,0,,0.0,,,
ROBOT_RELOC,,0,13,1,,0.0,,,
ROBOT_RELOC,,0,13,2,,0.0,,,
ROBOT_RELOC,,0,13,3,,0.0,,,
ROBOT_RELOC,,0,13,4,,0.0,,,
ROBOT_RELOC,,0,13,5,,0.0,,,
ROBOT_RELOC,,0,13,6,,0.0,,,
ROBOT_RELOC,,0,13,7,,0.0,,,
ROBOT_RELOC,,0,13,8,,0.0,,,
ROBOT_RELOC,,0,13,9,,0.0,,,
ROBOT_RELOC,,0,13,10,,0.0,,,
ROBOT_RELOC,,0,13,11,,0.0,,,
ROBOT_RELOC,,0,13,12,,0.0,,,
ROBOT_RELOC,,0,13,13,,0.0,,,
ROBOT_RELOC,,0,13,14,,0.0,,,
ROBOT_RELOC,,0,13,15,,0.0,,,
ROBOT_RELOC,,0,13,16,,0.0,,,
ROBOT_RELOC,,0,13,17,,0.0,,,
ROBOT_RELOC,,0,14,0,,0.0,,,
ROBOT_RELOC,,0,14,1,,0.0,,,
ROBOT_RELOC,,0,14,2,,0.0,,,
ROBOT_RELOC,,0,14,3,,0.0,,,
ROBOT_RELOC,,0,14,4,,0.0,,,
ROBOT_RELOC,,0,14,5,,0.0,,,
ROBOT_RELOC,,0,14,6,,0.0,,,
ROBOT_RELOC,,0,14,7,,0.0,,,
ROBOT_RELOC,,0,14,8,,0.0,,,
ROBOT_RELOC,,0,14,9,,0.0,,,
ROBOT_RELOC,,0,14,10,,0.0,,,
ROBOT_RELOC,,0,14,11,,0.0,,,
ROBOT_RELOC,,0,14,12,,0.0,,,
ROBOT_RELOC,,0,14,13,,0.0,,,
ROBOT_RELOC,,0,14,14,,0.0,,,
ROBOT_RELOC,,0,14,15,,0.0,,,
ROBOT_RELOC,,0,14,16,,0.0,,,
ROBOT_RELOC,,0,14,17,,0.0,,,
ROBOT_RELOC,,0,15,0,,0.0,,,
ROBOT_RELOC,,0,15,1,,0.0,,,
ROBOT_RELOC,,0,15,2,,0.0,,,
ROBOT_RELOC,,0,15,3,,0.0,,,
ROBOT_RELOC,,0,15,4,,0.0,,,
ROBOT_RELOC,,0,15,5,,0.0,,,
ROBOT_RELOC,,0,15,6,,0.0,,,
ROBOT_RELOC,,0,15,7,,0.0,,,
ROBOT_RELOC,,0,15,8,,0.0,,,
ROBOT_RELOC,,0,15,9,,0.0,,,
ROBOT_RELOC,,0,15,10,,0.0,,,
ROBOT_RELOC,,0,15,11,,0.0,,,
ROBOT_RELOC,,0,15,12,,0.0,,,
ROBOT_RELOC,,0,15,13,,0.0,,,
ROBOT_RELOC,,0,15,14,,0.0,,,
ROBOT_RELOC,,0,15,15,,0.0,,,
ROBOT_RELOC,,0,15,16,,0.0,,,
ROBOT_RELOC,,0,15,17,,0.0,,,
ROBOT_RELOC,,0,16,0,,0.0,,,
ROBOT_RELOC,,0,16,1,,0.0,,,
ROBOT_RELOC,,0,16,2,,0.0,,,
ROBOT_RELOC,,0,16,3,,0.0,,,
ROBOT_RELOC,,0,16,4,,0.0,,,
ROBOT_RELOC,,0,16,5,,0.0,,,
ROBOT_RELOC,,0,16,6,,0.0,,,
ROBOT_RELOC,,0,16,7,,0.0,,,
ROBOT_RELOC,,0,16,8,,0.0,,,
ROBOT_RELOC,,0,16,9,,0.0,,,
ROBOT_RELOC,,0,16,10,,0.0,,,
ROBOT_RELOC,,0,16,11,,0.0,,,
ROBOT_RELOC,,0,16,12,,0.0,,,
ROBOT_RELOC,,0,16,13,,0.0,,,
ROBOT_RELOC,,0,16,14,,0.0,,,
ROBOT_RELOC,,0,16,15,,0.0,,,
ROBOT_RELOC,,0,16,16,,0.0,,,
ROBOT_RELOC,,0,16,17,,0.0,,,
ROBOT_RELOC,,0,17,0,,0.0,,,
ROBOT_RELOC,,0,17,1,,0.0,,,
ROBOT_RELOC,,0,17,2,,0.0,,,
ROBOT_RELOC,,0,17,3,,0.0,,,
ROBOT_RELOC,,0,17,4,,0.0,,,
ROBOT_RELOC,,0,17,5,,0.0,,,
ROBOT_RELOC,,0,17,6,,0.0,,,
ROBOT_RELOC,,0,17,7,,0.0,,,
ROBOT_RELOC,,0,17,8,,0.0,,,
ROBOT_RELOC,,0,17,9,,0.0,,,
ROBOT_RELOC,,0,17,10,,0.0,,,
ROBOT_RELOC,,0,17,11,,0.0,,,
ROBOT_RELOC,,0,17,12,,0.0,,,
ROBOT_RELOC,,0,17,13,,0.0,,,
ROBOT_RELOC,,0,17,14,,0.0,,,
ROBOT_RELOC,,0,17,15,,0.0,,,
ROBOT_RELOC,,0,17,16,,0.0,,,
ROBOT_RELOC,,0,17,17,,0.0,,,
ROBOT_RELOC,,1,0,0,,0.0,,,
ROBOT_RELOC,,1,0,1,,0.0,,,
ROBOT_RELOC,,1,0,2,,0.0,,,
ROBOT_RELOC,,1,0,3,,0.0,,,
ROBOT_RELOC,,1,0,4,,0.0,,,
ROBOT_RELOC,,1,0,5,,0.0,,,
ROBOT_RELOC,,1,0,6,,0.0,,,
ROBOT_RELOC,,1,0,7,,0.0,,,
ROBOT_RELOC,,1,0,8,,0.0,,,
ROBOT_RELOC,,1,0,9,,0.0,,,
ROBOT_RELOC,,1,0,10,,0.0,,,
ROBOT_RELOC,,1,0,11,,0.0,,,
ROBOT_RELOC,,1,0,12,,0.0,,,
ROBOT_RELOC,,1,0,13,,0.0,,,
ROBOT_RELOC,,1,0,14,,0.0,,,
ROBOT_RELOC,,1,0,15,,0.0,,,
ROBOT_RELOC,,1,0,16,,0.0,,,
ROBOT_RELOC,,1,0,17,,0.0,,,
ROBOT_RELOC,,1,1,0,,0.0,,,
ROBOT_RELOC,,1,1,1,,0.0,,,
ROBOT_RELOC,,1,1,2,,0.0,,,
ROBOT_RELOC,,1,1,3,,0.0,,,
ROBOT_RELOC,,1,1,4,,0.0,,,
ROBOT_RELOC,,1,1,5,,0.0,,,
ROBOT_RELOC,,1,1,6,,0.0,,,
ROBOT_RELOC,,1,1,7,,0.0,,,
ROBOT_RELOC,,1,1,8,,0.0,,,
ROBOT_RELOC,,1,1,9,,0.0,,,
ROBOT_RELOC,,1,1,10,,0.0,,,
ROBOT_RELOC,,1,1,11,,0.0,,,
ROBOT_RELOC,,1,1,12,,0.0,,,
ROBOT_RELOC,,1,1,13,,0.0,,,
ROBOT_RELOC,,1,1,14,,0.0,,,
ROBOT_RELOC,,1,1,15,,0.0,,,
ROBOT_RELOC,,1,1,16,,0.0,,,
ROBOT_RELOC,,1,1,17,,0.0,,,
ROBOT_RELOC,,1,2,0,,0.0,,,
ROBOT_RELOC,,1,2,1,,0.0,,,
ROBOT_RELOC,,1,2,2,,0.0,,,
ROBOT_RELOC,,1,2,3,,0.0,,,
ROBOT_RELOC,,1,2,4,,0.0,,,
ROBOT_RELOC,,1,2,5,,0.0,,,
ROBOT_RELOC,,1,2,6,,0.0,,,
ROBOT_RELOC,,1,2,7,,0.0,,,
ROBOT_RELOC,,1,2,8,,0.0,,,
ROBOT_RELOC,,1,2,9,,0.0,,,
ROBOT_RELOC,,1,2,10,,0.0,,,
ROBOT_RELOC,,1,2,11,,0.0,,,
ROBOT_RELOC,,1,2,12,,0.0,,,
ROBOT_RELOC,,1,2,13,,0.0,,,
ROBOT_RELOC,,1,2,14,,0.0,,,
ROBOT_RELOC,,1,2,15,,0.0,,,
ROBOT_RELOC,,1,2,16,,0.0,,,
ROBOT_RELOC,,1,2,17,,0.0,,,
ROBOT_RELOC,,1,3,0,,0.0,,,
ROBOT_RELOC,,1,3,1,,0.0,,,
ROBOT_RELOC,,1,3,2,,0.0,,,
ROBOT_RELOC,,1,3,3,,0.0,,,
ROBOT_RELOC,,1,3,4,,0.0,,,
ROBOT_RELOC,,1,3,5,,0.0,,,
ROBOT_RELOC,,1,3,6,,0.0,,,
ROBOT_RELOC,,1,3,7,,0.0,,,
ROBOT_RELOC,,1,3,8,,0.0,,,
ROBOT_RELOC,,1,3,9,,0.0,,,
ROBOT_RELOC,,1,3,10,,0.0,,,
ROBOT_RELOC,,1,3,11,,0.0,,,
ROBOT_RELOC,,1,3,12,,0.0,,,
ROBOT_RELOC,,1,3,13,,0.0,,,
ROBOT_RELOC,,1,3,14,,0.0,,,
ROBOT_RELOC,,1,3,15,,0.0,,,
ROBOT_RELOC,,1,3,16,,0.0,,,
ROBOT_RELOC,,1,3,17,,0.0,,,
ROBOT_RELOC,,1,4,0,,0.0,,,
ROBOT_RELOC,,1,4,1,,0.0,,,
ROBOT_RELOC,,1,4,2,,0.0,,,
ROBOT_RELOC,,1,4,3,,0.0,,,
ROBOT_RELOC,,1,4,4,,0.0,,,
ROBOT_RELOC,,1,4,5,,0.0,,,
ROBOT_RELOC,,1,4,6,,0.0,,,
ROBOT_RELOC,,1,4,7,,0.0,,,
ROBOT_RELOC,,1,4,8,,0.0,,,
ROBOT_RELOC,,1,4,9,,0.0,,,
ROBOT_RELOC,,1,4,10,,0.0,,,
ROBOT_RELOC,,1,4,11,,0.0,,,
ROBOT_RELOC,,1,4,12,,0.0,,,
ROBOT_RELOC,,1,4,13,,0.0,,,
ROBOT_RELOC,,1,4,14,,0.0,,,
ROBOT_RELOC,,1,4,15,,0.0,,,
ROBOT_RELOC,,1,4,16,,0.0,,,
ROBOT_RELOC,,1,4,17,,0.0,,,
ROBOT_RELOC,,1,5,0,,0.0,,,
ROBOT_RELOC,,1,5,1,,0.0,,,
ROBOT_RELOC,,1,5,2,,0.0,,,
ROBOT_RELOC,,1,5,3,,0.0,,,
ROBOT_RELOC,,1,5,4,,0.0,,,
ROBOT_RELOC,,1,5,5,,0.0,,,
ROBOT_RELOC,,1,5,6,,0.0,,,
ROBOT_RELOC,,1,5,7,,0.0,,,
ROBOT_RELOC,,1,5,8,,0.0,,,
ROBOT_RELOC,,1,5,9,,0.0,,,
ROBOT_RELOC,,1,5,10,,0.0,,,
ROBOT_RELOC,,1,5,11,,0.0,,,
ROBOT_RELOC,,1,5,12,,0.0,,,
ROBOT_RELOC,,1,5,13,,0.0,,,
ROBOT_RELOC,,1,5,14,,0.0,,,
ROBOT_RELOC,,1,5,15,,0.0,,,
ROBOT_RELOC,,1,5,16,,0.0,,,
ROBOT_RELOC,,1,5,17,,0.0,,,
ROBOT_RELOC,,1,6,0,,0.0,,,
ROBOT_RELOC,,1,6,1,,0.0,,,
ROBOT_RELOC,,1,6,2,,0.0,,,
ROBOT_RELOC,,1,6,3,,0.0,,,
ROBOT_RELOC,,1,6,4,,0.0,,,
ROBOT_RELOC,,1,6,5,,0.0,,,
ROBOT_RELOC,,1,6,6,,0.0,,,
ROBOT_RELOC,,1,6,7,,0.0,,,
ROBOT_RELOC,,1,6,8,,0.0,,,
ROBOT_RELOC,,1,6,9,,0.0,,,
ROBOT_RELOC,,1,6,10,,0.0,,,
ROBOT_RELOC,,1,6,11,,0.0,,,
ROBOT_RELOC,,1,6,12,,0.0,,,
ROBOT_RELOC,,1,6,13,,0.0,,,
ROBOT_RELOC,,1,6,14,,0.0,,,
ROBOT_RELOC,,1,6,15,,0.0,,,
ROBOT_RELOC,,1,6,16,,0.0,,,
ROBOT_RELOC,,1,6,17,,0.0,,,
ROBOT_RELOC,,1,7,0,,0.0,,,
ROBOT_RELOC,,1,7,1,,0.0,,,
ROBOT_RELOC,,1,7,2,,0.0,,,
ROBOT_RELOC,,1,7,3,,0.0,,,
ROBOT_RELOC,,1,7,4,,0.0,,,
ROBOT_RELOC,,1,7,5,,0.0,,,
ROBOT_RELOC,,1,7,6,,0.0,,,
ROBOT_RELOC,,1,7,7,,0.0,,,
ROBOT_RELOC,,1,7,8,,0.0,,,
ROBOT_RELOC,,1,7,9,,0.0,,,
ROBOT_RELOC,,1,7,10,,0.0,,,
ROBOT_RELOC,,1,7,11,,0.0,,,
ROBOT_RELOC,,1,7,12,,0.0,,,
ROBOT_RELOC,,1,7,13,,0.0,,,
ROBOT_RELOC,,1,7,14,,0.0,,,
ROBOT_RELOC,,1,7,15,,0.0,,,
ROBOT_RELOC,,1,7,16,,0.0,,,
ROBOT_RELOC,,1,7,17,,0.0,,,
ROBOT_RELOC,,1,8,0,,0.0,,,
ROBOT_RELOC,,1,8,1,,0.0,,,
ROBOT_RELOC,,1,8,2,,0.0,,,
ROBOT_RELOC,,1,8,3,,0.0,,,
ROBOT_RELOC,,1,8,4,,0.0,,,
ROBOT_RELOC,,1,8,5,,0.0,,,
ROBOT_RELOC,,1,8,6,,0.0,,,
ROBOT_RELOC,,1,8,7,,0.0,,,
ROBOT_RELOC,,1,8,8,,0.0,,,
ROBOT_RELOC,,1,8,9,,0.0,,,
ROBOT_RELOC,,1,8,10,,0.0,,,
ROBOT_RELOC,,1,8,11,,0.0,,,
ROBOT_RELOC,,1,8,12,,0.0,,,
ROBOT_RELOC,,1,8,13,,0.0,,,
ROBOT_RELOC,,1,8,14,,0.0,,,
ROBOT_RELOC,,1,8,15,,0.0,,,
ROBOT_RELOC,,1,8,16,,0.0,,,
ROBOT_RELOC,,1,8,17,,0.0,,,
ROBOT_RELOC,,1,9,0,,0.0,,,
ROBOT_RELOC,,1,9,1,,0.0,,,
ROBOT_RELOC,,1,9,2,,0.0,,,
ROBOT_RELOC,,1,9,3,,0.0,,,
ROBOT_RELOC,,1,9,4,,0.0,,,
ROBOT_RELOC,,1,9,5,,0.0,,,
ROBOT_RELOC,,1,9,6,,0.0,,,
ROBOT_RELOC,,1,9,7,,0.0,,,
ROBOT_RELOC,,1,9,8,,0.0,,,
ROBOT_RELOC,,1,9,9,,0.0,,,
ROBOT_RELOC,,1,9,10,,0.0,,,
ROBOT_RELOC,,1,9,11,,0.0,,,
ROBOT_RELOC,,1,9,12,,0.0,,,
ROBOT_RELOC,,1,9,13,,0.0,,,
ROBOT_RELOC,,1,9,14,,0.0,,,
ROBOT_RELOC,,1,9,15,,0.0,,,
ROBOT_RELOC,,1,9,16,,0.0,,,
ROBOT_RELOC,,1,9,17,,0.0,,,
ROBOT_RELOC,,1,10,0,,0.0,,,
ROBOT_RELOC,,1,10,1,,0.0,,,
ROBOT_RELOC,,1,10,2,,0.0,,,
ROBOT_RELOC,,1,10,3,,0.0,,,
ROBOT_RELOC,,1,10,4,,0.0,,,
ROBOT_RELOC,,1,10,5,,0.0,,,
ROBOT_RELOC,,1,10,6,,0.0,,,
ROBOT_RELOC,,1,10,7,,0.0,,,
ROBOT_RELOC,,1,10,8,,0.0,,,
ROBOT_RELOC,,1,10,9,,0.0,,,
ROBOT_RELOC,,1,10,10,,0.0,,,
ROBOT_RELOC,,1,10,11,,0.0,,,
ROBOT_RELOC,,1,10,12,,0.0,,,
ROBOT_RELOC,,1,10,13,,0.0,,,
ROBOT_RELOC,,1,10,14,,0.0,,,
ROBOT_RELOC,,1,10,15,,0.0,,,
ROBOT_RELOC,,1,10,16,,0.0,,,
ROBOT_RELOC,,1,10,17,,0.0,,,
ROBOT_RELOC,,1,11,0,,0.0,,,
ROBOT_RELOC,,1,11,1,,0.0,,,
ROBOT_RELOC,,1,11,2,,0.0,,,
ROBOT_RELOC,,1,11,3,,0.0,,,
ROBOT_RELOC,,1,11,4,,0.0,,,
ROBOT_RELOC,,1,11,5,,0.0,,,
ROBOT_RELOC,,1,11,6,,0.0,,,
ROBOT_RELOC,,1,11,7,,0.0,,,
ROBOT_RELOC,,1,11,8,,0.0,,,
ROBOT_RELOC,,1,11,9,,0.0,,,
ROBOT_RELOC,,1,11,10,,0.0,,,
ROBOT_RELOC,,1,11,11,,0.0,,,
ROBOT_RELOC,,1,11,12,,0.0,,,
ROBOT_RELOC,,1,11,13,,0.0,,,
ROBOT_RELOC,,1,11,14,,0.0,,,
ROBOT_RELOC,,1,11,15,,0.0,,,
ROBOT_RELOC,,1,11,16,,0.0,,,
ROBOT_RELOC,,1,11,17,,0.0,,,
ROBOT_RELOC,,1,12,0,,0.0,,,
ROBOT_RELOC,,1,12,1,,0.0,,,
ROBOT_RELOC,,1,12,2,,0.0,,,
ROBOT_RELOC,,1,12,3,,0.0,,,
ROBOT_RELOC,,1,12,4,,0.0,,,
ROBOT_RELOC,,1,12,5,,0.0,,,
ROBOT_RELOC,,1,12,6,,0.0,,,
ROBOT_RELOC,,1,12,7,,0.0,,,
ROBOT_RELOC,,1,12,8,,0.0,,,
ROBOT_RELOC,,1,12,9,,0.0,,,
ROBOT_RELOC,,1,12,10,,0.0,,,
ROBOT_RELOC,,1,12,11,,0.0,,,
ROBOT_RELOC,,1,12,12,,0.0,,,
ROBOT_RELOC,,1,12,13,,0.0,,,
ROBOT_RELOC,,1,12,14,,0.0,,,
ROBOT_RELOC,,1,12,15,,0.0,,,
ROBOT_RELOC,,1,12,16,,0.0,,,
ROBOT_RELOC,,1,12,17,,0.0,,,
ROBOT_RELOC,,1,13,0,,0.0,,,
ROBOT_RELOC,,1,13,1,,0.0,,,
ROBOT_RELOC,,1,13,2,,0.0,,,
ROBOT_RELOC,,1,13,3,,0.0,,,
ROBOT_RELOC,,1,13,4,,0.0,,,
ROBOT_RELOC,,1,13,5,,0.0,,,
ROBOT_RELOC,,1,13,6,,0.0,,,
ROBOT_RELOC,,1,13,7,,0.0,,,
ROBOT_RELOC,,1,13,8,,0.0,,,
ROBOT_RELOC,,1,13,9,,0.0,,,
ROBOT_RELOC,,1,13,10,,0.0,,,
ROBOT_RELOC,,1,13,11,,0.0,,,
ROBOT_RELOC,,1,13,12,,0.0,,,
ROBOT_RELOC,,1,13,13,,0.0,,,
ROBOT_RELOC,,1,13,14,,0.0,,,
ROBOT_RELOC,,1,13,15,,0.0,,,
ROBOT_RELOC,,1,13,16,,0.0,,,
ROBOT_RELOC,,1,13,17,,0.0,,,
ROBOT_RELOC,,1,14,0,,0.0,,,
ROBOT_RELOC,,1,14,1,,0.0,,,
ROBOT_RELOC,,1,14,2,,0.0,,,
ROBOT_RELOC,,1,14,3,,0.0,,,
ROBOT_RELOC,,1,14,4,,0.0,,,
ROBOT_RELOC,,1,14,5,,0.0,,,
ROBOT_RELOC,,1,14,6,,0.0,,,
ROBOT_RELOC,,1,14,7,,0.0,,,
ROBOT_RELOC,,1,14,8,,0.0,,,
ROBOT_RELOC,,1,14,9,,0.0,,,
ROBOT_RELOC,,1,14,10,,0.0,,,
ROBOT_RELOC,,1,14,11,,0.0,,,
ROBOT_RELOC,,1,14,12,,0.0,,,
ROBOT_RELOC,,1,14,13,,0.0,,,
ROBOT_RELOC,,1,14,14,,0.0,,,
ROBOT_RELOC,,1,14,15,,0.0,,,
ROBOT_RELOC,,1,14,16,,0.0,,,
ROBOT_RELOC,,1,14,17,,0.0,,,
ROBOT_RELOC,,1,15,0,,0.0,,,
ROBOT_RELOC,,1,15,1,,0.0,,,
ROBOT_RELOC,,1,15,2,,0.0,,,
ROBOT_RELOC,,1,15,3,,0.0,,,
ROBOT_RELOC,,1,15,4,,0.0,,,
ROBOT_RELOC,,1,15,5,,0.0,,,
ROBOT_RELOC,,1,15,6,,0.0,,,
ROBOT_RELOC,,1,15,7,,0.0,,,
ROBOT_RELOC,,1,15,8,,0.0,,,
ROBOT_RELOC,,1,15,9,,0.0,,,
ROBOT_RELOC,,1,15,10,,0.0,,,
ROBOT_RELOC,,1,15,11,,0.0,,,
ROBOT_RELOC,,1,15,12,,0.0,,,
ROBOT_RELOC,,1,15,13,,0.0,,,
ROBOT_RELOC,,1,15,14,,0.0,,,
ROBOT_RELOC,,1,15,15,,0.0,,,
ROBOT_RELOC,,1,15,16,,0.0,,,
ROBOT_RELOC,,1,15,17,,0.0,,,
ROBOT_RELOC,,1,16,0,,0.0,,,
ROBOT_RELOC,,1,16,1,,0.0,,,
ROBOT_RELOC,,1,16,2,,0.0,,,
ROBOT_RELOC,,1,16,3,,0.0,,,
ROBOT_RELOC,,1,16,4,,0.0,,,
ROBOT_RELOC,,1,16,5,,0.0,,,
ROBOT_RELOC,,1,16,6,,0.0,,,
ROBOT_RELOC,,1,16,7,,0.0,,,
ROBOT_RELOC,,1,16,8,,0.0,,,
ROBOT_RELOC,,1,16,9,,0.0,,,
ROBOT_RELOC,,1,16,10,,0.0,,,
ROBOT_RELOC,,1,16,11,,0.0,,,
ROBOT_RELOC,,1,16,12,,0.0,,,
ROBOT_RELOC,,1,16,13,,0.0,,,
ROBOT_RELOC,,1,16,14,,0.0,,,
ROBOT_RELOC,,1,16,15,,0.0,,,
ROBOT_RELOC,,1,16,16,,0.0,,,
ROBOT_RELOC,,1,16,17,,0.0,,,
ROBOT_RELOC,,1,17,0,,0.0,,,
ROBOT_RELOC,,1,17,1,,0.0,,,
ROBOT_RELOC,,1,17,2,,0.0,,,
ROBOT_RELOC,,1,17,3,,0.0,,,
ROBOT_RELOC,,1,17,4,,0.0,,,
ROBOT_RELOC,,1,17,5,,0.0,,,
ROBOT_RELOC,,1,17,6,,0.0,,,
ROBOT_RELOC,,1,17,7,,0.0,,,
ROBOT_RELOC,,1,17,8,,0.0,,,
ROBOT_RELOC,,1,17,9,,0.0,,,
ROBOT_RELOC,,1,17,10,,0.0,,,
ROBOT_RELOC,,1,17,11,,0.0,,,
ROBOT_RELOC,,1,17,12,,0.0,,,
ROBOT_RELOC,,1,17,13,,0.0,,,
ROBOT_RELOC,,1,17,14,,0.0,,,
ROBOT_RELOC,,1,17,15,,0.0,,,
ROBOT_RELOC,,1,17,16,,0.0,,,
ROBOT_RELOC,,1,17,17,,0.0,,,
ROBOT_RELOC,,2,0,0,,0.0,,,
ROBOT_RELOC,,2,0,1,,0.0,,,
ROBOT_RELOC,,2,0,2,,0.0,,,
ROBOT_RELOC,,2,0,3,,0.0,,,
ROBOT_RELOC,,2,0,4,,0.0,,,
ROBOT_RELOC,,2,0,5,,0.0,,,
ROBOT_RELOC,,2,0,6,,0.0,,,
ROBOT_RELOC,,2,0,7,,0.0,,,
ROBOT_RELOC,,2,0,8,,0.0,,,
ROBOT_RELOC,,2,0,9,,0.0,,,
ROBOT_RELOC,,2,0,10,,0.0,,,
ROBOT_RELOC,,2,0,11,,0.0,,,
ROBOT_RELOC,,2,0,12,,0.0,,,
ROBOT_RELOC,,2,0,13,,0.0,,,
ROBOT_RELOC,,2,0,14,,0.0,,,
ROBOT_RELOC,,2,0,15,,0.0,,,
ROBOT_RELOC,,2,0,16,,0.0,,,
ROBOT_RELOC,,2,0,17,,0.0,,,
ROBOT_RELOC,,2,1,0,,0.0,,,
ROBOT_RELOC,,2,1,1,,0.0,,,
ROBOT_RELOC,,2,1,2,,0.0,,,
ROBOT_RELOC,,2,1,3,,0.0,,,
ROBOT_RELOC,,2,1,4,,0.0,,,
ROBOT_RELOC,,2,1,5,,0.0,,,
ROBOT_RELOC,,2,1,6,,0.0,,,
ROBOT_RELOC,,2,1,7,,0.0,,,
ROBOT_RELOC,,2,1,8,,0.0,,,
ROBOT_RELOC,,2,1,9,,0.0,,,
ROBOT_RELOC,,2,1,10,,0.0,,,
ROBOT_RELOC,,2,1,11,,0.0,,,
ROBOT_RELOC,,2,1,12,,0.0,,,
ROBOT_RELOC,,2,1,13,,0.0,,,
ROBOT_RELOC,,2,1,14,,0.0,,,
ROBOT_RELOC,,2,1,15,,0.0,,,
ROBOT_RELOC,,2,1,16,,0.0,,,
ROBOT_RELOC,,2,1,17,,0.0,,,
ROBOT_RELOC,,2,2,0,,0.0,,,
ROBOT_RELOC,,2,2,1,,0.0,,,
ROBOT_RELOC,,2,2,2,,0.0,,,
ROBOT_RELOC,,2,2,3,,0.0,,,
ROBOT_RELOC,,2,2,4,,0.0,,,
ROBOT_RELOC,,2,2,5,,0.0,,,
ROBOT_RELOC,,2,2,6,,0.0,,,
ROBOT_RELOC,,2,2,7,,0.0,,,
ROBOT_RELOC,,2,2,8,,0.0,,,
ROBOT_RELOC,,2,2,9,,0.0,,,
ROBOT_RELOC,,2,2,10,,0.0,,,
ROBOT_RELOC,,2,2,11,,0.0,,,
ROBOT_RELOC,,2,2,12,,0.0,,,
ROBOT_RELOC,,2,2,13,,0.0,,,
ROBOT_RELOC,,2,2,14,,0.0,,,
ROBOT_RELOC,,2,2,15,,0.0,,,
ROBOT_RELOC,,2,2,16,,0.0,,,
ROBOT_RELOC,,2,2,17,,0.0,,,
ROBOT_RELOC,,2,3,0,,0.0,,,
ROBOT_RELOC,,2,3,1,,0.0,,,
ROBOT_RELOC,,2,3,2,,0.0,,,
ROBOT_RELOC,,2,3,3,,0.0,,,
ROBOT_RELOC,,2,3,4,,0.0,,,
ROBOT_RELOC,,2,3,5,,0.0,,,
ROBOT_RELOC,,2,3,6,,0.0,,,
ROBOT_RELOC,,2,3,7,,0.0,,,
ROBOT_RELOC,,2,3,8,,0.0,,,
ROBOT_RELOC,,2,3,9,,0.0,,,
ROBOT_RELOC,,2,3,10,,0.0,,,
ROBOT_RELOC,,2,3,11,,0.0,,,
ROBOT_RELOC,,2,3,12,,0.0,,,
ROBOT_RELOC,,2,3,13,,0.0,,,
ROBOT_RELOC,,2,3,14,,0.0,,,
ROBOT_RELOC,,2,3,15,,0.0,,,
ROBOT_RELOC,,2,3,16,,0.0,,,
ROBOT_RELOC,,2,3,17,,0.0,,,
ROBOT_RELOC,,2,4,0,,0.0,,,
ROBOT_RELOC,,2,4,1,,0.0,,,
ROBOT_RELOC,,2,4,2,,0.0,,,
ROBOT_RELOC,,2,4,3,,0.0,,,
ROBOT_RELOC,,2,4,4,,0.0,,,
ROBOT_RELOC,,2,4,5,,0.0,,,
ROBOT_RELOC,,2,4,6,,0.0,,,
ROBOT_RELOC,,2,4,7,,0.0,,,
ROBOT_RELOC,,2,4,8,,0.0,,,
ROBOT_RELOC,,2,4,9,,0.0,,,
ROBOT_RELOC,,2,4,10,,0.0,,,
ROBOT_RELOC,,2,4,11,,0.0,,,
ROBOT_RELOC,,2,4,12,,0.0,,,
ROBOT_RELOC,,2,4,13,,0.0,,,
ROBOT_RELOC,,2,4,14,,0.0,,,
ROBOT_RELOC,,2,4,15,,0.0,,,
ROBOT_RELOC,,2,4,16,,0.0,,,
ROBOT_RELOC,,2,4,17,,0.0,,,
ROBOT_RELOC,,2,5,0,,0.0,,,
ROBOT_RELOC,,2,5,1,,0.0,,,
ROBOT_RELOC,,2,5,2,,0.0,,,
ROBOT_RELOC,,2,5,3,,0.0,,,
ROBOT_RELOC,,2,5,4,,0.0,,,
ROBOT_RELOC,,2,5,5,,0.0,,,
ROBOT_RELOC,,2,5,6,,0.0,,,
ROBOT_RELOC,,2,5,7,,0.0,,,
ROBOT_RELOC,,2,5,8,,0.0,,,
ROBOT_RELOC,,2,5,9,,0.0,,,
ROBOT_RELOC,,2,5,10,,0.0,,,
ROBOT_RELOC,,2,5,11,,0.0,,,
ROBOT_RELOC,,2,5,12,,0.0,,,
ROBOT_RELOC,,2,5,13,,0.0,,,
ROBOT_RELOC,,2,5,14,,0.0,,,
ROBOT_RELOC,,2,5,15,,0.0,,,
ROBOT_RELOC,,2,5,16,,0.0,,,
ROBOT_RELOC,,2,5,17,,0.0,,,
ROBOT_RELOC,,2,6,0,,0.0,,,
ROBOT_RELOC,,2,6,1,,0.0,,,
ROBOT_RELOC,,2,6,2,,0.0,,,
ROBOT_RELOC,,2,6,3,,0.0,,,
ROBOT_RELOC,,2,6,4,,0.0,,,
ROBOT_RELOC,,2,6,5,,0.0,,,
ROBOT_RELOC,,2,6,6,,0.0,,,
ROBOT_RELOC,,2,6,7,,0.0,,,
ROBOT_RELOC,,2,6,8,,0.0,,,
ROBOT_RELOC,,2,6,9,,0.0,,,
ROBOT_RELOC,,2,6,10,,0.0,,,
ROBOT_RELOC,,2,6,11,,0.0,,,
ROBOT_RELOC,,2,6,12,,0.0,,,
ROBOT_RELOC,,2,6,13,,0.0,,,
ROBOT_RELOC,,2,6,14,,0.0,,,
ROBOT_RELOC,,2,6,15,,0.0,,,
ROBOT_RELOC,,2,6,16,,0.0,,,
ROBOT_RELOC,,2,6,17,,0.0,,,
ROBOT_RELOC,,2,7,0,,0.0,,,
ROBOT_RELOC,,2,7,1,,0.0,,,
ROBOT_RELOC,,2,7,2,,0.0,,,
ROBOT_RELOC,,2,7,3,,0.0,,,
ROBOT_RELOC,,2,7,4,,0.0,,,
ROBOT_RELOC,,2,7,5,,0.0,,,
ROBOT_RELOC,,2,7,6,,0.0,,,
ROBOT_RELOC,,2,7,7,,0.0,,,
ROBOT_RELOC,,2,7,8,,0.0,,,
ROBOT_RELOC,,2,7,9,,0.0,,,
ROBOT_RELOC,,2,7,10,,0.0,,,
ROBOT_RELOC,,2,7,11,,0.0,,,
ROBOT_RELOC,,2,7,12,,0.0,,,
ROBOT_RELOC,,2,7,13,,0.0,,,
ROBOT_RELOC,,2,7,14,,0.0,,,
ROBOT_RELOC,,2,7,15,,0.0,,,
ROBOT_RELOC,,2,7,16,,0.0,,,
ROBOT_RELOC,,2,7,17,,0.0,,,
ROBOT_RELOC,,2,8,0,,0.0,,,
ROBOT_RELOC,,2,8,1,,0.0,,,
ROBOT_RELOC,,2,8,2,,0.0,,,
ROBOT_RELOC,,2,8,3,,0.0,,,
ROBOT_RELOC,,2,8,4,,0.0,,,
ROBOT_RELOC,,2,8,5,,0.0,,,
ROBOT_RELOC,,2,8,6,,0.0,,,
ROBOT_RELOC,,2,8,7,,0.0,,,
ROBOT_RELOC,,2,8,8,,0.0,,,
ROBOT_RELOC,,2,8,9,,0.0,,,
ROBOT_RELOC,,2,8,10,,0.0,,,
ROBOT_RELOC,,2,8,11,,0.0,,,
ROBOT_RELOC,,2,8,12,,0.0,,,
ROBOT_RELOC,,2,8,13,,0.0,,,
ROBOT_RELOC,,2,8,14,,0.0,,,
ROBOT_RELOC,,2,8,15,,0.0,,,
ROBOT_RELOC,,2,8,16,,0.0,,,
ROBOT_RELOC,,2,8,17,,0.0,,,
ROBOT_RELOC,,2,9,0,,0.0,,,
ROBOT_RELOC,,2,9,1,,0.0,,,
ROBOT_RELOC,,2,9,2,,0.0,,,
ROBOT_RELOC,,2,9,3,,0.0,,,
ROBOT_RELOC,,2,9,4,,0.0,,,
ROBOT_RELOC,,2,9,5,,0.0,,,
ROBOT_RELOC,,2,9,6,,0.0,,,
ROBOT_RELOC,,2,9,7,,0.0,,,
ROBOT_RELOC,,2,9,8,,0.0,,,
ROBOT_RELOC,,2,9,9,,0.0,,,
ROBOT_RELOC,,2,9,10,,0.0,,,
ROBOT_RELOC,,2,9,11,,0.0,,,
ROBOT_RELOC,,2,9,12,,0.0,,,
ROBOT_RELOC,,2,9,13,,0.0,,,
ROBOT_RELOC,,2,9,14,,0.0,,,
ROBOT_RELOC,,2,9,15,,0.0,,,
ROBOT_RELOC,,2,9,16,,0.0,,,
ROBOT_RELOC,,2,9,17,,0.0,,,
ROBOT_RELOC,,2,10,0,,0.0,,,
ROBOT_RELOC,,2,10,1,,0.0,,,
ROBOT_RELOC,,2,10,2,,0.0,,,
ROBOT_RELOC,,2,10,3,,0.0,,,
ROBOT_RELOC,,2,10,4,,0.0,,,
ROBOT_RELOC,,2,10,5,,0.0,,,
ROBOT_RELOC,,2,10,6,,0.0,,,
ROBOT_RELOC,,2,10,7,,0.0,,,
ROBOT_RELOC,,2,10,8,,0.0,,,
ROBOT_RELOC,,2,10,9,,0.0,,,
ROBOT_RELOC,,2,10,10,,0.0,,,
ROBOT_RELOC,,2,10,11,,0.0,,,
ROBOT_RELOC,,2,10,12,,0.0,,,
ROBOT_RELOC,,2,10,13,,0.0,,,
ROBOT_RELOC,,2,10,14,,0.0,,,
ROBOT_RELOC,,2,10,15,,0.0,,,
ROBOT_RELOC,,2,10,16,,0.0,,,
ROBOT_RELOC,,2,10,17,,0.0,,,
ROBOT_RELOC,,2,11,0,,0.0,,,
ROBOT_RELOC,,2,11,1,,0.0,,,
ROBOT_RELOC,,2,11,2,,0.0,,,
ROBOT_RELOC,,2,11,3,,0.0,,,
ROBOT_RELOC,,2,11,4,,0.0,,,
ROBOT_RELOC,,2,11,5,,0.0,,,
ROBOT_RELOC,,2,11,6,,0.0,,,
ROBOT_RELOC,,2,11,7,,0.0,,,
ROBOT_RELOC,,2,11,8,,0.0,,,
ROBOT_RELOC,,2,11,9,,0.0,,,
ROBOT_RELOC,,2,11,10,,0.0,,,
ROBOT_RELOC,,2,11,11,,0.0,,,
ROBOT_RELOC,,2,11,12,,0.0,,,
ROBOT_RELOC,,2,11,13,,0.0,,,
ROBOT_RELOC,,2,11,14,,0.0,,,
ROBOT_RELOC,,2,11,15,,0.0,,,
ROBOT_RELOC,,2,11,16,,0.0,,,
ROBOT_RELOC,,2,11,17,,0.0,,,
ROBOT_RELOC,,2,12,0,,0.0,,,
ROBOT_RELOC,,2,12,1,,0.0,,,
ROBOT_RELOC,,2,12,2,,0.0,,,
ROBOT_RELOC,,2,12,3,,0.0,,,
ROBOT_RELOC,,2,12,4,,0.0,,,
ROBOT_RELOC,,2,12,5,,0.0,,,
ROBOT_RELOC,,2,12,6,,0.0,,,
ROBOT_RELOC,,2,12,7,,0.0,,,
ROBOT_RELOC,,2,12,8,,0.0,,,
ROBOT_RELOC,,2,12,9,,0.0,,,
ROBOT_RELOC,,2,12,10,,0.0,,,
ROBOT_RELOC,,2,12,11,,0.0,,,
ROBOT_RELOC,,2,12,12,,0.0,,,
ROBOT_RELOC,,2,12,13,,0.0,,,
ROBOT_RELOC,,2,12,14,,0.0,,,
ROBOT_RELOC,,2,12,15,,0.0,,,
ROBOT_RELOC,,2,12,16,,0.0,,,
ROBOT_RELOC,,2,12,17,,0.0,,,
ROBOT_RELOC,,2,13,0,,0.0,,,
ROBOT_RELOC,,2,13,1,,0.0,,,
ROBOT_RELOC,,2,13,2,,0.0,,,
ROBOT_RELOC,,2,13,3,,0.0,,,
ROBOT_RELOC,,2,13,4,,0.0,,,
ROBOT_RELOC,,2,13,5,,0.0,,,
ROBOT_RELOC,,2,13,6,,0.0,,,
ROBOT_RELOC,,2,13,7,,0.0,,,
ROBOT_RELOC,,2,13,8,,0.0,,,
ROBOT_RELOC,,2,13,9,,0.0,,,
ROBOT_RELOC,,2,13,10,,0.0,,,
ROBOT_RELOC,,2,13,11,,0.0,,,
ROBOT_RELOC,,2,13,12,,0.0,,,
ROBOT_RELOC,,2,13,13,,0.0,,,
ROBOT_RELOC,,2,13,14,,0.0,,,
ROBOT_RELOC,,2,13,15,,0.0,,,
ROBOT_RELOC,,2,13,16,,0.0,,,
ROBOT_RELOC,,2,13,17,,0.0,,,
ROBOT_RELOC,,2,14,0,,0.0,,,
ROBOT_RELOC,,2,14,1,,0.0,,,
ROBOT_RELOC,,2,14,2,,0.0,,,
ROBOT_RELOC,,2,14,3,,0.0,,,
ROBOT_RELOC,,2,14,4,,0.0,,,
ROBOT_RELOC,,2,14,5,,0.0,,,
ROBOT_RELOC,,2,14,6,,0.0,,,
ROBOT_RELOC,,2,14,7,,0.0,,,
ROBOT_RELOC,,2,14,8,,0.0,,,
ROBOT_RELOC,,2,14,9,,0.0,,,
ROBOT_RELOC,,2,14,10,,0.0,,,
ROBOT_RELOC,,2,14,11,,0.0,,,
ROBOT_RELOC,,2,14,12,,0.0,,,
ROBOT_RELOC,,2,14,13,,0.0,,,
ROBOT_RELOC,,2,14,14,,0.0,,,
ROBOT_RELOC,,2,14,15,,0.0,,,
ROBOT_RELOC,,2,14,16,,0.0,,,
ROBOT_RELOC,,2,14,17,,0.0,,,
ROBOT_RELOC,,2,15,0,,0.0,,,
ROBOT_RELOC,,2,15,1,,0.0,,,
ROBOT_RELOC,,2,15,2,,0.0,,,
ROBOT_RELOC,,2,15,3,,0.0,,,
ROBOT_RELOC,,2,15,4,,0.0,,,
ROBOT_RELOC,,2,15,5,,0.0,,,
ROBOT_RELOC,,2,15,6,,0.0,,,
ROBOT_RELOC,,2,15,7,,0.0,,,
ROBOT_RELOC,,2,15,8,,0.0,,,
ROBOT_RELOC,,2,15,9,,0.0,,,
ROBOT_RELOC,,2,15,10,,0.0,,,
ROBOT_RELOC,,2,15,11,,0.0,,,
ROBOT_RELOC,,2,15,12,,0.0,,,
ROBOT_RELOC,,2,15,13,,0.0,,,
ROBOT_RELOC,,2,15,14,,0.0,,,
ROBOT_RELOC,,2,15,15,,0.0,,,
ROBOT_RELOC,,2,15,16,,0.0,,,
ROBOT_RELOC,,2,15,17,,0.0,,,
ROBOT_RELOC,,2,16,0,,0.0,,,
ROBOT_RELOC,,2,16,1,,0.0,,,
ROBOT_RELOC,,2,16,2,,0.0,,,
ROBOT_RELOC,,2,16,3,,0.0,,,
ROBOT_RELOC,,2,16,4,,0.0,,,
ROBOT_RELOC,,2,16,5,,0.0,,,
ROBOT_RELOC,,2,16,6,,0.0,,,
ROBOT_RELOC,,2,16,7,,0.0,,,
ROBOT_RELOC,,2,16,8,,0.0,,,
ROBOT_RELOC,,2,16,9,,0.0,,,
ROBOT_RELOC,,2,16,10,,0.0,,,
ROBOT_RELOC,,2,16,11,,0.0,,,
ROBOT_RELOC,,2,16,12,,0.0,,,
ROBOT_RELOC,,2,16,13,,0.0,,,
ROBOT_RELOC,,2,16,14,,0.0,,,
ROBOT_RELOC,,2,16,15,,0.0,,,
ROBOT_RELOC,,2,16,16,,0.0,,,
ROBOT_RELOC,,2,16,17,,0.0,,,
ROBOT_RELOC,,2,17,0,,0.0,,,
ROBOT_RELOC,,2,17,1,,0.0,,,
ROBOT_RELOC,,2,17,2,,0.0,,,
ROBOT_RELOC,,2,17,3,,0.0,,,
ROBOT_RELOC,,2,17,4,,0.0,,,
ROBOT_RELOC,,2,17,5,,0.0,,,
ROBOT_RELOC,,2,17,6,,0.0,,,
ROBOT_RELOC,,2,17,7,,0.0,,,
ROBOT_RELOC,,2,17,8,,0.0,,,
ROBOT_RELOC,,2,17,9,,0.0,,,
ROBOT_RELOC,,2,17,10,,0.0,,,
ROBOT_RELOC,,2,17,11,,0.0,,,
ROBOT_RELOC,,2,17,12,,0.0,,,
ROBOT_RELOC,,2,17,13,,0.0,,,
ROBOT_RELOC,,2,17,14,,0.0,,,
ROBOT_RELOC,,2,17,15,,0.0,,,
ROBOT_RELOC,,2,17,16,,0.0,,,
ROBOT_RELOC,,2,17,17,,0.0,,,
ROBOT_RELOC,,3,0,0,,0.0,,,
ROBOT_RELOC,,3,0,1,,0.0,,,
ROBOT_RELOC,,3,0,2,,0.0,,,
ROBOT_RELOC,,3,0,3,,0.0,,,
ROBOT_RELOC,,3,0,4,,0.0,,,
ROBOT_RELOC,,3,0,5,,0.0,,,
ROBOT_RELOC,,3,0,6,,0.0,,,
ROBOT_RELOC,,3,0,7,,0.0,,,
ROBOT_RELOC,,3,0,8,,0.0,,,
ROBOT_RELOC,,3,0,9,,0.0,,,
ROBOT_RELOC,,3,0,10,,0.0,,,
ROBOT_RELOC,,3,0,11,,0.0,,,
ROBOT_RELOC,,3,0,12,,0.0,,,
ROBOT_RELOC,,3,0,13,,0.0,,,
ROBOT_RELOC,,3,0,14,,0.0,,,
ROBOT_RELOC,,3,0,15,,0.0,,,
ROBOT_RELOC,,3,0,16,,0.0,,,
ROBOT_RELOC,,3,0,17,,0.0,,,
ROBOT_RELOC,,3,1,0,,0.0,,,
ROBOT_RELOC,,3,1,1,,0.0,,,
ROBOT_RELOC,,3,1,2,,0.0,,,
ROBOT_RELOC,,3,1,3,,0.0,,,
ROBOT_RELOC,,3,1,4,,0.0,,,
ROBOT_RELOC,,3,1,5,,0.0,,,
ROBOT_RELOC,,3,1,6,,0.0,,,
ROBOT_RELOC,,3,1,7,,0.0,,,
ROBOT_RELOC,,3,1,8,,0.0,,,
ROBOT_RELOC,,3,1,9,,0.0,,,
ROBOT_RELOC,,3,1,10,,0.0,,,
ROBOT_RELOC,,3,1,11,,0.0,,,
ROBOT_RELOC,,3,1,12,,0.0,,,
ROBOT_RELOC,,3,1,13,,0.0,,,
ROBOT_RELOC,,3,1,14,,0.0,,,
ROBOT_RELOC,,3,1,15,,0.0,,,
ROBOT_RELOC,,3,1,16,,0.0,,,
ROBOT_RELOC,,3,1,17,,0.0,,,
ROBOT_RELOC,,3,2,0,,0.0,,,
ROBOT_RELOC,,3,2,1,,0.0,,,
ROBOT_RELOC,,3,2,2,,0.0,,,
ROBOT_RELOC,,3,2,3,,0.0,,,
ROBOT_RELOC,,3,2,4,,0.0,,,
ROBOT_RELOC,,3,2,5,,0.0,,,
ROBOT_RELOC,,3,2,6,,0.0,,,
ROBOT_RELOC,,3,2,7,,0.0,,,
ROBOT_RELOC,,3,2,8,,0.0,,,
ROBOT_RELOC,,3,2,9,,0.0,,,
ROBOT_RELOC,,3,2,10,,0.0,,,
ROBOT_RELOC,,3,2,11,,0.0,,,
ROBOT_RELOC,,3,2,12,,0.0,,,
ROBOT_RELOC,,3,2,13,,0.0,,,
ROBOT_RELOC,,3,2,14,,0.0,,,
ROBOT_RELOC,,3,2,15,,0.0,,,
ROBOT_RELOC,,3,2,16,,0.0,,,
ROBOT_RELOC,,3,2,17,,0.0,,,
ROBOT_RELOC,,3,3,0,,0.0,,,
ROBOT_RELOC,,3,3,1,,0.0,,,
ROBOT_RELOC,,3,3,2,,0.0,,,
ROBOT_RELOC,,3,3,3,,0.0,,,
ROBOT_RELOC,,3,3,4,,0.0,,,
ROBOT_RELOC,,3,3,5,,0.0,,,
ROBOT_RELOC,,3,3,6,,0.0,,,
ROBOT_RELOC,,3,3,7,,0.0,,,
ROBOT_RELOC,,3,3,8,,0.0,,,
ROBOT_RELOC,,3,3,9,,0.0,,,
ROBOT_RELOC,,3,3,10,,0.0,,,
ROBOT_RELOC,,3,3,11,,0.0,,,
ROBOT_RELOC,,3,3,12,,0.0,,,
ROBOT_RELOC,,3,3,13,,0.0,,,
ROBOT_RELOC,,3,3,14,,0.0,,,
ROBOT_RELOC,,3,3,15,,0.0,,,
ROBOT_RELOC,,3,3,16,,0.0,,,
ROBOT_RELOC,,3,3,17,,0.0,,,
ROBOT_RELOC,,3,4,0,,0.0,,,
ROBOT_RELOC,,3,4,1,,0.0,,,
ROBOT_RELOC,,3,4,2,,0.0,,,
ROBOT_RELOC,,3,4,3,,0.0,,,
ROBOT_RELOC,,3,4,4,,0.0,,,
ROBOT_RELOC,,3,4,5,,0.0,,,
ROBOT_RELOC,,3,4,6,,0.0,,,
ROBOT_RELOC,,3,4,7,,0.0,,,
ROBOT_RELOC,,3,4,8,,0.0,,,
ROBOT_RELOC,,3,4,9,,0.0,,,
ROBOT_RELOC,,3,4,10,,0.0,,,
ROBOT_RELOC,,3,4,11,,0.0,,,
ROBOT_RELOC,,3,4,12,,0.0,,,
ROBOT_RELOC,,3,4,13,,0.0,,,
ROBOT_RELOC,,3,4,14,,0.0,,,
ROBOT_RELOC,,3,4,15,,0.0,,,
ROBOT_RELOC,,3,4,16,,0.0,,,
ROBOT_RELOC,,3,4,17,,0.0,,,
ROBOT_RELOC,,3,5,0,,0.0,,,
ROBOT_RELOC,,3,5,1,,0.0,,,
ROBOT_RELOC,,3,5,2,,0.0,,,
ROBOT_RELOC,,3,5,3,,0.0,,,
ROBOT_RELOC,,3,5,4,,0.0,,,
ROBOT_RELOC,,3,5,5,,0.0,,,
ROBOT_RELOC,,3,5,6,,0.0,,,
ROBOT_RELOC,,3,5,7,,0.0,,,
ROBOT_RELOC,,3,5,8,,0.0,,,
ROBOT_RELOC,,3,5,9,,0.0,,,
ROBOT_RELOC,,3,5,10,,0.0,,,
ROBOT_RELOC,,3,5,11,,0.0,,,
ROBOT_RELOC,,3,5,12,,0.0,,,
ROBOT_RELOC,,3,5,13,,0.0,,,
ROBOT_RELOC,,3,5,14,,0.0,,,
ROBOT_RELOC,,3,5,15,,0.0,,,
ROBOT_RELOC,,3,5,16,,0.0,,,
ROBOT_RELOC,,3,5,17,,0.0,,,
ROBOT_RELOC,,3,6,0,,0.0,,,
ROBOT_RELOC,,3,6,1,,0.0,,,
ROBOT_RELOC,,3,6,2,,0.0,,,
ROBOT_RELOC,,3,6,3,,0.0,,,
ROBOT_RELOC,,3,6,4,,0.0,,,
ROBOT_RELOC,,3,6,5,,0.0,,,
ROBOT_RELOC,,3,6,6,,0.0,,,
ROBOT_RELOC,,3,6,7,,0.0,,,
ROBOT_RELOC,,3,6,8,,0.0,,,
ROBOT_RELOC,,3,6,9,,0.0,,,
ROBOT_RELOC,,3,6,10,,0.0,,,
ROBOT_RELOC,,3,6,11,,0.0,,,
ROBOT_RELOC,,3,6,12,,0.0,,,
ROBOT_RELOC,,3,6,13,,0.0,,,
ROBOT_RELOC,,3,6,14,,0.0,,,
ROBOT_RELOC,,3,6,15,,0.0,,,
ROBOT_RELOC,,3,6,16,,0.0,,,
ROBOT_RELOC,,3,6,17,,0.0,,,
ROBOT_RELOC,,3,7,0,,0.0,,,
ROBOT_RELOC,,3,7,1,,0.0,,,
ROBOT_RELOC,,3,7,2,,0.0,,,
ROBOT_RELOC,,3,7,3,,0.0,,,
ROBOT_RELOC,,3,7,4,,0.0,,,
ROBOT_RELOC,,3,7,5,,0.0,,,
ROBOT_RELOC,,3,7,6,,0.0,,,
ROBOT_RELOC,,3,7,7,,0.0,,,
ROBOT_RELOC,,3,7,8,,0.0,,,
ROBOT_RELOC,,3,7,9,,0.0,,,
ROBOT_RELOC,,3,7,10,,0.0,,,
ROBOT_RELOC,,3,7,11,,0.0,,,
ROBOT_RELOC,,3,7,12,,0.0,,,
ROBOT_RELOC,,3,7,13,,0.0,,,
ROBOT_RELOC,,3,7,14,,0.0,,,
ROBOT_RELOC,,3,7,15,,0.0,,,
ROBOT_RELOC,,3,7,16,,0.0,,,
ROBOT_RELOC,,3,7,17,,0.0,,,
ROBOT_RELOC,,3,8,0,,0.0,,,
ROBOT_RELOC,,3,8,1,,0.0,,,
ROBOT_RELOC,,3,8,2,,0.0,,,
ROBOT_RELOC,,3,8,3,,0.0,,,
ROBOT_RELOC,,3,8,4,,0.0,,,
ROBOT_RELOC,,3,8,5,,0.0,,,
ROBOT_RELOC,,3,8,6,,0.0,,,
ROBOT_RELOC,,3,8,7,,0.0,,,
ROBOT_RELOC,,3,8,8,,0.0,,,
ROBOT_RELOC,,3,8,9,,0.0,,,
ROBOT_RELOC,,3,8,10,,0.0,,,
ROBOT_RELOC,,3,8,11,,0.0,,,
ROBOT_RELOC,,3,8,12,,0.0,,,
ROBOT_RELOC,,3,8,13,,0.0,,,
ROBOT_RELOC,,3,8,14,,0.0,,,
ROBOT_RELOC,,3,8,15,,0.0,,,
ROBOT_RELOC,,3,8,16,,0.0,,,
ROBOT_RELOC,,3,8,17,,0.0,,,
ROBOT_RELOC,,3,9,0,,0.0,,,
ROBOT_RELOC,,3,9,1,,0.0,,,
ROBOT_RELOC,,3,9,2,,0.0,,,
ROBOT_RELOC,,3,9,3,,0.0,,,
ROBOT_RELOC,,3,9,4,,0.0,,,
ROBOT_RELOC,,3,9,5,,0.0,,,
ROBOT_RELOC,,3,9,6,,0.0,,,
ROBOT_RELOC,,3,9,7,,0.0,,,
ROBOT_RELOC,,3,9,8,,0.0,,,
ROBOT_RELOC,,3,9,9,,0.0,,,
ROBOT_RELOC,,3,9,10,,0.0,,,
ROBOT_RELOC,,3,9,11,,0.0,,,
ROBOT_RELOC,,3,9,12,,0.0,,,
ROBOT_RELOC,,3,9,13,,0.0,,,
ROBOT_RELOC,,3,9,14,,0.0,,,
ROBOT_RELOC,,3,9,15,,0.0,,,
ROBOT_RELOC,,3,9,16,,0.0,,,
ROBOT_RELOC,,3,9,17,,0.0,,,
ROBOT_RELOC,,3,10,0,,0.0,,,
ROBOT_RELOC,,3,10,1,,0.0,,,
ROBOT_RELOC,,3,10,2,,0.0,,,
ROBOT_RELOC,,3,10,3,,0.0,,,
ROBOT_RELOC,,3,10,4,,0.0,,,
ROBOT_RELOC,,3,10,5,,0.0,,,
ROBOT_RELOC,,3,10,6,,0.0,,,
ROBOT_RELOC,,3,10,7,,0.0,,,
ROBOT_RELOC,,3,10,8,,0.0,,,
ROBOT_RELOC,,3,10,9,,0.0,,,
ROBOT_RELOC,,3,10,10,,0.0,,,
ROBOT_RELOC,,3,10,11,,0.0,,,
ROBOT_RELOC,,3,10,12,,0.0,,,
ROBOT_RELOC,,3,10,13,,0.0,,,
ROBOT_RELOC,,3,10,14,,0.0,,,
ROBOT_RELOC,,3,10,15,,0.0,,,
ROBOT_RELOC,,3,10,16,,0.0,,,
ROBOT_RELOC,,3,10,17,,0.0,,,
ROBOT_RELOC,,3,11,0,,0.0,,,
ROBOT_RELOC,,3,11,1,,0.0,,,
ROBOT_RELOC,,3,11,2,,0.0,,,
ROBOT_RELOC,,3,11,3,,0.0,,,
ROBOT_RELOC,,3,11,4,,0.0,,,
ROBOT_RELOC,,3,11,5,,0.0,,,
ROBOT_RELOC,,3,11,6,,0.0,,,
ROBOT_RELOC,,3,11,7,,0.0,,,
ROBOT_RELOC,,3,11,8,,0.0,,,
ROBOT_RELOC,,3,11,9,,0.0,,,
ROBOT_RELOC,,3,11,10,,0.0,,,
ROBOT_RELOC,,3,11,11,,0.0,,,
ROBOT_RELOC,,3,11,12,,0.0,,,
ROBOT_RELOC,,3,11,13,,0.0,,,
ROBOT_RELOC,,3,11,14,,0.0,,,
ROBOT_RELOC,,3,11,15,,0.0,,,
ROBOT_RELOC,,3,11,16,,0.0,,,
ROBOT_RELOC,,3,11,17,,0.0,,,
ROBOT_RELOC,,3,12,0,,0.0,,,
ROBOT_RELOC,,3,12,1,,0.0,,,
ROBOT_RELOC,,3,12,2,,0.0,,,
ROBOT_RELOC,,3,12,3,,0.0,,,
ROBOT_RELOC,,3,12,4,,0.0,,,
ROBOT_RELOC,,3,12,5,,0.0,,,
ROBOT_RELOC,,3,12,6,,0.0,,,
ROBOT_RELOC,,3,12,7,,0.0,,,
ROBOT_RELOC,,3,12,8,,0.0,,,
ROBOT_RELOC,,3,12,9,,0.0,,,
ROBOT_RELOC,,3,12,10,,0.0,,,
ROBOT_RELOC,,3,12,11,,0.0,,,
ROBOT_RELOC,,3,12,12,,0.0,,,
ROBOT_RELOC,,3,12,13,,0.0,,,
ROBOT_RELOC,,3,12,14,,0.0,,,
ROBOT_RELOC,,3,12,15,,0.0,,,
ROBOT_RELOC,,3,12,16,,0.0,,,
ROBOT_RELOC,,3,12,17,,0.0,,,
ROBOT_RELOC,,3,13,0,,0.0,,,
ROBOT_RELOC,,3,13,1,,0.0,,,
ROBOT_RELOC,,3,13,2,,0.0,,,
ROBOT_RELOC,,3,13,3,,0.0,,,
ROBOT_RELOC,,3,13,4,,0.0,,,
ROBOT_RELOC,,3,13,5,,0.0,,,
ROBOT_RELOC,,3,13,6,,0.0,,,
ROBOT_RELOC,,3,13,7,,0.0,,,
ROBOT_RELOC,,3,13,8,,0.0,,,
ROBOT_RELOC,,3,13,9,,0.0,,,
ROBOT_RELOC,,3,13,10,,0.0,,,
ROBOT_RELOC,,3,13,11,,0.0,,,
ROBOT_RELOC,,3,13,12,,0.0,,,
ROBOT_RELOC,,3,13,13,,0.0,,,
ROBOT_RELOC,,3,13,14,,0.0,,,
ROBOT_RELOC,,3,13,15,,0.0,,,
ROBOT_RELOC,,3,13,16,,0.0,,,
ROBOT_RELOC,,3,13,17,,0.0,,,
ROBOT_RELOC,,3,14,0,,0.0,,,
ROBOT_RELOC,,3,14,1,,0.0,,,
ROBOT_RELOC,,3,14,2,,0.0,,,
ROBOT_RELOC,,3,14,3,,0.0,,,
ROBOT_RELOC,,3,14,4,,0.0,,,
ROBOT_RELOC,,3,14,5,,0.0,,,
ROBOT_RELOC,,3,14,6,,0.0,,,
ROBOT_RELOC,,3,14,7,,0.0,,,
ROBOT_RELOC,,3,14,8,,0.0,,,
ROBOT_RELOC,,3,14,9,,0.0,,,
ROBOT_RELOC,,3,14,10,,0.0,,,
ROBOT_RELOC,,3,14,11,,0.0,,,
ROBOT_RELOC,,3,14,12,,0.0,,,
ROBOT_RELOC,,3,14,13,,0.0,,,
ROBOT_RELOC,,3,14,14,,0.0,,,
ROBOT_RELOC,,3,14,15,,0.0,,,
ROBOT_RELOC,,3,14,16,,0.0,,,
ROBOT_RELOC,,3,14,17,,0.0,,,
ROBOT_RELOC,,3,15,0,,0.0,,,
ROBOT_RELOC,,3,15,1,,0.0,,,
ROBOT_RELOC,,3,15,2,,0.0,,,
ROBOT_RELOC,,3,15,3,,0.0,,,
ROBOT_RELOC,,3,15,4,,0.0,,,
ROBOT_RELOC,,3,15,5,,0.0,,,
ROBOT_RELOC,,3,15,6,,0.0,,,
ROBOT_RELOC,,3,15,7,,0.0,,,
ROBOT_RELOC,,3,15,8,,0.0,,,
ROBOT_RELOC,,3,15,9,,0.0,,,
ROBOT_RELOC,,3,15,10,,0.0,,,
ROBOT_RELOC,,3,15,11,,0.0,,,
ROBOT_RELOC,,3,15,12,,0.0,,,
ROBOT_RELOC,,3,15,13,,0.0,,,
ROBOT_RELOC,,3,15,14,,0.0,,,
ROBOT_RELOC,,3,15,15,,0.0,,,
ROBOT_RELOC,,3,15,16,,0.0,,,
ROBOT_RELOC,,3,15,17,,0.0,,,
ROBOT_RELOC,,3,16,0,,0.0,,,
ROBOT_RELOC,,3,16,1,,0.0,,,
ROBOT_RELOC,,3,16,2,,0.0,,,
ROBOT_RELOC,,3,16,3,,0.0,,,
ROBOT_RELOC,,3,16,4,,0.0,,,
ROBOT_RELOC,,3,16,5,,0.0,,,
ROBOT_RELOC,,3,16,6,,0.0,,,
ROBOT_RELOC,,3,16,7,,0.0,,,
ROBOT_RELOC,,3,16,8,,0.0,,,
ROBOT_RELOC,,3,16,9,,0.0,,,
ROBOT_RELOC,,3,16,10,,0.0,,,
ROBOT_RELOC,,3,16,11,,0.0,,,
ROBOT_RELOC,,3,16,12,,0.0,,,
ROBOT_RELOC,,3,16,13,,0.0,,,
ROBOT_RELOC,,3,16,14,,0.0,,,
ROBOT_RELOC,,3,16,15,,0.0,,,
ROBOT_RELOC,,3,16,16,,0.0,,,
ROBOT_RELOC,,3,16,17,,0.0,,,
ROBOT_RELOC,,3,17,0,,0.0,,,
ROBOT_RELOC,,3,17,1,,0.0,,,
ROBOT_RELOC,,3,17,2,,0.0,,,
ROBOT_RELOC,,3,17,3,,0.0,,,
ROBOT_RELOC,,3,17,4,,0.0,,,
ROBOT_RELOC,,3,17,5,,0.0,,,
ROBOT_RELOC,,3,17,6,,0.0,,,
ROBOT_RELOC,,3,17,7,,0.0,,,
ROBOT_RELOC,,3,17,8,,0.0,,,
ROBOT_RELOC,,3,17,9,,0.0,,,
ROBOT_RELOC,,3,17,10,,0.0,,,
ROBOT_RELOC,,3,17,11,,0.0,,,
ROBOT_RELOC,,3,17,12,,0.0,,,
ROBOT_RELOC,,3,17,13,,0.0,,,
ROBOT_RELOC,,3,17,14,,0.0,,,
ROBOT_RELOC,,3,17,15,,0.0,,,
ROBOT_RELOC,,3,17,16,,0.0,,,
ROBOT_RELOC,,3,17,17,,0.0,,,
ROBOT_RELOC,,4,0,0,,0.0,,,
ROBOT_RELOC,,4,0,1,,0.0,,,
ROBOT_RELOC,,4,0,2,,0.0,,,
ROBOT_RELOC,,4,0,3,,0.0,,,
ROBOT_RELOC,,4,0,4,,0.0,,,
ROBOT_RELOC,,4,0,5,,0.0,,,
ROBOT_RELOC,,4,0,6,,0.0,,,
ROBOT_RELOC,,4,0,7,,0.0,,,
ROBOT_RELOC,,4,0,8,,0.0,,,
ROBOT_RELOC,,4,0,9,,0.0,,,
ROBOT_RELOC,,4,0,10,,0.0,,,
ROBOT_RELOC,,4,0,11,,0.0,,,
ROBOT_RELOC,,4,0,12,,0.0,,,
ROBOT_RELOC,,4,0,13,,0.0,,,
ROBOT_RELOC,,4,0,14,,0.0,,,
ROBOT_RELOC,,4,0,15,,0.0,,,
ROBOT_RELOC,,4,0,16,,0.0,,,
ROBOT_RELOC,,4,0,17,,0.0,,,
ROBOT_RELOC,,4,1,0,,0.0,,,
ROBOT_RELOC,,4,1,1,,0.0,,,
ROBOT_RELOC,,4,1,2,,0.0,,,
ROBOT_RELOC,,4,1,3,,0.0,,,
ROBOT_RELOC,,4,1,4,,0.0,,,
ROBOT_RELOC,,4,1,5,,0.0,,,
ROBOT_RELOC,,4,1,6,,0.0,,,
ROBOT_RELOC,,4,1,7,,0.0,,,
ROBOT_RELOC,,4,1,8,,0.0,,,
ROBOT_RELOC,,4,1,9,,0.0,,,
ROBOT_RELOC,,4,1,10,,0.0,,,
ROBOT_RELOC,,4,1,11,,0.0,,,
ROBOT_RELOC,,4,1,12,,0.0,,,
ROBOT_RELOC,,4,1,13,,0.0,,,
ROBOT_RELOC,,4,1,14,,0.0,,,
ROBOT_RELOC,,4,1,15,,0.0,,,
ROBOT_RELOC,,4,1,16,,0.0,,,
ROBOT_RELOC,,4,1,17,,0.0,,,
ROBOT_RELOC,,4,2,0,,0.0,,,
ROBOT_RELOC,,4,2,1,,0.0,,,
ROBOT_RELOC,,4,2,2,,0.0,,,
ROBOT_RELOC,,4,2,3,,0.0,,,
ROBOT_RELOC,,4,2,4,,0.0,,,
ROBOT_RELOC,,4,2,5,,0.0,,,
ROBOT_RELOC,,4,2,6,,0.0,,,
ROBOT_RELOC,,4,2,7,,0.0,,,
ROBOT_RELOC,,4,2,8,,0.0,,,
ROBOT_RELOC,,4,2,9,,0.0,,,
ROBOT_RELOC,,4,2,10,,0.0,,,
ROBOT_RELOC,,4,2,11,,0.0,,,
ROBOT_RELOC,,4,2,12,,0.0,,,
ROBOT_RELOC,,4,2,13,,0.0,,,
ROBOT_RELOC,,4,2,14,,0.0,,,
ROBOT_RELOC,,4,2,15,,0.0,,,
ROBOT_RELOC,,4,2,16,,0.0,,,
ROBOT_RELOC,,4,2,17,,0.0,,,
ROBOT_RELOC,,4,3,0,,0.0,,,
ROBOT_RELOC,,4,3,1,,0.0,,,
ROBOT_RELOC,,4,3,2,,0.0,,,
ROBOT_RELOC,,4,3,3,,0.0,,,
ROBOT_RELOC,,4,3,4,,0.0,,,
ROBOT_RELOC,,4,3,5,,0.0,,,
ROBOT_RELOC,,4,3,6,,0.0,,,
ROBOT_RELOC,,4,3,7,,0.0,,,
ROBOT_RELOC,,4,3,8,,0.0,,,
ROBOT_RELOC,,4,3,9,,0.0,,,
ROBOT_RELOC,,4,3,10,,0.0,,,
ROBOT_RELOC,,4,3,11,,0.0,,,
ROBOT_RELOC,,4,3,12,,0.0,,,
ROBOT_RELOC,,4,3,13,,0.0,,,
ROBOT_RELOC,,4,3,14,,0.0,,,
ROBOT_RELOC,,4,3,15,,0.0,,,
ROBOT_RELOC,,4,3,16,,0.0,,,
ROBOT_RELOC,,4,3,17,,0.0,,,
ROBOT_RELOC,,4,4,0,,0.0,,,
ROBOT_RELOC,,4,4,1,,0.0,,,
ROBOT_RELOC,,4,4,2,,0.0,,,
ROBOT_RELOC,,4,4,3,,0.0,,,
ROBOT_RELOC,,4,4,4,,0.0,,,
ROBOT_RELOC,,4,4,5,,0.0,,,
ROBOT_RELOC,,4,4,6,,0.0,,,
ROBOT_RELOC,,4,4,7,,0.0,,,
ROBOT_RELOC,,4,4,8,,0.0,,,
ROBOT_RELOC,,4,4,9,,0.0,,,
ROBOT_RELOC,,4,4,10,,0.0,,,
ROBOT_RELOC,,4,4,11,,0.0,,,
ROBOT_RELOC,,4,4,12,,0.0,,,
ROBOT_RELOC,,4,4,13,,0.0,,,
ROBOT_RELOC,,4,4,14,,0.0,,,
ROBOT_RELOC,,4,4,15,,0.0,,,
ROBOT_RELOC,,4,4,16,,0.0,,,
ROBOT_RELOC,,4,4,17,,0.0,,,
ROBOT_RELOC,,4,5,0,,0.0,,,
ROBOT_RELOC,,4,5,1,,0.0,,,
ROBOT_RELOC,,4,5,2,,0.0,,,
ROBOT_RELOC,,4,5,3,,0.0,,,
ROBOT_RELOC,,4,5,4,,0.0,,,
ROBOT_RELOC,,4,5,5,,0.0,,,
ROBOT_RELOC,,4,5,6,,0.0,,,
ROBOT_RELOC,,4,5,7,,0.0,,,
ROBOT_RELOC,,4,5,8,,0.0,,,
ROBOT_RELOC,,4,5,9,,0.0,,,
ROBOT_RELOC,,4,5,10,,0.0,,,
ROBOT_RELOC,,4,5,11,,0.0,,,
ROBOT_RELOC,,4,5,12,,0.0,,,
ROBOT_RELOC,,4,5,13,,0.0,,,
ROBOT_RELOC,,4,5,14,,0.0,,,
ROBOT_RELOC,,4,5,15,,0.0,,,
ROBOT_RELOC,,4,5,16,,0.0,,,
ROBOT_RELOC,,4,5,17,,0.0,,,
ROBOT_RELOC,,4,6,0,,0.0,,,
ROBOT_RELOC,,4,6,1,,0.0,,,
ROBOT_RELOC,,4,6,2,,0.0,,,
ROBOT_RELOC,,4,6,3,,0.0,,,
ROBOT_RELOC,,4,6,4,,0.0,,,
ROBOT_RELOC,,4,6,5,,0.0,,,
ROBOT_RELOC,,4,6,6,,0.0,,,
ROBOT_RELOC,,4,6,7,,0.0,,,
ROBOT_RELOC,,4,6,8,,0.0,,,
ROBOT_RELOC,,4,6,9,,0.0,,,
ROBOT_RELOC,,4,6,10,,0.0,,,
ROBOT_RELOC,,4,6,11,,0.0,,,
ROBOT_RELOC,,4,6,12,,0.0,,,
ROBOT_RELOC,,4,6,13,,0.0,,,
ROBOT_RELOC,,4,6,14,,0.0,,,
ROBOT_RELOC,,4,6,15,,0.0,,,
ROBOT_RELOC,,4,6,16,,0.0,,,
ROBOT_RELOC,,4,6,17,,0.0,,,
ROBOT_RELOC,,4,7,0,,0.0,,,
ROBOT_RELOC,,4,7,1,,0.0,,,
ROBOT_RELOC,,4,7,2,,0.0,,,
ROBOT_RELOC,,4,7,3,,0.0,,,
ROBOT_RELOC,,4,7,4,,0.0,,,
ROBOT_RELOC,,4,7,5,,0.0,,,
ROBOT_RELOC,,4,7,6,,0.0,,,
ROBOT_RELOC,,4,7,7,,0.0,,,
ROBOT_RELOC,,4,7,8,,0.0,,,
ROBOT_RELOC,,4,7,9,,0.0,,,
ROBOT_RELOC,,4,7,10,,0.0,,,
ROBOT_RELOC,,4,7,11,,0.0,,,
ROBOT_RELOC,,4,7,12,,0.0,,,
ROBOT_RELOC,,4,7,13,,0.0,,,
ROBOT_RELOC,,4,7,14,,0.0,,,
ROBOT_RELOC,,4,7,15,,0.0,,,
ROBOT_RELOC,,4,7,16,,0.0,,,
ROBOT_RELOC,,4,7,17,,0.0,,,
ROBOT_RELOC,,4,8,0,,0.0,,,
ROBOT_RELOC,,4,8,1,,0.0,,,
ROBOT_RELOC,,4,8,2,,0.0,,,
ROBOT_RELOC,,4,8,3,,0.0,,,
ROBOT_RELOC,,4,8,4,,0.0,,,
ROBOT_RELOC,,4,8,5,,0.0,,,
ROBOT_RELOC,,4,8,6,,0.0,,,
ROBOT_RELOC,,4,8,7,,0.0,,,
ROBOT_RELOC,,4,8,8,,0.0,,,
ROBOT_RELOC,,4,8,9,,0.0,,,
ROBOT_RELOC,,4,8,10,,0.0,,,
ROBOT_RELOC,,4,8,11,,0.0,,,
ROBOT_RELOC,,4,8,12,,0.0,,,
ROBOT_RELOC,,4,8,13,,0.0,,,
ROBOT_RELOC,,4,8,14,,0.0,,,
ROBOT_RELOC,,4,8,15,,0.0,,,
ROBOT_RELOC,,4,8,16,,0.0,,,
ROBOT_RELOC,,4,8,17,,0.0,,,
ROBOT_RELOC,,4,9,0,,0.0,,,
ROBOT_RELOC,,4,9,1,,0.0,,,
ROBOT_RELOC,,4,9,2,,0.0,,,
ROBOT_RELOC,,4,9,3,,0.0,,,
ROBOT_RELOC,,4,9,4,,0.0,,,
ROBOT_RELOC,,4,9,5,,0.0,,,
ROBOT_RELOC,,4,9,6,,0.0,,,
ROBOT_RELOC,,4,9,7,,0.0,,,
ROBOT_RELOC,,4,9,8,,0.0,,,
ROBOT_RELOC,,4,9,9,,0.0,,,
ROBOT_RELOC,,4,9,10,,0.0,,,
ROBOT_RELOC,,4,9,11,,0.0,,,
ROBOT_RELOC,,4,9,12,,0.0,,,
ROBOT_RELOC,,4,9,13,,0.0,,,
ROBOT_RELOC,,4,9,14,,0.0,,,
ROBOT_RELOC,,4,9,15,,0.0,,,
ROBOT_RELOC,,4,9,16,,0.0,,,
ROBOT_RELOC,,4,9,17,,0.0,,,
ROBOT_RELOC,,4,10,0,,0.0,,,
ROBOT_RELOC,,4,10,1,,0.0,,,
ROBOT_RELOC,,4,10,2,,0.0,,,
ROBOT_RELOC,,4,10,3,,0.0,,,
ROBOT_RELOC,,4,10,4,,0.0,,,
ROBOT_RELOC,,4,10,5,,0.0,,,
ROBOT_RELOC,,4,10,6,,0.0,,,
ROBOT_RELOC,,4,10,7,,0.0,,,
ROBOT_RELOC,,4,10,8,,0.0,,,
ROBOT_RELOC,,4,10,9,,0.0,,,
ROBOT_RELOC,,4,10,10,,0.0,,,
ROBOT_RELOC,,4,10,11,,0.0,,,
ROBOT_RELOC,,4,10,12,,0.0,,,
ROBOT_RELOC,,4,10,13,,0.0,,,
ROBOT_RELOC,,4,10,14,,0.0,,,
ROBOT_RELOC,,4,10,15,,0.0,,,
ROBOT_RELOC,,4,10,16,,0.0,,,
ROBOT_RELOC,,4,10,17,,0.0,,,
ROBOT_RELOC,,4,11,0,,0.0,,,
ROBOT_RELOC,,4,11,1,,0.0,,,
ROBOT_RELOC,,4,11,2,,0.0,,,
ROBOT_RELOC,,4,11,3,,0.0,,,
ROBOT_RELOC,,4,11,4,,0.0,,,
ROBOT_RELOC,,4,11,5,,0.0,,,
ROBOT_RELOC,,4,11,6,,0.0,,,
ROBOT_RELOC,,4,11,7,,0.0,,,
ROBOT_RELOC,,4,11,8,,0.0,,,
ROBOT_RELOC,,4,11,9,,0.0,,,
ROBOT_RELOC,,4,11,10,,0.0,,,
ROBOT_RELOC,,4,11,11,,0.0,,,
ROBOT_RELOC,,4,11,12,,0.0,,,
ROBOT_RELOC,,4,11,13,,0.0,,,
ROBOT_RELOC,,4,11,14,,0.0,,,
ROBOT_RELOC,,4,11,15,,0.0,,,
ROBOT_RELOC,,4,11,16,,0.0,,,
ROBOT_RELOC,,4,11,17,,0.0,,,
ROBOT_RELOC,,4,12,0,,0.0,,,
ROBOT_RELOC,,4,12,1,,0.0,,,
ROBOT_RELOC,,4,12,2,,0.0,,,
ROBOT_RELOC,,4,12,3,,0.0,,,
ROBOT_RELOC,,4,12,4,,0.0,,,
ROBOT_RELOC,,4,12,5,,0.0,,,
ROBOT_RELOC,,4,12,6,,0.0,,,
ROBOT_RELOC,,4,12,7,,0.0,,,
ROBOT_RELOC,,4,12,8,,0.0,,,
ROBOT_RELOC,,4,12,9,,0.0,,,
ROBOT_RELOC,,4,12,10,,0.0,,,
ROBOT_RELOC,,4,12,11,,0.0,,,
ROBOT_RELOC,,4,12,12,,0.0,,,
ROBOT_RELOC,,4,12,13,,0.0,,,
ROBOT_RELOC,,4,12,14,,0.0,,,
ROBOT_RELOC,,4,12,15,,0.0,,,
ROBOT_RELOC,,4,12,16,,0.0,,,
ROBOT_RELOC,,4,12,17,,0.0,,,
ROBOT_RELOC,,4,13,0,,0.0,,,
ROBOT_RELOC,,4,13,1,,0.0,,,
ROBOT_RELOC,,4,13,2,,0.0,,,
ROBOT_RELOC,,4,13,3,,0.0,,,
ROBOT_RELOC,,4,13,4,,0.0,,,
ROBOT_RELOC,,4,13,5,,0.0,,,
ROBOT_RELOC,,4,13,6,,0.0,,,
ROBOT_RELOC,,4,13,7,,0.0,,,
ROBOT_RELOC,,4,13,8,,0.0,,,
ROBOT_RELOC,,4,13,9,,0.0,,,
ROBOT_RELOC,,4,13,10,,0.0,,,
ROBOT_RELOC,,4,13,11,,0.0,,,
ROBOT_RELOC,,4,13,12,,0.0,,,
ROBOT_RELOC,,4,13,13,,0.0,,,
ROBOT_RELOC,,4,13,14,,0.0,,,
ROBOT_RELOC,,4,13,15,,0.0,,,
ROBOT_RELOC,,4,13,16,,0.0,,,
ROBOT_RELOC,,4,13,17,,0.0,,,
ROBOT_RELOC,,4,14,0,,0.0,,,
ROBOT_RELOC,,4,14,1,,0.0,,,
ROBOT_RELOC,,4,14,2,,0.0,,,
ROBOT_RELOC,,4,14,3,,0.0,,,
ROBOT_RELOC,,4,14,4,,0.0,,,
ROBOT_RELOC,,4,14,5,,0.0,,,
ROBOT_RELOC,,4,14,6,,0.0,,,
ROBOT_RELOC,,4,14,7,,0.0,,,
ROBOT_RELOC,,4,14,8,,0.0,,,
ROBOT_RELOC,,4,14,9,,0.0,,,
ROBOT_RELOC,,4,14,10,,0.0,,,
ROBOT_RELOC,,4,14,11,,0.0,,,
ROBOT_RELOC,,4,14,12,,0.0,,,
ROBOT_RELOC,,4,14,13,,0.0,,,
ROBOT_RELOC,,4,14,14,,0.0,,,
ROBOT_RELOC,,4,14,15,,0.0,,,
ROBOT_RELOC,,4,14,16,,0.0,,,
ROBOT_RELOC,,4,14,17,,0.0,,,
ROBOT_RELOC,,4,15,0,,0.0,,,
ROBOT_RELOC,,4,15,1,,0.0,,,
ROBOT_RELOC,,4,15,2,,0.0,,,
ROBOT_RELOC,,4,15,3,,0.0,,,
ROBOT_RELOC,,4,15,4,,0.0,,,
ROBOT_RELOC,,4,15,5,,0.0,,,
ROBOT_RELOC,,4,15,6,,0.0,,,
ROBOT_RELOC,,4,15,7,,0.0,,,
ROBOT_RELOC,,4,15,8,,0.0,,,
ROBOT_RELOC,,4,15,9,,0.0,,,
ROBOT_RELOC,,4,15,10,,0.0,,,
ROBOT_RELOC,,4,15,11,,0.0,,,
ROBOT_RELOC,,4,15,12,,0.0,,,
ROBOT_RELOC,,4,15,13,,0.0,,,
ROBOT_RELOC,,4,15,14,,0.0,,,
ROBOT_RELOC,,4,15,15,,0.0,,,
ROBOT_RELOC,,4,15,16,,0.0,,,
ROBOT_RELOC,,4,15,17,,0.0,,,
ROBOT_RELOC,,4,16,0,,0.0,,,
ROBOT_RELOC,,4,16,1,,0.0,,,
ROBOT_RELOC,,4,16,2,,0.0,,,
ROBOT_RELOC,,4,16,3,,0.0,,,
ROBOT_RELOC,,4,16,4,,0.0,,,
ROBOT_RELOC,,4,16,5,,0.0,,,
ROBOT_RELOC,,4,16,6,,0.0,,,
ROBOT_RELOC,,4,16,7,,0.0,,,
ROBOT_RELOC,,4,16,8,,0.0,,,
ROBOT_RELOC,,4,16,9,,0.0,,,
ROBOT_RELOC,,4,16,10,,0.0,,,
ROBOT_RELOC,,4,16,11,,0.0,,,
ROBOT_RELOC,,4,16,12,,0.0,,,
ROBOT_RELOC,,4,16,13,,0.0,,,
ROBOT_RELOC,,4,16,14,,0.0,,,
ROBOT_RELOC,,4,16,15,,0.0,,,
ROBOT_RELOC,,4,16,16,,0.0,,,
ROBOT_RELOC,,4,16,17,,0.0,,,
ROBOT_RELOC,,4,17,0,,0.0,,,
ROBOT_RELOC,,4,17,1,,0.0,,,
ROBOT_RELOC,,4,17,2,,0.0,,,
ROBOT_RELOC,,4,17,3,,0.0,,,
ROBOT_RELOC,,4,17,4,,0.0,,,
ROBOT_RELOC,,4,17,5,,0.0,,,
ROBOT_RELOC,,4,17,6,,0.0,,,
ROBOT_RELOC,,4,17,7,,0.0,,,
ROBOT_RELOC,,4,17,8,,0.0,,,
ROBOT_RELOC,,4,17,9,,0.0,,,
ROBOT_RELOC,,4,17,10,,0.0,,,
ROBOT_RELOC,,4,17,11,,0.0,,,
ROBOT_RELOC,,4,17,12,,0.0,,,
ROBOT_RELOC,,4,17,13,,0.0,,,
ROBOT_RELOC,,4,17,14,,0.0,,,
ROBOT_RELOC,,4,17,15,,0.0,,,
ROBOT_RELOC,,4,17,16,,0.0,,,
ROBOT_RELOC,,4,17,17,,0.0,,,
ROBOT_RELOC,,5,0,0,,0.0,,,
ROBOT_RELOC,,5,0,1,,0.0,,,
ROBOT_RELOC,,5,0,2,,0.0,,,
ROBOT_RELOC,,5,0,3,,0.0,,,
ROBOT_RELOC,,5,0,4,,0.0,,,
ROBOT_RELOC,,5,0,5,,0.0,,,
ROBOT_RELOC,,5,0,6,,0.0,,,
ROBOT_RELOC,,5,0,7,,0.0,,,
ROBOT_RELOC,,5,0,8,,0.0,,,
ROBOT_RELOC,,5,0,9,,0.0,,,
ROBOT_RELOC,,5,0,10,,0.0,,,
ROBOT_RELOC,,5,0,11,,0.0,,,
ROBOT_RELOC,,5,0,12,,0.0,,,
ROBOT_RELOC,,5,0,13,,0.0,,,
ROBOT_RELOC,,5,0,14,,0.0,,,
ROBOT_RELOC,,5,0,15,,0.0,,,
ROBOT_RELOC,,5,0,16,,0.0,,,
ROBOT_RELOC,,5,0,17,,0.0,,,
ROBOT_RELOC,,5,1,0,,0.0,,,
ROBOT_RELOC,,5,1,1,,0.0,,,
ROBOT_RELOC,,5,1,2,,0.0,,,
ROBOT_RELOC,,5,1,3,,0.0,,,
ROBOT_RELOC,,5,1,4,,0.0,,,
ROBOT_RELOC,,5,1,5,,0.0,,,
ROBOT_RELOC,,5,1,6,,0.0,,,
ROBOT_RELOC,,5,1,7,,0.0,,,
ROBOT_RELOC,,5,1,8,,0.0,,,
ROBOT_RELOC,,5,1,9,,0.0,,,
ROBOT_RELOC,,5,1,10,,0.0,,,
ROBOT_RELOC,,5,1,11,,0.0,,,
ROBOT_RELOC,,5,1,12,,0.0,,,
ROBOT_RELOC,,5,1,13,,0.0,,,
ROBOT_RELOC,,5,1,14,,0.0,,,
ROBOT_RELOC,,5,1,15,,0.0,,,
ROBOT_RELOC,,5,1,16,,0.0,,,
ROBOT_RELOC,,5,1,17,,0.0,,,
ROBOT_RELOC,,5,2,0,,0.0,,,
ROBOT_RELOC,,5,2,1,,0.0,,,
ROBOT_RELOC,,5,2,2,,0.0,,,
ROBOT_RELOC,,5,2,3,,0.0,,,
ROBOT_RELOC,,5,2,4,,0.0,,,
ROBOT_RELOC,,5,2,5,,0.0,,,
ROBOT_RELOC,,5,2,6,,0.0,,,
ROBOT_RELOC,,5,2,7,,0.0,,,
ROBOT_RELOC,,5,2,8,,0.0,,,
ROBOT_RELOC,,5,2,9,,0.0,,,
ROBOT_RELOC,,5,2,10,,0.0,,,
ROBOT_RELOC,,5,2,11,,0.0,,,
ROBOT_RELOC,,5,2,12,,0.0,,,
ROBOT_RELOC,,5,2,13,,0.0,,,
ROBOT_RELOC,,5,2,14,,0.0,,,
ROBOT_RELOC,,5,2,15,,0.0,,,
ROBOT_RELOC,,5,2,16,,0.0,,,
ROBOT_RELOC,,5,2,17,,0.0,,,
ROBOT_RELOC,,5,3,0,,0.0,,,
ROBOT_RELOC,,5,3,1,,0.0,,,
ROBOT_RELOC,,5,3,2,,0.0,,,
ROBOT_RELOC,,5,3,3,,0.0,,,
ROBOT_RELOC,,5,3,4,,0.0,,,
ROBOT_RELOC,,5,3,5,,0.0,,,
ROBOT_RELOC,,5,3,6,,0.0,,,
ROBOT_RELOC,,5,3,7,,0.0,,,
ROBOT_RELOC,,5,3,8,,0.0,,,
ROBOT_RELOC,,5,3,9,,0.0,,,
ROBOT_RELOC,,5,3,10,,0.0,,,
ROBOT_RELOC,,5,3,11,,0.0,,,
ROBOT_RELOC,,5,3,12,,0.0,,,
ROBOT_RELOC,,5,3,13,,0.0,,,
ROBOT_RELOC,,5,3,14,,0.0,,,
ROBOT_RELOC,,5,3,15,,0.0,,,
ROBOT_RELOC,,5,3,16,,0.0,,,
ROBOT_RELOC,,5,3,17,,0.0,,,
ROBOT_RELOC,,5,4,0,,0.0,,,
ROBOT_RELOC,,5,4,1,,0.0,,,
ROBOT_RELOC,,5,4,2,,0.0,,,
ROBOT_RELOC,,5,4,3,,0.0,,,
ROBOT_RELOC,,5,4,4,,0.0,,,
ROBOT_RELOC,,5,4,5,,0.0,,,
ROBOT_RELOC,,5,4,6,,0.0,,,
ROBOT_RELOC,,5,4,7,,0.0,,,
ROBOT_RELOC,,5,4,8,,0.0,,,
ROBOT_RELOC,,5,4,9,,0.0,,,
ROBOT_RELOC,,5,4,10,,0.0,,,
ROBOT_RELOC,,5,4,11,,0.0,,,
ROBOT_RELOC,,5,4,12,,0.0,,,
ROBOT_RELOC,,5,4,13,,0.0,,,
ROBOT_RELOC,,5,4,14,,0.0,,,
ROBOT_RELOC,,5,4,15,,0.0,,,
ROBOT_RELOC,,5,4,16,,0.0,,,
ROBOT_RELOC,,5,4,17,,0.0,,,
ROBOT_RELOC,,5,5,0,,0.0,,,
ROBOT_RELOC,,5,5,1,,0.0,,,
ROBOT_RELOC,,5,5,2,,0.0,,,
ROBOT_RELOC,,5,5,3,,0.0,,,
ROBOT_RELOC,,5,5,4,,0.0,,,
ROBOT_RELOC,,5,5,5,,0.0,,,
ROBOT_RELOC,,5,5,6,,0.0,,,
ROBOT_RELOC,,5,5,7,,0.0,,,
ROBOT_RELOC,,5,5,8,,0.0,,,
ROBOT_RELOC,,5,5,9,,0.0,,,
ROBOT_RELOC,,5,5,10,,0.0,,,
ROBOT_RELOC,,5,5,11,,0.0,,,
ROBOT_RELOC,,5,5,12,,0.0,,,
ROBOT_RELOC,,5,5,13,,0.0,,,
ROBOT_RELOC,,5,5,14,,0.0,,,
ROBOT_RELOC,,5,5,15,,0.0,,,
ROBOT_RELOC,,5,5,16,,0.0,,,
ROBOT_RELOC,,5,5,17,,0.0,,,
ROBOT_RELOC,,5,6,0,,0.0,,,
ROBOT_RELOC,,5,6,1,,0.0,,,
ROBOT_RELOC,,5,6,2,,0.0,,,
ROBOT_RELOC,,5,6,3,,0.0,,,
ROBOT_RELOC,,5,6,4,,0.0,,,
ROBOT_RELOC,,5,6,5,,0.0,,,
ROBOT_RELOC,,5,6,6,,0.0,,,
ROBOT_RELOC,,5,6,7,,0.0,,,
ROBOT_RELOC,,5,6,8,,0.0,,,
ROBOT_RELOC,,5,6,9,,0.0,,,
ROBOT_RELOC,,5,6,10,,0.0,,,
ROBOT_RELOC,,5,6,11,,0.0,,,
ROBOT_RELOC,,5,6,12,,0.0,,,
ROBOT_RELOC,,5,6,13,,0.0,,,
ROBOT_RELOC,,5,6,14,,0.0,,,
ROBOT_RELOC,,5,6,15,,0.0,,,
ROBOT_RELOC,,5,6,16,,0.0,,,
ROBOT_RELOC,,5,6,17,,0.0,,,
ROBOT_RELOC,,5,7,0,,0.0,,,
ROBOT_RELOC,,5,7,1,,0.0,,,
ROBOT_RELOC,,5,7,2,,0.0,,,
ROBOT_RELOC,,5,7,3,,0.0,,,
ROBOT_RELOC,,5,7,4,,0.0,,,
ROBOT_RELOC,,5,7,5,,0.0,,,
ROBOT_RELOC,,5,7,6,,0.0,,,
ROBOT_RELOC,,5,7,7,,0.0,,,
ROBOT_RELOC,,5,7,8,,0.0,,,
ROBOT_RELOC,,5,7,9,,0.0,,,
ROBOT_RELOC,,5,7,10,,0.0,,,
ROBOT_RELOC,,5,7,11,,0.0,,,
ROBOT_RELOC,,5,7,12,,0.0,,,
ROBOT_RELOC,,5,7,13,,0.0,,,
ROBOT_RELOC,,5,7,14,,0.0,,,
ROBOT_RELOC,,5,7,15,,0.0,,,
ROBOT_RELOC,,5,7,16,,0.0,,,
ROBOT_RELOC,,5,7,17,,0.0,,,
ROBOT_RELOC,,5,8,0,,0.0,,,
ROBOT_RELOC,,5,8,1,,0.0,,,
ROBOT_RELOC,,5,8,2,,0.0,,,
ROBOT_RELOC,,5,8,3,,0.0,,,
ROBOT_RELOC,,5,8,4,,0.0,,,
ROBOT_RELOC,,5,8,5,,0.0,,,
ROBOT_RELOC,,5,8,6,,0.0,,,
ROBOT_RELOC,,5,8,7,,0.0,,,
ROBOT_RELOC,,5,8,8,,0.0,,,
ROBOT_RELOC,,5,8,9,,0.0,,,
ROBOT_RELOC,,5,8,10,,0.0,,,
ROBOT_RELOC,,5,8,11,,0.0,,,
ROBOT_RELOC,,5,8,12,,0.0,,,
ROBOT_RELOC,,5,8,13,,0.0,,,
ROBOT_RELOC,,5,8,14,,0.0,,,
ROBOT_RELOC,,5,8,15,,0.0,,,
ROBOT_RELOC,,5,8,16,,0.0,,,
ROBOT_RELOC,,5,8,17,,0.0,,,
ROBOT_RELOC,,5,9,0,,0.0,,,
ROBOT_RELOC,,5,9,1,,0.0,,,
ROBOT_RELOC,,5,9,2,,0.0,,,
ROBOT_RELOC,,5,9,3,,0.0,,,
ROBOT_RELOC,,5,9,4,,0.0,,,
ROBOT_RELOC,,5,9,5,,0.0,,,
ROBOT_RELOC,,5,9,6,,0.0,,,
ROBOT_RELOC,,5,9,7,,0.0,,,
ROBOT_RELOC,,5,9,8,,0.0,,,
ROBOT_RELOC,,5,9,9,,0.0,,,
ROBOT_RELOC,,5,9,10,,0.0,,,
ROBOT_RELOC,,5,9,11,,0.0,,,
ROBOT_RELOC,,5,9,12,,0.0,,,
ROBOT_RELOC,,5,9,13,,0.0,,,
ROBOT_RELOC,,5,9,14,,0.0,,,
ROBOT_RELOC,,5,9,15,,0.0,,,
ROBOT_RELOC,,5,9,16,,0.0,,,
ROBOT_RELOC,,5,9,17,,0.0,,,
ROBOT_RELOC,,5,10,0,,0.0,,,
ROBOT_RELOC,,5,10,1,,0.0,,,
ROBOT_RELOC,,5,10,2,,0.0,,,
ROBOT_RELOC,,5,10,3,,0.0,,,
ROBOT_RELOC,,5,10,4,,0.0,,,
ROBOT_RELOC,,5,10,5,,0.0,,,
ROBOT_RELOC,,5,10,6,,0.0,,,
ROBOT_RELOC,,5,10,7,,0.0,,,
ROBOT_RELOC,,5,10,8,,0.0,,,
ROBOT_RELOC,,5,10,9,,0.0,,,
ROBOT_RELOC,,5,10,10,,0.0,,,
ROBOT_RELOC,,5,10,11,,0.0,,,
ROBOT_RELOC,,5,10,12,,0.0,,,
ROBOT_RELOC,,5,10,13,,0.0,,,
ROBOT_RELOC,,5,10,14,,0.0,,,
ROBOT_RELOC,,5,10,15,,0.0,,,
ROBOT_RELOC,,5,10,16,,0.0,,,
ROBOT_RELOC,,5,10,17,,0.0,,,
ROBOT_RELOC,,5,11,0,,0.0,,,
ROBOT_RELOC,,5,11,1,,0.0,,,
ROBOT_RELOC,,5,11,2,,0.0,,,
ROBOT_RELOC,,5,11,3,,0.0,,,
ROBOT_RELOC,,5,11,4,,0.0,,,
ROBOT_RELOC,,5,11,5,,0.0,,,
ROBOT_RELOC,,5,11,6,,0.0,,,
ROBOT_RELOC,,5,11,7,,0.0,,,
ROBOT_RELOC,,5,11,8,,0.0,,,
ROBOT_RELOC,,5,11,9,,0.0,,,
ROBOT_RELOC,,5,11,10,,0.0,,,
ROBOT_RELOC,,5,11,11,,0.0,,,
ROBOT_RELOC,,5,11,12,,0.0,,,
ROBOT_RELOC,,5,11,13,,0.0,,,
ROBOT_RELOC,,5,11,14,,0.0,,,
ROBOT_RELOC,,5,11,15,,0.0,,,
ROBOT_RELOC,,5,11,16,,0.0,,,
ROBOT_RELOC,,5,11,17,,0.0,,,
ROBOT_RELOC,,5,12,0,,0.0,,,
ROBOT_RELOC,,5,12,1,,0.0,,,
ROBOT_RELOC,,5,12,2,,0.0,,,
ROBOT_RELOC,,5,12,3,,0.0,,,
ROBOT_RELOC,,5,12,4,,0.0,,,
ROBOT_RELOC,,5,12,5,,0.0,,,
ROBOT_RELOC,,5,12,6,,0.0,,,
ROBOT_RELOC,,5,12,7,,0.0,,,
ROBOT_RELOC,,5,12,8,,0.0,,,
ROBOT_RELOC,,5,12,9,,0.0,,,
ROBOT_RELOC,,5,12,10,,0.0,,,
ROBOT_RELOC,,5,12,11,,0.0,,,
ROBOT_RELOC,,5,12,12,,0.0,,,
ROBOT_RELOC,,5,12,13,,0.0,,,
ROBOT_RELOC,,5,12,14,,0.0,,,
ROBOT_RELOC,,5,12,15,,0.0,,,
ROBOT_RELOC,,5,12,16,,0.0,,,
ROBOT_RELOC,,5,12,17,,0.0,,,
ROBOT_RELOC,,5,13,0,,0.0,,,
ROBOT_RELOC,,5,13,1,,0.0,,,
ROBOT_RELOC,,5,13,2,,0.0,,,
ROBOT_RELOC,,5,13,3,,0.0,,,
ROBOT_RELOC,,5,13,4,,0.0,,,
ROBOT_RELOC,,5,13,5,,0.0,,,
ROBOT_RELOC,,5,13,6,,0.0,,,
ROBOT_RELOC,,5,13,7,,0.0,,,
ROBOT_RELOC,,5,13,8,,0.0,,,
ROBOT_RELOC,,5,13,9,,0.0,,,
ROBOT_RELOC,,5,13,10,,0.0,,,
ROBOT_RELOC,,5,13,11,,0.0,,,
ROBOT_RELOC,,5,13,12,,0.0,,,
ROBOT_RELOC,,5,13,13,,0.0,,,
ROBOT_RELOC,,5,13,14,,0.0,,,
ROBOT_RELOC,,5,13,15,,0.0,,,
ROBOT_RELOC,,5,13,16,,0.0,,,
ROBOT_RELOC,,5,13,17,,0.0,,,
ROBOT_RELOC,,5,14,0,,0.0,,,
ROBOT_RELOC,,5,14,1,,0.0,,,
ROBOT_RELOC,,5,14,2,,0.0,,,
ROBOT_RELOC,,5,14,3,,0.0,,,
ROBOT_RELOC,,5,14,4,,0.0,,,
ROBOT_RELOC,,5,14,5,,0.0,,,
ROBOT_RELOC,,5,14,6,,0.0,,,
ROBOT_RELOC,,5,14,7,,0.0,,,
ROBOT_RELOC,,5,14,8,,0.0,,,
ROBOT_RELOC,,5,14,9,,0.0,,,
ROBOT_RELOC,,5,14,10,,0.0,,,
ROBOT_RELOC,,5,14,11,,0.0,,,
ROBOT_RELOC,,5,14,12,,0.0,,,
ROBOT_RELOC,,5,14,13,,0.0,,,
ROBOT_RELOC,,5,14,14,,0.0,,,
ROBOT_RELOC,,5,14,15,,0.0,,,
ROBOT_RELOC,,5,14,16,,0.0,,,
ROBOT_RELOC,,5,14,17,,0.0,,,
ROBOT_RELOC,,5,15,0,,0.0,,,
ROBOT_RELOC,,5,15,1,,0.0,,,
ROBOT_RELOC,,5,15,2,,0.0,,,
ROBOT_RELOC,,5,15,3,,0.0,,,
ROBOT_RELOC,,5,15,4,,0.0,,,
ROBOT_RELOC,,5,15,5,,0.0,,,
ROBOT_RELOC,,5,15,6,,0.0,,,
ROBOT_RELOC,,5,15,7,,0.0,,,
ROBOT_RELOC,,5,15,8,,0.0,,,
ROBOT_RELOC,,5,15,9,,0.0,,,
ROBOT_RELOC,,5,15,10,,0.0,,,
ROBOT_RELOC,,5,15,11,,0.0,,,
ROBOT_RELOC,,5,15,12,,0.0,,,
ROBOT_RELOC,,5,15,13,,0.0,,,
ROBOT_RELOC,,5,15,14,,0.0,,,
ROBOT_RELOC,,5,15,15,,0.0,,,
ROBOT_RELOC,,5,15,16,,0.0,,,
ROBOT_RELOC,,5,15,17,,0.0,,,
ROBOT_RELOC,,5,16,0,,0.0,,,
ROBOT_RELOC,,5,16,1,,0.0,,,
ROBOT_RELOC,,5,16,2,,0.0,,,
ROBOT_RELOC,,5,16,3,,0.0,,,
ROBOT_RELOC,,5,16,4,,0.0,,,
ROBOT_RELOC,,5,16,5,,0.0,,,
ROBOT_RELOC,,5,16,6,,0.0,,,
ROBOT_RELOC,,5,16,7,,0.0,,,
ROBOT_RELOC,,5,16,8,,0.0,,,
ROBOT_RELOC,,5,16,9,,0.0,,,
ROBOT_RELOC,,5,16,10,,0.0,,,
ROBOT_RELOC,,5,16,11,,0.0,,,
ROBOT_RELOC,,5,16,12,,0.0,,,
ROBOT_RELOC,,5,16,13,,0.0,,,
ROBOT_RELOC,,5,16,14,,0.0,,,
ROBOT_RELOC,,5,16,15,,0.0,,,
ROBOT_RELOC,,5,16,16,,0.0,,,
ROBOT_RELOC,,5,16,17,,0.0,,,
ROBOT_RELOC,,5,17,0,,0.0,,,
ROBOT_RELOC,,5,17,1,,0.0,,,
ROBOT_RELOC,,5,17,2,,0.0,,,
ROBOT_RELOC,,5,17,3,,0.0,,,
ROBOT_RELOC,,5,17,4,,0.0,,,
ROBOT_RELOC,,5,17,5,,0.0,,,
ROBOT_RELOC,,5,17,6,,0.0,,,
ROBOT_RELOC,,5,17,7,,0.0,,,
ROBOT_RELOC,,5,17,8,,0.0,,,
ROBOT_RELOC,,5,17,9,,0.0,,,
ROBOT_RELOC,,5,17,10,,0.0,,,
ROBOT_RELOC,,5,17,11,,0.0,,,
ROBOT_RELOC,,5,17,12,,0.0,,,
ROBOT_RELOC,,5,17,13,,0.0,,,
ROBOT_RELOC,,5,17,14,,0.0,,,
ROBOT_RELOC,,5,17,15,,0.0,,,
ROBOT_RELOC,,5,17,16,,0.0,,,
ROBOT_RELOC,,5,17,17,,0.0,,,
ROBOT_RELOC,,6,0,0,,0.0,,,
ROBOT_RELOC,,6,0,1,,0.0,,,
ROBOT_RELOC,,6,0,2,,0.0,,,
ROBOT_RELOC,,6,0,3,,0.0,,,
ROBOT_RELOC,,6,0,4,,0.0,,,
ROBOT_RELOC,,6,0,5,,0.0,,,
ROBOT_RELOC,,6,0,6,,0.0,,,
ROBOT_RELOC,,6,0,7,,0.0,,,
ROBOT_RELOC,,6,0,8,,0.0,,,
ROBOT_RELOC,,6,0,9,,0.0,,,
ROBOT_RELOC,,6,0,10,,0.0,,,
ROBOT_RELOC,,6,0,11,,0.0,,,
ROBOT_RELOC,,6,0,12,,0.0,,,
ROBOT_RELOC,,6,0,13,,0.0,,,
ROBOT_RELOC,,6,0,14,,0.0,,,
ROBOT_RELOC,,6,0,15,,0.0,,,
ROBOT_RELOC,,6,0,16,,0.0,,,
ROBOT_RELOC,,6,0,17,,0.0,,,
ROBOT_RELOC,,6,1,0,,0.0,,,
ROBOT_RELOC,,6,1,1,,0.0,,,
ROBOT_RELOC,,6,1,2,,0.0,,,
ROBOT_RELOC,,6,1,3,,0.0,,,
ROBOT_RELOC,,6,1,4,,0.0,,,
ROBOT_RELOC,,6,1,5,,0.0,,,
ROBOT_RELOC,,6,1,6,,0.0,,,
ROBOT_RELOC,,6,1,7,,0.0,,,
ROBOT_RELOC,,6,1,8,,0.0,,,
ROBOT_RELOC,,6,1,9,,0.0,,,
ROBOT_RELOC,,6,1,10,,0.0,,,
ROBOT_RELOC,,6,1,11,,0.0,,,
ROBOT_RELOC,,6,1,12,,0.0,,,
ROBOT_RELOC,,6,1,13,,0.0,,,
ROBOT_RELOC,,6,1,14,,0.0,,,
ROBOT_RELOC,,6,1,15,,0.0,,,
ROBOT_RELOC,,6,1,16,,0.0,,,
ROBOT_RELOC,,6,1,17,,0.0,,,
ROBOT_RELOC,,6,2,0,,0.0,,,
ROBOT_RELOC,,6,2,1,,0.0,,,
ROBOT_RELOC,,6,2,2,,0.0,,,
ROBOT_RELOC,,6,2,3,,0.0,,,
ROBOT_RELOC,,6,2,4,,0.0,,,
ROBOT_RELOC,,6,2,5,,0.0,,,
ROBOT_RELOC,,6,2,6,,0.0,,,
ROBOT_RELOC,,6,2,7,,0.0,,,
ROBOT_RELOC,,6,2,8,,0.0,,,
ROBOT_RELOC,,6,2,9,,0.0,,,
ROBOT_RELOC,,6,2,10,,0.0,,,
ROBOT_RELOC,,6,2,11,,0.0,,,
ROBOT_RELOC,,6,2,12,,0.0,,,
ROBOT_RELOC,,6,2,13,,0.0,,,
ROBOT_RELOC,,6,2,14,,0.0,,,
ROBOT_RELOC,,6,2,15,,0.0,,,
ROBOT_RELOC,,6,2,16,,0.0,,,
ROBOT_RELOC,,6,2,17,,0.0,,,
ROBOT_RELOC,,6,3,0,,0.0,,,
ROBOT_RELOC,,6,3,1,,0.0,,,
ROBOT_RELOC,,6,3,2,,0.0,,,
ROBOT_RELOC,,6,3,3,,0.0,,,
ROBOT_RELOC,,6,3,4,,0.0,,,
ROBOT_RELOC,,6,3,5,,0.0,,,
ROBOT_RELOC,,6,3,6,,0.0,,,
ROBOT_RELOC,,6,3,7,,0.0,,,
ROBOT_RELOC,,6,3,8,,0.0,,,
ROBOT_RELOC,,6,3,9,,0.0,,,
ROBOT_RELOC,,6,3,10,,0.0,,,
ROBOT_RELOC,,6,3,11,,0.0,,,
ROBOT_RELOC,,6,3,12,,0.0,,,
ROBOT_RELOC,,6,3,13,,0.0,,,
ROBOT_RELOC,,6,3,14,,0.0,,,
ROBOT_RELOC,,6,3,15,,0.0,,,
ROBOT_RELOC,,6,3,16,,0.0,,,
ROBOT_RELOC,,6,3,17,,0.0,,,
ROBOT_RELOC,,6,4,0,,0.0,,,
ROBOT_RELOC,,6,4,1,,0.0,,,
ROBOT_RELOC,,6,4,2,,0.0,,,
ROBOT_RELOC,,6,4,3,,0.0,,,
ROBOT_RELOC,,6,4,4,,0.0,,,
ROBOT_RELOC,,6,4,5,,0.0,,,
ROBOT_RELOC,,6,4,6,,0.0,,,
ROBOT_RELOC,,6,4,7,,0.0,,,
ROBOT_RELOC,,6,4,8,,0.0,,,
ROBOT_RELOC,,6,4,9,,0.0,,,
ROBOT_RELOC,,6,4,10,,0.0,,,
ROBOT_RELOC,,6,4,11,,0.0,,,
ROBOT_RELOC,,6,4,12,,0.0,,,
ROBOT_RELOC,,6,4,13,,0.0,,,
ROBOT_RELOC,,6,4,14,,0.0,,,
ROBOT_RELOC,,6,4,15,,0.0,,,
ROBOT_RELOC,,6,4,16,,0.0,,,
ROBOT_RELOC,,6,4,17,,0.0,,,
ROBOT_RELOC,,6,5,0,,0.0,,,
ROBOT_RELOC,,6,5,1,,0.0,,,
ROBOT_RELOC,,6,5,2,,0.0,,,
ROBOT_RELOC,,6,5,3,,0.0,,,
ROBOT_RELOC,,6,5,4,,0.0,,,
ROBOT_RELOC,,6,5,5,,0.0,,,
ROBOT_RELOC,,6,5,6,,0.0,,,
ROBOT_RELOC,,6,5,7,,0.0,,,
ROBOT_RELOC,,6,5,8,,0.0,,,
ROBOT_RELOC,,6,5,9,,0.0,,,
ROBOT_RELOC,,6,5,10,,0.0,,,
ROBOT_RELOC,,6,5,11,,0.0,,,
ROBOT_RELOC,,6,5,12,,0.0,,,
ROBOT_RELOC,,6,5,13,,0.0,,,
ROBOT_RELOC,,6,5,14,,0.0,,,
ROBOT_RELOC,,6,5,15,,0.0,,,
ROBOT_RELOC,,6,5,16,,0.0,,,
ROBOT_RELOC,,6,5,17,,0.0,,,
ROBOT_RELOC,,6,6,0,,0.0,,,
ROBOT_RELOC,,6,6,1,,0.0,,,
ROBOT_RELOC,,6,6,2,,0.0,,,
ROBOT_RELOC,,6,6,3,,0.0,,,
ROBOT_RELOC,,6,6,4,,0.0,,,
ROBOT_RELOC,,6,6,5,,0.0,,,
ROBOT_RELOC,,6,6,6,,0.0,,,
ROBOT_RELOC,,6,6,7,,0.0,,,
ROBOT_RELOC,,6,6,8,,0.0,,,
ROBOT_RELOC,,6,6,9,,0.0,,,
ROBOT_RELOC,,6,6,10,,0.0,,,
ROBOT_RELOC,,6,6,11,,0.0,,,
ROBOT_RELOC,,6,6,12,,0.0,,,
ROBOT_RELOC,,6,6,13,,0.0,,,
ROBOT_RELOC,,6,6,14,,0.0,,,
ROBOT_RELOC,,6,6,15,,0.0,,,
ROBOT_RELOC,,6,6,16,,0.0,,,
ROBOT_RELOC,,6,6,17,,0.0,,,
ROBOT_RELOC,,6,7,0,,0.0,,,
ROBOT_RELOC,,6,7,1,,0.0,,,
ROBOT_RELOC,,6,7,2,,0.0,,,
ROBOT_RELOC,,6,7,3,,0.0,,,
ROBOT_RELOC,,6,7,4,,0.0,,,
ROBOT_RELOC,,6,7,5,,0.0,,,
ROBOT_RELOC,,6,7,6,,0.0,,,
ROBOT_RELOC,,6,7,7,,0.0,,,
ROBOT_RELOC,,6,7,8,,0.0,,,
ROBOT_RELOC,,6,7,9,,0.0,,,
ROBOT_RELOC,,6,7,10,,0.0,,,
ROBOT_RELOC,,6,7,11,,0.0,,,
ROBOT_RELOC,,6,7,12,,0.0,,,
ROBOT_RELOC,,6,7,13,,0.0,,,
ROBOT_RELOC,,6,7,14,,0.0,,,
ROBOT_RELOC,,6,7,15,,0.0,,,
ROBOT_RELOC,,6,7,16,,0.0,,,
ROBOT_RELOC,,6,7,17,,0.0,,,
ROBOT_RELOC,,6,8,0,,0.0,,,
ROBOT_RELOC,,6,8,1,,0.0,,,
ROBOT_RELOC,,6,8,2,,0.0,,,
ROBOT_RELOC,,6,8,3,,0.0,,,
ROBOT_RELOC,,6,8,4,,0.0,,,
ROBOT_RELOC,,6,8,5,,0.0,,,
ROBOT_RELOC,,6,8,6,,0.0,,,
ROBOT_RELOC,,6,8,7,,0.0,,,
ROBOT_RELOC,,6,8,8,,0.0,,,
ROBOT_RELOC,,6,8,9,,0.0,,,
ROBOT_RELOC,,6,8,10,,0.0,,,
ROBOT_RELOC,,6,8,11,,0.0,,,
ROBOT_RELOC,,6,8,12,,0.0,,,
ROBOT_RELOC,,6,8,13,,0.0,,,
ROBOT_RELOC,,6,8,14,,0.0,,,
ROBOT_RELOC,,6,8,15,,0.0,,,
ROBOT_RELOC,,6,8,16,,0.0,,,
ROBOT_RELOC,,6,8,17,,0.0,,,
ROBOT_RELOC,,6,9,0,,0.0,,,
ROBOT_RELOC,,6,9,1,,0.0,,,
ROBOT_RELOC,,6,9,2,,0.0,,,
ROBOT_RELOC,,6,9,3,,0.0,,,
ROBOT_RELOC,,6,9,4,,0.0,,,
ROBOT_RELOC,,6,9,5,,0.0,,,
ROBOT_RELOC,,6,9,6,,0.0,,,
ROBOT_RELOC,,6,9,7,,0.0,,,
ROBOT_RELOC,,6,9,8,,0.0,,,
ROBOT_RELOC,,6,9,9,,0.0,,,
ROBOT_RELOC,,6,9,10,,0.0,,,
ROBOT_RELOC,,6,9,11,,0.0,,,
ROBOT_RELOC,,6,9,12,,0.0,,,
ROBOT_RELOC,,6,9,13,,0.0,,,
ROBOT_RELOC,,6,9,14,,0.0,,,
ROBOT_RELOC,,6,9,15,,0.0,,,
ROBOT_RELOC,,6,9,16,,0.0,,,
ROBOT_RELOC,,6,9,17,,0.0,,,
ROBOT_RELOC,,6,10,0,,0.0,,,
ROBOT_RELOC,,6,10,1,,0.0,,,
ROBOT_RELOC,,6,10,2,,0.0,,,
ROBOT_RELOC,,6,10,3,,0.0,,,
ROBOT_RELOC,,6,10,4,,0.0,,,
ROBOT_RELOC,,6,10,5,,0.0,,,
ROBOT_RELOC,,6,10,6,,0.0,,,
ROBOT_RELOC,,6,10,7,,0.0,,,
ROBOT_RELOC,,6,10,8,,0.0,,,
ROBOT_RELOC,,6,10,9,,0.0,,,
ROBOT_RELOC,,6,10,10,,0.0,,,
ROBOT_RELOC,,6,10,11,,0.0,,,
ROBOT_RELOC,,6,10,12,,0.0,,,
ROBOT_RELOC,,6,10,13,,0.0,,,
ROBOT_RELOC,,6,10,14,,0.0,,,
ROBOT_RELOC,,6,10,15,,0.0,,,
ROBOT_RELOC,,6,10,16,,0.0,,,
ROBOT_RELOC,,6,10,17,,0.0,,,
ROBOT_RELOC,,6,11,0,,0.0,,,
ROBOT_RELOC,,6,11,1,,0.0,,,
ROBOT_RELOC,,6,11,2,,0.0,,,
ROBOT_RELOC,,6,11,3,,0.0,,,
ROBOT_RELOC,,6,11,4,,0.0,,,
ROBOT_RELOC,,6,11,5,,0.0,,,
ROBOT_RELOC,,6,11,6,,0.0,,,
ROBOT_RELOC,,6,11,7,,0.0,,,
ROBOT_RELOC,,6,11,8,,0.0,,,
ROBOT_RELOC,,6,11,9,,0.0,,,
ROBOT_RELOC,,6,11,10,,0.0,,,
ROBOT_RELOC,,6,11,11,,0.0,,,
ROBOT_RELOC,,6,11,12,,0.0,,,
ROBOT_RELOC,,6,11,13,,0.0,,,
ROBOT_RELOC,,6,11,14,,0.0,,,
ROBOT_RELOC,,6,11,15,,0.0,,,
ROBOT_RELOC,,6,11,16,,0.0,,,
ROBOT_RELOC,,6,11,17,,0.0,,,
ROBOT_RELOC,,6,12,0,,0.0,,,
ROBOT_RELOC,,6,12,1,,0.0,,,
ROBOT_RELOC,,6,12,2,,0.0,,,
ROBOT_RELOC,,6,12,3,,0.0,,,
ROBOT_RELOC,,6,12,4,,0.0,,,
ROBOT_RELOC,,6,12,5,,0.0,,,
ROBOT_RELOC,,6,12,6,,0.0,,,
ROBOT_RELOC,,6,12,7,,0.0,,,
ROBOT_RELOC,,6,12,8,,0.0,,,
ROBOT_RELOC,,6,12,9,,0.0,,,
ROBOT_RELOC,,6,12,10,,0.0,,,
ROBOT_RELOC,,6,12,11,,0.0,,,
ROBOT_RELOC,,6,12,12,,0.0,,,
ROBOT_RELOC,,6,12,13,,0.0,,,
ROBOT_RELOC,,6,12,14,,0.0,,,
ROBOT_RELOC,,6,12,15,,0.0,,,
ROBOT_RELOC,,6,12,16,,0.0,,,
ROBOT_RELOC,,6,12,17,,0.0,,,
ROBOT_RELOC,,6,13,0,,0.0,,,
ROBOT_RELOC,,6,13,1,,0.0,,,
ROBOT_RELOC,,6,13,2,,0.0,,,
ROBOT_RELOC,,6,13,3,,0.0,,,
ROBOT_RELOC,,6,13,4,,0.0,,,
ROBOT_RELOC,,6,13,5,,0.0,,,
ROBOT_RELOC,,6,13,6,,0.0,,,
ROBOT_RELOC,,6,13,7,,0.0,,,
ROBOT_RELOC,,6,13,8,,0.0,,,
ROBOT_RELOC,,6,13,9,,0.0,,,
ROBOT_RELOC,,6,13,10,,0.0,,,
ROBOT_RELOC,,6,13,11,,0.0,,,
ROBOT_RELOC,,6,13,12,,0.0,,,
ROBOT_RELOC,,6,13,13,,0.0,,,
ROBOT_RELOC,,6,13,14,,0.0,,,
ROBOT_RELOC,,6,13,15,,0.0,,,
ROBOT_RELOC,,6,13,16,,0.0,,,
ROBOT_RELOC,,6,13,17,,0.0,,,
ROBOT_RELOC,,6,14,0,,0.0,,,
ROBOT_RELOC,,6,14,1,,0.0,,,
ROBOT_RELOC,,6,14,2,,0.0,,,
ROBOT_RELOC,,6,14,3,,0.0,,,
ROBOT_RELOC,,6,14,4,,0.0,,,
ROBOT_RELOC,,6,14,5,,0.0,,,
ROBOT_RELOC,,6,14,6,,0.0,,,
ROBOT_RELOC,,6,14,7,,0.0,,,
ROBOT_RELOC,,6,14,8,,0.0,,,
ROBOT_RELOC,,6,14,9,,0.0,,,
ROBOT_RELOC,,6,14,10,,0.0,,,
ROBOT_RELOC,,6,14,11,,0.0,,,
ROBOT_RELOC,,6,14,12,,0.0,,,
ROBOT_RELOC,,6,14,13,,0.0,,,
ROBOT_RELOC,,6,14,14,,0.0,,,
ROBOT_RELOC,,6,14,15,,0.0,,,
ROBOT_RELOC,,6,14,16,,0.0,,,
ROBOT_RELOC,,6,14,17,,0.0,,,
ROBOT_RELOC,,6,15,0,,0.0,,,
ROBOT_RELOC,,6,15,1,,0.0,,,
ROBOT_RELOC,,6,15,2,,0.0,,,
ROBOT_RELOC,,6,15,3,,0.0,,,
ROBOT_RELOC,,6,15,4,,0.0,,,
ROBOT_RELOC,,6,15,5,,0.0,,,
ROBOT_RELOC,,6,15,6,,0.0,,,
ROBOT_RELOC,,6,15,7,,0.0,,,
ROBOT_RELOC,,6,15,8,,0.0,,,
ROBOT_RELOC,,6,15,9,,0.0,,,
ROBOT_RELOC,,6,15,10,,0.0,,,
ROBOT_RELOC,,6,15,11,,0.0,,,
ROBOT_RELOC,,6,15,12,,0.0,,,
ROBOT_RELOC,,6,15,13,,0.0,,,
ROBOT_RELOC,,6,15,14,,0.0,,,
ROBOT_RELOC,,6,15,15,,0.0,,,
ROBOT_RELOC,,6,15,16,,0.0,,,
ROBOT_RELOC,,6,15,17,,0.0,,,
ROBOT_RELOC,,6,16,0,,0.0,,,
ROBOT_RELOC,,6,16,1,,0.0,,,
ROBOT_RELOC,,6,16,2,,0.0,,,
ROBOT_RELOC,,6,16,3,,0.0,,,
ROBOT_RELOC,,6,16,4,,0.0,,,
ROBOT_RELOC,,6,16,5,,0.0,,,
ROBOT_RELOC,,6,16,6,,0.0,,,
ROBOT_RELOC,,6,16,7,,0.0,,,
ROBOT_RELOC,,6,16,8,,0.0,,,
ROBOT_RELOC,,6,16,9,,0.0,,,
ROBOT_RELOC,,6,16,10,,0.0,,,
ROBOT_RELOC,,6,16,11,,0.0,,,
ROBOT_RELOC,,6,16,12,,0.0,,,
ROBOT_RELOC,,6,16,13,,0.0,,,
ROBOT_RELOC,,6,16,14,,0.0,,,
ROBOT_RELOC,,6,16,15,,0.0,,,
ROBOT_RELOC,,6,16,16,,0.0,,,
ROBOT_RELOC,,6,16,17,,0.0,,,
ROBOT_RELOC,,6,17,0,,0.0,,,
ROBOT_RELOC,,6,17,1,,0.0,,,
ROBOT_RELOC,,6,17,2,,0.0,,,
ROBOT_RELOC,,6,17,3,,0.0,,,
ROBOT_RELOC,,6,17,4,,0.0,,,
ROBOT_RELOC,,6,17,5,,0.0,,,
ROBOT_RELOC,,6,17,6,,0.0,,,
ROBOT_RELOC,,6,17,7,,0.0,,,
ROBOT_RELOC,,6,17,8,,0.0,,,
ROBOT_RELOC,,6,17,9,,0.0,,,
ROBOT_RELOC,,6,17,10,,0.0,,,
ROBOT_RELOC,,6,17,11,,0.0,,,
ROBOT_RELOC,,6,17,12,,0.0,,,
ROBOT_RELOC,,6,17,13,,0.0,,,
ROBOT_RELOC,,6,17,14,,0.0,,,
ROBOT_RELOC,,6,17,15,,0.0,,,
ROBOT_RELOC,,6,17,16,,0.0,,,
ROBOT_RELOC,,6,17,17,,0.0,,,
ROBOT_RELOC,,7,0,0,,0.0,,,
ROBOT_RELOC,,7,0,1,,0.0,,,
ROBOT_RELOC,,7,0,2,,0.0,,,
ROBOT_RELOC,,7,0,3,,0.0,,,
ROBOT_RELOC,,7,0,4,,0.0,,,
ROBOT_RELOC,,7,0,5,,0.0,,,
ROBOT_RELOC,,7,0,6,,0.0,,,
ROBOT_RELOC,,7,0,7,,0.0,,,
ROBOT_RELOC,,7,0,8,,0.0,,,
ROBOT_RELOC,,7,0,9,,0.0,,,
ROBOT_RELOC,,7,0,10,,0.0,,,
ROBOT_RELOC,,7,0,11,,0.0,,,
ROBOT_RELOC,,7,0,12,,0.0,,,
ROBOT_RELOC,,7,0,13,,0.0,,,
ROBOT_RELOC,,7,0,14,,0.0,,,
ROBOT_RELOC,,7,0,15,,0.0,,,
ROBOT_RELOC,,7,0,16,,0.0,,,
ROBOT_RELOC,,7,0,17,,0.0,,,
ROBOT_RELOC,,7,1,0,,0.0,,,
ROBOT_RELOC,,7,1,1,,0.0,,,
ROBOT_RELOC,,7,1,2,,0.0,,,
ROBOT_RELOC,,7,1,3,,0.0,,,
ROBOT_RELOC,,7,1,4,,0.0,,,
ROBOT_RELOC,,7,1,5,,0.0,,,
ROBOT_RELOC,,7,1,6,,0.0,,,
ROBOT_RELOC,,7,1,7,,0.0,,,
ROBOT_RELOC,,7,1,8,,0.0,,,
ROBOT_RELOC,,7,1,9,,0.0,,,
ROBOT_RELOC,,7,1,10,,0.0,,,
ROBOT_RELOC,,7,1,11,,0.0,,,
ROBOT_RELOC,,7,1,12,,0.0,,,
ROBOT_RELOC,,7,1,13,,0.0,,,
ROBOT_RELOC,,7,1,14,,0.0,,,
ROBOT_RELOC,,7,1,15,,0.0,,,
ROBOT_RELOC,,7,1,16,,0.0,,,
ROBOT_RELOC,,7,1,17,,0.0,,,
ROBOT_RELOC,,7,2,0,,0.0,,,
ROBOT_RELOC,,7,2,1,,0.0,,,
ROBOT_RELOC,,7,2,2,,0.0,,,
ROBOT_RELOC,,7,2,3,,0.0,,,
ROBOT_RELOC,,7,2,4,,0.0,,,
ROBOT_RELOC,,7,2,5,,0.0,,,
ROBOT_RELOC,,7,2,6,,0.0,,,
ROBOT_RELOC,,7,2,7,,0.0,,,
ROBOT_RELOC,,7,2,8,,0.0,,,
ROBOT_RELOC,,7,2,9,,0.0,,,
ROBOT_RELOC,,7,2,10,,0.0,,,
ROBOT_RELOC,,7,2,11,,0.0,,,
ROBOT_RELOC,,7,2,12,,0.0,,,
ROBOT_RELOC,,7,2,13,,0.0,,,
ROBOT_RELOC,,7,2,14,,0.0,,,
ROBOT_RELOC,,7,2,15,,0.0,,,
ROBOT_RELOC,,7,2,16,,0.0,,,
ROBOT_RELOC,,7,2,17,,0.0,,,
ROBOT_RELOC,,7,3,0,,0.0,,,
ROBOT_RELOC,,7,3,1,,0.0,,,
ROBOT_RELOC,,7,3,2,,0.0,,,
ROBOT_RELOC,,7,3,3,,0.0,,,
ROBOT_RELOC,,7,3,4,,0.0,,,
ROBOT_RELOC,,7,3,5,,0.0,,,
ROBOT_RELOC,,7,3,6,,0.0,,,
ROBOT_RELOC,,7,3,7,,0.0,,,
ROBOT_RELOC,,7,3,8,,0.0,,,
ROBOT_RELOC,,7,3,9,,0.0,,,
ROBOT_RELOC,,7,3,10,,0.0,,,
ROBOT_RELOC,,7,3,11,,0.0,,,
ROBOT_RELOC,,7,3,12,,0.0,,,
ROBOT_RELOC,,7,3,13,,0.0,,,
ROBOT_RELOC,,7,3,14,,0.0,,,
ROBOT_RELOC,,7,3,15,,0.0,,,
ROBOT_RELOC,,7,3,16,,0.0,,,
ROBOT_RELOC,,7,3,17,,0.0,,,
ROBOT_RELOC,,7,4,0,,0.0,,,
ROBOT_RELOC,,7,4,1,,0.0,,,
ROBOT_RELOC,,7,4,2,,0.0,,,
ROBOT_RELOC,,7,4,3,,0.0,,,
ROBOT_RELOC,,7,4,4,,0.0,,,
ROBOT_RELOC,,7,4,5,,0.0,,,
ROBOT_RELOC,,7,4,6,,0.0,,,
ROBOT_RELOC,,7,4,7,,0.0,,,
ROBOT_RELOC,,7,4,8,,0.0,,,
ROBOT_RELOC,,7,4,9,,0.0,,,
ROBOT_RELOC,,7,4,10,,0.0,,,
ROBOT_RELOC,,7,4,11,,0.0,,,
ROBOT_RELOC,,7,4,12,,0.0,,,
ROBOT_RELOC,,7,4,13,,0.0,,,
ROBOT_RELOC,,7,4,14,,0.0,,,
ROBOT_RELOC,,7,4,15,,0.0,,,
ROBOT_RELOC,,7,4,16,,0.0,,,
ROBOT_RELOC,,7,4,17,,0.0,,,
ROBOT_RELOC,,7,5,0,,0.0,,,
ROBOT_RELOC,,7,5,1,,0.0,,,
ROBOT_RELOC,,7,5,2,,0.0,,,
ROBOT_RELOC,,7,5,3,,0.0,,,
ROBOT_RELOC,,7,5,4,,0.0,,,
ROBOT_RELOC,,7,5,5,,0.0,,,
ROBOT_RELOC,,7,5,6,,0.0,,,
ROBOT_RELOC,,7,5,7,,0.0,,,
ROBOT_RELOC,,7,5,8,,0.0,,,
ROBOT_RELOC,,7,5,9,,0.0,,,
ROBOT_RELOC,,7,5,10,,0.0,,,
ROBOT_RELOC,,7,5,11,,0.0,,,
ROBOT_RELOC,,7,5,12,,0.0,,,
ROBOT_RELOC,,7,5,13,,0.0,,,
ROBOT_RELOC,,7,5,14,,0.0,,,
ROBOT_RELOC,,7,5,15,,0.0,,,
ROBOT_RELOC,,7,5,16,,0.0,,,
ROBOT_RELOC,,7,5,17,,0.0,,,
ROBOT_RELOC,,7,6,0,,0.0,,,
ROBOT_RELOC,,7,6,1,,0.0,,,
ROBOT_RELOC,,7,6,2,,0.0,,,
ROBOT_RELOC,,7,6,3,,0.0,,,
ROBOT_RELOC,,7,6,4,,0.0,,,
ROBOT_RELOC,,7,6,5,,0.0,,,
ROBOT_RELOC,,7,6,6,,0.0,,,
ROBOT_RELOC,,7,6,7,,0.0,,,
ROBOT_RELOC,,7,6,8,,0.0,,,
ROBOT_RELOC,,7,6,9,,0.0,,,
ROBOT_RELOC,,7,6,10,,0.0,,,
ROBOT_RELOC,,7,6,11,,0.0,,,
ROBOT_RELOC,,7,6,12,,0.0,,,
ROBOT_RELOC,,7,6,13,,0.0,,,
ROBOT_RELOC,,7,6,14,,0.0,,,
ROBOT_RELOC,,7,6,15,,0.0,,,
ROBOT_RELOC,,7,6,16,,0.0,,,
ROBOT_RELOC,,7,6,17,,0.0,,,
ROBOT_RELOC,,7,7,0,,0.0,,,
ROBOT_RELOC,,7,7,1,,0.0,,,
ROBOT_RELOC,,7,7,2,,0.0,,,
ROBOT_RELOC,,7,7,3,,0.0,,,
ROBOT_RELOC,,7,7,4,,0.0,,,
ROBOT_RELOC,,7,7,5,,0.0,,,
ROBOT_RELOC,,7,7,6,,0.0,,,
ROBOT_RELOC,,7,7,7,,0.0,,,
ROBOT_RELOC,,7,7,8,,0.0,,,
ROBOT_RELOC,,7,7,9,,0.0,,,
ROBOT_RELOC,,7,7,10,,0.0,,,
ROBOT_RELOC,,7,7,11,,0.0,,,
ROBOT_RELOC,,7,7,12,,0.0,,,
ROBOT_RELOC,,7,7,13,,0.0,,,
ROBOT_RELOC,,7,7,14,,0.0,,,
ROBOT_RELOC,,7,7,15,,0.0,,,
ROBOT_RELOC,,7,7,16,,0.0,,,
ROBOT_RELOC,,7,7,17,,0.0,,,
ROBOT_RELOC,,7,8,0,,0.0,,,
ROBOT_RELOC,,7,8,1,,0.0,,,
ROBOT_RELOC,,7,8,2,,0.0,,,
ROBOT_RELOC,,7,8,3,,0.0,,,
ROBOT_RELOC,,7,8,4,,0.0,,,
ROBOT_RELOC,,7,8,5,,0.0,,,
ROBOT_RELOC,,7,8,6,,0.0,,,
ROBOT_RELOC,,7,8,7,,0.0,,,
ROBOT_RELOC,,7,8,8,,0.0,,,
ROBOT_RELOC,,7,8,9,,0.0,,,
ROBOT_RELOC,,7,8,10,,0.0,,,
ROBOT_RELOC,,7,8,11,,0.0,,,
ROBOT_RELOC,,7,8,12,,0.0,,,
ROBOT_RELOC,,7,8,13,,0.0,,,
ROBOT_RELOC,,7,8,14,,0.0,,,
ROBOT_RELOC,,7,8,15,,0.0,,,
ROBOT_RELOC,,7,8,16,,0.0,,,
ROBOT_RELOC,,7,8,17,,0.0,,,
ROBOT_RELOC,,7,9,0,,0.0,,,
ROBOT_RELOC,,7,9,1,,0.0,,,
ROBOT_RELOC,,7,9,2,,0.0,,,
ROBOT_RELOC,,7,9,3,,0.0,,,
ROBOT_RELOC,,7,9,4,,0.0,,,
ROBOT_RELOC,,7,9,5,,0.0,,,
ROBOT_RELOC,,7,9,6,,0.0,,,
ROBOT_RELOC,,7,9,7,,0.0,,,
ROBOT_RELOC,,7,9,8,,0.0,,,
ROBOT_RELOC,,7,9,9,,0.0,,,
ROBOT_RELOC,,7,9,10,,0.0,,,
ROBOT_RELOC,,7,9,11,,0.0,,,
ROBOT_RELOC,,7,9,12,,0.0,,,
ROBOT_RELOC,,7,9,13,,0.0,,,
ROBOT_RELOC,,7,9,14,,0.0,,,
ROBOT_RELOC,,7,9,15,,0.0,,,
ROBOT_RELOC,,7,9,16,,0.0,,,
ROBOT_RELOC,,7,9,17,,0.0,,,
ROBOT_RELOC,,7,10,0,,0.0,,,
ROBOT_RELOC,,7,10,1,,0.0,,,
ROBOT_RELOC,,7,10,2,,0.0,,,
ROBOT_RELOC,,7,10,3,,0.0,,,
ROBOT_RELOC,,7,10,4,,0.0,,,
ROBOT_RELOC,,7,10,5,,0.0,,,
ROBOT_RELOC,,7,10,6,,0.0,,,
ROBOT_RELOC,,7,10,7,,0.0,,,
ROBOT_RELOC,,7,10,8,,0.0,,,
ROBOT_RELOC,,7,10,9,,0.0,,,
ROBOT_RELOC,,7,10,10,,0.0,,,
ROBOT_RELOC,,7,10,11,,0.0,,,
ROBOT_RELOC,,7,10,12,,0.0,,,
ROBOT_RELOC,,7,10,13,,0.0,,,
ROBOT_RELOC,,7,10,14,,0.0,,,
ROBOT_RELOC,,7,10,15,,0.0,,,
ROBOT_RELOC,,7,10,16,,0.0,,,
ROBOT_RELOC,,7,10,17,,0.0,,,
ROBOT_RELOC,,7,11,0,,0.0,,,
ROBOT_RELOC,,7,11,1,,0.0,,,
ROBOT_RELOC,,7,11,2,,0.0,,,
ROBOT_RELOC,,7,11,3,,0.0,,,
ROBOT_RELOC,,7,11,4,,0.0,,,
ROBOT_RELOC,,7,11,5,,0.0,,,
ROBOT_RELOC,,7,11,6,,0.0,,,
ROBOT_RELOC,,7,11,7,,0.0,,,
ROBOT_RELOC,,7,11,8,,0.0,,,
ROBOT_RELOC,,7,11,9,,0.0,,,
ROBOT_RELOC,,7,11,10,,0.0,,,
ROBOT_RELOC,,7,11,11,,0.0,,,
ROBOT_RELOC,,7,11,12,,0.0,,,
ROBOT_RELOC,,7,11,13,,0.0,,,
ROBOT_RELOC,,7,11,14,,0.0,,,
ROBOT_RELOC,,7,11,15,,0.0,,,
ROBOT_RELOC,,7,11,16,,0.0,,,
ROBOT_RELOC,,7,11,17,,0.0,,,
ROBOT_RELOC,,7,12,0,,0.0,,,
ROBOT_RELOC,,7,12,1,,0.0,,,
ROBOT_RELOC,,7,12,2,,0.0,,,
ROBOT_RELOC,,7,12,3,,0.0,,,
ROBOT_RELOC,,7,12,4,,0.0,,,
ROBOT_RELOC,,7,12,5,,0.0,,,
ROBOT_RELOC,,7,12,6,,0.0,,,
ROBOT_RELOC,,7,12,7,,0.0,,,
ROBOT_RELOC,,7,12,8,,0.0,,,
ROBOT_RELOC,,7,12,9,,0.0,,,
ROBOT_RELOC,,7,12,10,,0.0,,,
ROBOT_RELOC,,7,12,11,,0.0,,,
ROBOT_RELOC,,7,12,12,,0.0,,,
ROBOT_RELOC,,7,12,13,,0.0,,,
ROBOT_RELOC,,7,12,14,,0.0,,,
ROBOT_RELOC,,7,12,15,,0.0,,,
ROBOT_RELOC,,7,12,16,,0.0,,,
ROBOT_RELOC,,7,12,17,,0.0,,,
ROBOT_RELOC,,7,13,0,,0.0,,,
ROBOT_RELOC,,7,13,1,,0.0,,,
ROBOT_RELOC,,7,13,2,,0.0,,,
ROBOT_RELOC,,7,13,3,,0.0,,,
ROBOT_RELOC,,7,13,4,,0.0,,,
ROBOT_RELOC,,7,13,5,,0.0,,,
ROBOT_RELOC,,7,13,6,,0.0,,,
ROBOT_RELOC,,7,13,7,,0.0,,,
ROBOT_RELOC,,7,13,8,,0.0,,,
ROBOT_RELOC,,7,13,9,,0.0,,,
ROBOT_RELOC,,7,13,10,,0.0,,,
ROBOT_RELOC,,7,13,11,,0.0,,,
ROBOT_RELOC,,7,13,12,,0.0,,,
ROBOT_RELOC,,7,13,13,,0.0,,,
ROBOT_RELOC,,7,13,14,,0.0,,,
ROBOT_RELOC,,7,13,15,,0.0,,,
ROBOT_RELOC,,7,13,16,,0.0,,,
ROBOT_RELOC,,7,13,17,,0.0,,,
ROBOT_RELOC,,7,14,0,,0.0,,,
ROBOT_RELOC,,7,14,1,,0.0,,,
ROBOT_RELOC,,7,14,2,,0.0,,,
ROBOT_RELOC,,7,14,3,,0.0,,,
ROBOT_RELOC,,7,14,4,,0.0,,,
ROBOT_RELOC,,7,14,5,,0.0,,,
ROBOT_RELOC,,7,14,6,,0.0,,,
ROBOT_RELOC,,7,14,7,,0.0,,,
ROBOT_RELOC,,7,14,8,,0.0,,,
ROBOT_RELOC,,7,14,9,,0.0,,,
ROBOT_RELOC,,7,14,10,,0.0,,,
ROBOT_RELOC,,7,14,11,,0.0,,,
ROBOT_RELOC,,7,14,12,,0.0,,,
ROBOT_RELOC,,7,14,13,,0.0,,,
ROBOT_RELOC,,7,14,14,,0.0,,,
ROBOT_RELOC,,7,14,15,,0.0,,,
ROBOT_RELOC,,7,14,16,,0.0,,,
ROBOT_RELOC,,7,14,17,,0.0,,,
ROBOT_RELOC,,7,15,0,,0.0,,,
ROBOT_RELOC,,7,15,1,,0.0,,,
ROBOT_RELOC,,7,15,2,,0.0,,,
ROBOT_RELOC,,7,15,3,,0.0,,,
ROBOT_RELOC,,7,15,4,,0.0,,,
ROBOT_RELOC,,7,15,5,,0.0,,,
ROBOT_RELOC,,7,15,6,,0.0,,,
ROBOT_RELOC,,7,15,7,,0.0,,,
ROBOT_RELOC,,7,15,8,,0.0,,,
ROBOT_RELOC,,7,15,9,,0.0,,,
ROBOT_RELOC,,7,15,10,,0.0,,,
ROBOT_RELOC,,7,15,11,,0.0,,,
ROBOT_RELOC,,7,15,12,,0.0,,,
ROBOT_RELOC,,7,15,13,,0.0,,,
ROBOT_RELOC,,7,15,14,,0.0,,,
ROBOT_RELOC,,7,15,15,,0.0,,,
ROBOT_RELOC,,7,15,16,,0.0,,,
ROBOT_RELOC,,7,15,17,,0.0,,,
ROBOT_RELOC,,7,16,0,,0.0,,,
ROBOT_RELOC,,7,16,1,,0.0,,,
ROBOT_RELOC,,7,16,2,,0.0,,,
ROBOT_RELOC,,7,16,3,,0.0,,,
ROBOT_RELOC,,7,16,4,,0.0,,,
ROBOT_RELOC,,7,16,5,,0.0,,,
ROBOT_RELOC,,7,16,6,,0.0,,,
ROBOT_RELOC,,7,16,7,,0.0,,,
ROBOT_RELOC,,7,16,8,,0.0,,,
ROBOT_RELOC,,7,16,9,,0.0,,,
ROBOT_RELOC,,7,16,10,,0.0,,,
ROBOT_RELOC,,7,16,11,,0.0,,,
ROBOT_RELOC,,7,16,12,,0.0,,,
ROBOT_RELOC,,7,16,13,,0.0,,,
ROBOT_RELOC,,7,16,14,,0.0,,,
ROBOT_RELOC,,7,16,15,,0.0,,,
ROBOT_RELOC,,7,16,16,,0.0,,,
ROBOT_RELOC,,7,16,17,,0.0,,,
ROBOT_RELOC,,7,17,0,,0.0,,,
ROBOT_RELOC,,7,17,1,,0.0,,,
ROBOT_RELOC,,7,17,2,,0.0,,,
ROBOT_RELOC,,7,17,3,,0.0,,,
ROBOT_RELOC,,7,17,4,,0.0,,,
ROBOT_RELOC,,7,17,5,,0.0,,,
ROBOT_RELOC,,7,17,6,,0.0,,,
ROBOT_RELOC,,7,17,7,,0.0,,,
ROBOT_RELOC,,7,17,8,,0.0,,,
ROBOT_RELOC,,7,17,9,,0.0,,,
ROBOT_RELOC,,7,17,10,,0.0,,,
ROBOT_RELOC,,7,17,11,,0.0,,,
ROBOT_RELOC,,7,17,12,,0.0,,,
ROBOT_RELOC,,7,17,13,,0.0,,,
ROBOT_RELOC,,7,17,14,,0.0,,,
ROBOT_RELOC,,7,17,15,,0.0,,,
ROBOT_RELOC,,7,17,16,,0.0,,,
ROBOT_RELOC,,7,17,17,,0.0,,,
ROBOT_RELOC,,8,0,0,,0.0,,,
ROBOT_RELOC,,8,0,1,,0.0,,,
ROBOT_RELOC,,8,0,2,,0.0,,,
ROBOT_RELOC,,8,0,3,,0.0,,,
ROBOT_RELOC,,8,0,4,,0.0,,,
ROBOT_RELOC,,8,0,5,,0.0,,,
ROBOT_RELOC,,8,0,6,,0.0,,,
ROBOT_RELOC,,8,0,7,,0.0,,,
ROBOT_RELOC,,8,0,8,,0.0,,,
ROBOT_RELOC,,8,0,9,,0.0,,,
ROBOT_RELOC,,8,0,10,,0.0,,,
ROBOT_RELOC,,8,0,11,,0.0,,,
ROBOT_RELOC,,8,0,12,,0.0,,,
ROBOT_RELOC,,8,0,13,,0.0,,,
ROBOT_RELOC,,8,0,14,,0.0,,,
ROBOT_RELOC,,8,0,15,,0.0,,,
ROBOT_RELOC,,8,0,16,,0.0,,,
ROBOT_RELOC,,8,0,17,,0.0,,,
ROBOT_RELOC,,8,1,0,,0.0,,,
ROBOT_RELOC,,8,1,1,,0.0,,,
ROBOT_RELOC,,8,1,2,,0.0,,,
ROBOT_RELOC,,8,1,3,,0.0,,,
ROBOT_RELOC,,8,1,4,,0.0,,,
ROBOT_RELOC,,8,1,5,,0.0,,,
ROBOT_RELOC,,8,1,6,,0.0,,,
ROBOT_RELOC,,8,1,7,,0.0,,,
ROBOT_RELOC,,8,1,8,,0.0,,,
ROBOT_RELOC,,8,1,9,,0.0,,,
ROBOT_RELOC,,8,1,10,,0.0,,,
ROBOT_RELOC,,8,1,11,,0.0,,,
ROBOT_RELOC,,8,1,12,,0.0,,,
ROBOT_RELOC,,8,1,13,,0.0,,,
ROBOT_RELOC,,8,1,14,,0.0,,,
ROBOT_RELOC,,8,1,15,,0.0,,,
ROBOT_RELOC,,8,1,16,,0.0,,,
ROBOT_RELOC,,8,1,17,,0.0,,,
ROBOT_RELOC,,8,2,0,,0.0,,,
ROBOT_RELOC,,8,2,1,,0.0,,,
ROBOT_RELOC,,8,2,2,,0.0,,,
ROBOT_RELOC,,8,2,3,,0.0,,,
ROBOT_RELOC,,8,2,4,,0.0,,,
ROBOT_RELOC,,8,2,5,,0.0,,,
ROBOT_RELOC,,8,2,6,,0.0,,,
ROBOT_RELOC,,8,2,7,,0.0,,,
ROBOT_RELOC,,8,2,8,,0.0,,,
ROBOT_RELOC,,8,2,9,,0.0,,,
ROBOT_RELOC,,8,2,10,,0.0,,,
ROBOT_RELOC,,8,2,11,,0.0,,,
ROBOT_RELOC,,8,2,12,,0.0,,,
ROBOT_RELOC,,8,2,13,,0.0,,,
ROBOT_RELOC,,8,2,14,,0.0,,,
ROBOT_RELOC,,8,2,15,,0.0,,,
ROBOT_RELOC,,8,2,16,,0.0,,,
ROBOT_RELOC,,8,2,17,,0.0,,,
ROBOT_RELOC,,8,3,0,,0.0,,,
ROBOT_RELOC,,8,3,1,,0.0,,,
ROBOT_RELOC,,8,3,2,,0.0,,,
ROBOT_RELOC,,8,3,3,,0.0,,,
ROBOT_RELOC,,8,3,4,,0.0,,,
ROBOT_RELOC,,8,3,5,,0.0,,,
ROBOT_RELOC,,8,3,6,,0.0,,,
ROBOT_RELOC,,8,3,7,,0.0,,,
ROBOT_RELOC,,8,3,8,,0.0,,,
ROBOT_RELOC,,8,3,9,,0.0,,,
ROBOT_RELOC,,8,3,10,,0.0,,,
ROBOT_RELOC,,8,3,11,,0.0,,,
ROBOT_RELOC,,8,3,12,,0.0,,,
ROBOT_RELOC,,8,3,13,,0.0,,,
ROBOT_RELOC,,8,3,14,,0.0,,,
ROBOT_RELOC,,8,3,15,,0.0,,,
ROBOT_RELOC,,8,3,16,,0.0,,,
ROBOT_RELOC,,8,3,17,,0.0,,,
ROBOT_RELOC,,8,4,0,,0.0,,,
ROBOT_RELOC,,8,4,1,,0.0,,,
ROBOT_RELOC,,8,4,2,,0.0,,,
ROBOT_RELOC,,8,4,3,,0.0,,,
ROBOT_RELOC,,8,4,4,,0.0,,,
ROBOT_RELOC,,8,4,5,,0.0,,,
ROBOT_RELOC,,8,4,6,,0.0,,,
ROBOT_RELOC,,8,4,7,,0.0,,,
ROBOT_RELOC,,8,4,8,,0.0,,,
ROBOT_RELOC,,8,4,9,,0.0,,,
ROBOT_RELOC,,8,4,10,,0.0,,,
ROBOT_RELOC,,8,4,11,,0.0,,,
ROBOT_RELOC,,8,4,12,,0.0,,,
ROBOT_RELOC,,8,4,13,,0.0,,,
ROBOT_RELOC,,8,4,14,,0.0,,,
ROBOT_RELOC,,8,4,15,,0.0,,,
ROBOT_RELOC,,8,4,16,,0.0,,,
ROBOT_RELOC,,8,4,17,,0.0,,,
ROBOT_RELOC,,8,5,0,,0.0,,,
ROBOT_RELOC,,8,5,1,,0.0,,,
ROBOT_RELOC,,8,5,2,,0.0,,,
ROBOT_RELOC,,8,5,3,,0.0,,,
ROBOT_RELOC,,8,5,4,,0.0,,,
ROBOT_RELOC,,8,5,5,,0.0,,,
ROBOT_RELOC,,8,5,6,,0.0,,,
ROBOT_RELOC,,8,5,7,,0.0,,,
ROBOT_RELOC,,8,5,8,,0.0,,,
ROBOT_RELOC,,8,5,9,,0.0,,,
ROBOT_RELOC,,8,5,10,,0.0,,,
ROBOT_RELOC,,8,5,11,,0.0,,,
ROBOT_RELOC,,8,5,12,,0.0,,,
ROBOT_RELOC,,8,5,13,,0.0,,,
ROBOT_RELOC,,8,5,14,,0.0,,,
ROBOT_RELOC,,8,5,15,,0.0,,,
ROBOT_RELOC,,8,5,16,,0.0,,,
ROBOT_RELOC,,8,5,17,,0.0,,,
ROBOT_RELOC,,8,6,0,,0.0,,,
ROBOT_RELOC,,8,6,1,,0.0,,,
ROBOT_RELOC,,8,6,2,,0.0,,,
ROBOT_RELOC,,8,6,3,,0.0,,,
ROBOT_RELOC,,8,6,4,,0.0,,,
ROBOT_RELOC,,8,6,5,,0.0,,,
ROBOT_RELOC,,8,6,6,,0.0,,,
ROBOT_RELOC,,8,6,7,,0.0,,,
ROBOT_RELOC,,8,6,8,,0.0,,,
ROBOT_RELOC,,8,6,9,,0.0,,,
ROBOT_RELOC,,8,6,10,,0.0,,,
ROBOT_RELOC,,8,6,11,,0.0,,,
ROBOT_RELOC,,8,6,12,,0.0,,,
ROBOT_RELOC,,8,6,13,,0.0,,,
ROBOT_RELOC,,8,6,14,,0.0,,,
ROBOT_RELOC,,8,6,15,,0.0,,,
ROBOT_RELOC,,8,6,16,,0.0,,,
ROBOT_RELOC,,8,6,17,,0.0,,,
ROBOT_RELOC,,8,7,0,,0.0,,,
ROBOT_RELOC,,8,7,1,,0.0,,,
ROBOT_RELOC,,8,7,2,,0.0,,,
ROBOT_RELOC,,8,7,3,,0.0,,,
ROBOT_RELOC,,8,7,4,,0.0,,,
ROBOT_RELOC,,8,7,5,,0.0,,,
ROBOT_RELOC,,8,7,6,,0.0,,,
ROBOT_RELOC,,8,7,7,,0.0,,,
ROBOT_RELOC,,8,7,8,,0.0,,,
ROBOT_RELOC,,8,7,9,,0.0,,,
ROBOT_RELOC,,8,7,10,,0.0,,,
ROBOT_RELOC,,8,7,11,,0.0,,,
ROBOT_RELOC,,8,7,12,,0.0,,,
ROBOT_RELOC,,8,7,13,,0.0,,,
ROBOT_RELOC,,8,7,14,,0.0,,,
ROBOT_RELOC,,8,7,15,,0.0,,,
ROBOT_RELOC,,8,7,16,,0.0,,,
ROBOT_RELOC,,8,7,17,,0.0,,,
ROBOT_RELOC,,8,8,0,,0.0,,,
ROBOT_RELOC,,8,8,1,,0.0,,,
ROBOT_RELOC,,8,8,2,,0.0,,,
ROBOT_RELOC,,8,8,3,,0.0,,,
ROBOT_RELOC,,8,8,4,,0.0,,,
ROBOT_RELOC,,8,8,5,,0.0,,,
ROBOT_RELOC,,8,8,6,,0.0,,,
ROBOT_RELOC,,8,8,7,,0.0,,,
ROBOT_RELOC,,8,8,8,,0.0,,,
ROBOT_RELOC,,8,8,9,,0.0,,,
ROBOT_RELOC,,8,8,10,,0.0,,,
ROBOT_RELOC,,8,8,11,,0.0,,,
ROBOT_RELOC,,8,8,12,,0.0,,,
ROBOT_RELOC,,8,8,13,,0.0,,,
ROBOT_RELOC,,8,8,14,,0.0,,,
ROBOT_RELOC,,8,8,15,,0.0,,,
ROBOT_RELOC,,8,8,16,,0.0,,,
ROBOT_RELOC,,8,8,17,,0.0,,,
ROBOT_RELOC,,8,9,0,,0.0,,,
ROBOT_RELOC,,8,9,1,,0.0,,,
ROBOT_RELOC,,8,9,2,,0.0,,,
ROBOT_RELOC,,8,9,3,,0.0,,,
ROBOT_RELOC,,8,9,4,,0.0,,,
ROBOT_RELOC,,8,9,5,,0.0,,,
ROBOT_RELOC,,8,9,6,,0.0,,,
ROBOT_RELOC,,8,9,7,,0.0,,,
ROBOT_RELOC,,8,9,8,,0.0,,,
ROBOT_RELOC,,8,9,9,,0.0,,,
ROBOT_RELOC,,8,9,10,,0.0,,,
ROBOT_RELOC,,8,9,11,,0.0,,,
ROBOT_RELOC,,8,9,12,,0.0,,,
ROBOT_RELOC,,8,9,13,,0.0,,,
ROBOT_RELOC,,8,9,14,,0.0,,,
ROBOT_RELOC,,8,9,15,,0.0,,,
ROBOT_RELOC,,8,9,16,,0.0,,,
ROBOT_RELOC,,8,9,17,,0.0,,,
ROBOT_RELOC,,8,10,0,,0.0,,,
ROBOT_RELOC,,8,10,1,,0.0,,,
ROBOT_RELOC,,8,10,2,,0.0,,,
ROBOT_RELOC,,8,10,3,,0.0,,,
ROBOT_RELOC,,8,10,4,,0.0,,,
ROBOT_RELOC,,8,10,5,,0.0,,,
ROBOT_RELOC,,8,10,6,,0.0,,,
ROBOT_RELOC,,8,10,7,,0.0,,,
ROBOT_RELOC,,8,10,8,,0.0,,,
ROBOT_RELOC,,8,10,9,,0.0,,,
ROBOT_RELOC,,8,10,10,,0.0,,,
ROBOT_RELOC,,8,10,11,,0.0,,,
ROBOT_RELOC,,8,10,12,,0.0,,,
ROBOT_RELOC,,8,10,13,,0.0,,,
ROBOT_RELOC,,8,10,14,,0.0,,,
ROBOT_RELOC,,8,10,15,,0.0,,,
ROBOT_RELOC,,8,10,16,,0.0,,,
ROBOT_RELOC,,8,10,17,,0.0,,,
ROBOT_RELOC,,8,11,0,,0.0,,,
ROBOT_RELOC,,8,11,1,,0.0,,,
ROBOT_RELOC,,8,11,2,,0.0,,,
ROBOT_RELOC,,8,11,3,,0.0,,,
ROBOT_RELOC,,8,11,4,,0.0,,,
ROBOT_RELOC,,8,11,5,,0.0,,,
ROBOT_RELOC,,8,11,6,,0.0,,,
ROBOT_RELOC,,8,11,7,,0.0,,,
ROBOT_RELOC,,8,11,8,,0.0,,,
ROBOT_RELOC,,8,11,9,,0.0,,,
ROBOT_RELOC,,8,11,10,,0.0,,,
ROBOT_RELOC,,8,11,11,,0.0,,,
ROBOT_RELOC,,8,11,12,,0.0,,,
ROBOT_RELOC,,8,11,13,,0.0,,,
ROBOT_RELOC,,8,11,14,,0.0,,,
ROBOT_RELOC,,8,11,15,,0.0,,,
ROBOT_RELOC,,8,11,16,,0.0,,,
ROBOT_RELOC,,8,11,17,,0.0,,,
ROBOT_RELOC,,8,12,0,,0.0,,,
ROBOT_RELOC,,8,12,1,,0.0,,,
ROBOT_RELOC,,8,12,2,,0.0,,,
ROBOT_RELOC,,8,12,3,,0.0,,,
ROBOT_RELOC,,8,12,4,,0.0,,,
ROBOT_RELOC,,8,12,5,,0.0,,,
ROBOT_RELOC,,8,12,6,,0.0,,,
ROBOT_RELOC,,8,12,7,,0.0,,,
ROBOT_RELOC,,8,12,8,,0.0,,,
ROBOT_RELOC,,8,12,9,,0.0,,,
ROBOT_RELOC,,8,12,10,,0.0,,,
ROBOT_RELOC,,8,12,11,,0.0,,,
ROBOT_RELOC,,8,12,12,,0.0,,,
ROBOT_RELOC,,8,12,13,,0.0,,,
ROBOT_RELOC,,8,12,14,,0.0,,,
ROBOT_RELOC,,8,12,15,,0.0,,,
ROBOT_RELOC,,8,12,16,,0.0,,,
ROBOT_RELOC,,8,12,17,,0.0,,,
ROBOT_RELOC,,8,13,0,,0.0,,,
ROBOT_RELOC,,8,13,1,,0.0,,,
ROBOT_RELOC,,8,13,2,,0.0,,,
ROBOT_RELOC,,8,13,3,,0.0,,,
ROBOT_RELOC,,8,13,4,,0.0,,,
ROBOT_RELOC,,8,13,5,,0.0,,,
ROBOT_RELOC,,8,13,6,,0.0,,,
ROBOT_RELOC,,8,13,7,,0.0,,,
ROBOT_RELOC,,8,13,8,,0.0,,,
ROBOT_RELOC,,8,13,9,,0.0,,,
ROBOT_RELOC,,8,13,10,,0.0,,,
ROBOT_RELOC,,8,13,11,,0.0,,,
ROBOT_RELOC,,8,13,12,,0.0,,,
ROBOT_RELOC,,8,13,13,,0.0,,,
ROBOT_RELOC,,8,13,14,,0.0,,,
ROBOT_RELOC,,8,13,15,,0.0,,,
ROBOT_RELOC,,8,13,16,,0.0,,,
ROBOT_RELOC,,8,13,17,,0.0,,,
ROBOT_RELOC,,8,14,0,,0.0,,,
ROBOT_RELOC,,8,14,1,,0.0,,,
ROBOT_RELOC,,8,14,2,,0.0,,,
ROBOT_RELOC,,8,14,3,,0.0,,,
ROBOT_RELOC,,8,14,4,,0.0,,,
ROBOT_RELOC,,8,14,5,,0.0,,,
ROBOT_RELOC,,8,14,6,,0.0,,,
ROBOT_RELOC,,8,14,7,,0.0,,,
ROBOT_RELOC,,8,14,8,,0.0,,,
ROBOT_RELOC,,8,14,9,,0.0,,,
ROBOT_RELOC,,8,14,10,,0.0,,,
ROBOT_RELOC,,8,14,11,,0.0,,,
ROBOT_RELOC,,8,14,12,,0.0,,,
ROBOT_RELOC,,8,14,13,,0.0,,,
ROBOT_RELOC,,8,14,14,,0.0,,,
ROBOT_RELOC,,8,14,15,,0.0,,,
ROBOT_RELOC,,8,14,16,,0.0,,,
ROBOT_RELOC,,8,14,17,,0.0,,,
ROBOT_RELOC,,8,15,0,,0.0,,,
ROBOT_RELOC,,8,15,1,,0.0,,,
ROBOT_RELOC,,8,15,2,,0.0,,,
ROBOT_RELOC,,8,15,3,,0.0,,,
ROBOT_RELOC,,8,15,4,,0.0,,,
ROBOT_RELOC,,8,15,5,,0.0,,,
ROBOT_RELOC,,8,15,6,,0.0,,,
ROBOT_RELOC,,8,15,7,,0.0,,,
ROBOT_RELOC,,8,15,8,,0.0,,,
ROBOT_RELOC,,8,15,9,,0.0,,,
ROBOT_RELOC,,8,15,10,,0.0,,,
ROBOT_RELOC,,8,15,11,,0.0,,,
ROBOT_RELOC,,8,15,12,,0.0,,,
ROBOT_RELOC,,8,15,13,,0.0,,,
ROBOT_RELOC,,8,15,14,,0.0,,,
ROBOT_RELOC,,8,15,15,,0.0,,,
ROBOT_RELOC,,8,15,16,,0.0,,,
ROBOT_RELOC,,8,15,17,,0.0,,,
ROBOT_RELOC,,8,16,0,,0.0,,,
ROBOT_RELOC,,8,16,1,,0.0,,,
ROBOT_RELOC,,8,16,2,,0.0,,,
ROBOT_RELOC,,8,16,3,,0.0,,,
ROBOT_RELOC,,8,16,4,,0.0,,,
ROBOT_RELOC,,8,16,5,,0.0,,,
ROBOT_RELOC,,8,16,6,,0.0,,,
ROBOT_RELOC,,8,16,7,,0.0,,,
ROBOT_RELOC,,8,16,8,,0.0,,,
ROBOT_RELOC,,8,16,9,,0.0,,,
ROBOT_RELOC,,8,16,10,,0.0,,,
ROBOT_RELOC,,8,16,11,,0.0,,,
ROBOT_RELOC,,8,16,12,,0.0,,,
ROBOT_RELOC,,8,16,13,,0.0,,,
ROBOT_RELOC,,8,16,14,,0.0,,,
ROBOT_RELOC,,8,16,15,,0.0,,,
ROBOT_RELOC,,8,16,16,,0.0,,,
ROBOT_RELOC,,8,16,17,,0.0,,,
ROBOT_RELOC,,8,17,0,,0.0,,,
ROBOT_RELOC,,8,17,1,,0.0,,,
ROBOT_RELOC,,8,17,2,,0.0,,,
ROBOT_RELOC,,8,17,3,,0.0,,,
ROBOT_RELOC,,8,17,4,,0.0,,,
ROBOT_RELOC,,8,17,5,,0.0,,,
ROBOT_RELOC,,8,17,6,,0.0,,,
ROBOT_RELOC,,8,17,7,,0.0,,,
ROBOT_RELOC,,8,17,8,,0.0,,,
ROBOT_RELOC,,8,17,9,,0.0,,,
ROBOT_RELOC,,8,17,10,,0.0,,,
ROBOT_RELOC,,8,17,11,,0.0,,,
ROBOT_RELOC,,8,17,12,,0.0,,,
ROBOT_RELOC,,8,17,13,,0.0,,,
ROBOT_RELOC,,8,17,14,,0.0,,,
ROBOT_RELOC,,8,17,15,,0.0,,,
ROBOT_RELOC,,8,17,16,,0.0,,,
ROBOT_RELOC,,8,17,17,,0.0,,,
ROBOT_RELOC,,9,0,0,,0.0,,,
ROBOT_RELOC,,9,0,1,,0.0,,,
ROBOT_RELOC,,9,0,2,,0.0,,,
ROBOT_RELOC,,9,0,3,,0.0,,,
ROBOT_RELOC,,9,0,4,,0.0,,,
ROBOT_RELOC,,9,0,5,,0.0,,,
ROBOT_RELOC,,9,0,6,,0.0,,,
ROBOT_RELOC,,9,0,7,,0.0,,,
ROBOT_RELOC,,9,0,8,,0.0,,,
ROBOT_RELOC,,9,0,9,,0.0,,,
ROBOT_RELOC,,9,0,10,,0.0,,,
ROBOT_RELOC,,9,0,11,,0.0,,,
ROBOT_RELOC,,9,0,12,,0.0,,,
ROBOT_RELOC,,9,0,13,,0.0,,,
ROBOT_RELOC,,9,0,14,,0.0,,,
ROBOT_RELOC,,9,0,15,,0.0,,,
ROBOT_RELOC,,9,0,16,,0.0,,,
ROBOT_RELOC,,9,0,17,,0.0,,,
ROBOT_RELOC,,9,1,0,,0.0,,,
ROBOT_RELOC,,9,1,1,,0.0,,,
ROBOT_RELOC,,9,1,2,,0.0,,,
ROBOT_RELOC,,9,1,3,,0.0,,,
ROBOT_RELOC,,9,1,4,,0.0,,,
ROBOT_RELOC,,9,1,5,,0.0,,,
ROBOT_RELOC,,9,1,6,,0.0,,,
ROBOT_RELOC,,9,1,7,,0.0,,,
ROBOT_RELOC,,9,1,8,,0.0,,,
ROBOT_RELOC,,9,1,9,,0.0,,,
ROBOT_RELOC,,9,1,10,,0.0,,,
ROBOT_RELOC,,9,1,11,,0.0,,,
ROBOT_RELOC,,9,1,12,,0.0,,,
ROBOT_RELOC,,9,1,13,,0.0,,,
ROBOT_RELOC,,9,1,14,,0.0,,,
ROBOT_RELOC,,9,1,15,,0.0,,,
ROBOT_RELOC,,9,1,16,,0.0,,,
ROBOT_RELOC,,9,1,17,,0.0,,,
ROBOT_RELOC,,9,2,0,,0.0,,,
ROBOT_RELOC,,9,2,1,,0.0,,,
ROBOT_RELOC,,9,2,2,,0.0,,,
ROBOT_RELOC,,9,2,3,,0.0,,,
ROBOT_RELOC,,9,2,4,,0.0,,,
ROBOT_RELOC,,9,2,5,,0.0,,,
ROBOT_RELOC,,9,2,6,,0.0,,,
ROBOT_RELOC,,9,2,7,,0.0,,,
ROBOT_RELOC,,9,2,8,,0.0,,,
ROBOT_RELOC,,9,2,9,,0.0,,,
ROBOT_RELOC,,9,2,10,,0.0,,,
ROBOT_RELOC,,9,2,11,,0.0,,,
ROBOT_RELOC,,9,2,12,,0.0,,,
ROBOT_RELOC,,9,2,13,,0.0,,,
ROBOT_RELOC,,9,2,14,,0.0,,,
ROBOT_RELOC,,9,2,15,,0.0,,,
ROBOT_RELOC,,9,2,16,,0.0,,,
ROBOT_RELOC,,9,2,17,,0.0,,,
ROBOT_RELOC,,9,3,0,,0.0,,,
ROBOT_RELOC,,9,3,1,,0.0,,,
ROBOT_RELOC,,9,3,2,,0.0,,,
ROBOT_RELOC,,9,3,3,,0.0,,,
ROBOT_RELOC,,9,3,4,,0.0,,,
ROBOT_RELOC,,9,3,5,,0.0,,,
ROBOT_RELOC,,9,3,6,,0.0,,,
ROBOT_RELOC,,9,3,7,,0.0,,,
ROBOT_RELOC,,9,3,8,,0.0,,,
ROBOT_RELOC,,9,3,9,,0.0,,,
ROBOT_RELOC,,9,3,10,,0.0,,,
ROBOT_RELOC,,9,3,11,,0.0,,,
ROBOT_RELOC,,9,3,12,,0.0,,,
ROBOT_RELOC,,9,3,13,,0.0,,,
ROBOT_RELOC,,9,3,14,,0.0,,,
ROBOT_RELOC,,9,3,15,,0.0,,,
ROBOT_RELOC,,9,3,16,,0.0,,,
ROBOT_RELOC,,9,3,17,,0.0,,,
ROBOT_RELOC,,9,4,0,,0.0,,,
ROBOT_RELOC,,9,4,1,,0.0,,,
ROBOT_RELOC,,9,4,2,,0.0,,,
ROBOT_RELOC,,9,4,3,,0.0,,,
ROBOT_RELOC,,9,4,4,,0.0,,,
ROBOT_RELOC,,9,4,5,,0.0,,,
ROBOT_RELOC,,9,4,6,,0.0,,,
ROBOT_RELOC,,9,4,7,,0.0,,,
ROBOT_RELOC,,9,4,8,,0.0,,,
ROBOT_RELOC,,9,4,9,,0.0,,,
ROBOT_RELOC,,9,4,10,,0.0,,,
ROBOT_RELOC,,9,4,11,,0.0,,,
ROBOT_RELOC,,9,4,12,,0.0,,,
ROBOT_RELOC,,9,4,13,,0.0,,,
ROBOT_RELOC,,9,4,14,,0.0,,,
ROBOT_RELOC,,9,4,15,,0.0,,,
ROBOT_RELOC,,9,4,16,,0.0,,,
ROBOT_RELOC,,9,4,17,,0.0,,,
ROBOT_RELOC,,9,5,0,,0.0,,,
ROBOT_RELOC,,9,5,1,,0.0,,,
ROBOT_RELOC,,9,5,2,,0.0,,,
ROBOT_RELOC,,9,5,3,,0.0,,,
ROBOT_RELOC,,9,5,4,,0.0,,,
ROBOT_RELOC,,9,5,5,,0.0,,,
ROBOT_RELOC,,9,5,6,,0.0,,,
ROBOT_RELOC,,9,5,7,,0.0,,,
ROBOT_RELOC,,9,5,8,,0.0,,,
ROBOT_RELOC,,9,5,9,,0.0,,,
ROBOT_RELOC,,9,5,10,,0.0,,,
ROBOT_RELOC,,9,5,11,,0.0,,,
ROBOT_RELOC,,9,5,12,,0.0,,,
ROBOT_RELOC,,9,5,13,,0.0,,,
ROBOT_RELOC,,9,5,14,,0.0,,,
ROBOT_RELOC,,9,5,15,,0.0,,,
ROBOT_RELOC,,9,5,16,,0.0,,,
ROBOT_RELOC,,9,5,17,,0.0,,,
ROBOT_RELOC,,9,6,0,,0.0,,,
ROBOT_RELOC,,9,6,1,,0.0,,,
ROBOT_RELOC,,9,6,2,,0.0,,,
ROBOT_RELOC,,9,6,3,,0.0,,,
ROBOT_RELOC,,9,6,4,,0.0,,,
ROBOT_RELOC,,9,6,5,,0.0,,,
ROBOT_RELOC,,9,6,6,,0.0,,,
ROBOT_RELOC,,9,6,7,,0.0,,,
ROBOT_RELOC,,9,6,8,,0.0,,,
ROBOT_RELOC,,9,6,9,,0.0,,,
ROBOT_RELOC,,9,6,10,,0.0,,,
ROBOT_RELOC,,9,6,11,,0.0,,,
ROBOT_RELOC,,9,6,12,,0.0,,,
ROBOT_RELOC,,9,6,13,,0.0,,,
ROBOT_RELOC,,9,6,14,,0.0,,,
ROBOT_RELOC,,9,6,15,,0.0,,,
ROBOT_RELOC,,9,6,16,,0.0,,,
ROBOT_RELOC,,9,6,17,,0.0,,,
ROBOT_RELOC,,9,7,0,,0.0,,,
ROBOT_RELOC,,9,7,1,,0.0,,,
ROBOT_RELOC,,9,7,2,,0.0,,,
ROBOT_RELOC,,9,7,3,,0.0,,,
ROBOT_RELOC,,9,7,4,,0.0,,,
ROBOT_RELOC,,9,7,5,,0.0,,,
ROBOT_RELOC,,9,7,6,,0.0,,,
ROBOT_RELOC,,9,7,7,,0.0,,,
ROBOT_RELOC,,9,7,8,,0.0,,,
ROBOT_RELOC,,9,7,9,,0.0,,,
ROBOT_RELOC,,9,7,10,,0.0,,,
ROBOT_RELOC,,9,7,11,,0.0,,,
ROBOT_RELOC,,9,7,12,,0.0,,,
ROBOT_RELOC,,9,7,13,,0.0,,,
ROBOT_RELOC,,9,7,14,,0.0,,,
ROBOT_RELOC,,9,7,15,,0.0,,,
ROBOT_RELOC,,9,7,16,,0.0,,,
ROBOT_RELOC,,9,7,17,,0.0,,,
ROBOT_RELOC,,9,8,0,,0.0,,,
ROBOT_RELOC,,9,8,1,,0.0,,,
ROBOT_RELOC,,9,8,2,,0.0,,,
ROBOT_RELOC,,9,8,3,,0.0,,,
ROBOT_RELOC,,9,8,4,,0.0,,,
ROBOT_RELOC,,9,8,5,,0.0,,,
ROBOT_RELOC,,9,8,6,,0.0,,,
ROBOT_RELOC,,9,8,7,,0.0,,,
ROBOT_RELOC,,9,8,8,,0.0,,,
ROBOT_RELOC,,9,8,9,,0.0,,,
ROBOT_RELOC,,9,8,10,,0.0,,,
ROBOT_RELOC,,9,8,11,,0.0,,,
ROBOT_RELOC,,9,8,12,,0.0,,,
ROBOT_RELOC,,9,8,13,,0.0,,,
ROBOT_RELOC,,9,8,14,,0.0,,,
ROBOT_RELOC,,9,8,15,,0.0,,,
ROBOT_RELOC,,9,8,16,,0.0,,,
ROBOT_RELOC,,9,8,17,,0.0,,,
ROBOT_RELOC,,9,9,0,,0.0,,,
ROBOT_RELOC,,9,9,1,,0.0,,,
ROBOT_RELOC,,9,9,2,,0.0,,,
ROBOT_RELOC,,9,9,3,,0.0,,,
ROBOT_RELOC,,9,9,4,,0.0,,,
ROBOT_RELOC,,9,9,5,,0.0,,,
ROBOT_RELOC,,9,9,6,,0.0,,,
ROBOT_RELOC,,9,9,7,,0.0,,,
ROBOT_RELOC,,9,9,8,,0.0,,,
ROBOT_RELOC,,9,9,9,,0.0,,,
ROBOT_RELOC,,9,9,10,,0.0,,,
ROBOT_RELOC,,9,9,11,,0.0,,,
ROBOT_RELOC,,9,9,12,,0.0,,,
ROBOT_RELOC,,9,9,13,,0.0,,,
ROBOT_RELOC,,9,9,14,,0.0,,,
ROBOT_RELOC,,9,9,15,,0.0,,,
ROBOT_RELOC,,9,9,16,,0.0,,,
ROBOT_RELOC,,9,9,17,,0.0,,,
ROBOT_RELOC,,9,10,0,,0.0,,,
ROBOT_RELOC,,9,10,1,,0.0,,,
ROBOT_RELOC,,9,10,2,,0.0,,,
ROBOT_RELOC,,9,10,3,,0.0,,,
ROBOT_RELOC,,9,10,4,,0.0,,,
ROBOT_RELOC,,9,10,5,,0.0,,,
ROBOT_RELOC,,9,10,6,,0.0,,,
ROBOT_RELOC,,9,10,7,,0.0,,,
ROBOT_RELOC,,9,10,8,,0.0,,,
ROBOT_RELOC,,9,10,9,,0.0,,,
ROBOT_RELOC,,9,10,10,,0.0,,,
ROBOT_RELOC,,9,10,11,,0.0,,,
ROBOT_RELOC,,9,10,12,,0.0,,,
ROBOT_RELOC,,9,10,13,,0.0,,,
ROBOT_RELOC,,9,10,14,,0.0,,,
ROBOT_RELOC,,9,10,15,,0.0,,,
ROBOT_RELOC,,9,10,16,,0.0,,,
ROBOT_RELOC,,9,10,17,,0.0,,,
ROBOT_RELOC,,9,11,0,,0.0,,,
ROBOT_RELOC,,9,11,1,,0.0,,,
ROBOT_RELOC,,9,11,2,,0.0,,,
ROBOT_RELOC,,9,11,3,,0.0,,,
ROBOT_RELOC,,9,11,4,,0.0,,,
ROBOT_RELOC,,9,11,5,,0.0,,,
ROBOT_RELOC,,9,11,6,,0.0,,,
ROBOT_RELOC,,9,11,7,,0.0,,,
ROBOT_RELOC,,9,11,8,,0.0,,,
ROBOT_RELOC,,9,11,9,,0.0,,,
ROBOT_RELOC,,9,11,10,,0.0,,,
ROBOT_RELOC,,9,11,11,,0.0,,,
ROBOT_RELOC,,9,11,12,,0.0,,,
ROBOT_RELOC,,9,11,13,,0.0,,,
ROBOT_RELOC,,9,11,14,,0.0,,,
ROBOT_RELOC,,9,11,15,,0.0,,,
ROBOT_RELOC,,9,11,16,,0.0,,,
ROBOT_RELOC,,9,11,17,,0.0,,,
ROBOT_RELOC,,9,12,0,,0.0,,,
ROBOT_RELOC,,9,12,1,,0.0,,,
ROBOT_RELOC,,9,12,2,,0.0,,,
ROBOT_RELOC,,9,12,3,,0.0,,,
ROBOT_RELOC,,9,12,4,,0.0,,,
ROBOT_RELOC,,9,12,5,,0.0,,,
ROBOT_RELOC,,9,12,6,,0.0,,,
ROBOT_RELOC,,9,12,7,,0.0,,,
ROBOT_RELOC,,9,12,8,,0.0,,,
ROBOT_RELOC,,9,12,9,,0.0,,,
ROBOT_RELOC,,9,12,10,,0.0,,,
ROBOT_RELOC,,9,12,11,,0.0,,,
ROBOT_RELOC,,9,12,12,,0.0,,,
ROBOT_RELOC,,9,12,13,,0.0,,,
ROBOT_RELOC,,9,12,14,,0.0,,,
ROBOT_RELOC,,9,12,15,,0.0,,,
ROBOT_RELOC,,9,12,16,,0.0,,,
ROBOT_RELOC,,9,12,17,,0.0,,,
ROBOT_RELOC,,9,13,0,,0.0,,,
ROBOT_RELOC,,9,13,1,,0.0,,,
ROBOT_RELOC,,9,13,2,,0.0,,,
ROBOT_RELOC,,9,13,3,,0.0,,,
ROBOT_RELOC,,9,13,4,,0.0,,,
ROBOT_RELOC,,9,13,5,,0.0,,,
ROBOT_RELOC,,9,13,6,,0.0,,,
ROBOT_RELOC,,9,13,7,,0.0,,,
ROBOT_RELOC,,9,13,8,,0.0,,,
ROBOT_RELOC,,9,13,9,,0.0,,,
ROBOT_RELOC,,9,13,10,,0.0,,,
ROBOT_RELOC,,9,13,11,,0.0,,,
ROBOT_RELOC,,9,13,12,,0.0,,,
ROBOT_RELOC,,9,13,13,,0.0,,,
ROBOT_RELOC,,9,13,14,,0.0,,,
ROBOT_RELOC,,9,13,15,,0.0,,,
ROBOT_RELOC,,9,13,16,,0.0,,,
ROBOT_RELOC,,9,13,17,,0.0,,,
ROBOT_RELOC,,9,14,0,,0.0,,,
ROBOT_RELOC,,9,14,1,,0.0,,,
ROBOT_RELOC,,9,14,2,,0.0,,,
ROBOT_RELOC,,9,14,3,,0.0,,,
ROBOT_RELOC,,9,14,4,,0.0,,,
ROBOT_RELOC,,9,14,5,,0.0,,,
ROBOT_RELOC,,9,14,6,,0.0,,,
ROBOT_RELOC,,9,14,7,,0.0,,,
ROBOT_RELOC,,9,14,8,,0.0,,,
ROBOT_RELOC,,9,14,9,,0.0,,,
ROBOT_RELOC,,9,14,10,,0.0,,,
ROBOT_RELOC,,9,14,11,,0.0,,,
ROBOT_RELOC,,9,14,12,,0.0,,,
ROBOT_RELOC,,9,14,13,,0.0,,,
ROBOT_RELOC,,9,14,14,,0.0,,,
ROBOT_RELOC,,9,14,15,,0.0,,,
ROBOT_RELOC,,9,14,16,,0.0,,,
ROBOT_RELOC,,9,14,17,,0.0,,,
ROBOT_RELOC,,9,15,0,,0.0,,,
ROBOT_RELOC,,9,15,1,,0.0,,,
ROBOT_RELOC,,9,15,2,,0.0,,,
ROBOT_RELOC,,9,15,3,,0.0,,,
ROBOT_RELOC,,9,15,4,,0.0,,,
ROBOT_RELOC,,9,15,5,,0.0,,,
ROBOT_RELOC,,9,15,6,,0.0,,,
ROBOT_RELOC,,9,15,7,,0.0,,,
ROBOT_RELOC,,9,15,8,,0.0,,,
ROBOT_RELOC,,9,15,9,,0.0,,,
ROBOT_RELOC,,9,15,10,,0.0,,,
ROBOT_RELOC,,9,15,11,,0.0,,,
ROBOT_RELOC,,9,15,12,,0.0,,,
ROBOT_RELOC,,9,15,13,,0.0,,,
ROBOT_RELOC,,9,15,14,,0.0,,,
ROBOT_RELOC,,9,15,15,,0.0,,,
ROBOT_RELOC,,9,15,16,,0.0,,,
ROBOT_RELOC,,9,15,17,,0.0,,,
ROBOT_RELOC,,9,16,0,,0.0,,,
ROBOT_RELOC,,9,16,1,,0.0,,,
ROBOT_RELOC,,9,16,2,,0.0,,,
ROBOT_RELOC,,9,16,3,,0.0,,,
ROBOT_RELOC,,9,16,4,,0.0,,,
ROBOT_RELOC,,9,16,5,,0.0,,,
ROBOT_RELOC,,9,16,6,,0.0,,,
ROBOT_RELOC,,9,16,7,,0.0,,,
ROBOT_RELOC,,9,16,8,,0.0,,,
ROBOT_RELOC,,9,16,9,,0.0,,,
ROBOT_RELOC,,9,16,10,,0.0,,,
ROBOT_RELOC,,9,16,11,,0.0,,,
ROBOT_RELOC,,9,16,12,,0.0,,,
ROBOT_RELOC,,9,16,13,,0.0,,,
ROBOT_RELOC,,9,16,14,,0.0,,,
ROBOT_RELOC,,9,16,15,,0.0,,,
ROBOT_RELOC,,9,16,16,,0.0,,,
ROBOT_RELOC,,9,16,17,,0.0,,,
ROBOT_RELOC,,9,17,0,,0.0,,,
ROBOT_RELOC,,9,17,1,,0.0,,,
ROBOT_RELOC,,9,17,2,,0.0,,,
ROBOT_RELOC,,9,17,3,,0.0,,,
ROBOT_RELOC,,9,17,4,,0.0,,,
ROBOT_RELOC,,9,17,5,,0.0,,,
ROBOT_RELOC,,9,17,6,,0.0,,,
ROBOT_RELOC,,9,17,7,,0.0,,,
ROBOT_RELOC,,9,17,8,,0.0,,,
ROBOT_RELOC,,9,17,9,,0.0,,,
ROBOT_RELOC,,9,17,10,,0.0,,,
ROBOT_RELOC,,9,17,11,,0.0,,,
ROBOT_RELOC,,9,17,12,,0.0,,,
ROBOT_RELOC,,9,17,13,,0.0,,,
ROBOT_RELOC,,9,17,14,,0.0,,,
ROBOT_RELOC,,9,17,15,,0.0,,,
ROBOT_RELOC,,9,17,16,,0.0,,,
ROBOT_RELOC,,9,17,17,,0.0,,,
INITIAL_WORKER,,0,2,,,,,,
INITIAL_WORKER,,1,0,,,,,,
INITIAL_WORKER,,2,10,,,,,,
INITIAL_WORKER,,3,17,,,,,,
INITIAL_WORKER,,4,6,,,,,,
INITIAL_WORKER,,5,13,,,,,,
INITIAL_WORKER,,6,16,,,,,,
INITIAL_WORKER,,7,9,,,,,,
INITIAL_WORKER,,8,11,,,,,,
INITIAL_WORKER,,9,7,,,,,,
INITIAL_WORKER,,10,1,,,,,,
INITIAL_WORKER,,11,15,,,,,,
INITIAL_ROBOT,,0,8,,,,,,
INITIAL_ROBOT,,1,15,,,,,,
INITIAL_ROBOT,,2,1,,,,,,
INITIAL_ROBOT,,3,5,,,,,,
INITIAL_ROBOT,,4,0,,,,,,
INITIAL_ROBOT,,5,7,,,,,,
INITIAL_ROBOT,,6,10,,,,,,
INITIAL_ROBOT,,7,12,,,,,,
INITIAL_ROBOT,,8,14,,,,,,
INITIAL_ROBOT,,9,3,,,,,,
ORDER,,0,0,4,,0.0,187.9266907978058,,
ORDER,,1,4,1,,0.04255098961089716,136.53510054886553,,
ORDER,,2,4,4,,0.7904680281181797,154.69390818476393,,
ORDER,,3,6,2,,1.938873682181763,140.71968534672465,,
ORDER,,4,6,2,,15.64479130783224,146.68581550880828,,
ORDER,,5,0,1,,16.252455990464235,204.10220426193092,,
ORDER,,6,3,1,,18.877845989589588,134.6074814940855,,
ORDER,,7,4,4,,18.987087631225798,177.64387355122312,,
ORDER,,8,7,1,,24.160139990891935,132.3519258758096,,
ORDER,,9,1,1,,29.110486098387664,159.67259510486474,,
ORDER,,10,4,4,,30.423553336791766,178.58539005128793,,
ORDER,,11,5,1,,32.709745595467005,155.0022710565963,,
ORDER,,12,4,1,,35.29333690677643,184.02105006383115,,
ORDER,,13,7,2,,35.4103202666519,140.28030460550625,,
ORDER,,14,7,1,,37.98053229350052,143.57643745693218,,
ORDER,,15,5,1,,38.15604321561125,155.81676921637586,,
ORDER,,16,7,1,,42.17984762230704,159.01146711995125,,
ORDER,,17,7,1,,44.24049724066609,156.1981196269017,,
ORDER,,18,1,2,,46.05763980356718,179.97911600768117,,
ORDER,,19,5,1,,46.69449062347857,169.45159338057886,,
ORDER,,20,2,1,,49.504951498142354,173.84213393844718,,
ORDER,,21,6,4,,53.460439191943,198.97984496260946,,
ORDER,,22,6,2,,54.75041667450399,193.1671655528187,,
ORDER,,23,2,2,,57.70363236937754,181.6520006370605,,
ORDER,,24,7,1,,60.139446471217184,184.66642046522196,,
ORDER,,25,1,1,,60.67891391929374,193.47796885224963,,
ORDER,,26,4,2,,61.1931967852448,203.18513980438863,,
ORDER,,27,7,1,,62.200511760412276,175.01746439917972,,
ORDER,,28,4,1,,64.40888704109382,221.41572611508286,,
ORDER,,29,5,1,,66.62994198053806,188.9077368905288,,
ORDER,,30,2,2,,71.3945240168585,196.22729687078862,,
ORDER,,31,0,1,,78.63709926214926,266.9780145104687,,
ORDER,,32,2,4,,82.46074432291691,222.0995926934841,,
ORDER,,33,1,1,,82.70559975274811,210.30837894377362,,
ORDER,,34,1,1,,83.51493551719336,209.6398873637918,,
ORDER,,35,2,2,,86.40400026082477,211.03527236320923,,
ORDER,,36,5,1,,87.29030441910928,201.0020217732859,,
ORDER,,37,2,1,,88.24089332771902,218.35044121735706,,
ORDER,,38,0,2,,89.66548401359418,266.3313091092421,,
ORDER,,39,4,1,,92.31460261554933,248.38789142489367,,
ORDER,,40,6,1,,96.46262873361535,223.86762021748922,,
ORDER,,41,3,2,,96.91859721374784,229.1650344151804,,
ORDER,,42,2,1,,98.00406033478428,231.3136260433672,,
ORDER,,43,6,1,,99.43740387294235,230.36267904030768,,
ORDER,,44,5,1,,100.28513669910444,229.02263602644518,,
ORDER,,45,7,2,,103.84060544337369,216.35632337647098,,
ORDER,,46,5,1,,106.73976648941648,222.46819682379203,,
ORDER,,47,2,2,,106.78788951015503,243.36905478562497,,
ORDER,,48,3,1,,109.7125217658325,231.84683473269007,,
ORDER,,49,2,4,,117.12113500299499,257.7305819379959,,
ORDER,,50,5,1,,125.55164873620201,241.94454726680863,,
ORDER,,51,0,1,,127.25597283506265,297.28554476625277,,
ORDER,,52,5,1,,128.37861045129836,263.36345573926235,,
ORDER,,53,0,2,,132.49148899671536,290.9890154913144,,
ORDER,,54,4,1,,136.80231005036873,289.0649704439476,,
ORDER,,55,2,1,,142.91823859122326,272.25509919624864,,
ORDER,,56,0,2,,149.7358026844025,329.6675607039863,,
ORDER,,57,7,1,,151.6063440370463,267.5083428623854,,
ORDER,,58,0,1,,155.76651853770903,341.0854783131006,,
ORDER,,59,2,2,,161.15000839655949,310.9649325089297,,
ORDER,,60,3,1,,162.2807280028275,290.20270777456665,,
ORDER,,61,5,1,,164.82564300272847,276.7657915734287,,
ORDER,,62,7,2,,166.0917178516235,290.0782539699946,,
ORDER,,63,2,1,,167.30046337013877,302.8384591740685,,
ORDER,,64,4,1,,172.9077424543321,329.8760964604876,,
ORDER,,65,0,1,,173.3309674179442,340.15745487922754,,
ORDER,,66,5,2,,174.83256270260713,287.62703916743817,,
ORDER,,67,2,4,,175.39448529179109,306.77807401766654,,
ORDER,,68,3,1,,175.86707546716067,314.36039757195783,,
ORDER,,69,3,1,,178.2099481188328,294.93184131703924,,
ORDER,,70,0,2,,181.5612313725734,351.9808644801766,,
ORDER,,71,3,1,,189.47083310055515,307.87592807865695,,
ORDER,,72,7,1,,191.3569343172677,316.3801550858979,,
ORDER,,73,0,4,,191.82013364012099,364.24018804732606,,
ORDER,,74,5,1,,193.60560540783482,323.22922745669126,,
ORDER,,75,0,2,,196.56011341954246,383.56483851946956,,
ORDER,,76,6,1,,197.62740994477457,320.08438448088236,,
ORDER,,77,0,4,,211.99092254903627,393.99282886110296,,
ORDER,,78,5,2,,223.1025561587193,355.43645131076863,,
ORDER,,79,7,2,,239.28431081712813,344.53023849266003,,
ORDER,,80,2,1,,242.41681618188906,368.18213066248387,,
ORDER,,81,4,2,,247.03098637151717,413.8440913824092,,
ORDER,,82,7,1,,251.58716141029427,367.67989025860504,,
ORDER,,83,4,1,,258.57860189289454,417.89148354705367,,
ORDER,,84,4,1,,259.14669349806195,412.9365319688782,,
ORDER,,85,3,2,,260.04060741166694,376.99696075231617,,
ORDER,,86,6,1,,265.438840274437,412.28442769018125,,
ORDER,,87,4,1,,272.177061208212,432.66663887123025,,
ORDER,,88,4,1,,272.6185286772924,438.36102158084697,,
ORDER,,89,2,4,,275.50269376568065,411.1980606963152,,
ORDER,,90,2,1,,276.23772994624375,410.385537370971,,
ORDER,,91,1,2,,277.22283027371367,406.81268696528866,,
ORDER,,92,2,4,,280.9534267972087,407.3364768285761,,
ORDER,,93,5,2,,281.4242732116897,417.61347658376235,,
ORDER,,94,3,1,,286.3027647932022,411.53045453776207,,
ORDER,,95,1,1,,290.62511224086023,436.7836175186083,,
ORDER,,96,7,1,,295.59388638964595,406.7208554962116,,
ORDER,,97,2,1,,298.3992325569734,432.31980863305415,,
ORDER,,98,4,2,,301.1893582295508,456.8641112906121,,
ORDER,,99,5,1,,308.3990216192499,430.7843406618812,,
ORDER,,100,6,1,,313.2975176625566,458.6439157368734,,
ORDER,,101,7,1,,314.09046300395715,420.9589865987293,,
ORDER,,102,2,1,,316.01941963840613,445.1945231315715,,
ORDER,,103,3,2,,321.33763853305913,446.6434010707509,,
ORDER,,104,3,1,,322.997243239937,460.6063165767246,,
ORDER,,105,0,1,,326.21484968081626,504.70898839153233,,
ORDER,,106,0,1,,332.049820004489,515.212064738726,,
ORDER,,107,7,1,,338.5733437838478,459.11104828644704,,
ORDER,,108,1,1,,342.88597688447925,477.0300034719494,,
ORDER,,109,4,2,,348.302842832696,511.4820944899038,,
ORDER,,110,0,1,,351.65476732428,536.8706969696352,,
ORDER,,111,5,1,,360.36580415641555,477.5991911241893,,
ORDER,,112,1,1,,366.9837933947455,510.6139359336147,,
ORDER,,113,5,2,,369.58448884258775,501.30109501873386,,
ORDER,,114,4,2,,375.2427922502622,538.8523136269874,,
ORDER,,115,7,1,,384.13794271036966,491.8663441915338,,
ORDER,,116,4,1,,384.21359584867514,549.0869289793575,,
ORDER,,117,2,1,,394.4653882958331,539.574605536629,,
ORDER,,118,1,1,,394.61398684298285,525.9189370100328,,
ORDER,,119,3,2,,396.91465003919245,514.8028009362987,,
ORDER,,120,5,1,,397.63544669535725,525.3642337336732,,
ORDER,,121,1,1,,402.2457654912797,549.6802902333907,,
ORDER,,122,2,2,,409.6541581719017,546.3611037013053,,
ORDER,,123,4,1,,410.7922650986551,575.9994041846784,,
ORDER,,124,7,1,,411.58720620197823,528.141933851427,,
ORDER,,125,2,1,,412.77506329304987,558.7917763758683,,
ORDER,,126,6,1,,418.7276408528643,567.6377831652103,,
ORDER,,127,5,2,,422.7811527132583,538.9363852577778,,
ORDER,,128,7,1,,423.068043913574,531.1487692949628,,
ORDER,,129,5,2,,429.1970144577389,564.3257922163397,,
ORDER,,130,1,2,,431.664107066334,583.2882039408892,,
ORDER,,131,1,1,,432.2431140562297,585.0986941376224,,
ORDER,,132,0,1,,434.04277099045277,616.3361858051649,,
ORDER,,133,7,1,,440.24108985900034,553.7681160182381,,
ORDER,,134,4,1,,444.1671871087375,612.3758786114157,,
ORDER,,135,1,1,,444.70911166304245,573.1045948818575,,
ORDER,,136,7,1,,454.39561590894715,566.9133326110282,,
ORDER,,137,1,1,,458.84431350718535,583.5443905376861,,
ORDER,,138,1,1,,462.46425908741367,602.3590616034209,,
ORDER,,139,3,1,,464.65913990471006,592.4137104095867,,
ORDER,,140,2,2,,473.92260051950717,618.8667483431475,,
ORDER,,141,0,2,,474.6200444471056,666.8615190618002,,
ORDER,,142,6,1,,477.85563668685137,617.0271361485717,,
ORDER,,143,2,1,,480.91045664766244,607.8296568468619,,
ORDER,,144,1,4,,482.8322976074535,607.4232847171905,,
ORDER,,145,3,2,,485.12558470706557,607.6355332562234,,
ORDER,,146,4,2,,494.6808340024413,650.5923601846423,,
ORDER,,147,5,2,,499.2066793544893,633.8660928456744,,
ORDER,,148,2,1,,501.4110173522904,642.8102143711398,,
ORDER,,149,0,1,,502.48206508564766,666.8441817053285,,
ORDER,,150,0,1,,506.2971286421282,675.4516685546457,,
ORDER,,151,6,1,,513.7551955111319,661.6562760649082,,
ORDER,,152,3,2,,514.7771695385342,633.9110463102787,,
ORDER,,153,6,1,,521.1450251211589,658.4657306075827,,
ORDER,,154,2,2,,522.2582174294513,658.1275838370925,,
ORDER,,155,2,1,,532.1032527205443,680.1147358682192,,
ORDER,,156,6,2,,535.0471861163593,659.0224233202213,,
ORDER,,157,7,1,,535.8197791435642,648.8440734287702,,
ORDER,,158,4,2,,538.2538263514055,675.2599821243724,,
ORDER,,159,2,1,,540.3736188649827,689.4400068339078,,
