record_type,key,i,j,k,l,value,value2,value3,text
META,instance_id,,,,,,,,"""sensitivity_L_12_08_06_90_D5_rho080_medium_000_rm0.5_wsd060_rcd050"""
META,scale,,,,,,,,"""L"""
META,scenario,,,,,,,,"""D5"""
META,generation_seed,,,,,,,,3520986943
META,target_load_ratio,,,,,,,,0.8
META,due_tightness,,,,,,,,"""medium"""
META,worker_skill_density,,,,,,,,0.6
META,robot_capability_density,,,,,,,,0.5
META,relocation_multiplier,,,,,,,,0.5
META,num_stages,,,,,,,,8
META,generation_meta,,,,,,,,"{""paper_vs_implementation"":{""paper_specified"":[""scale ranges"",""70-100% route coverage"",""processing/efficiency/synergy distributions"",""skill/capability density choices"",""D1-D5 qualitative scenario definitions"",""load-ratio choices"",""weight distribution"",""due-date-factor ranges"",""relocation-time ranges"",""load-balance initial configuration with random perturbation""],""implementation_choices"":{""arrival_rate_calibration"":""work_content_over_effective_parallel_servers"",""same_stage_cells_are_adjacent"":true,""initial_configuration_perturbation_rate"":0.15,""scenario_timing_basis"":""order_index_fraction"",""base_product_mix"":""uniform""}},""base_arrival_rate_orders_per_minute"":0.13144579518585955,""effective_parallel_servers_for_load_calibration"":12,""mean_minimum_route_work_minutes"":73.03390714344229,""actual_hr_compatibility_rate_parameter"":0.9095697634372497,""actual_worker_skill_density"":0.546875,""actual_robot_capability_density"":0.4791666666666667,""instance_parameter_table"":{""scale"":""L"",""M"":12,""S"":8,""R"":6,""J"":90,""H"":8,""V"":6,""parameter_case_id"":""L_12_08_06_90""},""parameter_case_id"":""L_12_08_06_90"",""dimensions"":{""S"":8,""M"":12,""J"":90,""H"":8,""R"":6,""V"":6},""scenario_parameters"":{""timing_basis"":""order_index_fraction"",""base_product_mix"":""uniform"",""d2_sampled_burst_multiplier"":null,""d2_burst_window"":[0.4,0.7],""d3_mix_switch_ratio"":0.5,""d3_dominant_product_sequence"":[0,1],""d4_change_ratios"":[0.33,0.67],""d4_arrival_rate_multipliers"":[1.0,1.75,1.25],""d4_dominant_product_sequence"":[0,1,2],""d5_urgent_index_window"":[40,49],""d5_urgent_arrival_rate_multiplier"":3.0,""d5_urgent_dominant_product"":1,""dominant_product_share"":0.7},""route_stage_coverage"":[0.7,1.0],""min_multi_cell_stage_ratio"":0.3}"
CELL,,0,0,,,,,,
CELL,,1,1,,,,,,
CELL,,2,1,,,,,,
CELL,,3,2,,,,,,
CELL,,4,3,,,,,,
CELL,,5,3,,,,,,
CELL,,6,4,,,,,,
CELL,,7,4,,,,,,
CELL,,8,5,,,,,,
CELL,,9,5,,,,,,
CELL,,10,6,,,,,,
CELL,,11,7,,,,,,
ROUTE,,0,0,0,,,,,
ROUTE,,0,1,1,,,,,
ROUTE,,0,2,2,,,,,
ROUTE,,0,3,3,,,,,
ROUTE,,0,4,4,,,,,
ROUTE,,0,5,5,,,,,
ROUTE,,0,6,6,,,,,
ROUTE,,1,0,0,,,,,
ROUTE,,1,1,1,,,,,
ROUTE,,1,2,2,,,,,
ROUTE,,1,3,3,,,,,
ROUTE,,1,4,4,,,,,
ROUTE,,1,5,6,,,,,
ROUTE,,1,6,7,,,,,
ROUTE,,2,0,0,,,,,
ROUTE,,2,1,1,,,,,
ROUTE,,2,2,2,,,,,
ROUTE,,2,3,3,,,,,
ROUTE,,2,4,4,,,,,
ROUTE,,2,5,6,,,,,
ROUTE,,2,6,7,,,,,
ROUTE,,3,0,0,,,,,
ROUTE,,3,1,1,,,,,
ROUTE,,3,2,2,,,,,
ROUTE,,3,3,3,,,,,
ROUTE,,3,4,4,,,,,
ROUTE,,3,5,5,,,,,
ROUTE,,3,6,6,,,,,
ROUTE,,3,7,7,,,,,
ROUTE,,4,0,0,,,,,
ROUTE,,4,1,1,,,,,
ROUTE,,4,2,2,,,,,
ROUTE,,4,3,3,,,,,
ROUTE,,4,4,4,,,,,
ROUTE,,4,5,5,,,,,
ROUTE,,4,6,6,,,,,
ROUTE,,4,7,7,,,,,
ROUTE,,5,0,0,,,,,
ROUTE,,5,1,1,,,,,
ROUTE,,5,2,2,,,,,
ROUTE,,5,3,4,,,,,
ROUTE,,5,4,5,,,,,
ROUTE,,5,5,7,,,,,
BASE_PROCESS,,0,0,,,8.173920841840008,,,
BASE_PROCESS,,0,1,,,18.49148810681639,,,
BASE_PROCESS,,0,2,,,24.22262241387031,,,
BASE_PROCESS,,0,3,,,9.710076841931828,,,
BASE_PROCESS,,0,4,,,8.940544082228667,,,
BASE_PROCESS,,0,5,,,20.430311953309356,,,
BASE_PROCESS,,0,6,,,18.756420837415796,,,
BASE_PROCESS,,0,7,,,19.940554937620533,,,
BASE_PROCESS,,1,0,,,8.409129364461549,,,
BASE_PROCESS,,1,1,,,10.270347938825338,,,
BASE_PROCESS,,1,2,,,10.292132435056772,,,
BASE_PROCESS,,1,3,,,12.007489685562518,,,
BASE_PROCESS,,1,4,,,18.116773821609485,,,
BASE_PROCESS,,1,5,,,11.373205528946599,,,
BASE_PROCESS,,1,6,,,14.268962440881376,,,
BASE_PROCESS,,1,7,,,18.845178794189053,,,
BASE_PROCESS,,2,0,,,24.848854877497377,,,
BASE_PROCESS,,2,1,,,18.907763102620883,,,
BASE_PROCESS,,2,2,,,15.56162533899847,,,
BASE_PROCESS,,2,3,,,23.646768332061434,,,
BASE_PROCESS,,2,4,,,17.69058687330533,,,
BASE_PROCESS,,2,5,,,15.886849060569324,,,
BASE_PROCESS,,2,6,,,19.541164767317092,,,
BASE_PROCESS,,2,7,,,13.979190709862166,,,
BASE_PROCESS,,3,0,,,18.53169533050682,,,
BASE_PROCESS,,3,1,,,19.900018310415412,,,
BASE_PROCESS,,3,2,,,21.860281691075993,,,
BASE_PROCESS,,3,3,,,22.416145974721047,,,
BASE_PROCESS,,3,4,,,23.321347216227416,,,
BASE_PROCESS,,3,5,,,20.644569946422482,,,
BASE_PROCESS,,3,6,,,22.811384870136322,,,
BASE_PROCESS,,3,7,,,10.716404475804785,,,
BASE_PROCESS,,4,0,,,8.966120649027388,,,
BASE_PROCESS,,4,1,,,22.300708295902286,,,
BASE_PROCESS,,4,2,,,19.449517035986783,,,
BASE_PROCESS,,4,3,,,24.225818937379785,,,
BASE_PROCESS,,4,4,,,14.5548275993517,,,
BASE_PROCESS,,4,5,,,9.121754522264753,,,
BASE_PROCESS,,4,6,,,8.045607392644316,,,
BASE_PROCESS,,4,7,,,14.323836210981552,,,
BASE_PROCESS,,5,0,,,15.726612604551374,,,
BASE_PROCESS,,5,1,,,17.684684018084674,,,
BASE_PROCESS,,5,2,,,24.935632342631234,,,
BASE_PROCESS,,5,3,,,14.460394298674741,,,
BASE_PROCESS,,5,4,,,21.039026394450097,,,
BASE_PROCESS,,5,5,,,12.933230422154358,,,
BASE_PROCESS,,5,6,,,13.957762724550626,,,
BASE_PROCESS,,5,7,,,19.416471900849224,,,
WORKER_SKILL,,0,0,,,0,,,
WORKER_SKILL,,0,1,,,0,,,
WORKER_SKILL,,0,2,,,1,,,
WORKER_SKILL,,0,3,,,1,,,
WORKER_SKILL,,0,4,,,1,,,
WORKER_SKILL,,0,5,,,0,,,
WORKER_SKILL,,0,6,,,0,,,
WORKER_SKILL,,0,7,,,1,,,
WORKER_SKILL,,1,0,,,1,,,
WORKER_SKILL,,1,1,,,1,,,
WORKER_SKILL,,1,2,,,1,,,
WORKER_SKILL,,1,3,,,0,,,
WORKER_SKILL,,1,4,,,1,,,
WORKER_SKILL,,1,5,,,1,,,
WORKER_SKILL,,1,6,,,1,,,
WORKER_SKILL,,1,7,,,0,,,
WORKER_SKILL,,2,0,,,1,,,
WORKER_SKILL,,2,1,,,1,,,
WORKER_SKILL,,2,2,,,0,,,
WORKER_SKILL,,2,3,,,0,,,
WORKER_SKILL,,2,4,,,0,,,
WORKER_SKILL,,2,5,,,1,,,
WORKER_SKILL,,2,6,,,0,,,
WORKER_SKILL,,2,7,,,0,,,
WORKER_SKILL,,3,0,,,0,,,
WORKER_SKILL,,3,1,,,1,,,
WORKER_SKILL,,3,2,,,0,,,
WORKER_SKILL,,3,3,,,1,,,
WORKER_SKILL,,3,4,,,1,,,
WORKER_SKILL,,3,5,,,0,,,
WORKER_SKILL,,3,6,,,1,,,
WORKER_SKILL,,3,7,,,1,,,
WORKER_SKILL,,4,0,,,0,,,
WORKER_SKILL,,4,1,,,1,,,
WORKER_SKILL,,4,2,,,1,,,
WORKER_SKILL,,4,3,,,1,,,
WORKER_SKILL,,4,4,,,0,,,
WORKER_SKILL,,4,5,,,0,,,
WORKER_SKILL,,4,6,,,0,,,
WORKER_SKILL,,4,7,,,1,,,
WORKER_SKILL,,5,0,,,1,,,
WORKER_SKILL,,5,1,,,1,,,
WORKER_SKILL,,5,2,,,1,,,
WORKER_SKILL,,5,3,,,0,,,
WORKER_SKILL,,5,4,,,1,,,
WORKER_SKILL,,5,5,,,0,,,
WORKER_SKILL,,5,6,,,0,,,
WORKER_SKILL,,5,7,,,1,,,
WORKER_SKILL,,6,0,,,1,,,
WORKER_SKILL,,6,1,,,1,,,
WORKER_SKILL,,6,2,,,1,,,
WORKER_SKILL,,6,3,,,0,,,
WORKER_SKILL,,6,4,,,0,,,
WORKER_SKILL,,6,5,,,0,,,
WORKER_SKILL,,6,6,,,0,,,
WORKER_SKILL,,6,7,,,0,,,
WORKER_SKILL,,7,0,,,0,,,
WORKER_SKILL,,7,1,,,1,,,
WORKER_SKILL,,7,2,,,1,,,
WORKER_SKILL,,7,3,,,1,,,
WORKER_SKILL,,7,4,,,0,,,
WORKER_SKILL,,7,5,,,0,,,
WORKER_SKILL,,7,6,,,1,,,
WORKER_SKILL,,7,7,,,1,,,
WORKER_EFF,,0,0,,,1.1114312341095167,,,
WORKER_EFF,,0,1,,,0.90379730525554,,,
WORKER_EFF,,0,2,,,0.8559466345527484,,,
WORKER_EFF,,0,3,,,0.8041916117008651,,,
WORKER_EFF,,0,4,,,0.9166005396042263,,,
WORKER_EFF,,0,5,,,1.1722697811926537,,,
WORKER_EFF,,0,6,,,1.1826346655529156,,,
WORKER_EFF,,0,7,,,1.1896916557795914,,,
WORKER_EFF,,1,0,,,0.90364306069906,,,
WORKER_EFF,,1,1,,,1.1614644424403786,,,
WORKER_EFF,,1,2,,,0.8655817953109741,,,
WORKER_EFF,,1,3,,,0.9036264503692265,,,
WORKER_EFF,,1,4,,,0.9090610242987258,,,
WORKER_EFF,,1,5,,,1.129443365222228,,,
WORKER_EFF,,1,6,,,1.058058705385052,,,
WORKER_EFF,,1,7,,,1.0454466439822367,,,
WORKER_EFF,,2,0,,,1.0609053263425805,,,
WORKER_EFF,,2,1,,,1.1264040745149266,,,
WORKER_EFF,,2,2,,,1.070470097510873,,,
WORKER_EFF,,2,3,,,1.1105141217150227,,,
WORKER_EFF,,2,4,,,0.8952457056160983,,,
WORKER_EFF,,2,5,,,1.0770833531387152,,,
WORKER_EFF,,2,6,,,1.103749220437875,,,
WORKER_EFF,,2,7,,,0.9702396529365093,,,
WORKER_EFF,,3,0,,,1.1280782240893654,,,
WORKER_EFF,,3,1,,,1.0425031882818527,,,
WORKER_EFF,,3,2,,,0.9135453619961614,,,
WORKER_EFF,,3,3,,,0.8988747011092977,,,
WORKER_EFF,,3,4,,,1.0628145279337224,,,
WORKER_EFF,,3,5,,,0.987915862800251,,,
WORKER_EFF,,3,6,,,1.1218877145808488,,,
WORKER_EFF,,3,7,,,0.822671217382992,,,
WORKER_EFF,,4,0,,,1.0508769376761036,,,
WORKER_EFF,,4,1,,,0.8750593969346867,,,
WORKER_EFF,,4,2,,,0.8349474399088985,,,
WORKER_EFF,,4,3,,,0.8786397859508707,,,
WORKER_EFF,,4,4,,,1.0116399489100683,,,
WORKER_EFF,,4,5,,,0.9426925000699544,,,
WORKER_EFF,,4,6,,,0.9368828297155488,,,
WORKER_EFF,,4,7,,,1.1023084033772053,,,
WORKER_EFF,,5,0,,,1.0429796867892636,,,
WORKER_EFF,,5,1,,,0.9573016477580458,,,
WORKER_EFF,,5,2,,,1.1377562777446601,,,
WORKER_EFF,,5,3,,,0.9467761543332027,,,
WORKER_EFF,,5,4,,,0.9848270949077053,,,
WORKER_EFF,,5,5,,,0.825052210965058,,,
WORKER_EFF,,5,6,,,0.8279403257273327,,,
WORKER_EFF,,5,7,,,1.1121686605594823,,,
WORKER_EFF,,6,0,,,1.0407142908327198,,,
WORKER_EFF,,6,1,,,0.867347990487673,,,
WORKER_EFF,,6,2,,,0.9353014572736162,,,
WORKER_EFF,,6,3,,,1.0433166470468076,,,
WORKER_EFF,,6,4,,,1.1265200094580334,,,
WORKER_EFF,,6,5,,,1.172484495590425,,,
WORKER_EFF,,6,6,,,0.9850176035186164,,,
WORKER_EFF,,6,7,,,0.8711635510994316,,,
WORKER_EFF,,7,0,,,0.8168601989316476,,,
WORKER_EFF,,7,1,,,0.9374155873062053,,,
WORKER_EFF,,7,2,,,0.9656096118946227,,,
WORKER_EFF,,7,3,,,0.8900220875712836,,,
WORKER_EFF,,7,4,,,0.8964621504896961,,,
WORKER_EFF,,7,5,,,1.156794933020652,,,
WORKER_EFF,,7,6,,,1.0236342116297188,,,
WORKER_EFF,,7,7,,,1.0166071262805223,,,
ROBOT_CAP,,0,0,,,0,,,
ROBOT_CAP,,0,1,,,1,,,
ROBOT_CAP,,0,2,,,0,,,
ROBOT_CAP,,0,3,,,1,,,
ROBOT_CAP,,0,4,,,1,,,
ROBOT_CAP,,0,5,,,0,,,
ROBOT_CAP,,0,6,,,0,,,
ROBOT_CAP,,0,7,,,0,,,
ROBOT_CAP,,1,0,,,0,,,
ROBOT_CAP,,1,1,,,1,,,
ROBOT_CAP,,1,2,,,0,,,
ROBOT_CAP,,1,3,,,0,,,
ROBOT_CAP,,1,4,,,0,,,
ROBOT_CAP,,1,5,,,0,,,
ROBOT_CAP,,1,6,,,0,,,
ROBOT_CAP,,1,7,,,1,,,
ROBOT_CAP,,2,0,,,0,,,
ROBOT_CAP,,2,1,,,0,,,
ROBOT_CAP,,2,2,,,1,,,
ROBOT_CAP,,2,3,,,1,,,
ROBOT_CAP,,2,4,,,1,,,
ROBOT_CAP,,2,5,,,1,,,
ROBOT_CAP,,2,6,,,1,,,
ROBOT_CAP,,2,7,,,1,,,
ROBOT_CAP,,3,0,,,1,,,
ROBOT_CAP,,3,1,,,1,,,
ROBOT_CAP,,3,2,,,1,,,
ROBOT_CAP,,3,3,,,1,,,
ROBOT_CAP,,3,4,,,0,,,
ROBOT_CAP,,3,5,,,0,,,
ROBOT_CAP,,3,6,,,1,,,
ROBOT_CAP,,3,7,,,1,,,
ROBOT_CAP,,4,0,,,1,,,
ROBOT_CAP,,4,1,,,1,,,
ROBOT_CAP,,4,2,,,0,,,
ROBOT_CAP,,4,3,,,0,,,
ROBOT_CAP,,4,4,,,0,,,
ROBOT_CAP,,4,5,,,0,,,
ROBOT_CAP,,4,6,,,0,,,
ROBOT_CAP,,4,7,,,1,,,
ROBOT_CAP,,5,0,,,1,,,
ROBOT_CAP,,5,1,,,0,,,
ROBOT_CAP,,5,2,,,1,,,
ROBOT_CAP,,5,3,,,1,,,
ROBOT_CAP,,5,4,,,0,,,
ROBOT_CAP,,5,5,,,0,,,
ROBOT_CAP,,5,6,,,0,,,
ROBOT_CAP,,5,7,,,0,,,
ROBOT_EFF,,0,0,,,0.8519037645443386,,,
ROBOT_EFF,,0,1,,,1.090086867986472,,,
ROBOT_EFF,,0,2,,,0.9190572932638552,,,
ROBOT_EFF,,0,3,,,0.9846063844980677,,,
ROBOT_EFF,,0,4,,,0.9453244965952438,,,
ROBOT_EFF,,0,5,,,0.989449637512953,,,
ROBOT_EFF,,0,6,,,1.2180310723819412,,,
ROBOT_EFF,,0,7,,,1.1087946480675264,,,
ROBOT_EFF,,1,0,,,1.1667183298662334,,,
ROBOT_EFF,,1,1,,,1.048524152191009,,,
ROBOT_EFF,,1,2,,,1.2603662856581264,,,
ROBOT_EFF,,1,3,,,1.2027914862634401,,,
ROBOT_EFF,,1,4,,,1.0338706684651464,,,
ROBOT_EFF,,1,5,,,1.2965065282731094,,,
ROBOT_EFF,,1,6,,,1.0537024449912584,,,
ROBOT_EFF,,1,7,,,0.9569463189276677,,,
ROBOT_EFF,,2,0,,,0.9376551603414034,,,
ROBOT_EFF,,2,1,,,1.0422430529943414,,,
ROBOT_EFF,,2,2,,,1.1595609890663046,,,
ROBOT_EFF,,2,3,,,1.0844508145827663,,,
ROBOT_EFF,,2,4,,,0.9143612916191521,,,
ROBOT_EFF,,2,5,,,1.14534012326203,,,
ROBOT_EFF,,2,6,,,1.1651726979047363,,,
ROBOT_EFF,,2,7,,,1.1906104234681973,,,
ROBOT_EFF,,3,0,,,0.8896759152693052,,,
ROBOT_EFF,,3,1,,,1.2576642461098122,,,
ROBOT_EFF,,3,2,,,1.037719338319087,,,
ROBOT_EFF,,3,3,,,1.1312160837515897,,,
ROBOT_EFF,,3,4,,,1.2056046981835014,,,
ROBOT_EFF,,3,5,,,1.0806722496499035,,,
ROBOT_EFF,,3,6,,,1.0563374582972767,,,
ROBOT_EFF,,3,7,,,1.2635116446491959,,,
ROBOT_EFF,,4,0,,,1.1268481413662113,,,
ROBOT_EFF,,4,1,,,1.1051995348786756,,,
ROBOT_EFF,,4,2,,,1.0675831379932679,,,
ROBOT_EFF,,4,3,,,1.187451190225196,,,
ROBOT_EFF,,4,4,,,1.2617303026354443,,,
ROBOT_EFF,,4,5,,,1.2917666090652404,,,
ROBOT_EFF,,4,6,,,1.175158547221006,,,
ROBOT_EFF,,4,7,,,1.2840386850065346,,,
ROBOT_EFF,,5,0,,,1.2229504862864973,,,
ROBOT_EFF,,5,1,,,1.2322217440352534,,,
ROBOT_EFF,,5,2,,,1.179820495395842,,,
ROBOT_EFF,,5,3,,,0.9658549340690034,,,
ROBOT_EFF,,5,4,,,1.0387538466723063,,,
ROBOT_EFF,,5,5,,,1.2962357343882962,,,
ROBOT_EFF,,5,6,,,0.9658080714951344,,,
ROBOT_EFF,,5,7,,,0.9363756593594788,,,
HR_COMPAT,,0,0,0,,0,,,
HR_SYNERGY,,0,0,0,,0.6504235305165866,,,
HR_COMPAT,,0,0,1,,0,,,
HR_SYNERGY,,0,0,1,,0.875829142368254,,,
HR_COMPAT,,0,0,2,,0,,,
HR_SYNERGY,,0,0,2,,0.8368753302721198,,,
HR_COMPAT,,0,0,3,,1,,,
HR_SYNERGY,,0,0,3,,0.725448167158498,,,
HR_COMPAT,,0,0,4,,1,,,
HR_SYNERGY,,0,0,4,,0.711944023592669,,,
HR_COMPAT,,0,0,5,,0,,,
HR_SYNERGY,,0,0,5,,0.740428956092712,,,
HR_COMPAT,,0,0,6,,0,,,
HR_SYNERGY,,0,0,6,,0.7879116157940107,,,
HR_COMPAT,,0,0,7,,0,,,
HR_SYNERGY,,0,0,7,,0.8263671685771863,,,
HR_COMPAT,,0,1,0,,0,,,
HR_SYNERGY,,0,1,0,,0.7603680093119388,,,
HR_COMPAT,,0,1,1,,0,,,
HR_SYNERGY,,0,1,1,,0.7293781848875759,,,
HR_COMPAT,,0,1,2,,0,,,
HR_SYNERGY,,0,1,2,,0.7335742967407666,,,
HR_COMPAT,,0,1,3,,0,,,
HR_SYNERGY,,0,1,3,,0.8509882870561868,,,
HR_COMPAT,,0,1,4,,0,,,
HR_SYNERGY,,0,1,4,,0.6756853459163676,,,
HR_COMPAT,,0,1,5,,0,,,
HR_SYNERGY,,0,1,5,,0.8041690800561606,,,
HR_COMPAT,,0,1,6,,0,,,
HR_SYNERGY,,0,1,6,,0.768934574297302,,,
HR_COMPAT,,0,1,7,,1,,,
HR_SYNERGY,,0,1,7,,0.6922794960266814,,,
HR_COMPAT,,0,2,0,,0,,,
HR_SYNERGY,,0,2,0,,0.7094417371669428,,,
HR_COMPAT,,0,2,1,,0,,,
HR_SYNERGY,,0,2,1,,0.8658512764679519,,,
HR_COMPAT,,0,2,2,,1,,,
HR_SYNERGY,,0,2,2,,0.7537449142793757,,,
HR_COMPAT,,0,2,3,,1,,,
HR_SYNERGY,,0,2,3,,0.7771670843277081,,,
HR_COMPAT,,0,2,4,,1,,,
HR_SYNERGY,,0,2,4,,0.7594366414347871,,,
HR_COMPAT,,0,2,5,,0,,,
HR_SYNERGY,,0,2,5,,0.6866823301060998,,,
HR_COMPAT,,0,2,6,,0,,,
HR_SYNERGY,,0,2,6,,0.826408649079035,,,
HR_COMPAT,,0,2,7,,1,,,
HR_SYNERGY,,0,2,7,,0.7130480601120871,,,
HR_COMPAT,,0,3,0,,0,,,
HR_SYNERGY,,0,3,0,,0.8657481266666198,,,
HR_COMPAT,,0,3,1,,0,,,
HR_SYNERGY,,0,3,1,,0.6711584558041744,,,
HR_COMPAT,,0,3,2,,1,,,
HR_SYNERGY,,0,3,2,,0.8979406781738036,,,
HR_COMPAT,,0,3,3,,0,,,
HR_SYNERGY,,0,3,3,,0.8043661614026671,,,
HR_COMPAT,,0,3,4,,0,,,
HR_SYNERGY,,0,3,4,,0.7726541570028906,,,
HR_COMPAT,,0,3,5,,0,,,
HR_SYNERGY,,0,3,5,,0.7518897290041581,,,
HR_COMPAT,,0,3,6,,0,,,
HR_SYNERGY,,0,3,6,,0.8717294240593292,,,
HR_COMPAT,,0,3,7,,1,,,
HR_SYNERGY,,0,3,7,,0.838019110227696,,,
HR_COMPAT,,0,4,0,,0,,,
HR_SYNERGY,,0,4,0,,0.7604547683349997,,,
HR_COMPAT,,0,4,1,,0,,,
HR_SYNERGY,,0,4,1,,0.8000961479221251,,,
HR_COMPAT,,0,4,2,,0,,,
HR_SYNERGY,,0,4,2,,0.8613807222103247,,,
HR_COMPAT,,0,4,3,,0,,,
HR_SYNERGY,,0,4,3,,0.658528142052615,,,
HR_COMPAT,,0,4,4,,0,,,
HR_SYNERGY,,0,4,4,,0.70624721173035,,,
HR_COMPAT,,0,4,5,,0,,,
HR_SYNERGY,,0,4,5,,0.7826669803976876,,,
HR_COMPAT,,0,4,6,,0,,,
HR_SYNERGY,,0,4,6,,0.8078720681382074,,,
HR_COMPAT,,0,4,7,,1,,,
HR_SYNERGY,,0,4,7,,0.6822709426172707,,,
HR_COMPAT,,0,5,0,,0,,,
HR_SYNERGY,,0,5,0,,0.7827658317505151,,,
HR_COMPAT,,0,5,1,,0,,,
HR_SYNERGY,,0,5,1,,0.6886361734579419,,,
HR_COMPAT,,0,5,2,,0,,,
HR_SYNERGY,,0,5,2,,0.8094976241517527,,,
HR_COMPAT,,0,5,3,,1,,,
HR_SYNERGY,,0,5,3,,0.7841943265092159,,,
HR_COMPAT,,0,5,4,,0,,,
HR_SYNERGY,,0,5,4,,0.6622877549888116,,,
HR_COMPAT,,0,5,5,,0,,,
HR_SYNERGY,,0,5,5,,0.8450673353998028,,,
HR_COMPAT,,0,5,6,,0,,,
HR_SYNERGY,,0,5,6,,0.7407826829995419,,,
HR_COMPAT,,0,5,7,,0,,,
HR_SYNERGY,,0,5,7,,0.6791930410799657,,,
HR_COMPAT,,1,0,0,,0,,,
HR_SYNERGY,,1,0,0,,0.7994860455484674,,,
HR_COMPAT,,1,0,1,,1,,,
HR_SYNERGY,,1,0,1,,0.8743724615111803,,,
HR_COMPAT,,1,0,2,,0,,,
HR_SYNERGY,,1,0,2,,0.8422160219057583,,,
HR_COMPAT,,1,0,3,,0,,,
HR_SYNERGY,,1,0,3,,0.6757993193671934,,,
HR_COMPAT,,1,0,4,,1,,,
HR_SYNERGY,,1,0,4,,0.7651979519331247,,,
HR_COMPAT,,1,0,5,,0,,,
HR_SYNERGY,,1,0,5,,0.8770486365563059,,,
HR_COMPAT,,1,0,6,,0,,,
HR_SYNERGY,,1,0,6,,0.8202279604285292,,,
HR_COMPAT,,1,0,7,,0,,,
HR_SYNERGY,,1,0,7,,0.7070687497907152,,,
HR_COMPAT,,1,1,0,,0,,,
HR_SYNERGY,,1,1,0,,0.8578740367632599,,,
HR_COMPAT,,1,1,1,,1,,,
HR_SYNERGY,,1,1,1,,0.6881764724079464,,,
HR_COMPAT,,1,1,2,,0,,,
HR_SYNERGY,,1,1,2,,0.8967832192551313,,,
HR_COMPAT,,1,1,3,,0,,,
HR_SYNERGY,,1,1,3,,0.6870472767364155,,,
HR_COMPAT,,1,1,4,,0,,,
HR_SYNERGY,,1,1,4,,0.6637823879626449,,,
HR_COMPAT,,1,1,5,,0,,,
HR_SYNERGY,,1,1,5,,0.6634040775475045,,,
HR_COMPAT,,1,1,6,,0,,,
HR_SYNERGY,,1,1,6,,0.7475608219147813,,,
HR_COMPAT,,1,1,7,,0,,,
HR_SYNERGY,,1,1,7,,0.7562921261043665,,,
HR_COMPAT,,1,2,0,,0,,,
HR_SYNERGY,,1,2,0,,0.8445878269894638,,,
HR_COMPAT,,1,2,1,,0,,,
HR_SYNERGY,,1,2,1,,0.7378437956565973,,,
HR_COMPAT,,1,2,2,,1,,,
HR_SYNERGY,,1,2,2,,0.6810648760963248,,,
HR_COMPAT,,1,2,3,,0,,,
HR_SYNERGY,,1,2,3,,0.8295217918835652,,,
HR_COMPAT,,1,2,4,,1,,,
HR_SYNERGY,,1,2,4,,0.774587070552898,,,
HR_COMPAT,,1,2,5,,1,,,
HR_SYNERGY,,1,2,5,,0.8347021846365662,,,
HR_COMPAT,,1,2,6,,1,,,
HR_SYNERGY,,1,2,6,,0.844793935272354,,,
HR_COMPAT,,1,2,7,,0,,,
HR_SYNERGY,,1,2,7,,0.7288737402959333,,,
HR_COMPAT,,1,3,0,,0,,,
HR_SYNERGY,,1,3,0,,0.6500054084397666,,,
HR_COMPAT,,1,3,1,,1,,,
HR_SYNERGY,,1,3,1,,0.761674166213091,,,
HR_COMPAT,,1,3,2,,0,,,
HR_SYNERGY,,1,3,2,,0.8613379262438278,,,
HR_COMPAT,,1,3,3,,0,,,
HR_SYNERGY,,1,3,3,,0.690486371412738,,,
HR_COMPAT,,1,3,4,,0,,,
HR_SYNERGY,,1,3,4,,0.7316911923039601,,,
HR_COMPAT,,1,3,5,,0,,,
HR_SYNERGY,,1,3,5,,0.8038418399219972,,,
HR_COMPAT,,1,3,6,,1,,,
HR_SYNERGY,,1,3,6,,0.7905854276393344,,,
HR_COMPAT,,1,3,7,,0,,,
HR_SYNERGY,,1,3,7,,0.8206659408156698,,,
HR_COMPAT,,1,4,0,,0,,,
HR_SYNERGY,,1,4,0,,0.8421190084784429,,,
HR_COMPAT,,1,4,1,,1,,,
HR_SYNERGY,,1,4,1,,0.8041069391234912,,,
HR_COMPAT,,1,4,2,,0,,,
HR_SYNERGY,,1,4,2,,0.708862498135793,,,
HR_COMPAT,,1,4,3,,0,,,
HR_SYNERGY,,1,4,3,,0.8742084464994462,,,
HR_COMPAT,,1,4,4,,0,,,
HR_SYNERGY,,1,4,4,,0.807084349601892,,,
HR_COMPAT,,1,4,5,,0,,,
HR_SYNERGY,,1,4,5,,0.7574203410713166,,,
HR_COMPAT,,1,4,6,,0,,,
HR_SYNERGY,,1,4,6,,0.6976796975571207,,,
HR_COMPAT,,1,4,7,,0,,,
HR_SYNERGY,,1,4,7,,0.8405118944749838,,,
HR_COMPAT,,1,5,0,,1,,,
HR_SYNERGY,,1,5,0,,0.7526782749197466,,,
HR_COMPAT,,1,5,1,,0,,,
HR_SYNERGY,,1,5,1,,0.6876954225643814,,,
HR_COMPAT,,1,5,2,,1,,,
HR_SYNERGY,,1,5,2,,0.7339832428385771,,,
HR_COMPAT,,1,5,3,,0,,,
HR_SYNERGY,,1,5,3,,0.7355309157348947,,,
HR_COMPAT,,1,5,4,,0,,,
HR_SYNERGY,,1,5,4,,0.8302860117511823,,,
HR_COMPAT,,1,5,5,,0,,,
HR_SYNERGY,,1,5,5,,0.8008248191500464,,,
HR_COMPAT,,1,5,6,,0,,,
HR_SYNERGY,,1,5,6,,0.6684850190344529,,,
HR_COMPAT,,1,5,7,,0,,,
HR_SYNERGY,,1,5,7,,0.7750025583351028,,,
HR_COMPAT,,2,0,0,,0,,,
HR_SYNERGY,,2,0,0,,0.7772515231545873,,,
HR_COMPAT,,2,0,1,,1,,,
HR_SYNERGY,,2,0,1,,0.7907278651224111,,,
HR_COMPAT,,2,0,2,,0,,,
HR_SYNERGY,,2,0,2,,0.6931217524871918,,,
HR_COMPAT,,2,0,3,,0,,,
HR_SYNERGY,,2,0,3,,0.7583297824289753,,,
HR_COMPAT,,2,0,4,,0,,,
HR_SYNERGY,,2,0,4,,0.8319311603900712,,,
HR_COMPAT,,2,0,5,,0,,,
HR_SYNERGY,,2,0,5,,0.8996653294462567,,,
HR_COMPAT,,2,0,6,,0,,,
HR_SYNERGY,,2,0,6,,0.7484576711545007,,,
HR_COMPAT,,2,0,7,,0,,,
HR_SYNERGY,,2,0,7,,0.8805991960661919,,,
HR_COMPAT,,2,1,0,,0,,,
HR_SYNERGY,,2,1,0,,0.823814749555954,,,
HR_COMPAT,,2,1,1,,1,,,
HR_SYNERGY,,2,1,1,,0.8224387713410667,,,
HR_COMPAT,,2,1,2,,0,,,
HR_SYNERGY,,2,1,2,,0.8706234298088419,,,
HR_COMPAT,,2,1,3,,0,,,
HR_SYNERGY,,2,1,3,,0.7004866304153874,,,
HR_COMPAT,,2,1,4,,0,,,
HR_SYNERGY,,2,1,4,,0.857291273017716,,,
HR_COMPAT,,2,1,5,,0,,,
HR_SYNERGY,,2,1,5,,0.808015747996019,,,
HR_COMPAT,,2,1,6,,0,,,
HR_SYNERGY,,2,1,6,,0.8184363308453704,,,
HR_COMPAT,,2,1,7,,0,,,
HR_SYNERGY,,2,1,7,,0.6806216306890835,,,
HR_COMPAT,,2,2,0,,0,,,
HR_SYNERGY,,2,2,0,,0.6580040088575975,,,
HR_COMPAT,,2,2,1,,0,,,
HR_SYNERGY,,2,2,1,,0.7625249866024457,,,
HR_COMPAT,,2,2,2,,0,,,
HR_SYNERGY,,2,2,2,,0.8582861832134173,,,
HR_COMPAT,,2,2,3,,0,,,
HR_SYNERGY,,2,2,3,,0.866309678331536,,,
HR_COMPAT,,2,2,4,,0,,,
HR_SYNERGY,,2,2,4,,0.6984259167615627,,,
HR_COMPAT,,2,2,5,,1,,,
HR_SYNERGY,,2,2,5,,0.7129140584128448,,,
HR_COMPAT,,2,2,6,,0,,,
HR_SYNERGY,,2,2,6,,0.776015141856935,,,
HR_COMPAT,,2,2,7,,0,,,
HR_SYNERGY,,2,2,7,,0.7431160433475631,,,
HR_COMPAT,,2,3,0,,1,,,
HR_SYNERGY,,2,3,0,,0.68720911332149,,,
HR_COMPAT,,2,3,1,,1,,,
HR_SYNERGY,,2,3,1,,0.8098516082708197,,,
HR_COMPAT,,2,3,2,,0,,,
HR_SYNERGY,,2,3,2,,0.7452987599460704,,,
HR_COMPAT,,2,3,3,,0,,,
HR_SYNERGY,,2,3,3,,0.7309424586270034,,,
HR_COMPAT,,2,3,4,,0,,,
HR_SYNERGY,,2,3,4,,0.7779396162014965,,,
HR_COMPAT,,2,3,5,,0,,,
HR_SYNERGY,,2,3,5,,0.8941902606221733,,,
HR_COMPAT,,2,3,6,,0,,,
HR_SYNERGY,,2,3,6,,0.6576629721519218,,,
HR_COMPAT,,2,3,7,,0,,,
HR_SYNERGY,,2,3,7,,0.8977427765148727,,,
HR_COMPAT,,2,4,0,,1,,,
HR_SYNERGY,,2,4,0,,0.6936894714657043,,,
HR_COMPAT,,2,4,1,,1,,,
HR_SYNERGY,,2,4,1,,0.6652716956916311,,,
HR_COMPAT,,2,4,2,,0,,,
HR_SYNERGY,,2,4,2,,0.8847490019468301,,,
HR_COMPAT,,2,4,3,,0,,,
HR_SYNERGY,,2,4,3,,0.8312747665726625,,,
HR_COMPAT,,2,4,4,,0,,,
HR_SYNERGY,,2,4,4,,0.8664461026525083,,,
HR_COMPAT,,2,4,5,,0,,,
HR_SYNERGY,,2,4,5,,0.6886960436220472,,,
HR_COMPAT,,2,4,6,,0,,,
HR_SYNERGY,,2,4,6,,0.6846762897945431,,,
HR_COMPAT,,2,4,7,,0,,,
HR_SYNERGY,,2,4,7,,0.7355707070053681,,,
HR_COMPAT,,2,5,0,,1,,,
HR_SYNERGY,,2,5,0,,0.8305554507185323,,,
HR_COMPAT,,2,5,1,,0,,,
HR_SYNERGY,,2,5,1,,0.7061316888953144,,,
HR_COMPAT,,2,5,2,,0,,,
HR_SYNERGY,,2,5,2,,0.7723905795422941,,,
HR_COMPAT,,2,5,3,,0,,,
HR_SYNERGY,,2,5,3,,0.8433580924577406,,,
HR_COMPAT,,2,5,4,,0,,,
HR_SYNERGY,,2,5,4,,0.795906489120535,,,
HR_COMPAT,,2,5,5,,0,,,
HR_SYNERGY,,2,5,5,,0.7523655110546906,,,
HR_COMPAT,,2,5,6,,0,,,
HR_SYNERGY,,2,5,6,,0.8233194172267744,,,
HR_COMPAT,,2,5,7,,0,,,
HR_SYNERGY,,2,5,7,,0.7342578454553981,,,
HR_COMPAT,,3,0,0,,0,,,
HR_SYNERGY,,3,0,0,,0.7190150722854105,,,
HR_COMPAT,,3,0,1,,1,,,
HR_SYNERGY,,3,0,1,,0.7313906871300192,,,
HR_COMPAT,,3,0,2,,0,,,
HR_SYNERGY,,3,0,2,,0.7304891063089645,,,
HR_COMPAT,,3,0,3,,1,,,
HR_SYNERGY,,3,0,3,,0.684741371780933,,,
HR_COMPAT,,3,0,4,,1,,,
HR_SYNERGY,,3,0,4,,0.7682413526996901,,,
HR_COMPAT,,3,0,5,,0,,,
HR_SYNERGY,,3,0,5,,0.6891365510223469,,,
HR_COMPAT,,3,0,6,,0,,,
HR_SYNERGY,,3,0,6,,0.8951447686828868,,,
HR_COMPAT,,3,0,7,,0,,,
HR_SYNERGY,,3,0,7,,0.8759133103453043,,,
HR_COMPAT,,3,1,0,,0,,,
HR_SYNERGY,,3,1,0,,0.680646005440684,,,
HR_COMPAT,,3,1,1,,1,,,
HR_SYNERGY,,3,1,1,,0.8492422808041933,,,
HR_COMPAT,,3,1,2,,0,,,
HR_SYNERGY,,3,1,2,,0.8191731463978618,,,
HR_COMPAT,,3,1,3,,0,,,
HR_SYNERGY,,3,1,3,,0.8134525609495825,,,
HR_COMPAT,,3,1,4,,0,,,
HR_SYNERGY,,3,1,4,,0.8532923057182307,,,
HR_COMPAT,,3,1,5,,0,,,
HR_SYNERGY,,3,1,5,,0.7183041808017525,,,
HR_COMPAT,,3,1,6,,0,,,
HR_SYNERGY,,3,1,6,,0.72044906600359,,,
HR_COMPAT,,3,1,7,,1,,,
HR_SYNERGY,,3,1,7,,0.6625690828392085,,,
HR_COMPAT,,3,2,0,,0,,,
HR_SYNERGY,,3,2,0,,0.885252839884906,,,
HR_COMPAT,,3,2,1,,0,,,
HR_SYNERGY,,3,2,1,,0.7516675828658281,,,
HR_COMPAT,,3,2,2,,0,,,
HR_SYNERGY,,3,2,2,,0.7045495588227888,,,
HR_COMPAT,,3,2,3,,1,,,
HR_SYNERGY,,3,2,3,,0.6947003151507376,,,
HR_COMPAT,,3,2,4,,1,,,
HR_SYNERGY,,3,2,4,,0.8517948722888609,,,
HR_COMPAT,,3,2,5,,0,,,
HR_SYNERGY,,3,2,5,,0.8121577645227203,,,
HR_COMPAT,,3,2,6,,1,,,
HR_SYNERGY,,3,2,6,,0.8482671680874936,,,
HR_COMPAT,,3,2,7,,1,,,
HR_SYNERGY,,3,2,7,,0.7282430351003696,,,
HR_COMPAT,,3,3,0,,0,,,
HR_SYNERGY,,3,3,0,,0.7309991330428118,,,
HR_COMPAT,,3,3,1,,0,,,
HR_SYNERGY,,3,3,1,,0.6756729483614883,,,
HR_COMPAT,,3,3,2,,0,,,
HR_SYNERGY,,3,3,2,,0.7947565951120135,,,
HR_COMPAT,,3,3,3,,1,,,
HR_SYNERGY,,3,3,3,,0.7207297920090437,,,
HR_COMPAT,,3,3,4,,0,,,
HR_SYNERGY,,3,3,4,,0.8722135808665363,,,
HR_COMPAT,,3,3,5,,0,,,
HR_SYNERGY,,3,3,5,,0.7073086932458469,,,
HR_COMPAT,,3,3,6,,1,,,
HR_SYNERGY,,3,3,6,,0.8107936189870315,,,
HR_COMPAT,,3,3,7,,1,,,
HR_SYNERGY,,3,3,7,,0.6710896268346311,,,
HR_COMPAT,,3,4,0,,0,,,
HR_SYNERGY,,3,4,0,,0.7798845621139936,,,
HR_COMPAT,,3,4,1,,1,,,
HR_SYNERGY,,3,4,1,,0.7547011360165568,,,
HR_COMPAT,,3,4,2,,0,,,
HR_SYNERGY,,3,4,2,,0.6628535476624992,,,
HR_COMPAT,,3,4,3,,0,,,
HR_SYNERGY,,3,4,3,,0.6521450224169494,,,
HR_COMPAT,,3,4,4,,0,,,
HR_SYNERGY,,3,4,4,,0.8437306797626174,,,
HR_COMPAT,,3,4,5,,0,,,
HR_SYNERGY,,3,4,5,,0.808738652292083,,,
HR_COMPAT,,3,4,6,,0,,,
HR_SYNERGY,,3,4,6,,0.8809527185683699,,,
HR_COMPAT,,3,4,7,,1,,,
HR_SYNERGY,,3,4,7,,0.8651902091081991,,,
HR_COMPAT,,3,5,0,,0,,,
HR_SYNERGY,,3,5,0,,0.8031111005733351,,,
HR_COMPAT,,3,5,1,,0,,,
HR_SYNERGY,,3,5,1,,0.8147206272275205,,,
HR_COMPAT,,3,5,2,,0,,,
HR_SYNERGY,,3,5,2,,0.7088496035911765,,,
HR_COMPAT,,3,5,3,,1,,,
HR_SYNERGY,,3,5,3,,0.7699928811398361,,,
HR_COMPAT,,3,5,4,,0,,,
HR_SYNERGY,,3,5,4,,0.8114212114276342,,,
HR_COMPAT,,3,5,5,,0,,,
HR_SYNERGY,,3,5,5,,0.8671607377221737,,,
HR_COMPAT,,3,5,6,,0,,,
HR_SYNERGY,,3,5,6,,0.7136211743818703,,,
HR_COMPAT,,3,5,7,,0,,,
HR_SYNERGY,,3,5,7,,0.8105454752599395,,,
HR_COMPAT,,4,0,0,,0,,,
HR_SYNERGY,,4,0,0,,0.8534346928863448,,,
HR_COMPAT,,4,0,1,,1,,,
HR_SYNERGY,,4,0,1,,0.8307122510668479,,,
HR_COMPAT,,4,0,2,,0,,,
HR_SYNERGY,,4,0,2,,0.7762767710485028,,,
HR_COMPAT,,4,0,3,,1,,,
HR_SYNERGY,,4,0,3,,0.7497884375728503,,,
HR_COMPAT,,4,0,4,,0,,,
HR_SYNERGY,,4,0,4,,0.8828487082514678,,,
HR_COMPAT,,4,0,5,,0,,,
HR_SYNERGY,,4,0,5,,0.6879168320883366,,,
HR_COMPAT,,4,0,6,,0,,,
HR_SYNERGY,,4,0,6,,0.8195314534330358,,,
HR_COMPAT,,4,0,7,,0,,,
HR_SYNERGY,,4,0,7,,0.7615057717413514,,,
HR_COMPAT,,4,1,0,,0,,,
HR_SYNERGY,,4,1,0,,0.8496057498470213,,,
HR_COMPAT,,4,1,1,,1,,,
HR_SYNERGY,,4,1,1,,0.8225867454909008,,,
HR_COMPAT,,4,1,2,,0,,,
HR_SYNERGY,,4,1,2,,0.8528612947451054,,,
HR_COMPAT,,4,1,3,,0,,,
HR_SYNERGY,,4,1,3,,0.7788775344828501,,,
HR_COMPAT,,4,1,4,,0,,,
HR_SYNERGY,,4,1,4,,0.6954996430486242,,,
HR_COMPAT,,4,1,5,,0,,,
HR_SYNERGY,,4,1,5,,0.7841039832253859,,,
HR_COMPAT,,4,1,6,,0,,,
HR_SYNERGY,,4,1,6,,0.8401359816225342,,,
HR_COMPAT,,4,1,7,,1,,,
HR_SYNERGY,,4,1,7,,0.6644276244534809,,,
HR_COMPAT,,4,2,0,,0,,,
HR_SYNERGY,,4,2,0,,0.854419517862628,,,
HR_COMPAT,,4,2,1,,0,,,
HR_SYNERGY,,4,2,1,,0.7091488754642571,,,
HR_COMPAT,,4,2,2,,1,,,
HR_SYNERGY,,4,2,2,,0.8675108138858538,,,
HR_COMPAT,,4,2,3,,1,,,
HR_SYNERGY,,4,2,3,,0.8109950399324727,,,
HR_COMPAT,,4,2,4,,0,,,
HR_SYNERGY,,4,2,4,,0.8598397122653556,,,
HR_COMPAT,,4,2,5,,0,,,
HR_SYNERGY,,4,2,5,,0.8277002870730807,,,
HR_COMPAT,,4,2,6,,0,,,
HR_SYNERGY,,4,2,6,,0.806130823373496,,,
HR_COMPAT,,4,2,7,,1,,,
HR_SYNERGY,,4,2,7,,0.7672756854934336,,,
HR_COMPAT,,4,3,0,,0,,,
HR_SYNERGY,,4,3,0,,0.7855283431904984,,,
HR_COMPAT,,4,3,1,,1,,,
HR_SYNERGY,,4,3,1,,0.7670354166369164,,,
HR_COMPAT,,4,3,2,,0,,,
HR_SYNERGY,,4,3,2,,0.7417292377122255,,,
HR_COMPAT,,4,3,3,,1,,,
HR_SYNERGY,,4,3,3,,0.7583899643802904,,,
HR_COMPAT,,4,3,4,,0,,,
HR_SYNERGY,,4,3,4,,0.8207040629768996,,,
HR_COMPAT,,4,3,5,,0,,,
HR_SYNERGY,,4,3,5,,0.8455105571580703,,,
HR_COMPAT,,4,3,6,,0,,,
HR_SYNERGY,,4,3,6,,0.884792410673321,,,
HR_COMPAT,,4,3,7,,1,,,
HR_SYNERGY,,4,3,7,,0.8329264910242558,,,
HR_COMPAT,,4,4,0,,0,,,
HR_SYNERGY,,4,4,0,,0.6930308599067889,,,
HR_COMPAT,,4,4,1,,1,,,
HR_SYNERGY,,4,4,1,,0.6822683374404828,,,
HR_COMPAT,,4,4,2,,0,,,
HR_SYNERGY,,4,4,2,,0.7794616110446237,,,
HR_COMPAT,,4,4,3,,0,,,
HR_SYNERGY,,4,4,3,,0.802242831383006,,,
HR_COMPAT,,4,4,4,,0,,,
HR_SYNERGY,,4,4,4,,0.8143042944971755,,,
HR_COMPAT,,4,4,5,,0,,,
HR_SYNERGY,,4,4,5,,0.7321800675600673,,,
HR_COMPAT,,4,4,6,,0,,,
HR_SYNERGY,,4,4,6,,0.7829908073367131,,,
HR_COMPAT,,4,4,7,,1,,,
HR_SYNERGY,,4,4,7,,0.7724410764382122,,,
HR_COMPAT,,4,5,0,,0,,,
HR_SYNERGY,,4,5,0,,0.8271292717899005,,,
HR_COMPAT,,4,5,1,,0,,,
HR_SYNERGY,,4,5,1,,0.6818797808002826,,,
HR_COMPAT,,4,5,2,,1,,,
HR_SYNERGY,,4,5,2,,0.7737107654705093,,,
HR_COMPAT,,4,5,3,,1,,,
HR_SYNERGY,,4,5,3,,0.7752763124812273,,,
HR_COMPAT,,4,5,4,,0,,,
HR_SYNERGY,,4,5,4,,0.7215020099989133,,,
HR_COMPAT,,4,5,5,,0,,,
HR_SYNERGY,,4,5,5,,0.7118638727714431,,,
HR_COMPAT,,4,5,6,,0,,,
HR_SYNERGY,,4,5,6,,0.7286067873299644,,,
HR_COMPAT,,4,5,7,,0,,,
HR_SYNERGY,,4,5,7,,0.7241903494926576,,,
HR_COMPAT,,5,0,0,,0,,,
HR_SYNERGY,,5,0,0,,0.7938351735548204,,,
HR_COMPAT,,5,0,1,,0,,,
HR_SYNERGY,,5,0,1,,0.6963441395028592,,,
HR_COMPAT,,5,0,2,,0,,,
HR_SYNERGY,,5,0,2,,0.7897551103546474,,,
HR_COMPAT,,5,0,3,,0,,,
HR_SYNERGY,,5,0,3,,0.7669339232161742,,,
HR_COMPAT,,5,0,4,,1,,,
HR_SYNERGY,,5,0,4,,0.8438640611232388,,,
HR_COMPAT,,5,0,5,,0,,,
HR_SYNERGY,,5,0,5,,0.8137246830076603,,,
HR_COMPAT,,5,0,6,,0,,,
HR_SYNERGY,,5,0,6,,0.6591139210367251,,,
HR_COMPAT,,5,0,7,,0,,,
HR_SYNERGY,,5,0,7,,0.8143317908867854,,,
HR_COMPAT,,5,1,0,,0,,,
HR_SYNERGY,,5,1,0,,0.8276998757953055,,,
HR_COMPAT,,5,1,1,,1,,,
HR_SYNERGY,,5,1,1,,0.6815904086744671,,,
HR_COMPAT,,5,1,2,,0,,,
HR_SYNERGY,,5,1,2,,0.8277379965590403,,,
HR_COMPAT,,5,1,3,,0,,,
HR_SYNERGY,,5,1,3,,0.7340738869299318,,,
HR_COMPAT,,5,1,4,,0,,,
HR_SYNERGY,,5,1,4,,0.8355037311448961,,,
HR_COMPAT,,5,1,5,,0,,,
HR_SYNERGY,,5,1,5,,0.7211144023603178,,,
HR_COMPAT,,5,1,6,,0,,,
HR_SYNERGY,,5,1,6,,0.8626960091413501,,,
HR_COMPAT,,5,1,7,,0,,,
HR_SYNERGY,,5,1,7,,0.7245033876984216,,,
HR_COMPAT,,5,2,0,,0,,,
HR_SYNERGY,,5,2,0,,0.8071598246376419,,,
HR_COMPAT,,5,2,1,,0,,,
HR_SYNERGY,,5,2,1,,0.7962411062991397,,,
HR_COMPAT,,5,2,2,,1,,,
HR_SYNERGY,,5,2,2,,0.7661958323307007,,,
HR_COMPAT,,5,2,3,,0,,,
HR_SYNERGY,,5,2,3,,0.8629656757462092,,,
HR_COMPAT,,5,2,4,,1,,,
HR_SYNERGY,,5,2,4,,0.8146346755853047,,,
HR_COMPAT,,5,2,5,,0,,,
HR_SYNERGY,,5,2,5,,0.7303539906634717,,,
HR_COMPAT,,5,2,6,,0,,,
HR_SYNERGY,,5,2,6,,0.86192133184534,,,
HR_COMPAT,,5,2,7,,1,,,
HR_SYNERGY,,5,2,7,,0.6563547665222885,,,
HR_COMPAT,,5,3,0,,1,,,
HR_SYNERGY,,5,3,0,,0.729640666371822,,,
HR_COMPAT,,5,3,1,,1,,,
HR_SYNERGY,,5,3,1,,0.6744254639442703,,,
HR_COMPAT,,5,3,2,,0,,,
HR_SYNERGY,,5,3,2,,0.7705177277006511,,,
HR_COMPAT,,5,3,3,,0,,,
HR_SYNERGY,,5,3,3,,0.6537964253514748,,,
HR_COMPAT,,5,3,4,,0,,,
HR_SYNERGY,,5,3,4,,0.7616036963159702,,,
HR_COMPAT,,5,3,5,,0,,,
HR_SYNERGY,,5,3,5,,0.7909830687788131,,,
HR_COMPAT,,5,3,6,,0,,,
HR_SYNERGY,,5,3,6,,0.7067752907942064,,,
HR_COMPAT,,5,3,7,,1,,,
HR_SYNERGY,,5,3,7,,0.7553261616998991,,,
HR_COMPAT,,5,4,0,,1,,,
HR_SYNERGY,,5,4,0,,0.6655034091104612,,,
HR_COMPAT,,5,4,1,,1,,,
HR_SYNERGY,,5,4,1,,0.7694499724843326,,,
HR_COMPAT,,5,4,2,,0,,,
HR_SYNERGY,,5,4,2,,0.8449509835084579,,,
HR_COMPAT,,5,4,3,,0,,,
HR_SYNERGY,,5,4,3,,0.7144493533832288,,,
HR_COMPAT,,5,4,4,,0,,,
HR_SYNERGY,,5,4,4,,0.8618312853785517,,,
HR_COMPAT,,5,4,5,,0,,,
HR_SYNERGY,,5,4,5,,0.8861832170577529,,,
HR_COMPAT,,5,4,6,,0,,,
HR_SYNERGY,,5,4,6,,0.8366789784710893,,,
HR_COMPAT,,5,4,7,,1,,,
HR_SYNERGY,,5,4,7,,0.6575013761394957,,,
HR_COMPAT,,5,5,0,,1,,,
HR_SYNERGY,,5,5,0,,0.816324083847658,,,
HR_COMPAT,,5,5,1,,0,,,
HR_SYNERGY,,5,5,1,,0.7453137088353226,,,
HR_COMPAT,,5,5,2,,1,,,
HR_SYNERGY,,5,5,2,,0.6689699576868899,,,
HR_COMPAT,,5,5,3,,0,,,
HR_SYNERGY,,5,5,3,,0.8627984725146707,,,
HR_COMPAT,,5,5,4,,0,,,
HR_SYNERGY,,5,5,4,,0.6573485267089737,,,
HR_COMPAT,,5,5,5,,0,,,
HR_SYNERGY,,5,5,5,,0.7010579969300873,,,
HR_COMPAT,,5,5,6,,0,,,
HR_SYNERGY,,5,5,6,,0.7384746416210768,,,
HR_COMPAT,,5,5,7,,0,,,
HR_SYNERGY,,5,5,7,,0.74442775802583,,,
HR_COMPAT,,6,0,0,,0,,,
HR_SYNERGY,,6,0,0,,0.6833672624455309,,,
HR_COMPAT,,6,0,1,,1,,,
HR_SYNERGY,,6,0,1,,0.7906323002573903,,,
HR_COMPAT,,6,0,2,,0,,,
HR_SYNERGY,,6,0,2,,0.8624156831704541,,,
HR_COMPAT,,6,0,3,,0,,,
HR_SYNERGY,,6,0,3,,0.8191338760863089,,,
HR_COMPAT,,6,0,4,,0,,,
HR_SYNERGY,,6,0,4,,0.8048477981163618,,,
HR_COMPAT,,6,0,5,,0,,,
HR_SYNERGY,,6,0,5,,0.8496124230245505,,,
HR_COMPAT,,6,0,6,,0,,,
HR_SYNERGY,,6,0,6,,0.7630546710349606,,,
HR_COMPAT,,6,0,7,,0,,,
HR_SYNERGY,,6,0,7,,0.672210998817248,,,
HR_COMPAT,,6,1,0,,0,,,
HR_SYNERGY,,6,1,0,,0.8030797823144158,,,
HR_COMPAT,,6,1,1,,0,,,
HR_SYNERGY,,6,1,1,,0.8156735700115131,,,
HR_COMPAT,,6,1,2,,0,,,
HR_SYNERGY,,6,1,2,,0.864020178840847,,,
HR_COMPAT,,6,1,3,,0,,,
HR_SYNERGY,,6,1,3,,0.862794942442929,,,
HR_COMPAT,,6,1,4,,0,,,
HR_SYNERGY,,6,1,4,,0.7829442087500609,,,
HR_COMPAT,,6,1,5,,0,,,
HR_SYNERGY,,6,1,5,,0.8483183928003097,,,
HR_COMPAT,,6,1,6,,0,,,
HR_SYNERGY,,6,1,6,,0.8615603501557897,,,
HR_COMPAT,,6,1,7,,0,,,
HR_SYNERGY,,6,1,7,,0.8110556370457256,,,
HR_COMPAT,,6,2,0,,0,,,
HR_SYNERGY,,6,2,0,,0.7985359486097727,,,
HR_COMPAT,,6,2,1,,0,,,
HR_SYNERGY,,6,2,1,,0.7244032048297301,,,
HR_COMPAT,,6,2,2,,1,,,
HR_SYNERGY,,6,2,2,,0.8004961410827394,,,
HR_COMPAT,,6,2,3,,0,,,
HR_SYNERGY,,6,2,3,,0.7471843882431066,,,
HR_COMPAT,,6,2,4,,0,,,
HR_SYNERGY,,6,2,4,,0.7891631376552516,,,
HR_COMPAT,,6,2,5,,0,,,
HR_SYNERGY,,6,2,5,,0.7041690135781036,,,
HR_COMPAT,,6,2,6,,0,,,
HR_SYNERGY,,6,2,6,,0.6761747878809374,,,
HR_COMPAT,,6,2,7,,0,,,
HR_SYNERGY,,6,2,7,,0.7721429350598286,,,
HR_COMPAT,,6,3,0,,1,,,
HR_SYNERGY,,6,3,0,,0.6843766217619792,,,
HR_COMPAT,,6,3,1,,1,,,
HR_SYNERGY,,6,3,1,,0.766788232044513,,,
HR_COMPAT,,6,3,2,,1,,,
HR_SYNERGY,,6,3,2,,0.8863338543948216,,,
HR_COMPAT,,6,3,3,,0,,,
HR_SYNERGY,,6,3,3,,0.7946697038651747,,,
HR_COMPAT,,6,3,4,,0,,,
HR_SYNERGY,,6,3,4,,0.731230471725976,,,
HR_COMPAT,,6,3,5,,0,,,
HR_SYNERGY,,6,3,5,,0.8460116451643348,,,
HR_COMPAT,,6,3,6,,0,,,
HR_SYNERGY,,6,3,6,,0.7560934278543974,,,
HR_COMPAT,,6,3,7,,0,,,
HR_SYNERGY,,6,3,7,,0.8631771377051879,,,
HR_COMPAT,,6,4,0,,1,,,
HR_SYNERGY,,6,4,0,,0.882206729202274,,,
HR_COMPAT,,6,4,1,,1,,,
HR_SYNERGY,,6,4,1,,0.8299761693986795,,,
HR_COMPAT,,6,4,2,,0,,,
HR_SYNERGY,,6,4,2,,0.8944701500503681,,,
HR_COMPAT,,6,4,3,,0,,,
HR_SYNERGY,,6,4,3,,0.7307396719541699,,,
HR_COMPAT,,6,4,4,,0,,,
HR_SYNERGY,,6,4,4,,0.8854046572602549,,,
HR_COMPAT,,6,4,5,,0,,,
HR_SYNERGY,,6,4,5,,0.7282396638842906,,,
HR_COMPAT,,6,4,6,,0,,,
HR_SYNERGY,,6,4,6,,0.8563217835598851,,,
HR_COMPAT,,6,4,7,,0,,,
HR_SYNERGY,,6,4,7,,0.7611656260575408,,,
HR_COMPAT,,6,5,0,,0,,,
HR_SYNERGY,,6,5,0,,0.8516394224258025,,,
HR_COMPAT,,6,5,1,,0,,,
HR_SYNERGY,,6,5,1,,0.8116914804617705,,,
HR_COMPAT,,6,5,2,,1,,,
HR_SYNERGY,,6,5,2,,0.659196420270909,,,
HR_COMPAT,,6,5,3,,0,,,
HR_SYNERGY,,6,5,3,,0.714842909590385,,,
HR_COMPAT,,6,5,4,,0,,,
HR_SYNERGY,,6,5,4,,0.8010674539114587,,,
HR_COMPAT,,6,5,5,,0,,,
HR_SYNERGY,,6,5,5,,0.87836818934845,,,
HR_COMPAT,,6,5,6,,0,,,
HR_SYNERGY,,6,5,6,,0.6850758259168153,,,
HR_COMPAT,,6,5,7,,0,,,
HR_SYNERGY,,6,5,7,,0.8661197456398384,,,
HR_COMPAT,,7,0,0,,0,,,
HR_SYNERGY,,7,0,0,,0.7524165571204479,,,
HR_COMPAT,,7,0,1,,1,,,
HR_SYNERGY,,7,0,1,,0.7639913487078034,,,
HR_COMPAT,,7,0,2,,0,,,
HR_SYNERGY,,7,0,2,,0.7230515881559914,,,
HR_COMPAT,,7,0,3,,1,,,
HR_SYNERGY,,7,0,3,,0.6739492992410084,,,
HR_COMPAT,,7,0,4,,0,,,
HR_SYNERGY,,7,0,4,,0.7371074471185247,,,
HR_COMPAT,,7,0,5,,0,,,
HR_SYNERGY,,7,0,5,,0.7914360770033817,,,
HR_COMPAT,,7,0,6,,0,,,
HR_SYNERGY,,7,0,6,,0.7309613759991053,,,
HR_COMPAT,,7,0,7,,0,,,
HR_SYNERGY,,7,0,7,,0.7773105482457618,,,
HR_COMPAT,,7,1,0,,0,,,
HR_SYNERGY,,7,1,0,,0.884559381986615,,,
HR_COMPAT,,7,1,1,,1,,,
HR_SYNERGY,,7,1,1,,0.8286521594393604,,,
HR_COMPAT,,7,1,2,,0,,,
HR_SYNERGY,,7,1,2,,0.8964412520806859,,,
HR_COMPAT,,7,1,3,,0,,,
HR_SYNERGY,,7,1,3,,0.8035294969532256,,,
HR_COMPAT,,7,1,4,,0,,,
HR_SYNERGY,,7,1,4,,0.6873165179905283,,,
HR_COMPAT,,7,1,5,,0,,,
HR_SYNERGY,,7,1,5,,0.864658230785204,,,
HR_COMPAT,,7,1,6,,0,,,
HR_SYNERGY,,7,1,6,,0.864041808111651,,,
HR_COMPAT,,7,1,7,,1,,,
HR_SYNERGY,,7,1,7,,0.780874609427727,,,
HR_COMPAT,,7,2,0,,0,,,
HR_SYNERGY,,7,2,0,,0.8719192022285484,,,
HR_COMPAT,,7,2,1,,0,,,
HR_SYNERGY,,7,2,1,,0.769804169042544,,,
HR_COMPAT,,7,2,2,,1,,,
HR_SYNERGY,,7,2,2,,0.8764819662336693,,,
HR_COMPAT,,7,2,3,,1,,,
HR_SYNERGY,,7,2,3,,0.6527284154356696,,,
HR_COMPAT,,7,2,4,,0,,,
HR_SYNERGY,,7,2,4,,0.6658270174324854,,,
HR_COMPAT,,7,2,5,,0,,,
HR_SYNERGY,,7,2,5,,0.8069609851108523,,,
HR_COMPAT,,7,2,6,,1,,,
HR_SYNERGY,,7,2,6,,0.8138903738830534,,,
HR_COMPAT,,7,2,7,,1,,,
HR_SYNERGY,,7,2,7,,0.6666682503891673,,,
HR_COMPAT,,7,3,0,,0,,,
HR_SYNERGY,,7,3,0,,0.8585605765896266,,,
HR_COMPAT,,7,3,1,,1,,,
HR_SYNERGY,,7,3,1,,0.764877352372605,,,
HR_COMPAT,,7,3,2,,1,,,
HR_SYNERGY,,7,3,2,,0.7292405159535535,,,
HR_COMPAT,,7,3,3,,1,,,
HR_SYNERGY,,7,3,3,,0.7341959290008231,,,
HR_COMPAT,,7,3,4,,0,,,
HR_SYNERGY,,7,3,4,,0.7426887060423376,,,
HR_COMPAT,,7,3,5,,0,,,
HR_SYNERGY,,7,3,5,,0.6604295067375455,,,
HR_COMPAT,,7,3,6,,1,,,
HR_SYNERGY,,7,3,6,,0.7136559475770266,,,
HR_COMPAT,,7,3,7,,1,,,
HR_SYNERGY,,7,3,7,,0.7534792989799157,,,
HR_COMPAT,,7,4,0,,0,,,
HR_SYNERGY,,7,4,0,,0.6829118661240919,,,
HR_COMPAT,,7,4,1,,1,,,
HR_SYNERGY,,7,4,1,,0.7345519135617058,,,
HR_COMPAT,,7,4,2,,0,,,
HR_SYNERGY,,7,4,2,,0.8714935868057725,,,
HR_COMPAT,,7,4,3,,0,,,
HR_SYNERGY,,7,4,3,,0.8209610556747382,,,
HR_COMPAT,,7,4,4,,0,,,
HR_SYNERGY,,7,4,4,,0.6554838594043145,,,
HR_COMPAT,,7,4,5,,0,,,
HR_SYNERGY,,7,4,5,,0.8781286140924214,,,
HR_COMPAT,,7,4,6,,0,,,
HR_SYNERGY,,7,4,6,,0.7352149042275598,,,
HR_COMPAT,,7,4,7,,1,,,
HR_SYNERGY,,7,4,7,,0.7773964312234722,,,
HR_COMPAT,,7,5,0,,0,,,
HR_SYNERGY,,7,5,0,,0.7632188112177463,,,
HR_COMPAT,,7,5,1,,0,,,
HR_SYNERGY,,7,5,1,,0.8236366966128503,,,
HR_COMPAT,,7,5,2,,1,,,
HR_SYNERGY,,7,5,2,,0.7304581987632343,,,
HR_COMPAT,,7,5,3,,1,,,
HR_SYNERGY,,7,5,3,,0.7700237824361126,,,
HR_COMPAT,,7,5,4,,0,,,
HR_SYNERGY,,7,5,4,,0.8918045036014611,,,
HR_COMPAT,,7,5,5,,0,,,
HR_SYNERGY,,7,5,5,,0.881382331959775,,,
HR_COMPAT,,7,5,6,,0,,,
HR_SYNERGY,,7,5,6,,0.8921687190081398,,,
HR_COMPAT,,7,5,7,,0,,,
HR_SYNERGY,,7,5,7,,0.7162557515433606,,,
WORKER_RELOC,,0,0,0,,0.0,,,
WORKER_RELOC,,0,0,1,,1.6775637624847792,,,
WORKER_RELOC,,0,0,2,,3.852498406367966,,,
WORKER_RELOC,,0,0,3,,1.7646458744638878,,,
WORKER_RELOC,,0,0,4,,2.626794747451989,,,
WORKER_RELOC,,0,0,5,,2.7744264133108136,,,
WORKER_RELOC,,0,0,6,,2.1417662970236835,,,
WORKER_RELOC,,0,0,7,,2.016682149629322,,,
WORKER_RELOC,,0,0,8,,2.285611338276062,,,
WORKER_RELOC,,0,0,9,,2.074894208931811,,,
WORKER_RELOC,,0,0,10,,3.4801917294801443,,,
WORKER_RELOC,,0,0,11,,2.2660652901630796,,,
WORKER_RELOC,,0,1,0,,2.4992883966432733,,,
WORKER_RELOC,,0,1,1,,0.0,,,
WORKER_RELOC,,0,1,2,,0.5021451581247321,,,
WORKER_RELOC,,0,1,3,,2.2348926210685707,,,
WORKER_RELOC,,0,1,4,,1.99023099838585,,,
WORKER_RELOC,,0,1,5,,1.8050889031896187,,,
WORKER_RELOC,,0,1,6,,3.554307599201567,,,
WORKER_RELOC,,0,1,7,,2.8123236408686445,,,
WORKER_RELOC,,0,1,8,,3.3529683258189182,,,
WORKER_RELOC,,0,1,9,,3.7920992555411086,,,
WORKER_RELOC,,0,1,10,,1.9029140461792091,,,
WORKER_RELOC,,0,1,11,,3.8037860712251685,,,
WORKER_RELOC,,0,2,0,,2.0060549554843496,,,
WORKER_RELOC,,0,2,1,,0.5277158506038221,,,
WORKER_RELOC,,0,2,2,,0.0,,,
WORKER_RELOC,,0,2,3,,2.050980533407661,,,
WORKER_RELOC,,0,2,4,,1.724338063588894,,,
WORKER_RELOC,,0,2,5,,2.2667024830395084,,,
WORKER_RELOC,,0,2,6,,1.9517068369669475,,,
WORKER_RELOC,,0,2,7,,3.746317464195972,,,
WORKER_RELOC,,0,2,8,,3.3512278314166863,,,
WORKER_RELOC,,0,2,9,,3.0244801967522394,,,
WORKER_RELOC,,0,2,10,,2.2188119474041104,,,
WORKER_RELOC,,0,2,11,,3.993852503229702,,,
WORKER_RELOC,,0,3,0,,2.5975901846398184,,,
WORKER_RELOC,,0,3,1,,3.057571467266829,,,
WORKER_RELOC,,0,3,2,,1.7338877737583611,,,
WORKER_RELOC,,0,3,3,,0.0,,,
WORKER_RELOC,,0,3,4,,1.8076833448662655,,,
WORKER_RELOC,,0,3,5,,3.8069587518568637,,,
WORKER_RELOC,,0,3,6,,3.3717888864372685,,,
WORKER_RELOC,,0,3,7,,2.8639248620619697,,,
WORKER_RELOC,,0,3,8,,2.633824696409519,,,
WORKER_RELOC,,0,3,9,,3.0393024226584293,,,
WORKER_RELOC,,0,3,10,,3.2292793666283153,,,
WORKER_RELOC,,0,3,11,,2.104515989580287,,,
WORKER_RELOC,,0,4,0,,1.6377469519790095,,,
WORKER_RELOC,,0,4,1,,2.3643474347385185,,,
WORKER_RELOC,,0,4,2,,2.2266398637073888,,,
WORKER_RELOC,,0,4,3,,1.5496491811886666,,,
WORKER_RELOC,,0,4,4,,0.0,,,
WORKER_RELOC,,0,4,5,,1.3022812334176201,,,
WORKER_RELOC,,0,4,6,,2.6738683926637483,,,
WORKER_RELOC,,0,4,7,,2.4268930577325216,,,
WORKER_RELOC,,0,4,8,,2.65616489906722,,,
WORKER_RELOC,,0,4,9,,3.442159802297035,,,
WORKER_RELOC,,0,4,10,,2.7319418113398384,,,
WORKER_RELOC,,0,4,11,,2.690740302513741,,,
WORKER_RELOC,,0,5,0,,3.7245684122647966,,,
WORKER_RELOC,,0,5,1,,3.7981970439565487,,,
WORKER_RELOC,,0,5,2,,3.538407237066932,,,
WORKER_RELOC,,0,5,3,,2.458666913965353,,,
WORKER_RELOC,,0,5,4,,1.4151861739611085,,,
WORKER_RELOC,,0,5,5,,0.0,,,
WORKER_RELOC,,0,5,6,,2.898155773500072,,,
WORKER_RELOC,,0,5,7,,3.8592757742697748,,,
WORKER_RELOC,,0,5,8,,3.5157273317223896,,,
WORKER_RELOC,,0,5,9,,2.682875495519994,,,
WORKER_RELOC,,0,5,10,,2.6051990703026875,,,
WORKER_RELOC,,0,5,11,,2.6318929711285444,,,
WORKER_RELOC,,0,6,0,,2.340866256814737,,,
WORKER_RELOC,,0,6,1,,1.6103162524705685,,,
WORKER_RELOC,,0,6,2,,2.3146049797574535,,,
WORKER_RELOC,,0,6,3,,3.5908487398007845,,,
WORKER_RELOC,,0,6,4,,3.055269055523652,,,
WORKER_RELOC,,0,6,5,,2.183872602183283,,,
WORKER_RELOC,,0,6,6,,0.0,,,
WORKER_RELOC,,0,6,7,,0.8397524715865505,,,
WORKER_RELOC,,0,6,8,,3.081532144031791,,,
WORKER_RELOC,,0,6,9,,3.618432710888691,,,
WORKER_RELOC,,0,6,10,,2.9521681045821206,,,
WORKER_RELOC,,0,6,11,,3.3700242728573055,,,
WORKER_RELOC,,0,7,0,,2.326260977099442,,,
WORKER_RELOC,,0,7,1,,2.5707406237632253,,,
WORKER_RELOC,,0,7,2,,2.07243346685237,,,
WORKER_RELOC,,0,7,3,,2.4631046273404698,,,
WORKER_RELOC,,0,7,4,,2.38012293854676,,,
WORKER_RELOC,,0,7,5,,2.3732738257148407,,,
WORKER_RELOC,,0,7,6,,0.7084708424750927,,,
WORKER_RELOC,,0,7,7,,0.0,,,
WORKER_RELOC,,0,7,8,,2.2414341598918193,,,
WORKER_RELOC,,0,7,9,,1.8014992550589728,,,
WORKER_RELOC,,0,7,10,,3.579817127180957,,,
WORKER_RELOC,,0,7,11,,3.030817406387006,,,
WORKER_RELOC,,0,8,0,,2.453515832474025,,,
WORKER_RELOC,,0,8,1,,2.0826251077913613,,,
WORKER_RELOC,,0,8,2,,1.740533471422564,,,
WORKER_RELOC,,0,8,3,,1.9614501512182971,,,
WORKER_RELOC,,0,8,4,,3.485889284249187,,,
WORKER_RELOC,,0,8,5,,3.0507615546772,,,
WORKER_RELOC,,0,8,6,,2.3863348681257155,,,
WORKER_RELOC,,0,8,7,,2.315052377018474,,,
WORKER_RELOC,,0,8,8,,0.0,,,
WORKER_RELOC,,0,8,9,,0.6636936231910909,,,
WORKER_RELOC,,0,8,10,,2.8495224160430683,,,
WORKER_RELOC,,0,8,11,,1.647632766161832,,,
WORKER_RELOC,,0,9,0,,3.9275550077994597,,,
WORKER_RELOC,,0,9,1,,2.122387129986761,,,
WORKER_RELOC,,0,9,2,,1.8372530897425823,,,
WORKER_RELOC,,0,9,3,,3.1158654361012745,,,
WORKER_RELOC,,0,9,4,,1.9130376527514832,,,
WORKER_RELOC,,0,9,5,,2.3798966567547684,,,
WORKER_RELOC,,0,9,6,,3.37889249573836,,,
WORKER_RELOC,,0,9,7,,3.149250308675528,,,
WORKER_RELOC,,0,9,8,,1.1377094328828354,,,
WORKER_RELOC,,0,9,9,,0.0,,,
WORKER_RELOC,,0,9,10,,3.1886908819285606,,,
WORKER_RELOC,,0,9,11,,1.6356326166193347,,,
WORKER_RELOC,,0,10,0,,3.92341170118734,,,
WORKER_RELOC,,0,10,1,,1.6880451597927915,,,
WORKER_RELOC,,0,10,2,,2.047420208317661,,,
WORKER_RELOC,,0,10,3,,2.3349354440153838,,,
WORKER_RELOC,,0,10,4,,2.734922536204415,,,
WORKER_RELOC,,0,10,5,,1.6033576373951852,,,
WORKER_RELOC,,0,10,6,,2.295697993133935,,,
WORKER_RELOC,,0,10,7,,3.8941798410014634,,,
WORKER_RELOC,,0,10,8,,3.9205514002930926,,,
WORKER_RELOC,,0,10,9,,3.8648929915268817,,,
WORKER_RELOC,,0,10,10,,0.0,,,
WORKER_RELOC,,0,10,11,,3.3460336747450223,,,
WORKER_RELOC,,0,11,0,,1.9222690601534507,,,
WORKER_RELOC,,0,11,1,,1.5519155741608404,,,
WORKER_RELOC,,0,11,2,,1.8962535553541524,,,
WORKER_RELOC,,0,11,3,,3.6449555868830843,,,
WORKER_RELOC,,0,11,4,,2.9536521874882204,,,
WORKER_RELOC,,0,11,5,,3.3760785893871867,,,
WORKER_RELOC,,0,11,6,,3.9514909043441415,,,
WORKER_RELOC,,0,11,7,,2.0802910907592427,,,
WORKER_RELOC,,0,11,8,,3.660396167686178,,,
WORKER_RELOC,,0,11,9,,3.653211216466887,,,
WORKER_RELOC,,0,11,10,,2.309720452777614,,,
WORKER_RELOC,,0,11,11,,0.0,,,
WORKER_RELOC,,1,0,0,,0.0,,,
WORKER_RELOC,,1,0,1,,2.8588245739939477,,,
WORKER_RELOC,,1,0,2,,1.6284363740062835,,,
WORKER_RELOC,,1,0,3,,2.601363167214123,,,
WORKER_RELOC,,1,0,4,,3.937621403921112,,,
WORKER_RELOC,,1,0,5,,3.9387060510381566,,,
WORKER_RELOC,,1,0,6,,2.186586979175356,,,
WORKER_RELOC,,1,0,7,,1.8936211316871563,,,
WORKER_RELOC,,1,0,8,,2.2655979946763076,,,
WORKER_RELOC,,1,0,9,,1.7260367098584768,,,
WORKER_RELOC,,1,0,10,,2.8294651610076462,,,
WORKER_RELOC,,1,0,11,,2.3070514697127216,,,
WORKER_RELOC,,1,1,0,,2.466222546355644,,,
WORKER_RELOC,,1,1,1,,0.0,,,
WORKER_RELOC,,1,1,2,,1.406302339615637,,,
WORKER_RELOC,,1,1,3,,2.368121869591866,,,
WORKER_RELOC,,1,1,4,,1.8451152150132306,,,
WORKER_RELOC,,1,1,5,,2.7474355633054452,,,
WORKER_RELOC,,1,1,6,,3.2944581361070457,,,
WORKER_RELOC,,1,1,7,,3.678815275103903,,,
WORKER_RELOC,,1,1,8,,3.3679700856868235,,,
WORKER_RELOC,,1,1,9,,3.4391929482035994,,,
WORKER_RELOC,,1,1,10,,2.896406293746761,,,
WORKER_RELOC,,1,1,11,,3.4271444484624327,,,
WORKER_RELOC,,1,2,0,,1.864904937891799,,,
WORKER_RELOC,,1,2,1,,0.6259008902569413,,,
WORKER_RELOC,,1,2,2,,0.0,,,
WORKER_RELOC,,1,2,3,,1.726232893261855,,,
WORKER_RELOC,,1,2,4,,2.8533740545316943,,,
WORKER_RELOC,,1,2,5,,3.760904355817795,,,
WORKER_RELOC,,1,2,6,,2.2200899106368284,,,
WORKER_RELOC,,1,2,7,,2.631242544171983,,,
WORKER_RELOC,,1,2,8,,2.1372155775971984,,,
WORKER_RELOC,,1,2,9,,3.6597810237924735,,,
WORKER_RELOC,,1,2,10,,1.8423028592683401,,,
WORKER_RELOC,,1,2,11,,2.0488345618498194,,,
WORKER_RELOC,,1,3,0,,3.2883333495202485,,,
WORKER_RELOC,,1,3,1,,2.402251116861131,,,
WORKER_RELOC,,1,3,2,,2.414509759739116,,,
WORKER_RELOC,,1,3,3,,0.0,,,
WORKER_RELOC,,1,3,4,,3.503793380896717,,,
WORKER_RELOC,,1,3,5,,2.3850210788501105,,,
WORKER_RELOC,,1,3,6,,2.3884520042085704,,,
WORKER_RELOC,,1,3,7,,2.9956974836959036,,,
WORKER_RELOC,,1,3,8,,2.306471394727436,,,
WORKER_RELOC,,1,3,9,,3.7844851464691414,,,
WORKER_RELOC,,1,3,10,,2.466312086893301,,,
WORKER_RELOC,,1,3,11,,1.7930985296440913,,,
WORKER_RELOC,,1,4,0,,3.7239979864583117,,,
WORKER_RELOC,,1,4,1,,2.010544685805251,,,
WORKER_RELOC,,1,4,2,,3.457216133676214,,,
WORKER_RELOC,,1,4,3,,3.3158286993667274,,,
WORKER_RELOC,,1,4,4,,0.0,,,
WORKER_RELOC,,1,4,5,,0.9833450651897838,,,
WORKER_RELOC,,1,4,6,,2.8302156849072566,,,
WORKER_RELOC,,1,4,7,,3.07301293460244,,,
WORKER_RELOC,,1,4,8,,3.8158977473038656,,,
WORKER_RELOC,,1,4,9,,2.3767688631182393,,,
WORKER_RELOC,,1,4,10,,2.837015159304613,,,
WORKER_RELOC,,1,4,11,,1.6616297567025566,,,
WORKER_RELOC,,1,5,0,,2.159120762677529,,,
WORKER_RELOC,,1,5,1,,1.868659082492292,,,
WORKER_RELOC,,1,5,2,,3.6648412637347265,,,
WORKER_RELOC,,1,5,3,,3.185429629270659,,,
WORKER_RELOC,,1,5,4,,1.192618266764665,,,
WORKER_RELOC,,1,5,5,,0.0,,,
WORKER_RELOC,,1,5,6,,3.0315713433473235,,,
WORKER_RELOC,,1,5,7,,2.8615166130336753,,,
WORKER_RELOC,,1,5,8,,2.407759410523008,,,
WORKER_RELOC,,1,5,9,,3.92578940843059,,,
WORKER_RELOC,,1,5,10,,3.385465006640601,,,
WORKER_RELOC,,1,5,11,,2.644685350309854,,,
WORKER_RELOC,,1,6,0,,3.1479731041586394,,,
WORKER_RELOC,,1,6,1,,2.3685210820151754,,,
WORKER_RELOC,,1,6,2,,2.4496905377965037,,,
WORKER_RELOC,,1,6,3,,3.177448838330311,,,
WORKER_RELOC,,1,6,4,,3.5511742931065746,,,
WORKER_RELOC,,1,6,5,,3.2128696953304035,,,
WORKER_RELOC,,1,6,6,,0.0,,,
WORKER_RELOC,,1,6,7,,0.9138067050847803,,,
WORKER_RELOC,,1,6,8,,3.962368850958655,,,
WORKER_RELOC,,1,6,9,,3.645103748246674,,,
WORKER_RELOC,,1,6,10,,2.1446250053888773,,,
WORKER_RELOC,,1,6,11,,3.98155151351102,,,
WORKER_RELOC,,1,7,0,,3.0066420396661933,,,
WORKER_RELOC,,1,7,1,,2.7163938488975745,,,
WORKER_RELOC,,1,7,2,,3.609519747537336,,,
WORKER_RELOC,,1,7,3,,2.8370528676123627,,,
WORKER_RELOC,,1,7,4,,3.4718533088800823,,,
WORKER_RELOC,,1,7,5,,3.9437494142823617,,,
WORKER_RELOC,,1,7,6,,1.0508164527312163,,,
WORKER_RELOC,,1,7,7,,0.0,,,
WORKER_RELOC,,1,7,8,,3.041306040381822,,,
WORKER_RELOC,,1,7,9,,3.238250930760384,,,
WORKER_RELOC,,1,7,10,,2.911621805720432,,,
WORKER_RELOC,,1,7,11,,3.2267878699335473,,,
WORKER_RELOC,,1,8,0,,3.6244676403236458,,,
WORKER_RELOC,,1,8,1,,1.5661514182202962,,,
WORKER_RELOC,,1,8,2,,2.7599945078875754,,,
WORKER_RELOC,,1,8,3,,2.098625391752025,,,
WORKER_RELOC,,1,8,4,,3.6773019706658268,,,
WORKER_RELOC,,1,8,5,,3.344187566031713,,,
WORKER_RELOC,,1,8,6,,3.176301958893341,,,
WORKER_RELOC,,1,8,7,,3.390798785945973,,,
WORKER_RELOC,,1,8,8,,0.0,,,
WORKER_RELOC,,1,8,9,,1.3074339873426115,,,
WORKER_RELOC,,1,8,10,,3.7993627481961725,,,
WORKER_RELOC,,1,8,11,,2.6619109998781565,,,
WORKER_RELOC,,1,9,0,,2.895716423943355,,,
WORKER_RELOC,,1,9,1,,2.390787485832111,,,
WORKER_RELOC,,1,9,2,,2.609654258034436,,,
WORKER_RELOC,,1,9,3,,3.7805560467481154,,,
WORKER_RELOC,,1,9,4,,2.9095916746240738,,,
WORKER_RELOC,,1,9,5,,3.427010989524573,,,
WORKER_RELOC,,1,9,6,,1.8169605814511056,,,
WORKER_RELOC,,1,9,7,,2.3475490853534726,,,
WORKER_RELOC,,1,9,8,,0.8219193450862377,,,
WORKER_RELOC,,1,9,9,,0.0,,,
WORKER_RELOC,,1,9,10,,2.2533089313169263,,,
WORKER_RELOC,,1,9,11,,2.749796694175223,,,
WORKER_RELOC,,1,10,0,,2.5540032690629113,,,
WORKER_RELOC,,1,10,1,,2.043737873354492,,,
WORKER_RELOC,,1,10,2,,2.338644823251826,,,
WORKER_RELOC,,1,10,3,,3.476410763117255,,,
WORKER_RELOC,,1,10,4,,2.9616395086996,,,
WORKER_RELOC,,1,10,5,,2.6533167528836366,,,
WORKER_RELOC,,1,10,6,,3.5535795522682054,,,
WORKER_RELOC,,1,10,7,,3.5589671998098984,,,
WORKER_RELOC,,1,10,8,,2.2075140171859915,,,
WORKER_RELOC,,1,10,9,,2.8215504145291934,,,
WORKER_RELOC,,1,10,10,,0.0,,,
WORKER_RELOC,,1,10,11,,1.7583830840979073,,,
WORKER_RELOC,,1,11,0,,3.6513863570912637,,,
WORKER_RELOC,,1,11,1,,3.594200905560357,,,
WORKER_RELOC,,1,11,2,,3.25241315201888,,,
WORKER_RELOC,,1,11,3,,3.4953933100016163,,,
WORKER_RELOC,,1,11,4,,2.307112900014968,,,
WORKER_RELOC,,1,11,5,,3.268466745677094,,,
WORKER_RELOC,,1,11,6,,3.6338915685115647,,,
WORKER_RELOC,,1,11,7,,2.322749772523151,,,
WORKER_RELOC,,1,11,8,,1.5844619761063994,,,
WORKER_RELOC,,1,11,9,,3.148107997497079,,,
WORKER_RELOC,,1,11,10,,2.4092116519446307,,,
WORKER_RELOC,,1,11,11,,0.0,,,
WORKER_RELOC,,2,0,0,,0.0,,,
WORKER_RELOC,,2,0,1,,2.606356277093073,,,
WORKER_RELOC,,2,0,2,,2.4246365125496308,,,
WORKER_RELOC,,2,0,3,,2.7290205036175594,,,
WORKER_RELOC,,2,0,4,,2.959532342509214,,,
WORKER_RELOC,,2,0,5,,3.93045629920576,,,
WORKER_RELOC,,2,0,6,,3.3294254643410897,,,
WORKER_RELOC,,2,0,7,,3.978571065750193,,,
WORKER_RELOC,,2,0,8,,1.755228680775238,,,
WORKER_RELOC,,2,0,9,,2.322213312028568,,,
WORKER_RELOC,,2,0,10,,1.5749363409624715,,,
WORKER_RELOC,,2,0,11,,2.5214546721034496,,,
WORKER_RELOC,,2,1,0,,3.035218967769689,,,
WORKER_RELOC,,2,1,1,,0.0,,,
WORKER_RELOC,,2,1,2,,1.0930296745290398,,,
WORKER_RELOC,,2,1,3,,2.584301922487252,,,
WORKER_RELOC,,2,1,4,,3.165575520857745,,,
WORKER_RELOC,,2,1,5,,3.040362705009761,,,
WORKER_RELOC,,2,1,6,,2.6346136486315808,,,
WORKER_RELOC,,2,1,7,,2.833780929734986,,,
WORKER_RELOC,,2,1,8,,3.246414950034888,,,
WORKER_RELOC,,2,1,9,,2.825794655432313,,,
WORKER_RELOC,,2,1,10,,3.844735072960252,,,
WORKER_RELOC,,2,1,11,,2.332403854851498,,,
WORKER_RELOC,,2,2,0,,3.797755773401406,,,
WORKER_RELOC,,2,2,1,,1.0771827937212801,,,
WORKER_RELOC,,2,2,2,,0.0,,,
WORKER_RELOC,,2,2,3,,3.235243332623008,,,
WORKER_RELOC,,2,2,4,,3.009348587213318,,,
WORKER_RELOC,,2,2,5,,3.735239117367756,,,
WORKER_RELOC,,2,2,6,,2.8386135091937152,,,
WORKER_RELOC,,2,2,7,,3.0953358649890506,,,
WORKER_RELOC,,2,2,8,,3.4702857730339085,,,
WORKER_RELOC,,2,2,9,,2.043290600408332,,,
WORKER_RELOC,,2,2,10,,3.227245223263376,,,
WORKER_RELOC,,2,2,11,,2.915648258704114,,,
WORKER_RELOC,,2,3,0,,3.1316374132045413,,,
WORKER_RELOC,,2,3,1,,2.627479685119327,,,
WORKER_RELOC,,2,3,2,,3.0137871044395457,,,
WORKER_RELOC,,2,3,3,,0.0,,,
WORKER_RELOC,,2,3,4,,3.4078885985489444,,,
WORKER_RELOC,,2,3,5,,1.6478778450614002,,,
WORKER_RELOC,,2,3,6,,2.807247074701256,,,
WORKER_RELOC,,2,3,7,,2.9518379276746476,,,
WORKER_RELOC,,2,3,8,,3.0630787072930135,,,
WORKER_RELOC,,2,3,9,,3.6889829489862445,,,
WORKER_RELOC,,2,3,10,,3.837919673756495,,,
WORKER_RELOC,,2,3,11,,3.657279291533089,,,
WORKER_RELOC,,2,4,0,,2.8231147633568043,,,
WORKER_RELOC,,2,4,1,,2.7219263748848084,,,
WORKER_RELOC,,2,4,2,,1.9324462478250841,,,
WORKER_RELOC,,2,4,3,,3.9055648151223212,,,
WORKER_RELOC,,2,4,4,,0.0,,,
WORKER_RELOC,,2,4,5,,1.0698001369040266,,,
WORKER_RELOC,,2,4,6,,3.847827419082051,,,
WORKER_RELOC,,2,4,7,,3.8956936758159437,,,
WORKER_RELOC,,2,4,8,,3.222778370833816,,,
WORKER_RELOC,,2,4,9,,3.146002040714116,,,
WORKER_RELOC,,2,4,10,,2.896662326685315,,,
WORKER_RELOC,,2,4,11,,3.342573599921826,,,
WORKER_RELOC,,2,5,0,,3.7708905620485678,,,
WORKER_RELOC,,2,5,1,,2.796510336330523,,,
WORKER_RELOC,,2,5,2,,2.649045005638107,,,
WORKER_RELOC,,2,5,3,,1.6741674558475317,,,
WORKER_RELOC,,2,5,4,,0.7439917015574782,,,
WORKER_RELOC,,2,5,5,,0.0,,,
WORKER_RELOC,,2,5,6,,3.2065674762363057,,,
WORKER_RELOC,,2,5,7,,3.6077740712336115,,,
WORKER_RELOC,,2,5,8,,1.9066659974130724,,,
WORKER_RELOC,,2,5,9,,2.965381941394669,,,
WORKER_RELOC,,2,5,10,,3.904794488249978,,,
WORKER_RELOC,,2,5,11,,1.9753644307965996,,,
WORKER_RELOC,,2,6,0,,3.0151236455513777,,,
WORKER_RELOC,,2,6,1,,2.142771688832869,,,
WORKER_RELOC,,2,6,2,,3.057670499479257,,,
WORKER_RELOC,,2,6,3,,2.0107240433841325,,,
WORKER_RELOC,,2,6,4,,2.304733023157672,,,
WORKER_RELOC,,2,6,5,,1.607250548553313,,,
WORKER_RELOC,,2,6,6,,0.0,,,
WORKER_RELOC,,2,6,7,,0.6953498259875579,,,
WORKER_RELOC,,2,6,8,,2.814183609148467,,,
WORKER_RELOC,,2,6,9,,1.7025966550722806,,,
WORKER_RELOC,,2,6,10,,3.877472650342111,,,
WORKER_RELOC,,2,6,11,,3.117797775040272,,,
WORKER_RELOC,,2,7,0,,3.1614155649951057,,,
WORKER_RELOC,,2,7,1,,1.6770238506570072,,,
WORKER_RELOC,,2,7,2,,1.6842222350911236,,,
WORKER_RELOC,,2,7,3,,3.28619709874611,,,
WORKER_RELOC,,2,7,4,,2.1196556170340957,,,
WORKER_RELOC,,2,7,5,,3.6112489847576925,,,
WORKER_RELOC,,2,7,6,,1.1811359301810231,,,
WORKER_RELOC,,2,7,7,,0.0,,,
WORKER_RELOC,,2,7,8,,3.2894885356941357,,,
WORKER_RELOC,,2,7,9,,3.578974405693642,,,
WORKER_RELOC,,2,7,10,,3.6564064762711737,,,
WORKER_RELOC,,2,7,11,,2.8615705187799216,,,
WORKER_RELOC,,2,8,0,,1.7353301744973988,,,
WORKER_RELOC,,2,8,1,,1.9897036316330698,,,
WORKER_RELOC,,2,8,2,,3.8755384055734243,,,
WORKER_RELOC,,2,8,3,,2.315206682358813,,,
WORKER_RELOC,,2,8,4,,1.5144533044171786,,,
WORKER_RELOC,,2,8,5,,3.1129484500763116,,,
WORKER_RELOC,,2,8,6,,2.1183231968680456,,,
WORKER_RELOC,,2,8,7,,1.5745050204654092,,,
WORKER_RELOC,,2,8,8,,0.0,,,
WORKER_RELOC,,2,8,9,,0.5272248890717229,,,
WORKER_RELOC,,2,8,10,,2.6410537118986586,,,
WORKER_RELOC,,2,8,11,,2.1768536350241443,,,
WORKER_RELOC,,2,9,0,,1.5771128692653458,,,
WORKER_RELOC,,2,9,1,,3.6273101590898156,,,
WORKER_RELOC,,2,9,2,,2.5955665093164244,,,
WORKER_RELOC,,2,9,3,,3.4291279662314658,,,
WORKER_RELOC,,2,9,4,,3.59675554892517,,,
WORKER_RELOC,,2,9,5,,3.72096865061838,,,
WORKER_RELOC,,2,9,6,,3.6073245775085874,,,
WORKER_RELOC,,2,9,7,,3.056241914734695,,,
WORKER_RELOC,,2,9,8,,0.9866131714700448,,,
WORKER_RELOC,,2,9,9,,0.0,,,
WORKER_RELOC,,2,9,10,,1.8815380598468505,,,
WORKER_RELOC,,2,9,11,,1.696865631815769,,,
WORKER_RELOC,,2,10,0,,3.455490890845831,,,
WORKER_RELOC,,2,10,1,,3.5494934295844742,,,
WORKER_RELOC,,2,10,2,,3.6808244640473444,,,
WORKER_RELOC,,2,10,3,,3.3694039294704137,,,
WORKER_RELOC,,2,10,4,,2.5547869507272596,,,
WORKER_RELOC,,2,10,5,,3.218524550303551,,,
WORKER_RELOC,,2,10,6,,3.077249188845134,,,
WORKER_RELOC,,2,10,7,,2.74982357065713,,,
WORKER_RELOC,,2,10,8,,3.1214913179269934,,,
WORKER_RELOC,,2,10,9,,2.839695674618129,,,
WORKER_RELOC,,2,10,10,,0.0,,,
WORKER_RELOC,,2,10,11,,3.186184408081494,,,
WORKER_RELOC,,2,11,0,,3.5464818069023067,,,
WORKER_RELOC,,2,11,1,,3.8268874858634945,,,
WORKER_RELOC,,2,11,2,,2.8373209947931306,,,
WORKER_RELOC,,2,11,3,,1.859394905669832,,,
WORKER_RELOC,,2,11,4,,1.5507196628598434,,,
WORKER_RELOC,,2,11,5,,2.0287148130447825,,,
WORKER_RELOC,,2,11,6,,2.0924620944706476,,,
WORKER_RELOC,,2,11,7,,3.757231238029845,,,
WORKER_RELOC,,2,11,8,,2.293304871651203,,,
WORKER_RELOC,,2,11,9,,2.198040009583605,,,
WORKER_RELOC,,2,11,10,,3.2177318479361237,,,
WORKER_RELOC,,2,11,11,,0.0,,,
WORKER_RELOC,,3,0,0,,0.0,,,
WORKER_RELOC,,3,0,1,,3.3015985603226596,,,
WORKER_RELOC,,3,0,2,,3.9022271619071303,,,
WORKER_RELOC,,3,0,3,,2.9417333222320785,,,
WORKER_RELOC,,3,0,4,,3.4515053853462656,,,
WORKER_RELOC,,3,0,5,,3.9802491891073357,,,
WORKER_RELOC,,3,0,6,,1.6838133131925814,,,
WORKER_RELOC,,3,0,7,,1.7881195326283321,,,
WORKER_RELOC,,3,0,8,,2.5484473993364762,,,
WORKER_RELOC,,3,0,9,,2.5771186066810134,,,
WORKER_RELOC,,3,0,10,,3.2697011518733063,,,
WORKER_RELOC,,3,0,11,,2.0462337251213505,,,
WORKER_RELOC,,3,1,0,,1.5482225835673322,,,
WORKER_RELOC,,3,1,1,,0.0,,,
WORKER_RELOC,,3,1,2,,0.7675642808708492,,,
WORKER_RELOC,,3,1,3,,3.365908801736459,,,
WORKER_RELOC,,3,1,4,,3.1216835437334343,,,
WORKER_RELOC,,3,1,5,,3.186821155153492,,,
WORKER_RELOC,,3,1,6,,1.9701918963016478,,,
WORKER_RELOC,,3,1,7,,2.8725461813395112,,,
WORKER_RELOC,,3,1,8,,3.5505300962062836,,,
WORKER_RELOC,,3,1,9,,3.6378091676604405,,,
WORKER_RELOC,,3,1,10,,2.2456657336402728,,,
WORKER_RELOC,,3,1,11,,1.986042612005845,,,
WORKER_RELOC,,3,2,0,,1.99398640177157,,,
WORKER_RELOC,,3,2,1,,0.8645933853071062,,,
WORKER_RELOC,,3,2,2,,0.0,,,
WORKER_RELOC,,3,2,3,,3.6484601075636247,,,
WORKER_RELOC,,3,2,4,,2.1427276478862405,,,
WORKER_RELOC,,3,2,5,,3.4940096884540504,,,
WORKER_RELOC,,3,2,6,,2.888380367277493,,,
WORKER_RELOC,,3,2,7,,3.1184277854546347,,,
WORKER_RELOC,,3,2,8,,1.788948555324005,,,
WORKER_RELOC,,3,2,9,,3.8276671298054272,,,
WORKER_RELOC,,3,2,10,,2.4279885396251544,,,
WORKER_RELOC,,3,2,11,,3.2209143313101345,,,
WORKER_RELOC,,3,3,0,,3.033414098319344,,,
WORKER_RELOC,,3,3,1,,2.023874095690464,,,
WORKER_RELOC,,3,3,2,,3.324237339098387,,,
WORKER_RELOC,,3,3,3,,0.0,,,
WORKER_RELOC,,3,3,4,,2.5274362454825092,,,
WORKER_RELOC,,3,3,5,,1.6558950069901843,,,
WORKER_RELOC,,3,3,6,,3.109862486064181,,,
WORKER_RELOC,,3,3,7,,3.450609898242363,,,
WORKER_RELOC,,3,3,8,,2.9473007772273716,,,
WORKER_RELOC,,3,3,9,,3.3997812003924097,,,
WORKER_RELOC,,3,3,10,,1.6361514544131157,,,
WORKER_RELOC,,3,3,11,,2.3930536748404476,,,
WORKER_RELOC,,3,4,0,,2.4479724980347983,,,
WORKER_RELOC,,3,4,1,,1.952439129484816,,,
WORKER_RELOC,,3,4,2,,2.2414293063579143,,,
WORKER_RELOC,,3,4,3,,2.9920733126067285,,,
WORKER_RELOC,,3,4,4,,0.0,,,
WORKER_RELOC,,3,4,5,,0.549308419781426,,,
WORKER_RELOC,,3,4,6,,2.4865378872627737,,,
WORKER_RELOC,,3,4,7,,2.384584332570666,,,
WORKER_RELOC,,3,4,8,,1.5899033934749673,,,
WORKER_RELOC,,3,4,9,,3.1753789088695608,,,
WORKER_RELOC,,3,4,10,,2.702304664139382,,,
WORKER_RELOC,,3,4,11,,2.907724811073816,,,
WORKER_RELOC,,3,5,0,,2.505200396189295,,,
WORKER_RELOC,,3,5,1,,3.2061267557700734,,,
WORKER_RELOC,,3,5,2,,3.6063933223988363,,,
WORKER_RELOC,,3,5,3,,3.868662142570715,,,
WORKER_RELOC,,3,5,4,,1.2769025423195104,,,
WORKER_RELOC,,3,5,5,,0.0,,,
WORKER_RELOC,,3,5,6,,1.5443539074836854,,,
WORKER_RELOC,,3,5,7,,3.0668495715003874,,,
WORKER_RELOC,,3,5,8,,3.5836897780838446,,,
WORKER_RELOC,,3,5,9,,3.03978359267445,,,
WORKER_RELOC,,3,5,10,,2.2980694650759013,,,
WORKER_RELOC,,3,5,11,,2.709892896345533,,,
WORKER_RELOC,,3,6,0,,2.1018177019751487,,,
WORKER_RELOC,,3,6,1,,2.2190642298585814,,,
WORKER_RELOC,,3,6,2,,3.7702887806054104,,,
WORKER_RELOC,,3,6,3,,1.7027618251496202,,,
WORKER_RELOC,,3,6,4,,1.8951884207713778,,,
WORKER_RELOC,,3,6,5,,3.2311252890705875,,,
WORKER_RELOC,,3,6,6,,0.0,,,
WORKER_RELOC,,3,6,7,,1.0430630448566243,,,
WORKER_RELOC,,3,6,8,,3.208393122965922,,,
WORKER_RELOC,,3,6,9,,2.096949858785343,,,
WORKER_RELOC,,3,6,10,,2.2831137145615936,,,
WORKER_RELOC,,3,6,11,,2.0326783021248316,,,
WORKER_RELOC,,3,7,0,,2.7377014800017543,,,
WORKER_RELOC,,3,7,1,,3.675077661410153,,,
WORKER_RELOC,,3,7,2,,3.0356759558484794,,,
WORKER_RELOC,,3,7,3,,1.516633211151653,,,
WORKER_RELOC,,3,7,4,,1.7819148858296603,,,
WORKER_RELOC,,3,7,5,,2.246227505628367,,,
WORKER_RELOC,,3,7,6,,0.9879442137315548,,,
WORKER_RELOC,,3,7,7,,0.0,,,
WORKER_RELOC,,3,7,8,,1.544228381433514,,,
WORKER_RELOC,,3,7,9,,2.1392154003236037,,,
WORKER_RELOC,,3,7,10,,3.7857746313504235,,,
WORKER_RELOC,,3,7,11,,3.4389301722286256,,,
WORKER_RELOC,,3,8,0,,1.5213440377879146,,,
WORKER_RELOC,,3,8,1,,2.5708644711622464,,,
WORKER_RELOC,,3,8,2,,2.2666558049662564,,,
WORKER_RELOC,,3,8,3,,3.786977573215003,,,
WORKER_RELOC,,3,8,4,,3.585751161027119,,,
WORKER_RELOC,,3,8,5,,3.2329986260945605,,,
WORKER_RELOC,,3,8,6,,2.2439866206860075,,,
WORKER_RELOC,,3,8,7,,3.1784432663029225,,,
WORKER_RELOC,,3,8,8,,0.0,,,
WORKER_RELOC,,3,8,9,,0.7576545721741212,,,
WORKER_RELOC,,3,8,10,,2.4669675618280413,,,
WORKER_RELOC,,3,8,11,,3.254156371529659,,,
WORKER_RELOC,,3,9,0,,3.6553799648766208,,,
WORKER_RELOC,,3,9,1,,3.4666772296511628,,,
WORKER_RELOC,,3,9,2,,2.0618295533131956,,,
WORKER_RELOC,,3,9,3,,3.667122164344258,,,
WORKER_RELOC,,3,9,4,,3.9805788664639477,,,
WORKER_RELOC,,3,9,5,,3.5905833437101737,,,
WORKER_RELOC,,3,9,6,,1.5452836827996415,,,
WORKER_RELOC,,3,9,7,,1.6796196477259944,,,
WORKER_RELOC,,3,9,8,,0.7251631831058818,,,
WORKER_RELOC,,3,9,9,,0.0,,,
WORKER_RELOC,,3,9,10,,3.765660965135478,,,
WORKER_RELOC,,3,9,11,,2.489432867207542,,,
WORKER_RELOC,,3,10,0,,3.3000668323049656,,,
WORKER_RELOC,,3,10,1,,2.827293010664036,,,
WORKER_RELOC,,3,10,2,,2.4401617802200457,,,
WORKER_RELOC,,3,10,3,,3.205760825072411,,,
WORKER_RELOC,,3,10,4,,2.925372243641021,,,
WORKER_RELOC,,3,10,5,,1.896306018484554,,,
WORKER_RELOC,,3,10,6,,2.151895527763586,,,
WORKER_RELOC,,3,10,7,,1.525937061512642,,,
WORKER_RELOC,,3,10,8,,1.8090347083019542,,,
WORKER_RELOC,,3,10,9,,3.4866231125866163,,,
WORKER_RELOC,,3,10,10,,0.0,,,
WORKER_RELOC,,3,10,11,,2.3709087705408183,,,
WORKER_RELOC,,3,11,0,,1.5123375547667672,,,
WORKER_RELOC,,3,11,1,,3.7754364396355378,,,
WORKER_RELOC,,3,11,2,,3.921467250189331,,,
WORKER_RELOC,,3,11,3,,2.049725196986686,,,
WORKER_RELOC,,3,11,4,,2.2367269687457525,,,
WORKER_RELOC,,3,11,5,,2.8553753845744088,,,
WORKER_RELOC,,3,11,6,,3.1722512162895953,,,
WORKER_RELOC,,3,11,7,,3.5960178442092094,,,
WORKER_RELOC,,3,11,8,,2.2624211247775863,,,
WORKER_RELOC,,3,11,9,,2.692352438384645,,,
WORKER_RELOC,,3,11,10,,1.8018900513463199,,,
WORKER_RELOC,,3,11,11,,0.0,,,
WORKER_RELOC,,4,0,0,,0.0,,,
WORKER_RELOC,,4,0,1,,3.0213068671000554,,,
WORKER_RELOC,,4,0,2,,2.2703274832708304,,,
WORKER_RELOC,,4,0,3,,1.721232276563874,,,
WORKER_RELOC,,4,0,4,,3.3310998090789887,,,
WORKER_RELOC,,4,0,5,,3.933098644603349,,,
WORKER_RELOC,,4,0,6,,3.9119840363131435,,,
WORKER_RELOC,,4,0,7,,2.927501692125257,,,
WORKER_RELOC,,4,0,8,,3.93238697922928,,,
WORKER_RELOC,,4,0,9,,3.4821569684824505,,,
WORKER_RELOC,,4,0,10,,2.7547399571440288,,,
WORKER_RELOC,,4,0,11,,2.1574952360746678,,,
WORKER_RELOC,,4,1,0,,1.6754099920994487,,,
WORKER_RELOC,,4,1,1,,0.0,,,
WORKER_RELOC,,4,1,2,,1.2831430588796513,,,
WORKER_RELOC,,4,1,3,,2.291999509328916,,,
WORKER_RELOC,,4,1,4,,1.6288744792030803,,,
WORKER_RELOC,,4,1,5,,2.6495128833438946,,,
WORKER_RELOC,,4,1,6,,1.85149646331868,,,
WORKER_RELOC,,4,1,7,,3.728476472518009,,,
WORKER_RELOC,,4,1,8,,3.55461974878899,,,
WORKER_RELOC,,4,1,9,,3.8611940217583545,,,
WORKER_RELOC,,4,1,10,,2.81792636196725,,,
WORKER_RELOC,,4,1,11,,1.8093486871177702,,,
WORKER_RELOC,,4,2,0,,1.909973547365323,,,
WORKER_RELOC,,4,2,1,,1.1788175749911514,,,
WORKER_RELOC,,4,2,2,,0.0,,,
WORKER_RELOC,,4,2,3,,2.803462703561611,,,
WORKER_RELOC,,4,2,4,,2.079145154893479,,,
WORKER_RELOC,,4,2,5,,2.1931010104920787,,,
WORKER_RELOC,,4,2,6,,2.0805985230608766,,,
WORKER_RELOC,,4,2,7,,1.6862935157254133,,,
WORKER_RELOC,,4,2,8,,3.5727368155733057,,,
WORKER_RELOC,,4,2,9,,3.7963026419703474,,,
WORKER_RELOC,,4,2,10,,1.6365668856725901,,,
WORKER_RELOC,,4,2,11,,3.256173837016719,,,
WORKER_RELOC,,4,3,0,,3.495948641106534,,,
WORKER_RELOC,,4,3,1,,1.9200032840758743,,,
WORKER_RELOC,,4,3,2,,1.8619304087751276,,,
WORKER_RELOC,,4,3,3,,0.0,,,
WORKER_RELOC,,4,3,4,,2.0673740730221066,,,
WORKER_RELOC,,4,3,5,,2.5254874826390354,,,
WORKER_RELOC,,4,3,6,,3.19837442965728,,,
WORKER_RELOC,,4,3,7,,2.4932637496873795,,,
WORKER_RELOC,,4,3,8,,1.695738007951263,,,
WORKER_RELOC,,4,3,9,,1.872484143148252,,,
WORKER_RELOC,,4,3,10,,3.992856287218289,,,
WORKER_RELOC,,4,3,11,,3.6048972646282387,,,
WORKER_RELOC,,4,4,0,,3.281923941692735,,,
WORKER_RELOC,,4,4,1,,1.941270813238384,,,
WORKER_RELOC,,4,4,2,,1.527048158126537,,,
WORKER_RELOC,,4,4,3,,2.7512915903457724,,,
WORKER_RELOC,,4,4,4,,0.0,,,
WORKER_RELOC,,4,4,5,,0.88654584197581,,,
WORKER_RELOC,,4,4,6,,1.7725955645349567,,,
WORKER_RELOC,,4,4,7,,1.7049946659007227,,,
WORKER_RELOC,,4,4,8,,2.0935731449010695,,,
WORKER_RELOC,,4,4,9,,3.95247877664092,,,
WORKER_RELOC,,4,4,10,,3.5641985189051324,,,
WORKER_RELOC,,4,4,11,,2.0746020881216873,,,
WORKER_RELOC,,4,5,0,,1.5892549914110288,,,
WORKER_RELOC,,4,5,1,,3.414682807059707,,,
WORKER_RELOC,,4,5,2,,3.7220330973984996,,,
WORKER_RELOC,,4,5,3,,3.1451376294916518,,,
WORKER_RELOC,,4,5,4,,0.7051800663470159,,,
WORKER_RELOC,,4,5,5,,0.0,,,
WORKER_RELOC,,4,5,6,,2.5157510148584965,,,
WORKER_RELOC,,4,5,7,,3.4616636184742875,,,
WORKER_RELOC,,4,5,8,,3.069050243931993,,,
WORKER_RELOC,,4,5,9,,1.501011459000296,,,
WORKER_RELOC,,4,5,10,,2.0985202220248858,,,
WORKER_RELOC,,4,5,11,,2.407929391330314,,,
WORKER_RELOC,,4,6,0,,2.401093643321719,,,
WORKER_RELOC,,4,6,1,,2.125013130617165,,,
WORKER_RELOC,,4,6,2,,2.986094990304794,,,
WORKER_RELOC,,4,6,3,,2.7064752967929424,,,
WORKER_RELOC,,4,6,4,,2.242040333384918,,,
WORKER_RELOC,,4,6,5,,1.8739420427330522,,,
WORKER_RELOC,,4,6,6,,0.0,,,
WORKER_RELOC,,4,6,7,,0.7851258214353544,,,
WORKER_RELOC,,4,6,8,,3.4103328497484973,,,
WORKER_RELOC,,4,6,9,,3.8400544826060394,,,
WORKER_RELOC,,4,6,10,,2.932811604025533,,,
WORKER_RELOC,,4,6,11,,2.2790843097940208,,,
WORKER_RELOC,,4,7,0,,1.9395534866142432,,,
WORKER_RELOC,,4,7,1,,3.163151972236272,,,
WORKER_RELOC,,4,7,2,,2.517941219619529,,,
WORKER_RELOC,,4,7,3,,2.8193643104167214,,,
WORKER_RELOC,,4,7,4,,3.967605073047196,,,
WORKER_RELOC,,4,7,5,,1.7438206828719038,,,
WORKER_RELOC,,4,7,6,,1.223370345442146,,,
WORKER_RELOC,,4,7,7,,0.0,,,
WORKER_RELOC,,4,7,8,,2.53142669728598,,,
WORKER_RELOC,,4,7,9,,1.8726126417536593,,,
WORKER_RELOC,,4,7,10,,2.9321912359366498,,,
WORKER_RELOC,,4,7,11,,3.8336836892699577,,,
WORKER_RELOC,,4,8,0,,3.270171255136506,,,
WORKER_RELOC,,4,8,1,,2.6703276753476266,,,
WORKER_RELOC,,4,8,2,,3.2519182148202743,,,
WORKER_RELOC,,4,8,3,,3.0572401335868618,,,
WORKER_RELOC,,4,8,4,,2.7780519707653846,,,
WORKER_RELOC,,4,8,5,,1.7281756459420345,,,
WORKER_RELOC,,4,8,6,,2.1677740522623385,,,
WORKER_RELOC,,4,8,7,,1.9563056311413471,,,
WORKER_RELOC,,4,8,8,,0.0,,,
WORKER_RELOC,,4,8,9,,0.5722897875661926,,,
WORKER_RELOC,,4,8,10,,3.467441810263756,,,
WORKER_RELOC,,4,8,11,,2.551112203205438,,,
WORKER_RELOC,,4,9,0,,3.8467626828418884,,,
WORKER_RELOC,,4,9,1,,2.528653372176708,,,
WORKER_RELOC,,4,9,2,,2.359213996536269,,,
WORKER_RELOC,,4,9,3,,2.9672651407479815,,,
WORKER_RELOC,,4,9,4,,2.5591066628279178,,,
WORKER_RELOC,,4,9,5,,3.182730486124484,,,
WORKER_RELOC,,4,9,6,,2.241442539016638,,,
WORKER_RELOC,,4,9,7,,1.5042775835101057,,,
WORKER_RELOC,,4,9,8,,0.5424307403085034,,,
WORKER_RELOC,,4,9,9,,0.0,,,
WORKER_RELOC,,4,9,10,,3.487144842397738,,,
WORKER_RELOC,,4,9,11,,2.6311008769662174,,,
WORKER_RELOC,,4,10,0,,1.9539798133806268,,,
WORKER_RELOC,,4,10,1,,2.7089633048362307,,,
WORKER_RELOC,,4,10,2,,1.8954199243656922,,,
WORKER_RELOC,,4,10,3,,3.6665082070763106,,,
WORKER_RELOC,,4,10,4,,2.538649204444905,,,
WORKER_RELOC,,4,10,5,,2.919748136089332,,,
WORKER_RELOC,,4,10,6,,2.8561106451884997,,,
WORKER_RELOC,,4,10,7,,3.77857728830619,,,
WORKER_RELOC,,4,10,8,,3.126847837770656,,,
WORKER_RELOC,,4,10,9,,2.267201355188461,,,
WORKER_RELOC,,4,10,10,,0.0,,,
WORKER_RELOC,,4,10,11,,3.445323152229223,,,
WORKER_RELOC,,4,11,0,,2.7362258078794737,,,
WORKER_RELOC,,4,11,1,,3.4234424092924587,,,
WORKER_RELOC,,4,11,2,,2.8396940659762815,,,
WORKER_RELOC,,4,11,3,,2.940666116350031,,,
WORKER_RELOC,,4,11,4,,1.8630334250671787,,,
WORKER_RELOC,,4,11,5,,3.768458354751997,,,
WORKER_RELOC,,4,11,6,,2.90329157847491,,,
WORKER_RELOC,,4,11,7,,2.8293714196975683,,,
WORKER_RELOC,,4,11,8,,3.0256485777492843,,,
WORKER_RELOC,,4,11,9,,3.3095658130669134,,,
WORKER_RELOC,,4,11,10,,2.715628811278071,,,
WORKER_RELOC,,4,11,11,,0.0,,,
WORKER_RELOC,,5,0,0,,0.0,,,
WORKER_RELOC,,5,0,1,,2.522966537536062,,,
WORKER_RELOC,,5,0,2,,2.598674283289533,,,
WORKER_RELOC,,5,0,3,,2.902888716080614,,,
WORKER_RELOC,,5,0,4,,3.326687803318849,,,
WORKER_RELOC,,5,0,5,,1.9154702777490886,,,
WORKER_RELOC,,5,0,6,,3.2507823266992104,,,
WORKER_RELOC,,5,0,7,,2.0538897412878656,,,
WORKER_RELOC,,5,0,8,,2.1059192328812713,,,
WORKER_RELOC,,5,0,9,,3.010316940121418,,,
WORKER_RELOC,,5,0,10,,1.9999284589426547,,,
WORKER_RELOC,,5,0,11,,2.5097434513038936,,,
WORKER_RELOC,,5,1,0,,2.56054150984379,,,
WORKER_RELOC,,5,1,1,,0.0,,,
WORKER_RELOC,,5,1,2,,0.8088823420863047,,,
WORKER_RELOC,,5,1,3,,3.859681933517826,,,
WORKER_RELOC,,5,1,4,,2.4042842805941103,,,
WORKER_RELOC,,5,1,5,,3.157046170068916,,,
WORKER_RELOC,,5,1,6,,1.6975824431346775,,,
WORKER_RELOC,,5,1,7,,3.9328117795462583,,,
WORKER_RELOC,,5,1,8,,3.0292055521663483,,,
WORKER_RELOC,,5,1,9,,2.6920250409383835,,,
WORKER_RELOC,,5,1,10,,3.174575795690582,,,
WORKER_RELOC,,5,1,11,,3.6318045797238288,,,
WORKER_RELOC,,5,2,0,,2.7836585035915467,,,
WORKER_RELOC,,5,2,1,,1.2449974405454365,,,
WORKER_RELOC,,5,2,2,,0.0,,,
WORKER_RELOC,,5,2,3,,3.532575371939463,,,
WORKER_RELOC,,5,2,4,,2.2697248445180316,,,
WORKER_RELOC,,5,2,5,,3.174298234766968,,,
WORKER_RELOC,,5,2,6,,2.0353130698193356,,,
WORKER_RELOC,,5,2,7,,1.5614750718101467,,,
WORKER_RELOC,,5,2,8,,3.5710783539553885,,,
WORKER_RELOC,,5,2,9,,3.4289612415502018,,,
WORKER_RELOC,,5,2,10,,2.6931715608198523,,,
WORKER_RELOC,,5,2,11,,2.872976472647403,,,
WORKER_RELOC,,5,3,0,,3.367474930635802,,,
WORKER_RELOC,,5,3,1,,3.4633103012139363,,,
WORKER_RELOC,,5,3,2,,3.3555807520623246,,,
WORKER_RELOC,,5,3,3,,0.0,,,
WORKER_RELOC,,5,3,4,,3.750790813838704,,,
WORKER_RELOC,,5,3,5,,3.1079294073400714,,,
WORKER_RELOC,,5,3,6,,3.730725669252273,,,
WORKER_RELOC,,5,3,7,,3.4911719540568455,,,
WORKER_RELOC,,5,3,8,,3.3780244950674003,,,
WORKER_RELOC,,5,3,9,,3.4428380049845146,,,
WORKER_RELOC,,5,3,10,,3.1441035430775184,,,
WORKER_RELOC,,5,3,11,,2.7545286822696164,,,
WORKER_RELOC,,5,4,0,,3.8207463633296204,,,
WORKER_RELOC,,5,4,1,,3.9312094466856458,,,
WORKER_RELOC,,5,4,2,,3.5003179729971823,,,
WORKER_RELOC,,5,4,3,,2.4835792567685195,,,
WORKER_RELOC,,5,4,4,,0.0,,,
WORKER_RELOC,,5,4,5,,0.7213269182305683,,,
WORKER_RELOC,,5,4,6,,2.2256221239971516,,,
WORKER_RELOC,,5,4,7,,2.8535165510858223,,,
WORKER_RELOC,,5,4,8,,2.803761381760973,,,
WORKER_RELOC,,5,4,9,,3.2175051770855543,,,
WORKER_RELOC,,5,4,10,,3.852227800604734,,,
WORKER_RELOC,,5,4,11,,3.345332459151024,,,
WORKER_RELOC,,5,5,0,,1.5552141954857945,,,
WORKER_RELOC,,5,5,1,,3.183627964325497,,,
WORKER_RELOC,,5,5,2,,2.7237381202155464,,,
WORKER_RELOC,,5,5,3,,2.5779293472236495,,,
WORKER_RELOC,,5,5,4,,0.8944965251385244,,,
WORKER_RELOC,,5,5,5,,0.0,,,
WORKER_RELOC,,5,5,6,,2.603989100008683,,,
WORKER_RELOC,,5,5,7,,1.9109718334091117,,,
WORKER_RELOC,,5,5,8,,1.5579264843477576,,,
WORKER_RELOC,,5,5,9,,2.7683768662717645,,,
WORKER_RELOC,,5,5,10,,2.3922794026513947,,,
WORKER_RELOC,,5,5,11,,3.5411457496776246,,,
WORKER_RELOC,,5,6,0,,1.923484279159666,,,
WORKER_RELOC,,5,6,1,,1.920419108307978,,,
WORKER_RELOC,,5,6,2,,3.5865603924202896,,,
WORKER_RELOC,,5,6,3,,3.826776723469351,,,
WORKER_RELOC,,5,6,4,,3.6216552923011935,,,
WORKER_RELOC,,5,6,5,,2.404378439206709,,,
WORKER_RELOC,,5,6,6,,0.0,,,
WORKER_RELOC,,5,6,7,,1.3696943423948502,,,
WORKER_RELOC,,5,6,8,,2.0106151208147582,,,
WORKER_RELOC,,5,6,9,,3.788267649932991,,,
WORKER_RELOC,,5,6,10,,3.5344265065575846,,,
WORKER_RELOC,,5,6,11,,2.6582161220730347,,,
WORKER_RELOC,,5,7,0,,3.453142594706205,,,
WORKER_RELOC,,5,7,1,,3.8104661084425486,,,
WORKER_RELOC,,5,7,2,,1.7179937458988144,,,
WORKER_RELOC,,5,7,3,,3.5059221251133854,,,
WORKER_RELOC,,5,7,4,,3.075669999253333,,,
WORKER_RELOC,,5,7,5,,3.383857926414785,,,
WORKER_RELOC,,5,7,6,,0.5627992260143104,,,
WORKER_RELOC,,5,7,7,,0.0,,,
WORKER_RELOC,,5,7,8,,2.5506465305749897,,,
WORKER_RELOC,,5,7,9,,3.132677622700006,,,
WORKER_RELOC,,5,7,10,,3.8314936609289214,,,
WORKER_RELOC,,5,7,11,,1.8287124056726913,,,
WORKER_RELOC,,5,8,0,,1.5867398916691773,,,
WORKER_RELOC,,5,8,1,,2.090151042412332,,,
WORKER_RELOC,,5,8,2,,3.788315598839839,,,
WORKER_RELOC,,5,8,3,,3.992180484588606,,,
WORKER_RELOC,,5,8,4,,1.546876069343444,,,
WORKER_RELOC,,5,8,5,,2.3668315004980918,,,
WORKER_RELOC,,5,8,6,,3.6019134241073854,,,
WORKER_RELOC,,5,8,7,,2.35932389477816,,,
WORKER_RELOC,,5,8,8,,0.0,,,
WORKER_RELOC,,5,8,9,,0.5461949554146286,,,
WORKER_RELOC,,5,8,10,,2.8584192309653766,,,
WORKER_RELOC,,5,8,11,,2.0641009209232415,,,
WORKER_RELOC,,5,9,0,,3.8191332626731094,,,
WORKER_RELOC,,5,9,1,,2.3097245402687925,,,
WORKER_RELOC,,5,9,2,,1.9379548549362664,,,
WORKER_RELOC,,5,9,3,,3.7821339026585137,,,
WORKER_RELOC,,5,9,4,,2.4950907266780646,,,
WORKER_RELOC,,5,9,5,,3.701275111661796,,,
WORKER_RELOC,,5,9,6,,2.0579191759207784,,,
WORKER_RELOC,,5,9,7,,3.6744610854997646,,,
WORKER_RELOC,,5,9,8,,0.7320048614342318,,,
WORKER_RELOC,,5,9,9,,0.0,,,
WORKER_RELOC,,5,9,10,,3.7468299975424695,,,
WORKER_RELOC,,5,9,11,,3.298157868794051,,,
WORKER_RELOC,,5,10,0,,3.336944442653042,,,
WORKER_RELOC,,5,10,1,,1.650131905658479,,,
WORKER_RELOC,,5,10,2,,2.0062490043554124,,,
WORKER_RELOC,,5,10,3,,2.256279796751072,,,
WORKER_RELOC,,5,10,4,,3.871369475476091,,,
WORKER_RELOC,,5,10,5,,3.8528205237744944,,,
WORKER_RELOC,,5,10,6,,3.935483980455386,,,
WORKER_RELOC,,5,10,7,,2.5368473620519083,,,
WORKER_RELOC,,5,10,8,,2.1736702080340553,,,
WORKER_RELOC,,5,10,9,,3.9980790807921354,,,
WORKER_RELOC,,5,10,10,,0.0,,,
WORKER_RELOC,,5,10,11,,2.973686138353701,,,
WORKER_RELOC,,5,11,0,,3.7188368264276006,,,
WORKER_RELOC,,5,11,1,,3.9115800578918485,,,
WORKER_RELOC,,5,11,2,,1.875865983854132,,,
WORKER_RELOC,,5,11,3,,3.138402686053144,,,
WORKER_RELOC,,5,11,4,,3.247890523064317,,,
WORKER_RELOC,,5,11,5,,3.9147582659122406,,,
WORKER_RELOC,,5,11,6,,2.2342985488264278,,,
WORKER_RELOC,,5,11,7,,1.6550758512817412,,,
WORKER_RELOC,,5,11,8,,1.68527137400321,,,
WORKER_RELOC,,5,11,9,,3.4884092947770107,,,
WORKER_RELOC,,5,11,10,,3.812197762803548,,,
WORKER_RELOC,,5,11,11,,0.0,,,
WORKER_RELOC,,6,0,0,,0.0,,,
WORKER_RELOC,,6,0,1,,3.9600722877931522,,,
WORKER_RELOC,,6,0,2,,3.4197589723283848,,,
WORKER_RELOC,,6,0,3,,2.4748505217790413,,,
WORKER_RELOC,,6,0,4,,2.4486984307560324,,,
WORKER_RELOC,,6,0,5,,3.981611141399464,,,
WORKER_RELOC,,6,0,6,,3.8986515467243956,,,
WORKER_RELOC,,6,0,7,,3.896287224462888,,,
WORKER_RELOC,,6,0,8,,1.969215662420891,,,
WORKER_RELOC,,6,0,9,,2.0548326168729885,,,
WORKER_RELOC,,6,0,10,,1.900547414950172,,,
WORKER_RELOC,,6,0,11,,2.4384167405053185,,,
WORKER_RELOC,,6,1,0,,2.059428605224411,,,
WORKER_RELOC,,6,1,1,,0.0,,,
WORKER_RELOC,,6,1,2,,1.0314986912899444,,,
WORKER_RELOC,,6,1,3,,2.855901127279969,,,
WORKER_RELOC,,6,1,4,,3.5733556925532404,,,
WORKER_RELOC,,6,1,5,,1.8305415856156229,,,
WORKER_RELOC,,6,1,6,,2.804270787486031,,,
WORKER_RELOC,,6,1,7,,3.99943121979542,,,
WORKER_RELOC,,6,1,8,,2.1826057601999596,,,
WORKER_RELOC,,6,1,9,,3.76196068561173,,,
WORKER_RELOC,,6,1,10,,3.922636812641075,,,
WORKER_RELOC,,6,1,11,,3.128677270473146,,,
WORKER_RELOC,,6,2,0,,3.384644540612033,,,
WORKER_RELOC,,6,2,1,,0.9090247327769946,,,
WORKER_RELOC,,6,2,2,,0.0,,,
WORKER_RELOC,,6,2,3,,2.198563941338635,,,
WORKER_RELOC,,6,2,4,,1.9611349509618696,,,
WORKER_RELOC,,6,2,5,,3.6461031716739627,,,
WORKER_RELOC,,6,2,6,,3.4122003977371076,,,
WORKER_RELOC,,6,2,7,,3.613986608659043,,,
WORKER_RELOC,,6,2,8,,1.745948857366369,,,
WORKER_RELOC,,6,2,9,,3.5266050699812808,,,
WORKER_RELOC,,6,2,10,,1.5928629509125796,,,
WORKER_RELOC,,6,2,11,,3.8265941741223743,,,
WORKER_RELOC,,6,3,0,,2.6502375232370543,,,
WORKER_RELOC,,6,3,1,,1.7955361590946513,,,
WORKER_RELOC,,6,3,2,,2.253514151461677,,,
WORKER_RELOC,,6,3,3,,0.0,,,
WORKER_RELOC,,6,3,4,,2.589506027769131,,,
WORKER_RELOC,,6,3,5,,1.9008159123445465,,,
WORKER_RELOC,,6,3,6,,2.9674830044794636,,,
WORKER_RELOC,,6,3,7,,2.9387461037158746,,,
WORKER_RELOC,,6,3,8,,2.4463718691571463,,,
WORKER_RELOC,,6,3,9,,2.1771589741409247,,,
WORKER_RELOC,,6,3,10,,3.132115790964934,,,
WORKER_RELOC,,6,3,11,,1.5029485211599298,,,
WORKER_RELOC,,6,4,0,,2.930162664935245,,,
WORKER_RELOC,,6,4,1,,3.973593627782157,,,
WORKER_RELOC,,6,4,2,,2.3923760395230538,,,
WORKER_RELOC,,6,4,3,,3.499627522558213,,,
WORKER_RELOC,,6,4,4,,0.0,,,
WORKER_RELOC,,6,4,5,,0.6646135818897626,,,
WORKER_RELOC,,6,4,6,,3.8433529465713834,,,
WORKER_RELOC,,6,4,7,,2.9114817366381356,,,
WORKER_RELOC,,6,4,8,,3.9497947362484878,,,
WORKER_RELOC,,6,4,9,,1.976424541550189,,,
WORKER_RELOC,,6,4,10,,3.2841956231574096,,,
WORKER_RELOC,,6,4,11,,2.9264188926448265,,,
WORKER_RELOC,,6,5,0,,2.440694066506877,,,
WORKER_RELOC,,6,5,1,,3.3186719814841017,,,
WORKER_RELOC,,6,5,2,,3.4350173122869445,,,
WORKER_RELOC,,6,5,3,,2.3074578566240684,,,
WORKER_RELOC,,6,5,4,,1.233972908292794,,,
WORKER_RELOC,,6,5,5,,0.0,,,
WORKER_RELOC,,6,5,6,,3.77506854339819,,,
WORKER_RELOC,,6,5,7,,3.9895703315633675,,,
WORKER_RELOC,,6,5,8,,1.8540318360773334,,,
WORKER_RELOC,,6,5,9,,3.577878512570757,,,
WORKER_RELOC,,6,5,10,,2.127135426692613,,,
WORKER_RELOC,,6,5,11,,2.469002671870933,,,
WORKER_RELOC,,6,6,0,,3.6592417555177854,,,
WORKER_RELOC,,6,6,1,,2.872732234259314,,,
WORKER_RELOC,,6,6,2,,3.3724681815646025,,,
WORKER_RELOC,,6,6,3,,2.117762260568279,,,
WORKER_RELOC,,6,6,4,,3.677226258901065,,,
WORKER_RELOC,,6,6,5,,2.6583920678897224,,,
WORKER_RELOC,,6,6,6,,0.0,,,
WORKER_RELOC,,6,6,7,,0.5778325838271607,,,
WORKER_RELOC,,6,6,8,,2.6112209589237674,,,
WORKER_RELOC,,6,6,9,,2.700572963351177,,,
WORKER_RELOC,,6,6,10,,2.9486186871687305,,,
WORKER_RELOC,,6,6,11,,2.8894092689090938,,,
WORKER_RELOC,,6,7,0,,3.789490923029248,,,
WORKER_RELOC,,6,7,1,,3.6891010739815506,,,
WORKER_RELOC,,6,7,2,,3.6263811298141277,,,
WORKER_RELOC,,6,7,3,,3.6191919237640016,,,
WORKER_RELOC,,6,7,4,,1.9294259522824782,,,
WORKER_RELOC,,6,7,5,,3.637203139396746,,,
WORKER_RELOC,,6,7,6,,0.785209653360203,,,
WORKER_RELOC,,6,7,7,,0.0,,,
WORKER_RELOC,,6,7,8,,2.069645787100644,,,
WORKER_RELOC,,6,7,9,,1.631661729826168,,,
WORKER_RELOC,,6,7,10,,2.9214873520932856,,,
WORKER_RELOC,,6,7,11,,1.9105848173790905,,,
WORKER_RELOC,,6,8,0,,2.445504648429061,,,
WORKER_RELOC,,6,8,1,,2.6579571595153326,,,
WORKER_RELOC,,6,8,2,,1.7939865766339604,,,
WORKER_RELOC,,6,8,3,,1.8548782583464074,,,
WORKER_RELOC,,6,8,4,,3.87750381184639,,,
WORKER_RELOC,,6,8,5,,3.1082969736868646,,,
WORKER_RELOC,,6,8,6,,3.2696030271193903,,,
WORKER_RELOC,,6,8,7,,3.7335475177122763,,,
WORKER_RELOC,,6,8,8,,0.0,,,
WORKER_RELOC,,6,8,9,,0.8629482949274143,,,
WORKER_RELOC,,6,8,10,,3.5107200520889994,,,
WORKER_RELOC,,6,8,11,,1.7183603075916136,,,
WORKER_RELOC,,6,9,0,,2.770808903215493,,,
WORKER_RELOC,,6,9,1,,2.285702040657763,,,
WORKER_RELOC,,6,9,2,,2.1524211192869,,,
WORKER_RELOC,,6,9,3,,1.8597121899209017,,,
WORKER_RELOC,,6,9,4,,3.8167626674082262,,,
WORKER_RELOC,,6,9,5,,2.6768585170597414,,,
WORKER_RELOC,,6,9,6,,2.27948619028696,,,
WORKER_RELOC,,6,9,7,,1.6505396082981219,,,
WORKER_RELOC,,6,9,8,,0.5609459876814742,,,
WORKER_RELOC,,6,9,9,,0.0,,,
WORKER_RELOC,,6,9,10,,1.7784874123876362,,,
WORKER_RELOC,,6,9,11,,3.2817621459387083,,,
WORKER_RELOC,,6,10,0,,3.1250678275679107,,,
WORKER_RELOC,,6,10,1,,1.8330847180553433,,,
WORKER_RELOC,,6,10,2,,3.75050093008868,,,
WORKER_RELOC,,6,10,3,,2.34012665566918,,,
WORKER_RELOC,,6,10,4,,1.7905285175588772,,,
WORKER_RELOC,,6,10,5,,3.054413129391813,,,
WORKER_RELOC,,6,10,6,,1.5535670710308516,,,
WORKER_RELOC,,6,10,7,,1.8852848283155765,,,
WORKER_RELOC,,6,10,8,,3.9737715327527288,,,
WORKER_RELOC,,6,10,9,,2.0498644915792803,,,
WORKER_RELOC,,6,10,10,,0.0,,,
WORKER_RELOC,,6,10,11,,3.59132619768793,,,
WORKER_RELOC,,6,11,0,,2.2985164023270177,,,
WORKER_RELOC,,6,11,1,,2.028911532363293,,,
WORKER_RELOC,,6,11,2,,2.8469244779800613,,,
WORKER_RELOC,,6,11,3,,3.4621761422906925,,,
WORKER_RELOC,,6,11,4,,3.8533746166165277,,,
WORKER_RELOC,,6,11,5,,3.077449874745139,,,
WORKER_RELOC,,6,11,6,,2.602198080270467,,,
WORKER_RELOC,,6,11,7,,2.567511450102815,,,
WORKER_RELOC,,6,11,8,,1.7609759026005847,,,
WORKER_RELOC,,6,11,9,,3.3365370941708705,,,
WORKER_RELOC,,6,11,10,,1.9038147281175357,,,
WORKER_RELOC,,6,11,11,,0.0,,,
WORKER_RELOC,,7,0,0,,0.0,,,
WORKER_RELOC,,7,0,1,,2.500029588690498,,,
WORKER_RELOC,,7,0,2,,2.254836361170029,,,
WORKER_RELOC,,7,0,3,,2.031277958611984,,,
WORKER_RELOC,,7,0,4,,3.803826278231165,,,
WORKER_RELOC,,7,0,5,,3.443489399653139,,,
WORKER_RELOC,,7,0,6,,2.3488006598463844,,,
WORKER_RELOC,,7,0,7,,2.7577491759334207,,,
WORKER_RELOC,,7,0,8,,3.576550300359266,,,
WORKER_RELOC,,7,0,9,,2.677656114355397,,,
WORKER_RELOC,,7,0,10,,2.68344281290209,,,
WORKER_RELOC,,7,0,11,,2.021018878814676,,,
WORKER_RELOC,,7,1,0,,3.082427476313639,,,
WORKER_RELOC,,7,1,1,,0.0,,,
WORKER_RELOC,,7,1,2,,0.9137016352715697,,,
WORKER_RELOC,,7,1,3,,3.9299366517015346,,,
WORKER_RELOC,,7,1,4,,3.907059798853827,,,
WORKER_RELOC,,7,1,5,,3.685005525883213,,,
WORKER_RELOC,,7,1,6,,2.5186601579131778,,,
WORKER_RELOC,,7,1,7,,3.8949859073466486,,,
WORKER_RELOC,,7,1,8,,2.630363779211595,,,
WORKER_RELOC,,7,1,9,,1.8855327487522222,,,
WORKER_RELOC,,7,1,10,,3.1394477589651046,,,
WORKER_RELOC,,7,1,11,,1.5566046605704527,,,
WORKER_RELOC,,7,2,0,,1.6436160377268727,,,
WORKER_RELOC,,7,2,1,,0.7548678790068415,,,
WORKER_RELOC,,7,2,2,,0.0,,,
WORKER_RELOC,,7,2,3,,2.9717694087360633,,,
WORKER_RELOC,,7,2,4,,2.628672011227594,,,
WORKER_RELOC,,7,2,5,,3.26122013873569,,,
WORKER_RELOC,,7,2,6,,1.9600702971717432,,,
WORKER_RELOC,,7,2,7,,2.5517497797757533,,,
WORKER_RELOC,,7,2,8,,2.4788817408708175,,,
WORKER_RELOC,,7,2,9,,3.9793992797704405,,,
WORKER_RELOC,,7,2,10,,2.86506959506376,,,
WORKER_RELOC,,7,2,11,,1.9731696600065918,,,
WORKER_RELOC,,7,3,0,,3.6733528239485347,,,
WORKER_RELOC,,7,3,1,,2.8092908694778735,,,
WORKER_RELOC,,7,3,2,,1.8899410666758298,,,
WORKER_RELOC,,7,3,3,,0.0,,,
WORKER_RELOC,,7,3,4,,2.8124874115132674,,,
WORKER_RELOC,,7,3,5,,3.6608908603469694,,,
WORKER_RELOC,,7,3,6,,3.7514421050856743,,,
WORKER_RELOC,,7,3,7,,1.6121575801629304,,,
WORKER_RELOC,,7,3,8,,2.070901460011562,,,
WORKER_RELOC,,7,3,9,,1.6717979461531591,,,
WORKER_RELOC,,7,3,10,,3.740743397410872,,,
WORKER_RELOC,,7,3,11,,3.735817967513467,,,
WORKER_RELOC,,7,4,0,,2.5916195840267493,,,
WORKER_RELOC,,7,4,1,,2.1766405261986743,,,
WORKER_RELOC,,7,4,2,,1.5614363800345075,,,
WORKER_RELOC,,7,4,3,,2.5203917103667175,,,
WORKER_RELOC,,7,4,4,,0.0,,,
WORKER_RELOC,,7,4,5,,0.8386610734564685,,,
WORKER_RELOC,,7,4,6,,3.8198006769399697,,,
WORKER_RELOC,,7,4,7,,2.143692623731773,,,
WORKER_RELOC,,7,4,8,,3.0938060085001187,,,
WORKER_RELOC,,7,4,9,,3.9558242640642365,,,
WORKER_RELOC,,7,4,10,,2.3995491252453123,,,
WORKER_RELOC,,7,4,11,,2.3340425641630635,,,
WORKER_RELOC,,7,5,0,,3.657353560232099,,,
WORKER_RELOC,,7,5,1,,2.8477833405245776,,,
WORKER_RELOC,,7,5,2,,1.6152892918367363,,,
WORKER_RELOC,,7,5,3,,3.1893103847516056,,,
WORKER_RELOC,,7,5,4,,0.8974651651603638,,,
WORKER_RELOC,,7,5,5,,0.0,,,
WORKER_RELOC,,7,5,6,,3.878928851741663,,,
WORKER_RELOC,,7,5,7,,2.212729579136199,,,
WORKER_RELOC,,7,5,8,,2.1830340055287154,,,
WORKER_RELOC,,7,5,9,,2.2210934452518436,,,
WORKER_RELOC,,7,5,10,,3.5282899473697142,,,
WORKER_RELOC,,7,5,11,,3.15254401249439,,,
WORKER_RELOC,,7,6,0,,3.9310278629631084,,,
WORKER_RELOC,,7,6,1,,3.3096315220853927,,,
WORKER_RELOC,,7,6,2,,2.4136282790890067,,,
WORKER_RELOC,,7,6,3,,3.3425537631716784,,,
WORKER_RELOC,,7,6,4,,2.6143678170031945,,,
WORKER_RELOC,,7,6,5,,2.456415631514189,,,
WORKER_RELOC,,7,6,6,,0.0,,,
WORKER_RELOC,,7,6,7,,1.353755395582004,,,
WORKER_RELOC,,7,6,8,,2.668640977577491,,,
WORKER_RELOC,,7,6,9,,2.699858405905416,,,
WORKER_RELOC,,7,6,10,,2.487577312026966,,,
WORKER_RELOC,,7,6,11,,2.586207343700167,,,
WORKER_RELOC,,7,7,0,,3.406641484725207,,,
WORKER_RELOC,,7,7,1,,1.7981397593229378,,,
WORKER_RELOC,,7,7,2,,3.780095726741009,,,
WORKER_RELOC,,7,7,3,,2.28551913948258,,,
WORKER_RELOC,,7,7,4,,3.1425238985702757,,,
WORKER_RELOC,,7,7,5,,3.0186299242532657,,,
WORKER_RELOC,,7,7,6,,0.9312060636302981,,,
WORKER_RELOC,,7,7,7,,0.0,,,
WORKER_RELOC,,7,7,8,,3.4750666851610257,,,
WORKER_RELOC,,7,7,9,,3.1387236619324606,,,
WORKER_RELOC,,7,7,10,,1.8682821328368944,,,
WORKER_RELOC,,7,7,11,,3.4029793063186236,,,
WORKER_RELOC,,7,8,0,,2.2333047989136174,,,
WORKER_RELOC,,7,8,1,,3.8786063755623603,,,
WORKER_RELOC,,7,8,2,,3.168146198071738,,,
WORKER_RELOC,,7,8,3,,3.861156081010202,,,
WORKER_RELOC,,7,8,4,,3.4930267722239225,,,
WORKER_RELOC,,7,8,5,,2.4287394351793568,,,
WORKER_RELOC,,7,8,6,,3.883967820840855,,,
WORKER_RELOC,,7,8,7,,2.1198909861145987,,,
WORKER_RELOC,,7,8,8,,0.0,,,
WORKER_RELOC,,7,8,9,,1.2893136479287752,,,
WORKER_RELOC,,7,8,10,,3.0433240910356725,,,
WORKER_RELOC,,7,8,11,,1.5118383086859026,,,
WORKER_RELOC,,7,9,0,,3.8500738212177192,,,
WORKER_RELOC,,7,9,1,,2.111412173758759,,,
WORKER_RELOC,,7,9,2,,3.871164507932172,,,
WORKER_RELOC,,7,9,3,,2.034854080368368,,,
WORKER_RELOC,,7,9,4,,2.046373435369324,,,
WORKER_RELOC,,7,9,5,,1.561518418485282,,,
WORKER_RELOC,,7,9,6,,2.1205277778166636,,,
WORKER_RELOC,,7,9,7,,3.9751645028537212,,,
WORKER_RELOC,,7,9,8,,1.0426482040386151,,,
WORKER_RELOC,,7,9,9,,0.0,,,
WORKER_RELOC,,7,9,10,,1.8716708582862693,,,
WORKER_RELOC,,7,9,11,,3.215035394163556,,,
WORKER_RELOC,,7,10,0,,1.7173567149718671,,,
WORKER_RELOC,,7,10,1,,2.5542778093688945,,,
WORKER_RELOC,,7,10,2,,2.2707999785682604,,,
WORKER_RELOC,,7,10,3,,2.8629961278645366,,,
WORKER_RELOC,,7,10,4,,2.679031257353887,,,
WORKER_RELOC,,7,10,5,,3.2570143313889024,,,
WORKER_RELOC,,7,10,6,,2.5723882244501173,,,
WORKER_RELOC,,7,10,7,,2.27809153368779,,,
WORKER_RELOC,,7,10,8,,2.692167754763642,,,
WORKER_RELOC,,7,10,9,,1.6665653437887333,,,
WORKER_RELOC,,7,10,10,,0.0,,,
WORKER_RELOC,,7,10,11,,1.8771629570375667,,,
WORKER_RELOC,,7,11,0,,2.9008286645950423,,,
WORKER_RELOC,,7,11,1,,3.97127399029812,,,
WORKER_RELOC,,7,11,2,,1.5446042059703786,,,
WORKER_RELOC,,7,11,3,,2.8344283449275145,,,
WORKER_RELOC,,7,11,4,,3.0262902921507484,,,
WORKER_RELOC,,7,11,5,,3.3330220911155295,,,
WORKER_RELOC,,7,11,6,,2.0190485974051615,,,
WORKER_RELOC,,7,11,7,,3.8045733648940754,,,
WORKER_RELOC,,7,11,8,,3.6173351237398994,,,
WORKER_RELOC,,7,11,9,,1.901808731829729,,,
WORKER_RELOC,,7,11,10,,3.3657787758719704,,,
WORKER_RELOC,,7,11,11,,0.0,,,
ROBOT_RELOC,,0,0,0,,0.0,,,
ROBOT_RELOC,,0,0,1,,1.7137826378977616,,,
ROBOT_RELOC,,0,0,2,,3.806471307580302,,,
ROBOT_RELOC,,0,0,3,,3.6772269538001927,,,
ROBOT_RELOC,,0,0,4,,2.669844262938278,,,
ROBOT_RELOC,,0,0,5,,2.084722156146883,,,
ROBOT_RELOC,,0,0,6,,3.7807989381742795,,,
ROBOT_RELOC,,0,0,7,,2.7399169219955724,,,
ROBOT_RELOC,,0,0,8,,2.178632983838807,,,
ROBOT_RELOC,,0,0,9,,3.5899180584422257,,,
ROBOT_RELOC,,0,0,10,,1.7323440515162711,,,
ROBOT_RELOC,,0,0,11,,2.2162084497446486,,,
ROBOT_RELOC,,0,1,0,,2.3508239620651206,,,
ROBOT_RELOC,,0,1,1,,0.0,,,
ROBOT_RELOC,,0,1,2,,1.1562014629268038,,,
ROBOT_RELOC,,0,1,3,,3.8358654429745496,,,
ROBOT_RELOC,,0,1,4,,2.6730792919867703,,,
ROBOT_RELOC,,0,1,5,,3.9983615663753875,,,
ROBOT_RELOC,,0,1,6,,1.7262697660583068,,,
ROBOT_RELOC,,0,1,7,,2.4100771377506582,,,
ROBOT_RELOC,,0,1,8,,1.7195498259107056,,,
ROBOT_RELOC,,0,1,9,,2.7599670411203996,,,
ROBOT_RELOC,,0,1,10,,2.716585791844217,,,
ROBOT_RELOC,,0,1,11,,3.047045462070798,,,
ROBOT_RELOC,,0,2,0,,1.6242718084202743,,,
ROBOT_RELOC,,0,2,1,,0.9648910254603816,,,
ROBOT_RELOC,,0,2,2,,0.0,,,
ROBOT_RELOC,,0,2,3,,3.9557348728550448,,,
ROBOT_RELOC,,0,2,4,,2.7301349908962753,,,
ROBOT_RELOC,,0,2,5,,3.882465457938691,,,
ROBOT_RELOC,,0,2,6,,2.793848415694932,,,
ROBOT_RELOC,,0,2,7,,3.066003960090097,,,
ROBOT_RELOC,,0,2,8,,2.75703102309306,,,
ROBOT_RELOC,,0,2,9,,3.4386606783248372,,,
ROBOT_RELOC,,0,2,10,,3.399223479281466,,,
ROBOT_RELOC,,0,2,11,,1.835466445063043,,,
ROBOT_RELOC,,0,3,0,,1.8260050609615506,,,
ROBOT_RELOC,,0,3,1,,2.7164535741964784,,,
ROBOT_RELOC,,0,3,2,,1.9200618509622323,,,
ROBOT_RELOC,,0,3,3,,0.0,,,
ROBOT_RELOC,,0,3,4,,3.75679225970729,,,
ROBOT_RELOC,,0,3,5,,3.0646454079524776,,,
ROBOT_RELOC,,0,3,6,,1.6831723728534165,,,
ROBOT_RELOC,,0,3,7,,2.164048605358021,,,
ROBOT_RELOC,,0,3,8,,2.836205487204712,,,
ROBOT_RELOC,,0,3,9,,2.595283158242634,,,
ROBOT_RELOC,,0,3,10,,1.526763487237653,,,
ROBOT_RELOC,,0,3,11,,2.125002747619293,,,
ROBOT_RELOC,,0,4,0,,3.5709601071823496,,,
ROBOT_RELOC,,0,4,1,,2.9361725226133792,,,
ROBOT_RELOC,,0,4,2,,1.5596331628336766,,,
ROBOT_RELOC,,0,4,3,,2.099976172063153,,,
ROBOT_RELOC,,0,4,4,,0.0,,,
ROBOT_RELOC,,0,4,5,,0.9855997940326274,,,
ROBOT_RELOC,,0,4,6,,1.6133136616581,,,
ROBOT_RELOC,,0,4,7,,3.187876109566383,,,
ROBOT_RELOC,,0,4,8,,3.3574498253054292,,,
ROBOT_RELOC,,0,4,9,,2.9097596204679395,,,
ROBOT_RELOC,,0,4,10,,2.1337593239514296,,,
ROBOT_RELOC,,0,4,11,,2.1232634891580795,,,
ROBOT_RELOC,,0,5,0,,2.4498981645931823,,,
ROBOT_RELOC,,0,5,1,,1.9472993118659816,,,
ROBOT_RELOC,,0,5,2,,1.5292995641130478,,,
ROBOT_RELOC,,0,5,3,,1.5550266896365594,,,
ROBOT_RELOC,,0,5,4,,1.4771639424476266,,,
ROBOT_RELOC,,0,5,5,,0.0,,,
ROBOT_RELOC,,0,5,6,,2.0184628425806443,,,
ROBOT_RELOC,,0,5,7,,2.3489874584242347,,,
ROBOT_RELOC,,0,5,8,,2.0027560953659944,,,
ROBOT_RELOC,,0,5,9,,1.8631418242164295,,,
ROBOT_RELOC,,0,5,10,,2.6981206273270755,,,
ROBOT_RELOC,,0,5,11,,3.4451819027101864,,,
ROBOT_RELOC,,0,6,0,,2.7198794036883243,,,
ROBOT_RELOC,,0,6,1,,2.961492393271557,,,
ROBOT_RELOC,,0,6,2,,2.782451411656961,,,
ROBOT_RELOC,,0,6,3,,1.9774811774383392,,,
ROBOT_RELOC,,0,6,4,,2.0551780864571025,,,
ROBOT_RELOC,,0,6,5,,3.2115105688451537,,,
ROBOT_RELOC,,0,6,6,,0.0,,,
ROBOT_RELOC,,0,6,7,,0.5570456142993563,,,
ROBOT_RELOC,,0,6,8,,3.9499018668220183,,,
ROBOT_RELOC,,0,6,9,,2.543696710121634,,,
ROBOT_RELOC,,0,6,10,,3.1433582906761055,,,
ROBOT_RELOC,,0,6,11,,2.283322237772831,,,
ROBOT_RELOC,,0,7,0,,2.8396680659943097,,,
ROBOT_RELOC,,0,7,1,,2.134138285934466,,,
ROBOT_RELOC,,0,7,2,,3.521764208939917,,,
ROBOT_RELOC,,0,7,3,,3.374413531993972,,,
ROBOT_RELOC,,0,7,4,,2.4786925706715075,,,
ROBOT_RELOC,,0,7,5,,2.9001423363916623,,,
ROBOT_RELOC,,0,7,6,,1.0605722954115668,,,
ROBOT_RELOC,,0,7,7,,0.0,,,
ROBOT_RELOC,,0,7,8,,3.374557970401789,,,
ROBOT_RELOC,,0,7,9,,3.4155031810054846,,,
ROBOT_RELOC,,0,7,10,,2.2851427474847696,,,
ROBOT_RELOC,,0,7,11,,1.9496651625190053,,,
ROBOT_RELOC,,0,8,0,,3.782203548591602,,,
ROBOT_RELOC,,0,8,1,,3.824079601017691,,,
ROBOT_RELOC,,0,8,2,,3.399307537880572,,,
ROBOT_RELOC,,0,8,3,,3.940648393949339,,,
ROBOT_RELOC,,0,8,4,,3.7604628613578206,,,
ROBOT_RELOC,,0,8,5,,1.6843728359187933,,,
ROBOT_RELOC,,0,8,6,,2.279024025771923,,,
ROBOT_RELOC,,0,8,7,,2.3161103517418686,,,
ROBOT_RELOC,,0,8,8,,0.0,,,
ROBOT_RELOC,,0,8,9,,1.0845988915919005,,,
ROBOT_RELOC,,0,8,10,,1.855133349116009,,,
ROBOT_RELOC,,0,8,11,,2.4807268824332898,,,
ROBOT_RELOC,,0,9,0,,3.2975166805924436,,,
ROBOT_RELOC,,0,9,1,,2.524613467568806,,,
ROBOT_RELOC,,0,9,2,,2.688252513296297,,,
ROBOT_RELOC,,0,9,3,,2.393075716057665,,,
ROBOT_RELOC,,0,9,4,,2.510507638988501,,,
ROBOT_RELOC,,0,9,5,,3.8458637773867674,,,
ROBOT_RELOC,,0,9,6,,3.727733216673237,,,
ROBOT_RELOC,,0,9,7,,3.6101510387793745,,,
ROBOT_RELOC,,0,9,8,,0.8163726572328825,,,
ROBOT_RELOC,,0,9,9,,0.0,,,
ROBOT_RELOC,,0,9,10,,1.922440100068988,,,
ROBOT_RELOC,,0,9,11,,2.6168313576951494,,,
ROBOT_RELOC,,0,10,0,,3.0712329985229463,,,
ROBOT_RELOC,,0,10,1,,2.981002405669018,,,
ROBOT_RELOC,,0,10,2,,3.296507880988683,,,
ROBOT_RELOC,,0,10,3,,3.6611735966620573,,,
ROBOT_RELOC,,0,10,4,,3.966044733418791,,,
ROBOT_RELOC,,0,10,5,,3.9315511076480574,,,
ROBOT_RELOC,,0,10,6,,2.1997515002870403,,,
ROBOT_RELOC,,0,10,7,,1.6805535894436916,,,
ROBOT_RELOC,,0,10,8,,3.311942680006678,,,
ROBOT_RELOC,,0,10,9,,3.3277550943036793,,,
ROBOT_RELOC,,0,10,10,,0.0,,,
ROBOT_RELOC,,0,10,11,,1.9606787115540198,,,
ROBOT_RELOC,,0,11,0,,1.9978792488395156,,,
ROBOT_RELOC,,0,11,1,,3.9667039503754307,,,
ROBOT_RELOC,,0,11,2,,3.3645009216588457,,,
ROBOT_RELOC,,0,11,3,,3.58498660051322,,,
ROBOT_RELOC,,0,11,4,,3.3652249356240294,,,
ROBOT_RELOC,,0,11,5,,3.261666588935256,,,
ROBOT_RELOC,,0,11,6,,3.426020115925736,,,
ROBOT_RELOC,,0,11,7,,2.8906851694862628,,,
ROBOT_RELOC,,0,11,8,,3.6760838671213434,,,
ROBOT_RELOC,,0,11,9,,1.8253196223539823,,,
ROBOT_RELOC,,0,11,10,,3.9070998734712594,,,
ROBOT_RELOC,,0,11,11,,0.0,,,
ROBOT_RELOC,,1,0,0,,0.0,,,
ROBOT_RELOC,,1,0,1,,1.8368580373431835,,,
ROBOT_RELOC,,1,0,2,,1.738814285217018,,,
ROBOT_RELOC,,1,0,3,,1.5786300346026656,,,
ROBOT_RELOC,,1,0,4,,2.271316808551442,,,
ROBOT_RELOC,,1,0,5,,3.6475219974325825,,,
ROBOT_RELOC,,1,0,6,,3.8521111684220015,,,
ROBOT_RELOC,,1,0,7,,1.9537306990382546,,,
ROBOT_RELOC,,1,0,8,,2.9354766744960012,,,
ROBOT_RELOC,,1,0,9,,1.5901435508924353,,,
ROBOT_RELOC,,1,0,10,,2.891687638004343,,,
ROBOT_RELOC,,1,0,11,,2.687903548298327,,,
ROBOT_RELOC,,1,1,0,,3.6515332635017206,,,
ROBOT_RELOC,,1,1,1,,0.0,,,
ROBOT_RELOC,,1,1,2,,1.265326612251451,,,
ROBOT_RELOC,,1,1,3,,3.9133558066005785,,,
ROBOT_RELOC,,1,1,4,,3.3707756239127935,,,
ROBOT_RELOC,,1,1,5,,1.7905238158937087,,,
ROBOT_RELOC,,1,1,6,,2.1812147757219775,,,
ROBOT_RELOC,,1,1,7,,2.252835394618466,,,
ROBOT_RELOC,,1,1,8,,2.0154691356487513,,,
ROBOT_RELOC,,1,1,9,,2.9778675407431106,,,
ROBOT_RELOC,,1,1,10,,3.39613515477905,,,
ROBOT_RELOC,,1,1,11,,3.6980947524404755,,,
ROBOT_RELOC,,1,2,0,,3.6808571297244392,,,
ROBOT_RELOC,,1,2,1,,1.4961572046350948,,,
ROBOT_RELOC,,1,2,2,,0.0,,,
ROBOT_RELOC,,1,2,3,,2.4326795759479025,,,
ROBOT_RELOC,,1,2,4,,1.9369138325842608,,,
ROBOT_RELOC,,1,2,5,,2.4270599635435985,,,
ROBOT_RELOC,,1,2,6,,3.2784938422671495,,,
ROBOT_RELOC,,1,2,7,,3.278041688686557,,,
ROBOT_RELOC,,1,2,8,,3.860264622132284,,,
ROBOT_RELOC,,1,2,9,,3.2625624098626878,,,
ROBOT_RELOC,,1,2,10,,3.8525891172041447,,,
ROBOT_RELOC,,1,2,11,,3.9823190950634424,,,
ROBOT_RELOC,,1,3,0,,2.7569678885241684,,,
ROBOT_RELOC,,1,3,1,,3.6267181899598753,,,
ROBOT_RELOC,,1,3,2,,2.9044603951651755,,,
ROBOT_RELOC,,1,3,3,,0.0,,,
ROBOT_RELOC,,1,3,4,,3.0947696266683886,,,
ROBOT_RELOC,,1,3,5,,3.1087948739087654,,,
ROBOT_RELOC,,1,3,6,,2.674818745689824,,,
ROBOT_RELOC,,1,3,7,,3.5420358545322546,,,
ROBOT_RELOC,,1,3,8,,2.5266635115402316,,,
ROBOT_RELOC,,1,3,9,,1.6934054940283731,,,
ROBOT_RELOC,,1,3,10,,2.0934576486093657,,,
ROBOT_RELOC,,1,3,11,,2.802682686810047,,,
ROBOT_RELOC,,1,4,0,,3.4514747130700765,,,
ROBOT_RELOC,,1,4,1,,2.277330686434645,,,
ROBOT_RELOC,,1,4,2,,3.546758296918192,,,
ROBOT_RELOC,,1,4,3,,2.424093653518961,,,
ROBOT_RELOC,,1,4,4,,0.0,,,
ROBOT_RELOC,,1,4,5,,1.3573999677377244,,,
ROBOT_RELOC,,1,4,6,,2.2175836995753206,,,
ROBOT_RELOC,,1,4,7,,3.6155329566554166,,,
ROBOT_RELOC,,1,4,8,,1.8818622941123841,,,
ROBOT_RELOC,,1,4,9,,2.1611689609717204,,,
ROBOT_RELOC,,1,4,10,,3.016210710299209,,,
ROBOT_RELOC,,1,4,11,,1.5352488662465367,,,
ROBOT_RELOC,,1,5,0,,2.238065741110079,,,
ROBOT_RELOC,,1,5,1,,2.2257499315524836,,,
ROBOT_RELOC,,1,5,2,,3.215064512142002,,,
ROBOT_RELOC,,1,5,3,,3.707907723236002,,,
ROBOT_RELOC,,1,5,4,,1.2925177633764229,,,
ROBOT_RELOC,,1,5,5,,0.0,,,
ROBOT_RELOC,,1,5,6,,3.823589124084152,,,
ROBOT_RELOC,,1,5,7,,2.1529225611685896,,,
ROBOT_RELOC,,1,5,8,,2.3864117570309253,,,
ROBOT_RELOC,,1,5,9,,2.9178797992375594,,,
ROBOT_RELOC,,1,5,10,,2.9694652446777408,,,
ROBOT_RELOC,,1,5,11,,3.3221498676114765,,,
ROBOT_RELOC,,1,6,0,,2.7256481369102463,,,
ROBOT_RELOC,,1,6,1,,2.397748312063942,,,
ROBOT_RELOC,,1,6,2,,1.6817940702011445,,,
ROBOT_RELOC,,1,6,3,,3.556676448913936,,,
ROBOT_RELOC,,1,6,4,,1.6182800716493762,,,
ROBOT_RELOC,,1,6,5,,2.402098402203797,,,
ROBOT_RELOC,,1,6,6,,0.0,,,
ROBOT_RELOC,,1,6,7,,1.2203121940118158,,,
ROBOT_RELOC,,1,6,8,,3.5536704213949526,,,
ROBOT_RELOC,,1,6,9,,2.306177913156881,,,
ROBOT_RELOC,,1,6,10,,2.010363855290149,,,
ROBOT_RELOC,,1,6,11,,3.1944452059821193,,,
ROBOT_RELOC,,1,7,0,,3.04451971239435,,,
ROBOT_RELOC,,1,7,1,,3.6462306455446027,,,
ROBOT_RELOC,,1,7,2,,3.0001557074566065,,,
ROBOT_RELOC,,1,7,3,,1.628554577118551,,,
ROBOT_RELOC,,1,7,4,,2.802625850065566,,,
ROBOT_RELOC,,1,7,5,,3.949662746630609,,,
ROBOT_RELOC,,1,7,6,,1.137537775897072,,,
ROBOT_RELOC,,1,7,7,,0.0,,,
ROBOT_RELOC,,1,7,8,,3.4812942391604786,,,
ROBOT_RELOC,,1,7,9,,2.746560845977042,,,
ROBOT_RELOC,,1,7,10,,3.1930002557926658,,,
ROBOT_RELOC,,1,7,11,,3.877637101731182,,,
ROBOT_RELOC,,1,8,0,,3.2286984000480494,,,
ROBOT_RELOC,,1,8,1,,3.0194193543769563,,,
ROBOT_RELOC,,1,8,2,,1.995023729122592,,,
ROBOT_RELOC,,1,8,3,,2.8083218088130186,,,
ROBOT_RELOC,,1,8,4,,2.2404746191131704,,,
ROBOT_RELOC,,1,8,5,,2.538116841341245,,,
ROBOT_RELOC,,1,8,6,,1.779561749027354,,,
ROBOT_RELOC,,1,8,7,,2.1082672763050696,,,
ROBOT_RELOC,,1,8,8,,0.0,,,
ROBOT_RELOC,,1,8,9,,0.5897517921517205,,,
ROBOT_RELOC,,1,8,10,,3.1909002869923624,,,
ROBOT_RELOC,,1,8,11,,3.9056856640973647,,,
ROBOT_RELOC,,1,9,0,,2.37964345313771,,,
ROBOT_RELOC,,1,9,1,,1.50956702165697,,,
ROBOT_RELOC,,1,9,2,,1.9332281410845567,,,
ROBOT_RELOC,,1,9,3,,3.4453680331147014,,,
ROBOT_RELOC,,1,9,4,,3.85182383259402,,,
ROBOT_RELOC,,1,9,5,,1.9915980534967812,,,
ROBOT_RELOC,,1,9,6,,3.304932821804166,,,
ROBOT_RELOC,,1,9,7,,3.157930916187082,,,
ROBOT_RELOC,,1,9,8,,0.6804263524632439,,,
ROBOT_RELOC,,1,9,9,,0.0,,,
ROBOT_RELOC,,1,9,10,,2.609356320003683,,,
ROBOT_RELOC,,1,9,11,,2.671608222705226,,,
ROBOT_RELOC,,1,10,0,,3.056934542718899,,,
ROBOT_RELOC,,1,10,1,,2.661935722364462,,,
ROBOT_RELOC,,1,10,2,,1.726420380194704,,,
ROBOT_RELOC,,1,10,3,,1.6167509192184155,,,
ROBOT_RELOC,,1,10,4,,3.875074364575704,,,
ROBOT_RELOC,,1,10,5,,2.9566969075779514,,,
ROBOT_RELOC,,1,10,6,,3.807897389133429,,,
ROBOT_RELOC,,1,10,7,,3.0942566378877387,,,
ROBOT_RELOC,,1,10,8,,3.5771347806683953,,,
ROBOT_RELOC,,1,10,9,,1.5455625768723802,,,
ROBOT_RELOC,,1,10,10,,0.0,,,
ROBOT_RELOC,,1,10,11,,1.9611681147064963,,,
ROBOT_RELOC,,1,11,0,,3.369139671938825,,,
ROBOT_RELOC,,1,11,1,,3.9650729791475587,,,
ROBOT_RELOC,,1,11,2,,1.5452732130450517,,,
ROBOT_RELOC,,1,11,3,,3.9043969421559033,,,
ROBOT_RELOC,,1,11,4,,2.943522900845335,,,
ROBOT_RELOC,,1,11,5,,3.686696510986342,,,
ROBOT_RELOC,,1,11,6,,2.6591761300734253,,,
ROBOT_RELOC,,1,11,7,,3.214454756772469,,,
ROBOT_RELOC,,1,11,8,,2.668926636173378,,,
ROBOT_RELOC,,1,11,9,,1.6355607902634284,,,
ROBOT_RELOC,,1,11,10,,2.3935667906240248,,,
ROBOT_RELOC,,1,11,11,,0.0,,,
ROBOT_RELOC,,2,0,0,,0.0,,,
ROBOT_RELOC,,2,0,1,,3.8104329545686246,,,
ROBOT_RELOC,,2,0,2,,2.75613468173723,,,
ROBOT_RELOC,,2,0,3,,2.7784604518777405,,,
ROBOT_RELOC,,2,0,4,,3.9274913882349605,,,
ROBOT_RELOC,,2,0,5,,2.3337058492927314,,,
ROBOT_RELOC,,2,0,6,,2.8299290548056053,,,
ROBOT_RELOC,,2,0,7,,3.8167455622808513,,,
ROBOT_RELOC,,2,0,8,,3.5518554641976468,,,
ROBOT_RELOC,,2,0,9,,1.5671907551593434,,,
ROBOT_RELOC,,2,0,10,,3.7783535790968727,,,
ROBOT_RELOC,,2,0,11,,2.726082522975812,,,
ROBOT_RELOC,,2,1,0,,3.812037771781665,,,
ROBOT_RELOC,,2,1,1,,0.0,,,
ROBOT_RELOC,,2,1,2,,0.8104252809977252,,,
ROBOT_RELOC,,2,1,3,,1.6213559447660526,,,
ROBOT_RELOC,,2,1,4,,1.9630754709871385,,,
ROBOT_RELOC,,2,1,5,,3.1551358862520167,,,
ROBOT_RELOC,,2,1,6,,3.803173879827806,,,
ROBOT_RELOC,,2,1,7,,3.751298730798713,,,
ROBOT_RELOC,,2,1,8,,3.52636905517804,,,
ROBOT_RELOC,,2,1,9,,2.909983983149672,,,
ROBOT_RELOC,,2,1,10,,3.8853547250925993,,,
ROBOT_RELOC,,2,1,11,,3.4074752274927023,,,
ROBOT_RELOC,,2,2,0,,2.3168091399235147,,,
ROBOT_RELOC,,2,2,1,,1.1828055179617372,,,
ROBOT_RELOC,,2,2,2,,0.0,,,
ROBOT_RELOC,,2,2,3,,1.527694376071151,,,
ROBOT_RELOC,,2,2,4,,1.5508054579469372,,,
ROBOT_RELOC,,2,2,5,,2.1600189999015083,,,
ROBOT_RELOC,,2,2,6,,2.6897228486793407,,,
ROBOT_RELOC,,2,2,7,,3.514761828587204,,,
ROBOT_RELOC,,2,2,8,,2.082515798722715,,,
ROBOT_RELOC,,2,2,9,,1.6007641519954032,,,
ROBOT_RELOC,,2,2,10,,2.589484628741462,,,
ROBOT_RELOC,,2,2,11,,3.4372851367894715,,,
ROBOT_RELOC,,2,3,0,,2.0897314915378384,,,
ROBOT_RELOC,,2,3,1,,3.6156065668531348,,,
ROBOT_RELOC,,2,3,2,,3.418431555242181,,,
ROBOT_RELOC,,2,3,3,,0.0,,,
ROBOT_RELOC,,2,3,4,,2.9464337136826293,,,
ROBOT_RELOC,,2,3,5,,1.6460302606620698,,,
ROBOT_RELOC,,2,3,6,,2.9914325134237565,,,
ROBOT_RELOC,,2,3,7,,3.319042017264911,,,
ROBOT_RELOC,,2,3,8,,3.2856142534353667,,,
ROBOT_RELOC,,2,3,9,,3.884758882196059,,,
ROBOT_RELOC,,2,3,10,,3.774533757201758,,,
ROBOT_RELOC,,2,3,11,,2.802573067144079,,,
ROBOT_RELOC,,2,4,0,,2.4679755519499986,,,
ROBOT_RELOC,,2,4,1,,2.6057592127963054,,,
ROBOT_RELOC,,2,4,2,,3.7965321605694458,,,
ROBOT_RELOC,,2,4,3,,2.7318435211798837,,,
ROBOT_RELOC,,2,4,4,,0.0,,,
ROBOT_RELOC,,2,4,5,,0.9694920651792073,,,
ROBOT_RELOC,,2,4,6,,2.0262218108636163,,,
ROBOT_RELOC,,2,4,7,,2.9322813359534674,,,
ROBOT_RELOC,,2,4,8,,2.471767797471214,,,
ROBOT_RELOC,,2,4,9,,1.7494947788783963,,,
ROBOT_RELOC,,2,4,10,,1.7427772913305095,,,
ROBOT_RELOC,,2,4,11,,1.8196851498854798,,,
ROBOT_RELOC,,2,5,0,,2.183106794384465,,,
ROBOT_RELOC,,2,5,1,,3.0416732585844843,,,
ROBOT_RELOC,,2,5,2,,1.694949748290409,,,
ROBOT_RELOC,,2,5,3,,3.4520163064244636,,,
ROBOT_RELOC,,2,5,4,,0.5671137827383734,,,
ROBOT_RELOC,,2,5,5,,0.0,,,
ROBOT_RELOC,,2,5,6,,2.7329736543069414,,,
ROBOT_RELOC,,2,5,7,,2.13921782481811,,,
ROBOT_RELOC,,2,5,8,,3.4290351890272692,,,
ROBOT_RELOC,,2,5,9,,2.2975933329916156,,,
ROBOT_RELOC,,2,5,10,,3.207757755771735,,,
ROBOT_RELOC,,2,5,11,,1.6834835346378727,,,
ROBOT_RELOC,,2,6,0,,3.10839604911001,,,
ROBOT_RELOC,,2,6,1,,1.8652786703964996,,,
ROBOT_RELOC,,2,6,2,,3.3962324431369133,,,
ROBOT_RELOC,,2,6,3,,1.901458032085848,,,
ROBOT_RELOC,,2,6,4,,2.3881241007043914,,,
ROBOT_RELOC,,2,6,5,,3.845388868793945,,,
ROBOT_RELOC,,2,6,6,,0.0,,,
ROBOT_RELOC,,2,6,7,,0.5462121253138074,,,
ROBOT_RELOC,,2,6,8,,2.2024849626147684,,,
ROBOT_RELOC,,2,6,9,,2.7638602434964037,,,
ROBOT_RELOC,,2,6,10,,1.6422328804054263,,,
ROBOT_RELOC,,2,6,11,,2.661356750292531,,,
ROBOT_RELOC,,2,7,0,,2.8505634353310585,,,
ROBOT_RELOC,,2,7,1,,3.5723249913035167,,,
ROBOT_RELOC,,2,7,2,,3.196028523872689,,,
ROBOT_RELOC,,2,7,3,,3.53449956310151,,,
ROBOT_RELOC,,2,7,4,,1.629503498762619,,,
ROBOT_RELOC,,2,7,5,,3.1601348579929454,,,
ROBOT_RELOC,,2,7,6,,1.003477070942679,,,
ROBOT_RELOC,,2,7,7,,0.0,,,
ROBOT_RELOC,,2,7,8,,2.2513852594847217,,,
ROBOT_RELOC,,2,7,9,,3.270674639234032,,,
ROBOT_RELOC,,2,7,10,,3.725477880295353,,,
ROBOT_RELOC,,2,7,11,,2.0003140778428783,,,
ROBOT_RELOC,,2,8,0,,2.010982015720887,,,
ROBOT_RELOC,,2,8,1,,1.907049365214697,,,
ROBOT_RELOC,,2,8,2,,2.05567505711073,,,
ROBOT_RELOC,,2,8,3,,2.6563360981446063,,,
ROBOT_RELOC,,2,8,4,,3.555910641475352,,,
ROBOT_RELOC,,2,8,5,,2.7569458945895757,,,
ROBOT_RELOC,,2,8,6,,3.3062434412258117,,,
ROBOT_RELOC,,2,8,7,,2.15503458564235,,,
ROBOT_RELOC,,2,8,8,,0.0,,,
ROBOT_RELOC,,2,8,9,,0.862077710162872,,,
ROBOT_RELOC,,2,8,10,,1.7029358513582813,,,
ROBOT_RELOC,,2,8,11,,3.4807505845829305,,,
ROBOT_RELOC,,2,9,0,,1.9519400336195243,,,
ROBOT_RELOC,,2,9,1,,3.183352926611855,,,
ROBOT_RELOC,,2,9,2,,3.9073299137584216,,,
ROBOT_RELOC,,2,9,3,,2.3236477433069123,,,
ROBOT_RELOC,,2,9,4,,2.8339186280361925,,,
ROBOT_RELOC,,2,9,5,,2.4514625851102596,,,
ROBOT_RELOC,,2,9,6,,2.0166005318191926,,,
ROBOT_RELOC,,2,9,7,,3.372572636179137,,,
ROBOT_RELOC,,2,9,8,,0.8890080183387361,,,
ROBOT_RELOC,,2,9,9,,0.0,,,
ROBOT_RELOC,,2,9,10,,1.5025191323607254,,,
ROBOT_RELOC,,2,9,11,,1.645306910271442,,,
ROBOT_RELOC,,2,10,0,,2.6403481870892462,,,
ROBOT_RELOC,,2,10,1,,3.8113067422857507,,,
ROBOT_RELOC,,2,10,2,,1.940791802923742,,,
ROBOT_RELOC,,2,10,3,,2.8539526986842167,,,
ROBOT_RELOC,,2,10,4,,3.5952654460016182,,,
ROBOT_RELOC,,2,10,5,,3.862941497281907,,,
ROBOT_RELOC,,2,10,6,,1.7079078276892186,,,
ROBOT_RELOC,,2,10,7,,3.57799071583595,,,
ROBOT_RELOC,,2,10,8,,2.4660623205862056,,,
ROBOT_RELOC,,2,10,9,,3.750481558150844,,,
ROBOT_RELOC,,2,10,10,,0.0,,,
ROBOT_RELOC,,2,10,11,,1.6126983498796097,,,
ROBOT_RELOC,,2,11,0,,3.213451259388133,,,
ROBOT_RELOC,,2,11,1,,2.7423327450911126,,,
ROBOT_RELOC,,2,11,2,,1.7252802148199684,,,
ROBOT_RELOC,,2,11,3,,2.1924885309532343,,,
ROBOT_RELOC,,2,11,4,,3.0771158054342678,,,
ROBOT_RELOC,,2,11,5,,1.6524696580606941,,,
ROBOT_RELOC,,2,11,6,,2.205021139563545,,,
ROBOT_RELOC,,2,11,7,,1.6983086619983885,,,
ROBOT_RELOC,,2,11,8,,3.7109749173415776,,,
ROBOT_RELOC,,2,11,9,,2.0842882233345534,,,
ROBOT_RELOC,,2,11,10,,3.2848356424212666,,,
ROBOT_RELOC,,2,11,11,,0.0,,,
ROBOT_RELOC,,3,0,0,,0.0,,,
ROBOT_RELOC,,3,0,1,,3.461722101386943,,,
ROBOT_RELOC,,3,0,2,,2.3715037161429606,,,
ROBOT_RELOC,,3,0,3,,3.704502805335822,,,
ROBOT_RELOC,,3,0,4,,2.8987841403539023,,,
ROBOT_RELOC,,3,0,5,,2.368446176119382,,,
ROBOT_RELOC,,3,0,6,,3.5089979017817927,,,
ROBOT_RELOC,,3,0,7,,3.6877690190038246,,,
ROBOT_RELOC,,3,0,8,,2.505832006438624,,,
ROBOT_RELOC,,3,0,9,,2.294798269303449,,,
ROBOT_RELOC,,3,0,10,,3.278501621432846,,,
ROBOT_RELOC,,3,0,11,,3.9095079842841276,,,
ROBOT_RELOC,,3,1,0,,2.437206661072004,,,
ROBOT_RELOC,,3,1,1,,0.0,,,
ROBOT_RELOC,,3,1,2,,0.9440652834171412,,,
ROBOT_RELOC,,3,1,3,,2.968724421358639,,,
ROBOT_RELOC,,3,1,4,,3.222528883124171,,,
ROBOT_RELOC,,3,1,5,,1.6092671873034399,,,
ROBOT_RELOC,,3,1,6,,1.5446552162350002,,,
ROBOT_RELOC,,3,1,7,,3.566901888238793,,,
ROBOT_RELOC,,3,1,8,,3.79546122558322,,,
ROBOT_RELOC,,3,1,9,,2.86525525013218,,,
ROBOT_RELOC,,3,1,10,,3.0303880020078924,,,
ROBOT_RELOC,,3,1,11,,2.8726574537335425,,,
ROBOT_RELOC,,3,2,0,,3.4772457813084783,,,
ROBOT_RELOC,,3,2,1,,1.2659987603868914,,,
ROBOT_RELOC,,3,2,2,,0.0,,,
ROBOT_RELOC,,3,2,3,,2.14912029129477,,,
ROBOT_RELOC,,3,2,4,,2.9937595869686584,,,
ROBOT_RELOC,,3,2,5,,3.8392847718859238,,,
ROBOT_RELOC,,3,2,6,,3.7732054238124153,,,
ROBOT_RELOC,,3,2,7,,2.8251670924331123,,,
ROBOT_RELOC,,3,2,8,,3.3924946476840736,,,
ROBOT_RELOC,,3,2,9,,3.970887066049773,,,
ROBOT_RELOC,,3,2,10,,3.922161453592474,,,
ROBOT_RELOC,,3,2,11,,3.2714567960099687,,,
ROBOT_RELOC,,3,3,0,,2.3311435622490544,,,
ROBOT_RELOC,,3,3,1,,3.9439578845697003,,,
ROBOT_RELOC,,3,3,2,,3.145978045611519,,,
ROBOT_RELOC,,3,3,3,,0.0,,,
ROBOT_RELOC,,3,3,4,,3.0283898871832426,,,
ROBOT_RELOC,,3,3,5,,1.8985160109694161,,,
ROBOT_RELOC,,3,3,6,,3.424081533367336,,,
ROBOT_RELOC,,3,3,7,,1.7491970988077863,,,
ROBOT_RELOC,,3,3,8,,3.2367571510820934,,,
ROBOT_RELOC,,3,3,9,,3.9223978210336363,,,
ROBOT_RELOC,,3,3,10,,3.9221666263479587,,,
ROBOT_RELOC,,3,3,11,,2.9146951248922655,,,
ROBOT_RELOC,,3,4,0,,3.998494179402778,,,
ROBOT_RELOC,,3,4,1,,2.652805618832286,,,
ROBOT_RELOC,,3,4,2,,3.613148682259944,,,
ROBOT_RELOC,,3,4,3,,2.1311761913491485,,,
ROBOT_RELOC,,3,4,4,,0.0,,,
ROBOT_RELOC,,3,4,5,,1.3087188774591312,,,
ROBOT_RELOC,,3,4,6,,2.0387977400531443,,,
ROBOT_RELOC,,3,4,7,,3.5213094360906068,,,
ROBOT_RELOC,,3,4,8,,3.2863520881265145,,,
ROBOT_RELOC,,3,4,9,,3.6255645752555092,,,
ROBOT_RELOC,,3,4,10,,3.6204637233424894,,,
ROBOT_RELOC,,3,4,11,,3.2529192007150414,,,
ROBOT_RELOC,,3,5,0,,2.934057183967293,,,
ROBOT_RELOC,,3,5,1,,2.030367222575001,,,
ROBOT_RELOC,,3,5,2,,2.8237496673683413,,,
ROBOT_RELOC,,3,5,3,,3.5581845051618455,,,
ROBOT_RELOC,,3,5,4,,1.2915697333580711,,,
ROBOT_RELOC,,3,5,5,,0.0,,,
ROBOT_RELOC,,3,5,6,,1.6159995093549857,,,
ROBOT_RELOC,,3,5,7,,3.632230051192616,,,
ROBOT_RELOC,,3,5,8,,2.0851670823917816,,,
ROBOT_RELOC,,3,5,9,,3.0747196475005976,,,
ROBOT_RELOC,,3,5,10,,2.6769604569738137,,,
ROBOT_RELOC,,3,5,11,,2.9591234093274976,,,
ROBOT_RELOC,,3,6,0,,1.551599498652373,,,
ROBOT_RELOC,,3,6,1,,1.5750285232518186,,,
ROBOT_RELOC,,3,6,2,,1.8434334953088378,,,
ROBOT_RELOC,,3,6,3,,3.9163976454255325,,,
ROBOT_RELOC,,3,6,4,,2.4845889382959765,,,
ROBOT_RELOC,,3,6,5,,1.6601574021615795,,,
ROBOT_RELOC,,3,6,6,,0.0,,,
ROBOT_RELOC,,3,6,7,,0.8541138942903219,,,
ROBOT_RELOC,,3,6,8,,2.2156400539106915,,,
ROBOT_RELOC,,3,6,9,,2.9475104972562867,,,
ROBOT_RELOC,,3,6,10,,2.281522329958123,,,
ROBOT_RELOC,,3,6,11,,3.3047027716051005,,,
ROBOT_RELOC,,3,7,0,,3.4091025994677047,,,
ROBOT_RELOC,,3,7,1,,2.346390328445181,,,
ROBOT_RELOC,,3,7,2,,1.681493109276209,,,
ROBOT_RELOC,,3,7,3,,1.9597336220159052,,,
ROBOT_RELOC,,3,7,4,,2.4393676111936506,,,
ROBOT_RELOC,,3,7,5,,3.2180360750534596,,,
ROBOT_RELOC,,3,7,6,,0.6699651237912251,,,
ROBOT_RELOC,,3,7,7,,0.0,,,
ROBOT_RELOC,,3,7,8,,2.972915059626989,,,
ROBOT_RELOC,,3,7,9,,1.9574196397682795,,,
ROBOT_RELOC,,3,7,10,,1.6983423923268588,,,
ROBOT_RELOC,,3,7,11,,3.136019778111109,,,
ROBOT_RELOC,,3,8,0,,3.8557856361851446,,,
ROBOT_RELOC,,3,8,1,,2.389561457412603,,,
ROBOT_RELOC,,3,8,2,,2.471116625066668,,,
ROBOT_RELOC,,3,8,3,,2.6565668597117114,,,
ROBOT_RELOC,,3,8,4,,2.7953466653715173,,,
ROBOT_RELOC,,3,8,5,,3.013831086316788,,,
ROBOT_RELOC,,3,8,6,,3.4741313800260505,,,
ROBOT_RELOC,,3,8,7,,1.6191532066244179,,,
ROBOT_RELOC,,3,8,8,,0.0,,,
ROBOT_RELOC,,3,8,9,,0.5299101110270138,,,
ROBOT_RELOC,,3,8,10,,1.8288462026351624,,,
ROBOT_RELOC,,3,8,11,,2.370061774629641,,,
ROBOT_RELOC,,3,9,0,,2.6800862093564213,,,
ROBOT_RELOC,,3,9,1,,2.611148015015516,,,
ROBOT_RELOC,,3,9,2,,2.2675704694493244,,,
ROBOT_RELOC,,3,9,3,,3.37389028657255,,,
ROBOT_RELOC,,3,9,4,,3.1987922026235527,,,
ROBOT_RELOC,,3,9,5,,2.9226035068917113,,,
ROBOT_RELOC,,3,9,6,,3.3466641924107225,,,
ROBOT_RELOC,,3,9,7,,1.864115422431111,,,
ROBOT_RELOC,,3,9,8,,0.755723203498492,,,
ROBOT_RELOC,,3,9,9,,0.0,,,
ROBOT_RELOC,,3,9,10,,2.8055058619181126,,,
ROBOT_RELOC,,3,9,11,,3.0674963947012412,,,
ROBOT_RELOC,,3,10,0,,1.920646416961633,,,
ROBOT_RELOC,,3,10,1,,1.8912867653048075,,,
ROBOT_RELOC,,3,10,2,,3.133282471372964,,,
ROBOT_RELOC,,3,10,3,,1.6183183462313648,,,
ROBOT_RELOC,,3,10,4,,3.3867411798081664,,,
ROBOT_RELOC,,3,10,5,,2.5374461175612444,,,
ROBOT_RELOC,,3,10,6,,3.2585014001199566,,,
ROBOT_RELOC,,3,10,7,,3.6659352334239586,,,
ROBOT_RELOC,,3,10,8,,2.5649672838649193,,,
ROBOT_RELOC,,3,10,9,,3.3623407191440453,,,
ROBOT_RELOC,,3,10,10,,0.0,,,
ROBOT_RELOC,,3,10,11,,1.8386071858370563,,,
ROBOT_RELOC,,3,11,0,,1.5940663285551868,,,
ROBOT_RELOC,,3,11,1,,1.7360974466485974,,,
ROBOT_RELOC,,3,11,2,,3.44527074516777,,,
ROBOT_RELOC,,3,11,3,,1.7222529318501314,,,
ROBOT_RELOC,,3,11,4,,2.027363181482657,,,
ROBOT_RELOC,,3,11,5,,1.7089698471156969,,,
ROBOT_RELOC,,3,11,6,,1.8347280654511644,,,
ROBOT_RELOC,,3,11,7,,1.9987841687087138,,,
ROBOT_RELOC,,3,11,8,,3.1296217500460735,,,
ROBOT_RELOC,,3,11,9,,2.7434328979163154,,,
ROBOT_RELOC,,3,11,10,,1.5247611494051951,,,
ROBOT_RELOC,,3,11,11,,0.0,,,
ROBOT_RELOC,,4,0,0,,0.0,,,
ROBOT_RELOC,,4,0,1,,2.936347886370765,,,
ROBOT_RELOC,,4,0,2,,2.8313406569170376,,,
ROBOT_RELOC,,4,0,3,,2.457626352657419,,,
ROBOT_RELOC,,4,0,4,,2.2567324317375776,,,
ROBOT_RELOC,,4,0,5,,3.5736004987803396,,,
ROBOT_RELOC,,4,0,6,,3.2351718270187924,,,
ROBOT_RELOC,,4,0,7,,3.054367688827682,,,
ROBOT_RELOC,,4,0,8,,3.15953750506905,,,
ROBOT_RELOC,,4,0,9,,2.3346035603261814,,,
ROBOT_RELOC,,4,0,10,,2.1496679976685633,,,
ROBOT_RELOC,,4,0,11,,1.9269097108616715,,,
ROBOT_RELOC,,4,1,0,,1.7777442674744133,,,
ROBOT_RELOC,,4,1,1,,0.0,,,
ROBOT_RELOC,,4,1,2,,1.0416996749976697,,,
ROBOT_RELOC,,4,1,3,,3.5756342729760076,,,
ROBOT_RELOC,,4,1,4,,1.6163121377965448,,,
ROBOT_RELOC,,4,1,5,,1.5455745588625065,,,
ROBOT_RELOC,,4,1,6,,2.6669978727707337,,,
ROBOT_RELOC,,4,1,7,,1.7980965430337639,,,
ROBOT_RELOC,,4,1,8,,1.6018223698800604,,,
ROBOT_RELOC,,4,1,9,,1.5337270083286458,,,
ROBOT_RELOC,,4,1,10,,3.399129379094077,,,
ROBOT_RELOC,,4,1,11,,2.5336216150746718,,,
ROBOT_RELOC,,4,2,0,,2.4979340698209493,,,
ROBOT_RELOC,,4,2,1,,0.6646672452486574,,,
ROBOT_RELOC,,4,2,2,,0.0,,,
ROBOT_RELOC,,4,2,3,,1.8635627678156976,,,
ROBOT_RELOC,,4,2,4,,2.792114069080235,,,
ROBOT_RELOC,,4,2,5,,1.9561224172716782,,,
ROBOT_RELOC,,4,2,6,,3.1987803094244702,,,
ROBOT_RELOC,,4,2,7,,2.8864165345568997,,,
ROBOT_RELOC,,4,2,8,,3.815934133115473,,,
ROBOT_RELOC,,4,2,9,,2.218849397582503,,,
ROBOT_RELOC,,4,2,10,,2.672905122812252,,,
ROBOT_RELOC,,4,2,11,,2.542462559296033,,,
ROBOT_RELOC,,4,3,0,,3.371947599876821,,,
ROBOT_RELOC,,4,3,1,,3.7037669197925775,,,
ROBOT_RELOC,,4,3,2,,1.935746391323816,,,
ROBOT_RELOC,,4,3,3,,0.0,,,
ROBOT_RELOC,,4,3,4,,3.110878093893252,,,
ROBOT_RELOC,,4,3,5,,1.8621789364909456,,,
ROBOT_RELOC,,4,3,6,,3.8209400459275105,,,
ROBOT_RELOC,,4,3,7,,2.6558326999698987,,,
ROBOT_RELOC,,4,3,8,,3.1502682454009143,,,
ROBOT_RELOC,,4,3,9,,1.8212440045474294,,,
ROBOT_RELOC,,4,3,10,,3.942689132984099,,,
ROBOT_RELOC,,4,3,11,,3.807928757533529,,,
ROBOT_RELOC,,4,4,0,,1.9354608192911718,,,
ROBOT_RELOC,,4,4,1,,3.008111429087479,,,
ROBOT_RELOC,,4,4,2,,3.7041996590265773,,,
ROBOT_RELOC,,4,4,3,,3.813100023046257,,,
ROBOT_RELOC,,4,4,4,,0.0,,,
ROBOT_RELOC,,4,4,5,,1.183221883307216,,,
ROBOT_RELOC,,4,4,6,,3.358837251366739,,,
ROBOT_RELOC,,4,4,7,,3.805032112748331,,,
ROBOT_RELOC,,4,4,8,,3.8074378684907697,,,
ROBOT_RELOC,,4,4,9,,2.157696607637054,,,
ROBOT_RELOC,,4,4,10,,1.7701143053790722,,,
ROBOT_RELOC,,4,4,11,,2.509073882834267,,,
ROBOT_RELOC,,4,5,0,,2.278855985065182,,,
ROBOT_RELOC,,4,5,1,,2.8358483356911286,,,
ROBOT_RELOC,,4,5,2,,2.0322620220816128,,,
ROBOT_RELOC,,4,5,3,,2.5286201297457747,,,
ROBOT_RELOC,,4,5,4,,1.3500654025884697,,,
ROBOT_RELOC,,4,5,5,,0.0,,,
ROBOT_RELOC,,4,5,6,,1.5127767974113087,,,
ROBOT_RELOC,,4,5,7,,3.1475801847258875,,,
ROBOT_RELOC,,4,5,8,,3.007173031962635,,,
ROBOT_RELOC,,4,5,9,,2.377125913063911,,,
ROBOT_RELOC,,4,5,10,,3.4281066189693297,,,
ROBOT_RELOC,,4,5,11,,1.849361214219669,,,
ROBOT_RELOC,,4,6,0,,3.285089597139275,,,
ROBOT_RELOC,,4,6,1,,3.381868589934829,,,
ROBOT_RELOC,,4,6,2,,1.8223327122788469,,,
ROBOT_RELOC,,4,6,3,,3.0461621241387893,,,
ROBOT_RELOC,,4,6,4,,2.874800782932504,,,
ROBOT_RELOC,,4,6,5,,2.41783083014183,,,
ROBOT_RELOC,,4,6,6,,0.0,,,
ROBOT_RELOC,,4,6,7,,0.8645200266411475,,,
ROBOT_RELOC,,4,6,8,,1.6153363892636738,,,
ROBOT_RELOC,,4,6,9,,1.7871027752636586,,,
ROBOT_RELOC,,4,6,10,,2.0984448327283385,,,
ROBOT_RELOC,,4,6,11,,2.2779386726073434,,,
ROBOT_RELOC,,4,7,0,,2.4688837484969994,,,
ROBOT_RELOC,,4,7,1,,3.0001146932202047,,,
ROBOT_RELOC,,4,7,2,,2.2294434656724444,,,
ROBOT_RELOC,,4,7,3,,3.6549929667092775,,,
ROBOT_RELOC,,4,7,4,,1.7546547906668937,,,
ROBOT_RELOC,,4,7,5,,2.842531943060936,,,
ROBOT_RELOC,,4,7,6,,1.3672500077607515,,,
ROBOT_RELOC,,4,7,7,,0.0,,,
ROBOT_RELOC,,4,7,8,,2.0709790436568682,,,
ROBOT_RELOC,,4,7,9,,2.586385371277825,,,
ROBOT_RELOC,,4,7,10,,1.7807756323142403,,,
ROBOT_RELOC,,4,7,11,,2.0586814445540735,,,
ROBOT_RELOC,,4,8,0,,2.9770653490285612,,,
ROBOT_RELOC,,4,8,1,,3.462805836144118,,,
ROBOT_RELOC,,4,8,2,,1.6781108762111716,,,
ROBOT_RELOC,,4,8,3,,2.6246416646281046,,,
ROBOT_RELOC,,4,8,4,,2.236312507479853,,,
ROBOT_RELOC,,4,8,5,,1.5727491702462748,,,
ROBOT_RELOC,,4,8,6,,3.285067249339865,,,
ROBOT_RELOC,,4,8,7,,2.484613396711865,,,
ROBOT_RELOC,,4,8,8,,0.0,,,
ROBOT_RELOC,,4,8,9,,1.3093880407321938,,,
ROBOT_RELOC,,4,8,10,,1.8487089504296181,,,
ROBOT_RELOC,,4,8,11,,2.159452992544387,,,
ROBOT_RELOC,,4,9,0,,2.060568176081105,,,
ROBOT_RELOC,,4,9,1,,3.005204904452995,,,
ROBOT_RELOC,,4,9,2,,3.36348183492132,,,
ROBOT_RELOC,,4,9,3,,3.410433971053917,,,
ROBOT_RELOC,,4,9,4,,2.734199658564952,,,
ROBOT_RELOC,,4,9,5,,1.6984218379364262,,,
ROBOT_RELOC,,4,9,6,,1.5705798273857074,,,
ROBOT_RELOC,,4,9,7,,1.648267481933563,,,
ROBOT_RELOC,,4,9,8,,1.147108484801768,,,
ROBOT_RELOC,,4,9,9,,0.0,,,
ROBOT_RELOC,,4,9,10,,1.8298748721012867,,,
ROBOT_RELOC,,4,9,11,,2.252297040497536,,,
ROBOT_RELOC,,4,10,0,,1.7820549059882471,,,
ROBOT_RELOC,,4,10,1,,2.5484720716028444,,,
ROBOT_RELOC,,4,10,2,,3.9197406130924053,,,
ROBOT_RELOC,,4,10,3,,3.0355246715074546,,,
ROBOT_RELOC,,4,10,4,,2.056091568598678,,,
ROBOT_RELOC,,4,10,5,,2.8188691838260134,,,
ROBOT_RELOC,,4,10,6,,2.1625375221515437,,,
ROBOT_RELOC,,4,10,7,,3.1122911686965757,,,
ROBOT_RELOC,,4,10,8,,2.9608217524847156,,,
ROBOT_RELOC,,4,10,9,,1.9070284116473244,,,
ROBOT_RELOC,,4,10,10,,0.0,,,
ROBOT_RELOC,,4,10,11,,3.7685340108969148,,,
ROBOT_RELOC,,4,11,0,,1.8290047998936105,,,
ROBOT_RELOC,,4,11,1,,2.6396132712889466,,,
ROBOT_RELOC,,4,11,2,,2.696003892044406,,,
ROBOT_RELOC,,4,11,3,,3.4665776633558445,,,
ROBOT_RELOC,,4,11,4,,1.998274106413418,,,
ROBOT_RELOC,,4,11,5,,2.719694529665807,,,
ROBOT_RELOC,,4,11,6,,3.918978835734796,,,
ROBOT_RELOC,,4,11,7,,1.6325210282440858,,,
ROBOT_RELOC,,4,11,8,,2.907627110496419,,,
ROBOT_RELOC,,4,11,9,,1.934651747109708,,,
ROBOT_RELOC,,4,11,10,,3.4631915524266565,,,
ROBOT_RELOC,,4,11,11,,0.0,,,
ROBOT_RELOC,,5,0,0,,0.0,,,
ROBOT_RELOC,,5,0,1,,2.4077013054257463,,,
ROBOT_RELOC,,5,0,2,,1.521524833853904,,,
ROBOT_RELOC,,5,0,3,,3.8307570074719512,,,
ROBOT_RELOC,,5,0,4,,2.0461308293138276,,,
ROBOT_RELOC,,5,0,5,,3.616899357625567,,,
ROBOT_RELOC,,5,0,6,,2.136553818683212,,,
ROBOT_RELOC,,5,0,7,,1.743337375984871,,,
ROBOT_RELOC,,5,0,8,,3.617463450630674,,,
ROBOT_RELOC,,5,0,9,,1.706238112718677,,,
ROBOT_RELOC,,5,0,10,,3.0174543826094977,,,
ROBOT_RELOC,,5,0,11,,1.9237007136284352,,,
ROBOT_RELOC,,5,1,0,,3.3891107360781145,,,
ROBOT_RELOC,,5,1,1,,0.0,,,
ROBOT_RELOC,,5,1,2,,1.3690435995160746,,,
ROBOT_RELOC,,5,1,3,,2.481218975145868,,,
ROBOT_RELOC,,5,1,4,,1.8407369683608354,,,
ROBOT_RELOC,,5,1,5,,2.284667179887193,,,
ROBOT_RELOC,,5,1,6,,2.1493102343167014,,,
ROBOT_RELOC,,5,1,7,,3.0725049848109234,,,
ROBOT_RELOC,,5,1,8,,1.6795075331947031,,,
ROBOT_RELOC,,5,1,9,,1.7634498539654826,,,
ROBOT_RELOC,,5,1,10,,2.155523653040248,,,
ROBOT_RELOC,,5,1,11,,3.071013558691201,,,
ROBOT_RELOC,,5,2,0,,1.646600576234548,,,
ROBOT_RELOC,,5,2,1,,0.7803255735001694,,,
ROBOT_RELOC,,5,2,2,,0.0,,,
ROBOT_RELOC,,5,2,3,,2.1909794864724015,,,
ROBOT_RELOC,,5,2,4,,3.980685074818614,,,
ROBOT_RELOC,,5,2,5,,1.9030733462554756,,,
ROBOT_RELOC,,5,2,6,,2.2973016341193784,,,
ROBOT_RELOC,,5,2,7,,2.06290769748271,,,
ROBOT_RELOC,,5,2,8,,3.577171438868795,,,
ROBOT_RELOC,,5,2,9,,3.090968746908696,,,
ROBOT_RELOC,,5,2,10,,1.988699260176371,,,
ROBOT_RELOC,,5,2,11,,3.8712708358605057,,,
ROBOT_RELOC,,5,3,0,,3.8728947828444107,,,
ROBOT_RELOC,,5,3,1,,3.002905501776227,,,
ROBOT_RELOC,,5,3,2,,2.7160952293139617,,,
ROBOT_RELOC,,5,3,3,,0.0,,,
ROBOT_RELOC,,5,3,4,,3.6891642299422873,,,
ROBOT_RELOC,,5,3,5,,2.4050326631301275,,,
ROBOT_RELOC,,5,3,6,,3.075128931529916,,,
ROBOT_RELOC,,5,3,7,,3.492025414827639,,,
ROBOT_RELOC,,5,3,8,,1.7764074855968015,,,
ROBOT_RELOC,,5,3,9,,2.4441928027761257,,,
ROBOT_RELOC,,5,3,10,,1.817980399481013,,,
ROBOT_RELOC,,5,3,11,,3.504437932690517,,,
ROBOT_RELOC,,5,4,0,,1.5836809295573322,,,
ROBOT_RELOC,,5,4,1,,3.0063721492680555,,,
ROBOT_RELOC,,5,4,2,,1.7291552176625957,,,
ROBOT_RELOC,,5,4,3,,2.4398972894265745,,,
ROBOT_RELOC,,5,4,4,,0.0,,,
ROBOT_RELOC,,5,4,5,,1.4223549496771715,,,
ROBOT_RELOC,,5,4,6,,3.4678553512179553,,,
ROBOT_RELOC,,5,4,7,,2.860094591808008,,,
ROBOT_RELOC,,5,4,8,,3.4814000810798307,,,
ROBOT_RELOC,,5,4,9,,2.0531513413980234,,,
ROBOT_RELOC,,5,4,10,,3.9625363457746756,,,
ROBOT_RELOC,,5,4,11,,2.546479399502539,,,
ROBOT_RELOC,,5,5,0,,1.6102930638017812,,,
ROBOT_RELOC,,5,5,1,,3.5200226195338593,,,
ROBOT_RELOC,,5,5,2,,3.8278012827785575,,,
ROBOT_RELOC,,5,5,3,,3.5778136216017313,,,
ROBOT_RELOC,,5,5,4,,1.2426011937589614,,,
ROBOT_RELOC,,5,5,5,,0.0,,,
ROBOT_RELOC,,5,5,6,,1.9440497493979625,,,
ROBOT_RELOC,,5,5,7,,1.9907959873494478,,,
ROBOT_RELOC,,5,5,8,,2.505918706358589,,,
ROBOT_RELOC,,5,5,9,,3.2521913695715563,,,
ROBOT_RELOC,,5,5,10,,2.962591653004901,,,
ROBOT_RELOC,,5,5,11,,3.262604035775762,,,
ROBOT_RELOC,,5,6,0,,3.471178972841007,,,
ROBOT_RELOC,,5,6,1,,1.8622222770121575,,,
ROBOT_RELOC,,5,6,2,,2.8605307514242053,,,
ROBOT_RELOC,,5,6,3,,2.596021793727461,,,
ROBOT_RELOC,,5,6,4,,2.1514955530584614,,,
ROBOT_RELOC,,5,6,5,,2.3957422572014995,,,
ROBOT_RELOC,,5,6,6,,0.0,,,
ROBOT_RELOC,,5,6,7,,0.7538665200859556,,,
ROBOT_RELOC,,5,6,8,,2.7734145010350106,,,
ROBOT_RELOC,,5,6,9,,2.016179126469299,,,
ROBOT_RELOC,,5,6,10,,3.820073064249155,,,
ROBOT_RELOC,,5,6,11,,2.125291433271662,,,
ROBOT_RELOC,,5,7,0,,2.0176768315145397,,,
ROBOT_RELOC,,5,7,1,,3.480041788302059,,,
ROBOT_RELOC,,5,7,2,,1.5580393519240705,,,
ROBOT_RELOC,,5,7,3,,2.7799867836585843,,,
ROBOT_RELOC,,5,7,4,,3.6717589063236793,,,
ROBOT_RELOC,,5,7,5,,3.5771190301930655,,,
ROBOT_RELOC,,5,7,6,,1.0625648524297149,,,
ROBOT_RELOC,,5,7,7,,0.0,,,
ROBOT_RELOC,,5,7,8,,3.0390182364255005,,,
ROBOT_RELOC,,5,7,9,,3.2233502880876816,,,
ROBOT_RELOC,,5,7,10,,2.2002022529058904,,,
ROBOT_RELOC,,5,7,11,,3.1929014996157368,,,
ROBOT_RELOC,,5,8,0,,1.7920091996906258,,,
ROBOT_RELOC,,5,8,1,,1.528540038134092,,,
ROBOT_RELOC,,5,8,2,,1.538477788117206,,,
ROBOT_RELOC,,5,8,3,,2.1047847622357425,,,
ROBOT_RELOC,,5,8,4,,1.8597728642212061,,,
ROBOT_RELOC,,5,8,5,,1.5895196806727463,,,
ROBOT_RELOC,,5,8,6,,3.391403057532872,,,
ROBOT_RELOC,,5,8,7,,3.485056429674957,,,
ROBOT_RELOC,,5,8,8,,0.0,,,
ROBOT_RELOC,,5,8,9,,1.272599720719531,,,
ROBOT_RELOC,,5,8,10,,1.8501381139684399,,,
ROBOT_RELOC,,5,8,11,,3.4012979829661183,,,
ROBOT_RELOC,,5,9,0,,2.7512979973718066,,,
ROBOT_RELOC,,5,9,1,,2.6940844619201956,,,
ROBOT_RELOC,,5,9,2,,3.1970434200629168,,,
ROBOT_RELOC,,5,9,3,,3.0785456700084994,,,
ROBOT_RELOC,,5,9,4,,3.572573098821118,,,
ROBOT_RELOC,,5,9,5,,3.284211966356768,,,
ROBOT_RELOC,,5,9,6,,2.565626875137591,,,
ROBOT_RELOC,,5,9,7,,2.1904585912146533,,,
ROBOT_RELOC,,5,9,8,,1.484244508112638,,,
ROBOT_RELOC,,5,9,9,,0.0,,,
ROBOT_RELOC,,5,9,10,,3.261418918219485,,,
ROBOT_RELOC,,5,9,11,,2.4546283593277156,,,
ROBOT_RELOC,,5,10,0,,3.478565986382013,,,
ROBOT_RELOC,,5,10,1,,2.536091705988701,,,
ROBOT_RELOC,,5,10,2,,1.5341924499798414,,,
ROBOT_RELOC,,5,10,3,,2.0979599234486614,,,
ROBOT_RELOC,,5,10,4,,2.3632447930642204,,,
ROBOT_RELOC,,5,10,5,,3.7883943242747957,,,
ROBOT_RELOC,,5,10,6,,3.8227530780488967,,,
ROBOT_RELOC,,5,10,7,,1.6658673649675622,,,
ROBOT_RELOC,,5,10,8,,2.515870520630724,,,
ROBOT_RELOC,,5,10,9,,2.0300472370081737,,,
ROBOT_RELOC,,5,10,10,,0.0,,,
ROBOT_RELOC,,5,10,11,,3.2972427542074283,,,
ROBOT_RELOC,,5,11,0,,2.035497931286221,,,
ROBOT_RELOC,,5,11,1,,1.9438275656110835,,,
ROBOT_RELOC,,5,11,2,,2.2775358959773153,,,
ROBOT_RELOC,,5,11,3,,2.41795359460372,,,
ROBOT_RELOC,,5,11,4,,1.5232558976046984,,,
ROBOT_RELOC,,5,11,5,,2.387126003715291,,,
ROBOT_RELOC,,5,11,6,,3.343785097932251,,,
ROBOT_RELOC,,5,11,7,,3.693986350264475,,,
ROBOT_RELOC,,5,11,8,,2.523807362542249,,,
ROBOT_RELOC,,5,11,9,,2.9777184852540204,,,
ROBOT_RELOC,,5,11,10,,2.6680332380010774,,,
ROBOT_RELOC,,5,11,11,,0.0,,,
INITIAL_WORKER,,0,4,,,,,,
INITIAL_WORKER,,1,6,,,,,,
INITIAL_WORKER,,2,2,,,,,,
INITIAL_WORKER,,3,7,,,,,,
INITIAL_WORKER,,4,5,,,,,,
INITIAL_WORKER,,5,0,,,,,,
INITIAL_WORKER,,6,1,,,,,,
INITIAL_WORKER,,7,10,,,,,,
INITIAL_ROBOT,,0,2,,,,,,
INITIAL_ROBOT,,1,-1,,,,,,
INITIAL_ROBOT,,2,8,,,,,,
INITIAL_ROBOT,,3,1,,,,,,
INITIAL_ROBOT,,4,11,,,,,,
INITIAL_ROBOT,,5,3,,,,,,
ORDER,,0,1,4,,0.0,113.67320496224447,,
ORDER,,1,4,1,,9.714700762779042,141.38225347597864,,
ORDER,,2,3,2,,14.661765090966178,199.57580852473484,,
ORDER,,3,0,4,,34.75923817505263,157.10837362649653,,
ORDER,,4,5,1,,36.083516164399,162.4999768306159,,
ORDER,,5,0,1,,39.12745971135452,173.6353599076195,,
ORDER,,6,1,1,,61.973460583556474,174.62471363179154,,
ORDER,,7,4,1,,67.40685558763933,213.7376342576269,,
ORDER,,8,3,1,,71.468257529807,269.73757766141983,,
ORDER,,9,1,1,,100.47326601461924,216.77205290698237,,
ORDER,,10,2,4,,126.49039187387204,277.6761236429103,,
ORDER,,11,2,1,,130.4496094932547,288.9679482165477,,
ORDER,,12,1,1,,133.7470174986927,235.04353189244267,,
ORDER,,13,3,1,,135.25197870862712,315.5661641539025,,
ORDER,,14,2,2,,136.28448082389556,303.87817200089586,,
ORDER,,15,0,1,,142.15550386457846,264.6541312524927,,
ORDER,,16,5,1,,157.73454896315556,270.8828764126278,,
ORDER,,17,4,4,,163.3372735596642,296.26573137572586,,
ORDER,,18,1,1,,166.4509752686694,276.6367984001412,,
ORDER,,19,5,1,,170.5433455855951,304.362068146419,,
ORDER,,20,0,4,,170.8986313557287,288.8787122947025,,
ORDER,,21,1,1,,171.41129109328227,270.94644550401574,,
ORDER,,22,2,1,,191.4524621214974,342.3270255618552,,
ORDER,,23,5,1,,200.42609589313935,336.128525346008,,
ORDER,,24,1,2,,200.57762490066784,317.1493057508333,,
ORDER,,25,5,1,,225.5934819352379,353.1662787169387,,
ORDER,,26,4,1,,238.5627621031854,368.09839010966243,,
ORDER,,27,1,1,,255.35123340031535,364.34820425944633,,
ORDER,,28,5,1,,277.05981087327416,411.9125236432375,,
ORDER,,29,1,1,,295.31189642764264,404.9995325308905,,
ORDER,,30,0,2,,300.3250304178456,420.95477558874086,,
ORDER,,31,4,2,,301.95290586825973,431.55959462593586,,
ORDER,,32,3,1,,324.36085534959005,527.9030177734548,,
ORDER,,33,5,1,,328.19187828571137,465.9524806427676,,
ORDER,,34,1,2,,330.8796252789463,441.74393240457556,,
ORDER,,35,4,1,,335.72311576277036,483.8852366958717,,
ORDER,,36,2,1,,341.63329362983376,506.74956432312723,,
ORDER,,37,3,1,,353.558455300143,535.2566629833908,,
ORDER,,38,2,1,,355.3015575596705,511.43931970948995,,
ORDER,,39,1,1,,357.4240737829551,466.7710124705133,,
ORDER,,40,1,4,,358.18471914142384,462.1458524023611,,
ORDER,,41,1,4,,358.9257619221873,463.32090506927386,,
ORDER,,42,1,4,,367.6301319180328,471.3851197332677,,
ORDER,,43,1,4,,367.67237019839285,466.3257553150341,,
ORDER,,44,1,4,,371.17362594980455,482.41174687610294,,
ORDER,,45,1,4,,390.98880451579754,493.91729718989586,,
ORDER,,46,1,4,,391.98585882362426,487.9258323126828,,
ORDER,,47,1,4,,393.324124569262,489.93130828187924,,
ORDER,,48,1,4,,395.7834576106511,511.6232041608319,,
ORDER,,49,5,1,,411.2790602627658,525.2286068949825,,
ORDER,,50,3,2,,411.3452143990925,613.9488561501134,,
ORDER,,51,0,1,,412.32057810648126,545.0951961615117,,
ORDER,,52,0,1,,412.50258735133303,548.1486973704519,,
ORDER,,53,1,1,,416.6217556624131,518.7780675602846,,
ORDER,,54,3,2,,442.47472889864054,643.8746637688096,,
ORDER,,55,3,1,,457.0922513703148,626.7605850127452,,
ORDER,,56,5,2,,473.82840804612266,602.9289645964857,,
ORDER,,57,3,2,,480.2341290150063,667.1602665601025,,
ORDER,,58,5,2,,482.16159485241684,617.2730136595214,,
ORDER,,59,5,4,,483.049541481753,611.6686389858648,,
ORDER,,60,2,4,,485.54266665126136,646.4248980081296,,
ORDER,,61,1,1,,491.15773964191004,607.9134974250743,,
ORDER,,62,0,1,,492.74660492420867,618.5994245629713,,
ORDER,,63,5,1,,498.60843610517423,636.2937120906591,,
ORDER,,64,1,1,,510.1486513803892,607.5020843792678,,
ORDER,,65,4,1,,523.755318193377,659.4532923435123,,
ORDER,,66,1,1,,536.9490924097606,650.4603740467253,,
ORDER,,67,4,4,,537.0789412467927,666.09393280963,,
ORDER,,68,5,1,,541.9298143694134,667.0276634423411,,
ORDER,,69,2,1,,547.6000782158952,708.9459754667948,,
ORDER,,70,4,1,,555.5872868444704,701.0038800213497,,
ORDER,,71,5,1,,559.2775783904723,691.1714441470672,,
ORDER,,72,4,1,,561.7822136912706,700.85507446361,,
ORDER,,73,1,1,,562.0830638074539,671.8866018576073,,
ORDER,,74,3,1,,568.4328097530345,757.4430636908123,,
ORDER,,75,2,1,,584.2072224295466,727.6668086910445,,
ORDER,,76,0,1,,584.610793489779,717.051744967625,,
ORDER,,77,5,2,,584.8073731347398,701.9848105475473,,
ORDER,,78,4,1,,598.1819103162109,740.342026986066,,
ORDER,,79,3,2,,613.4240020843608,818.5981290650657,,
ORDER,,80,4,1,,622.0684877911607,756.8481006351426,,
ORDER,,81,1,4,,625.0996066928063,738.7462515298139,,
ORDER,,82,0,4,,628.7739882581109,759.2417623279699,,
ORDER,,83,4,2,,629.4077391858165,775.8675562869901,,
ORDER,,84,4,1,,630.7803301780447,757.0400904716162,,
ORDER,,85,4,4,,630.8076169576761,752.9307772817318,,
ORDER,,86,0,1,,632.9183504673771,746.5260015327373,,
ORDER,,87,4,1,,634.6586051521125,784.8634937344148,,
ORDER,,88,4,2,,647.0312206496259,789.7132464432592,,
ORDER,,89,0,1,,665.910433059041,794.61980980369,,
